hotel_id,hotel_name,hotel_address,region
71897952,Nha Nghi Nhung - Nhung Motel,"73 Đoàn Thị Điểm Bà Rịa, Việt Nam",Bà Rịa
49685029,Nhà nghỉ Ruby Bà Rịa (Ruby Motel Bà Rịa),"Ba Ria City, Long Huong Phường, Việt Nam",Bà Rịa
65481766,Baly Hotel Bà Rịa City (Baly Hotel Ba Ria City),"QL51, Việt Nam",Bà Rịa
5808626,Citadines Central Bình Dương (Citadines Central Binh Duong),"328C, Phường Hưng Định, Thành phố Thuận An, Bình Dương, Việt Nam",Bình Dương
10613675,KHÁCH SẠN DIAMOND (DIAMOND HOTEL),"153 Hoang Van Thu Đường, Bình Dương, Việt Nam",Bình Dương
78191120,Khách sạn FELIZ – Executive Stay (FELIZ Hotel – Executive Stay),"80 Đường D8, Bình Dương, Việt Nam",Bình Dương
67742118,Khách sạn Khang Điền (Khang Đien Hotel),"An Dương Vương, Bình Dương, Việt Nam",Bình Dương
37848723,Khách sạn Hoa Cúc Phương (Hoa Cúc Phương Hotel),"Hoa Cúc Phương - 72C, Bình Dương, Việt Nam",Bình Dương
39821588,HIIVE by fusion Bình Dương - VSIP 1 (HIIVE by fusion Binh Duong - VSIP 1),"10B đại lộ Hữu Nghị, Phường Bình H a, Bình Dương, Việt Nam",Bình Dương
64540148,Khách sạn TC Thành phố Mới Bình Dương (TC Hotel Binh Duong New City),"Số 68 Đường Lê Duẩn, Bình Dương, Việt Nam",Bình Dương
479494,The Mira Hotel,"555B, Thành phố Thủ Dầu Một, Bình Dương, Việt Nam",Bình Dương
39830693,Căn hộ The Emerald Golf View (The Emerald Golf View Apartment),"Lái Thiêu, Thuận An, Bình Dương, Việt Nam",Bình Dương
5396372,The Mira Boutique Hotel,"318A Binh Đường Boulevard, Bình Dương, Việt Nam",Bình Dương
25559635,Fairfield by Marriott Nam Bình Dương (Fairfield by Marriott South Binh Duong),"No. 5 Huu Nghi Đại lộ, Binh Hoa Phường, Bình Dương, Việt Nam",Bình Dương
80191425,Nhà nghỉ cao cấp NP (Np Luxury Motel),"Đường Thuận Giao 16, Bình Dương, Việt Nam",Bình Dương
1202485,Khách sạn Becamex New City (Becamex Hotel New City),"số B2, Bình Dương, Việt Nam",Bình Dương
66152104,Khách sạn An Lộc (An Lộc Hotel),"40 Đường D3, Bình Dương, Việt Nam",Bình Dương
51816388,HIIVE by fusion Thành phố Mới Bình Dương - VSIP 2 (HIIVE by fusion Binh Duong New City - VSIP 2),"32A7 Đường Tạo Lực 5, Bình Dương, Việt Nam",Bình Dương
67419926,Căn hộ dịch vụ ORA - Thành phố mới Bình Dương (ORA Serviced Apartments - Binh Duong New City),"20 Đường DA7, Bình Dương, Việt Nam",Bình Dương
561997,Khách Sạn Long Bảo Châu (Long Bao Chau Hotel),"Đường D10, Phường Chánh Nghĩa, Bình Dương, Việt Nam",Bình Dương
61697133,Happy One Central,"30/4 Đường, Phu Hoa Phường, Bình Dương, Việt Nam",Bình Dương
7520557,Nữ Hoàng (Elizabeth),"17/41 Trần Văn Ơn Thủ Dầu Một, Bình Dương, Việt Nam",Bình Dương
38746777,Amanda Boutique - Căn hộ dịch vụ & Khách sạn Bình Dương (Amanda Boutique - Serviced Apartment & Hotel Binh Duong),"38 Đường D4, Bình Dương, Việt Nam",Bình Dương
527777,Becamex Hotel Thu Dau Mot,"Becamex Hotel, Phường Phú Lợi, Bình Dương, Việt Nam",Bình Dương
22807385,Hồ Tây Hotel (Ho Tay Hotel),"132 Đường Hoàng Văn Thụ, Bình Dương, Việt Nam",Bình Dương
27753977,Khách sạn Khải Hoàn (Khai Hoan Hotel),"Bến Cát, Bình Dương, Việt Nam",Bình Dương
41243100,Khách sạn Hoàng Minh Châu Mỹ Phước 3 (Hotel Hoang Minh Chau My Phuoc 3),"39 NE8 Đường, Thoi Hoa Phường, Bình Dương, Việt Nam",Bình Dương
6592834,Spring Hotel,"23D N2 Đường, Lai Thieu Phường, Bình Dương, Việt Nam",Bình Dương
45902478,Khách sạn Dạ Lan (Khach san Da Lan),"46 Dĩ An, Bình Dương, Việt Nam",Bình Dương
2513138,Hung Phuoc Hotel,"43-44-45 D1 Đường, Bình Dương, Việt Nam",Bình Dương
47144675,Nhà nghỉ VENUS 6 (Nhà Nghỉ VENUS 6(VENUS 6 Hotel)),"116 Tran Phu Đường, Bình Dương, Việt Nam",Bình Dương
48051693,Thủy Quỳnh hotel (Thuy Quynh hotel),"Đường Tỉnh 744, Bình Dương, Việt Nam",Bình Dương
78472374,Khách sạn Summer (SUMMER HOTEL),"96a Lê Hồng Phong Tân Đông Hiệp, Bình Dương, Việt Nam",Bình Dương
32790491,Căn hộ cao cấp Bcons Garden (Bcons Garden Luxury Apartment),"25A Phạm Hữu Lầu Dĩ An Bcons Garden, Bình Dương, Việt Nam",Bình Dương
21585838,Khách sạn Hoàng Hùng (Hoang Hung Hotel),"7/79 Number 10 Đường, Bình Dương, Việt Nam",Bình Dương
44688885,Nhà Nghỉ Tuyết Minh (Nha Nghi Tuyet Minh),"8 NA3 Bến Cát, Bình Dương, Việt Nam",Bình Dương
41771557,Mia Hotel (Feliz Hotel Binh Duong),"80 Đường D8, Bình Dương, Việt Nam",Bình Dương
67746367,Khách sạn Khang Điền 2,"445 Đường Nguyễn Văn Trỗi, Bình Dương, Việt Nam",Bình Dương
30507403,Vạn Huệ Homestay Bình Dương (Van Hue Homestay Binh Duong),"5/12C Đường Bùi Hữu Nghĩa, Bình Dương, Việt Nam",Bình Dương
72814400,Khách sạn LyLy 3 (Khach san LyLy 3),"58 Đường NA1, Bình Dương, Việt Nam",Bình Dương
78189963,Khách sạn Thọ Lập 3 Feliz (Thọ Lập 3 Feliz 寿立商旅酒店),"Đường D32, Bình Dương, Việt Nam",Bình Dương
55477674,Khách sạn Minh Thư (Minh Thư Hotel),"Đường DA 7, Bình Dương, Việt Nam",Bình Dương
5780603,Khách sạn Trần Long Bình Dương (TRAN LONG BINH DUONG),"06-07 UNITOWN, Bình Dương, Việt Nam",Bình Dương
25134310,Anhkhoa hotel Mỹ Phước (Anhkhoa hotel My Phuoc),"KP3 Đường DA01-01-KCN Mỹ Phước, Phường Mỹ Phước, Bình Dương, Việt Nam",Bình Dương
517570,Kim Bang Binh Duong Hotel,"22 Đường Trần Phú, Phường Chánh Nghĩa, Bình Dương, Việt Nam",Bình Dương
51973678,Khách sạn CitiGo (CitiGo HOTEL),"Đường 13, Bình Dương, Việt Nam",Bình Dương
36627918,Khách sạn Băng Boutique (BĂNG BOUTIQUE HOTEL),"29 Tran Phu Đường, Bình Dương, Việt Nam",Bình Dương
45049879,Khách sạn Thanh Tùng A2 (Hotel Thanh Tùng A2),"176 GS3 Đông Hoà  Dĩ An, Bình Dương, Việt Nam",Bình Dương
42822207,Happy 2 Hotel Bình Dương (Happy 2 Hotel Binh Duong),"79 Đường NK9, Bình Dương, Việt Nam",Bình Dương
62514499,Khách sạn Thanh Hằng (Thanh Hang Hotel),"N6 5A, Bình Dương, Việt Nam",Bình Dương
60535333,Khách sạn Phi Long 2 Thủ Dầu Một (Phi Long 2 Hotel Thu Dau Mot ),"No. 15/12, Phu Tho Phường, Bình Dương, Việt Nam",Bình Dương
4210278,Hoang Phuc Hotel,"Vo Van Kiet, Bình Dương, Việt Nam",Bình Dương
74448281,KHÁCH SẠN MlLAN (KHACH SAN MlLAN),"Dĩ An, Bình Dương, Việt Nam",Bình Dương
75561452,"Căn hộ 45 m² 1 phòng ngủ, 1 phòng tắm riêng ở Bến Cát (Dori House Honas)","Số 32 34, Phường Bình Thắng, Thành phố Dĩ An, Bình Dương, Việt Nam",Bình Dương
47676608,Khách sạn Lucky Life (Lucky life hotel ),"D5A, Phường Thới hòa, Bình Dương, Việt Nam",Bình Dương
66736330,Khách sạn Phương Anh (Phương Anh Hotel),"ĐT743, Bình Dương, Việt Nam",Bình Dương
37968433,Khách sạn Thịnh Gia (Thịnh Gia Hotel),"Lo o95-96A, Việt Nam",Bình Dương
37718196,Khách sạn Marina Bình Dương (Marina Hotel Bình Dương),"150 Nguyễn Hữu Cảnh, Phường Phú Thọ, Thành phố Thủ Dầu Một, Bình Dương, Việt Nam",Bình Dương
61415768,Khách Sạn Đức Toàn (Khach San Đuc Toan),"2/B2 Bình Hoà 24 Thuận An, Phường Bình Hòa, Bình Dương, Việt Nam",Bình Dương
65492084,Khách sạn Căn hộ dịch vụ Ruby Thủ Dầu Một,"137 Đường D, Phường Chánh Nghĩa, Bình Dương, Việt Nam",Bình Dương
50419039,Căn hộ cao cấp The Emerald Golf View (The Emerald Golf View Luxury Apartment),"No. 68 Binh Đường Đại lộ, Việt Nam",Bình Dương
1590651,Bideco Hotel,"131 Tran Phu Thủ Dầu Một, Chanh Nghia Phường, Bình Dương, Việt Nam",Bình Dương
21724717,Nữ Hoàng (Elizabeth),"17/41 Trần Văn Ơn Thủ Dầu Một, Bình Dương, Việt Nam",Bình Dương
773934,khách sạn Âu Lạc (Au Lac Hotel),"Đường DA 1-2, Bình Dương, Việt Nam",Bình Dương
666001,Nhà hàng khách sạn Phạm Vân Sakura (Japanese Restaurant and Hotel Sakura),"Phường Thuận Giao, Thuận An, Bình Dương, Việt Nam",Bình Dương
55771087,Khách sạn Minh Phương Thủ Dầu Một (Minh Phương - Khách sạn Thủ Dầu Một Bình Dương),"24 Đường D4, Bình Dương, Việt Nam",Bình Dương
76607961,Khách sạn và Căn hộ Hoàng Dũng by THC Group (Hoang Dung Hotel and Apartment by THC Group),"1a Đường Bình Hòa 24, Bình Dương, Việt Nam",Bình Dương
34174204,Ruby Hotel - Tân Uyên - Bình Dương (Ruby Hotel - Tan Uyen - Binh Duong),"Đường 1, Phường Hội Nghĩa, Bình Dương, Việt Nam",Bình Dương
263318,Thien Ha Hotel,"Số 58 Đường D9, Bình Dương, Việt Nam",Bình Dương
666016,Hoang Yen Hotel Thu Dau Mot,"12/66 Nguyễn Chí Thanh Ấp 6, Xã Tương Bình Hiệp, Bình Dương, Việt Nam",Bình Dương
69330436,"Căn hộ 50 m² 1 phòng ngủ, 1 phòng tắm riêng ở Dĩ An (Luxurry Apartment Charm City)","115 DT743B P Dĩ An, Bình Dương, Việt Nam",Bình Dương
78220176,Khách sạn Tân Quý Đô (Tân Quý Đô Hotel),"556 L Th i Tổ Ho Ph, Bình Dương, Việt Nam",Bình Dương
55272061,Nhà nghỉ nam phương (Nha nghi nam phuong),"Phú Thọ, Bình Dương, Việt Nam",Bình Dương
79995184,HongHome Compass One (HongHome Compass One ),"239 Hoang Van Thu Compass One Building, Bình Dương, Việt Nam",Bình Dương
38783514,Khách sạn Khánh Bình (KHÁCH SẠN KHÁNH BÌNH),"Đường Tỉnh 741, Bình Dương, Việt Nam",Bình Dương
24251710,Khách sạn Sao Băng (Sao Bang Hotel),"62 Đường D8, Thành phố Thủ Dầu Một, Bình Dương, Việt Nam",Bình Dương
64962558,Khách sạn Hoàng Gia (Hoang Gia Hotel),"16 TC1 Thới Hoà, Bình Dương, Việt Nam",Bình Dương
984374,Cuc Phuong Hotel,"Số 28 Đường GS2, Bình Dương, Việt Nam",Bình Dương
76068359,hotel Hương Thiên Phú (hotel Huong Thien Phu),"Dĩ An, Bình Dương, Việt Nam",Bình Dương
64277532,Khách sạn Bảo Trân 2 (Khach san Bao Tran 2),"D19, Bình Dương, Việt Nam",Bình Dương
77725743,Nhà Nghỉ Hoa Đào (Nhà Nghỉ Hoa Đào ),"61/7 Đường D1, Phường Thuận Giao, Thành phố Thuận An, Bình Dương, Việt Nam",Bình Dương
74337724,Charm Apartment,"Dĩ An, Bình Dương, Việt Nam",Bình Dương
68398360,"Chung cư Midori Park The Glory ưu đãi giá theo tuần , tháng (Chung cu Midori Park The Glory uu đai gia theo tuan , thang)","4 Đường Hùng Vương, Bình Dương, Việt Nam",Bình Dương
12274398,S79 Residences,"Thu Dau Mot, Bình Dương, Việt Nam",Bình Dương
35427007,Nhà nghỉ Thảo Ngân (Nhà Nghỉ Thảo Ngân ),"79 Đường Lào Cai, Bình Dương, Việt Nam",Bình Dương
65453377,Khách sạn Hoàng Triều (皇朝商务会所) (KHÁCH SẠN HOÀNG TRIỀU(皇朝商务会所)Tp.Mới-Bình Dương),"304 Đồng Khởi Phú Mỹ, Bình Dương, Việt Nam",Bình Dương
59318539,Khách sạn Hưng Phát (Hotel Hưng Phát),"Binh Hoa 1 Neighborhood, Bình Dương, Việt Nam",Bình Dương
45418566,hotel mỹ việt (hotel my viet),"36 Nguyễn An Ninh Dĩ An, Bình Dương, Việt Nam",Bình Dương
2496850,Lavender Hotel,"D5 Đường, Chanh Nghia Phường, Bình Dương, Việt Nam",Bình Dương
42295839,Happy 1 Hotel Binh Duong,"Đường NA2, Bình Dương, Việt Nam",Bình Dương
75848060,Hoàng Nam 2 Hotel Bình Dương (Hoang Nam 2 Hotel Binh Duong),"42/2 Đường Bình Chuẩn 66, Bình Dương, Việt Nam",Bình Dương
79077760,Hoàng Lâm Hotel (Hoang Lam Hotel),"14E Đường Lê Hoàn, Bình Dương, Việt Nam",Bình Dương
78328191,Ruby Home,"137 Đường D, Bình Dương, Việt Nam",Bình Dương
75619509,The Emerald Golf View,"Thuận An, Bình Dương, Việt Nam",Bình Dương
54619271,Nhà Nghỉ Hương Giang (Nha Nghi Huong Giang),"289 Đường Trương Định, Thủ Dầu Một, Bình Dương, Việt Nam",Bình Dương
71661182,"Căn hộ 70 m² 2 phòng ngủ, 2 phòng tắm riêng ở Hòa Phú (Midori Park The Glory apartment (19th Floor))","Hòa Phú, Bình Dương, Việt Nam",Bình Dương
69127176,Maison Mia Hotel & Apartment,"Maison Mia  Hòa Phú, Bình Dương, Việt Nam",Bình Dương
42180899,Khách Sạn Khánh Bình - Bình Dương (Khach San Khanh Binh - Binh Duong),"Đường Khánh Bình 28, Phường Khánh Bình, Thành phố Tân Uyên, Bình Dương, Việt Nam",Bình Dương
39830558,"Căn hộ 80 m² 3 phòng ngủ, 2 phòng tắm riêng ở Dĩ An (Charm House2 - Floor29)","Dĩ An, Bình Dương, Việt Nam",Bình Dương
76381694,"Căn hộ m² 1 phòng ngủ, 1 phòng tắm riêng ở Thuận An (Emerald golf view appartment )","Thuận An, Bình Dương, Việt Nam",Bình Dương
47272876,"Nhà riêng 100 m² 2 phòng ngủ, 3 phòng tắm riêng ở Bến Cát (Căn hộ dịch vụ Minh Yến)","Bến Cát, Bình Dương, Việt Nam",Bình Dương
79228704,New Lavida,"New Lavida, Phường Dĩ An, Bình Dương, Việt Nam",Bình Dương
42072846,Khách sạn Marina Bình Dương (MarinaHotelBinhDuong),"150 Nguyen Huu Canh Thu Dau Mot, Phu Tho Phường, Bình Dương, Việt Nam",Bình Dương
1423429,Khách sạn New (New Hotel),"86 Trần Bình Trọng Thủ Dầu Một, Thành phố Thủ Dầu Một, Bình Dương, Việt Nam",Bình Dương
37329771,"Căn hộ 70 m² 2 phòng ngủ, 2 phòng tắm riêng ở Dĩ An (BIG PROMO Luxyry 2 bedroom Charm City Appartment)","Dĩ An, Bình Dương, Việt Nam",Bình Dương
79134594,Khách sạn Bcons City (Bcons City Hotel),"Đường Thống Nhất, Bình Dương, Việt Nam",Bình Dương
65482029,Khách sạn Phương Đông 2 (Khach san Phuong Đong 2),"195 An Phú 10 Thuận An, Bình Dương, Việt Nam",Bình Dương
78120100,Công Ty TNHH SẢN XUẤT & THƯƠNG MẠI PHÚC ĐẠT (Cong Ty TNHH SAN XUAT & THUONG MAI PHUC ĐAT),"Khách Sạn Phúc Đạt Hòa Phú, Bình Dương, Việt Nam",Bình Dương
9846724,"Chung cư 32 m² 1 phòng ngủ, 1 phòng tắm riêng ở Thuận An (MODERN 1BR APT IN VIET-SING TOWN)","Thuận An, Bình Dương, Việt Nam",Bình Dương
45094383,"Căn hộ 80 m² 2 phòng ngủ, 2 phòng tắm riêng ở Thủ Dầu Một (Căn hộ 2 ngủ View Sài Gòn)","Thủ Dầu Một, Bình Dương, Việt Nam",Bình Dương
78120912,Công Ty TNHH SẢN XUẤT & THƯƠNG MẠI PHÚC ĐẠT (Cong Ty TNHH SAN XUAT & THUONG MAI PHUC ĐAT),"Khách Sạn Phúc Đạt Hòa Phú, Bình Dương, Việt Nam",Bình Dương
55769765,"Căn hộ 100 m² 1 phòng ngủ, 1 phòng tắm riêng ở Thuận An (English, Vietnam, Chinese )","Dĩ An, Bình Dương, Việt Nam",Bình Dương
47373560,"Nhà riêng 100 m² 2 phòng ngủ, 2 phòng tắm riêng ở Bến Cát (Căn hộ Minh Yến- Căn 2 phòng ngủ.)","Bến Cát, Bình Dương, Việt Nam",Bình Dương
64045412,ELLMAN Boutique Hotel,"WPVC 9VW, Bình Dương, Việt Nam",Bình Dương
63143382,"Căn hộ 22 m² 1 phòng ngủ, 1 phòng tắm riêng ở Thuận An (Nhà Nghỉ Bảo Trân)","Thuận An, Bình Dương, Việt Nam",Bình Dương
64246545,"Căn hộ 49 m² 1 phòng ngủ, 1 phòng tắm riêng ở Dĩ An (Happy House Apartment in Charm City, Di An, BD)","Dĩ An, Bình Dương, Việt Nam",Bình Dương
66727643,Chung cư sunrise Becamex (Chung cu sunrise Becamex),"Thủ Dầu Một, Bình Dương, Việt Nam",Bình Dương
63143718,"Căn hộ 22 m² 1 phòng ngủ, 1 phòng tắm riêng ở Thuận An (Nhà nghỉ Bảo Trân )","Thuận An, Bình Dương, Việt Nam",Bình Dương
78671366,Hotel Gia Bình (Hotel Gia Binh),"Đường Hùng Vương, Bình Dương, Việt Nam",Bình Dương
34732752,"Căn hộ 55 m² 2 phòng ngủ, 1 phòng tắm riêng ở Thuận An (Căn Hộ Cao Cấp 2 PN Tại Dĩ An (Q1, Sân Bay, 15KM))","Thuận An, Bình Dương, Việt Nam",Bình Dương
63143738,"Căn hộ 22 m² 1 phòng ngủ, 1 phòng tắm riêng ở Thuận An (Nhà nghỉ Bảo Trân)","Thuận An, Bình Dương, Việt Nam",Bình Dương
39581491,Vietnamese-German University Guest Housing,"Bến Cát, Bình Dương, Việt Nam",Bình Dương
74586303,"Căn hộ 51 m² 1 phòng ngủ, 1 phòng tắm riêng ở Thuận An (-33% The Emerald Golf View Thuận An)","Thuận An, Bình Dương, Việt Nam",Bình Dương
36122072,"Căn hộ 70 m² 2 phòng ngủ, 2 phòng tắm riêng ở Dĩ An (Tòa nhà Charm Plaza)","Dĩ An, Bình Dương, Việt Nam",Bình Dương
80531404,Khách sạn Dìn Ký Cầu Ngang Bình Dương (Khách Sạn Dìn Ký Cầu Ngang Bình Dương),"94 Binh Nham 02 Đường, Binh Nham Phường, Bình Dương, Việt Nam",Bình Dương
35745040,"Căn hộ 50 m² 1 phòng ngủ, 1 phòng tắm riêng ở Dĩ An (Căn Hộ Homstay 2PN - 5 Sao tại Vincom, Dĩ An. )","Dĩ An, Bình Dương, Việt Nam",Bình Dương
79830931,Khách sạn Bình Cơ (Bình Cơ Hotel),"Số 902 Đường Hội Nghĩa 83, Phường Hội Nghĩa, Bình Dương, Việt Nam",Bình Dương
79383320,Platinum,"Đường KK 3, Bình Dương, Việt Nam",Bình Dương
60842508,"Nhà riêng m² 12 phòng ngủ, 12 phòng tắm riêng ở Thuận An (Nhà Nghỉ Ngọc Phạm)","Thuận An, Bình Dương, Việt Nam",Bình Dương
21952476,Kỳ Phú (Ky Phu),"89C/1 Town 1A Thuận An, An Phu Phường, Bình Dương, Việt Nam",Bình Dương
59561670,"Căn hộ m² 2 phòng ngủ, 2 phòng tắm riêng ở Thủ Dầu Một (C-Sky View Apartment - 2Brs - Swimming Pool - Gym)","Thủ Dầu Một, Bình Dương, Việt Nam",Bình Dương
64038795,Hotel Truong Giang,"NE8 Đường, Bình Dương, Việt Nam",Bình Dương
28723451,"Biệt thự 1200 m² 4 phòng ngủ, 5 phòng tắm riêng ở Vinh Phú (Four Bedrooms Riverside Villa with Sunset & Pool)","D88B, Bình Dương, Việt Nam",Bình Dương
78040243,"Nhà riêng m² 1 phòng ngủ, 1 phòng tắm riêng ở Xóm Bưng Đìa (Sora Gardens1 1 bedroom 63m2)","Lô C18 Đường Hùng Vương, Bình Dương, Việt Nam",Bình Dương
69127449,Khách Sạn Hoa Anh Đào (Khach San Hoa Anh Đao),"1231/15 Tỉnh lộ 43 1231/15 Thuận An, Bình Dương, Việt Nam",Bình Dương
17012626,"Căn hộ 75 m² 2 phòng ngủ, 2 phòng tắm riêng ở Hòa Phú (Nha da ban roi. Khong cho thue nua. Not for rent)","Hòa Phú, Bình Dương, Việt Nam",Bình Dương
51664475,"Căn hộ 100 m² 1 phòng ngủ, 1 phòng tắm riêng ở Vinh Phú (the emerad gofl view)","Thuận An, Bình Dương, Việt Nam",Bình Dương
39830475,"Căn hộ 96 m² 1 phòng ngủ, 3 phòng tắm riêng ở Dĩ An (Charm House4 - 3bedroom, Floor25)","Dĩ An, Bình Dương, Việt Nam",Bình Dương
79940602,Rustic Homestay Bình Dương (Rustic Homestay Binh Duong),"Bình Dương, Việt Nam",Bình Dương
68549055,"Căn hộ m² 1 phòng ngủ, 1 phòng tắm riêng ở Bến Cát (Hiến )","Bến Cát, Bình Dương, Việt Nam",Bình Dương
34732346,"Căn hộ 50 m² 1 phòng ngủ, 1 phòng tắm riêng ở Dĩ An (Căn Hộ Cao Cấp 50M2 Khu VinCom Dĩ An (Chamcity))","Dĩ An, Bình Dương, Việt Nam",Bình Dương
35228829,"Căn hộ 55 m² 1 phòng ngủ, 1 phòng tắm riêng ở Dĩ An (Lovely Luxury Apartment 5)","Dĩ An, Bình Dương, Việt Nam",Bình Dương
55410691,The Emerald Golf View,"The Emerald Golf View, Bình Dương, Việt Nam",Bình Dương
63185997,"Căn hộ 30 m² 1 phòng ngủ, 1 phòng tắm riêng ở Thuận An (Khách Sạn Bảo Trân)","Thuận An, Bình Dương, Việt Nam",Bình Dương
63326539,"Căn hộ 30 m² 1 phòng ngủ, 1 phòng tắm riêng ở Thuận An (Khách Sạn Bảo Trân)","Thuận An, Bình Dương, Việt Nam",Bình Dương
23139683,"Nhà riêng 100 m² 2 phòng ngủ, 2 phòng tắm riêng ở Di An (Phong cho thue Di an)","Dĩ An, Bình Dương, Việt Nam",Bình Dương
44335172,"Nhà riêng 80 m² 2 phòng ngủ, 2 phòng tắm riêng ở Thủ Dầu Một (Apartment with Saigon river view)","Thủ Dầu Một, Bình Dương, Việt Nam",Bình Dương
63143430,"Căn hộ m² 1 phòng ngủ, 1 phòng tắm riêng ở Thuận An (hotell Bảo Trân)","Thuận An, Bình Dương, Việt Nam",Bình Dương
27847541,Khu căn hộ S79 Panorama (S79 Residences Panorama),"Phường Chánh Nghĩa, Thành phố Thủ Dầu Một, Bình Dương, Việt Nam",Bình Dương
68419347,"Căn hộ 50 m² 1 phòng ngủ, 1 phòng tắm riêng ở Thủ Dầu Một (Căn hộ Bình Dương-Happy One Central Appartment)","Thủ Dầu Một, Bình Dương, Việt Nam",Bình Dương
77622427,Khách sạn COMMON INN Thủ Dầu Một (COMMON INN Thu Dau Mot),"171 Đường Ho ng Văn Thụ, Bình Dương, Việt Nam",Bình Dương
54619094,Hoa Cúc Phương Hotel Dĩ An - Bình Dương,"72C   dong Hoa Di An, Việt Nam",Bình Dương
78757156,Căn hộ nghỉ dưỡng Dĩ An (Can ho nghi duong Di An),"Dĩ An, Bình Dương, Việt Nam",Bình Dương
36927340,"Căn hộ 70 m² 2 phòng ngủ, 2 phòng tắm riêng ở Dĩ An (Khu phức hợp Charm City, căn hộ cao cấp nhất Dĩ An)","Dĩ An, Bình Dương, Việt Nam",Bình Dương
28853368,Khách sạn Thành Đạt (Thanh Dat Hotel),"3 CN Đường, An Phu Phường, Bình Dương, Việt Nam",Bình Dương
55323509,"Nhà riêng 100 m² 3 phòng ngủ, 4 phòng tắm riêng ở Thuận An (Tropical House Bình Dương)","Thuận An, Bình Dương, Việt Nam",Bình Dương
67378274,Ellman Hotel - 艾尔曼酒店,"Đường NA4, Bình Dương, Việt Nam",Bình Dương
31728060,Charm City Apartment Di An Binh Duong,"Dĩ An, Bình Dương, Việt Nam",Bình Dương
60156281,"Căn hộ 60 m² 2 phòng ngủ, 2 phòng tắm riêng ở Thuận An (Trung tâm Tp Thuận An, cách quận 1 (HCM) chỉ 30ph )","Thuận An, Bình Dương, Việt Nam",Bình Dương
34164435,"Căn hộ 55 m² 2 phòng ngủ, 1 phòng tắm riêng ở Dĩ An (Căn Hộ Home Stay 5 Sao (Reosort) Dĩ An - 3KM TPHCM)","Dĩ An, Bình Dương, Việt Nam",Bình Dương
61349581,"Nhà riêng 64 m² 1 phòng ngủ, 1 phòng tắm riêng ở Bình Long (Snow Trinh Homestay)","Thị x Chơn Thành, Tổ 12  Phường Minh Hưng, Việt Nam",Bình Phước
68166059,Hoang Hung Hotel,"Ap 3B Quoc lo 13, Việt Nam",Bình Phước
48728667,Khách sạn Tân Hạnh (KHACH SAN TAN HANH),"179 Đường Nguyễn Tất Thành, Phường Long Phước, Việt Nam",Bình Phước
32608064,Khách sạn Binh Long (Binh Long Hotel),"207 Trần Hưng Đạo Tỉnh Bình Phước, Phường Phú Đức, Việt Nam",Bình Phước
79972415,Ladona Farmstay,"Ladona Farmstay, Việt Nam",Bình Phước
64896649,Nhà Nghỉ Đồng Xoài Đoàn Gia,"1330/12/14 Phú Riềng Đỏ Tân Đồng, Việt Nam",Bình Phước
51515389,Nhà nghỉ Quốc Khánh (Nha nghi Quoc Khanh),"198 Quốc lộ 14, Việt Nam",Bình Phước
23166496,"Căn hộ 20 m² 1 phòng ngủ, 1 phòng tắm riêng ở Đồng Xoài (Hùng Oanh Hotel - Room with Double Bed)","Đồng Xoài, Việt Nam",Bình Phước
59439521,Nhà Nghỉ Bảo Ngọc,"329 Lê Quý Đôn Tân Xuân, Việt Nam",Bình Phước
37038854,Nhà Ông Chú (Nha Ong Chu),"Lê Trọng Tấn, Việt Nam",Bình Phước
34165157,"Căn hộ 20 m² 1 phòng ngủ, 1 phòng tắm riêng ở Đồng Xoài (Hùng Oanh Hotel - Room with 2 Double Beds)","Đồng Xoài, Việt Nam",Bình Phước
46886295,"Căn hộ 35 m² 1 phòng ngủ, 1 phòng tắm riêng ở Đồng Xoài (May House - Căn hộ dịch vụ)","Đồng Xoài, Việt Nam",Bình Phước
6748373,An Loc Hotel & Spa,"National Highway 13, Hung Chien Phường, Việt Nam",Bình Phước
73348841,Vivu24h Hồ Dầu Tiếng,"Vivu24h- Hồ Dầu Tiếng https //maps.app.goo.gl/r5qvMRNW5YDqbLbW8, Việt Nam",Bình Phước
46991867,"Căn hộ 35 m² 1 phòng ngủ, 1 phòng tắm riêng ở Đồng Xoài (May House - Căn hộ dịch vụ)","Đồng Xoài, Việt Nam",Bình Phước
59871386,Nhà Nghỉ KV (Nha Nghi KV),"Đồng Xoài, Việt Nam",Bình Phước
34309695,FLC Sea Tower Quy Nhơn Seaview Apartment,"Quy Nhơn (Bình Định), 02 Nguyen Trung Tin Quy Nhon Phường, Thành phố biển, Việt Nam",Bình Định
28201768,FLC Sea Tower - The Beach Quy Nhơn (FLC Sea Tower - The Beach Quy Nhon),"T a Nh FLC Sea Tower 44 Đường V Thị Yến, Phường Nguyễn Văn Cừ, Thành phố biển, Việt Nam",Bình Định
67703642,Khách sạn Sala Quy Nhơn Beach (Sala Quy Nhon Beach Hotel),"124 Phan Chu Trinh Quy Nhơn (Bình Định), Thành phố biển, Việt Nam",Bình Định
33801011,TMS Quy Nhơn - ROSHI Apartment Ocean View,"28 Nguyễn Huệ Tòa Nhà TMS, Thành phố biển, Việt Nam",Bình Định
22406185,FLC Quy Nhon SeaView Condotel  (FLC Quy Nhon SeaView Condotel ),"66 V  245  Thị Yến Quy Nhơn (Bình Định), Thành phố biển, Việt Nam",Bình Định
18264628,Khách sạn Fleur De Lys Quy Nhơn (Fleur De Lys Hotel Quy Nhon),"16 Nguyen Hue Đường, Le Loi Phường, Thành phố biển, Việt Nam",Bình Định
5663756,Khách sạn trung tâm Quy Nhơn (Quy Nhon center hotel),"51 Ho ng Diệu Quy Nhơn (Bình Định), Phường Quy Nhơn, Trung tâm Thành phố Quy Nhơn, Việt Nam",Bình Định
22420717,Căn hộ khách sạn FLC Quy Nhơn Beachfront (FLC Quy Nhon Beachfront Condotel),"44 V Thị Yến Quy Nhơn (Bình Định), Thành phố biển, Việt Nam",Bình Định
6910217,Nhà nghỉ Sunrise (Nha nghi Sunrise),"12 Trần Văn Ơn Quy Nhơn (Bình Định), Thành phố biển, Việt Nam",Bình Định
80556116,"m² 1 phòng ngủ, 1 phòng tắm riêng ở Thành phố biển (Homestay Dâu biển Quy Nhơn)","Quy Nhơn (Bình Định), Thành phố biển, Việt Nam",Bình Định
16909731,Khách sạn Anya Premier Beachfront Quy Nhơn (Anya Premier Beachfront Hotel Quy Nhon),"44 An Đường Vương Đường, Nguyen Van Cu Phường, Thành phố biển, Việt Nam",Bình Định
35780683,Khách sạn Grand Hyams - Bãi biển Quy Nhơn (Grand Hyams Hotel - Quy Nhon Beach),"28 Nguyen Hue Quy Nhơn (Bình Định), Le Loi Phường, Thành phố biển, Việt Nam",Bình Định
34557033,Khách sạn Lucien Quy Nhơn (Khách Sạn Lucien Hotel Quy Nhơn ),"Quy Nhơn (Bình Định), Khách Sạn Lucien  Trung tâm Thành phố Quy Nhơn, Việt Nam",Bình Định
32654923,Khách sạn L'amor Boutique (L'amor Boutique Hotel),"1H1 Nguyễn Thị Định Tỉnh Gia Lai, Phường Quy Nhơn Nam, Trung tâm Thành phố Quy Nhơn, Việt Nam",Bình Định
78112429,TMS Quy Nhon SeaView Condotel (TMS Quy Nhon SeaView Condotel ),"28 Nguyễn Huệ Quy Nhơn (Bình Định), Phường Lê Lợi, Thành phố biển, Việt Nam",Bình Định
25099924,KHÁCH SẠN LE MINT QUY NHƠN (LE MINT HOTEL QUY NHON),"Trần Khánh Dư, Trung tâm Thành phố Quy Nhơn, Việt Nam",Bình Định
80388739,TMS Grand Ocean View Quy Nhơn,"28 Nguyễn Huệ Quy Nhơn (Bình Định), Phường Lê Lợi, Thành phố biển, Việt Nam",Bình Định
9635207,Khách sạn Anya Beach Quy Nhơn (Anya Beach Hotel Quy Nhon),"3 Nguyễn Trung Tín Quy Nhơn (Bình Định), Thành phố biển, Việt Nam",Bình Định
33128767,TMS Quy Nhơn View Biển,"28 Nguyễn Huệ - Quy Nhơn City Quy Nhơn (Bình Định), Thành phố biển, Việt Nam",Bình Định
34151465,Khách sạn Haku Boutique Quy Nhơn Kim Đồng - Xuân Diệu (Haku Boutique Hotel Quy Nhon Kim Dong - Xuan Dieu ),"06 Kim Đồng Quy Nhơn (Bình Định), Thành phố biển, Việt Nam",Bình Định
16072744,KHÁCH SẠN ATHENA QUY NHƠN (ATHENA HOTEL QUY NHON),"08 Lê Lai Tỉnh Bình Định, Phường Ngô Mây, Thành phố Quy Nhơn, Việt Nam",Bình Định
40776896,Khách sạn Happiness (Happiness Hotel),"Xuong Ly, Việt Nam",Bình Định
31491737,Căn hộ TMS Beachfront Quy Nhơn (TMS Beachfront Quy Nhon Apartment),"28 Nguyễn Huệ Quy Nhơn (Bình Định), Thành phố biển, Việt Nam",Bình Định
35353918,Khách sạn ODIN Quy Nhơn (ODIN HOTEL QUY NHON),"6 Trần Cao Vân Quy Nhơn (Bình Định), Thành phố biển, Việt Nam",Bình Định
10960150,Khách Sạn La Cactus (La Cactus Hotel),"220 Nguyễn Thị Định Quy Nhơn (Bình Định), Trung tâm Thành phố Quy Nhơn, Việt Nam",Bình Định
64197741,Khách sạn & Spa A'dor (A'dor Hotel & Spa),"Số 56 Phạm H ng, Phường Quy Nhơn, Trung tâm Thành phố Quy Nhơn, Việt Nam",Bình Định
43382,Seagull Hotel,"489 An Dương Vương Quy Nhơn (Bình Định), Thành phố biển, Việt Nam",Bình Định
18860001,Aloha Hotel Quy Nhơn,"50 Lê Lợi Quy Nhơn (Bình Định), Thành phố biển, Việt Nam",Bình Định
16863459,Khách sạn và Căn hộ Yến Vi (Yen Vy Hotel and Apartment),"18/7 Trần Văn Ơn Quy Nhơn (Bình Định), Thành phố biển, Việt Nam",Bình Định
63063114,Khách sạn Mira Grand Quy Nhơn (Mira Grand Hotel Quy Nhon),"07 Nguyễn Thị Định Quy Nhơn (Bình Định), Phường Nguyễn Văn Cừ, Trung tâm Thành phố Quy Nhơn, Việt Nam",Bình Định
34130489,Căn hộ view biển FLC Sea Tower (FLC Sea Tower - Quy Nhon Beach),"4 Nguyễn Trung Tín Quy Nhơn (Bình Định), Thành phố biển, Việt Nam",Bình Định
8233222,Khách sạn Mira Boutique Quy Nhơn (Mira Boutique Hotel Quy Nhơn),"20 Han Mac Tu Quy Nhơn (Bình Định), Thành phố biển, Việt Nam",Bình Định
4972256,Phuong Dong Hotel & Apartment,"3/21 Ngo May Phuong Nguyen Van Cu, Thành phố biển, Việt Nam",Bình Định
443153,Muong Thanh Quy Nhon Hotel,"Số 02 Nguyễn Huệ, Thành phố biển, Việt Nam",Bình Định
26910673,FLC City Hotel Beach Quy Nhon,"11 An Đường Vuong Đường, Nguyen Van Cu Phường, Thành phố biển, Việt Nam",Bình Định
78428571,Khách sạn Đông Dương Quy Nhơn (Khách Sạn ĐÔNG DƯƠNG Quy Nhơn),"4 Hải Thượng L ng ng Trần Ph, Thành phố biển, Việt Nam",Bình Định
1576565,FLC Luxury Hotel Quy Nhơn (FLC Luxury Hotel Quy Nhon),"Zone 4, Việt Nam",Bình Định
2962032,CASA MARINA RESORT,"Quoc lo 1D, Việt Nam",Bình Định
9050870,Khách sạn Xavia Quy Nhơn (Xavia Hotel Quy Nhon),"lo 24 - 25 Bui Tu Toan, Phường Nguyen Van Cu, Thành phố biển, Việt Nam",Bình Định
38707586,Lux Homestay (Lux Homestay Quy Nhon),"86 Vũ Bảo Quy Nhơn (Bình Định), Trung tâm Thành phố Quy Nhơn, Việt Nam",Bình Định
25805463,Khách sạn La Cactus 2 (La Cactus Hotel 2),"03 Tran Van On Quy Nhơn (Bình Định), Thành phố biển, Việt Nam",Bình Định
36161970,Quy Nhon Pearl - FLC Sea Tower (Quy Nhon Pearl - FLC Sea Tower ),"No. 02 Nguyen Trung Tin, Phường Nguyen Van Cu, Thành phố biển, Việt Nam",Bình Định
77050217,HAKU HOME Mini Apartments & Homestay,"2 Nguyễn Như Đỗ Quy Nhơn (Bình Định), Thành phố biển, Việt Nam",Bình Định
59482390,LemonHouse homestay (LemonHouse HomeStay),"230 Nguyen Thi Dinh, Trung tâm Thành phố Quy Nhơn, Việt Nam",Bình Định
52211152,Koiking Homestay (Koiking Homestay Quy Nhon),"15 Vo Thi Yen, Thành phố biển, Việt Nam",Bình Định
37753594,Khu nghỉ dưỡng Dankbaar (DANKBAAR RESORT),"01 Hàn Mặc Tử Quy Nhơn (Bình Định), Thành phố biển, Việt Nam",Bình Định
60462086,FLC SEATOWER Quy Nhơn (FLC SEATOWER QUYNHON),"44 V Thị Yến Quy Nhơn (Bình Định), Thành phố biển, Việt Nam",Bình Định
6908956,Galaxy Hotel,"27 Nguyễn Lạc Tỉnh Bình Định, Phường Trần Phú, Thành phố Qui Nhơn, Việt Nam",Bình Định
65964592,Chill House,"140 Xuân Diệu Quy Nhơn (Bình Định), Thành phố biển, Việt Nam",Bình Định
73310,Saigon Quy Nhon Hotel,"24 Nguyễn Huệ Quy Nhơn (Bình Định), Thành phố biển, Việt Nam",Bình Định
36641278,TMS Quy Nhơn - Lee Xinh,"28 Nguyễn Huệ Quy Nhơn (Bình Định), Phường L  234  Lợi, Thành phố biển, Việt Nam",Bình Định
9051953,Khu Nghỉ Dưỡng Seaside Boutique Quy Nhơn (Seaside Boutique Resort Quy Nhon),"Th n 2, Việt Nam",Bình Định
24115596,Khách sạn Mira Eco Quy Nhơn (Mira Eco Hotel Quy Nhon),"24 Nguyen Nhu Do Quy Nhơn (Bình Định), Thành phố biển, Việt Nam",Bình Định
35493028,Blossom Sea homestay (Blossom Sea Homestay Quy Nhon),"270 Diên Hồng Quy Nhơn (Bình Định), Trung tâm Thành phố Quy Nhơn, Việt Nam",Bình Định
44205914,FLC Sea Tower Quy Nhơn - View Biển,"44 Võ Thị Yến Thanh Pho Quy Nhon Binh Dinh, Thành phố biển, Việt Nam",Bình Định
78220216,Condotel TMS Quy Nhơn Beachfront (TMS Quy Nhon Beachfront Condotel ),"28 Nguyễn Huệ Quy Nhơn (Bình Định), Phường Lê Lợi, Thành phố biển, Việt Nam",Bình Định
2642747,Khách sạn Yến Vy 32 (Yen Vy 32 Hotel and Pub),"32 Chuong Đường Thanh pho Quy Nhon Tinh Binh Dinh, Thành phố biển, Việt Nam",Bình Định
6692821,Khách Sạn Mira Quy Nhơn (Mira Hotel Quy Nhon),"11A Ngo May Phuong Nguyen Van Cu, Thành phố biển, Việt Nam",Bình Định
63347126,FLC Quy Nhơn Sea Condotel,"No. 44 V Thi Yen, Thành phố Quy Nhon, Việt Nam",Bình Định
16364148,Misa Hotel,"102-104 Tay Son Quy Nhơn (Bình Định), Nguyen Van Cu Phường, Trung tâm Thành phố Quy Nhơn, Việt Nam",Bình Định
6767206,Thiên Hải 2 Hotel (Thien Hai 2 Hotel),"360 Xuân Diệu Quy Nhơn (Bình Định), Phường Trần Phú, Thành phố Quy Nhơn, Việt Nam",Bình Định
24290561,THANH TÙNG HOTEL (THANH TUNG HOTEL),"90 Bùi Xuân Phái Quy Nhơn (Bình Định), Phường Trần Hưng Đạo - Thành phố Quy Nhơn - Tỉnh Bình Định 65 Bùi Xuân Phái, Việt Nam",Bình Định
41514364,Thao Nguyen Homestay,"41 Nguyễn Lạc 41 nguyễn lac tp quy nhơn, Phường trần phú, Thành phố biển, Việt Nam",Bình Định
9854112,The Fancy House,"304 Dien Hong Phuong Ngo May, Trung tâm Thành phố Quy Nhơn, Việt Nam",Bình Định
43435,Khu Nghỉ Dưỡng Avani Quy Nhơn (Avani Quy Nhon Resort),"Khu vực Bai Dai, Phường Quy Nhơn Nam, Việt Nam",Bình Định
79079158,Hotel Vi-vu nhìn ra biển (Hotel Vi-vu nhin ra bien),"108 Xuân Diệu Quy Nhơn (Bình Định), Thành phố biển, Việt Nam",Bình Định
31040701,Khách sạn Pearl Beach Quy Nhơn (Pearl Beach Hotel Quy Nhon),"Khu do thi Dai Phu Gia, Thành phố Quy Nhon, Việt Nam",Bình Định
36913112,Khách sạn CIAO Quy Nhơn (CIAO HOTEL QUY NHƠN),"36 Trần Văn Ơn Quy Nhơn (Bình Định), Thành phố biển, Việt Nam",Bình Định
21903011,Hotel Hoàng Hưng Quy Nhơn (Hotel Hoang Hung Quy Nhon),"51a Nguyễn Lạc 51 A Nguyễn Lạc Quy Nhơn (Bình Định), Phường Trần Phú, Thành phố biển, Việt Nam",Bình Định
7197665,TH Quy Nhơn Hotel (TH Quy Nhon Hotel),"Lô 19 Nguyễn Thị Thập, Thành phố biển, Việt Nam",Bình Định
31493280,Tran Ocean View - FLC Sea Tower Quy Nhơn (Tran Ocean View - FLC Sea Tower Quy Nhon),"T  242 a nh  224  FLC Sea Tower Số 66 V  245  Thị Yến, Phường Nguyễn Văn Cừ, Thành phố biển, Việt Nam",Bình Định
23071123,KHÁCH SẠN CALI Quy Nhơn (CALI HOTEL Quy Nhon),"179-181-183-185 L Đức Thọ Tỉnh Gia Lai, Phường Quy Nhơn, Thành phố biển, Việt Nam",Bình Định
52626203,Khách sạn Tân Thi (Tân Thi Hotel),"140 Nguyễn Huệ Quy Nhơn (Bình Định), Thành phố biển, Việt Nam",Bình Định
73014428,The H House Quy Nhơn (The H House Quy Nhon ),"02 Trần Bình Trọng Quy Nhơn (Bình Định), Phường Lê Lợi, Thành phố biển, Việt Nam",Bình Định
55815582,Căn hộ Flc Sea Tower - Chang House (Flc Sea Tower - Chang House Apartment),"44 Vo Thi Yen, Thành phố biển, Việt Nam",Bình Định
15852758,Khách sạn Chài Village (Chai Village Hotel),"Bai Nom, Việt Nam",Bình Định
16308715,Khách sạn Kila Boutique (The Kila Boutique Hotel),"06 Truong Van Cua Quy Nhơn (Bình Định), Nguyen Van Cu Phường, Thành phố biển, Việt Nam",Bình Định
6770736,Gallery homestay,"38a Chương Dương 38A Chương Dương Quy Nhơn (Bình Định), Trung tâm Thành phố Quy Nhơn, Việt Nam",Bình Định
72125679,Khách sạn Haven Boutique Quy Nhơn (Haven Boutique Hotel Quy Nhon),"Bai Xep fish village, Việt Nam",Bình Định
1602545,FLC Luxury Resort Quy Nhơn (FLC Luxury Resort Quy Nhon),"Zone 4, Việt Nam",Bình Định
49682296,FLC Sea Tower Quy Nhon SeaView Condotel,"12 Tran Van On Nguyen Van Cu FLC Sea Tower, Thành phố biển, Việt Nam",Bình Định
64637095,Ariel Homestay,"71 Lê Thánh Tôn Quy Nhơn (Bình Định), Thành phố biển, Việt Nam",Bình Định
63235213,XAM HOUSE hostel (XAM HOUSE HOSTEL),"43 Nguyễn Lữ Ngô Mây, Trung tâm Thành phố Quy Nhơn, Việt Nam",Bình Định
9064028,Nhat Tan Hotel,"02E-04 Hai Ba Trung Quy Nhơn (Bình Định), Thành phố biển, Việt Nam",Bình Định
63990652,"Căn hộ 50 m² 1 phòng ngủ, 1 phòng tắm riêng ở Thành phố biển (Minh Dũng - Aparment Sea View)","Quy Nhơn (Bình Định), Thành phố biển, Việt Nam",Bình Định
33650741,"Căn hộ 65 m² 2 phòng ngủ, 2 phòng tắm riêng ở Thành phố biển (Căn hộ cao cấp cách biển 2 phút)","Quy Nhơn (Bình Định), Thành phố biển, Việt Nam",Bình Định
31562846,"Căn hộ 46 m² 1 phòng ngủ, 1 phòng tắm riêng ở Thành phố biển (Can ho TMS Luxury Quy Nhon)","Quy Nhơn (Bình Định), Thành phố biển, Việt Nam",Bình Định
77473025,"Nhà riêng m² 2 phòng ngủ, 1 phòng tắm riêng ở Thành phố biển (Nice apartment near the sea/warm sunrise/amenities)","Quy Nhơn (Bình Định), Thành phố biển, Việt Nam",Bình Định
23068121,"Căn hộ 200 m² 1 phòng ngủ, 1 phòng tắm riêng ở Trung tâm thành phố Quy Nhơn (Sunshine Hotel Quy Nhơn)","Quy Nhơn (Bình Định), Thành phố biển, Việt Nam",Bình Định
49945318,"Căn hộ 46 m² 1 phòng ngủ, 1 phòng tắm riêng ở Thành phố biển (QUI NHON LUXURY HIGH VIEW #27 FLOORS CONDOLTEL)","Quy Nhơn (Bình Định), Thành phố biển, Việt Nam",Bình Định
38580725,"Nhà riêng 47 m² 1 phòng ngủ, 1 phòng tắm riêng ở Trung tâm thành phố Quy Nhơn (Hi Beach House FLC Sea Tower by Tinn - city centre)","Quy Nhơn (Bình Định), Thành phố biển, Việt Nam",Bình Định
58895342,"Căn hộ 48 m² 1 phòng ngủ, 1 phòng tắm riêng ở Thành phố biển (Studio)","Quy Nhơn (Bình Định), Thành phố biển, Việt Nam",Bình Định
59799427,"Căn hộ m² 1 phòng ngủ, 1 phòng tắm riêng ở Thành phố biển (TMS Quy Nhon Beach View Vacation Apartment)","Quy Nhơn (Bình Định), Thành phố biển, Việt Nam",Bình Định
64837972,"Nhà riêng m² 1 phòng ngủ, 1 phòng tắm riêng ở Thành phố biển (TMS Home View Biển)","Quy Nhơn (Bình Định), Thành phố biển, Việt Nam",Bình Định
55065844,Căn hộ du lịch Bột - Flc Sea Tower Quy Nhơn (Bột Tourist Apartment - Flc Sea Tower Quy Nhơn),"44 Võ Thị Yến Nguyễn Văn Cừ, Thành phố biển, Việt Nam",Bình Định
35312335,"Nhà riêng 66 m² 2 phòng ngủ, 1 phòng tắm riêng ở Thành phố biển (Apartment For Rent TMS)","Quy Nhơn (Bình Định), Thành phố biển, Việt Nam",Bình Định
36922230,Lalaland hostel,"Ngô Mây, Trung tâm Thành phố Quy Nhơn, Việt Nam",Bình Định
80156760,"Căn hộ m² 1 phòng ngủ, 1 phòng tắm riêng ở Thành phố biển (Seaview Studio w/Balcony |TMS Quy Nhon Hupasearest)","Quy Nhơn (Bình Định), Thành phố biển, Việt Nam",Bình Định
15634536,Thanh Thanh Hotel,"88-90 Tay Son Quy Nhơn (Bình Định), Nguyen Van Cu Phường, Trung tâm Thành phố Quy Nhơn, Việt Nam",Bình Định
80156752,"Nhà riêng m² 1 phòng ngủ, 1 phòng tắm riêng ở Thành phố biển (2BR/3Beds Seaview Balcony|TMS Quy Nhon Hupasearest)","Quy Nhơn (Bình Định), Thành phố biển, Việt Nam",Bình Định
80156768,"Nhà riêng m² 1 phòng ngủ, 1 phòng tắm riêng ở Thành phố biển (Modern OceanView Studio | TMS Quy Nhon Hupasearest)","Quy Nhơn (Bình Định), Thành phố biển, Việt Nam",Bình Định
37034340,"Căn hộ 25 m² 1 phòng ngủ, 1 phòng tắm riêng ở Thành phố biển (Natri House - Căn hộ TMS )","Quy Nhơn (Bình Định), Thành phố biển, Việt Nam",Bình Định
33225180,"Căn hộ 47 m² 1 phòng ngủ, 1 phòng tắm riêng ở Trung tâm thành phố Quy Nhơn (Flc Sea Tower Quy Nhơn - Vip House)","Quy Nhơn (Bình Định), Thành phố biển, Việt Nam",Bình Định
59032699,Căn hộ Altara 2 phòng ngủ Quy Nhơn - Ali Condotel (Can ho Altara 2 phong ngu Quy Nhon - Ali Condotel),"Quy Nhơn (Bình Định), Thành phố biển, Việt Nam",Bình Định
32728123,"Căn hộ 45 m² 1 phòng ngủ, 1 phòng tắm riêng ở Trung tâm thành phố Quy Nhơn (FLC Sea Tower - QLTC homestay apartment)","Quy Nhơn (Bình Định), Thành phố biển, Việt Nam",Bình Định
42106161,"Căn hộ 46 m² 1 phòng ngủ, 1 phòng tắm riêng ở Thành phố biển (Altara Residences )","Quy Nhơn (Bình Định), Thành phố biển, Việt Nam",Bình Định
43197455,"Căn hộ 1000 m² 1 phòng ngủ, 1 phòng tắm riêng ở Thành phố biển (Căn Hộ Altara)","Quy Nhơn (Bình Định), Thành phố biển, Việt Nam",Bình Định
31264541,"Căn hộ 60 m² 2 phòng ngủ, 1 phòng tắm riêng ở Thành phố biển (TMS Beach front Quy Nhon Apartment )","Quy Nhơn (Bình Định), Thành phố biển, Việt Nam",Bình Định
32221314,"Căn hộ 47 m² 1 phòng ngủ, 1 phòng tắm riêng ở Trung tâm thành phố Quy Nhơn (FLC SEA TOWER - SELENA HOME)","Quy Nhơn (Bình Định), Thành phố biển, Việt Nam",Bình Định
32602518,"Căn hộ 96 m² 3 phòng ngủ, 2 phòng tắm riêng ở Thành phố biển (Sunny Apartment Quy Nhon - Can Ho 3 Phong Ngu)","Quy Nhơn (Bình Định), Thành phố biển, Việt Nam",Bình Định
5774608,Khách sạn Osaka Quy Nhơn (Osaka Hotel Quy Nhon),"98A Mai Xuân Thưởng Tp Quy Nhơn . Bình Định, Trung tâm Thành phố Quy Nhơn, Việt Nam",Bình Định
46123818,"Căn hộ 88 m² 2 phòng ngủ, 2 phòng tắm riêng ở Trung tâm thành phố Quy Nhơn (Căn Hộ 2 PN View Biển)","Quy Nhơn (Bình Định), Thành phố biển, Việt Nam",Bình Định
5662476,Quy Nhơn Homestay BnB (Quynhonhomestaybnb),"66/2 Chang Lia Quy Nhơn (Bình Định), Ghenh Rang Phường, Trung tâm Thành phố Quy Nhơn, Việt Nam",Bình Định
59517476,"Nhà riêng m² 1 phòng ngủ, 1 phòng tắm riêng ở Trạm xe buýt (Homestay Chuyện Của Nắng - Nang's Story)","Thôn Huỳnh Mai, Việt Nam",Bình Định
42105999,"Căn hộ 69 m² 2 phòng ngủ, 2 phòng tắm riêng ở Thành phố biển (Altara Residences )","Quy Nhơn (Bình Định), Thành phố biển, Việt Nam",Bình Định
33225684,"Căn hộ 70 m² 2 phòng ngủ, 2 phòng tắm riêng ở Thành phố biển (Căn hộ sát biển)","Quy Nhơn (Bình Định), Thành phố biển, Việt Nam",Bình Định
21792079,"Nhà riêng 20 m² 1 phòng ngủ, 1 phòng tắm riêng ở Thành phố biển (Phòng Đôi cho gia đình với ban công lớn view núi)","Quy Nhơn (Bình Định), Thành phố biển, Việt Nam",Bình Định
62612320,Căn hộ biển Quy Nhơn - Sunflower,"28 Nguyễn Huệ Quy Nhơn (Bình Định), Phường Lê Lợi, Thành phố biển, Việt Nam",Bình Định
24709167,"Căn hộ 46 m² 1 phòng ngủ, 1 phòng tắm riêng ở Trung tâm thành phố Quy Nhơn (SunBrown apartment & homestay Quy Nhơn)","Quy Nhơn (Bình Định), Thành phố biển, Việt Nam",Bình Định
36850802,"Căn hộ 47 m² 1 phòng ngủ, 1 phòng tắm riêng ở Thành phố biển (TMS Beachfront Quy Nhon - Holiday Apartment )","Quy Nhơn (Bình Định), Thành phố biển, Việt Nam",Bình Định
21903314,"Căn hộ 65 m² 2 phòng ngủ, 1 phòng tắm riêng ở Thành phố biển (TMS Luxury Homestay căn góc 2 PN riêng 65m2 - 1524)","Quy Nhơn (Bình Định), Thành phố biển, Việt Nam",Bình Định
5984735,Anh Quan Hotel,"65 Nguyễn Nhạc Quy Nhơn (Bình Định), Trung tâm Thành phố Quy Nhơn, Việt Nam",Bình Định
43240978,"Căn hộ 46 m² 1 phòng ngủ, 1 phòng tắm riêng ở Trung tâm thành phố Quy Nhơn (FLC Sea Tower Quy Nhon - Studio Sea View Apartment)","Quy Nhơn (Bình Định), Thành phố biển, Việt Nam",Bình Định
32402824,"Căn hộ 49 m² 1 phòng ngủ, 1 phòng tắm riêng ở Trung tâm thành phố Quy Nhơn (FLC sea tower beach Quy Nhon, double)","Quy Nhơn (Bình Định), Thành phố biển, Việt Nam",Bình Định
5186620,Mai Tra Hotel,"45 Chuong Đường, Thành phố biển, Việt Nam",Bình Định
70949879,Căn hộ khách sạn TMS Luxury Condotel - Hanna House,"28 Nguyễn Huệ Quy Nhơn (Bình Định), Phường Lê Lợi, Thành phố biển, Việt Nam",Bình Định
34157850,Studio FLC trung tâm Quy Nhơn 2 giường đôi,"Nguyễn Trung Tín, Thành phố biển, Việt Nam",Bình Định
65482122,Seaview Quy Nhon apt TMS,"Quy Nhơn (Bình Định), Thành phố biển, Việt Nam",Bình Định
37299925,"Căn hộ 72 m² 2 phòng ngủ, 1 phòng tắm riêng ở Thành phố biển (Phú Tài Residence)","Quy Nhơn (Bình Định), Thành phố biển, Việt Nam",Bình Định
33039615,"Căn hộ 47 m² 1 phòng ngủ, 1 phòng tắm riêng ở Thành phố biển (View biển Gềnh Ráng)","Quy Nhơn (Bình Định), Thành phố biển, Việt Nam",Bình Định
71447264,Căn 0711 Altara Residences- View mặt biển (Can 0711 Altara Residences- View mat bien),"Quy Nhơn (Bình Định), Thành phố biển, Việt Nam",Bình Định
80156761,"Nhà riêng m² 1 phòng ngủ, 1 phòng tắm riêng ở Thành phố biển (Modern Studio w/Balcony Seaview | TMS Hupasearest)","Quy Nhơn (Bình Định), Thành phố biển, Việt Nam",Bình Định
34733375,Khách sạn Lucien Quy Nhơn (Khách Sạn Quy Nhơn Lucien Hotel),"223 Trần Hưng Đạo Quy Nhơn (Bình Định), Trung tâm Thành phố Quy Nhơn, Việt Nam",Bình Định
31202293,GRAND HYCHARMS serviced STUDIO,"Quy Nhơn (Bình Định), Thành phố biển, Việt Nam",Bình Định
67555882,Căn hộ TMS Quy Nhơn - Rosella (TMS Quy Nhon - Rosella Apartment),"28 Nguyễn Huệ Quy Nhơn (Bình Định), Phường L Lợi, Thành phố biển, Việt Nam",Bình Định
64003802,TMS Luxury Quy Nhon - KAKA House,"28 Nguyễn Huệ Quy Nhơn (Bình Định), Thành phố biển, Việt Nam",Bình Định
34293315,TMS Pullman Căn Hộ Cao Cấp Quy Nhơn (TMS Pullman Can Ho Cao Cap Quy Nhon),"28 Nguyễn Huệ Quy Nhơn (Bình Định), Thành phố biển, Việt Nam",Bình Định
33395564,"Căn hộ 64 m² 2 phòng ngủ, 2 phòng tắm riêng ở Thành phố biển (Căn hộ cao cấp Altara Quy Nhơn)","Quy Nhơn (Bình Định), Thành phố biển, Việt Nam",Bình Định
25859297,"Căn hộ 48 m² 1 phòng ngủ, 1 phòng tắm riêng ở Trung tâm thành phố Quy Nhơn (Mộc's House - FLC Sea Tower Quy Nhơn)","Quy Nhơn (Bình Định), Thành phố biển, Việt Nam",Bình Định
37799388,Căn hộ TMS Quy Nhơn (Căn Hộ TMS Quy Nhơn),"28 Nguyễn Huệ TMS Quy Nhơn, Thành phố biển, Việt Nam",Bình Định
51664357,"Căn hộ 47 m² 1 phòng ngủ, 1 phòng tắm riêng ở Thành phố biển (TMS Quy Nhon - Mango Apartment)","Quy Nhơn (Bình Định), Thành phố biển, Việt Nam",Bình Định
52728105,"Apartment with Sea View in Altara Residenc, Quy Nhon","78 Tran Hung Dao, Thành phố biển, Việt Nam",Bình Định
66737560,Rex Hotel - by BAY LUXURY,"Cần Vương, Việt Nam",Bình Định
55411072,Armin Serviced Apartment Quy Nhon,"76 Tran Hung Dao Armin Serviced Apartment Quy Nhon, Thành phố biển, Việt Nam",Bình Định
59439770,"Căn hộ 110 m² 2 phòng ngủ, 1 phòng tắm riêng ở Thành phố biển (Paris Hotel)","Quy Nhơn (Bình Định), Thành phố biển, Việt Nam",Bình Định
32350002,"Căn hộ 95 m² 3 phòng ngủ, 2 phòng tắm riêng ở Thành phố biển (BBnB Home RESIDENCE (Qui Nhon))","Quy Nhơn (Bình Định), Thành phố biển, Việt Nam",Bình Định
33035537,"Căn hộ 60 m² 1 phòng ngủ, 1 phòng tắm riêng ở Thành phố biển (Beach view Apartment in the heart of Quy Nhon TMS)","Quy Nhơn (Bình Định), Thành phố biển, Việt Nam",Bình Định
37913386,"Nhà trệt 50 m² 1 phòng ngủ, 1 phòng tắm riêng ở Thành phố biển (QUY NHON TMS LUXURY APARTMENT)","Quy Nhơn (Bình Định), Thành phố biển, Việt Nam",Bình Định
569301,Eden Hotel Quy Nhon,"60 Mai Xuân Thưởng Quy Nhơn (Bình Định), Trung tâm Thành phố Quy Nhơn, Việt Nam",Bình Định
13444004,"Nhà mặt đất 500 m² 13 phòng ngủ, 13 phòng tắm riêng ở Trung tâm thành phố Quy Nhơn (Hotel 86 Tran Khanh Du)","Quy Nhơn (Bình Định), Trung tâm Thành phố Quy Nhơn, Việt Nam",Bình Định
10272171,An Lac Homestay Phong Gia dinh,"24 Nguyen Trung Truc tp Quy Nhon, Trung tâm Thành phố Quy Nhơn, Việt Nam",Bình Định
34411743,"Căn hộ 71 m² 2 phòng ngủ, 1 phòng tắm riêng ở Thành phố biển (Unnamed property)","Quy Nhơn (Bình Định), Thành phố biển, Việt Nam",Bình Định
77637921,Căn hộ Quy Nhơn - FLC Sea Tower (Quy Nhơn Aparment - FLC sea tower),"01 Nguyễn Trung T n Quy Nhơn (Bình Định), Thành phố biển, Việt Nam",Bình Định
61232738,Khách sạn Thiên Các (Thien Cac Hotel),"L 8 Nguyễn Tư, Trung tâm Thành phố Quy Nhơn, Việt Nam",Bình Định
63303017,"Căn hộ 66 m² 2 phòng ngủ, 2 phòng tắm riêng ở Thành phố biển (Amazing 2 bed-room sea view Quy Nhon Vietnam)","Quy Nhơn (Bình Định), Thành phố biển, Việt Nam",Bình Định
24303784,"Căn hộ 48 m² 1 phòng ngủ, 1 phòng tắm riêng ở Thành phố biển (HYGGE NEST - Quy Nhon Beachfront Studio Apartment)","Quy Nhơn (Bình Định), Thành phố biển, Việt Nam",Bình Định
56386058,TMS LaCas Quy Nhơn - Hệ Thống Căn Hộ Giá Rẻ (TMS LaCas Quy Nhon - He Thong Can Ho Gia Re),"28 Nguyễn Huệ Quy Nhơn (Bình Định), Thành phố biển, Việt Nam",Bình Định
45032919,Green Hotel Quy Nhơn - Hostel,"08 Chuong Đường, Nguyen Van Cu Phường, Thành phố biển, Việt Nam",Bình Định
34728823,"Căn hộ 2 phòng ngủ trực biển Quy Nhơn, TMS Pullman căn góc (Can ho 2 phong ngu truc bien Quy Nhon, TMS Pullman can goc)","Quy Nhơn (Bình Định), Thành phố biển, Việt Nam",Bình Định
39061716,FLC Sea Tower Quy Nhơn - SeaSandSun (FLC Sea Tower Quy Nhon - SeaSandSun),"Quy Nhơn (Bình Định), Thành phố biển, Việt Nam",Bình Định
35158314,"Căn hộ 47 m² 1 phòng ngủ, 1 phòng tắm riêng ở Thành phố biển (TMS Beachfront Apartment with Direct Sea View in Anh Boi)","Quy Nhơn (Bình Định), Thành phố biển, Việt Nam",Bình Định
79996766,Ariel Homestay,"Quy Nhơn (Bình Định), Thành phố biển, Việt Nam",Bình Định
45032495,Mira Hotel,"11A Ngo May Quy Nhon, Nguyen Van Cu Phường, Thành phố biển, Việt Nam",Bình Định
69176878,Aloha Quy Nhon,"50 Le Lợi Quy Nhơn (Bình Định), Trung tâm Thành phố Quy Nhơn, Việt Nam",Bình Định
285380,Khách sạn Sunflowers (Hoang Yen Canary Hotel),"số 13-15-17, Thành phố biển, Việt Nam",Bình Định
33815882,"Căn hộ 74 m² 2 phòng ngủ, 2 phòng tắm riêng ở Thành phố biển (LAYLAHOME Căn hộ cao cấp Phú Tài Residense)","Quy Nhơn (Bình Định), Thành phố biển, Việt Nam",Bình Định
55624250,Căn hộ studio 50 m² có 1 phòng tắm riêng ở Trung tâm thành phố Quy Nhơn (FLC Sea Tower View Biển Quy Nhơn),"Quy Nhơn (Bình Định), Thành phố biển, Việt Nam",Bình Định
31040339,"Căn hộ 67 m² 2 phòng ngủ, 2 phòng tắm riêng ở Thành phố biển (Armin Homes 2 Bedroom Harbour View Altara Quy Nhon)","Quy Nhơn (Bình Định), Thành phố biển, Việt Nam",Bình Định
31638521,"Căn hộ 47 m² 1 phòng ngủ, 1 phòng tắm riêng ở Thành phố biển (TMS Quy Nhon 2112)","Quy Nhơn (Bình Định), Thành phố biển, Việt Nam",Bình Định
38044004,"Căn hộ 45 m² 2 phòng ngủ, 2 phòng tắm riêng ở Trung tâm thành phố Quy Nhơn (Căn hộ tầng 12 phòng 03)","Quy Nhơn (Bình Định), Thành phố biển, Việt Nam",Bình Định
6717362,"Nhà mặt đất 120 m² 3 phòng ngủ, 2 phòng tắm riêng ở Thành phố biển (Container House Quy Nhon Homestay)","Quy Nhơn (Bình Định), Thành phố biển, Việt Nam",Bình Định
33546437,"Nhà riêng 40 m² 1 phòng ngủ, 1 phòng tắm riêng ở Trung tâm thành phố Quy Nhơn (KENNY HOMESTAY)","Quy Nhơn (Bình Định), Trung tâm Thành phố Quy Nhơn, Việt Nam",Bình Định
32831519,"Căn hộ 45 m² 1 phòng ngủ, 1 phòng tắm riêng ở Thành phố biển (Căn hộ Alrata Quy Nhơn xinh đẹp)","Quy Nhơn (Bình Định), Thành phố biển, Việt Nam",Bình Định
23145356,TMS Quy Nhon Luxury homestay (TMS Quy Nhon Luxury Homestay),"28 Quy Nhơn (Bình Định), Căn hộ TMS LUXURY  Thành phố biển, Việt Nam",Bình Định
36159995,Căn hộ Altara Quy Nhơn (Altara Apartments Quy Nhon),"76 Trần Hưng Đạo Quy Nhon, Thành phố biển, Việt Nam",Bình Định
68107891,SeaSide Hotel Quy Nhơn,"39A Nguyen Lac Phuong Tran Phu, Thành phố biển, Việt Nam",Bình Định
45254774,"Căn hộ 100 m² 1 phòng ngủ, 1 phòng tắm riêng ở Bãi Dài (Moonligth hotel)","Bãi Dài, Việt Nam",Bình Định
50830026,H Hotel,"105A Trần Hưng Đạo Quy Nhơn (Bình Định), Thành phố biển, Việt Nam",Bình Định
31261795,"Căn hộ 48 m² 1 phòng ngủ, 1 phòng tắm riêng ở Trung tâm thành phố Quy Nhơn (Căn hộ FLC SEA TOWER QUY NHƠN APARTMENT)","Quy Nhơn (Bình Định), Thành phố biển, Việt Nam",Bình Định
45032456,Mento Hotel,"411 Nguyen Hue Tran Phu, Thành phố biển, Việt Nam",Bình Định
55944260,"Căn hộ 100 m² 1 phòng ngủ, 1 phòng tắm riêng ở Trung tâm thành phố Quy Nhơn (Sunny Homestay Quy Nhon)","Quy Nhơn (Bình Định), Trung tâm Thành phố Quy Nhơn, Việt Nam",Bình Định
51986182,Căn hộ studio 50 m² có 1 phòng tắm riêng ở Trung tâm thành phố Quy Nhơn (FLC Studio Apartment Quy Nhon),"Quy Nhơn (Bình Định), Thành phố biển, Việt Nam",Bình Định
40041450,"Căn hộ 47 m² 1 phòng ngủ, 1 phòng tắm riêng ở Thành phố biển (Can ho du lich TMS Quy Nhon tang cao view bien)","Quy Nhơn (Bình Định), Thành phố biển, Việt Nam",Bình Định
80156763,"Nhà riêng m² 2 phòng ngủ, 1 phòng tắm riêng ở Thành phố biển (Oceanfront 2BR Apartment |TMS Quy Nhon Hupasearest)","Quy Nhơn (Bình Định), Thành phố biển, Việt Nam",Bình Định
61630544,"Nhà riêng m² 5 phòng ngủ, 5 phòng tắm riêng ở Thành phố biển (Homestay Mazamaja )","Quy Nhơn (Bình Định), Thành phố biển, Việt Nam",Bình Định
35414841,"Căn hộ 46 m² 1 phòng ngủ, 1 phòng tắm riêng ở Trung tâm thành phố Quy Nhơn (Hồng Nhung Apartment)","Quy Nhơn (Bình Định), Thành phố biển, Việt Nam",Bình Định
21966583,"Căn hộ 620 m² 15 phòng ngủ, 15 phòng tắm riêng ở Trạm xe buýt (Hotel Tokyo)","Trạm xe buýt, Việt Nam",Bình Định
59443891,"Nhà riêng 240 m² 3 phòng ngủ, 4 phòng tắm riêng ở Thành phố biển (X Homestay)","Quy Nhơn (Bình Định), Trung tâm Thành phố Quy Nhơn, Việt Nam",Bình Định
38692711,"Căn hộ 75 m² 2 phòng ngủ, 2 phòng tắm riêng ở Thành phố biển (uminohi - BBnB Home Residence)","Quy Nhơn (Bình Định), Thành phố biển, Việt Nam",Bình Định
33380942,TMS Pullman Quy Nhơn Căn Hộ - Xuân Phương Apartment (TMS Pullman Quy Nhon Can Ho - Xuan Phuong Apartment),"28 Nguyễn Huệ Quy Nhơn (Bình Định), Thành phố biển, Việt Nam",Bình Định
22238408,Pimira Homestay - Nhà riêng hai phòng ngủ trung tâm thành phố Quy Nhơn (Pimira Homestay),"Quy Nhơn (Bình Định), Thành phố biển, Việt Nam",Bình Định
23385632,"Căn hộ 75 m² 2 phòng ngủ, 1 phòng tắm riêng ở Quy Nhơn (Căn hộ Cao Cấp An Phú Thịnh)","Quy Nhơn, Việt Nam",Bình Định
33480108,"Căn hộ 52 m² 1 phòng ngủ, 1 phòng tắm riêng ở Trung tâm thành phố Quy Nhơn (Mai's Home)","Quy Nhơn (Bình Định), Thành phố biển, Việt Nam",Bình Định
41454544,"Nhà riêng 204 m² 4 phòng ngủ, 4 phòng tắm riêng ở Thành phố biển (Cho thuê Homestay nguyên căn ở QN)","Quy Nhơn (Bình Định), Thành phố biển, Việt Nam",Bình Định
41278073,"Căn hộ 47 m² 1 phòng ngủ, 1 phòng tắm riêng ở Trung tâm thành phố Quy Nhơn (VIP HOUSE)","Quy Nhơn (Bình Định), Thành phố biển, Việt Nam",Bình Định
37034894,Song Suoi Quy Nhon Beachfront Apartment,"28 Nguyễn Huệ căn 8A30 Quy Nhơn (Bình Định), Thành phố biển, Việt Nam",Bình Định
59336920,Nhà nghỉ Linh Tâm (Nhà Nghỉ Linh Tâm),"Hưng Lương, Việt Nam",Bình Định
32184565,LILY HOUSE( Mini home 2PN),"440 Đường Hoàng Văn Thụ, Trung tâm Thành phố Quy Nhơn, Việt Nam",Bình Định
40359239,Khách sạn La Beaute Quy Nhơn (La Beaute Hotel Quy Nhon),"No. 141-143 Le Duc Tho, Thành phố biển, Việt Nam",Bình Định
64197158,Maia Resort Quy Nhơn (Maia Resort Quy Nhon),"Một phần điểm 1, Huyện Ph C t, Việt Nam",Bình Định
51949040,Khách sạn THE LUNA - Boutique (THE LUNA - Boutique Hotel),"250/1 Xuan Dieu Str Quy Nhon City, Tran Phu Phường, Thành phố biển, Việt Nam",Bình Định
29392314,MERIA Hotel Quy Nhơn (MERIA Hotel Quy Nhon),"09 TRƯƠNG VĂN CỦA Quy Nhơn (Bình Định), Thành phố biển, Việt Nam",Bình Định
60140970,TMS Quy Nhơn Sea View,"28 Nguyễn Huệ Quy Nhơn (Bình Định), Thành phố biển, Việt Nam",Bình Định
18942590,FLC Grand Hotel Quy Nhon,"Zone 4, Việt Nam",Bình Định
61056423,Sun Sea Quy Nhơn,"05 Trần Văn Ơn Nguyễn Văn Cừ, Thành phố biển, Việt Nam",Bình Định
61297756,Căn hộ FLC Sea Tower Quy Nhơn (Căn Hộ FLC Sea Tower Quy Nhơn),"02 Nguyen Trung Tin Nguyen Van Cu, Thành phố biển, Việt Nam",Bình Định
64636784,FLC QUY NHƠN-Khách Sạn Trung Tâm Thành Phố-View Biển- Hồ Bơi 4 Mùa (FLC QUY NHON-Khach San Trung Tam Thanh Pho-View Bien- Ho Boi 4 Mua),"Nguyễn Trung Tín, Thành phố biển, Việt Nam",Bình Định
32808803,Khách sạn UMI HOUSE Quy Nhơn (UMI HOUSE HOTEL QUY NHƠN ),"34 Trần Cao Vân Quy Nhơn (Bình Định), Thành phố biển, Việt Nam",Bình Định
5646682,Phú Tài Center (Phu Tai center),"56 Âu Cơ Quy Nhơn, Phường Bùi Thị Xuân, Việt Nam",Bình Định
17016664,CIEN Hotel,"22 Phạm Hồng Thái Quy Nhơn (Bình Định), Thành phố biển, Việt Nam",Bình Định
75887464,Căn hộ Altara Quy Nhơn - Căn hộ 2PN view biển cực chill (Can ho Altara Quy Nhon - Can ho 2PN view bien cuc chill),"76 Trần Hưng Đạo 14 Quy Nhơn (Bình Định), Thành phố biển, Việt Nam",Bình Định
34400611,Tom Homestay Quy Nhơn (Tom Homestay Quy Nhon),"435 Trần Hưng Đạo Quy Nhơn (Bình Định), Thành phố biển, Việt Nam",Bình Định
23124460,Khách sạn Vietnam Taste Quy Nhơn (Vietnam Taste Hotel Quy Nhon - Beachfront),"96 Xuân Diệu Quy Nhơn (Bình Định), Phường Hải Cảng, Thành phố Quy Nhơn, Việt Nam",Bình Định
5059387,Khách sạn Hương Việt Quy Nhơn (Huong Viet Hotel Quy Nhon - Beachfront ),"102 Xuan Dieu Đường, Thành phố biển, Việt Nam",Bình Định
5820443,Tram Anh hotel,"34 Nguyen Hue Quy Nhon Quy Nhơn (Bình Định), Thành phố biển, Việt Nam",Bình Định
67600587,CĂN HỘ ALTARA Hương vị Biển (CAN HO ALTARA Huong vi Bien),"Quy Nhơn (Bình Định), Thành phố biển, Việt Nam",Bình Định
24248706,Hotel Phương Anh (Hotel Phuong Anh),"Đường 19B, Trung tâm Thành phố Quy Nhơn, Việt Nam",Bình Định
30793117,FLC Sea Tower Quy Nhơn - Trần Apartment,"T  242 a nh  224  FLC Sea Tower Quy Nhơn, số 66 V  245  Thị yến Phường Nguyễn Văn Cừ, Thành phố biển, Việt Nam",Bình Định
77418572,Homestay Thiên Trang Sea View (Homestay Thien Trang Sea View),"12 Xuân Diệu Hải Cảng, Thành phố biển, Việt Nam",Bình Định
12410596,Seagate Bungalow Quy Nhơn (Seagate Bungalow Quy Nhon),"Đường Võ Nguyên Giáp, Thành phố Quy Nhơn, Việt Nam",Bình Định
63312875,Khách sạn Bel-Air (Bel-Air Hotel),"Vo Thi Yen, Nguyen Van Cu   Thành phố biển, Việt Nam",Bình Định
35560301,The Grandparents homestay (The Grandparents Homestay),"Nui Mo Coi Residential Area, Việt Nam",Bình Định
31344599,Aria,"139 Phan Đình Phùng Hostel Aria, Thành phố biển, Việt Nam",Bình Định
32015498,Thanh Lịch Motel (Thanh Lich Motel),"122 Chương Dương 122 chương dương tp. Quy nhơn, Phường Nguyễn văn cừ, Trung tâm Thành phố Quy Nhơn, Việt Nam",Bình Định
73281,Royal Hotel And Healthcare Resort Quy Nhon,"01 Hàn mạc tử Quy Nhơn (Bình Định), Thành phố biển, Việt Nam",Bình Định
25117768,nhà Ba cơm Má (nha Ba com Ma),"Trung Lương, Trung tâm Thành phố Quy Nhơn, Việt Nam",Bình Định
51803322,TMS Sea Condotel View Biển,"28 Nguyễn Huệ Quy Nhơn (Bình Định), Thành phố biển, Việt Nam",Bình Định
17930651,Ocean View Quy Nhon Hotel,"12 An Dương Vương Quy Nhon Binh Dinh, Thành phố biển, Việt Nam",Bình Định
56366856,Khách sạn Moonlight Quy Nhơn (Moonlight QuyNhon Hotel),"26 Nguyen Viet Xuan Đường, Trung tâm Thành phố Quy Nhơn, Việt Nam",Bình Định
37806216,Khách sạn Eden Quy Nhơn (EDEN QUY NHON HOTEL),"60 Mai Xuân Thưởng E DEN QUY NHON HOTEL, Trung tâm Thành phố Quy Nhơn, Việt Nam",Bình Định
33236834,Cô Ba Homestay (Co Ba Homestay),"23 Trần Huy Liệu Quy Nhơn (Bình Định), Thành phố biển, Việt Nam",Bình Định
15635335,Sunrise Guesthouse,"12/8 Tran Van On Quy Nhơn (Bình Định), Thành phố biển, Việt Nam",Bình Định
70939303,La Mer Homestay (La Mer Homestay Quynhon),"03 Đặng Văn Chấn Nguyễn Văn Cừ, Trung tâm Thành phố Quy Nhơn, Việt Nam",Bình Định
36852668,FLC SEA TOWER QUY NHON,"An Dương Vương, Thành phố biển, Việt Nam",Bình Định
29850531,KHÁCH SẠN NEW DAY (NEW DAY HOTEL),"44 Nguyễn Như Đỗ Quy Nhơn (Bình Định), Thành phố biển, Việt Nam",Bình Định
45494708,Ana's House,"19 Nguyễn Lạc Quy Nhơn (Bình Định), Thành phố biển, Việt Nam",Bình Định
38854934,Hotel Thanh Tuy,"Ngô Văn Sở 15, Thành phố biển, Việt Nam",Bình Định
11023481,Seaside Hotel,"39A Nguyen Lac phuong Tran Phu, Thành phố biển, Việt Nam",Bình Định
16567931,HẢI ÂU BIÊN CƯƠNG (HAI AU BIEN CUONG),"08 Bien Cuong Đường, Trung tâm Thành phố Quy Nhơn, Việt Nam",Bình Định
9406934,Lưu Ngãi Condotel Quy Nhơn (Luu Ngai Condotel Quy Nhon),"92 Vo Thi Yen Quy Nhơn (Bình Định), Thành phố biển, Việt Nam",Bình Định
6877377,MENTO HOTEL QUY NHƠN (MENTO HOTEL QUY NHON),"Nguyễn Huệ 409C - 409D, Thành phố biển, Việt Nam",Bình Định
77591492,Căn hộ FLC Sea Tower Quy Nhơn Seaview (FLC Sea Tower Quy Nhơn Seaview Apartment),"44 Võ Thị Yến TT. Bình Định, Thành phố biển, Việt Nam",Bình Định
78475755,PUN Retreat & Coffee,"1560 Hùng Vương Trạm xe buýt, Phường Quy Nhơn Bắc, Việt Nam",Bình Định
64245971,Khu nghỉ dưỡng The Ocean by Fusion Quy Nhơn (The Ocean Resort by Fusion Quy Nhon),"A part of mark No.1, Việt Nam",Bình Định
65964475,Qy Cossy apt,"Quy Nhơn (Bình Định), Trung tâm Thành phố Quy Nhơn, Việt Nam",Bình Định
78955776,FLC Sea Tower Quy Nhơn- View Biển (FLC Sea Tower Quy Nhon- View Bien),"4b Nguyễn Trung Tín Quy Nhơn (Bình Định), Thành phố biển, Việt Nam",Bình Định
33030754,Khách sạn Green Park 2 (GREEN PARK 2 HOTEL),"221 Cần Vương Quy Nhơn (Bình Định), Trung tâm Thành phố Quy Nhơn, Việt Nam",Bình Định
3340904,Yen Vy 04 luxury hotel (Yen Vy 04 Luxury hotel),"04 tran van on Quy Nhơn (Bình Định), Thành phố biển, Việt Nam",Bình Định
64461080,Vani Homestay,"202 Nguyễn Thị Định Quy Nhơn (Bình Định), Trung tâm Thành phố Quy Nhơn, Việt Nam",Bình Định
22120731,Căn hộ TMS Quy Nhơn - Ngọc Lan (TMS Quy Nhon - Ngoc Lan Apartments),"28 Nguyen Hue Quy Nhơn (Bình Định), Thành phố biển, Việt Nam",Bình Định
14678070,Khách sạn Bình Dương (Khach san Binh Duong),"493 An Dương Vương Quy Nhơn (Bình Định), Thành phố biển, Việt Nam",Bình Định
14695528,KHÁCH SẠN HƯNG GIA (HUNG GIA HOTEL),"31 Dã Tượng Quy Nhơn (Bình Định), Trung tâm Thành phố Quy Nhơn, Việt Nam",Bình Định
78412387,Nhà nghỉ Thái Châu (Nha nghi Thai Chau),"Nhà nghỉ Thái Châu 5, Thành phố biển, Việt Nam",Bình Định
7062355,Khách Sạn Delight (Delight Hotel),"07 Le Loi Quy Nhon, Thành phố biển, Việt Nam",Bình Định
28523186,Nhà nghỉ 5 Elements (5 Elements Hostel),"30 nguyễn nhạc Quy Nhơn (Bình Định), Trung tâm Thành phố Quy Nhơn, Việt Nam",Bình Định
11427132,Sun&Sea House Homestay,"02/1 An Dương Vương Quy Nhơn (Bình Định), Thành phố biển, Việt Nam",Bình Định
9373144,Green Hotel,"08 Chuong Đường Đường, Nguyen Van Cu Phường, Thành phố biển, Việt Nam",Bình Định
4415702,Queen Hotel Quy Nhon,"46 Do Doc Bao Quy Nhơn (Bình Định), Thành phố biển, Việt Nam",Bình Định
4840629,Khách sạn Thiên Các 2 (Thien Cac 2 Hotel),"44 Nguyễn Tư Quy Nhơn (Bình Định), Trung tâm Thành phố Quy Nhơn, Việt Nam",Bình Định
2652740,Red Hotel,"10 Binh Ha Đường, Thành phố biển, Việt Nam",Bình Định
33031155,Căn hộ FLC Sea Tower (FLC SEA TOWER - ST APARTMENT),"68 V  245  Thị Yến Nguyễn Văn Cừ, Thành phố biển, Việt Nam",Bình Định
11023783,NHÀ TRỌ BED STATION QUY NHƠN (BED STATION HOSTEL QUY NHON),"03 Nguyễn Thiếp Trần Phú, Thành phố biển, Việt Nam",Bình Định
22666065,Căn hộ View Biển - Trung Tâm TP (Hanie Apartment),"66 VO THI YEN NGUYEN VAN CU, Thành phố biển, Việt Nam",Bình Định
8734173,Khách Sạn An Ngân Phú (An Ngan Phu Hotel),"186 Dien Hong Quy Nhon, Trung tâm Thành phố Quy Nhơn, Việt Nam",Bình Định
75243970,Khách sạn Hải Sơn (KHÁCH SẠN HẢI SƠN),"45 Nguyễn Tư Quy Nhơn (Bình Định), Trung tâm Thành phố Quy Nhơn, Việt Nam",Bình Định
50181533,Chiic House 4 - Khách sạn tình yêu (Chiic House 4 - Khach san tinh yeu),"52 Hàn Mặc Tử Quy Nhơn (Bình Định), Trung tâm Thành phố Quy Nhơn, Việt Nam",Bình Định
5869073,Anantara Quy Nhon Villas,"Khu vực Bai Dai, Phường Quy Nhơn Nam, Việt Nam",Bình Định
14910733,Khách sạn Bluesea Quy Nhơn (Bluesea Hotel Quy Nhon),"02B Tran Doc Quy Nhơn (Bình Định), Thành phố biển, Việt Nam",Bình Định
34144616,Căn hộ Block A - An Phú Thịnh (Can ho Block A - An Phu Thinh),"Quy Nhơn, Việt Nam",Bình Định
79593380,Căn hộ - Cô Ba Homestay 2 (Can ho - Co Ba Homestay 2),"Quy Nhơn (Bình Định), Thành phố biển, Việt Nam",Bình Định
8354077,Khách sạn Anh Thảo (Anh Thao Hotel),"171 Can Vuong Quy Nhơn (Bình Định), Trung tâm Thành phố Quy Nhơn, Việt Nam",Bình Định
33493768,Khách sạn MIA (MIA Hotel ),"193 Nguyễn Huệ Quy Nhơn (Bình Định), Thành phố biển, Việt Nam",Bình Định
31645576,Hồng Gấm Hotel (Hong Gam Hotel),"28A Chương Dương Quy Nhơn (Bình Định), Phường Nguyễn Văn Cừ, Thành phố biển, Việt Nam",Bình Định
10953678,HongKong1 Hotel,"Quy Nhơn (Bình Định), Le Cong Mien Đường - Ghenh Rang Phường - Quy Nhon City - Binh Dinh Tỉnh, Trung tâm Thành phố Quy Nhơn, Việt Nam",Bình Định
51086921,"Căn hộ 48 m² 1 phòng ngủ, 1 phòng tắm riêng ở Thành phố biển (TMS Quy Nhơn)","Quy Nhơn (Bình Định), Thành phố biển, Việt Nam",Bình Định
31735416,FLC Sea Tower Quy Nhơn - Căn hộ Seaview (FLC Sea Tower Quy Nhon - Seaview Apartel),"02 Nguyễn Trung Tín Quy Nhơn (Bình Định), Thành phố biển, Việt Nam",Bình Định
12233891,Hoa Cat Hotel,"11/3 Ngo May Quy Nhơn (Bình Định), Thành phố biển, Việt Nam",Bình Định
5169625,Khách sạn Hữu Phước (Khach san Huu Phuoc),"34/34 An Dương Vương 34/34 An Dương Vương Quy Nhơn (Bình Định), Thành phố biển, Việt Nam",Bình Định
12193105,HATA Hotel Quy Nhon,"35 Nguyen Nhac Quy Nhơn (Bình Định), Trung tâm Thành phố Quy Nhơn, Việt Nam",Bình Định
22217771,Khách sạn Hoàng Oanh Quy Nhơn (Hoang Oanh Hotel Quy Nhon),"2A Tran Doc Quy Nhon beach City, Thành phố biển, Việt Nam",Bình Định
25134987,Khách sạn Nhơn Lý LYS HOTEL (Khach San Nhon Ly LYS HOTEL),"Ly Hoa, Việt Nam",Bình Định
78546431,Khách sạn Đông Tây Quy Nhơn (Khach san Đong Tay Quy Nhon),"402 Xuân Diệu Quy Nhơn (Bình Định), Thành phố biển, Việt Nam",Bình Định
5642208,Khách sạn Lake View Quy Nhơn (Lake View Quy Nhon Hotel),"44 Bình Hà TP Quy Nhơn, Phường Thị Nại, Thành phố biển, Việt Nam",Bình Định
10238843,Thanh Van Hotel,"311-313 Dong Da Quy Nhơn (Bình Định), Thành phố biển, Việt Nam",Bình Định
44883298,Khách sạn Y'S Sea House (Y'S Sea House Hotel),"190 Xuân Diệu Trần Phú, Thành phố biển, Việt Nam",Bình Định
4070083,Confetti House,"Hàn Mặc Tử To 1, Việt Nam",Bình Định
2636139,Au Lac Hotel,"31A Nguyen Lac Quy Nhơn (Bình Định), Thành phố biển, Việt Nam",Bình Định
63351562,Suri's Homestay,"51 Đường Trần Độc, Thành phố biển, Việt Nam",Bình Định
22217810,Khách sạn Hương Biển (Huong Bien Hotel),"130 Nguyen Hue Tran Phu, Thành phố biển, Việt Nam",Bình Định
67325024,Bacada,"1g3 Nguyễn Thị Định 11 Quy Nhơn (Bình Định), Trung tâm Thành phố Quy Nhơn, Việt Nam",Bình Định
63188990,Homestay Bảo Châu - Nhơn Lý (Homestay Bao Chau - Nhon Ly Quy Nhon),"28 Đường 7, Việt Nam",Bình Định
68341165,YH3 - FLC Sea Tower Quy Nhơn ( YH3 - FLC Sea Tower Quy Nhon),"44 Võ Thị Yến Nguyễn Văn Cừ, Thành phố biển, Việt Nam",Bình Định
287127,Hoang Yen Hotel 3,"376 Đường Xuân Diệu, Thành phố biển, Việt Nam",Bình Định
44616110,luxury t&t hotel,"09 Võ Thị Yến Quy Nhơn, Phường Nguyễn Văn Cừ, Thành phố biển, Việt Nam",Bình Định
76905078,AN HẠ HOME,"Nhơn Bình, Việt Nam",Bình Định
55271354,Khách sạn Anh Phát (Anh Phát Hotel),"Ly Hung, Việt Nam",Bình Định
40473815,TRI'S Homestay,"Nhơn Lý, Thông Lý Hưng Xã Nhơn Lý TP Quy Nhơn Tỉnh Bình Định, Việt Nam",Bình Định
1177941,Ly Ky Hotel,"368 Xuan Dieu Quy Nhơn (Bình Định), Thành phố biển, Việt Nam",Bình Định
60503600,Khu nghỉ dưỡng Royal Bãi Xép Quy Nhơn (ROYAL RESORT BAI XEP QUY NHON),"17 Group 3, Ghenh Rang Phường, Thành phố biển, Việt Nam",Bình Định
15309559,Khách sạn Kadupul (Kadupul Hotel),"22 Tran Dang Phong Quy Nhơn (Bình Định), Thành phố biển, Việt Nam",Bình Định
30967544,Căn hộ FLC Sea Tower (FLC Sea Tower Apartment),"1 Nguyễn Trung Tín Quy Nhơn (Bình Định), Thành phố biển, Việt Nam",Bình Định
285051,Khách Sạn Ý Linh (Y Linh Hotel),"18 Đường Nguyễn Huệ, Thành phố biển, Việt Nam",Bình Định
27837684,Khách sạn Misa (Khach san Misa),"102 Tây Sơn Quy Nhơn (Bình Định), Trung tâm Thành phố Quy Nhơn, Việt Nam",Bình Định
41656161,"Căn hộ 70 m² 2 phòng ngủ, 1 phòng tắm riêng ở Thành phố biển (TYE APARTMENT - TMS Pullman Quy Nhon)","Quy Nhơn (Bình Định), Thành phố biển, Việt Nam",Bình Định
22235366,Cát Homestay (Cat Homestay),"316 Xuân Diệu Quy Nhơn (Bình Định), Thành phố biển, Việt Nam",Bình Định
50957499,JOYCE HOUSE,"14 Phan Đăng Lưu Quy Nhơn (Bình Định), Thành phố biển, Việt Nam",Bình Định
37034350,Khách sạn DEZON (DEZON HOTEL),"79 Chương Dương Quy Nhơn (Bình Định), Trung tâm Thành phố Quy Nhơn, Việt Nam",Bình Định
4934892,Ly Ky Hotel 2,"43 Nguyen Lac Quy Nhơn (Bình Định), Thành phố biển, Việt Nam",Bình Định
80351761,"m² 1 phòng ngủ, 3 phòng tắm riêng ở Thành phố biển (Dâu Homestay Quy Nhơn)","Quy Nhơn (Bình Định), Thành phố biển, Việt Nam",Bình Định
41592461,"Nhà riêng 66 m² 2 phòng ngủ, 2 phòng tắm riêng ở Trung tâm thành phố Quy Nhơn (HomeStaytune 5 - Chill Apartment)","Quy Nhơn (Bình Định), Trung tâm Thành phố Quy Nhơn, Việt Nam",Bình Định
27823082,Căn hộ Dịch vụ Altara Quy Nhơn (Altara Serviced Residences Quy Nhon),"76 Trần Hưng Đạo Quy Nhơn (Bình Định), Thành phố biển, Việt Nam",Bình Định
32406728,Eo Gió Motel (Eo Gio Motel),"134-134a chợ nhơn lý nhơn lý Nhơn Lý, Việt Nam",Bình Định
5180707,Flora Quy Nhon Hotel,"27 Chương Dương Quy Nhơn (Bình Định), Thành phố biển, Việt Nam",Bình Định
70409036,Khách sạn Tấn Đạt Quy Nhơn (Tấn Đạt Hotel Quy Nhơn),"8 Trần Văn Ơn Nguyễn Văn Cừ, Thành phố biển, Việt Nam",Bình Định
64393779,TMS Quy Nhơn (TMS Quy Nhon),"28 Nguyễn Huệ Quy Nhơn (Bình Định), Thành phố biển, Việt Nam",Bình Định
45874598,"Căn hộ Altara 2 phòng ngủ, 2 toilet, đầy đủ nội thất (Căn Altara 2 phòng ngủ, 2 toilet, full nội thất)","76 Trần Hưng Đạo Altara Recidences, Thành phố biển, Việt Nam",Bình Định
28445756,Khách sạn Minh Khuê (Minh Khue Hotel),"Nguyễn Lạc 57, Thành phố biển, Việt Nam",Bình Định
21904449,NHÀ TUI Share Quy Nhơn (NHA TUI Share Quy Nhon),"52 Trần An Tư Quy Nhơn (Bình Định), Trung tâm Thành phố Quy Nhơn, Việt Nam",Bình Định
72814524,Đào Hoa Luxury (Đao Hoa Luxury),"30 Trần Anh Tông Quy Nhơn (Bình Định), Trung tâm Thành phố Quy Nhơn, Việt Nam",Bình Định
24114829,FLC Sea Tower Quy Nhơn – Căn hộ Thanh lịch (FLC Sea Tower Quy Nhon - The Elegant Apartment),"Quy Nhơn (Bình Định), Thành phố biển, Việt Nam",Bình Định
54965633,Khách sạn Kim Ngân,"71 Trần Anh Tông 71 Trần Anh Tông Quy Nhơn (Bình Định), Trung tâm Thành phố Quy Nhơn, Việt Nam",Bình Định
34414608,VV House & Cafe Quy Nhon Homestay,"41 Nguyễn Tư Quy Nhơn (Bình Định), Trung tâm Thành phố Quy Nhơn, Việt Nam",Bình Định
36926804,"Căn hộ 110 m² 3 phòng ngủ, 2 phòng tắm riêng ở Trung tâm thành phố Quy Nhơn (FLC SEA TOWER QUY NHON - INDOCHINE HOUSE)","Quy Nhơn (Bình Định), Thành phố biển, Việt Nam",Bình Định
32275093,TMS Quy Nhơn Luxury homestay (TMS Quy Nhơn Luxury Homestay),"28 Nguyễn Huệ Quy Nhơn (Bình Định), Căn hộ TMS LUXURY  Thành phố biển, Việt Nam",Bình Định
49381275,Căn hộ cao cấp FLC Quy Nhơn (FLC Luxury Apartment Quy Nhon),"44 Vo Thi Yen Quy Nhơn (Bình Định), Thành phố biển, Việt Nam",Bình Định
59886967,FLC Sea Tower Quy Nhơn 44 Võ Thị Yến ban công view biển (FLC SEA TOWER QUY NHON 44 Võ Thi Yến ban cong view bien),"04 Nguyễn Trung T n Quy Nhơn (Bình Định), Thành phố biển, Việt Nam",Bình Định
16208917,Sơn Hà Hotel (Son Ha Hotel),"Lô 12, Trung tâm Thành phố Quy Nhơn, Việt Nam",Bình Định
32213655,FLC Sea Tower Quy Nhơn - Charming House (FLC Sea Tower Quy Nhon - Charming House),"40 Võ Thị Yến Quy Nhơn (Bình Định), Thành phố biển, Việt Nam",Bình Định
5167594,Hoàng Hưng Hotel (Hoang Hung Hotel),"51 Nguyen Lac Đường, Tran Phu Phường, Thành phố biển, Việt Nam",Bình Định
37212437,FLC Sea Tower Ocean View Quy Nhon,"Nguyễn Trung Tín, Thành phố biển, Việt Nam",Bình Định
37014105,"Nhà riêng 120 m² 3 phòng ngủ, 2 phòng tắm riêng ở Thành phố biển (KIM căn hộ khách sạn 3pn view biển )","Quy Nhơn (Bình Định), Thành phố biển, Việt Nam",Bình Định
19866378,"Nhà riêng 20 m² 1 phòng ngủ, 1 phòng tắm riêng ở Thành phố biển (Phòng Đơn xinh xắn )","Quy Nhơn (Bình Định), Thành phố biển, Việt Nam",Bình Định
36434229,TMS Quy Nhơn - Lee Xinh,"28 Nguyễn Huệ Quy Nhơn (Bình Định), Thành phố biển, Việt Nam",Bình Định
31181070,"Căn hộ cao cấp 2 phòng ngủ Altara Quy Nhơn tầng cao, view biển - MARIS Condotel (Can ho cao cap 2 phong ngu Altara Quy Nhon tang cao, view bien - MARIS Condotel)","Quy Nhơn (Bình Định), Thành phố biển, Việt Nam",Bình Định
37845372,FLC SEA TOWER Quy Nhơn Apartment - XP Căn Hộ Hướng Biển (FLC SEA TOWER Quy Nhon Apartment - XP Can Ho Huong Bien),"66 Võ Thị Yến Quy Nhơn (Bình Định), Thành phố biển, Việt Nam",Bình Định
46373098,Căn hộ du lịch TMS 5 sao (Can ho du lich TMS 5 sao),"28 Nguyễn Huệ căn 31 Quy Nhơn (Bình Định), Thành phố biển, Việt Nam",Bình Định
23172207,"Căn hộ 67 m² 2 phòng ngủ, 1 phòng tắm riêng ở Quy Nhơn (Căn hộ Cao Cấp An Phú Thịnh Garden Tower)","Vo Nguyen Giap, Việt Nam",Bình Định
64197143,FLC SeaTower Quy Nhơn (FLC SeaTower Quy Nhon),"60 Vo Thi Yen, Thành phố biển, Việt Nam",Bình Định
24084233,"Condotel TMS HOÀNG GIA VIEW BIỂN, TÒA NHÀ CAO NHẤT QUY NHƠN (Condotel TMS HOANG GIA VIEW BIEN, TOA NHA CAO NHAT QUY NHON)","28 Đường Nguyễn Huệ 28 Nguyễn Huệ, Thành phố Quy Nhơn, Việt Nam",Bình Định
7475500,Song Suối homestay (Song Suoi Homestay),"18 Hai Thuong Lan Ong Quy Nhơn (Bình Định), Thành phố biển, Việt Nam",Bình Định
35151542,Abalone House Quy Nhơn,"3/16 Ngô Mây Quy Nhơn (Bình Định), Trung tâm Thành phố Quy Nhơn, Việt Nam",Bình Định
71700639,Nhà Ann – Căn hộ trước bãi biển – Tháp TMS (Ann House - Beach Front Apartment - TMS Tower),"26 Nguyễn Huệ TMS Tower Quy Nhon, Phường Lê Lợi, Thành phố biển, Việt Nam",Bình Định
2259164,King Hotel.,"68 Han Mac Tu Quy Nhơn (Bình Định), Trung tâm Thành phố Quy Nhơn, Việt Nam",Bình Định
66501175,"Căn hộ m² 1 phòng ngủ, 1 phòng tắm riêng ở Thành phố biển (TMS PULLMAN HOTEL, CĂN HỘ TRỰC DIỆN BIỂN)","Quy Nhơn (Bình Định), Thành phố biển, Việt Nam",Bình Định
67471075,TMS Quy Nhon - Rosella Apartment,"28 Nguyễn Huệ Quy Nhơn (Bình Định), Thành phố biển, Việt Nam",Bình Định
37728691,"Nhà riêng 46 m² 14 phòng ngủ, 14 phòng tắm riêng ở Thành phố biển (Thanh Tùng Hotel)","Quy Nhơn (Bình Định), Thành phố biển, Việt Nam",Bình Định
79262073,FLC Sea Tower Quy Nhơn -View Biển (FLC Sea Tower Quy Nhon -View Bien),"49 Võ Thị Yến Quy Nhơn (Bình Định), Thành phố biển, Việt Nam",Bình Định
34426064,"Căn hộ 65 m² 2 phòng ngủ, 2 phòng tắm riêng ở Trung tâm thành phố Quy Nhơn (Maison de Rose Homestay)","388 Nguyễn Thái Học Quy Nhơn (Bình Định), Trung tâm Thành phố Quy Nhơn, Việt Nam",Bình Định
14627961,SALAH HOTEL,"09 Lê Lai Ngô Mây, Thành phố biển, Việt Nam",Bình Định
66720806,"Căn hộ cao cấp 2 phòng ngủ, 1 phòng khách (Can ho cao cap 2 phong ngu, 1 phong khach)","Quy Nhơn (Bình Định), Thành phố biển, Việt Nam",Bình Định
39457406,Mango House Retreat Quy Nhon,"Nhơn Lý, Việt Nam",Bình Định
38588862,"Nhà riêng 400 m² 8 phòng ngủ, 8 phòng tắm riêng ở Quy Nhơn (Denny Homestay)","Denny Homestay, Việt Nam",Bình Định
78326452,Rex Hotel Binh Dinh - by BAY LUXURY,"02 Can Vuong Trạm xe buýt, Việt Nam",Bình Định
63423570,Căn hộ Du lịch Cho Nữ thuê Ở AN PHÚ THỊNH QUY NHƠN giá rẻ (Can ho Du lich Cho Nu thue O AN PHU THINH QUY NHON gia re),"Quy Nhơn, Việt Nam",Bình Định
55942102,Sunny homestay (Sunny Homestay Quy Nhơn),"34 Trần Thị Lý Ghềnh Ráng, Trung tâm Thành phố Quy Nhơn, Việt Nam",Bình Định
31188036,Khách sạn Diễm My (Hotel Diem My),"100 QL19B Phù Cát, Việt Nam",Bình Định
52248567,Khách sạn Khải Hoàn (Khach san Khai Hoan),"02 Nguyễn Tư Quy Nhơn (Bình Định), Trung tâm Thành phố Quy Nhơn, Việt Nam",Bình Định
51655890,FLC Sea Tower Quy Nhơn Condotel Sea View,"44 Võ Thị Yến TT. Bình Định, Thành phố biển, Việt Nam",Bình Định
38667013,Căn hộ khách sạn gần biển TMS Luxury Quy Nhơn - Hanna House (Can ho khach san gan bien TMS Luxury Quy Nhon - Hanna House),"Quy Nhơn (Bình Định), Thành phố biển, Việt Nam",Bình Định
36782101,Tony Apartment -FLC Sea Tower Quy Nhon,"40 Võ Thị Yến Quy Nhơn (Bình Định), Thành phố biển, Việt Nam",Bình Định
79291811,Thien Hai Home,"328 Xuân Diệu Quy Nhơn (Bình Định), Thành phố biển, Việt Nam",Bình Định
34404807,"Căn hộ 60 m² 1 phòng ngủ, 1 phòng tắm riêng ở Thành phố biển (Căn Hộ View biển TMS Qui Nhơn)","Quy Nhơn (Bình Định), Trung tâm Thành phố Quy Nhơn, Việt Nam",Bình Định
548583,Hung Dong Hotel,"11 Tây Sơn Quy Nhơn (Bình Định), Phường Ghềnh Ráng, Thành phố biển, Việt Nam",Bình Định
31607760,"Căn hộ 70 m² 2 phòng ngủ, 2 phòng tắm riêng ở Thành phố biển (Altara Quy Nhơn-Premium Beach Apartment |High view)","76 Trần Hưng Đạo Chung cư cao cấp Altara - . Căn hộ 12.12, Thành phố biển, Việt Nam",Bình Định
23698993,TMS Residences Quy Nhơn - Official,"28 Nguyen Hue Phuong Quy Nhon, Thành phố biển, Việt Nam",Bình Định
36826230,"Căn hộ 110 m² 3 phòng ngủ, 2 phòng tắm riêng ở Trung tâm thành phố Quy Nhơn (Căn Hộ Flc Sea Tower 3PN_Tuyền )","Quy Nhơn (Bình Định), Trung tâm Thành phố Quy Nhơn, Việt Nam",Bình Định
37656762,FLC SEA TOWER QUY NHON APARTMENT,"Nguyễn Trung Tín, Thành phố biển, Việt Nam",Bình Định
71447340,Kaze Home Nhon Ly,"Ky Co Nhon Ly Summer House, Việt Nam",Bình Định
50518251,"Căn hộ 1700 m² 2 phòng ngủ, 2 phòng tắm riêng ở Thành phố biển (Căn Hộ Altara Residences Quy Nhơn)","Quy Nhơn (Bình Định), Thành phố biển, Việt Nam",Bình Định
35068468,"Căn hộ 80 m² 3 phòng ngủ, 2 phòng tắm riêng ở Quy Nhơn (PA house)","Quy Nhơn (Bình Định), Thành phố biển, Việt Nam",Bình Định
37197113,Cá House (Ca House),"17 Phan Bội Châu Quy Nhơn (Bình Định), Thành phố biển, Việt Nam",Bình Định
37555079,Lyly's House - Altara Quy Nhơn - Căn hộ view biển 2 phòng ngủ (Lyly's House - Altara Quy Nhon - Can ho view bien 2 phong ngu),"76 Trần Hưng Đạo Quy Nhơn (Bình Định), Thành phố biển, Việt Nam",Bình Định
65964651,Quy Nhon FLC seatower cosy apartment,"66 Võ Thị Yến Quy Nhơn (Bình Định), Thành phố biển, Việt Nam",Bình Định
37711121,FLC Sea Tower Quy Nhon - 1514 (FLC Sea Tower Quy Nhơn - 1514),"Quy Nhơn (Bình Định), Thành phố biển, Việt Nam",Bình Định
6518274,Kim Hoa Hotel,"03 Nguyen Nhu Do ( so cu 34/3 An Đường vuong), Thành phố biển, Việt Nam",Bình Định
30996987,"Căn hộ 47 m² 1 phòng ngủ, 1 phòng tắm riêng ở Thành phố biển (TMS RUSTIC BEACH)","28 Đường Nguyễn Huệ, Thành phố biển, Việt Nam",Bình Định
65481921,FLC QUY NHƠN-Khách Sạn View Biển-Hồ Bơi 4 Mùa-Minh Apartment (FLC QUY NHON-Khach San View Bien-Ho Boi 4 Mua-Minh Apartment),"Nguyễn Trung Tín, Thành phố biển, Việt Nam",Bình Định
66681991,Quy Nhon TMS cosy apartment,"Quy Nhơn (Bình Định), Thành phố biển, Việt Nam",Bình Định
21826617,"Căn hộ 65 m² 2 phòng ngủ, 1 phòng tắm riêng ở Thành phố biển (Căn hộ Studio ban công view biển TMS (Golden Wave))","28 Nguyen Hue Quy Nhon city, Le Loi Phường, TMS Luxury  Thành phố biển, Việt Nam",Bình Định
59799226,"Căn hộ 50 m² 1 phòng ngủ, 1 phòng tắm riêng ở Thành phố biển (Căn hộ du lịch biển TMS )","Quy Nhơn (Bình Định), Thành phố biển, Việt Nam",Bình Định
39604990,"Căn hộ 400 m² 1 phòng ngủ, 1 phòng tắm riêng ở Quy Nhơn (MyTran Homestay-HauLoan)","Quy Nhơn, Việt Nam",Bình Định
72814204,Căn hộ Quy Nhơn altara Ali (Can ho Quy Nhon altara Ali),"Quy Nhơn (Bình Định), Thành phố biển, Việt Nam",Bình Định
33840154,Khách sạn Vương Quốc 3 (Vương Quốc 3 Hotel),"18 Ngô Văn Sở Quy Nhơn (Bình Định), Thành phố biển, Việt Nam",Bình Định
9362300,"Nhà mặt đất 65 m² 1 phòng ngủ, 1 phòng tắm riêng ở Thành phố biển (BBnB Home Quy Nhon)","8 - 10 Nguyen Cang Phuong Nguyen Van Cu, Thành phố biển, Việt Nam",Bình Định
38787520,Bãi Xếp Beach (Bai Xep Beach),"Tổ 3, khu vực 1 Phường Ghềnh Ráng, Việt Nam",Bình Định
39936245,Căn hộ Altara Quy Nhơn - trung tâm thành phố - giáp biển (Can ho Altara Quy Nhon - trung tam thanh pho - giap bien),"76 Trần Hưng Đạo Quy Nhơn (Bình Định), Thành phố biển, Việt Nam",Bình Định
32355416,"Căn hộ 71 m² 2 phòng ngủ, 2 phòng tắm riêng ở Thành phố biển (An Nhiên Apartment Căn hộ cao cấp Altara Quy Nhơn)","Quy Nhơn (Bình Định), Thành phố biển, Việt Nam",Bình Định
52285632,TMS Quy Nhơn - HupaSeaRest,"28 Nguyễn Huệ Quy Nhơn (Bình Định), Thành phố biển, Việt Nam",Bình Định
23087118,"Căn hộ 50 m² 1 phòng ngủ, 1 phòng tắm riêng ở Trung tâm thành phố Quy Nhơn (FLC sea tower Quy Nhon - Kizz House)","Quy Nhơn (Bình Định), Thành phố biển, Việt Nam",Bình Định
35308672,Căn hộ khách sạn FLC Sea Tower Quy Nhơn Seaview (FLC Sea Tower Quy Nhon Seaview Condotel),"Nguyễn Trung Tín, Thành phố biển, Việt Nam",Bình Định
78975271,Căn hộ TMS OCEAN PANORAMA ( TMS OCEAN PANORAMA - Quy Nhơn Apartment ),"28 Nguyễn Huệ TMS, Phường Lê Lợi, Thành phố biển, Việt Nam",Bình Định
34404067,Căn hộ Sea View - Altara Quy Nhơn (Sea View Apartment - Altara Quy Nhon),"76 Trần Hưng Đạo Quy Nhơn (Bình Định), Thành phố biển, Việt Nam",Bình Định
70957009,"Căn hộ 70 m² 2 phòng ngủ, 2 phòng tắm riêng ở Thành phố biển (Altara residences Quy Nhon- view biển)","Quy Nhơn (Bình Định), Thành phố biển, Việt Nam",Bình Định
69799137,"Nhà riêng m² 3 phòng ngủ, 2 phòng tắm riêng ở Nhơn Lý (Home SÂU)","Nhơn Lý, Việt Nam",Bình Định
78275123,"m² 5 phòng ngủ, 5 phòng tắm riêng ở Thành phố biển (Homestay mi House quy nhon)","Quy Nhơn (Bình Định), Thành phố biển, Việt Nam",Bình Định
36924743,FLC SEA TOWER QUY NHON - JAPANDI HOUSE,"2 Nguyễn Trung Tín FLC Sea Tower Quy Nhơn, Thành phố biển, Việt Nam",Bình Định
51984745,Wins House - FLC Sea Tower Quy Nhon,"44 Võ Thị Yến TT. Bình Định, Thành phố biển, Việt Nam",Bình Định
78342792,Moon Light Hotel Quy Nhon by BAYLUXURY,"26 Nguyen Viet Xuan Quy Nhơn (Bình Định), Trung tâm Thành phố Quy Nhơn, Việt Nam",Bình Định
61725966,Khách sạn H Quy Nhơn (H Hotel Quy Nhơn),"105A Trần Hưng Đạo Hải Cảng, Thành phố biển, Việt Nam",Bình Định
77215749,Căn Hộ FLC SEA TOWER Quy Nhơn View Biển Giá Rẻ (Can Ho FLC SEA TOWER Quy Nhon View Bien Gia Re),"44e Võ Thị Yến Quy Nhơn (Bình Định), Thành phố biển, Việt Nam",Bình Định
33951936,Căn hộ studio 46 m² có 1 phòng tắm riêng ở Trung tâm thành phố Quy Nhơn (FLC SKY BEACH QUY NHON),"Nguyễn Trung Tín, Thành phố biển, Việt Nam",Bình Định
31431505,"Căn hộ 95 m² 3 phòng ngủ, 2 phòng tắm riêng ở Thành phố biển (BBnB Home RESIDENCE (Sai Gon))","Lê Đức Thọ, Thành phố biển, Việt Nam",Bình Định
67846880,FLC Sea Tower Quy Nhơn-Khách Sạn 5 Sao Mặt Biển-Hồ Bơi Bốn Mùa-TT Apartment (FLC Sea Tower Quy Nhon-Khach San 5 Sao Mat Bien-Ho Boi Bon Mua-TT Apartment),"2 Nguyễn Trung Tín 29 Quy Nhơn (Bình Định), Thành phố biển, Việt Nam",Bình Định
36928989,"Căn hộ 110 m² 3 phòng ngủ, 2 phòng tắm riêng ở Trung tâm thành phố Quy Nhơn (FLC SEA TOWER QUY NHON - COLOR HOUSE)","Quy Nhơn (Bình Định), Thành phố biển, Việt Nam",Bình Định
25116480,Khách sạn Century Palace (Century Palace Hotel),"2 Phan Dinh Phung Binh Dinh, Việt Nam",Bình Định
6873795,Khách sạn Anh Vy (Anh Vy Hotel),"08 An Dương Vương Tỉnh Bình Định, Thành phố Quy Nhơn, Việt Nam",Bình Định
68415436,SÓNG Coffee & Homestay (SONG Coffee & Homestay),"Nhơn Hải, Việt Nam",Bình Định
69127458,Nhà Nghỉ Phát Lợi (Nha Nghi Phat Loi),"Phát Lợi  5 phòng, Việt Nam",Bình Định
41605947,Ánh Dương (Anh Duong),"Xa Nhơn Hải Quy Nhơn Bình Định, Việt Nam",Bình Định
79081787,Khách sạn Sơn Hà Quy Nhơn (SƠN HÀ HOTEL QUY NHƠN),"12 TRẦN HOÀN QUY NHƠN NAM GIA LAI Quy Nhơn (Bình Định), Trung tâm Thành phố Quy Nhơn, Việt Nam",Bình Định
76583795,"Nhà riêng 25 m² 2 phòng ngủ, 1 phòng tắm riêng ở Trạm xe buýt (minh tandsf)","Trạm xe buýt, Việt Nam",Bình Định
33882988,"Căn hộ 106 m² 3 phòng ngủ, 2 phòng tắm riêng ở Trung tâm thành phố Quy Nhơn (FLC SEA TOWER CONDOTEL - FLC Sea Tower Jasmine)","Quy Nhơn (Bình Định), Thành phố biển, Việt Nam",Bình Định
15635334,Trieu Hoang Hotel,"37 Chương Dương Quy Nhơn (Bình Định), Thành phố biển, Việt Nam",Bình Định
32700892,"Căn hộ 47 m² 1 phòng ngủ, 1 phòng tắm riêng ở Trung tâm thành phố Quy Nhơn (Unnamed property)","Quy Nhơn (Bình Định), Thành phố biển, Việt Nam",Bình Định
80606377,"Căn hộ m² 1 phòng ngủ, 1 phòng tắm riêng ở Thành phố biển (Homestay Dâu Quy Nhơn)","Quy Nhơn (Bình Định), Thành phố biển, Việt Nam",Bình Định
80156755,"Nhà riêng m² 1 phòng ngủ, 1 phòng tắm riêng ở Thành phố biển (Beachfront Studio Balcony|TMS Quy Nhon Hupasearest)","Quy Nhơn (Bình Định), Thành phố biển, Việt Nam",Bình Định
66720033,"Căn hộ nguyên căn 2 phòng ngủ, 1 phòng khách (Can ho nguyen can 2 phong ngu, 1 phong khach)","Quy Nhơn (Bình Định), Thành phố biển, Việt Nam",Bình Định
36895103,Xuân Hải Complex-Hotel (Xuan Hai Complex-Hotel),"Xuân Hải Thôn 4, Việt Nam",Bình Định
64279350,My Hotel Quy Nhơn (My Hotel Quy Nhon),"8/1 An Dương Vương Quy Nhơn (Bình Định), Thành phố biển, Việt Nam",Bình Định
32194319,"Căn hộ 60 m² 2 phòng ngủ, 1 phòng tắm riêng ở Thành phố biển (TMS Quy Nhon - Panoramic beach view 2BRs apartment)","Quy Nhơn (Bình Định), Thành phố biển, Việt Nam",Bình Định
80165738,FLC Sea Tower - View Biển Quy Nhon (FLC Sea Tower - View Bien Quy Nhon),"42d Võ Thị Yến Quy Nhơn (Bình Định), Thành phố biển, Việt Nam",Bình Định
34164635,"Căn hộ 42 m² 1 phòng ngủ, 1 phòng tắm riêng ở Thành phố biển (Căn hộ TMS PullMan Quy Nhơn)","Quy Nhơn (Bình Định), Thành phố biển, Việt Nam",Bình Định
80156762,"Căn hộ m² 1 phòng ngủ, 1 phòng tắm riêng ở Thành phố biển (Seafront Studio w/Balcony|TMS Quy Nhon Hupasearest)","Quy Nhơn (Bình Định), Thành phố biển, Việt Nam",Bình Định
52220486,"Căn hộ 80 m² 2 phòng ngủ, 2 phòng tắm riêng ở Trung tâm thành phố Quy Nhơn (FLC Sea Tower 2 Phòng Ngủ View Biển)","44 Võ Thị Yến Quy Nhơn (Bình Định), Phường Nguyễn Văn Cừ, Thành phố biển, Việt Nam",Bình Định
23172137,"Căn hộ studio 47 m² có 1 phòng tắm riêng ở Thành phố biển (Condotel TMS Quy Nhon, Phong Cách Hoàng Gia)","Quy Nhơn (Bình Định), Thành phố biển, Việt Nam",Bình Định
23147309,Căn hộ studio 47 m² có 1 phòng tắm riêng ở Thành phố biển (TMS Luxury Homestay Direct Ocean View 1 King bed),"Quy Nhơn (Bình Định), Thành phố biển, Việt Nam",Bình Định
78928199,Kim Thảo Homestay (Kim Thao Homestay),"Quy Nhơn (Bình Định), Thành phố biển, Việt Nam",Bình Định
32886162,Your Home,"8 Tong Phuoc Pho Quy Nhơn (Bình Định), Trung tâm Thành phố Quy Nhơn, Việt Nam",Bình Định
60012111,"Căn hộ 70 m² 2 phòng ngủ, 2 phòng tắm riêng ở Thành phố biển (Căn Hộ Biển Altara Quy Nhơn)","Quy Nhơn (Bình Định), Thành phố biển, Việt Nam",Bình Định
39633312,"Căn hộ 71 m² 3 phòng ngủ, 2 phòng tắm riêng ở Thành phố biển (Cho thuê căn hộ chuẩn khách sạn)","Quy Nhơn (Bình Định), Thành phố biển, Việt Nam",Bình Định
44504126,"Căn hộ 65 m² 2 phòng ngủ, 2 phòng tắm riêng ở Thành phố biển (Căn hộ cao cấp 2 PN Altara Quy Nhơn, view biển)","Quy Nhơn (Bình Định), Thành phố biển, Việt Nam",Bình Định
41438381,"Nhà riêng 118 m² 3 phòng ngủ, 2 phòng tắm riêng ở Trung tâm thành phố Quy Nhơn (Căn hộ cho thuê FLC SeaTower Qui Nhơn HH)","Quy Nhơn (Bình Định), Thành phố biển, Việt Nam",Bình Định
68611267,MầM Homestay (MaM Homestay),"Quy Nhơn (Bình Định), Thành phố biển, Việt Nam",Bình Định
61013937,Khách sạn Kinh Bắc Quy Nhơn (Kinh Bac Hotel Quy Nhon),"1120 ui vang Bãi Dài, Việt Nam",Bình Định
46006621,"Căn hộ 70 m² 1 phòng ngủ, 1 phòng tắm riêng ở Trung tâm thành phố Quy Nhơn (Căn hộ studio )","Quy Nhơn (Bình Định), Thành phố biển, Việt Nam",Bình Định
31473405,"Căn hộ 46 m² 1 phòng ngủ, 1 phòng tắm riêng ở Thành phố biển (Căn Hộ Khách Sạn FLC Sea TowerQuy Nhơn-ND Condotel)","Quy Nhơn (Bình Định), Thành phố biển, Việt Nam",Bình Định
80156754,"Nhà riêng m² 1 phòng ngủ, 1 phòng tắm riêng ở Thành phố biển (Luxury Seaview w/Balcony| TMS Quy Nhon Hupasearest)","Quy Nhơn (Bình Định), Thành phố biển, Việt Nam",Bình Định
43194564,"Căn hộ 1000 m² 2 phòng ngủ, 2 phòng tắm riêng ở Thành phố biển (Căn Hộ Altara Quy Nhơn)","Quy Nhơn (Bình Định), Thành phố biển, Việt Nam",Bình Định
31192454,"Căn hộ 40 m² 1 phòng ngủ, 1 phòng tắm riêng ở Thành phố biển (TMS Quy Nhơn)","Quy Nhơn (Bình Định), Thành phố biển, Việt Nam",Bình Định
32863397,"Căn hộ 12 m² 1 phòng ngủ, 1 phòng tắm riêng ở Nhơn Lý (Nhà Nghĩ Trường Phi)","Nhơn Lý, Việt Nam",Bình Định
31234121,"Căn hộ 75 m² 2 phòng ngủ, 2 phòng tắm riêng ở Thành phố biển (Pineapple)","Quy Nhơn (Bình Định), Thành phố biển, Việt Nam",Bình Định
50004282,"Căn hộ 46 m² 1 phòng ngủ, 1 phòng tắm riêng ở Thành phố biển (QUI NHON LUXURY OCEAN HIGH VIEW #27 FLOORS STUDIO)","Quy Nhơn (Bình Định), Thành phố biển, Việt Nam",Bình Định
30978571,FLC Sea Tower Quy Nhơn - Homestay (FLC Sea Tower Quy Nhơn - Homostay),"01 Nguyen Trung Tin Room 5-29, Nguyen Van Cu Phường, Thành phố biển, Việt Nam",Bình Định
45586129,"Căn hộ 25 m² 1 phòng ngủ, 1 phòng tắm riêng ở Trung tâm thành phố Quy Nhơn (moonlingth hotel)","Quy Nhơn (Bình Định), Trung tâm Thành phố Quy Nhơn, Việt Nam",Bình Định
38589079,FLC Sea Tower Quy Nhơn - Beach View Condotel (FLC Sea Tower Quy Nhon - Beach View Condotel),"Nguyễn Trung Tín, Thành phố biển, Việt Nam",Bình Định
32831311,"Căn hộ 65 m² 2 phòng ngủ, 2 phòng tắm riêng ở Thành phố biển (Căn hộ khách sạn View Biển- Thành phố Quy Nhơn)","Quy Nhơn (Bình Định), Thành phố biển, Việt Nam",Bình Định
21873230,Căn hộ studio 46 m² có 1 phòng tắm riêng ở Thành phố biển (Căn hộ TMS Luxury Homestay 2 giường đôi view biển),"Quy Nhơn (Bình Định), Thành phố biển, Việt Nam",Bình Định
50142265,"Căn hộ 110 m² 2 phòng ngủ, 2 phòng tắm riêng ở Trung tâm thành phố Quy Nhơn (Căn 3PN)","Quy Nhơn (Bình Định), Thành phố biển, Việt Nam",Bình Định
36159944,Căn hộ TMS View Biển Luxury Quy Nhơn (TMS Apartments View Bien Luxury Quy Nhon),"28 Nguyễn Huệ Quy Nhon, Thành phố biển, Việt Nam",Bình Định
55133009,Villa Quy Nhơn Gần Biển Gần Trung Tâm - Biệt Thự Quy Nhơn Gần Biển (Villa Quy Nhon Gan Bien Gan Trung Tam - Biet Thu Quy Nhon Gan Bien),"Lê Thánh Tôn, Thành phố biển, Việt Nam",Bình Định
51131340,"Biệt thự 300 m² 8 phòng ngủ, 8 phòng tắm riêng ở Nhơn Lý (Villa Eo Gió)","Nhơn Lý, Việt Nam",Bình Định
70213556,Nhà Của Táo HomeStay Quy Nhơn (Nha Cua Tao HomeStay Quy Nhon),"18/9 Trần Văn Ơn Quy Nhơn (Bình Định), Thành phố biển, Việt Nam",Bình Định
78342145,Khách sạn Quy Nhơn Center,"51 hoang dieu Quy Nhơn (Bình Định), Trung tâm Thành phố Quy Nhơn, Việt Nam",Bình Định
34014948,"Căn hộ 46 m² 1 phòng ngủ, 1 phòng tắm riêng ở Trung tâm thành phố Quy Nhơn (FLC Sea Tower Quy Nhơn - TT Apartment)","Quy Nhơn (Bình Định), Thành phố biển, Việt Nam",Bình Định
31072664,"Căn hộ 50 m² 1 phòng ngủ, 1 phòng tắm riêng ở Thành phố biển (Bighome Quy Nhơn)","Quy Nhơn (Bình Định), Thành phố biển, Việt Nam",Bình Định
62141028,TMS Quy Nhơn The Maris House (TMS QUY NHƠN THE MARIS HOUSE),"28 Nguyễn Huệ Quy Nhơn (Bình Định), Thành phố biển, Việt Nam",Bình Định
33382554,Căn Hộ TMS 28 Nguyễn Huệ - Xuan Phuong House (Can Ho TMS 28 Nguyen Hue - Xuan Phuong House),"28 Nguyễn Huệ Quy Nhơn (Bình Định), Thành phố biển, Việt Nam",Bình Định
42303337,Gia Hoang Hotel,"10 Tú Xương Quy Nhơn (Bình Định), Thành phố biển, Việt Nam",Bình Định
33956176,"Căn hộ 50 m² 1 phòng ngủ, 1 phòng tắm riêng ở Thành phố biển (TMS Pullman Căn Hộ Quy Nhơn - TMS Aparment)","Quy Nhơn (Bình Định), Thành phố biển, Việt Nam",Bình Định
22985737,SUNSHINE HOTEL,"11 Trần Văn Ơn Quy Nhơn (Bình Định), Thành phố biển, Việt Nam",Bình Định
76855459,"Nhà riêng m² 1 phòng ngủ, 1 phòng tắm riêng ở Quy Nhơn (Nhà của hân)","Quy Nhơn (Bình Định), Thành phố biển, Việt Nam",Bình Định
55140444,"Căn hộ 400 m² 1 phòng ngủ, 13 phòng tắm riêng ở Thành phố biển (KS HOANG PHAT)","Quy Nhơn (Bình Định), Trung tâm Thành phố Quy Nhơn, Việt Nam",Bình Định
38647576,"Căn hộ 71 m² 2 phòng ngủ, 2 phòng tắm riêng ở Thành phố biển (The J'Adore Hotel Quy Nhơn)","Quy Nhơn (Bình Định), Thành phố biển, Việt Nam",Bình Định
25016064,"Căn hộ 47 m² 1 phòng ngủ, 1 phòng tắm riêng ở Thành phố biển (Joyful Seaview Apartment- TMS Quy Nhon)","Quy Nhơn (Bình Định), Thành phố biển, Việt Nam",Bình Định
39068159,"Căn hộ 50 m² 1 phòng ngủ, 1 phòng tắm riêng ở Trạm xe buýt (T^R STUDIO APARMENT)","Trạm xe buýt, Việt Nam",Bình Định
51985843,"Căn hộ 120 m² 3 phòng ngủ, 2 phòng tắm riêng ở Trung tâm thành phố Quy Nhơn (FLC Sea Tower 3 Phòng Ngủ View Biển)","Quy Nhơn (Bình Định), Thành phố biển, Việt Nam",Bình Định
80156756,"Căn hộ m² 1 phòng ngủ, 1 phòng tắm riêng ở Thành phố biển (Chic Studio SeaView | TMS Quy Nhon Hupasearest)","Quy Nhơn (Bình Định), Thành phố biển, Việt Nam",Bình Định
78308336,Lux Căn Hộ View Biển - TMS PullMan SeaView (Lux Can Ho View Bien - TMS PullMan SeaView),"28 Nguyễn Huệ Quy Nhơn (Bình Định), Thành phố biển, Việt Nam",Bình Định
38754526,"Nhà riêng 47 m² 1 phòng ngủ, 1 phòng tắm riêng ở Trung tâm thành phố Quy Nhơn (Flc Sea Tower Quy Nhơn- VIP HOUSE)","Quy Nhơn (Bình Định), Thành phố biển, Việt Nam",Bình Định
78341369,Mira Boutique Hotel Quy Nhon,"20 Han Mac Tu Quy Nhơn (Bình Định), Thành phố biển, Việt Nam",Bình Định
78345487,FLC Sea Tower - Quynhon Homes,"02 nguyen trung tin Quy Nhơn (Bình Định), Thành phố biển, Việt Nam",Bình Định
38580621,"Căn hộ 72 m² 2 phòng ngủ, 2 phòng tắm riêng ở Thành phố biển (Phú Tài Residence - Van Tam Services Viet Nam 3)","Quy Nhơn (Bình Định), Thành phố biển, Việt Nam",Bình Định
38635888,"Căn hộ 47 m² 1 phòng ngủ, 1 phòng tắm riêng ở Thành phố biển (Căn hộ TMS và FLC quy nhơn )","Quy Nhơn (Bình Định), Thành phố biển, Việt Nam",Bình Định
34144475,"Căn hộ 65 m² 2 phòng ngủ, 1 phòng tắm riêng ở Quy Nhơn (Summer's House 2 Quy Nhơn)","Quy Nhơn, Việt Nam",Bình Định
31040306,"Căn hộ 62 m² 2 phòng ngủ, 2 phòng tắm riêng ở Thành phố biển (Armin Homes 2 Bedrooms Ocean View Altara Quy Nhon)","Quy Nhơn (Bình Định), Thành phố biển, Việt Nam",Bình Định
32321094,"Nhà riêng 30 m² 2 phòng ngủ, 1 phòng tắm riêng ở Trung tâm thành phố Quy Nhơn (La Luna Quy Nhon)","Quy Nhơn (Bình Định), Trung tâm Thành phố Quy Nhơn, Việt Nam",Bình Định
7406850,Khách Sạn Biển Xanh Quy Nhơn (Bien Xanh Hotel Quy Nhon),"25 Vo Thi Yen Đường, Thành phố biển, Việt Nam",Bình Định
48543527,Khách sạn Rustic (Rustic Hotel),"21 Trần Cao Vân Trần Phú, Thành phố biển, Việt Nam",Bình Định
30920987,"Căn hộ 71 m² 2 phòng ngủ, 2 phòng tắm riêng ở Thành phố biển (Armin Homes Corner Suites 2 Bedroom with Bathtub)","Quy Nhơn (Bình Định), Thành phố biển, Việt Nam",Bình Định
34259056,"Căn hộ 120 m² 3 phòng ngủ, 3 phòng tắm riêng ở Trung tâm thành phố Quy Nhơn (Căn hộ cao cấp 3 phòng ngủ sát biển FLC Sea Tower)","Quy Nhơn (Bình Định), Thành phố biển, Việt Nam",Bình Định
52668241,"Căn hộ 47 m² 1 phòng ngủ, 1 phòng tắm riêng ở Thành phố biển (Halo Quy Nhơn)","Quy Nhơn (Bình Định), Thành phố biển, Việt Nam",Bình Định
21994531,TMS Apartment studio,"28 Đường Nguyễn Huệ 7, Thành phố biển, Việt Nam",Bình Định
30794718,Căn hộ studio 55 m² có 1 phòng tắm riêng ở Thành phố biển (TMS tầng 20),"Quy Nhơn (Bình Định), Thành phố biển, Việt Nam",Bình Định
36998997,"Căn hộ 54 m² 1 phòng ngủ, 1 phòng tắm riêng ở Thành phố biển (CĂN HỘ ALTARA CAO CẤP)","Quy Nhơn (Bình Định), Thành phố biển, Việt Nam",Bình Định
34465401,"Căn hộ 50 m² 1 phòng ngủ, 1 phòng tắm riêng ở Trung tâm thành phố Quy Nhơn (Căn hộ FLC Sea Tower - Newday Travel Condotel )","Quy Nhơn (Bình Định), Thành phố biển, Việt Nam",Bình Định
37371200,"Căn hộ 83 m² 3 phòng ngủ, 2 phòng tắm riêng ở Quy Nhơn (Quy Nhon Color)","Quy Nhơn, Việt Nam",Bình Định
34145072,"Căn hộ 48 m² 2 phòng ngủ, 1 phòng tắm riêng ở Thành phố biển (T-studio Căn hộ du lịch 2PN ở trung tâm Quy Nhơn)","Quy Nhơn (Bình Định), Thành phố biển, Việt Nam",Bình Định
31496393,"Căn hộ 47 m² 1 phòng ngủ, 1 phòng tắm riêng ở Thành phố biển (Khách sạn ,căn hộ nghỉ dưỡng giá rẻ)","Quy Nhơn (Bình Định), Thành phố biển, Việt Nam",Bình Định
31473368,Lavie2,"28 Nguyễn Huệ Quy Nhơn (Bình Định), Căn hộ TMS LUXURY  Thành phố biển, Việt Nam",Bình Định
36922615,"Căn hộ 45 m² 1 phòng ngủ, 1 phòng tắm riêng ở Trung tâm thành phố Quy Nhơn (FLC Sea Tower - KALA House)","Quy Nhơn (Bình Định), Trung tâm Thành phố Quy Nhơn, Việt Nam",Bình Định
52053427,ALTARA Quy Nhơn - Căn hộ cao cấp RUBY (ALTARA Quy Nhơn - RUBY Luxury Apartment),"76 Tran Hung Dao, Thành phố biển, Việt Nam",Bình Định
35750938,"Căn hộ 45 m² 1 phòng ngủ, 1 phòng tắm riêng ở Thành phố biển (Altara Department, Hải Cảng, Quy Nhơn, Bình Định)","Quy Nhơn (Bình Định), Thành phố biển, Việt Nam",Bình Định
34653352,FLC Sea Tower Codotel Quy Nhon,"66 Võ Thị Yến Quy Nhơn (Bình Định), Thành phố biển, Việt Nam",Bình Định
72816450,TMS Quy Nhơn - Hupasearest Apartment SeaView (TMS Quy Nhon - Hupasearest Apartment SeaView),"28 Nguyễn Huệ Quy Nhơn (Bình Định), Thành phố biển, Việt Nam",Bình Định
33499136,"Căn hộ 47 m² 1 phòng ngủ, 1 phòng tắm riêng ở Trung tâm thành phố Quy Nhơn (The Park Home -FLC Sea Tower căn hộ 47m2 view biển)","Quy Nhơn (Bình Định), Thành phố biển, Việt Nam",Bình Định
32843050,"Căn hộ 47 m² 1 phòng ngủ, 1 phòng tắm riêng ở Thành phố biển (LUXURY 1-Bedroom rental apartment OCEAN VIEW)","Quy Nhơn (Bình Định), Thành phố biển, Việt Nam",Bình Định
64276373,FLC Sea Tower Quy Nhơn-Codotel 5 Sao View Trực Diện Biển-Hồ Bơi 4 Mùa (FLC Sea Tower Quy Nhon-Codotel 5 Sao View Truc Dien Bien-Ho Boi 4 Mua),"2 Nguyễn Trung Tín Quy Nhơn (Bình Định), Thành phố biển, Việt Nam",Bình Định
32515722,FLC Sea Tower Quy Nhơn - Kadupul Home (FLC Sea Tower Quy Nhon - Kadupul Home),"01 Nguyễn Trung Tín Quy Nhơn (Bình Định), Thành phố biển, Việt Nam",Bình Định
37427937,"Căn hộ 45 m² 1 phòng ngủ, 1 phòng tắm riêng ở Thành phố biển (TMS Quy Nhơn 25.31)","Quy Nhơn (Bình Định), Thành phố biển, Việt Nam",Bình Định
33159519,"Căn hộ 50 m² 1 phòng ngủ, 1 phòng tắm riêng ở Thành phố biển (TMS Quy Nhơn căn hộ cao cấp View Biển)","Quy Nhơn (Bình Định), Thành phố biển, Việt Nam",Bình Định
64665774,FLC Sea Tower-Khách Sạn Mặt Biển Trung Tâm TP Quy Nhơn-Hải Apartment (FLC Sea Tower-Khach San Mat Bien Trung Tam TP Quy Nhon-Hai Apartment),"Nguyễn Trung Tín, Thành phố biển, Việt Nam",Bình Định
31211826,"Căn hộ 40 m² 1 phòng ngủ, 1 phòng tắm riêng ở Trung tâm thành phố Quy Nhơn (Unnamed property)","Quy Nhơn (Bình Định), Thành phố biển, Việt Nam",Bình Định
32348710,"Căn hộ 45 m² 1 phòng ngủ, 1 phòng tắm riêng ở Trung tâm thành phố Quy Nhơn (Unnamed property)","Quy Nhơn (Bình Định), Thành phố biển, Việt Nam",Bình Định
35541229,"Căn hộ 600 m² 1 phòng ngủ, 1 phòng tắm riêng ở Thành phố biển (TMS pullman hioo luxury)","Quy Nhơn (Bình Định), Thành phố biển, Việt Nam",Bình Định
37796754,"Căn hộ 47 m² 1 phòng ngủ, 1 phòng tắm riêng ở Trung tâm thành phố Quy Nhơn (Căn hộ FLC SEA TOWER Quy Nhơn - Mon Aparment)","Quy Nhơn (Bình Định), Thành phố biển, Việt Nam",Bình Định
38589024,"Nhà riêng 280 m² 6 phòng ngủ, 1 phòng tắm riêng ở Trung tâm thành phố Quy Nhơn (Sohi Homestay)","Quy Nhơn (Bình Định), Trung tâm Thành phố Quy Nhơn, Việt Nam",Bình Định
38746690,"Căn hộ 47 m² 1 phòng ngủ, 1 phòng tắm riêng ở Trung tâm thành phố Quy Nhơn (FLC Sea Tower Quy Nhơn - VIP HOUSE)","Quy Nhơn (Bình Định), Thành phố biển, Việt Nam",Bình Định
32784739,"Căn hộ 65 m² 2 phòng ngủ, 2 phòng tắm riêng ở Thành phố biển (Căn hộ cao cấp 2 phòng ngủ view cảng biển )","Quy Nhơn (Bình Định), Thành phố biển, Việt Nam",Bình Định
80156759,"Nhà riêng m² 2 phòng ngủ, 1 phòng tắm riêng ở Thành phố biển (Family Seaview Apartment |TMS Quy Nhơn Hupasearest)","Quy Nhơn (Bình Định), Thành phố biển, Việt Nam",Bình Định
34486175,"Căn hộ 110 m² 3 phòng ngủ, 2 phòng tắm riêng ở Trung tâm thành phố Quy Nhơn (FLC SEA TOWER 3BR - Q HOUSE APARTMENT)","Quy Nhơn (Bình Định), Thành phố biển, Việt Nam",Bình Định
72814238,Altara Residences Apartment - Góc View Biển Tầng 15 (Altara Residences Apartment - Goc View Bien Tang 15),"Quy Nhơn (Bình Định), Thành phố biển, Việt Nam",Bình Định
39892686,"Căn hộ 70 m² 2 phòng ngủ, 2 phòng tắm riêng ở Thành phố biển (Căn hộ nghĩ dưỡng cao cấp Altara Residences)","Quy Nhơn (Bình Định), Thành phố biển, Việt Nam",Bình Định
37014340,"Nhà riêng 70 m² 2 phòng ngủ, 2 phòng tắm riêng ở Trung tâm thành phố Quy Nhơn (KIM Căn hộ khách sạn 2pn view biển trung tâm tp)","Quy Nhơn (Bình Định), Thành phố biển, Việt Nam",Bình Định
24179314,Căn hộ studio 46 m² có 1 phòng tắm riêng ở Thành phố biển (Căn hộ sang trọng cho gia đình),"Quy Nhơn (Bình Định), Thành phố biển, Việt Nam",Bình Định
31638400,"Căn hộ 47 m² 1 phòng ngủ, 1 phòng tắm riêng ở Thành phố biển (TMS QUY NHON 2111)","Quy Nhơn (Bình Định), Thành phố biển, Việt Nam",Bình Định
32355086,"Căn hộ 64 m² 2 phòng ngủ, 2 phòng tắm riêng ở Quy Nhơn (COZI APARTEL )","Quy Nhơn (Bình Định), Trung tâm Thành phố Quy Nhơn, Việt Nam",Bình Định
31494498,"Nhà riêng 25 m² 1 phòng ngủ, 1 phòng tắm riêng ở Trung tâm thành phố Quy Nhơn (Khách sạn nhìn ra biển, quảng trường, phố ẩm thực)","Quy Nhơn (Bình Định), Trung tâm Thành phố Quy Nhơn, Việt Nam",Bình Định
47771797,Căn hộ studio 47 m² có 1 phòng tắm riêng ở Thành phố biển (Queen Apartment),"Quy Nhơn (Bình Định), Thành phố biển, Việt Nam",Bình Định
62895944,Salah Hotel Quy Nhon,"09 Le Lai Quy Nhơn (Bình Định), Ngo May Phường, Thành phố biển, Việt Nam",Bình Định
23070632,Căn hộ FLC Sea Tower Quy Nhơn - Hừng Đông Tourist (FLC Sea Tower Apartment Quy Nhon - Hung Dong Tourist),"FLC Sea Tower, Thành phố biển, Việt Nam",Bình Định
51651054,TMS Quy Nhơn-Chuee Homestay (TMS Quy Nhon-Chuee Homestay),"Quy Nhơn (Bình Định), Thành phố biển, Việt Nam",Bình Định
51909015,"Căn hộ 50 m² 1 phòng ngủ, 1 phòng tắm riêng ở Thành phố biển (TMS Quy Nhơn Luxury Homestay - Căn Hộ Du Lịch)","Quy Nhơn (Bình Định), Thành phố biển, Việt Nam",Bình Định
65867796,Khách sạn Cosmo Stars Bạc Liêu (COSMO STARS HOTEL BAC LIEU),"31A Tran Phu Phuong Bạc Lieu, Việt Nam",Bạc Liêu
64608699,Khách sạn Công Tử Bạc Liêu (Hotel Công Tử Bạc Liêu),"139A Hai B Trưng, Phường Bạc Li u, Việt Nam",Bạc Liêu
67598114,SUNRISE Hotel Bac Lieu,"House no 37 - 39, Việt Nam",Bạc Liêu
68145704,Phụng Hoàng Vũ (Phung Hoang Vu),"89 Phan Văn Xoàn Tỉnh Bạc Liêu, Phường 2, Thành phố Bạc Liêu, Việt Nam",Bạc Liêu
18764064,Hotel Sen Việt Bạc Liêu (Hotel Sen Viet Bac Lieu),"86 Ninh Bình Bạc Liêu, Việt Nam",Bạc Liêu
64005153,Khách sạn Lucky (Lucky Hotel),"Phan Dinh Phung, Phường 3, Việt Nam",Bạc Liêu
50110519,Khách sạn Thiên Ân Boutique (THIÊN ÂN BOUTIQUE HOTEL),"VincomHG-01, Phường 7, Việt Nam",Bạc Liêu
35052598,Khách sạn Happy (Happy Hotel),"57-59 Ngô Quang Nhã Happy Hotel, Việt Nam",Bạc Liêu
1809347,Khách sạn New Palace (New Palace Bac Lieu Hotel),"36 Trần Quang Diệu Khu Địa Ốc, P1. Thành phố Bạc Liêu, Việt Nam",Bạc Liêu
10729253,Khách sạn Vân Nhi (Khach san Van Nhi),"56 Đường Lê Hồng Phong, Phường 2, Việt Nam",Bạc Liêu
517296,Sai Gon Bac Lieu Hotel,"2-4-6 Hoàng Văn Thụ Bạc Liêu, Phường 3, Thành phố Bạc Liêu, Việt Nam",Bạc Liêu
63810199,Nhà nghỉ Bình Dân Số 3 (NHA NGHI BINH DAN SO 3),"Bridge, Phường 2, Việt Nam",Bạc Liêu
924063,Khách sạn Trần Vinh (Tran Vinh Hotel),"85-87 Đường Hai Bà Trưng, Việt Nam",Bạc Liêu
17556303,Tru by Hilton Trung tâm thành phố Bắc Giang (Tru by Hilton Bac Giang City Centre),"08 Nguyen Van Cu Đường, Việt Nam",Bắc Giang
48023085,Khách sạn Linn Bắc Giang (Linn Hotel Bac Giang),"218 Nguyễn Thị Lưu Bắc Giang, Việt Nam",Bắc Giang
4124059,Khách sạn Ravatel Luxury Bắc Giang (Ravatel Luxury Hotel Bac Giang),"Đường Hùng Vương 1, Phường Lê Lợi, Việt Nam",Bắc Giang
61642718,Khách sạn Marina Bắc Giang (Marina Hotel Bac Giang),"162 Nguyen Thi Luu, Ngo Quyen Phường, Việt Nam",Bắc Giang
734886,Khách sạn Mường Thanh Grand Bắc Giang (Muong Thanh Grand Bac Giang Hotel),"Quảng trường 3/2, Phường Ngô Quyền, Việt Nam",Bắc Giang
3001017,Nhà Ravatel Bắc Giang (Ravatel Home Bac Giang),"Đường Hùng Vương 1, Phường Lê Lợi, Thành phố Bắc Giang, Việt Nam",Bắc Giang
68696969,Vinhomes Sky Park Bắc Giang by QMP (Vinhomes Sky Park Bac Giang by QMP),"43 Ngô Gia Tự Vinhomes Sky Park, Việt Nam",Bắc Giang
22039369,Khách sạn Korea Bắc Giang (Korea Hotel Bac Giang),"10 Minh Khai 2 Hoang Van Thu, Việt Nam",Bắc Giang
28196964,Khách sạn & Suites Mandala Bắc Giang (Mandala Hotel & Suites Bac Giang),"55 Nguyễn Văn Cừ Tỉnh Bắc Ninh, Phường Bắc Giang, Việt Nam",Bắc Giang
49381642,Khách sạn Sky (Sky Hotel),"No. 41-42, Việt Nam",Bắc Giang
56208600,Khách Sạn Thắng Lợi Bắc Giang (Khach San Thang Loi Bac Giang),"299 Cả Trọng Bắc Giang, Việt Nam",Bắc Giang
66760264,"Nhà riêng 40 m² 1 phòng ngủ, 1 phòng tắm riêng ở Bắc Giang (VIN SkyPark BAC GIANG/1Bed/Self checkin/shadow)","Bắc Giang, Việt Nam",Bắc Giang
52338669,"Căn hộ 100 m² 2 phòng ngủ, 2 phòng tắm riêng ở Bắc Giang (City park view-2BR: Tub&Netflix)","59 Nguyen Van Cu Saigontel Apartment, Ngo Quyen Phường, Việt Nam",Bắc Giang
76969955,Sky Night Hotel 2,"Đường Cao Tốc Bắc   Nam Phía Đông, Việt Nam",Bắc Giang
62265740,"Căn hộ 35 m² 1 phòng ngủ, 1 phòng tắm riêng ở Bắc Giang (Vinhomes Sky Park Bắc Giang A)","Bắc Giang, Việt Nam",Bắc Giang
59602456,Khách sạn Trang Anh Bắc Giang (Trang Anh Hotel Bắc Giang),"Song Khê 1, Việt Nam",Bắc Giang
55641220,Khách sạn Sơn Nữ,"2 floor building Đường Kon Tum, Việt Nam",Bắc Kạn
18089960,Nhà nghỉ Phúc Anh - Cơ sở 1 (Nha nghi Phuc Anh - Co so 1),"Đường Kon Tum 190, Việt Nam",Bắc Kạn
50214818,An vũ hotel (An vu hotel),"472 Đường Kon Tum, Việt Nam",Bắc Kạn
75483969,Thảo Hân Hotel (Thao Han Hotel),"1 Trần Hưng Đạo Bắc Kạn, Việt Nam",Bắc Kạn
61045116,Nặm Pé Homestay,"Thôn Pác Ngòi, Việt Nam",Bắc Kạn
58339329,Duy Tuyên Ba Bể homestay Free BBQ (Duy Tuyen Ba Be Homestay Free BBQ),"Ban Pac Ngoi, Việt Nam",Bắc Kạn
46771261,Ba Bể Homestay - Nhà Nghỉ Trần Thực (Ba Be Homestay - Nha Nghi Tran Thuc),"Thôn Pác Ngòi, Việt Nam",Bắc Kạn
46633886,"Nhà riêng 100 m² 3 phòng ngủ, 5 phòng tắm riêng ở Ba Bể (Ba Bể Hada Homestay)","Đường Tỉnh 254, Việt Nam",Bắc Kạn
47572929,Ba Be Lake - Nhà Nghỉ Thư Nhạc (Ba Be Lake - Nha Nghi Thu Nhac),"nam mẫu ba bể thôn pác ngòi, Việt Nam",Bắc Kạn
33221684,Pac Ngoi Village Homestay,"Thôn pác ngòi, Việt Nam",Bắc Kạn
16895447,Hoàng Quân Homestay (Hoang Quan Homestay),"thôn pác ngòi, Việt Nam",Bắc Kạn
2568991,Ba Be lake-Huyen Hao Homestay,"Pac Ngoi, Việt Nam",Bắc Kạn
28139087,Nhà dân Ba Bể Green (Ba Be Green Homestay),"Pác Ngòi Nam Mẫu Ba Bể Bắc Kạn Pác Ngòi Nam Mẫu Ba Bể Bắc Kạn, Việt Nam",Bắc Kạn
833978,Ba Be Lake View Homestay,"Pac Ngoi Village, Việt Nam",Bắc Kạn
15371877,Hoang Hop Homestay - Hostel,"9JQQ 67X Ba Bể, Việt Nam",Bắc Kạn
2418983,Hoàng Nguyên Homestay (Hoang Nguyen Homestay Ba Be),"254 Pác Ngòi Nam Mẫu, Việt Nam",Bắc Kạn
13876131,Tran Xuan Homestay Ba Be Village,"Thôn pác ngòi xã nam mẫu huyện ba bể Tỉnh bắc Kạn Thôn pác ngòi, Việt Nam",Bắc Kạn
6772559,Trần Thực homestay-Ba bể (Tran Thuc homestay-Ba be),"Thôn pác ngòi - xã nam mẫu - huyện ba bể - Tỉnh bắc cạn pác ngòi - ba bể, Việt Nam",Bắc Kạn
27915093,Nhà nghỉ Trần Xuân (Tran Xuan Homestay),"Pac Ngoi Village, Nam Mau Phường, Việt Nam",Bắc Kạn
18096613,PHÚC ANH Hotel 1 (PHUC ANH Hotel 1),"190 Đường Kon Tum, Việt Nam",Bắc Kạn
55597116,Nhà nghỉ An Vũ Hotel cơ sở 2 (Nha nghi An Vu Hotel co so 2),"381 tá   Giao LÃ m Huyá  n Tá  ng, Việt Nam",Bắc Kạn
45032826,Tran Xuan Homestay - Hostel,"Pac Ngoi Hamlet, Việt Nam",Bắc Kạn
78746245,Nhà nghỉ Quang Hưng (Nha nghi Quang Hung),"ĐT254, Việt Nam",Bắc Kạn
35745148,"Nhà riêng 250 m² 1 phòng ngủ, 1 phòng tắm riêng ở Ba Bể (Nhà Nghỉ Thư Nhạc)","Ba Bể, Việt Nam",Bắc Kạn
59281451,Trần Đức hotel (Tran Đuc hotel),"Đường 254, Việt Nam",Bắc Kạn
61731042,Nhà Nghỉ Minh Đức Homestay (Nha Nghi Minh Đuc Homestay),"xã Nam Mẫu, Việt Nam",Bắc Kạn
18065463,Nhà nghỉ Phúc Anh - Bắc Kạn (Nha nghi Phuc Anh - Bac Kan),"Đường Kon Tum 190, Việt Nam",Bắc Kạn
18924891,"Nhà riêng 130 m² 1 phòng ngủ, 7 phòng tắm riêng ở Ba Bể (Hồ Ba Be nhà riêng có nơi ngắm phong cảnh)","Ba Bể, Việt Nam",Bắc Kạn
55481964,"Nhà riêng 100 m² 9 phòng ngủ, 7 phòng tắm riêng ở An Mã (Dat Diem homestay- Ba Be wooden stilt house)","Ba Bể, Việt Nam",Bắc Kạn
70216506,Ba bể Homestay ngọc trinh (Ba be Homestay ngoc trinh),"Thôn pác ngòi xã nam mẫu huyện ba bể Tỉnh Bắc Kạn, Việt Nam",Bắc Kạn
68603080,Khách sạn Amira Bắc Ninh (Amira Hotel Bắc Ninh),"255A Đường Nguyễn Gia Thiều, Phường Tiền An, Trung tâm Thành phố Bắc Ninh, Việt Nam",Bắc Ninh
3064861,Muong Thanh Luxury Bac Ninh Hotel,"395 Đường Ng Gia Tự, Phường Kinh Bắc, Trung tâm Thành phố Bắc Ninh, Việt Nam",Bắc Ninh
62101559,Orange Crystal Phoenix hotel,"286 Đường Hàn Thuyên, Trung tâm Thành phố Bắc Ninh, Việt Nam",Bắc Ninh
11148891,Grand Phoenix Hotel Bac Ninh,"No 25, Trung tâm Thành phố Bắc Ninh, Việt Nam",Bắc Ninh
60155526,Khách sạn Royal Phoenix Bắc Ninh (Royal Phoenix Hotel Bac Ninh),"16 Phu Dong Thien Vuong, Trung tâm Thành phố Bắc Ninh, Việt Nam",Bắc Ninh
61758656,Khách sạn Royal Bắc Ninh (Bac Ninh Royal Hotel),"Võ Cường, Thành phố Bắc Ninh, Việt Nam",Bắc Ninh
1723741,Khách Sạn & Spa Le Indochina (Le Indochina Hotel & Spa),"Số 45 Nguyễn Đăng Đạo, Phường Suối Hoa, Thành phố Bắc Ninh, Việt Nam",Bắc Ninh
64625935,BEININGGUOJIHOTEL,"38 D. LE THAI TO Võ Cường, Việt Nam",Bắc Ninh
78619109,Khách sạn SKY 2 (SKY 2 HOTEL - KHÁCH SẠN BẮC NINH),"27 P Hoàng Tích Chù Võ Cường, Việt Nam",Bắc Ninh
56361682,Nga Tây hotel 3 (Nga Tay hotel 3),"khách sạn Nga Tây Đại Phúc Bắc Ninh, Trung tâm Thành phố Bắc Ninh, Việt Nam",Bắc Ninh
1161192,Smart Hotel,"2 To Vinh Dien Bắc Ninh, Trung tâm Thành phố Bắc Ninh, Việt Nam",Bắc Ninh
5859562,Khách Sạn & Spa Mandala Bắc Ninh (Mandala Hotel & Spa Bac Ninh),"Khu Thanh Sơn, Phường Vũ Ninh, Việt Nam",Bắc Ninh
40287196,Sky Night Hotel,"50 Sky Night Hotel, Ninh Xa Phường, Việt Nam",Bắc Ninh
36916702,Khu căn hộ Viet Long Complex (Viet Long Complex Residence),"30 Ly Thai To Viet Long Complex Residence, Trung tâm Thành phố Bắc Ninh, Việt Nam",Bắc Ninh
58309764,Modern*1br* Green Pearl Bac Ninh % view pool (Modern*1br* Green Pearl Bac Ninh% Luxury Apt),"Đường L  234  Th  225 i Tổ, Việt Nam",Bắc Ninh
46275620,Khách sạn Kezan - 4M2 (Kezan Hotel - 4M2),"11 Đường V  245  Cường, Việt Nam",Bắc Ninh
78887940,Gisre Home,"22 Vũ Ninh, 319_ 321 Đường H n Thuy n .Vũ Ninh .Thành phố Bắc Ninh .Tỉnh Bắc Ninh, Việt Nam",Bắc Ninh
32208137,Senna Wellness Retreat,"124 Trần Lựu Vũ Ninh, Việt Nam",Bắc Ninh
11117919,Motel Xuân Hòa (Motel Xuan Hoa),"Bắc Ninh, 29 Hàn Mặc Tử Phường Kinh Bắc Thành phố Bắc Ninh 29, Việt Nam",Bắc Ninh
60691145,China Dragon Hotel,"No. 115 Ta Quang Buu, Trung tâm Thành phố Bắc Ninh, Việt Nam",Bắc Ninh
44876113,Khách sạn SKY Bắc Ninh (SKY HOTEL - KHÁCH SẠN BẮC NINH),"36 Nguyen Quyen Sky Motel - 36 Nguyen Quyen Bac Ninh, Trung tâm Thành phố Bắc Ninh, Việt Nam",Bắc Ninh
32696227,Khách sạn Phoenix 3 Bắc Ninh (Phoenix 3 Hotel Bac Ninh),"17 Hai Bà Trưng Phoenix 3 Hotel, Trung tâm Thành phố Bắc Ninh, Việt Nam",Bắc Ninh
65748384,Khách sạn AMY (AMY HOTEL),"Lý Thái Tổ, Trung tâm Thành phố Bắc Ninh, Việt Nam",Bắc Ninh
26837340,Khách sạn Smart 2 (Smart Hotel 2),"92 Huyền Quang Bắc Ninh, Trung tâm Thành phố Bắc Ninh, Việt Nam",Bắc Ninh
76953185,Khách sạn Lotus 4 (Lotus hotel 4 - Khách sạn Bắc Ninh),"180 Đường Âu Cơ, Trung tâm Thành phố Bắc Ninh, Việt Nam",Bắc Ninh
59322707,BEININGHANTINGHOTEL,"36NGOC HAN CONG CHUA PTIEN AN Bắc Ninh, Trung tâm Thành phố Bắc Ninh, Việt Nam",Bắc Ninh
55332596,Khách sạn Lotus 2 (Lotus hotel 2 khách sạn bắc ninh),"62 Tô Hữu, Phường Ninh Xá, Lotus  Trung tâm Thành phố Bắc Ninh, Việt Nam",Bắc Ninh
60692623,Khách sạn Venus Bắc Ninh (Venus Hotel Bắc Ninh),"23 K15 Đường, Vệ An Phường, Trung tâm Thành phố Bắc Ninh, Việt Nam",Bắc Ninh
1061899,Khách Sạn & Căn Hộ Hana1 Bắc Ninh (Hana 1 Apartment & Hotel Bac Ninh),"Số 6-7-8, Phường Võ Cường, Thành phố Bắc Ninh, Việt Nam",Bắc Ninh
55620447,Vienna Royal Hotel Bac Ninh,"32 D. Le Thai To, Việt Nam",Bắc Ninh
73567791,Tung Bach Boutique Hotel,"Tùng Bách Hotel, Việt Nam",Bắc Ninh
67816537,Dream KV HOTEL,"03 Hoài Thanh Ninh Xá, Trung tâm Thành phố Bắc Ninh, Việt Nam",Bắc Ninh
43052904,Kinh Bắc Palace Hotel (Kinh Bac Palace Hotel),"15 Đường Lê Thái Tổ, Việt Nam",Bắc Ninh
9827697,Khách sạn CD (CD Hotel),"32 - 36 Le Thai To Võ Cường, Việt Nam",Bắc Ninh
68598879,"Căn hộ 30 m² 1 phòng ngủ, 1 phòng tắm riêng ở Bắc Ninh (Căn Hộ Evergreen Đối diện FuKang)","Vũ Ninh, Việt Nam",Bắc Ninh
51057656,Khách sạn Atour Phoenix (Atour Phoenix hotel),"286 Đường Hàn Thuyên, Trung tâm Thành phố Bắc Ninh, Việt Nam",Bắc Ninh
78981530,Nhà nghỉ Đức Anh 2,"Cầu Vượt Đồng Xép, Việt Nam",Bắc Ninh
52336343,Khách sạn & Căn hộ Lucky Phoenix (LUCKY PHOENIX HOTEL & APARTMENT),"286 Han Thuyen Bac Ninh City, Suoi Hoa Phường, Trung tâm Thành phố Bắc Ninh, Việt Nam",Bắc Ninh
35958422,luxury phoenix hotel,"288 Hàn Thuyên Bắc Ninh, Trung tâm Thành phố Bắc Ninh, Việt Nam",Bắc Ninh
73191601,Khu nghỉ dưỡng Xanh Melody (Xanh Melody Resort),"Khu do thi AMDI Green City, Việt Nam",Bắc Ninh
74558153,Khách sạn Royal Business (Royal Business Hotel),"Kh ch sạn Đ ng Thành Bắc Ninh, Việt Nam",Bắc Ninh
44467732,Khách sạn J&C (J&C HOTEL),"Provincial Đường 286, Việt Nam",Bắc Ninh
30868802,Khách sạn Dominic (DOMINIC HOTEL),"393 Nguyễn Cao Võ Cường, Việt Nam",Bắc Ninh
75223316,Khách sạn Nghi Thượng (NGHI THUONG HOTEL),"Số 83 L Đăng Đạo, Việt Nam",Bắc Ninh
76059174,Evergreen Bac Giang luxury apartment,"TT. Nếnh, Việt Nam",Bắc Ninh
61769258,Phuong Anh Villa 2,"No. 4 Nguyen Viet Xuan Đường, Trung tâm Thành phố Bắc Ninh, Việt Nam",Bắc Ninh
46120819,"Căn hộ 70 m² 2 phòng ngủ, 1 phòng tắm riêng ở Bắc Ninh (Green Pearl Bac Ninh Asahi 2BRt FREE SWIMMING POOL)","Võ Cường, Việt Nam",Bắc Ninh
34123276,Glory 3 Hotel Korea Street,"166 Ngọc Hân Công Chúa Võ Cường, Phường Ninh Xá, Việt Nam",Bắc Ninh
61769252,LAVANDER HOTEL,"28 Le Thai To Võ Cường, Việt Nam",Bắc Ninh
2809082,Haengbok Hotel,"51 Lê Chân Bắc Ninh, Phường Đại Phúc, Thành phố Bắc Ninh, Việt Nam",Bắc Ninh
49501408,VIOLIN BACNINH HOTEL,"26 Đường L  234  Th  225 i Tổ, Việt Nam",Bắc Ninh
74721718,BERMAN HOTEL,"241 Nguyen Ying Đường, Việt Nam",Bắc Ninh
39806866,"Nhà riêng 55 m² 1 phòng ngủ, 1 phòng tắm riêng ở Bắc Ninh (Asahi%Green Pearl BacNinh 1PN*near Hyundai% )","Võ Cường, Việt Nam",Bắc Ninh
78322677,"Căn hộ m² 1 phòng ngủ, 1 phòng tắm riêng ở Võ Cường (ASH Green Pearl Bac Ninh 1N)","Võ Cường, Việt Nam",Bắc Ninh
75890127,Homestay Phương Đông (Homestay Phuong Đong),"Phố Nguyễn Ấu Miễn, Phường Phương Liễu, Việt Nam",Bắc Ninh
48644345,"Căn hộ 60 m² 2 phòng ngủ, 2 phòng tắm riêng ở Bắc Ninh (ASH*2Br Green Pearl Bac Ninh Near Hyundai)","Võ Cường, Việt Nam",Bắc Ninh
46045254,"Nhà riêng 55 m² 1 phòng ngủ, 1 phòng tắm riêng ở Bắc Ninh (GreenPearl Apartment 1BR BắcNinh)","Võ Cường, Việt Nam",Bắc Ninh
46570254,"Căn hộ 45 m² 1 phòng ngủ, 1 phòng tắm riêng ở Bắc Ninh (Luxury 1br Apartment-BacNinh city-pool/selfcheckin)","Le Thai To Đường, Việt Nam",Bắc Ninh
16157788,KHÁCH SẠN DIAMOND STARS BẾN TRE (DIAMOND STARS BEN TRE HOTEL),"140 HUNG VUONG Bến Tre, Phường 3, Việt Nam",Bến Tre
963857,Ben Tre Riverside Resort,"708 Nguyễn Văn Tư Bến Tre, Phường 7, Việt Nam",Bến Tre
334357,Viet Uc Hotel,"144 Hung Vuong, Phường 3, Việt Nam",Bến Tre
69127490,Hung Vuong Hotel,"Bến Tre, Phường An Hội, Thành phố Bến tre, Việt Nam",Bến Tre
65964602,HoTel MoTeL ĐỒNG KHỞI (HoTel MoTeL ĐONG KHOI),"075 D26 Cảnh Quan, Thành phố Bến Tre, Việt Nam",Bến Tre
34159205,Nhà nghỉ Trúc Mây (Nha nghi Truc May),"133a2 ấp Bình Thạnh xã Bình Phú, Việt Nam",Bến Tre
38685736,Nhà nghỉ Ngọc Duy,"61B ấp Phú Hữu, Xã Hữu Định, Việt Nam",Bến Tre
63942689,Khách Sạn Đông Nam Á 2 (Khach San Đong Nam A 2),"Đại Lộ Đồng Khởi, Việt Nam",Bến Tre
36105583,Ecoco Homestay Mekong,"Ngã tư Lộ Làng Ấp Thới An, Xã Châu Hòa, Huyện Giồng Trôm, Việt Nam",Bến Tre
28933149,Nhà nghỉ K house (NHA NGHI K house),"Tỉnh Bến Tre, 40E  Phường 7, Thành phố Bến Tre, Việt Nam",Bến Tre
27938350,Nhà dân Năm Binh (Nam Binh Homestay),"Cu Lao Long Thanh 181, Việt Nam",Bến Tre
6261524,Khách sạn Huỳnh Thảo (Huynh Thao Hotel),"69C Đồng Văn Cống Bình Phú, Thành phố Bến Tre, Việt Nam",Bến Tre
75796646,Khách sạn Điêu Thuyền Bến Tre (Điêu Thuyền Hotel Bến Tre),"Bến Tre, 18A3  Phường 6, Việt Nam",Bến Tre
63405873,Quốc Phương Riverside homestay (Quoc Phuong Riverside Homestay),"Phú Túc, Việt Nam",Bến Tre
1082971,Ba Danh Homestay & Kitchen - Ben Tre Mekong,"11D Group 3, Việt Nam",Bến Tre
37839856,Homestay Bảo Bình,"156 ap My Duc, Việt Nam",Bến Tre
60714832,Le Mékong Bleu Homestay (Le Mekong Bleu Homestay),"69C ấp Mỹ An C xã Mỹ Thạnh An, Việt Nam",Bến Tre
35133124,Homestay Nam Hàm Luông (Homestay Nam Ham Luong),"204/1 Ấp Thạnh Sơn 1 Tỉnh Bến Tre, Xã Thanh Tân, Huyện Mỏ Cày Bắc, Việt Nam",Bến Tre
33166256,La villa de CoCo Bến Tre (La villa de CoCo Ben Tre),"Ấp Phú Khương, Việt Nam",Bến Tre
35839167,"Nhà trệt 25 m² 1 phòng ngủ, 1 phòng tắm riêng ở Phường 7 (SUNNY BUNGALOWS 2)","Bến Tre, Phường 7, Việt Nam",Bến Tre
633686,Forever Green Resort,"Ấp Phú Khương, Việt Nam",Bến Tre
5835797,Khách sạn Hùng Long Bến Tre,"Tỉnh lộ 885, Huyện Giồng Tr m, Việt Nam",Bến Tre
77689576,Nhà nghỉ - Homestay (Nhà Nghỉ- Homestay Bến Tre),"227A3 Đường Đoàn Hoàng Minh F6 TP Bến Tre, Phường 6, Việt Nam",Bến Tre
65964798,HOTEL MOTeL ĐỒNG KHỞI (HOTEL MOTeL ĐONG KHOI),"Đường 2, Việt Nam",Bến Tre
76064362,Biển Tôm ốc Homestay Bến Tre - Hồ Bơi & BBQ Garden (Bien Tom oc Homestay Ben Tre - Ho Boi & BBQ Garden),"Lộ Cơ Khí, Việt Nam",Bến Tre
47641755,Phòng Sầu Riêng(Durian Room) - Nhà Mơ Homestay (Phong Sau Rieng(Durian Room) - Nha Mo Homestay),"Sơn Đông, Việt Nam",Bến Tre
18769772,HÒANG HÔN HOMESTAY (HOANG HON HOMESTAY),"117/B TRẦN VĂN CẦU MỸ THẠNH AN, Việt Nam",Bến Tre
335367,Mango Home Riverside,"Ap My Huan, Việt Nam",Bến Tre
37783939,Hide Away Bungalows in Ben Tre City,"Mười Chín tháng Năm Thửa 39, Nhon Thanh Phường, Việt Nam",Bến Tre
2600329,Mekong Hotel & Restaurant,"232A Dong Khoi Đại lộ, Việt Nam",Bến Tre
32762860,Người Giữ Rừng homestay (NGƯỜI GIỮ RỪNG HOMESTAY),"ĐT883, Việt Nam",Bến Tre
47429707,HEDDIN homestay (HEDDIN HOMESTAY),"Heddin Coffee, Việt Nam",Bến Tre
64864033,MOTEL Đồng Khởi (MOTEL Đong Khoi),"Nguyễn Thị Định, Việt Nam",Bến Tre
63787871,Khu nghỉ dưỡng Sen Hồng Town (Khu Nghi Duong Sen Hong Town),"749 Bến Tre, Xã Sơn Hòa, Việt Nam",Bến Tre
29379521,Ben Tre Farm Stay,"Cai Suc Bridge, Việt Nam",Bến Tre
33778346,Nông Trại Thảnh Thơi,"Ấp 5, Việt Nam",Bến Tre
41172326,Hoa Lan Motel & Homestay,"Thầy Cai, Phường 8, Việt Nam",Bến Tre
38027168,Khách sạn Sao Mai Bến Tre,"106C ấp Bình Thành Bình Phú, Việt Nam",Bến Tre
11766835,"Bungalow 20 m² 1 phòng ngủ, 1 phòng tắm riêng ở Phường 7 (Sunny Bungalows)","Bến Tre, Phường 7, Việt Nam",Bến Tre
61764617,MOCAY farmstay,"31 ấp An Quới xã Định Thủy, Việt Nam",Bến Tre
59071207,"Căn hộ 20 m² 1 phòng ngủ, 1 phòng tắm riêng ở Phú Khương (Deluxe room with balcony in luxury residence)","Phú Tân, Việt Nam",Bến Tre
45592045,"Phòng Standard giường đôi máy chiếu phim và cửa sổ (Standard room with King bed, Window and Projector)","Phú Tân, Việt Nam",Bến Tre
10653806,Homestay Xóm Dừa Nước (Homestay Xom Dua Nuoc),"Lộ Cầu Nhà Việc Ấp 3, Việt Nam",Bến Tre
45414206,Khách Sạn Vinhomes Huỳnh Hotel (Khach San Vinhomes Huynh Hotel),"949 DT 887 Ấp 2, Việt Nam",Bến Tre
59338785,Ben Tre Inn,"860 Phú Tự Phú Hưng, Việt Nam",Bến Tre
21765480,Maison du Pays de Bến Tre (Maison du Pays de Ben Tre),"Số nhà 239, Xã Thạnh Phú Đông, Huyện Giồng Trôm, Việt Nam",Bến Tre
32272169,BenTrestay,"Phú Hưng, Việt Nam",Bến Tre
35036877,Phòng Mơ - Nhà Mơ Homestay Bến Tre (Phong Mo - Nha Mo Homestay Ben Tre),"Sơn Đông, Việt Nam",Bến Tre
78059516,Nhà Nghỉ Homestay Bến Tre (Nha Nghi Homestay Ben Tre),"Khách sạn Bến Tre 1, Phường 6, Việt Nam",Bến Tre
9887560,Coco Happy Farm (Coco Happy Farm ),"Hoa Binh hamlet 2, Giong Trom Phường, Việt Nam",Bến Tre
54463949,Comfy Riverside Mekong homestay Ben Tre,"Cầu Cái Sơn nhơn thạnh, Việt Nam",Bến Tre
48927243,Homestay Bến Tre,"156 Ap My Duc, Việt Nam",Bến Tre
74573406,Homestay Xom Que,"Phan Chu Trinh, Việt Nam",Bến Tre
984522,Charming Countryside Homestay,"208D Tổ 10 Ấp 4, Xã Nhơn Thạnh, Việt Nam",Bến Tre
76968958,Khách sạn Oasis (Khach san Oasis),"151c Âu Cơ Mỹ Thạnh An, Việt Nam",Bến Tre
9352823,Mecong Homestay,"Phú Hưng, Đường Nguyễn Đình Chiểu 398D Ấp Phú Chiến xã Phú Hưng Thành phố Bến Tre Tỉnh Bến Tre 398D ấp Phú Chiến xã Phú Hưng Thành phố Bến Tre Tỉnh Bến Tre, Việt Nam",Bến Tre
47639768,Phòng Chôm Chôm (Rambutan Room) - Nhà Mơ Homestay Bến Tre (Phong Chom Chom (Rambutan Room) - Nha Mo Homestay Ben Tre),"Sơn Đông, Việt Nam",Bến Tre
58938208,Khách sạn Đại An Bến Tre (Dai An Hotel Ben Tre),"No. 234D8 Hùng Vuong, Việt Nam",Bến Tre
65964761,HOTEL MOTeL Đồng Khởi (HOTEL MOTeL Đong Khoi),"D26 Cảnh Quan, Phường Phú Tân, Thành phố Bến Tre, Việt Nam",Bến Tre
47639265,Entire Second Floor - Nguyên Tầng 2 - Nhà Mơ Homestay Bến Tre (Entire Second Floor - Nguyen Tang 2 - Nha Mo Homestay Ben Tre),"Sơn Đông, Việt Nam",Bến Tre
16386381,Du lịch Hạ Thảo Bến Tre (Du lich Ha Thao Ben Tre),"Ấp 3, Thành phố Bến Tre, Việt Nam",Bến Tre
41278071,"Nhà riêng 200 m² 3 phòng ngủ, 5 phòng tắm riêng ở Bến Tre (Hoa Lan Motel & Homestay )","Bến Tre, Phường 8, Việt Nam",Bến Tre
3628859,Bentre Coco Lodge,"THANH TÊN, Phường 7, Việt Nam",Bến Tre
56325345,Bentrestay,"07C Phú Hào, Việt Nam",Bến Tre
80120567,Trịnh's House (Trinh's House),"Phú Đức, Việt Nam",Bến Tre
49391915,"Căn hộ 310 m² 5 phòng ngủ, 3 phòng tắm riêng ở Hữu Định (Trốn Homestay Bến Tre)","Phú Hưng, Việt Nam",Bến Tre
41591662,"Nhà riêng 1000 m² 5 phòng ngủ, 3 phòng tắm riêng ở Bình Phú (Hoa Lan Homestay & Garden)","Bình Phú, Việt Nam",Bến Tre
41398170,Vacations time in Vietnam 1,"Ấp Tân hoà ngoài, Việt Nam",Bến Tre
47378532,"Nhà riêng 100 m² 1 phòng ngủ, 1 phòng tắm riêng ở Sơn Đông (Durian Room - Nhà Mơ Homestay Bến Tre)","Sơn Đông, Việt Nam",Bến Tre
60720104,Unwind in the 'Nacre shell' room,"Ấp Mỹ An C, Việt Nam",Bến Tre
78053876,Khách Sạn Bến Tre (Khach San Ben Tre),"Khách sạn Bến Tre 13, Phường 6, Việt Nam",Bến Tre
47640650,Phòng Măng Cụt (Mangosteen room) - Nhà Mơ Homestay Bến Tre (Phong Mang Cut (Mangosteen room) - Nha Mo Homestay Ben Tre),"Sơn Đông, Việt Nam",Bến Tre
79295948,Homestay and Tour Ben Tre,"148 Hùng Vương Bến Tre, Phường 3, Việt Nam",Bến Tre
71714081,Homestay Bao Binh,"156 My Duc Binh Phu, Việt Nam",Bến Tre
71657551,"Nhà riêng m² 1 phòng ngủ, 1 phòng tắm riêng ở Mỹ Thành (Modern Thatch)","16 Lộ Cầu Nhà Việc Mỹ Thành, Việt Nam",Bến Tre
32880163,Coco Farmstay,"Thanh Son 4 Hamlet, Thanh Tan Phường, Việt Nam",Bến Tre
6430907,Nguyet Que Homestay & Tours,"75Đ Ấp 4, Xã Nhơn Thạnh Thành phố Bến Tre, Việt Nam",Bến Tre
65393904,"m² 1 phòng ngủ, 3 phòng tắm riêng ở Phú Hưng (Nhà nana)","Phú Hưng, Việt Nam",Bến Tre
65964472,Về Nhà homestay (Ve Nha homestay),"Về Nhà Homestay, Việt Nam",Bến Tre
33840125,"Nhà riêng 100 m² 1 phòng ngủ, 2 phòng tắm riêng ở Phường 7 (Lò Gạch)","Bến Tre, Phường 7, Việt Nam",Bến Tre
36062395,"Nhà riêng 25 m² 1 phòng ngủ, 1 phòng tắm riêng ở Bến Lức (SUNNY BUNGALOW 3)","Bến Tre, Phường 7, Việt Nam",Bến Tre
35041669,Phòng Dừa - Nhà Mơ Homestay Bến Tre (Phong Dua - Nha Mo Homestay Ben Tre),"Sơn Đông, Việt Nam",Bến Tre
47640845,Entire House - Nhà nguyên căn - Nhà Mơ Homestay Bến Tre (Entire House - Nha nguyen can - Nha Mo Homestay Ben Tre),"Sơn Đông, Việt Nam",Bến Tre
78326156,MOTEL DONG KHOI,"D26 KDT Hung Phu, Việt Nam",Bến Tre
60738252,Nhà Nguyên Căn - Entire house - Nhà Mơ Homestay Bến Tre (Nha Nguyen Can - Entire house - Nha Mo Homestay Ben Tre),"Sơn Đông, Việt Nam",Bến Tre
6165699,khách sạn max boutique (max boutique hotel),"Số 117 Đường Vườn Cam, Phường Hợp Giang, Thành phố Cao Bằng, Việt Nam",Cao Bằng
36709877,Mường Thanh Luxury Cao Bằng (Muong Thanh Luxury Cao Bang),"42 Kim Đồng Cao Bằng, Việt Nam",Cao Bằng
55318906,Cao Bang Siu homestay (Cao Bang Siu Homestay),"20 Phố Thầu Cao Bằng, Phường Hợp giang, Việt Nam",Cao Bằng
63353065,CLOVER HOUSE (CLOVER HOUSE ),"28 Thau Đường, Hop Giang Phường, Việt Nam",Cao Bằng
13307933,Khách Sạn Bảo Ngọc Diamond (Bao Ngoc Diamond Hotel),"124 phố Bế Văn Đàn TP Cao Bằng, Phường Hợp Giang, Việt Nam",Cao Bằng
38008580,Khách sạn La Maison Boutique (La Maison Boutique Hotel),"1 Hoàng Đình Giong Cao Bằng, Việt Nam",Cao Bằng
28340158,MiCasa - Nhà gác mái trên đỉnh đồi (MiCasa - Nha gac mai tren đinh đoi),"tổ 07, Phường Hòa Chung, Việt Nam",Cao Bằng
55016165,Bản Nhỏ - Little Village (Ban Nho - Little Village),"Ql3, Việt Nam",Cao Bằng
62182350,Khuoi Han Ecolodge Cao Bang,"M7Q7 273, Việt Nam",Cao Bằng
53014927,Khách sạn Indigen Boutique Cao Bằng (Indigen Boutique Hotel Cao Bằng),"83 Xuan Truong Cao Bang City, Hop Giang Phường, Việt Nam",Cao Bằng
40302602,Kha Bản Homestay (Kha Ban Homestay),"3 Pắc Bó Số nhà 048 Ngõ 3 Đường Pắc Bó, Việt Nam",Cao Bằng
60893047,Sen's Homestay - Motorbike Rental - Tours- Cao Bang City,"060 Tổ 7, Phường Ngọc Xuân, Việt Nam",Cao Bằng
38536692,DH Homestay Cao Bằng (DH Homestay Cao Bang),"153 Nước Giáp Hợp Giang Cao Bằng, Việt Nam",Cao Bằng
35900679,Green Riders House - Motorbike Rental & Tours,"35 tổ 11 Nà Cạn Cao Bằng, Phường Sông Bằng, Việt Nam",Cao Bằng
67632025,Primrose Homestay (Primrose Homestay Cao Bang),"No 18, Hop Giang Phường, Việt Nam",Cao Bằng
14651636,KHÁCH SẠN HIGHLANDS CAO BẰNG (HIGHLANDS HOTEL CAO BANG),"019 Ly Tu Trong Hop Giang, Việt Nam",Cao Bằng
66233983,Bao Lac Homestay Hostel & Coffee,"Kha R o Village, Việt Nam",Cao Bằng
31424634,An Homestay & Hostel,"Cao Bằng, 036 tổ 9 Phường sông bằng, Việt Nam",Cao Bằng
32266787,Lan's home,"68 Lý Tự Trọng Cao Bằng, Việt Nam",Cao Bằng
35232366,Thanh Sơn Homestay-Cao Bằng (Thanh Son Homestay-Cao Bang),"Cao Bằng, M782 2V7 Đường thanh sơn Thành phố cao bằng Tỉnh cao bằng, Việt Nam",Cao Bằng
46060673,Tít Mít Homestay (Tít Mít HomeStay),"Cao Bằng, A013 TỔ 4 Phường T N GIANG TH NH PHỐ CAO BẰNG, Việt Nam",Cao Bằng
26054281,Tường Vân Legend Hotel (Tuong Van Legend Hotel),"tổ 1, Phường Đề Thám, Thành phố Cao Bằng, Việt Nam",Cao Bằng
7261716,Gia Bảo homestay (Gia Bao Homestay),"Số nhà 138, Phường Ngọc Xuân, Thành phố Cao Bằng, Việt Nam",Cao Bằng
36734104,Mỡ homestay (Mỡ homestay Cao Bằng ),"Cao Bằng, Phường 11, Việt Nam",Cao Bằng
2648504,Minh Hoang Hotel & Homestay,"98 Kim Dong Hop Giang, Việt Nam",Cao Bằng
17008386,Khách sạn Los Angeles Cao Bằng (Hotel Los Angeles Cao Bang),"Cao Bằng, 93-Xuan Truong Đường -Hop Giang Phường, Việt Nam",Cao Bằng
39406715,Mỡ Villa Cao Bằng (Mo Villa Cao Bang),"TNR Star center, tổ 02 Phường Đề Thám, Việt Nam",Cao Bằng
2615435,Khách sạn Dương Hà (Duong Ha Hotel),"Số nh 036, Phường S ng Bằng, Việt Nam",Cao Bằng
63330388,Khách sạn Indigen Riverside (Indigen Riverside Hotel Cao Bang),"31 Đường Hiến Giang, Việt Nam",Cao Bằng
29447035,Green Hotel Cao Bằng (Green Hotel Cao Bang),"Cao Bằng, tổ 11 Phường sông bằng.Tp Cao Bằng số nhà 040, Việt Nam",Cao Bằng
64200915,"60 m² 4 phòng ngủ, 5 phòng tắm riêng ở Cao Bằng (Tom Homestay Cao Bằng)","191b Phố Kim Đồng Cao Bằng, Phường Hợp giang, Việt Nam",Cao Bằng
37892149,HỒNG PHƯƠNG HOTEL (HONG PHUONG HOTEL),"039 Khu Tái Định Cư 3, Tổ 1 Phường Đề Thám, Thành phố Cao Bằng, Việt Nam",Cao Bằng
9364351,Gia Quy Hotel,"007 Đường Hoàng Đình Giong, Phường Hợp Giang, Thành phố Cao Bằng, Việt Nam",Cao Bằng
66753675,Khách sạn Hoàng Anh (Khach san Hoang Anh),"Cao Bằng Số 131 Kim Đồng, Phường Hợp Giang, Thành phố Cao Bằng, Việt Nam",Cao Bằng
60790726,Sunshine Hotel - Cao Bang,"căn 29-30 shophow quảng trường, tổ 2 Phường Đề Thám, Việt Nam",Cao Bằng
1602702,Jeanne Hotel,"99 Kim Dong Hop Giang, Việt Nam",Cao Bằng
68225346,Bảo Ngọc Diamond Hotel 2 (Bao Ngoc Diamond Hotel 2),"114 Bế Văn Đàn tổ dân phố 3, Phường Hợp Giang, Việt Nam",Cao Bằng
77627382,Queen House,"Cầu Bằng Giang, Việt Nam",Cao Bằng
78346824,Duc Trung Hotel CB by Bayluxury,"85 Be Van Dan Cao Bằng, Việt Nam",Cao Bằng
59431315,Khách sạn Đức Khôi (Duc Khoi Hotel),"11 Cao Bang, Song Bang Phường, Việt Nam",Cao Bằng
77464816,Khách sạn An Gia,"97 Kim Đồng Cao Bằng, Phường Hợp giang, Việt Nam",Cao Bằng
40307838,Homestay Quyết Thương (Homestay Quyet Thuong),"Cao Bằng, Việt Nam",Cao Bằng
40351799,Minh Long Hotel - Motorbike Rental - Cao Bang City,"Đường Quảng Trường, Việt Nam",Cao Bằng
55982837,Nhà hàng 34 Nga Lượng Cao Bằng (Nha hang 34 Nga Luong Cao Bang),"Sá   nhÃ 001, Việt Nam",Cao Bằng
39409436,Su Homestay,"Tổ 9, Phường Sông Bằng, Việt Nam",Cao Bằng
45877879,Trường An Hotel,"116 Phố Thầu Trường An Hotel, Việt Nam",Cao Bằng
50618113,Minh Loan Hotel,"162 Đường Tỉnh 203 Khu Giữa, Việt Nam",Cao Bằng
36774667,Snu Motel,"SNU COFFEE   MOTEL, Việt Nam",Cao Bằng
40322970,Hồ Thang Hen (Ho Thang Hen),"Đường 205 Khu du lịch sinh thái Hồ Thang Hen, Việt Nam",Cao Bằng
55897803,Pamela Homestay (Pamela Homestay Cao Bang),"064 Đường Hiến Giang, Phường Hợp giang, Việt Nam",Cao Bằng
70873668,Khách sạn Hoa Việt (Hoa Việt Hotel),"14 Phố Kim Đồng Hợp Giang, Việt Nam",Cao Bằng
61296059,Chi's House - Homestay (Chi's House - Homestay Cao Bang),"4 Phố Thầu Cao Bằng, Việt Nam",Cao Bằng
43574721,Hồng Vân Homestay (Hong Van Homestay),"Hồng Việt, Việt Nam",Cao Bằng
62423919,Khách sạn Vườn Cam Cao Bằng (Vườn Cam Hotel Cao Bằng),"118 Vườn Cam Cao Bằng, Phường Hợp giang, Việt Nam",Cao Bằng
61415936,Cá Homestay (Cá Homestay - Cao Bằng),"Nước Giáp, Việt Nam",Cao Bằng
52209051,Khách sạn Thuỳ Dương (Thuỳ Dương Hotel),"Bao Lac Town, Việt Nam",Cao Bằng
76799855,An Mai Homestay,"52 Phố Cũ An Mai Homestay, Phường Hợp giang, Việt Nam",Cao Bằng
66179065,Khách sạn Phương Linh (Phương Linh Hotel),"Tổ d n phố 2, Việt Nam",Cao Bằng
12545789,"Nhà mặt đất 100 m² 9 phòng ngủ, 6 phòng tắm riêng ở Cao Bằng (Homestay khuoi khon)","Cao Bằng, Việt Nam",Cao Bằng
61732611,Chi's House - homestay (Chi's House - Homestay Cao Bang),"08 Phố Thầu Cao Bằng, Phường Hợp giang, Việt Nam",Cao Bằng
72812958,Gold Hotel,"Cao Bằng, Phường Sông Hiến Tổ 5, Việt Nam",Cao Bằng
55618132,cat homestay,"222 Tổ 11 Cao Bằng, Việt Nam",Cao Bằng
78421741,Khách sạn Á Đông Cao Bằng (Khach san A Đong Cao Bang),"Khách sạn Á Đông - Cao Bằng, Việt Nam",Cao Bằng
66170373,Khu nghỉ dưỡng KOLIA (KOLIA RESORT),"X m Phia Đ n, Huyện Nguy n Bình, Việt Nam",Cao Bằng
23748438,58M Motel,"Cao Bằng, Khu tái định cư I Phường Sông Hiến, Việt Nam",Cao Bằng
63055155,Gia Linh Homestay,"129 Nước Giáp Cao Bằng, Việt Nam",Cao Bằng
77689597,Khách sạn Hồng Thu (Hong Thu Hotel),"205 Phố Kim Đồng Cao Bằng, Phường Hợp giang, Việt Nam",Cao Bằng
55982266,Nhà hàng Khách Sạn 34 Nga Lượng Cao Bằng (Nha hang Khach San 34 Nga Luong Cao Bang),"Số nhà 001, Phường Sông Hiến, Thành phố Cao Bằng, Việt Nam",Cao Bằng
71394758,"m² 3 phòng ngủ, 2 phòng tắm riêng ở Cao Bằng (Chill Homestay)","Cao Bằng, Việt Nam",Cao Bằng
70215897,Nhà nghỉ Hoa Hồng (Nha nghi Hoa Hong),"Tổ 12, Việt Nam",Cao Bằng
66176576,Loop Hostel (Loop Hostel Cao Bằng),"276 Tổ 4 Vò Nhạn, Việt Nam",Cao Bằng
70732963,"Căn hộ 53 m² 1 phòng ngủ, 1 phòng tắm riêng ở Cao Bằng (Nhà của Vũ)","Cao Bằng, Việt Nam",Cao Bằng
66232790,Khách sạn Như Quỳnh (Như Quỳnh Hotel),"Tổ D, Việt Nam",Cao Bằng
59271239,Cao Bang Loop Homestay - Camping & Daily Trekking Tour,"Cao Bằng, Xã Cao Chương, Việt Nam",Cao Bằng
35313851,Hotel 99,"Group 10, Ngoc Xuan Phường, Việt Nam",Cao Bằng
79124371,Nhà Nghỉ Gia Linh (Nha Nghi Gia Linh),"129 Nước Giáp 8 phòng nghỉ Cao Bằng, Việt Nam",Cao Bằng
1195868,Khách sạn Mường Thanh Luxury Cà Mau (Muong Thanh Luxury Ca Mau Hotel),"84290 222 8888 Lo C03 A - Khu Trung Tam Hanh Chinh   Chinh Tri Tinh Ca Mau, Việt Nam",Cà Mau
7394734,Khách Sạn Phú Cường Cà Mau (Phu Cuong Hotel Ca Mau),"1000000 Pham Ngoc Hien Đường, Việt Nam",Cà Mau
31998528,Khách sạn Ruby (RUBY HOTEL),"19-20A Hung Vuong Ca Mau City, Phường 7, Thành phố Cà Mau, Việt Nam",Cà Mau
49684826,Khách sạn The One Cà Mau,"MG2-19-20-23-24, Phường 1, Việt Nam",Cà Mau
266768,Khách sạn Ánh Nguyệt (Anh Nguyet Hotel),"207 Phan Ngọc Hiển, Phường 6, Thành phố Cà Mau, Việt Nam",Cà Mau
4946187,NHÀ KHÁCH KEN (NHA KHACH KEN),"17H Huynh Thuc Khang bridge Cà Mau, Phường 7, Việt Nam",Cà Mau
9379333,Thanh Truc Hotel Ca Mau,"113 Ngô Quyền Cà Mau, Phường 1, Thành phố Cà Mau, Việt Nam",Cà Mau
3318119,Song Hung Hotel,"28 Phan Ngọc Hien Đường, Phường 2, Việt Nam",Cà Mau
25128100,KHÁCH SẠN TIẾN PHÁT (KHACH SAN TIEN PHAT),"393A Ly Thuong Kiet Cà Mau, Phường 6, Việt Nam",Cà Mau
38507463,Nhà Khách Vạn Thành (Nha Khach Van Thanh),"96 Huỳnh Thúc Kháng Cà Mau, Việt Nam",Cà Mau
29387156,Như Ngọc Motel (Nhu Ngoc Motel),"Hẻm 221 khóm 3, Việt Nam",Cà Mau
79116569,Khách sạn Hồng Đức - Hồng Đức Hotel (Khach san Hong Đuc - Hong Đuc Hotel),"Tỉnh Cà Mau, Khách sạn Hồng Đức - Hồng Đức  Phường Tân Thành, Việt Nam",Cà Mau
15625358,Dong Anh Hotel,"25 Đường Trần Hưng Đạo, Phường, Việt Nam",Cà Mau
50600100,Khách sạn The One Cà Mau 2 (Khách Sạn The One Hotel Cà Mau 2),"Vincom Plaza, Phường 9, Thành phố Cà Mau, Việt Nam",Cà Mau
34399427,Khách sạn Thiên Lộc Cà Mau (Thien Loc Ca Mau Hotel),"Cà Mau, Quan Lo Phung Hiep Đường Tan Thanh Phường Ca Mau city, Việt Nam",Cà Mau
5263201,Sao Kim,"03 Lưu Tấn Tài, Phường 5, Việt Nam",Cà Mau
79832596,Khu nghỉ dưỡng THU DUY (THU DUY Resort),"323 Lý Thường Kiệt Cà Mau, Phường 6, Việt Nam",Cà Mau
45882328,Khách sạn Thiên Phúc (Khach san Thien Phuc),"38 Lý Bôn 03 Cà Mau, Việt Nam",Cà Mau
7291113,Khách Sạn Phú An (Phu An Hotel),"24 Nguyễn Ngọc Sanh, Phường 5, Việt Nam",Cà Mau
544427,Quoc Te Hotel,"179 Đường Phan Ngọc Hiển, Việt Nam",Cà Mau
37305910,Nhà khách 369 (Nha khach 369),"169 Đường Lương Thế Vinh, Việt Nam",Cà Mau
31060078,Nhà nghỉ Khánh Nhi (Motel Khanh Nhi),"Đường 30/4, Thành phố Cà Mau, Việt Nam",Cà Mau
30957685,Bungalow - Farmstay Hoa Rừng U Minh (Bungalow - Farmstay Hoa Rung U Minh),"Ấp 15, Việt Nam",Cà Mau
76428205,RUBY Ca Mau,"19 Hùng Vương Cà Mau, Phường 7, Việt Nam",Cà Mau
59085811,PHẠM Homestay Ca Mau (PHAM Homestay Ca Mau),"Cà Mau, Việt Nam",Cà Mau
60745901,Nhà Nghỉ THANH LIÊM (Nha Nghi THANH LIEM),"146 Nguyễn Tất Thành Cà Mau, Việt Nam",Cà Mau
60281848,"Căn hộ m² 1 phòng ngủ, 1 phòng tắm riêng ở Cà Mau (Homestay Nguyễn Hùng)","Cà Mau, Việt Nam",Cà Mau
62155789,Thanh Nhàn 1 Hotel Cà Mau - by BAYLUXURY (Thanh Nhan 1 Hotel Ca Mau - by BAYLUXURY),"129 Đường Lý Thường Kiệt, Việt Nam",Cà Mau
78340715,Khách Sạn Nguyên Hương (Khach San Nguyen Huong),"293 QL1A, Việt Nam",Cà Mau
21820974,Anh Thu Hotel,"385 Ly Thuong Kiet Cà Mau, Việt Nam",Cà Mau
60746251,Nhà Nghỉ THANH LIÊM (Nha Nghi THANH LIEM),"146 Nguyễn Tất Thành Cà Mau, Việt Nam",Cà Mau
67769346,Khách sạn MES - Ngay Bến Ninh Kiều (MES HOTEL - Ngay Ben Ninh Kieu),"18 Tân Trào, Cần Thơ, Việt Nam",Cần Thơ
21635966,Apple Hotel,"431 30/4 Đường, Cần Thơ, Việt Nam",Cần Thơ
41658935,Khách sạn Peony (Peony Hotel),"31 Chau Van Liem Đường, Cần Thơ, Việt Nam",Cần Thơ
64855051,LION 15 Hotel,"K9-12 Võ Nguyên Giáp, Cần Thơ, Việt Nam",Cần Thơ
71107202,Khách sạn Winny (Winny Hotel),"22B Đường Lê Thánh Tôn, Cần Thơ, Việt Nam",Cần Thơ
304309,Khách sạn Vạn Phát Riverside (Van Phat Riverside Hotel),"số 2 Đường Nguyễn Văn Cừ (cồn Khương), Phường Cái Khế, Cần Thơ, Việt Nam",Cần Thơ
690135,Khách sạn Lion 8 (LION 8 Hotel),"79B Phạm Ngọc Thạch Cai Khe, Cần Thơ, Việt Nam",Cần Thơ
46886612,Charmant Suites a Boutique Hotel Cần Thơ (Charmant Suites a Boutique Hotel Can Tho),"45 Ngo Quyen Can Tho City, Ninh Kieu Phường, Cần Thơ, Việt Nam",Cần Thơ
51623761,Khách sạn Wink Cần Thơ Ninh Kiều Wharf - 24hrs stay & Rooftop Pool Bar (Wink Hotel Can Tho Ninh Kieu Wharf - 24hrs stay & Rooftop Pool Bar),"14 Phan Dinh Phung Tan An, Việt Nam",Cần Thơ
907601,Khách sạn Mường Thanh Luxury Cần Thơ (Muong Thanh Luxury Can Tho Hotel),"Area E1, Cai Khe Phường, Cần Thơ, Việt Nam",Cần Thơ
78705205,Khách sạn MBee (MBee Hotel),"79 Võ Văn Tần Tân An, Cần Thơ, Việt Nam",Cần Thơ
76929593,LION 17 Hotel,"62 Đường 30 Tháng 4 6, Cần Thơ, Việt Nam",Cần Thơ
52275401,Khách sạn Kiến An Cần Thơ (Kiến An Hotel Cần Thơ),"25B Dinh Cong Trang Đường, Cần Thơ, Việt Nam",Cần Thơ
37286343,LION 6 HOTEL,"180/9 Đường 30 Tháng 4, Cần Thơ, Việt Nam",Cần Thơ
76387880,Dâu Biếc homestay (Dau Biec Homestay),"58 Phạm C ng Trứ Cái Khế, Cần Thơ, Việt Nam",Cần Thơ
782987,Khách sạn Nesta Cần Thơ (Nesta Hotel Can Tho ),"9C Đường Trần Phú, Cần Thơ, Việt Nam",Cần Thơ
686316,West Hotel,"88-90-92 Hai Ba Trung ( 135A Phan Đinh Phung) Bến Ninh Kiều, Cần Thơ, Việt Nam",Cần Thơ
63102579,Khách sạn Thanh Tâm (Thanh Tâm Hotel),"Room 2B-4B, An Binh Phường, Cần Thơ, Việt Nam",Cần Thơ
32807738,LION 3 HOTEL,"14-16 Phạm Ngọc Thạch p cái Khế, Cần Thơ, Việt Nam",Cần Thơ
64082577,LION 11 Can Tho Hotel,"33 Đường Châu Văn Liêm, Cần Thơ, Việt Nam",Cần Thơ
43384,TTC Khách Sạn Cần Thơ (TTC Hotel Can Tho),"2 Hai B Trưng Bến Ninh Kiều, Phường Ninh Kiều, Cần Thơ, Việt Nam",Cần Thơ
1519798,Sheraton Cần Thơ (Sheraton Can Tho),"209 Đường 30/4, Trung tâm Thành phố Cần Thơ, Cần Thơ, Việt Nam",Cần Thơ
37286652,LION 5 HOTEL,"4 Đường Hoàng Văn Thái Hưng Phú, Cần Thơ, Việt Nam",Cần Thơ
55737063,Khách sạn V'Luna - Quản lý bởi THM (V'Luna Hotel - Managed by THM),"19-D3 Trần Quang Khải Cái Khế, Cần Thơ, Việt Nam",Cần Thơ
568125,Khách sạn và Spa The Iris Signature (The Iris Signature Hotel and Spa),"224 Đường 30/4, Phường Xuân Khánh, Quận Ninh Kiều, Việt Nam",Cần Thơ
561890,Holiday One Hotel,"59 Phạm Ngọc Thạch Q. Ninh Kiều, Phường Cái Khế, Cần Thơ, Việt Nam",Cần Thơ
230577,Khách sạn Ninh Kiều 2 (Ninh Kieu 2 Hotel),"Số 3 Hòa Bình, Phường Tân An, Cần Thơ, Việt Nam",Cần Thơ
6707929,MIDMOST Boutique Hostel,"12/3 Đại lộ Hòa Bình, Quận Ninh Kiều, Việt Nam",Cần Thơ
45927198,Khách sạn Riverside 1 (Riverside 1 Hotel ),"38 L  234  Lợi Cái Khế, Cần Thơ, Việt Nam",Cần Thơ
33661381,LION 7 HOTEL,"Trần văn trà 7, Cần Thơ, Việt Nam",Cần Thơ
61869543,Khách sạn KP (KP Hotel),"09 Nam Ky Khoi Nghia, Ninh Kieu Phường, Cần Thơ, Việt Nam",Cần Thơ
42530297,Khách sạn Ánh Sáng (Khach san Anh Sang),"403 Đường 30 Tháng 4, Cần Thơ, Việt Nam",Cần Thơ
36787239,Khách sạn Rich (Rich Hotel),"86d Hùng Vương Rich Hotel, Cần Thơ, Việt Nam",Cần Thơ
64350457,ON Hotel,"Đường Trần Văn Sắc, Cần Thơ, Việt Nam",Cần Thơ
876769,Number One Hotel,"1 B Ngo Duc Ke Tan An, Cần Thơ, Việt Nam",Cần Thơ
6349240,Lavender Hotel,"131 Đường Nguyễn Văn Linh, Phường Long Tuyền, Cần Thơ, Việt Nam",Cần Thơ
25678578,Khách sạn FIT Cần Thơ (FIT Hotel Can Tho),"D3 - 23 Trần Quang Khải, Cần Thơ, Việt Nam",Cần Thơ
46770885,khách sạn tina 5 (khach san tina 5),"F8-7 -8 -9 nguyễn thị sáu, Cần Thơ, Việt Nam",Cần Thơ
25128093,Thanh Hằng homestay (Thanh Hang Homestay ),"54/3 Nguyen Thai Hoc Ninh Kieu District, Tan An Phường, Cần Thơ, Việt Nam",Cần Thơ
55907056,Khách sạn BIGHOTEL Cần Thơ (BIGHOTEL CẦN THƠ),"31-33 Trần Quang Khải Cái Khế, Cần Thơ, Việt Nam",Cần Thơ
63161438,Nhà nghỉ Sugar (Sugar Motel),"Tran Binh Trong Đường, Cần Thơ, Việt Nam",Cần Thơ
67505197,Khách sạn An (An Hotel ),"18 Đường Hoàng Thế Thiện, Cần Thơ, Việt Nam",Cần Thơ
1621283,Khách sạn Ninh Kiều Riverside (Ninh Kieu Riverside Hotel),"Số 2 Đường Hai Bà Trưng, Phường Tân An, Quận Ninh Kiều, Việt Nam",Cần Thơ
67846927,LION 16 Hotel,"13-15 Hoàng Văn Thái TP Cần Thơ 13-15 Hoàng văn Thái, Phường Hưng Phú, Quận Cái Răng, Việt Nam",Cần Thơ
70214892,Lynn's House,"An Bình, Cần Thơ, Việt Nam",Cần Thơ
46592002,09 homestay (09 Homestay),"11 B9 Đường, Hung Phu Phường, Cần Thơ, Việt Nam",Cần Thơ
52067,Khách sạn Asia Cần Thơ (Asia Hotel Can Tho),"91 Châu Văn Liêm Q.Ninh Kiều, Phường An Lạc, Cần Thơ, Việt Nam",Cần Thơ
47192567,"Khách sạn Homestay Hostel 1 Phòng ngủ ở Nhà Yến (1 Bedroom Hotel Homestay Hostel in Nha Yen, Can Tho)","609 Đường 30/4, Khu vực  Phường Hưng Lợi, Cần Thơ, Việt Nam",Cần Thơ
72814731,Home Love Nam Long 2,"Cái Răng, Cần Thơ, Việt Nam",Cần Thơ
46592003,54 Homestay,"No. 54/7A, Tan An Phường, Cần Thơ, Việt Nam",Cần Thơ
73014935,Nhà khách ARYE (ARYE guest house),"02-04  An Bình Ninh Kiều, Cần Thơ, Việt Nam",Cần Thơ
8091632,Khu Nghỉ Dưỡng Cồn Khương Cần Thơ (Con Khuong Resort Can Tho),"99A Nguyễn Hữu Cầu Cồn Khương, Cần Thơ, Việt Nam",Cần Thơ
58349746,Khách sạn Nam Môn Cần Thơ (Nam Môn Hotel Cần Thơ),"266 Nguyễn Văn Linh Th  224 nh Phố Cần Thơ, Phường Hưng Lợi, Quận Ninh Kiều, Việt Nam",Cần Thơ
46118471,LION 10 HOTEL,"9 Phạm Ngọc Thạch Cái Khế, Cần Thơ, Việt Nam",Cần Thơ
45141904,MIDMOST CASA,"11 Võ Thị Sáu Tân An, Cần Thơ, Việt Nam",Cần Thơ
36780685,Khách sạn Vạn Lộc (VẠN LỘC HOTEL),"Vạn Lộc Hotel, Việt Nam",Cần Thơ
64170847,Nhà nghỉ Lộc Duyên ( LỘC DUYÊN MOTEL),"71a Tran Vinh Kiet Đường, Cần Thơ, Việt Nam",Cần Thơ
22752684,ADORA CENTRAL PARK,"6/28 Le Lai Ninh Kieu District, An Phu Phường, Cần Thơ, Việt Nam",Cần Thơ
80121937,Nhà nghỉ CKC - Gần trung tâm thành phố (CKC Motel - Near Can Tho City Center),"24 - 26 Đường Trần Văn Nghi m, Cần Thơ, Việt Nam",Cần Thơ
6382640,BangBang Motel,"88 Xô Viết Nghệ Tĩnh Cần Thơ, Phường An Hội, Quận Ninh Kiều, Việt Nam",Cần Thơ
42180571,De Rivé Homestay,"20 Đường THỦ KHOA HU N, Phường T N AN, Cần Thơ, Việt Nam",Cần Thơ
8514775,MAGNOLIA'S Cần Thơ (MAGNOLIA'S Can Tho),"79 Chau Van Liem Tan An, Cần Thơ, Việt Nam",Cần Thơ
10944,Khách sạn Sài Gòn Cần Thơ (Saigon Can Tho Hotel),"55 Phan Đình Phùng Q.Ninh Kiều, Phường Tân An, Cần Thơ, Việt Nam",Cần Thơ
46060247,Khách sạn 101 Cần Thơ (KHÁCH SẠN 101 CẦN THƠ),"101 Võ Văn Tần Tân An, Cần Thơ, Việt Nam",Cần Thơ
58341906,Khách sạn Candy Cần Thơ (Candy Hotel Cần Thơ),"03 Đường 3, Cần Thơ, Việt Nam",Cần Thơ
11996849,Khách Sạn Tina 2 (Tina 2 Hotel),"55 Nguyen Thi Sau Cái Răng, Cần Thơ, Việt Nam",Cần Thơ
31453044,Khách sạn Đại Quang (Đai Quang Hotel),"An Bình, 10B Đường số 3  Phường An Bình, Quận Ninh Kiều 10B Đường số 3  Quận Ninh Kiều, Việt Nam",Cần Thơ
47890293,Khách sạn Minh Anh (MINH ANH HOTEL),"Căn D1-2, Phường Cái Khế, Quận Ninh Kiều, Việt Nam",Cần Thơ
41305625,COZY HOME (COZY HOME Cần Thơ),"88/2 Đường Đề Th m, Phường An Cư, Quận Ninh Kiều, Việt Nam",Cần Thơ
401008,Khách sạn Huỳnh Lạc (Huynh Lac Hotel Can Tho),"56-56A-56 Bis Nam Ky Khoi Nghia Tan An, Cần Thơ, Việt Nam",Cần Thơ
66678216,Serviced Apartment With High View,"An Khánh, Cần Thơ, Việt Nam",Cần Thơ
47340608,LION 9 HOTEL,"6 Đường Lý Tự Trọng, Cần Thơ, Việt Nam",Cần Thơ
280524,Thành Đạt Resort (Thanh Dat Resort),"95/4 Nguyễn Văn Cừ Nối Dài Hẻm Liên tổ 14-13-12-11-10( Hẻm Lò Mổ), Phường An Khánh, Cần Thơ, Việt Nam",Cần Thơ
30980337,SodaHouse Cần Thơ,"Bình Thủy, Cần Thơ, Việt Nam",Cần Thơ
5868425,Hanh Phat 2 Guesthouse,"249H Tran Hung Dao Noi Dai Le Binh, Cần Thơ, Việt Nam",Cần Thơ
10943,Khách sạn International (International Hotel),"Số 6-8-10-12 Đường Hai Bà Trưng, Phường Tân An, Cần Thơ, Việt Nam",Cần Thơ
66747328,HOME 8b,"71 Đường 3-2, Cần Thơ, Việt Nam",Cần Thơ
67635338,Khách sạn Lee (Lee Hotel),"A10-11 Võ Nguyên Giáp, Cần Thơ, Việt Nam",Cần Thơ
70980621,Tru by Hilton Cái Khế (Tru by Hilton Can Tho Cai Khe),"112 Tran Phu Đường, Cai Khe Phường, Cần Thơ, Việt Nam",Cần Thơ
467025,Khách sạn 65 Hùng Vương (65 Hung Vuong Hotel),"65 Hung Vuong Thoi Binh, Cần Thơ, Việt Nam",Cần Thơ
64246403,Khách sạn VLuna Cần Thơ (VLuna Hotel Can Tho),"120/40 Trần Phú Cái Khế, Cần Thơ, Việt Nam",Cần Thơ
11130894,Green Sunshine Homestay,"quận Bình Thủy, Đường F2 (  Phường An Thới, Cần Thơ, Việt Nam",Cần Thơ
305595,Khách sạn Linh Phương 8 - Lưu trú 24 giờ (Linh Phuong 8 Hotel - 24 Hours Stay),"97D Pham Ngoc Thach quận Ninh Kiều, Phường cái khế, Cần Thơ, Việt Nam",Cần Thơ
39862533,Nhà nghỉ Huy Hoàng Cần Thơ (HUY HOANG MOTEL CAN THO),"25 Đường Lê Lai, Phường An Phú, Cần Thơ, Việt Nam",Cần Thơ
76930965,Khách sạn Gia Bảo Tây Đô 68 Cơ Sở 4 (HOTEL GIA BẢO TÂY ĐÔ 68 CƠ SỞ 4),"46 Đường số 1 khu đô thị hồng loan, Cần Thơ, Việt Nam",Cần Thơ
10945,Victoria Can Tho Resort,"Cái Khế, Phường Cái khế, Cần Thơ, Việt Nam",Cần Thơ
13349118,Mekong Rose Hotel,"59-61 Ly Hong Thanh Q. Ninh Kieu, Phường Cai Khe, Cần Thơ, Việt Nam",Cần Thơ
551811,Anh Dao Mekong Hotel,"85 Châu Văn Liêm, Cần Thơ, Việt Nam",Cần Thơ
59206893,C - Home,"22 Nguyen Viet Hong, Cần Thơ, Việt Nam",Cần Thơ
55641852,Khách sạn Miền Tây Cần Thơ (MIEN TAY HOTEL CANTHO),"91 Đường Mậu Thân, Cần Thơ, Việt Nam",Cần Thơ
33204167,MIDMOST C22 Apartment,"22 Nguyễn Việt Hồng Cần Thơ, Cần Thơ, Việt Nam",Cần Thơ
71112230,Khách sạn Camellia Cần Thơ (Camellia Hotel Can Tho),"3-5 Hoang Van Thai Hung Phu, Việt Nam",Cần Thơ
36947195,Chill Guesthouse Can Tho,"Hẻm 14 Nguyễn Thị Minh Khai 14/187, Cần Thơ, Việt Nam",Cần Thơ
62265444,Khu nghỉ dưỡng Brown House (Brown House Resort),"Ấp Mỹ Thuận, Huyện Phong Điền, Việt Nam",Cần Thơ
78914190,"Nhà riêng m² 4 phòng ngủ, 4 phòng tắm riêng ở Bến Ninh Kiều (Heaven Villa)","3 Đường Nguyễn Du, Cần Thơ, Việt Nam",Cần Thơ
299460,Khách sạn Dona (Dona Hotel),"Lô B, Cần Thơ, Việt Nam",Cần Thơ
33907539,Khách sạn Monaco (Monaco Hotel),"69 Nguyen Ngoc Bich Đường, Hung Phu Phường, Cần Thơ, Việt Nam",Cần Thơ
16296906,CONVOI HOTEL,"38 Tran Bach Dang st An Khanh, Cần Thơ, Việt Nam",Cần Thơ
49846868,Khách sạn Sky Star 2 (Sky Star 2 Hotel),"11 B16 Đường, Cần Thơ, Việt Nam",Cần Thơ
78062483,Mekong INN,"76 Đường Võ Trường Toản, Cần Thơ, Việt Nam",Cần Thơ
12546254,B Home,"16 Tôn Thất Tùng Cái Khế, Cần Thơ, Việt Nam",Cần Thơ
76928305,Nhà nghỉ Gia Bảo Tây Đô 68 Cơ sở 1 (MOTEL GIA BẢO TÂY ĐÔ 68 CƠ SỞ 1),"45 Đường Trần Hoàng Na, Cần Thơ, Việt Nam",Cần Thơ
402851,Khách sạn Linh Phương (Linh Phuong 2 Hotel),"07 Trần Đại Nghĩa Ninh Kiều, Cần Thơ, Việt Nam",Cần Thơ
1488677,Anh Dao Mekong 2 Hotel,"8 Xuan Thuy - Khu Dan Cu Hong Phat - Nguyen Van Cu Đường, Cần Thơ, Việt Nam",Cần Thơ
49913817,Khách sạn AVA Cần Thơ (AVA Hotel Cần Thơ),"233/10 Nguyễn Văn Linh Hưng Lợi, Cần Thơ, Việt Nam",Cần Thơ
411720,Khách sạn Hậu Giang 2 (Hau Giang 2 Hotel Can Tho),"06-08 Hai Thuong Lan Ong Phuong Tan An, Cần Thơ, Việt Nam",Cần Thơ
37767711,Khach san Hoang Mai,"589 Võ Văn Kiệt Bình Thủy, Cần Thơ, Việt Nam",Cần Thơ
59727650,Khách Sạn Hải Dương (Khach San Hai Duong),"45 Đường Trần Văn Hoài, Cần Thơ, Việt Nam",Cần Thơ
76928616,Nhà nghỉ Gia Bảo Tây Đô 68 Cơ Sở 2 (MOTEL GIA BẢO TÂY ĐÔ 68 CƠ SỞ 2),"151 Đường Nguyễn Văn Cừ, Cần Thơ, Việt Nam",Cần Thơ
16380048,Khách sạn Kim Phụng Ngân (Khach San Kim Phung Ngan),"Phạm Công Trứ, Cần Thơ, Việt Nam",Cần Thơ
60141485,Khách sạn Gia Bảo Tây Đô 68 Cơ Sở 3 (HOTEL GIA BẢO TÂY ĐÔ 68 CƠ SỞ 3 ),"67b Đường 4, Cần Thơ, Việt Nam",Cần Thơ
12449234,Holiday 2 Hotel,"79 Pham NGoc Thach Str Cái Khế, Cần Thơ, Việt Nam",Cần Thơ
5028394,Tulip Hotel,"D5/10   D5/11, Phường Phú Thứ, Cần Thơ, Việt Nam",Cần Thơ
75131705,Motel ANA,"Cái Răng, Cần Thơ, Việt Nam",Cần Thơ
39581276,Khách sạn Lucasta (Lucasta Hotel),"2-4 Đường B22, Cần Thơ, Việt Nam",Cần Thơ
32626851,Gikgo Can Tho,"Hùng Vương 61/3 Hung Vuong st, Thoi Binh Phường, Cần Thơ, Việt Nam",Cần Thơ
65964910,Modern Studio w Balcony and Kitchen,"39 Đường Xuân Hồng, Cần Thơ, Việt Nam",Cần Thơ
76782867,"Dorm bed in center with balcony, rooftop and floating market tour since 2025","6/28 Cần Thơ, Cần Thơ, Việt Nam",Cần Thơ
67934965,Khách sạn Senior (Senior Hotel),"7 Đường Hải Thượng Lãn Ông, Cần Thơ, Việt Nam",Cần Thơ
2968865,Winter Spring Homestay,"75 Ung Văn Khiêm Cái Khế, Cần Thơ, Việt Nam",Cần Thơ
295671,Khách sạn Mỹ Kim (My Kim Hotel),"12 Tân Trào Bến Ninh Kiều, Phường Tân An, Cần Thơ, Việt Nam",Cần Thơ
32616060,WELKOM INN,"30C/8 Đường Nguyễn Văn Trỗi, Phường Xuân Khánh, Cần Thơ, Việt Nam",Cần Thơ
78363020,Lamy's House,"Đường Lý Tự Trọng, Cần Thơ, Việt Nam",Cần Thơ
68415219,"Nhà riêng m² 1 phòng ngủ, 1 phòng tắm riêng ở An Khánh (Modern Studio With City View And Kitchen)","385F/31-32 Đường Trần Nam Phú, Cần Thơ, Việt Nam",Cần Thơ
13422620,Khách sạn Minh Minh Nam (Minh Minh Nam Hotel),"A4/27, Cần Thơ, Việt Nam",Cần Thơ
44639212,Khách sạn Hancao (HancaoHotel),"53B Đường 4, Cần Thơ, Việt Nam",Cần Thơ
66466222,Khách sạn Trung Đông (Trung Dong Hotel),"An Bình, LK 1B 09-10 Đường Số 1 KĐT Mới STK An Bình Phường An Bình Quận Ninh Kiều, Việt Nam",Cần Thơ
59401542,LuxHome Mekong,"MG2-08.08A, Xuan Khanh Phường, Cần Thơ, Việt Nam",Cần Thơ
47823627,Khách sạn Nam Đô 2,"Cần Thơ, Trung tâm Thành phố Cần Thơ, Cần Thơ, Việt Nam",Cần Thơ
467020,Khách sạn Ninh Kiều Fortuneland (Ninh Kieu Fortuneland Hotel),"139A Tran Van Kheo Đường, Cai Khe Phường, Cần Thơ, Việt Nam",Cần Thơ
9350793,Legacy Mekong,"Cồn Ấu, Phường Hưng Ph, Cần Thơ, Việt Nam",Cần Thơ
25140932,CT MORNING,"81 L Hồng Thanh Ninh Kiều, Cần Thơ, Việt Nam",Cần Thơ
36627584,Khách sạn Linh Phương 6 (Linh phuong 6 Hotel),"167 Pham Hung Đường, Cần Thơ, Việt Nam",Cần Thơ
52943324,Nhà Nghỉ Xuân Lan (Nha Nghi Xuan Lan),"482/17 Đường 30 Tháng 4, Phường Hưng Lợi, Cần Thơ, Việt Nam",Cần Thơ
61742964,VICTORIA hotel,"134 Trần Phú Cái Khế, Cần Thơ, Việt Nam",Cần Thơ
46595475,Khách sạn Sơn Hà (Khach san Son Ha),"172/11 Lê Bình Ninh Kiều, Phường Hưng Lợi, Quận Ninh Kiều, Việt Nam",Cần Thơ
59069878,Sophia Healing House Cần Thơ,"48 Room L11-11, Việt Nam",Cần Thơ
30846655,Khách sạn Winter Spring Ninh Kiều Quay (Winter Spring Hotel Ninh Kieu Quay),"22B Lê Thánh Tôn Bến Ninh Kiều, Cần Thơ, Việt Nam",Cần Thơ
60576044,NAM HOME,"Số 8 Hẻm 71 Đường 3 Th ng 2, Cần Thơ, Việt Nam",Cần Thơ
33553458,Khách sạn Phương Thủy (Phuong Thuy Hotel ),"14 Cai Khe, Việt Nam",Cần Thơ
57135586,Khách sạn Sao Mai (Sao Mai Hotel),"22 Tran Quang Khai, Việt Nam",Cần Thơ
1762045,Ruby Can Tho Hotel,"34 Nguyen An Ninh Bến Ninh Kiều, Cần Thơ, Việt Nam",Cần Thơ
58861716,Khách sạn Sky Star 3 (Sky Star 3 Hotel),"190 A1 Đường 30 Thang 4, Việt Nam",Cần Thơ
38397945,Khách sạn BITA (KHÁCH SẠN BITA ),"180 Thang 8 Đường, Bui Huu Nghia Phường, Cần Thơ, Việt Nam",Cần Thơ
6377592,Khách sạn Kim Thủy (Kim Thuy Hotel),"39 Đường Ng Quyền, Cần Thơ, Việt Nam",Cần Thơ
876540,Green Garden homestay (Green Garden Homestay - Can Tho),"97 Đồng Văn Cống An Thới, Cần Thơ, Việt Nam",Cần Thơ
77639392,Khách sạn Soha Cần Thơ (Soha Hotel Cần Thơ),"57 Đường B13, Cần Thơ, Việt Nam",Cần Thơ
52675746,Nhà nghỉ ven sông Trần Phú (Tran Phu Riverside House),"79/10 Tran Phu Đường, An Cu Phường, Cần Thơ, Việt Nam",Cần Thơ
55762471,Ngọc Mai 1 Hotel,"50 Lý Hồng Thanh Cái Khế, Cần Thơ, Việt Nam",Cần Thơ
5617707,Hometravel Mekong Cần Thơ (Hometravel Mekong Can Tho),"178c Cầu Ông Tiêm Khu vực Thạnh Mỹ, Phường Thường Thạnh, Quận Cái Răng, Việt Nam",Cần Thơ
64866468,Camellia Home Can Tho Center,"108 Đường Lê Lai, Cần Thơ, Việt Nam",Cần Thơ
59002679,Pandora Hotel CT by BAY LUXURY,"Nguyễn Thị Tính, Cần Thơ, Việt Nam",Cần Thơ
7487839,Fabulous Mekong Homestay,"Cần Thơ, Cần Thơ, Việt Nam",Cần Thơ
68561166,Khách sạn Senior 1 Cần Thơ (Senior Hotel 1 Can Tho),"46-48 Đường Trần Đại Nghĩa, Cần Thơ, Việt Nam",Cần Thơ
45881770,Can Tho Riverside Hostel,"454B Đinh Công Chánh Bình Thủy, Cần Thơ, Việt Nam",Cần Thơ
30434178,"Biệt thự 100 m² 1 phòng ngủ, 1 phòng tắm riêng ở Ninh Kiều (Nhà của Ngỗng - Goose home)","An Bình, Cần Thơ, Việt Nam",Cần Thơ
45468557,Khách sạn Minh Minh Nam 2 (MINH MINH NAM 2 HOTEL),"13 No. 45-46 Nguyen Van Quang, Hung Thanh Phường, Cần Thơ, Việt Nam",Cần Thơ
241110,Kim Lan Hotel,"138A Nguyen An Ninh Đường, Tan An Phường, Cần Thơ, Việt Nam",Cần Thơ
37295387,"Nhà trệt 45 m² 1 phòng ngủ, 1 phòng tắm riêng ở An Khánh (Cherry Blossom (Nhu’s House 2))","An Khánh, Cần Thơ, Việt Nam",Cần Thơ
871761,Tan Loc Hotel,"120 E Tran Phu Cái Khế, Cần Thơ, Việt Nam",Cần Thơ
75908164,Lam Homestay Minihouse,"Cần Thơ, Cần Thơ, Việt Nam",Cần Thơ
60787310,HO GIA AN Home - Nguyên căn gần Bệnh Viện ĐHYD (HO GIA AN Home - Nguyen can gan Benh Vien ĐHYD),"65 Đường Chu Văn An, Cần Thơ, Việt Nam",Cần Thơ
19150709,Linh Phương 1 Hotel (Linh Phuong 1 Hotel),"161 Trần Văn Khéo 161 Trần Văn Khéo Q.Ninh Kiều, Phường Cái Khế, Cần Thơ, Việt Nam",Cần Thơ
33956733,Khách sạn Kim Phụng Ngân (KIM PHỤNG NGÂN),"126 Pham Cong Tru, Cai Khe Phường, Cần Thơ, Việt Nam",Cần Thơ
56324606,Hưng Thịnh Hotel Cần Thơ - by Bay Luxury (Hung Thinh Hotel Can Tho - by Bay Luxury),"272e Đường 30 Tháng 4, Cần Thơ, Việt Nam",Cần Thơ
33589695,Khách sạn Lê My (Hotel Le My),"70/60/4 CMT8 Cái Khế, Cần Thơ, Việt Nam",Cần Thơ
55766207,"Căn hộ 100 m² 1 phòng ngủ, 1 phòng tắm riêng ở An Bình (Phòng Thường)","An Bình, Cần Thơ, Việt Nam",Cần Thơ
2191178,Dan Sinh Homestay,"Ong Tiem Bridge, Cần Thơ, Việt Nam",Cần Thơ
51972436,Nhà nghỉ Trung Hậu (MOTEL TRUNG HẬU),"MOTEL TRUNG HẬU, Cần Thơ, Việt Nam",Cần Thơ
290238,Nam Bo Boutique Hotel,"Số 1 Đường Ngô Quyền, Phường Tân An, Cần Thơ, Việt Nam",Cần Thơ
240224,Khách sạn Kim Thơ (Kim Tho Hotel),"Cần Thơ, 1 Ngô Gia Tự. Phường Tân An, Quận Ninh Kiều, Việt Nam",Cần Thơ
59417330,Dưa Hấu House (Dua Hau House),"An Bình, Cần Thơ, Việt Nam",Cần Thơ
290234,Khách sạn Linh Phương 3 (Linh Phuong 3 Hotel),"55-57 Phạm Ngọc Thạch Q.Ninh Kiều, Phường Cái Khế, Cần Thơ, Việt Nam",Cần Thơ
79078176,"m² 1 phòng ngủ, 1 phòng tắm riêng ở Trung tâm thành phố Cần Thơ (MMT Homestay)","Đường Hồ Bún Xáng, Phường An Khánh, Trung tâm Thành phố Cần Thơ, Cần Thơ, Việt Nam",Cần Thơ
21169915,Khách sạn Hoàng Sơn (Hoang Son Hotel),"191A Trần Văn Kh  233 o Cái Khế, Cần Thơ, Việt Nam",Cần Thơ
60880131,Khách sạn Long Hà (Khach san Long Ha),"107A Mậu Thân Cần Thơ, Cần Thơ, Việt Nam",Cần Thơ
33650048,Winter Spring Homestay Center,"14 Trần Đại Nghĩa Cái Khế, Cần Thơ, Việt Nam",Cần Thơ
40409197,Bê Tông Residences homestay (BÊ TÔNG RESIDENCES HOMESTAY),"1 Đường Lê Lai, Cần Thơ, Việt Nam",Cần Thơ
410813,Kim Long Hotel,"9 Chau Van Liem - P Tan An - Q Ninh Kieu Bến Ninh Kiều, Cần Thơ, Việt Nam",Cần Thơ
78983889,Homestay F&B Lữ Gia,"Hưng Thành, Cần Thơ, Việt Nam",Cần Thơ
879581,Thanh Ha Guesthouse,"118/14 Phan Dinh Phung Bến Ninh Kiều, Cần Thơ, Việt Nam",Cần Thơ
68207455,Nhà nghỉ Thiên Phúc 1 (Motel Thiên Phúc 1),"Cái Khế, Cần Thơ, Việt Nam",Cần Thơ
62518002,Quynh My Motel,"272 Đường A2, Cần Thơ, Việt Nam",Cần Thơ
56181905,"Nhà trệt 100 m² 1 phòng ngủ, 1 phòng tắm riêng ở An Bình (Floating market cabin, tropical, paceful)","An Bình, Cần Thơ, Việt Nam",Cần Thơ
30895417,Can Tho Home & Apartment 1,"Bến Ninh Kiều, Cần Thơ, Việt Nam",Cần Thơ
10240198,Casa Eco Mekong Homestay,"77 Nguyen Van Linh ql 91B, Việt Nam",Cần Thơ
46693559,Nhà dân & Quán cà phê Bến Đò Xưa (Ben Đo Xua Homestay & Coffee),"23 Nguyễn Việt Dũng Cái Răng, Cần Thơ, Việt Nam",Cần Thơ
12490490,"Nhà mặt đất 80 m² 1 phòng ngủ, 1 phòng tắm riêng ở Bến Ninh Kiều (LaLa mini house + Balcony - 5min to Ninh Kieu Quay)","Bến Ninh Kiều, Cần Thơ, Việt Nam",Cần Thơ
406842,Khách sạn Hậu Giang Cần Thơ (Hau Giang Hotel Can Tho),"34 Nam Kỳ Khởi Nghĩa Bến Ninh Kiều, Quận Ninh Kiều, Việt Nam",Cần Thơ
6382563,Mỹ Ngọc Hotel (My Ngoc Hotel),"Bến Ninh Kiều, Cần Thơ, Việt Nam",Cần Thơ
6875126,Royal Hotel Can Tho,"43-45 Mai Chi Tho A6, Cần Thơ, Việt Nam",Cần Thơ
74631303,Nhà Nghỉ LỆ TRÂN 2 (Nha Nghi LE TRAN 2),"Nhà Nghỉ LỆ TRÂN 2 Số 4 Ngô Sĩ Liên, Phường Hưng Lợi, Cần Thơ, Việt Nam",Cần Thơ
63317518,"Nhà riêng m² 1 phòng ngủ, 1 phòng tắm riêng ở Ninh Kiều (Compact and clean)","Ninh Kiều, Cần Thơ, Việt Nam",Cần Thơ
9646431,The Lighthouse (The Lighthouse),"120 Hai Ba Trung Bến Ninh Kiều, Cần Thơ, Việt Nam",Cần Thơ
37006049,Khách Sạn Nhà Mình (Khach San Nha Minh),"288B Đường Phạm Hùng, Phường Lê Bình, Cần Thơ, Việt Nam",Cần Thơ
3007719,Khoa Phu Hotel,"3T2 Lane C3, Xuan Khanh Phường, Cần Thơ, Việt Nam",Cần Thơ
36546170,PINK Hotel Cần Thơ (PINK Hotel Can Tho),"2 Bà Triệu 2/2A Bến Ninh Kiều, Cần Thơ, Việt Nam",Cần Thơ
13379397,AN NGỌC HOTEL (AN NGOC HOTEL),"26 Lý Hồng Thanh Cái Khế, Phường Cái Khế, Quận Ninh Kiều, Việt Nam",Cần Thơ
9401797,Orchid Garden homestay (Orchid Garden Homestay Can Tho),"144A Cach Mang Thang Tam Bình Thủy, Bui Huu Nghia Phường, Cần Thơ, Việt Nam",Cần Thơ
72812312,Ann Homestay,"Đường Trương Vĩnh Nguyên, Cần Thơ, Việt Nam",Cần Thơ
79344951,Tây Đô Hostel,"1 Trần Bạch Đằng Ninh Kiều, Cần Thơ, Việt Nam",Cần Thơ
77178466,306MSNK Luxe Twin Studio l Balcony & Kitchen,"Bến Ninh Kiều, Cần Thơ, Việt Nam",Cần Thơ
64546802,Homestay Bờ Hồ Cần Thơ,"196 Huỳnh Cương Cần Thơ, Cần Thơ, Việt Nam",Cần Thơ
68794256,Nhà nghỉ Mỹ Linh (nhà nghỉ mỹ linh),"Cao Minh Lộc, Cần Thơ, Việt Nam",Cần Thơ
39458796,Homestay Cô Gái Việt (Homestay Co Gai Viet),"132 Hùng Vương Cần Thơ, Cần Thơ, Việt Nam",Cần Thơ
64191701,HUỲNH MAI hostel (HUỲNH MAI HOSTEL),"D3 - 16 Trần Quang Khải, Cần Thơ, Việt Nam",Cần Thơ
62153288,"Nhà riêng 112 m² 2 phòng ngủ, 2 phòng tắm riêng ở Ninh Kiều (T-House 304)","304 Đường 30 Tháng 4, Cần Thơ, Việt Nam",Cần Thơ
52242954,Khách sạn Lâm Nguyễn (Hotel Lâm Nguyễn),"130 Hai Ba Trung Đường, Cần Thơ, Việt Nam",Cần Thơ
48480524,Khách sạn Sky Star (Sky Star Hotel),"No. 1-3, Việt Nam",Cần Thơ
6347970,Queenie House,"1/76 Lý Tự Trọng quận Ninh Kiều, Cần Thơ, Việt Nam",Cần Thơ
74050556,Cozy 86 homestay (Cozy 86 Homestay),"86/33 Đường Lý Tự Trọng, Cần Thơ, Việt Nam",Cần Thơ
36697919,"Nhà riêng 20 m² 1 phòng ngủ, 2 phòng tắm riêng ở An Bình (HO GIA AN Home - Phòng view ban công - chợ nổi)","An Bình, Cần Thơ, Việt Nam",Cần Thơ
76964990,402MSNK Luxe Studio l Nice View l Balcony l Kitchen,"Bến Ninh Kiều, Cần Thơ, Việt Nam",Cần Thơ
64626063,"Nhà riêng m² 1 phòng ngủ, 1 phòng tắm riêng ở Bến Ninh Kiều (Home Can Tho)","Bến Ninh Kiều, Cần Thơ, Việt Nam",Cần Thơ
79170264,"Nhà riêng m² 1 phòng ngủ, 1 phòng tắm riêng ở Ninh Kiều (Phòng đôi giá rẻ sạch sẽ tiện nghi ngay trung tâm)","An Khánh, Cần Thơ, Việt Nam",Cần Thơ
39901214,HO GIA AN Home - Căn hộ ngay Trung Tâm (HO GIA AN Home - Can ho ngay Trung Tam),"Cái Khế, Cần Thơ, Việt Nam",Cần Thơ
64466546,Hai Homestay And Space,"An Khánh, Cần Thơ, Việt Nam",Cần Thơ
5327697,Khách sạn Hoàng Hải Đăng 1 (Hoang Hai Dang 1 Hotel),"60 Nguyễn An Ninh Điện thoại 02923 810 568, Phường Tân An, Quận Ninh Kiều, Việt Nam",Cần Thơ
72699623,Chat Homestay,"18 Đường Thủ Khoa Hu n, Cần Thơ, Việt Nam",Cần Thơ
39523906,"Căn hộ 17 m² 1 phòng ngủ, 1 phòng tắm riêng ở Cái Răng (Grandma's House 2)","53/6 Võ Tánh Grandma s House, Cần Thơ, Việt Nam",Cần Thơ
37341889,"Nhà riêng 65 m² 2 phòng ngủ, 2 phòng tắm riêng ở Bến Ninh Kiều (Can Tho Home & Apartment 3 )","Bến Ninh Kiều, Cần Thơ, Việt Nam",Cần Thơ
11130483,Green Sunshine 2,"(  phuong Long Hòa, Quận Bình Thủy 8, Việt Nam",Cần Thơ
72816765,Mie Homestay 3 Cần Thơ (Mie Homestay 3 Can Tho),"82b1 Đường Ung Văn Khiêm, Cần Thơ, Việt Nam",Cần Thơ
49176857,"Nhà riêng 100 m² 3 phòng ngủ, 2 phòng tắm riêng ở Cái Khế (T-House)","Cần Thơ, Cần Thơ, Việt Nam",Cần Thơ
39898768,BE TONG Residences,"Cần Thơ, Cần Thơ, Việt Nam",Cần Thơ
72810476,Nhà Nghỉ Mỹ Linh (Nha Nghi My Linh),"10 Cao Minh Lộc E8-15 Cái Răng, Cần Thơ, Việt Nam",Cần Thơ
63272183,Khách sạn Hân Nam (Hân Nam Hotel),"46 Luong Dinh Cua Đường, Cần Thơ, Việt Nam",Cần Thơ
7967691,Ngọc Thuý Hotel (Ngoc Thuy Hotel),"86 Nguyễn Đức Cảnh Cái Khế, Cần Thơ, Việt Nam",Cần Thơ
67337042,Chung cu Nam Long 2 Central Lake - Block E,"Đường N18/E303 2, Cần Thơ, Việt Nam",Cần Thơ
78691507,De Rivé Homestay 3 - Bến Ninh Kiều (De Rive Homestay 3 - Ben Ninh Kieu),"9A Đường Thủ Khoa Huân, Cần Thơ, Việt Nam",Cần Thơ
54319988,"Căn hộ 108 m² 2 phòng ngủ, 2 phòng tắm riêng, nhiều cây xanh, mát mẻ (Open Space House with Plenty of Greenery and Fresh Air)","Cái Răng, Cần Thơ, Việt Nam",Cần Thơ
54178695,Green Villa - Ngôi Nhà Chung (Green Villa - Ngoi Nha Chung),"Cái Răng, Cần Thơ, Việt Nam",Cần Thơ
8638011,"Chung cư 450 m² 16 phòng ngủ, 16 phòng tắm riêng ở Bến Ninh Kiều (K2 Homestay & Coffee)","60 Xo Viet Nghe Tinh Q.Ninh Kieu, Phường An Hoi, Cần Thơ, Việt Nam",Cần Thơ
27837683,Song Ngư Pisces Homestay (Song Ngu Pisces Homestay),"Chân cầu Rạch Vinh, Xã Mỹ Khánh, Huyện Phong Điền, Việt Nam",Cần Thơ
36912912,Khách sạn Nam Cần Thơ (NAM CẦN THƠ HOTEL),"B13- 14 Võ Nguyên Giáp, Phường Phú Thứ, Cần Thơ, Việt Nam",Cần Thơ
11157952,Cần Thơ GREEN SUNSHINE with nature (Nón lá R) (Homestay Can Tho Green Sunshine ),"Bình Thủy, Cần Thơ, Việt Nam",Cần Thơ
71446956,Hai Dang Hotel,"70 Đường Nguyễn An Ninh, Cần Thơ, Việt Nam",Cần Thơ
49309227,Nhà nghỉ Mỹ Vân (Motel Mỹ Vân),"cái răng, nguyễn văn quang  Phường hưng thạnh, Cần Thơ, Việt Nam",Cần Thơ
55766127,Phòng Duoble,"2 Đường 9, Cần Thơ, Việt Nam",Cần Thơ
49140017,Khách Sạn Nam Đô 1 (Khach San Nam Đo 1),"10 Đường Điện Biên Phủ, Cần Thơ, Việt Nam",Cần Thơ
78208012,KV2 Cần Thơ Homestay,"121 Trần Văn Nghiêm An Thới, Cần Thơ, Việt Nam",Cần Thơ
63047422,"Căn hộ m² 6 phòng ngủ, 6 phòng tắm riêng ở Trung tâm thành phố Cần Thơ (Nhà Nghỉ Hoa Sen)","Cần Thơ, Cần Thơ, Việt Nam",Cần Thơ
67486489,Hạnh Phát 8 (Hanh Phat 8),"số 66 Đường 34  Khu vực 8, Cần Thơ, Việt Nam",Cần Thơ
56244753,Gia An Hotel-Cần thơ (Gia An Hotel-Can tho),"Đường Trần Văn Trà, Cần Thơ, Việt Nam",Cần Thơ
76786390,503MSNK Luxe Studio with Balcony and Kitchen,"Bến Ninh Kiều, Cần Thơ, Việt Nam",Cần Thơ
64170878,Khách sạn Tây Hồ (Tây Hồ Hotel),"42 Hai Ba Trung Đường, Cần Thơ, Việt Nam",Cần Thơ
12000964,"Nhà mặt đất 20 m² 1 phòng ngủ, 1 phòng tắm riêng ở Bình Thủy (Green Sunshine Homestay - B room)","Bình Thủy, Cần Thơ, Việt Nam",Cần Thơ
33875595,"Nhà riêng 350 m² 7 phòng ngủ, 7 phòng tắm riêng ở Cái Khế (Entire House in the Bustling City Center, 7 Rooms)","Cái Khế, Cần Thơ, Việt Nam",Cần Thơ
1032007,Ngoc Lam Can Tho Hotel,"172C 3 tháng 2 Ninh Kiều, Cần Thơ, Việt Nam",Cần Thơ
79170257,"Nhà riêng m² 1 phòng ngủ, 1 phòng tắm riêng ở Ninh Kiều (Phòng đôi 2+1 sạch sẽ tiện nghi ở trung tâm giá rẻ)","An Khánh, Cần Thơ, Việt Nam",Cần Thơ
78240435,"Nhà riêng m² 1 phòng ngủ, 2 phòng tắm riêng ở Bến Ninh Kiều (Cave house, typical, center, sunset lake view)","Cần Thơ, Cần Thơ, Việt Nam",Cần Thơ
6343221,Mekong Delta Ricefield Lodge,"Truong Phu 1, Truong Long Phường, Huyện Phong Điền, Việt Nam",Cần Thơ
45033056,K2 Homestay & Coffee - Hostel,"60 Xo Viet Nghe Tinh Đường, An Hoi Phường, Việt Nam",Cần Thơ
58970034,YLUNA Boutiquestay,"103 Ð. Ly Tu Trong Ninh Kieu Can Tho, Cần Thơ, Việt Nam",Cần Thơ
54626401,N&D Homestay,"L19 Đường so 26, Việt Nam",Cần Thơ
65964890,Hotel Caravelle Cần Thơ 2 (Hotel Caravelle Can Tho 2),"248-250 Đường A2, Cần Thơ, Việt Nam",Cần Thơ
65964887,Phi Anh Hotel,"Cái Khế, Cần Thơ, Việt Nam",Cần Thơ
301984,Khách sạn Tân Tây Đô (Tan Tay Do Hotel),"26 Tran Phu Cái Khế, Cần Thơ, Việt Nam",Cần Thơ
4645662,"Nhà mặt đất 120 m² 3 phòng ngủ, 3 phòng tắm riêng ở Cái Răng (Mekong Palm House)","D3-39, Cần Thơ, Việt Nam",Cần Thơ
4921354,Thịnh's House (Thinh's House),"Trần Việt Châu 54/16, Cần Thơ, Việt Nam",Cần Thơ
5777385,BOSA Homestay - Mekong Riverside,"30d/4 - Đường trường Chuyên Lý Tự Trọng mới (cuối  Cái Răng, Cần Thơ, Việt Nam",Cần Thơ
7095336,Quyen's house,"14/54B Lý Tự Trọng Cần Thơ, Phường An Cư, Quận Ninh Kiều, Việt Nam",Cần Thơ
10935495,Buddha Homestay,"137/89A Hoàng Văn Thụ, Trung tâm Thành phố Cần Thơ, Cần Thơ, Việt Nam",Cần Thơ
11881242,"Biệt thự 20 m² 1 phòng ngủ, 1 phòng tắm riêng ở Cái Răng (SUPER MODERN SHARE HOUSE WITH PRIVATE MASTER ROOM)","Cái Răng, Cần Thơ, Việt Nam",Cần Thơ
11999734,"Nhà mặt đất 20 m² 1 phòng ngủ, 1 phòng tắm riêng ở Bình Thủy (GREEN SUNSHINE -Nice, Quite, Near Park, Nature)","Bình Thủy, Cần Thơ, Việt Nam",Cần Thơ
11999756,"Nhà mặt đất 20 m² 1 phòng ngủ, 1 phòng tắm riêng ở Bình Thủy (Can Tho GREEN SUNSHINE with nature ( Lotus R))","Bình Thủy, Cần Thơ, Việt Nam",Cần Thơ
12033596,"Nhà mặt đất 120 m² 2 phòng ngủ, 3 phòng tắm riêng ở Cái Răng (Ctmedia bed and breakfast)","Cái Răng, Cần Thơ, Việt Nam",Cần Thơ
12230188,Nhà mặt đất studio 30 m² có 0 phòng tắm riêng ở Trung tâm thành phố Cần Thơ (Rosy 1 studio with balcony on downtown),"Cần Thơ, Cần Thơ, Việt Nam",Cần Thơ
13248938,"Chung cư 28 m² 2 phòng ngủ, 2 phòng tắm riêng ở Cái Khế (B Home - Dormitory)","Cái Khế, Cần Thơ, Việt Nam",Cần Thơ
15512802,Hotel 17,"17 Chau Van Liem Bến Ninh Kiều, Cần Thơ, Việt Nam",Cần Thơ
16077420,LẠI NGUYỄN BOUTIQUE HOTEL (LAI NGUYEN BOUTIQUE HOTEL),"51A Cách Mạng Tháng Tám Q.Ninh Kiều Số 51A CMT8, Phường An Hòa, Cần Thơ, Việt Nam",Cần Thơ
16210280,Sunny Hostel,"124 Le Lai Cần Thơ, Cần Thơ, Việt Nam",Cần Thơ
16862265,Hello 1 Hotel Can Tho,"19/4 - 19/6 Nguyen Ngoc Trai Cần Thơ, Cần Thơ, Việt Nam",Cần Thơ
24272357,"Căn hộ 70 m² 2 phòng ngủ, 1 phòng tắm riêng ở Bến Ninh Kiều (TOM’S House )","Cái Răng, Cần Thơ, Việt Nam",Cần Thơ
30906026,"Căn hộ 80 m² 3 phòng ngủ, 2 phòng tắm riêng ở Bến Ninh Kiều (Can Tho Home & Apartment 1)","Bến Ninh Kiều, Cần Thơ, Việt Nam",Cần Thơ
31556270,"Nhà trệt 36 m² 1 phòng ngủ, 1 phòng tắm riêng ở Ấp Nhơn Lộc (Mekong Daniel Resort(Bungalow2))","Cần Thơ, Cần Thơ, Việt Nam",Cần Thơ
31556366,Mekong Daniel Resort (Bungalow5),"H. Phong Điền, Xã Nhơn Nghĩa, Trung tâm Thành phố Cần Thơ, Cần Thơ, Việt Nam",Cần Thơ
32614364,"Nhà riêng 40 m² 1 phòng ngủ, 1 phòng tắm riêng ở An Khánh (Cafe Stay)","Bình Thủy, Cần Thơ, Việt Nam",Cần Thơ
32900642,"Căn hộ 1000 m² 21 phòng ngủ, 21 phòng tắm riêng ở Ninh Kiều (iMotel 6 Cần Thơ )","Cái Răng, Cần Thơ, Việt Nam",Cần Thơ
34530210,"Nhà riêng 123 m² 4 phòng ngủ, 3 phòng tắm riêng ở An Bình (HO GIA AN Home - Phòng KING)","An Bình, Cần Thơ, Việt Nam",Cần Thơ
35430244,"Nhà riêng 124 m² 3 phòng ngủ, 3 phòng tắm riêng ở An Bình (HO GIA AN Home - Căn hộ ngay chợ nổi)","An Bình, Cần Thơ, Việt Nam",Cần Thơ
35493391,"Nhà riêng 124 m² 1 phòng ngủ, 1 phòng tắm riêng ở An Bình (HO GIA AN Home - Phòng cho nhóm thích du lịch)","An Bình, Cần Thơ, Việt Nam",Cần Thơ
35527608,HO GIA AN Home - Double Room,"15A - Đường G1, Phường An Bình, Cần Thơ, Việt Nam",Cần Thơ
35698572,"Nhà riêng 20 m² 1 phòng ngủ, 1 phòng tắm riêng ở An Bình (Combo Phòng 3 người & Vé tham quan chợ nổi)","15a G1 HO GIA AN Home, Cần Thơ, Việt Nam",Cần Thơ
35715991,"Nhà riêng 124 m² 1 phòng ngủ, 1 phòng tắm riêng ở An Bình (Phòng giường đôi giành cho 3 người )","An Bình, Cần Thơ, Việt Nam",Cần Thơ
35810640,"Nhà riêng 124 m² 2 phòng ngủ, 2 phòng tắm riêng ở An Bình (HO GIA AN Home - Phòng cho nhóm đi du lịch )","An Bình, Cần Thơ, Việt Nam",Cần Thơ
36213844,"Nhà riêng 20 m² 1 phòng ngủ, 2 phòng tắm riêng ở An Khánh (Four bedrooms house 5m walk from Ninh Kieu Quay)","Bình Thủy, Cần Thơ, Việt Nam",Cần Thơ
36459843,"Căn hộ 40 m² 1 phòng ngủ, 1 phòng tắm riêng ở Cái Khế (Hotel Massage Quý Phi)","Cái Khế, Cần Thơ, Việt Nam",Cần Thơ
36907411,"Nhà riêng 500 m² 4 phòng ngủ, 3 phòng tắm riêng ở Khu du lịch Phù Sa Cồn Ấu (Homestay Trà Ôn Vĩnh Long)","Khu du lịch Phù Sa Cồn Ấu, Cần Thơ, Việt Nam",Cần Thơ
36931656,"Căn hộ 3000 m² 1 phòng ngủ, 1 phòng tắm riêng ở Khu du lịch Phù Sa Cồn Ấu (Miss Hai Homestay yên tĩnh, dân giả , địa phương )","Khu du lịch Phù Sa Cồn Ấu, Cần Thơ, Việt Nam",Cần Thơ
36999941,"Nhà riêng 50 m² 2 phòng ngủ, 2 phòng tắm riêng ở An Khánh (Peony Flower (Nhu’s House 2))","An Khánh, Cần Thơ, Việt Nam",Cần Thơ
37032961,"Nhà riêng 60 m² 1 phòng ngủ, 1 phòng tắm riêng ở Cái Răng (Homestay 385 - Chợ Nổi Cái Răng)","Cái Răng, Cần Thơ, Việt Nam",Cần Thơ
37044217,HO GIA AN Home - King Room,"15a G1 An Bình, Cần Thơ, Việt Nam",Cần Thơ
38107916,"Căn hộ 500 m² 15 phòng ngủ, 15 phòng tắm riêng ở Khu du lịch Phù Sa Cồn Ấu (Nhà nghỉ Khải Hoàn Môn)","Khu du lịch Phù Sa Cồn Ấu, Cần Thơ, Việt Nam",Cần Thơ
38110196,"Căn hộ 500 m² 15 phòng ngủ, 1 phòng tắm riêng ở Cái Khế (Nhà nghỉ Kim Yến 2)","Cái Khế, Cần Thơ, Việt Nam",Cần Thơ
38151613,HO GIA AN Home - Dorm Room,"An Bình, Cần Thơ, Việt Nam",Cần Thơ
38157522,HO GIA AN Home - Queen Room,"An Bình, Cần Thơ, Việt Nam",Cần Thơ
38273195,Biệt thự Miha (Miha Villa),"112/04 D. Hoang Quoc Viet An Binh, Việt Nam",Cần Thơ
38591591,"Căn hộ 150 m² 5 phòng ngủ, 5 phòng tắm riêng ở Ấp Nhơn Lộc (Nhà Nghi Anh Tuấn)","Cần Thơ, Cần Thơ, Việt Nam",Cần Thơ
39391372,"Nhà riêng 600 m² 4 phòng ngủ, 4 phòng tắm riêng ở Bến Ninh Kiều (Khách sạn Minh Nhựt)","Bến Ninh Kiều, Cần Thơ, Việt Nam",Cần Thơ
39397815,"Nhà riêng 1200 m² 5 phòng ngủ, 4 phòng tắm riêng ở Ấp Nhơn Lộc (Homestay My Thuan)","Phong Điền, Cần Thơ, Việt Nam",Cần Thơ
39631162,"Căn hộ 18 m² 1 phòng ngủ, 1 phòng tắm riêng ở Cái Răng (Grandma's House 1)","Cái Răng, Cần Thơ, Việt Nam",Cần Thơ
39928390,"Căn hộ 10 m² 1 phòng ngủ, 0 phòng tắm riêng ở Cái Khế (B11 - Phòng nhỏ tiện lợi dành cho 2 người )","Cái Khế, Cần Thơ, Việt Nam",Cần Thơ
39928876,"Căn hộ 16 m² 1 phòng ngủ, 0 phòng tắm riêng ở Cái Khế (B12 - Phòng gia đình phù hợp cho 4 người)","Cái Khế, Cần Thơ, Việt Nam",Cần Thơ
42524128,"Nhà riêng 130 m² 2 phòng ngủ, 2 phòng tắm riêng ở Bến Ninh Kiều (Nhà Phố 2 phòng ngủ gia đình, 8 giường, bếp)","Bến Ninh Kiều, Cần Thơ, Việt Nam",Cần Thơ
45031048,Kim Lan Hotel Can Tho,"138A Nguyen An Ninh Đường, Tan An Phường, Cần Thơ, Việt Nam",Cần Thơ
45032797,Green Sunshine Can Tho,"Long Hoa, Việt Nam",Cần Thơ
45150539,HO GIA AN Home - Green Room - Ngay trung tâm Phố Ẩm Thực (HO GIA AN Home - Green Room - Ngay trung tam Pho Am Thuc),"An Khánh, Cần Thơ, Việt Nam",Cần Thơ
46515368,"Căn hộ 500 m² 20 phòng ngủ, 20 phòng tắm riêng ở Cái Khế (Hotel Phú Phương Nam)","Cái Khế, Cần Thơ, Việt Nam",Cần Thơ
47224392,"Nhà trệt 40 m² 1 phòng ngủ, 1 phòng tắm riêng ở Trung tâm thành phố Cần Thơ (Hẻm Homestay )","Cần Thơ, Cần Thơ, Việt Nam",Cần Thơ
47492197,"Căn hộ 50 m² 1 phòng ngủ, 1 phòng tắm riêng ở An Bình (HẺM Homestays )","An Bình, Cần Thơ, Việt Nam",Cần Thơ
49686487,"Nhà trệt 40 m² 1 phòng ngủ, 1 phòng tắm riêng ở An Khánh (HẺM Homestays )","Cần Thơ, Cần Thơ, Việt Nam",Cần Thơ
50217466,Motel 1989,"24/7 Nguyễn Việt Dũng Cái Răng, Cần Thơ, Việt Nam",Cần Thơ
50366126,"Căn hộ 100 m² 1 phòng ngủ, 2 phòng tắm riêng ở Ninh Kiều (An'H House & Cafe)","Ninh Kiều, Cần Thơ, Việt Nam",Cần Thơ
51816487,"Căn hộ 40 m² 1 phòng ngủ, 1 phòng tắm riêng ở Ninh Kiều (Nam Long Diamond)","Cái Răng, Cần Thơ, Việt Nam",Cần Thơ
52003073,"Căn hộ 20 m² 6 phòng ngủ, 1 phòng tắm riêng ở Khu du lịch Phù Sa Cồn Ấu (Mekong Riverside Homestay)","Khu du lịch Phù Sa Cồn Ấu, Cần Thơ, Việt Nam",Cần Thơ
52133676,"Căn hộ 100 m² 1 phòng ngủ, 2 phòng tắm riêng ở Ninh Kiều (khách sạn six N)","An Bình, Cần Thơ, Việt Nam",Cần Thơ
52352683,"Biệt thự 1300 m² 4 phòng ngủ, 4 phòng tắm riêng ở Khu du lịch Phù Sa Cồn Ấu (Biệt thự Green Villa - Ngôi Nhà Chung)","Cái Răng, Cần Thơ, Việt Nam",Cần Thơ
52374053,Dorm Can Tho,"18/2/9 Đường Trương Định, Trung tâm Thành phố Cần Thơ, Cần Thơ, Việt Nam",Cần Thơ
54320588,"Nhà riêng 196 m² 4 phòng ngủ, 3 phòng tắm riêng ở Ninh Kiều (TONY HOMESTAY CẦN THƠ)","An Khánh, Cần Thơ, Việt Nam",Cần Thơ
54626227,Aluny Boutiquestay,"28 Ngo Duc Ke Tan An, Việt Nam",Cần Thơ
54769897,Sunny 1 Hometel Vinh Long,"Cầu Đông Bình A6-24, Cần Thơ, Việt Nam",Cần Thơ
55269654,Khách sạn Hula (Hula Hotel),"334 Đường A2  Hung Phu, Cần Thơ, Việt Nam",Cần Thơ
55287022,"Căn hộ 100 m² 1 phòng ngủ, 1 phòng tắm riêng ở Khu du lịch Phù Sa Cồn Ấu (Ngôi nhà 108m2 không gian mở nhiều cây xanh mát mẻ)","Cái Răng, Cần Thơ, Việt Nam",Cần Thơ
55288098,"Căn hộ 600 m² 1 phòng ngủ, 1 phòng tắm riêng ở Cái Răng (Khách sạn)","Cái Răng, Cần Thơ, Việt Nam",Cần Thơ
55585730,Nhà Nghỉ Yến Quý (Nha Nghi Yen Quy),"64 Đường Trần Đại Nghĩa, Cần Thơ, Việt Nam",Cần Thơ
55630825,Can Tho Farmstay,"66 Đương Trương Vĩnh Nguyên Cái Răng, Cần Thơ, Việt Nam",Cần Thơ
55766195,"Căn hộ 100 m² 1 phòng ngủ, 1 phòng tắm riêng ở An Bình (Phòng Master)","An Bình, Cần Thơ, Việt Nam",Cần Thơ
78332790,Huynh Han Hotel Can Tho by Bay Luxury,"D. So 7 Hung Loi Ninh Kieu, Cần Thơ, Việt Nam",Cần Thơ
55892136,"Căn hộ 100 m² 1 phòng ngủ, 1 phòng tắm riêng ở Cái Khế (An Bình 66)","Cái Khế, Cần Thơ, Việt Nam",Cần Thơ
58334249,Huỳnh Hân Motel CT - by BAY LUXURY (Huynh Han Motel CT - by BAY LUXURY),"Đường 7, Cần Thơ, Việt Nam",Cần Thơ
58961351,"Nhà riêng 80 m² 3 phòng ngủ, 2 phòng tắm riêng ở Bến Ninh Kiều (Can Tho Home & Apartment 2)","Bến Ninh Kiều, Cần Thơ, Việt Nam",Cần Thơ
59002675,31A Hotel CT by BAY LUXURY,"31 Ngô Đức Kế Bến Ninh Kiều, Cần Thơ, Việt Nam",Cần Thơ
59002698,31C Hotel CT by BAY LUXURY,"94 Đường Nguyễn An Ninh, Cần Thơ, Việt Nam",Cần Thơ
59026454,"Nhà trệt 35 m² 1 phòng ngủ, 1 phòng tắm riêng ở Ấp Nhơn Lộc (Dưa Hấu House)","Cần Thơ, Cần Thơ, Việt Nam",Cần Thơ
59498421,"Căn hộ m² 1 phòng ngủ, 1 phòng tắm riêng ở Cái Khế (Nhà Nghỉ 131)","Cái Khế, Cần Thơ, Việt Nam",Cần Thơ
59711199,"Nhà riêng m² 1 phòng ngủ, 1 phòng tắm riêng ở An Khánh (Nhà nguyên căn 1 phòng ngủ, ở trung tâm)","An Khánh, Cần Thơ, Việt Nam",Cần Thơ
59711203,"Nhà riêng 35 m² 1 phòng ngủ, 1 phòng tắm riêng ở An Khánh (Nhà nguyên căn 1 phòng ngủ, tại trung tâm 2)","An Khánh, Cần Thơ, Việt Nam",Cần Thơ
60220201,"Căn hộ 15 m² 1 phòng ngủ, 1 phòng tắm riêng ở Ninh Kiều (Motel Tho Phan)","Ninh Kiều, Cần Thơ, Việt Nam",Cần Thơ
60775138,Homestay Nhà Của Gió,"118b Võ Nguyên Giáp Tân Phú, Cần Thơ, Việt Nam",Cần Thơ
61754646,"Nhà riêng 20 m² 3 phòng ngủ, 1 phòng tắm riêng ở An Bình (Một homestay & cafe mang phong cách tân cổ điển)","Bình Thủy, Cần Thơ, Việt Nam",Cần Thơ
64004619,Phòng Master (Phong Master),"2 Đường 9, Cần Thơ, Việt Nam",Cần Thơ
64583307,CĂN HỘ CAO CẤP CẦN THƠ,"Q. Ninh Kiều, Phường An Khánh, Cần Thơ, Việt Nam",Cần Thơ
64901764,Khách sạn 31B - Gần Bến Ninh Kiều (31B Hotel - Near Ninh Kieu Wharf),"60 Đường Hai Bà Trưng, Cần Thơ, Việt Nam",Cần Thơ
64902321,"Nhà riêng m² 1 phòng ngủ, 1 phòng tắm riêng ở Trung tâm thành phố Cần Thơ (Cozy Room with laundry, 1km to Ninh Kieu wharf)","Cần Thơ, Cần Thơ, Việt Nam",Cần Thơ
64902322,"Nhà riêng m² 1 phòng ngủ, 1 phòng tắm riêng ở Trung tâm thành phố Cần Thơ (Heart of Cantho Bright Room with laundry)","Cần Thơ, Cần Thơ, Việt Nam",Cần Thơ
64902323,"Nhà riêng m² 1 phòng ngủ, 1 phòng tắm riêng ở Trung tâm thành phố Cần Thơ (Heart of Cantho Cozy Room with laundry)","Cần Thơ, Cần Thơ, Việt Nam",Cần Thơ
64902771,"Nhà riêng m² 1 phòng ngủ, 1 phòng tắm riêng ở Trung tâm thành phố Cần Thơ (Comfy and cozy room in centre CT)","Cần Thơ, Cần Thơ, Việt Nam",Cần Thơ
65482125,"Pipo house, cool breeze, beautiful sunshine","Cái Răng, Cần Thơ, Việt Nam",Cần Thơ
65964878,Can Tho Farmstay - Let's Go Can Tho,"Cái Răng, Cần Thơ, Việt Nam",Cần Thơ
66102849,"Nhà riêng m² 1 phòng ngủ, 1 phòng tắm riêng ở Ninh Kiều (Nhà view sông)","Ninh Kiều, Cần Thơ, Việt Nam",Cần Thơ
67602761,Nhà Lâm Khôi (Nha Lam Khoi),"Cái Răng, Cần Thơ, Việt Nam",Cần Thơ
68107245,Green Village Mekong,"Phu Hung Area, Cần Thơ, Việt Nam",Cần Thơ
68230560,"Nhà riêng 103 m² 1 phòng ngủ, 1 phòng tắm riêng ở Cái Răng (Homestay Nhật Ngân Cần Thơ)","Cái Răng, Cần Thơ, Việt Nam",Cần Thơ
68415223,"Căn hộ m² 1 phòng ngủ, 1 phòng tắm riêng ở An Bình (Modern Studio w Balcony and Kitchen)","Bình Thủy, Cần Thơ, Việt Nam",Cần Thơ
68557780,"Biệt thự 150 m² 1 phòng ngủ, 4 phòng tắm riêng ở Ninh Kiều (Noel's Villa)","An Bình, Cần Thơ, Việt Nam",Cần Thơ
71108555,Khách sạn Mỹ Kim (My Kim Hotel),"12 Đường Tân Trào, Cần Thơ, Việt Nam",Cần Thơ
71447498,Nhà nghỉ Phú Mỹ (Nha nghi Phu My),"19a Đường Ngô Sĩ Liên, Cần Thơ, Việt Nam",Cần Thơ
71511312,Vicnie House Cantho,"Cái Khế, Cần Thơ, Việt Nam",Cần Thơ
73567129,Dr 501 Modern studio with city view and kitchen,"An Khánh, Cần Thơ, Việt Nam",Cần Thơ
74407596,Pandora Hotel Cần Thơ (Pandora Hotel Can Tho),"57 Nguyễn Thị Tính quận Bình Thuỷ, Phường Bùi Hữu Nghĩa, Cần Thơ, Việt Nam",Cần Thơ
75088811,"Nhà riêng m² 1 phòng ngủ, 1 phòng tắm riêng ở An Khánh (Lam Homestay Minihouse)","Bình Thủy, Cần Thơ, Việt Nam",Cần Thơ
75167130,"Nhà riêng m² 2 phòng ngủ, 2 phòng tắm riêng ở Bến Ninh Kiều (HiDu House CT)","Cần Thơ, Cần Thơ, Việt Nam",Cần Thơ
76404083,"Nhà riêng m² 2 phòng ngủ, 2 phòng tắm riêng ở An Bình (Home Nguyên Căn Nhật Ngân- Chợ Nổi Cái Răng)","Cái Răng, Cần Thơ, Việt Nam",Cần Thơ
76849450,"Nhà riêng m² 2 phòng ngủ, 1 phòng tắm riêng ở Trung tâm thành phố Cần Thơ (Apartment - Minihoues Cần Thơ)","Cần Thơ, Cần Thơ, Việt Nam",Cần Thơ
77048509,205MSNK Spacious Studio l Window & Kitchen,"Bến Ninh Kiều, Cần Thơ, Việt Nam",Cần Thơ
77508895,403MSNK Maison Luxe Studio with Balcony,"Bến Ninh Kiều, Cần Thơ, Việt Nam",Cần Thơ
77598458,407MSNK Maison Luxe Studio w Balcony & Kitchen,"Bến Ninh Kiều, Cần Thơ, Việt Nam",Cần Thơ
77679282,"Căn hộ m² 1 phòng ngủ, 1 phòng tắm riêng ở Trung tâm thành phố Cần Thơ (Nguyễn dũng)","Cần Thơ, Cần Thơ, Việt Nam",Cần Thơ
78196507,"Biệt thự m² 4 phòng ngủ, 4 phòng tắm riêng ở Cái Răng (Villa 200 m2 lake view in Nam Long residence area)","Cái Răng, Cần Thơ, Việt Nam",Cần Thơ
78204002,Nhà nghỉ Hoàn Chun (Motel Hoàn Chun),"27 Đường Trần Hưng Đạo, Cần Thơ, Việt Nam",Cần Thơ
78332371,Kim Phung Ngan Hotel,"126 Pham Cong Tru Phuong Cai Khe, Cần Thơ, Việt Nam",Cần Thơ
78420351,"Nhà riêng m² 1 phòng ngủ, 2 phòng tắm riêng ở Khu du lịch Phù Sa Cồn Ấu (Full house in Pomelo Garden)","Khu du lịch Phù Sa Cồn Ấu, Cần Thơ, Việt Nam",Cần Thơ
78420352,"Nhà riêng m² 1 phòng ngủ, 1 phòng tắm riêng ở Khu du lịch Phù Sa Cồn Ấu (Twin room in pomelo garden)","Khu du lịch Phù Sa Cồn Ấu, Cần Thơ, Việt Nam",Cần Thơ
78420353,"Nhà riêng m² 1 phòng ngủ, 1 phòng tắm riêng ở Khu du lịch Phù Sa Cồn Ấu (Double Room in Pomelo Garden)","Khu du lịch Phù Sa Cồn Ấu, Cần Thơ, Việt Nam",Cần Thơ
79121752,Ciara Homestay,"142A1 Đường Nguyễn Hiền, Cần Thơ, Việt Nam",Cần Thơ
79170268,"Nhà riêng m² 2 phòng ngủ, 2 phòng tắm riêng ở Ninh Kiều (Phòng 4+1 sạch sẽ tiện nghi ngay trung tâm giá rẻ)","An Khánh, Cần Thơ, Việt Nam",Cần Thơ
79522396,Tulip Hotel,"D5/10   D5/11, Phường Phú Thứ, Cần Thơ, Việt Nam",Cần Thơ
79990358,Khách sạn Joy (Joy hotel),"H3-13 Võ Nguyên Giáp, Cần Thơ, Việt Nam",Cần Thơ
80094588,"Tiny house, traditional, friendly neighbour, center, sunset lake view","Cần Thơ, Cần Thơ, Việt Nam",Cần Thơ
80440489,"Nhà riêng m² 1 phòng ngủ, 1 phòng tắm riêng ở Bến Ninh Kiều (Home in the center with full facilities)","Bến Ninh Kiều, Cần Thơ, Việt Nam",Cần Thơ
2542981,Muong Thanh Luxury Ha Nam Hotel,"Khu đất phía bắc Cầu Hồng Phú, Phường Quang Trung, Việt Nam",Hà Nam
41344799,Khách sạn Riverside Hà Nam (Riverside Hotel Hà Nam),"Lê Hoàn, Thành phố Phủ Lý, Việt Nam",Hà Nam
5873574,Meliá Vinpearl Phủ Lý (Meliá Vinpearl Phu Ly),"No. 60 Bien Hoa Đường, Phu Ly Phường, Việt Nam",Hà Nam
19856099,Tam Chuc Complex,"Ba Sao Town, Việt Nam",Hà Nam
30143131,Khách sạn Hoa Đồng Aureum (Hoa Dong Aureum Hotel),"Ngô Gia Tự, Hà Nội, Việt Nam",Hà Nam
68403103,The Dome Grand,"Đồng Văn, Việt Nam",Hà Nam
4218676,Khach san INCO 515.9,"Đường Lê Hoàn, Việt Nam",Hà Nam
78344722,Thanh Dat Presidence Palace Phu Ly,"DT497, Việt Nam",Hà Nam
62505067,Khách sạn Legend Valley Hà Nam (Legend Valley Hotel Ha Nam),"Tổ dan pho Quang Thừa, Phường Nguyen Uy, Việt Nam",Hà Nam
51081407,Khách sạn Hoàng Gia Royal (Hoang Gia Hotel Royal),"Thon Thinh Dai, Việt Nam",Hà Nam
79592271,Khách sạn Love In The Atlantis (Love In The Atlantis Hotel),"Trung Hoà, 37 Ng. 20 Phường Nguyễn Chánh, Hà Nội, Việt Nam",Hà Nội
61167500,Căn hộ & Khách sạn Eco Nest Classic (Eco Nest Classic Apartment & Hotel),"Cửa Nam, 91 Phường Lý Thường Kiệt, Quận Hoàn Kiếm, Việt Nam",Hà Nội
77652742,Khách sạn M Village Kim Mã (M Village Hotel Kim Mã),"Kim Mã, 132 Phường Kim Mã, Hà Nội, Việt Nam",Hà Nội
59315710,Khách sạn & Spa Le Chateau Hà Nội (Hanoi Le Chateau Hotel & Spa),"23-25 Phố Hàng Thiếc Phố Cổ, Hà Nội, Việt Nam",Hà Nội
31265974,KHÁCH SẠN PING DIAMOND (PING DIAMOND HOTEL),"76 Trần Thái Tông Cầu Giấy, Hà Nội, Việt Nam",Hà Nội
70980774,La Casa Di Dicembre 18 Hàng Cháo (La Casa Di Dicembre 18 Hang Chao),"Cát Linh, 18 Phường Hàng Cháo, Hà Nội, Việt Nam",Hà Nội
76975439,Khách sạn Eco Nest Signature (Eco Nest Signature Hotel),"Chợ Dừa, 18 Ng. 19 Phường Trần Quang Diệu, Hà Nội, Việt Nam",Hà Nội
9757717,Khách Sạn Old Quarter 1961 (Old Quarter Hotel 1961),"6/22 Hang Voi Đường- Ly Thai To- Hoan Kiem- Ha Noi, Quận Hoàn Kiếm, Việt Nam",Hà Nội
61794973,Khách sạn & Du lịch Madelise Stardust (Madelise Stardust Hotel & Travel),"Cửa Nam, 11 Phường Nguyễn Thái Học, Quận Hoàn Kiếm, Việt Nam",Hà Nội
59406845,Khách sạn & Căn hộ Eco Nest (Eco Nest Hotel & Apartment),"92 Phố Thợ Nhuộm Hà Nội, Quận Hoàn Kiếm, Việt Nam",Hà Nội
45084233,Khách sạn & Spa Ký Ức Trung tâm Hà Nội (Ha Noi Memory Central Hotel & Spa),"90 Đường Trần Nhật Duật, Hà Nội, Việt Nam",Hà Nội
4914609,Khách sạn và Spa Grand Cititel Hà Nội (Grand Cititel Hanoi Hotel & Spa),"13B Tong Dan Hà Nội, Quận Hoàn Kiếm, Việt Nam",Hà Nội
61600221,Vinhome Sky Lake,"Đường Phạm Hùng, Hà Nội, Việt Nam",Hà Nội
52070,Khách sạn Thắng Lợi Hà Nội (Thang Loi Hotel Hanoi),"Số 200 phố Y n Phụ, Phường T y Hồ, Thành phố H Nội, Việt Nam",Hà Nội
47270864,Căn hộ Atlantis Nguyễn Thái Học (Atlantis Apartment Nguyen Thai Hoc),"123 Van Mieu, Phường Nguyen Thai Hoc, Hà Nội, Việt Nam",Hà Nội
3552431,Khách sạn & Spa Bendecir (Bendecir Hotel & Spa),"25-27 Lò Sũ Hoàn Kiếm, Quận Hoàn Kiếm, Hà Nội, Việt Nam",Hà Nội
61425173,Khách sạn Tiến Minh 113 Lê Thanh Nghị (Tien Minh Hotel 113 Le Thanh Nghi),"113 Le Thanh Nghị Hà Nội, Quận Hai Bà Trưng, Việt Nam",Hà Nội
34467676,Căn hộ Era Cozy (Era Cozy Apartment),"Cầu Giấy, 2 Ng. 77 Phường Y  234 n H  242 a, Hà Nội, Việt Nam",Hà Nội
72082546,Luxe Paradise Residence 21 Nguyễn Văn Trỗi (Luxe Paradise Residence 21 Nguyen Van Troi),"Hà Đông, 21 Phường Nguyễn Văn Trỗi, Hà Nội, Việt Nam",Hà Nội
908274,Khách Sạn Box (Box Hotel),"Phố Cổ, Hà Nội, Việt Nam",Hà Nội
1156703,One Hotel Hanoi,"Cầu Giấy, Hà Nội, Việt Nam",Hà Nội
42087656,Ami House 1,"135 Room 14B, Hà Nội, Việt Nam",Hà Nội
8553297,Khách Sạn King's Yên Hòa (King's Hotel Yen Hoa),"Cơ sở 2- Biệt thự 17H1, Quận Cầu Giấy, Việt Nam",Hà Nội
68224486,Căn hộ Era Đoàn Kế Thiện (Era Apartment Doan Ke Thien),"Số 4 ng ch 64 Ng 105 Phố Do n Kế Thiện, Hà Nội, Việt Nam",Hà Nội
8607362,Marina Hotel Hanoi,"22 phố Miếu Đầm quận Nam Từ Liêm, Phường Mễ Trì, Hà Nội, Việt Nam",Hà Nội
3582705,Hanoi Allure Hotel,"52 Dao Duy Tu Str Hoan Kiem Dist, Hà Nội, Việt Nam",Hà Nội
67196155,Khách sạn Madelise Hanoi View (Madelise Hanoi View Hotel),"48 ng Ng Sỹ Li n Đống Đa, Hà Nội, Việt Nam",Hà Nội
28680418,Green Homestay,"160 Ngoc Ha, Hà Nội, Việt Nam",Hà Nội
2985143,Khách sạn Sunrise Hà Nội (Sunrise Hanoi Hotel),"716 Bạch Đằng Hà Nội, Quận Hai Bà Trưng, Việt Nam",Hà Nội
67630606,"Studio Đại học Y, vị trí trung tâm","ngo 18 ton that tung, Hà Nội, Việt Nam",Hà Nội
75685376,Khách sạn Lieber (Lieber Hotel ),"Số 4 phố Yên Phúc, Phường Phúc La, Hà Nội, Việt Nam",Hà Nội
247355,Khách sạn Grand Plaza Hà Nội (Grand Plaza Hotel Hanoi ),"117 Tran Duy Hung Ha Noi, Yen Hoa Phường, Việt Nam",Hà Nội
4782362,Căn hộ & Khách sạn Eco Nest Đinh Ngang (Eco Nest Apartment & Hotel Dinh Ngang),"06 Đình Ngang Cửa Nam, Quận Hoàn Kiếm, Việt Nam",Hà Nội
66812940,Khách sạn Majestik (Majestik Hotel),"30c Ng. 89 Đường L Đức Thọ, Hà Nội, Việt Nam",Hà Nội
39846228,Vinhomes Smart City Tây Mỗ Nam Từ Liêm (Vinhomes Smart City Tay Mo Nam Tu Liem),"Đại lộ Thăng Long, Hà Nội, Việt Nam",Hà Nội
22036974,Scent Premium Hotel,"31 Hang Hanh Hoan Kiem, Quận Hoàn Kiếm, Việt Nam",Hà Nội
63406176,Khách sạn King’s Trung Yên (King’s Hotel Trung Yen),"12 Ngõ 42 Trung Hòa Cầu Giấy, Hà Nội, Việt Nam",Hà Nội
22211514,Affa Boutique Hotel,"17 Tràng Thi Hoan Kiem, Quận Hoàn Kiếm, Việt Nam",Hà Nội
730015,Khách sạn Mely (Mely Hotel),"Số 21-23 Nhân Hòa - Nhân Chính - Thanh Xuân, Hà Nội, Việt Nam",Hà Nội
36144486,Khách sạn & Spa Madelise Palace (Madelise Palace Hotel & Spa),"116 Phố Hàng Buồm 9 Phố Cổ, Hà Nội, Việt Nam",Hà Nội
67805512,Khách sạn Bảo Anh (Bao Anh Hotel),"Bảo Anh Hotel, Quận Long Biên, Việt Nam",Hà Nội
32404533,Khách sạn My House (MY HOUSE HOTEL),"350 Trần Kh t Ch n Hà Nội, Quận Hai Bà Trưng, Việt Nam",Hà Nội
108257,Somerset Hoa Bình Hà Nội (Somerset Hoa Binh Hanoi),"106 Đường Hoàng Quốc Việt, Quận Cầu Giấy, Việt Nam",Hà Nội
76047981,Khách sạn và Spa Sky Charm Hà Nội (Sky Charm Hanoi Hotel and Spa),"Hàng Bông, 27 Phường Tống Duy Tân, Quận Hoàn Kiếm, Việt Nam",Hà Nội
59883653,Căn hộ Era Trung Liệt (Era Apartment Trung Liet),"Ngõ 69 Phố Trung Liệt 4, Hà Nội, Việt Nam",Hà Nội
78662700,Căn hộ Era Tam Đa (Era Apartment Tam Da),"16 Tam Đa Ba Đình, Hà Nội, Việt Nam",Hà Nội
10960,Hanoi Daewoo Hotel,"360 Phố Kim Mã, Quận Ba Đình, Việt Nam",Hà Nội
18533918,Dolce by Wyndham Hanoi Golden Lake,"B7 Giang Vo, Hà Nội, Việt Nam",Hà Nội
80274390,Căn hộ studio tuyệt vời ở Hà Nội (Amazing studio in Hanoi),"21 Tổ 5, Phường Phúc Đồng, Hà Nội, Việt Nam",Hà Nội
6417818,Khách sạn Tây Hồ Westlake (Westlake Tay Ho Hotel),"696 Lac Long Quan Nhat Tran, Quận Tây Hồ, Việt Nam",Hà Nội
5696569,Khách sạn Bel Ami Hà Nội (Hotel Bel Ami Hanoi),"244 Hang Bong Hà Nội, Quận Hoàn Kiếm, Việt Nam",Hà Nội
1158452,Khách sạn Bespoke Trendy Hà Nội (Bespoke Trendy Hotel Hanoi Hotel),"12 Nguyễn Quang Bích Phố Cổ, Hà Nội, Việt Nam",Hà Nội
53015544,Căn hộ Era Cát Linh (Era Apartment Cát Linh),"19 Alley 167, Hà Nội, Việt Nam",Hà Nội
13360968,Khách Sạn Patel Hà Nội (Patel Hotel Hanoi),"Alley 35, Nam Tu Liem Phường, Hà Nội, Việt Nam",Hà Nội
66680429,Khách sạn Hanoi Sail (Hanoi Sail Hotel),"979 Đường Hồng Hà, Quận Hoàn Kiếm, Việt Nam",Hà Nội
36780702,Khách sạn Coco Hà Nội (Coco Hanoi Hotel),"5B Tran Duy Hung Đường, Hà Nội, Việt Nam",Hà Nội
18808397,Nhà Newstyle Nguyễn Ngọc Vũ (Newstyle House Nguyen Ngoc Vu),"141 Nguyễn Ngọc Vũ Cầu Giấy, Hà Nội, Việt Nam",Hà Nội
6888098,Khách Sạn Thăng Long (Thang Long Hotel),"713 Giai Phong Đường, Quận Hoàng Mai, Việt Nam",Hà Nội
9367828,OYO 1143 Khách sạn Thu Giang (OYO 1143 Thu Giang Hotel),"Ngõ 45 Trần Thái Tông, Hà Nội, Việt Nam",Hà Nội
64356592,Luxe Paradise Residence Đông Tác,"41 Dong Tac Đường, Hà Nội, Việt Nam",Hà Nội
8932285,22Land Moon Hồ Tây (22Land Moon West Lake),"185A Trich Sai Hà Nội, Quận Tây Hồ, Việt Nam",Hà Nội
23696503,Khách sạn Carillon Boutique (Carillon Boutique Hotel),"Hàng Đồng, Hà Nội, Việt Nam",Hà Nội
38583105,L7 WEST LAKE HANOI by LOTTE HOTELS,"Alley No. 683 Lac Long Quan Đường, Phu Thuong Phường, Quận Tây Hồ, Việt Nam",Hà Nội
21339573,alley homestay,"So 9 Ngo 34 Tran Dai Nghia, Quận Hai Bà Trưng, Việt Nam",Hà Nội
2570866,Khách sạn Nam Long Hà Nội (NAM LONG HOTEL HA NOI ),"38 Miếu Đầm Mỹ Đình, Phường Mễ Trì, Quận Nam Từ Liêm, Việt Nam",Hà Nội
63990368,Khách sạn Kỳ Mới (The Ky Moi Hotel),"Hà Nội, 8 Ng. 55 Phường L Đại H nh, Quận Hai Bà Trưng, Việt Nam",Hà Nội
2634548,Khách sạn AVS Nội Bài (AVS Noi Bai Hotel ),"11 Đường VO NGUYEN GIAP, Hà Nội, Việt Nam",Hà Nội
62079565,Khách sạn Moonlit Suites (Moonlit Suites Hotel),"7 Ngõ 275 Âu Cơ Quảng An, Quận Tây Hồ, Việt Nam",Hà Nội
43399,Hanoi Hotel,"Ba Đình, D8 Giảng V - Phường Giảng V - Thành phố H Nội, Việt Nam",Hà Nội
10966,Pan Pacific Hanoi,"Đường Thanh Niên, Quận Ba Đình, Việt Nam",Hà Nội
63268658,Khách sạn de LAGOM (HOTEL de LAGOM),"30B-C-D Ly Nam De Hoan Kiem District, Cua Dong Phường, Hà Nội, Việt Nam",Hà Nội
15309556,Hillary Hanoi Hotel,"ng 70 Trương C ng Giai, Hà Nội, Việt Nam",Hà Nội
48273442,Căn hộ Era Khúc Thừa Dụ Cầu Giấy (Era Khuc Thua Du Cau Giay Apartment),"11A Lane 1, Hà Nội, Việt Nam",Hà Nội
61210061,Luxe Paradise Residence 76 Tô Ngọc Vân (Luxe Paradise Residence 76 To Ngoc Van),"19 Alley 76, Quận Tây Hồ, Việt Nam",Hà Nội
47207660,Khách sạn Wilque Hà Nội (Wilque Hotel Hanoi),"80 Cua Bac Ba Dinh District, Truc Bach Phường, Hà Nội, Việt Nam",Hà Nội
7245282,Khách sạn Aloha Hà Nội (Aloha Hotel Hanoi),"74A Lane 28 Aloha Hotel, Xuan La Phường, Quận Tây Hồ, Việt Nam",Hà Nội
729579,Khách sạn Hà Nội Gallant (Hanoi Gallant Hotel),"No 68 V n Đồn Đường, Bach Dang Phường, Quận Hai Bà Trưng, Việt Nam",Hà Nội
7542247,Oakwood Residence Hà Nội (Oakwood Residence Hanoi),"17/35 Đặng Thai Mai Quảng An, Quận Tây Hồ, Việt Nam",Hà Nội
6170089,Khách sạn Nature (Nature Hotel),"Số 62 Phố Khuc Thừa Dụ, Phường Dịch Vọng, Hà Nội, Việt Nam",Hà Nội
67328851,Hanoi Backpackers Lodge,"70 Đường Trần Nhật Duật, Hà Nội, Việt Nam",Hà Nội
33039559,Khách sạn & Căn hộ Grace (Grace Hotel & Residence),"32 Alley 39, Hà Nội, Việt Nam",Hà Nội
67287289,Michi House - Lê Hồng Phong 2,"3 Ng. 77 Lê Hồng Phong Điện Biên, Hà Nội, Việt Nam",Hà Nội
63399048,Khách sạn King's Linh Đàm 2 (King's Hotel Linh Dam 2),"Room TT4, Quận Hoàng Mai, Việt Nam",Hà Nội
77653331,Khách sạn Romeo Linh Đàm 1 (Romeo Hotel Linh Đàm 1),"14BT3X2 Khu đô thị Bắc Linh Đàm, Quận Hoàng Mai, Việt Nam",Hà Nội
79297332,Khách sạn & căn hộ Quiet Hoàng Quốc Việt (Quiet Hoang Quoc Viet Hotel & apartment),"17 alley 123, Hà Nội, Việt Nam",Hà Nội
55664055,Căn hộ Era Ham Long (Era Apartment Ham Long),"Ng. Hàm Long 2, Quận Hoàn Kiếm, Việt Nam",Hà Nội
10543246,The Bloom Hà Nội - Bespoke Living (The Bloom Hanoi - Bespoke Living),"36 Dich Vong Hau Đường, Dich Vong Hau Phường, Hà Nội, Việt Nam",Hà Nội
24281359,Khách sạn Thiên Phú Garden (Thien Phu Garden Hotel),"No.8 Alley 22 Phu Vien, Quận Long Biên, Việt Nam",Hà Nội
79148412,Sword Lake hostel,"Phố Cổ, 8 Phường Tố Tịch, Hà Nội, Việt Nam",Hà Nội
7527607,Khách Sạn King's Mỹ Đình (King's Hotel My Dinh),"Cơ sở 1- Biệt thự A14, Việt Nam",Hà Nội
25941476,Hotel Red River,"Lô 4 Liền Kề 22 Khu đô thị văn khê, Việt Nam",Hà Nội
7959992,Green Hotel near Lotte Center,"30 Nguyễn Văn Ngọc H Nội, Phường Giảng V, Hà Nội, Việt Nam",Hà Nội
30655522,Khách sạn King's Nguyễn Thị Định (King's Hotel Nguyen Thi Đinh),"Villa B45, Hà Nội, Việt Nam",Hà Nội
54190111,Khách sạn Luxe Paradise Suites Hoàng Cầu (Luxe Paradise Suites Hotel Hoang Cau),"Chợ Dừa, 26 Ng. 31 Phường Hoàng Cầu, Hà Nội, Việt Nam",Hà Nội
1517145,Old Quarter View Hanoi Hostel,"42 Hang Giay (No 3 Noi Mieu), Hà Nội, Việt Nam",Hà Nội
443298,Khách sạn Dã Liên (Wild Lotus Hotel - Hang Be),"63 Hàng Bè Phố Cổ, Quận Hòan Kiếm, Việt Nam",Hà Nội
2919224,Khách sạn Dinh Elegant (Dinh Elegant Hanoi Hotel),"So 4 Lo 15D KST moi Trung Yen, Hà Nội, Việt Nam",Hà Nội
178091,Khách sạn Silk Path Hà Nội (Silk Path Hotel Hanoi),"195-199 Hàng Bông Hà Nội, Quận Hoàn Kiếm, Việt Nam",Hà Nội
76607073,HoLo Ba Dinh Hanoi - Serviced HomeStay,"629/5 Phố Kim Mã 2 Ba Đình, Hà Nội, Việt Nam",Hà Nội
61638631,LaHomestay Khuất Duy Tiến (LaHomestay Khuat Duy Tien),"27a Khuất Duy Tiến Hà Đông, Hà Nội, Việt Nam",Hà Nội
51376835,Khách sạn Lam Anh 2 Dương Nội Hà Đông (Lam Anh Hotel 2 Duong Noi Ha Dong),"L04-01, Hà Nội, Việt Nam",Hà Nội
42229585,Khách sạn Everest (EVEREST HOTEL),"44 Nguyen Ngoc Nai Trung Hoa Nhan Chinh, Hà Nội, Việt Nam",Hà Nội
34461396,Khách sạn & Spa Elpis Hà Nội (Hanoi Elpis Hotel & Spa),"32 Phố L  253  Th  225 i Tổ Hà Nội, Quận Hoàn Kiếm, Việt Nam",Hà Nội
1199483,Au Viet Hotel,"126 Đường Nguyễn Hoàng, Hà Nội, Việt Nam",Hà Nội
37483136,Khách sạn & Căn hộ dịch vụ Five Star Westlake Tầng 1-4 (Five Star Westlake 1st-4th Floors Hotel & Serviced Apartment),"162 Hoàng Hoa Thám Thuy Khue, Hà Nội, Việt Nam",Hà Nội
98964,Khách sạn & Căn hộ Wil'que Westlake (Wil'que Westlake Hotel and Residences),"254 D Thụy Khuê Ba Đình, Quận Tây Hồ, Việt Nam",Hà Nội
34634814,Khách sạn & Spa Hanoi Garden (Hanoi Garden Hotel & Spa),"3 Phố Chả C Phố Cổ, Hà Nội, Việt Nam",Hà Nội
63500902,Khách sạn Vista Hà Nội (Hanoi Vista Hotel),"58 Trieu Viet Vuong Hai Ba Trung, Quận Hai Bà Trưng, Việt Nam",Hà Nội
51227663,Khách sạn Skylark Boutique (Skylark Boutique Hotel),"15D Phan Dinh Phung Ba Dinh, Hà Nội, Việt Nam",Hà Nội
26078997,Sojo Hotel GA Hanoi,"115 Trần Hưng Đạo Cửa Nam, Quận Hoàn Kiếm, Việt Nam",Hà Nội
80188097,Khách sạn Ocean Homes (Hotel Ocean Homes),"5 Biển Hồ Bh9a.sp05-33 Gia Lâm, Hà Nội, Việt Nam",Hà Nội
13622655,HANA STAY,"No.148 Phan Ke Binh Str, Hà Nội, Việt Nam",Hà Nội
75088294,Khách sạn Miah Boutique (Miah Boutique Hotel),"Hàng Bông, 205 Phường Hàng Bông, Quận Hoàn Kiếm, Việt Nam",Hà Nội
18809289,Khách sạn Marigold Hà Nội (Marigold Hotel Hanoi),"Ng 12 phố Gầm Cầu, Hà Nội, Việt Nam",Hà Nội
13370411,Khách Sạn Bridge Lakeside Hà Nội (Bridge Lakeside Hotel Hanoi),"24 Nguyen Chi Thanh Đường, Ngoc Khanh Phường, Hà Nội, Việt Nam",Hà Nội
76258584,Khách sạn One Villa 5 Hà Nội (One Villa Hotel 5 Ha Noi),"TT3 -11 Khu Đô thị Mới, Phường Cổ Nhuế, Quận Từ Liêm, Hà Nội, Việt Nam",Hà Nội
74577572,Khách sạn sân bay Jademay (Jademay Airport Hotel),"So 08, Việt Nam",Hà Nội
45084814,Căn hộ 22housing Residence Suites (22housing Residence Suites),"Số 352 Đường Bưởi, Hà Nội, Việt Nam",Hà Nội
1122443,Novotel Suites Hà Nội (Novotel Suites Hanoi),"Cầu Giấy, 5 Duy Tan Đường Cau Giay Phường, Hà Nội, Việt Nam",Hà Nội
41429864,Blue homestay Cầu Giấy (Blue Homestay Cau Giay),"80 Alley 25, Hà Nội, Việt Nam",Hà Nội
42038967,Khách sạn Hanvet Hà Nội (Hanvet Hotel Ha Noi),"No. 3/113 Le Thanh Nghi, Dong Tam Phường, Quận Hai Bà Trưng, Việt Nam",Hà Nội
42170346,Căn hộ và khách sạn Le Parfum (Le Parfum Apartment And Hotel),"22/245  Tức Mặc phố Trần Hưng Đạo, Quận Hoàn Kiếm, Việt Nam",Hà Nội
79134500,Khách sạn Chez Lumi (Chez Lumi Hotel),"39D Ng. Hàng Hành Hàng Trống, Chez Lumi  Quận Hoàn Kiếm, Việt Nam",Hà Nội
64191916,Khách sạn Lam Anh 8 Ngoại Giao Đoàn BT3-10 (Lam Anh Hotel 8 Ngoại Giao Đoàn BT3-10),"Đường Xuân Đỉnh, Quận Từ Liêm, Việt Nam",Hà Nội
5753016,Khách sạn Victor Hà Nội (Victor Hanoi Hotel ),"24 ngõ 165, Hà Nội, Việt Nam",Hà Nội
67970527,Khách sạn Azumaya Đào Tấn (Azumaya Hotel Dao Tan),"82 Phố Đ o Tấn Ba Đình, Phường Cống Vị, Hà Nội, Việt Nam",Hà Nội
2070179,Khách sạn Halo Hà Nội (Halo Hanoi Hotel),"33 ngõ 71, Phường Trung Hòa, Hà Nội, Việt Nam",Hà Nội
39632985,Vĩnh Sơn Nội Bài (Vinh Son Noi Bai),"34 Đường Quốc lộ 2, Hà Nội, Việt Nam",Hà Nội
34245072,Khách sạn Vacanza Premier Hà Nội (Hanoi Vacanza Premier Hotel ),"1 Hang Vai Đường - Old Quarter, Hà Nội, Việt Nam",Hà Nội
32189974,Khách sạn HK - 42 Ngõ 100 Trung Kính (HK HOTEL - 42 Ngõ 100 Trung Kính),"42 Alley 100, Hà Nội, Việt Nam",Hà Nội
60158437,Khách sạn A89 Rosarian (A89 Rosarian Hotel),"số 7 ngõ 89 Lê Đức Thọ, Hà Nội, Việt Nam",Hà Nội
9888195,KHÁCH SẠN QUEEN'S (QUEEN'S HOTEL),"34 Alley 9, Dich Vong Hau Phường, Hà Nội, Việt Nam",Hà Nội
30804330,Khách sạn & Spa 22Land Residence Hà Nội (22Land Residence Hotel & Spa Ha Noi),"02 Nguyen Dinh Hoan Cau Giay, Hà Nội, Việt Nam",Hà Nội
34247201,Căn hộ dịch vụ VNAHOMES (VNAHOMES Serviced Apartment),"no.26 Vong Thi Đường, Quận Tây Hồ, Việt Nam",Hà Nội
40528082,Khách sạn Amira Hà Nội (Amira Hotel Hanoi),"1 Ngõ Gạch No. 01 Ngo Gach Đường, Hà Nội, Việt Nam",Hà Nội
5969458,Khách Sạn T&M Luxury Hà Nội (T&M Luxury Hotel Hanoi),"89 Lê Đức Thọ Mỹ Đình, Hà Nội, Việt Nam",Hà Nội
58874258,Khách sạn A25 - 21 Lê Đức Thọ (A25 Hotel - 21 Le Duc Tho),"09 Ngo 21 Le Duc Tho, Hà Nội, Việt Nam",Hà Nội
62094130,Khách sạn Sao Mai Boutique Hà Nội (Sao Mai Boutique Hotel Hanoi),"23 Ng. Thông Phong Quốc Tử Giám, Hà Nội, Việt Nam",Hà Nội
967807,Buồng ngủ VATC - Ga 2 (VATC Sleep Pod - Terminal 2),"Sảnh công cộng, Hà Nội, Việt Nam",Hà Nội
5501107,Khách sạn A25 - Dịch Vọng Hậu (A25 Hotel - Dich Vong Hau),"2 Ngo 25 Dich Vong Hau Phuong Cau Giay, Hà Nội, Việt Nam",Hà Nội
940491,Khách sạn Peridot Gallery Classic (Peridot Gallery Classic Hotel),"52 Bat Su Đường, Hà Nội, Việt Nam",Hà Nội
37928069,Luxe Paradise Residence Xuân La (Luxe Paradise Residence Xuan La),"36 Alley 28, Quận Tây Hồ, Việt Nam",Hà Nội
25057063,KHÁCH SẠN MIA (MIA HOTEL),"90 Alley 116, Nhan Chinh Phường, Hà Nội, Việt Nam",Hà Nội
68224230,Căn hộ Era Thịnh Hào (Era Apartment Thinh Hao),"52 Ngách 74 ngõ Thịnh Hào 1 52 Đống Đa, Hà Nội, Việt Nam",Hà Nội
59780344,Khách sạn căn hộ Sun Global Boutique (Sun Global Boutique Apart Hotel),"36 Đường To Ngoc Van, Quận Tây Hồ, Việt Nam",Hà Nội
54535479,Khách sạn Lam Anh 4 Ngoại Giao Đoàn BT6-19 (Lam Anh Hotel 4 Ngoại Giao Đoàn BT6-19),"Xuan Tao Villa Hotel, Quận Từ Liêm, Việt Nam",Hà Nội
42939405,Khách sạn & Căn hộ Narcissus 2 (Narcissus 2 Hotel & Apartment ),"84 Đường Lê Duẩn, Phường Cửa Nam, Hà Nội, Việt Nam",Hà Nội
1161652,Midori Boutique Hotel,"43 Triệu Việt Vương Hà Nội, Quận Hai Bà Trưng, Việt Nam",Hà Nội
535510,Khách sạn và Spa La Palm Premier Hà Nội (Hanoi La Palm Premier Hotel & Spa),"35 Hang Quat Hoan Kiem District, Hà Nội, Việt Nam",Hà Nội
12412728,Khách sạn Peridot Grand Luxury Boutique (Peridot Grand Luxury Boutique Hotel),"33 Đường Thanh, Hà Nội, Việt Nam",Hà Nội
407149,Atlanta Residences,"49 Hàng Chuối Hà Nội, Quận Hai Bà Trưng, Việt Nam",Hà Nội
66131312,Khách sạn Sunflower Nội Bài (Noi Bai Sunflower Hotel),"Alley Dinh 1, Hà Nội, Việt Nam",Hà Nội
237755,Khách sạn May De Ville Lakeside (May De Ville Lakeside Hotel),"43 Gia Ngư Phố Cổ, Quận Hòan Kiếm, Việt Nam",Hà Nội
75921530,Khách sạn Grand Hanoi (Grand Hanoi Hotel),"Đường Lê Trọng Tấn, Hà Nội, Việt Nam",Hà Nội
52049663,Căn hộ 22Housing 8 Nguyễn Văn Ngọc (22Housing Apartment 8 Nguyen Van Ngoc),"Room 8, Hà Nội, Việt Nam",Hà Nội
64670175,Căn hộ & Khách sạn Eco Nest Nam Ngư (Eco Nest Apartment & Hotel Nam Ngu),"Cửa Nam, 65 Phường Nam Ngư, Quận Hoàn Kiếm, Việt Nam",Hà Nội
298548,Diamond Westlake Suites,"96 Tô Ngọc Vân Quảng An, Quận Tây Hồ, Việt Nam",Hà Nội
111544,Khách sạn Movenpick Hà Nội Centre (Movenpick Hotel Hanoi Centre),"83A Ly Thuong Kiet Phuong Cua Nam, Quận Hoàn Kiếm, Việt Nam",Hà Nội
58983007,Khách sạn T Boutique (T Boutique Hotel),"84 To Hien Thanh Str Ha Noi, Hai Ba Trung Phường, Quận Hai Bà Trưng, Việt Nam",Hà Nội
1615600,Thang Long Opera Hotel Hanoi,"1C Tông Đản Hà Nội, Quận Hoàn Kiếm, Việt Nam",Hà Nội
262435,Khách sạn Wild Lotus – Xuân Diệu (Wild Lotus Hotel – Xuan Dieu),"106 Xuân Diệu Hà Nội, Quận Tây Hồ, Việt Nam",Hà Nội
61264748,22 Land 50 Trương Công Giai (22 Land 50 Truong Cong Giai),"50 Dich Vong, Phường Truong Cong Giai, Hà Nội, Việt Nam",Hà Nội
63407545,Mat Retreat,"Thon Chong, Việt Nam",Hà Nội
7796450,Khách Sạn Eden Westlake - The Art (Eden Westlake Hotel - The Art),"phố từ Hoa, Quận Tây Hồ, Hà Nội, Việt Nam",Hà Nội
41984591,Khách sạn The Hanoi (Hotel The Hanoi),"20 Phố Xuân Quỳnh Cầu Giấy, Hà Nội, Việt Nam",Hà Nội
7961032,Nhà Trọ Tabalo Hà Nội (Tabalo Hostel Hanoi),"42 Hàng Đường, Phường Hàng Đào, Hà Nội, Việt Nam",Hà Nội
74497991,22 Land Cloud 150 Nguyễn Thái Học (22 Land Cloud 150 Nguyen Thai Hoc),"Điện Biên, 150 Phường Nguyễn Thái Học, Hà Nội, Việt Nam",Hà Nội
119832,Lucky 2 Hotel & Travel,"46 Hàng Hòm Phố Cổ, Quận Hoàn Kiếm, Việt Nam",Hà Nội
79331554,Khách sạn Manevi Premier (Manevi Premier Hotel ),"Hàng Buồm, 40 Phường Nguyễn Siêu, Hà Nội, Việt Nam",Hà Nội
37825609,Lighthouse & Rooftop,"Đống Đa, 26 Ng. 62 Phường Trần Quý Cáp, Hà Nội, Việt Nam",Hà Nội
1157084,Canary Hotel & Apartment,"15 ngõ 19 Liễu Giai, Hà Nội, Việt Nam",Hà Nội
55303819,L7 West Lake Hà Nội by Lotte – L7 Residences (L7 West Lake Hanoi by Lotte – L7 Residences),"Alley 683, Phu Thuong Phường, Quận Tây Hồ, Việt Nam",Hà Nội
64096987,Wanderlust Station Hostel,"Trúc Bạch, 64 Phường Nguyễn Trường Tộ, Hà Nội, Việt Nam",Hà Nội
297367,Khách sạn B (B Hotel),"1065 Đường Hồng H  224, Quận Ho  224 n Kiếm, Việt Nam",Hà Nội
54165886,Khách sạn CLASSYC (CLASSYC Hotel),"Hang Thung Đường, Hoan Kiem Phường, Quận Hoàn Kiếm, Việt Nam",Hà Nội
6393504,Khách Sạn & Spa Acoustic (Acoustic Hotel & Spa),"39 Tho Nhuom Hoan Kiem, Quận Hoàn Kiếm, Việt Nam",Hà Nội
178099,Khách Sạn & Spa Alisa (Alisa Hotel & Spa),"Sô 9, Quận Hoàn Kiếm, Việt Nam",Hà Nội
5404192,Khách sạn Hanvet Hà Nội (Hanoi Hanvet Hotel),"Số 5 Ngõ Huyên, Quận Hoàn Kiếm, Hà Nội, Việt Nam",Hà Nội
44111721,Khách sạn & Căn hộ Galaxy Hà Nội (Galaxy Hanoi Hotel & Apartment),"12 Ng. 80 Trần Duy Hưng Trung Hoà, Hà Nội, Việt Nam",Hà Nội
63229235,My Home WestLake Hà Nội (My Home WestLake Hanoi),"Số 10 Ng ch 28 Ng 31 Xu n Diệu, Quận Tây Hồ, Việt Nam",Hà Nội
16863271,Khách sạn & Du lịch Airport Classic (Airport Classic Hotel & Travel),"11 Võ Nguyên Giáp Sân bay Nội Bài, Hà Nội, Việt Nam",Hà Nội
529354,Khách sạn JW Marriott Hà Nội (JW Marriott Hotel Hanoi),"Đường Đỗ Đức Dục, Phường Từ Li m, Hà Nội, Việt Nam",Hà Nội
34334661,Khách sạn Le Grand Hà Nội (HA NOI LE GRAND HOTEL),"3 B9 Đầm Trấu quận Hai Bà Trưng, Phường Bạch Đằng, Hà Nội, Việt Nam",Hà Nội
42271962,9 LIGHT APARTMENT,"9 Ngõ 675 Lạc Long Quân Hà Nội, Quận Tây Hồ, Việt Nam",Hà Nội
19177418,Pegasy Suites Lakeside,"33 ngõ 399, Phường Nhật Tân, Quận Tây Hồ, Việt Nam",Hà Nội
294450,Golden Silk Boutique Hotel,"109-111 Phố Hàng Gai Hà Nội, Quận Hoàn Kiếm, Việt Nam",Hà Nội
281340,Khách sạn và Spa Holiday Suites (Holiday Suites Hotel & Spa),"5 Nguyễn Siêu TP Hà Nội, Phường Hàng Buồm, Quận Hoàn Kiếm, Việt Nam",Hà Nội
248399,Tirant Hotel,"38 phố Gia Ngư Phố Cổ, Hà Nội, Việt Nam",Hà Nội
38098229,Okaeri Homestay,"Phố Cổ, 20 Phường Lương Ngọc Quyến, Hà Nội, Việt Nam",Hà Nội
55763050,Căn hộ Era 158 Nguyễn Khánh Toàn (Era Apartment 158 Nguyen Khanh Toan),"12 Alley 43, Hà Nội, Việt Nam",Hà Nội
69952131,Maison Nha 51 Quảng Khánh (Maison Nha 51 Quang Khanh),"Quảng An, 51 Phường Quảng Khánh, Quận Tây Hồ, Việt Nam",Hà Nội
9117968,Khách sạn và Spa Hanoi Fiesta Central (Hanoi Fiesta Central Hotel And Spa),"18 Hang Đường, Hà Nội, Việt Nam",Hà Nội
37825768,Khách sạn Royal Lotus (Royal Lotus Hotel),"52 Phố Quan Nhân 10 Cầu Giấy, Hà Nội, Việt Nam",Hà Nội
303010,Khách sạn Authentic Boutique Hà Nội (Authentic Hanoi Boutique Hotel),"13 Lý Thái Tổ Hoàn Kiếm, Quận Hoàn Kiếm, Việt Nam",Hà Nội
5780741,iStay Hotel Apartment 6,"Số 3 ngõ 148 Trần Duy Hưng, Hà Nội, Việt Nam",Hà Nội
11139881,Khách Sạn và Căn Hộ Narcissus (Narcissus Hotel and Apartment),"33 Tuc Mac Tran Hung Dao, Quận Hoàn Kiếm, Việt Nam",Hà Nội
61272941,Aurora Oriental,"L Th i Tổ, 26 Phường L Th i Tổ, Quận Hoàn Kiếm, Việt Nam",Hà Nội
59163767,Khách sạn Hà Nội (Hanoi Hotel),"1 Ng. 269 Đường Lạc Long Qu n, Hà Nội, Việt Nam",Hà Nội
1637038,Blue Hanoi Hotel,"86 Mai Hắc Đế Hai Bà Trưng, Quận Hai Bà Trưng, Hà Nội, Việt Nam",Hà Nội
1575724,Smile Hotel,"34 Cửa Bắc Ba Đình, Hà Nội, Việt Nam",Hà Nội
10535978,Anatole Hotel Hanoi,"26-28-30 Nha Chung Str Hoan Kiem Dist, Quận Hoàn Kiếm, Việt Nam",Hà Nội
5305073,Khách sạn A25 - 96 Hai bà Trưng (A25 Hotel- 96 Hai Ba Trung),"96 Hai Ba Trung Phuong Cua Nam, Quận Hoàn Kiếm, Việt Nam",Hà Nội
61378496,Dodo Home 4,"342 Lac Long Quan Đường, Quận Tây Hồ, Việt Nam",Hà Nội
39850429,Achie Home - Phố cổ Hà Nội - Phố đường tàu (Achie Home - Ha Noi Old Quarter - Train Street),"Phố Cổ, 38 Phường L Nam Đế, Hà Nội, Việt Nam",Hà Nội
51469240,Khách sạn và Spa Amara Hà Nội (Amara Hanoi Hotel And Spa),"H  224 ng Gai, 18 Phường H  224 ng Quạt, Hà Nội, Việt Nam",Hà Nội
41609794,Khách sạn A25 - 12 Phố Huế (A25 Hotel - 12 Pho Hue),"12 Pho Hue Phuong Cua Nam, Quận Hoàn Kiếm, Việt Nam",Hà Nội
338583,Khách sạn Chalcedony Grand (Chalcedony Grand Hotel),"Số 4 Nguyễn Trường Tộ, Hà Nội, Việt Nam",Hà Nội
38983665,Khách sạn Diamond Hà Nội (Diamond Hotel Hanoi),"ngõ 28/5 Dương Khuê, Hà Nội, Việt Nam",Hà Nội
239635,Nhà nghỉ Solo Hà Nội (Solo Hanoi Hostel),"35-37 Mã Mây Phố Cổ, Phường Hàng Buồm, Quận Hoàn Kiếm, Việt Nam",Hà Nội
6165919,Khách Sạn & Spa Sen Grand quản lý bởi Sen Group (Sen Grand Hotel & Spa managed by Sen Group),"20/118Nguyễn Khánh Toàn Cầu Giấy, Hà Nội, Việt Nam",Hà Nội
5173260,Hanoi Central Backpackers Hostel,"16 Thanh Ha Đường, Hà Nội, Việt Nam",Hà Nội
7392436,Khách sạn Azumaya Kim Mã 2 (Azumaya Hotel Kim Ma 2),"Ba Đình, 18A Phạm Huy Th ng Phường Giảng V, Hà Nội, Việt Nam",Hà Nội
76383874,AL19 - Phố Cổ - Bữa sáng & Tour (AL19 - Old Quarter - Breakfast & Tours),"Hàng Gai, 19 Phường Bát Đàn, Hà Nội, Việt Nam",Hà Nội
38832014,Khách sạn Hoàng Gia Xa La Boutique (Hoàng Gia Xa La Boutique Hotel),"8B Tổ dân phố 17 Hà Đông, Hà Nội, Việt Nam",Hà Nội
58687727,Vinhomes Skylake - South Land,"85 Pham Hung Đường, Hà Nội, Việt Nam",Hà Nội
34625041,Khách sạn & Du lịch Aviary Hà Nội (Aviary Hanoi Hotel & Travel),"19 Ngõ Trung Yên Phố Cổ, Hà Nội, Việt Nam",Hà Nội
930797,La Casa Hanoi Hotel,"17 Đường Phạm Đ nh Hổ, Phường Hai B Trưng, Quận Hai Bà Trưng, Việt Nam",Hà Nội
63057398,Khách sạn Royal Trâu Quỳ Boutique (Royal Trau Quy Boutique Hotel),"102 Trau Quy, Phường Nguyen Khiem Ich, Hà Nội, Việt Nam",Hà Nội
161676,Khách sạn Mercure Hà Nội La Gare (Mercure Hanoi La Gare Hotel),"94 L Thường Kiệt Hà Nội, Phường Cửa Nam, Quận Hoàn Kiếm, Việt Nam",Hà Nội
48364,Khách sạn Sheraton Hà Nội (Sheraton Hanoi Hotel),"11 Xuan Dieu K5 Nghi Tam, Quận Tây Hồ, Việt Nam",Hà Nội
570118,Elegant Suites Hồ Tây (Elegant Suites Westlake),"10B Đặng Thai Mai, Quận Tây Hồ, Hà Nội, Việt Nam",Hà Nội
32780704,Nesta - The Grand Hào Nam (Nesta - The Grand Hao Nam),"83 Phố Hào Nam Đống Đa, Hà Nội, Việt Nam",Hà Nội
246309,Khách sạn Phoenix Legend (Phoenix Legend Hotel),"14A Ch n Cầm Hà Nội, Quận Ho n Kiếm, Việt Nam",Hà Nội
291350,Khách sạn A25 - 26 Hàng Nón (A25 Hotel - 26 Hang Non),"26 Hang Non Phuong Hoan Kiem, Hà Nội, Việt Nam",Hà Nội
409475,Khách sạn Hồng Hà (Hong Ha Hotel),"204 Đường Trần Quang Khải, Quận Hòan Kiếm, Việt Nam",Hà Nội
9372581,Khách sạn Graffiti (Graffiti Hotel ),"13B Hang Hom Phố Cổ, Hà Nội, Việt Nam",Hà Nội
9804889,Khách Sạn & Spa La Beaute Boutique (La Beaute Boutique Hotel & Spa),"11 Trung Yen Lane Dinh Liet Str, Hà Nội, Việt Nam",Hà Nội
42154394,Sunny Hanoi Homestay,"2nd Floor Hang Bo Đường, Hà Nội, Việt Nam",Hà Nội
66577906,Khách sạn Hoàng Gia Cầu Giấy (Hoang Gia Hotel Cau Giay),"39 Ng. 45 Trần Thái Tông Dịch Vọng, Hà Nội, Việt Nam",Hà Nội
1060053,Khách sạn Hà Nội La Selva (Hanoi La Selva Hotel),"57 Lò Sũ Hoàn Kiếm, Quận Hoàn Kiếm, Việt Nam",Hà Nội
35701811,Căn hộ & Khách sạn Branda (Branda Apartment & Hotel),"141 Hong Tien Long Bien District, Bo De Phường, Quận Long Biên, Việt Nam",Hà Nội
63889989,Căn hộ Era La Thành (Era Apartment La Thanh),"18 Đê La Thành nhỏ Đống Đa, Hà Nội, Việt Nam",Hà Nội
1723531,Khách sạn và Gym Luxury Old Quarter (Luxury Old Quarter Hotel & Gym),"67 Hang Bo Hoan Kiem, Hà Nội, Việt Nam",Hà Nội
783978,Khách sạn Sakura (Sakura Hotel),"Số16, Phường Cống vị, Hà Nội, Việt Nam",Hà Nội
5513583,Khách Sạn Suji (Suji Hotel),"Sô 40 Ngõ 2 Trần Văn Lai, Phường Mỹ Đình 1, Quận Nam Từ Liêm, Việt Nam",Hà Nội
23161830,Romantique Hotel De Hanoi,"35-37 Bat Su Hang Bo, Việt Nam",Hà Nội
9367298,Khách sạn New Century Cầu Giấy (New Century Hotel Cau Giay),"Số 4 Đường Khúc Thừa Dụ, Phường Dịch Vọng, Quận Cầu Giấy, Việt Nam",Hà Nội
28826597,KHÁCH SẠN SANG TRỌNG VINHOMES SKYLAKE 5 phút tới KEANGNAM (LUXURY APARTMENT VINHOMES SKYLAKE 5min to KEANGNAM),"Vinhomes Skylake, Hà Nội, Việt Nam",Hà Nội
984367,Khách sạn Eco Luxury Hà Nội (Eco Luxury Hotel Hanoi),"17 Cửa Đông Phố Cổ, Hà Nội, Việt Nam",Hà Nội
38592395,La Siesta Classic Hàng Thùng (La Siesta Classic Hang Thung),"21 Hang Thung Str Hoan Kiem District, Ly Thai To Phường, Quận Hoàn Kiếm, Việt Nam",Hà Nội
33158584,Meritel Hà Nội (Meritel Hanoi),"151 - 153 Hàng Bông Hoàn Kiếm, Quận Hoàn Kiếm, Hà Nội, Việt Nam",Hà Nội
35476089,Khách sạn và Spa La Sinfonia Citadel (La Sinfonia Citadel hotel and Spa),"12-14 Dinh Ngang Đường, Cua Nam Phường, Quận Hoàn Kiếm, Việt Nam",Hà Nội
64283106,Căn hộ The Setai Linh Lang by XOI Residences (The Setai Apartment Linh Lang by XOI Residences),"Cống Vị, 13 Ng. 41 Phường Linh Lang, Hà Nội, Việt Nam",Hà Nội
67292797,Huong’s Family Homestay,"Cửa Đông, 91A Phường Lý Nam Đế, Hà Nội, Việt Nam",Hà Nội
6358988,Spoon Hotel,"Nguyễn Văn Tố, Hà Nội, Việt Nam",Hà Nội
68639393,Khách sạn sân bay Mia Nội Bài (Mia Noi Bai Airport Hotel),"31 Đường Vo Nguyen Giap, Hà Nội, Việt Nam",Hà Nội
76695458,Khách sạn sân bay Sunrise (Nội Bài) (Sunrise (Noi Bai) Airport Hotel),"17 Alley 3, Hà Nội, Việt Nam",Hà Nội
51483614,Căn hộ Gem Vinhomes Skylake Hà Nội (Vinhomes Skylake Ha Noi - Gem Apartment),"85 Đường Phạm Hung, Việt Nam",Hà Nội
302780,Khách sạn Mango (Mango Hotel - Le Duan),"118 Lê Duẩn Đống Đa, Quận Hoàn Kiếm, Hà Nội, Việt Nam",Hà Nội
2419174,Khách sạn Super OYO Capital O 387 Bạch Dương (Super OYO Capital O 387 Bach Duong Hotel),"Số C5, Phường Dịch Vọng, Hà Nội, Việt Nam",Hà Nội
27826784,Căn hộ LIVIE Hà Nội Hàm Long (LIVIE Hanoi Ham Long),"42a Hàm Long Hàng Bài, Quận Hoàn Kiếm, Hà Nội, Việt Nam",Hà Nội
40818637,Hanoi Traveller House,"13 Phố Mã Mây Phố Cổ, Hà Nội, Việt Nam",Hà Nội
4218108,Khách sạn & Spa Paon Hà Nội (Hanoi Paon Hotel & Spa),"27 Hang Thung Str Hoan Kiem, Hà Nội, Việt Nam",Hà Nội
239422,Khách sạn Hanoi House & Travel (Hanoi House Hotel & Travel),"85 Mã Mây Hoàn Kiếm, Hà Nội, Việt Nam",Hà Nội
35354312,Khách sạn Minasi Grand (Minasi Grand Hotel),"61 Hue alley Hà Nội, Quận Hai Bà Trưng, Việt Nam",Hà Nội
44185571,Dcapitale - Feria Homes,"259 Tran Duy Hung Đường, Hà Nội, Việt Nam",Hà Nội
46886926,Khách sạn & Spa The Silk Boutique (The Silk Boutique Hotel & Spa),"Hàng Bồ, 15 Phường Hàng Cân, Hà Nội, Việt Nam",Hà Nội
535509,Khách sạn & Spa Brilliant Hà Nội (Hanoi Brilliant Hotel and Spa),"44 H  224 ng Trống Hà Nội, Quận Ho  224 n Kiếm, Việt Nam",Hà Nội
39008468,Khách sạn & Căn hộ Vinhomes Skylake (Vinhomes Skylake Residence & Hotel),"Phạm Hùng Đường, Hà Nội, Việt Nam",Hà Nội
64307,Khách sạn Boutique Palago (Palago Boutique Hotel),"10 Phố Bát Đàn, Hà Nội, Việt Nam",Hà Nội
55256517,Khách sạn Clover Hà Nội - Trung tâm thành phố (Clover Hanoi Hotel - City Center),"50 Ton Duc Thang Đường, Hà Nội, Việt Nam",Hà Nội
63294402,Khách sạn & Căn hộ Boutique Riverview Hà Nội (Hanoi Riverview Boutique Hotel & Apartment),"25 Ng ch 264/21 Đường u Cơ, Quận Tây Hồ, Việt Nam",Hà Nội
4362502,Khách sạn Inearth (Inearth Hotel - 华夏商务酒店),"36D Dich Vong Hau Đường, Hà Nội, Việt Nam",Hà Nội
10665115,Khách Sạn Minasi HanoiOi LakeSide (Minasi HanoiOi LakeSide Hotel),"30 Ba Trieu str Hoan Kiem district, Quận Hoàn Kiếm, Việt Nam",Hà Nội
2915548,Khách sạn & Spa Hanoi Nostalgia (Hanoi Nostalgia Hotel & Spa),"15 Luong Ngoc Quyen Phố Cổ, Hà Nội, Việt Nam",Hà Nội
297142,Khu nghỉ dưỡng Asean - Shiki Onsen & Spa (Asean Resort - Shiki Onsen & Spa),"21A H  242 a Lạc Thạch Thất, Quận Thạch Thất, Việt Nam",Hà Nội
284906,Dragon Hotel,"48 Đường Xuân Diệu, Hà Nội, Việt Nam",Hà Nội
35911952,Khách sạn Beryl Signature Hà Nội (Beryl Signature Hanoi Hotel),"Hà Nội, 24 Phường Quán Sứ, Quận Hoàn Kiếm, Việt Nam",Hà Nội
41456144,Luxe Paradise Residence 11 Tô Ngọc Vân (Luxe Paradise Residence 11 To Ngoc Van),"17 Ng 11 - T Ngọc V n Hà Nội, Quận Tây Hồ, Việt Nam",Hà Nội
31977455,Khách sạn và spa The West (The West hotel and spa),"23 Hang Dao Đường, Việt Nam",Hà Nội
8018890,Khách sạn TrangTrang Boutique (Trang Trang Boutique Hotel),"104 Ma May Đường, Hà Nội, Việt Nam",Hà Nội
27804734,Capella Hà Nội (Capella Hanoi),"11 Le Phung Hieu Hà Nội, Trang Tien Phường, Quận Hoàn Kiếm, Việt Nam",Hà Nội
5500158,Green Hadong Hotel,"ngõ 36 Lê Trọng Tấn, Phường La Khê, Quận Hà Đông, Việt Nam",Hà Nội
30951704,Hồng Vận Hotel,"No. 71 Luu Quang Vu Đường, Trung Hoa Phường, Hà Nội, Việt Nam",Hà Nội
76837734,Khách sạn Paradise Tôn Đức Thắng by Luxe Hospitality (Paradise Hotel Ton Duc Thang by Luxe Hospitality),"Hàng Bột, 273A Phường Tôn Đức Thắng, Hà Nội, Việt Nam",Hà Nội
37207561,Căn hộ cao cấp Yen (Yen Boutique Apartments),"29 alley 44 Nguyen Dinh Chieu, Quận Hai Bà Trưng, Việt Nam",Hà Nội
68113719,Khách sạn Nam Cường X (Nam Cường X Hotel),"57 Trần Quốc Vượng Dịch vọng Hậu, Hà Nội, Việt Nam",Hà Nội
13551771,Khu nghỉ dưỡng và biệt thự Wyndham Sky Lake (Wyndham Sky Lake Resort and Villas),"Van Son Lake area, Hà Nội, Việt Nam",Hà Nội
67505273,Căn hộ Hương Linh (Hương Linh Apartment),"61 phương liệt thanh xu n, Hà Nội, Việt Nam",Hà Nội
55774723,Khách sạn AMANDA BOUTIQUE & Du lịch (AMANDA BOUTIQUE Hotel & Travel),"Hàng Bạc, 62E Phường Cầu Gỗ, Hà Nội, Việt Nam",Hà Nội
37130257,Khách sạn YAH Hà Nội & Spa (HOTEL YAH HANOI & SPA),"14 Phố Kim Mã Thượng Ba Đình, Hà Nội, Việt Nam",Hà Nội
8233244,Khách Sạn & Spa Babylon Premium (Babylon Premium Hotel & Spa),"5-7 Hang Hom Hoan Kiem, Hà Nội, Việt Nam",Hà Nội
9202015,Hanoi Amore Hotel,"105 Vu Tong Phan Thanh Xuan, Hà Nội, Việt Nam",Hà Nội
34013977,Khách sạn du Lac Hà Nội (L'HÔTEL du LAC Hanoi),"35 Phố Hàng Trống Hà Nội, Quận Hoàn Kiếm, Việt Nam",Hà Nội
47293697,Khách sạn sân bay Chemi Nội Bài (Chemi Noi Bai Airport Hotel),"10A Thai Phu Đường, Hà Nội, Việt Nam",Hà Nội
52557603,PentStudio West Lake - KIM Apartment & Homestays,"699 Lac Long Quan PentStudio, Quận Tây Hồ, Việt Nam",Hà Nội
4973394,Antique Angel Hotel,"40 Hang Dong Hoan Kiem, Việt Nam",Hà Nội
36989888,Khách sạn căn hộ TSQ STAY (TSQ STAY Hotel Apartment),"4 Đường Quang Trung, Hà Nội, Việt Nam",Hà Nội
64523102,Khách sạn Luxe Paradise Nguyễn Khắc Hiếu (Luxe Paradise Hotel Nguyen Khac Hieu),"25 Truc Bach, Phường Nguyen Khac Hieu, Hà Nội, Việt Nam",Hà Nội
5824801,Khách sạn Nk Hà Nội (Nk Hotel Hanoi),"95 Trần Quốc Toản str Hoan Kiem Dist, Quận Hoàn Kiếm, Việt Nam",Hà Nội
49511989,Chez Van,"2 Ngõ Hàng Chuối 2 Hà Nội, Quận Hai Bà Trưng, Việt Nam",Hà Nội
6406991,Nhà Nghỉ Banana Hà Nội (Hanoi Banana Hostel),"38 Hàng Giầy Hoàn Kiếm, Hà Nội, Việt Nam",Hà Nội
239497,A25 Hotel - 45 Phan Chu Trinh,"45 Phan Chu Trinh Phuong Cua Nam, Quận Hoàn Kiếm, Việt Nam",Hà Nội
230575,Khách sạn May De Ville Corner (May De Ville Corner Hotel),"24 Đường Phan Huy Chu, Quận Hai Bà Trưng, Việt Nam",Hà Nội
4218907,Hanoi Moon Cactus,"alley 24B, Quận Hoàn Kiếm, Việt Nam",Hà Nội
47333344,Khách sạn Jacayl HD (Jacayl Hotel HD),"138 Đường Phùng Hưng, Phường Phúc La, Hà Nội, Việt Nam",Hà Nội
4138625,Khách Sạn Trang Trang Premium (Trang Trang Premium Hotel),"15 Ng Cầu Gỗ Phố Cổ, Quận Ho n Kiếm, Việt Nam",Hà Nội
2640309,Full House Times City,"458 Minh Khai Hanoi, Quận Hoàng Mai, Việt Nam",Hà Nội
2320483,Hanoi Luxury Hotel,"Số 2 Ngõ Phủ Doãn, Quận Hoàn Kiếm, Việt Nam",Hà Nội
39824702,Khách sạn Blubiz Mỹ Đình (Blubiz Hotel 2) (Blubiz Hotel Mỹ Đình (Blubiz Hotel 2)),"73B TT4 pho Do Dinh Thien, Hà Nội, Việt Nam",Hà Nội
45038749,Camellia Residence Hà Nội (Camellia Residence Hanoi),"95 Bùi Thị Xuân, 95 Phường Triệu Việt Vương, Quận Hai Bà Trưng, Việt Nam",Hà Nội
38747035,Khách sạn Lucky Central & Du lịch (Lucky Central Hotel & Travel),"12 Phố H ng Trống Phố Cổ, Quận H an Kiếm, Việt Nam",Hà Nội
8261929,Cactus Homestay,"4/463 Hong Ha Hoan Kiem, Hà Nội, Việt Nam",Hà Nội
59999212,Khách sạn Serene Central (Serene Central Hotel),"Hà Nội, 106 Phường H ng B ng, Quận Hoàn Kiếm, Việt Nam",Hà Nội
71194096,Khách sạn Paragon Nội Bài hồ bơi và view đẹp sân bay (Paragon Noi Bai Pool And Best View Airport Hotel),"Điền Xá, Hà Nội, Việt Nam",Hà Nội
6429569,Garco Dragon Hotel 2,"765A Nguyễn Văn Linh Hà Nội, Phường Sài Đồng, Quận Long Biên, Việt Nam",Hà Nội
63093531,Khách sạn Romeo Pháp Vân (Romeo Hotel Pháp Vân),"Tứ Hiep Urban Area Phap Van, Phường Tran Thu Do, Hà Nội, Việt Nam",Hà Nội
36729457,Vinhomes Skylake - CitiHome,"Vinhomes Skylake Pham Hung, Hà Nội, Việt Nam",Hà Nội
31059105,FTE Ba Đình (FTE BA DINH),"268 Buoi Đường, Ngoc Ha Phường, Hà Nội, Việt Nam",Hà Nội
38765293,Myrcella Urban Studio,"Room 33, Hà Nội, Việt Nam",Hà Nội
47621127,HoLo Central Hanoi - Serviced HomeStay,"7 Phố Bùi Thị Xuân Hà Nội, Quận Hai Bà Trưng, Việt Nam",Hà Nội
60934332,Khách sạn sân bay Chemi Hà Nội (Chemi Hanoi Airport Hotel),"10 Đường Vo Nguyen Giap, Hà Nội, Việt Nam",Hà Nội
1997175,Splendid Hotel and Spa,"No. 6 Hang Hanh str, Quận Hoàn Kiếm, Việt Nam",Hà Nội
46275575,FLESTA Núi Trúc (FLESTA Núi Trúc ),"75 N  250 i Tr  250 c quận Ba Đ  236 nh, Hà Nội, Việt Nam",Hà Nội
71553152,Khách sạn San Quatorze Hà Nội (San Quatorze Hanoi Hotel),"56 Nguyen Chanh Trung Hoa, Hà Nội, Việt Nam",Hà Nội
411188,Khách Sạn Sen Luxury (Sen Luxury Hotel),"26/118 Đường Nguyễn Khánh Toàn, Hà Nội, Việt Nam",Hà Nội
13298285,Khách sạn Quang Chung (Quang Chung Hotel Le Van Thiem),"56 Le Van Thiem Trung Hòa Nhân Chính, Hà Nội, Việt Nam",Hà Nội
443864,Khách sạn Night (Night Hotel),"89 Bùi Thị Xuân Hà Nội, Quận Hai Bà Trưng, Việt Nam",Hà Nội
5100415,Khách sạn Ancient Lane (Ancient Lane Hotel),"Số 2 Đường Tam Thương, Phường Hàng Gai, Quận Hoàn Kiếm, Việt Nam",Hà Nội
15919997,Khách sạn và Spa La Sinfonia Majesty (La Sinfonia Majesty Hotel and Spa),"No. 1 Cau Go, Quận Hoàn Kiếm, Việt Nam",Hà Nội
60897091,Hanoi Vibes Hostel,"Hàng Bồ, 66 Phường Bát Sứ, Hà Nội, Việt Nam",Hà Nội
66797177,Khách sạn PCA 2 - Vinhomes Ocean Park (PCA Hotel 2 - Vinhomes Ocean Park),"50 Vinhomes Ocean Park Sao Biển 11, Hà Nội, Việt Nam",Hà Nội
45090705,Căn hộ NINE HOUSING tại 535 Kim Mã (NINE HOUSING apartments at 535 Kim Ma),"Ngọc Khánh, 22/2 Ng. 535 Phường Kim Mã, Hà Nội, Việt Nam",Hà Nội
77420591,Willow Hà Nội Old Quarter (Willow Hanoi Old Quarter),"số 38 phố H ng Quạt, Hà Nội, Việt Nam",Hà Nội
21761551,Khách sạn và Spa Aira Boutique Hà Nội (Aira Boutique Hanoi Hotel and Spa),"38A Tran Phu Ba Dinh, Hà Nội, Việt Nam",Hà Nội
1143868,Golden Diamond Hotel,"10 Trần Nhật Duật Chợ Đồng Xuân, Hà Nội, Việt Nam",Hà Nội
36786993,Khách sạn VP Luxury (VP HOTEL LUXURY),"214 Lane 214, Hà Nội, Việt Nam",Hà Nội
43962489,Vinhome D'capital - Trần Duy Hưng (Vinhome D'capital - Tran Duy Hung),"119 Đường Trần Duy Hưng, Hà Nội, Việt Nam",Hà Nội
4536632,Khách sạn & Căn hộ của Ann (Ann's Hotel & Apartment),"26B Ngõ 1 Đình Thôn Mỹ Đình, Hà Nội, Việt Nam",Hà Nội
3034341,Khách sạn Hanoi Center Silk Premium (Hanoi Center Silk Premium Hotel),"20-22 Chan Cam Hà Nội, Quận Hoàn Kiếm, Việt Nam",Hà Nội
42158788,Căn hộ iRest Orange Tây Hồ Lakeside (iRest Orange Tay Ho Lakeside Apartment),"Yên Phụ, 196 Phường Vũ Miên, Quận Tây Hồ, Việt Nam",Hà Nội
59083191,Bridgo Home,"Hoàn Kiếm, 28b Phường Cầu Gỗ, Hà Nội, Việt Nam",Hà Nội
64327112,Khách sạn SEN Boutique - Quản lý bởi SEN HOTEL GROUP (SEN BOUTIQUE HOTEL - Managed by SEN HOTEL GROUP),"26 Đường Nguyễn Khánh Toàn, Hà Nội, Việt Nam",Hà Nội
35944407,Khách sạn A25 - 18 Nguyễn Hy Quang (A25 Hotel - 18 Nguyễn Hy Quang),"18 Nguyen Hy Quang Phuong Dong Da, Hà Nội, Việt Nam",Hà Nội
34460857,Khách sạn boutique sân bay Nội Bài S79 (S79 Noi Bai Airport Boutique Hotel),"35 QL2, Hà Nội, Việt Nam",Hà Nội
41456488,Luxe Paradise Residence 79 Nguyễn Du (Luxe Paradise Residence 79 Nguyen Du ),"79 Phố Nguyễn Du Hà Nội, Quận Hoàn Kiếm, Việt Nam",Hà Nội
338654,Au Coeur d' Hanoi Boutique Hotel,"62 Hàng Bè Hoàn Kiếm, Hà Nội, Việt Nam",Hà Nội
186186,Hanoi Street Hotel,"1 Cấm Chỉ Hà Nội, Quận Hoàn Kiếm, Việt Nam",Hà Nội
6409137,Khách sạn và Spa Hà Nội Fiesta (Hanoi Fiesta Hotel and Spa),"Số 9 Hàng Muối, Hà Nội, Việt Nam",Hà Nội
61428630,Căn hộ & Khách sạn Eco Nest - 6 Đình Ngang (Eco Nest Apartment & Hotel - 6 Đình Ngang),"6 Đình Ngang Cửa Nam, Quận Hoàn Kiếm, Việt Nam",Hà Nội
200952,Hanoi Golden Moon Hotel,"65 Nguyễn Hữu Huân Phố Cổ, Quận Hoàn Kiếm, Việt Nam",Hà Nội
78406395,An Homestay Lakeview Apartment,"Thuy Khue, 47 Phường Trich Sai, Hà Nội, Việt Nam",Hà Nội
61057123,Khách sạn Bliss Nam Ngư Hà Nội (Hanoi Bliss Nam Ngu),"Cửa Nam, 50 Phường Nam Ngư, Quận Hoàn Kiếm, Việt Nam",Hà Nội
13576101,Tuna Homestay Experience,"Ngõ 445 Lạc Long Quân, Quận Tây Hồ, Việt Nam",Hà Nội
10965,Melia Hanoi Hotel,"Số 44B L Thường Kiệt, Phường Cửa Nam, Thành phố H nội, Việt Nam",Hà Nội
7960878,Khách Sạn & Spa Classy Holiday (Classy Holiday Hotel & Spa),"49 Lãn Ông Phố Cổ, Hà Nội, Việt Nam",Hà Nội
52045,Khách sạn Quốc tế Bảo Sơn (Bao Son International Hotel),"50 Phố Nguyễn Chí Thanh, Hà Nội, Việt Nam",Hà Nội
67505115,Westlake Pearl Suites & Spa 70 Xuân Diệu - By Pegasy Group (Westlake Pearl Suites & Spa 70 Xuan Dieu - By Pegasy Group),"70 Xu n Diệu T y Hồ, Quận Tây Hồ, Việt Nam",Hà Nội
2817779,Royal St Hanoi Hotel,"112 Nguyen Khanh Toan Cầu Giấy, Hà Nội, Việt Nam",Hà Nội
73179078,Khách sạn A25 - 130 Bà Triệu (A25 Hotel - 130 Bà Triệu),"130 Ba Trieu Phuong Hai Ba Trung, Quận Hai Bà Trưng, Việt Nam",Hà Nội
24329112,The Bloom Classic – Sự kết hợp tuyệt vời giữa không gian ấm cúng và thư giãn đô thị (The Bloom Classic – An Excellent Blend of Cozy Living and Urban Relaxation),"58 Truong Cong Giai Đường, Dich Vong Hau Phường, Hà Nội, Việt Nam",Hà Nội
62076897,Ba Đình Le Rêveur homestay (Ba Dinh Le Rêveur Homestay),"114 Ngoc Ha Đường, Hà Nội, Việt Nam",Hà Nội
37138655,Căn hộ cao cấp Muse Hanoi - D' Eldorado (Muse Hanoi Luxury Apartment - D' Eldorado),"659a Lac Long Quan Tay Ho District, Quận Tây Hồ, Việt Nam",Hà Nội
9372539,Khách sạn A25 - 63A Phương Liệt (A25 Hotel - 63A Phuong Liet),"63A Phuong Liet Phuong Phuong Liet, Hà Nội, Việt Nam",Hà Nội
161666,Khách Sạn & Spa Imperial (Imperial Hotel & Spa),"44 Phố Hàng Hành Hà Nội, Quận Hoàn Kiếm, Việt Nam",Hà Nội
55648830,Hotel 239,"645 vũ t ng phan Trung Hòa Nhân Chính, Hà Nội, Việt Nam",Hà Nội
38664563,Khách sạn & Spa La Renta Center (La Renta Center Hotel & Spa),"50A Phố Mã Mây Phố Cổ, Hà Nội, Việt Nam",Hà Nội
66756156,Khách sạn 22Land Cloud (22Land Cloud Hotel),"Ba Đình, 150 Phường Nguyễn Thai Học, Hà Nội, Việt Nam",Hà Nội
32821725,Khách sạn A83 Hà Nội (Hanoi A83 Hotel),"83/10 Xa Dan Đường, Hà Nội, Việt Nam",Hà Nội
52165811,Khách sạn Luxe Paradise Premium (Luxe Paradise Premium Hotel),"No.75 Pham Hong Thai Đường, Hà Nội, Việt Nam",Hà Nội
64223138,Dusit Le Palais Từ Hoa Hà Nội (Dusit Le Palais Tu Hoa Hanoi),"Lane 431 Au Co Đường, Nhat Tan Phường, Quận Tây Hồ, Việt Nam",Hà Nội
32907021,Khách sạn Delica Premium (Delica Premium Hotel),"41 Phố Hàng Quạt Phố Cổ, Hà Nội, Việt Nam",Hà Nội
34467743,Căn hộ Era Hà Yên Quyết (Era Apartment Ha Yen Quyet),"30 Cầu Giấy, Ng. 32 Phường Hạ Y n Quyết, Hà Nội, Việt Nam",Hà Nội
27737833,Khách sạn Linh Anh (Linh Anh Hotel),"24 Alley 266, Quận Hai Bà Trưng, Việt Nam",Hà Nội
76387090,Khu căn hộ Harmony Red River (The Harmony Red River Residence),"11 Ng. 343 An Đường Vuong, Quận Từ Liêm, Việt Nam",Hà Nội
1193672,Khách sạn & Spa Emerald Waters Hà Nội (Hanoi Emerald Waters Hotel and Spa),"47 Lò Sũ Hà Nội, Quận Hoàn Kiếm, Việt Nam",Hà Nội
230684,Hanoi Emotion Hotel,"26 Hàng Bột Ba Đình, Quận Đống Đa, Việt Nam",Hà Nội
49381248,Khách sạn Luxe Paradise Suites Dịch Vọng Hậu (Luxe Paradise Suites Hotel Dich Vong Hau),"46 Phố Dịch Vọng Hậu Cầu Giấy, Hà Nội, Việt Nam",Hà Nội
59031469,H Hôtel L'art Hanoi (H Hotel L'art Hanoi),"H ng Bồ, 74-76 Phường H ng G, Hà Nội, Việt Nam",Hà Nội
11049359,Khách Sạn La Batisse Kim Mã (La Batisse Kim Ma Hotel),"143 Kim Ma Ba Đình, Hà Nội, Việt Nam",Hà Nội
293088,Khách sạn Ping Hà Nội (Ping Hanoi Hotel),"26 phố Mễ Trì Hạ, Quận Nam Từ Liêm, Việt Nam",Hà Nội
64687515,Khách sạn LuxTel Tây Hồ (LuxTel Hotel Tay Ho),"99A Alley 141 Trich Sai, Bưởi Phường, Hà Nội, Việt Nam",Hà Nội
35395155,Hanoi Jade Hostel,"Phố Cổ, 46 Phường Hàng Gà, Hà Nội, Việt Nam",Hà Nội
10961,Khách sạn Pullman Hà Nội (Pullman Hanoi Hotel),"40 Phố Cát Linh (Lối vào số 61 phố Giảng Võ), Hà Nội, Việt Nam",Hà Nội
38545674,HOTTEL HÀ THÀNH (HOTTEL HA THANH),"Mỹ Đình, Hà Nội, Việt Nam",Hà Nội
894922,Dragon Airport Hotel,"Nhà Ga Quốc Tế T2, Hà Nội, Việt Nam",Hà Nội
5603612,Khách sạn Louisland Hà Nội (Louisland Hanoi Hotel),"23 Nguyen Ngoc Vu Trung Hoa, Hà Nội, Việt Nam",Hà Nội
4655654,Khách Sạn & Nhà Hàng Hai Bảy Hà Nội (Hai Bay Hotel & Restaurant),"27 Hàng Bông Phố Cổ, Quận Hoàn Kiếm, Hà Nội, Việt Nam",Hà Nội
6542427,Novotel Hà Nội Thái Hà (Novotel Hanoi Thai Ha),"2 Thai Ha Đường, Hà Nội, Việt Nam",Hà Nội
1157082,Khách sạn Sân bay Nội Bài (Noi Bai Airport Hotel),"Km2 Võ Văn Kiệt, Hà Nội, Việt Nam",Hà Nội
63399116,Khách sạn King's Linh Đàm 1 (King's Hotel Linh Dam 1),"10 BT1 - X2, Hoang Liet Phường, Quận Hoàng Mai, Việt Nam",Hà Nội
76699183,Khách sạn Harmony Riverside Seven (The Harmony Hotel Riverside Seven),"7 Đường Bờ S ng S t, Quận Hoàng Mai, Việt Nam",Hà Nội
665815,Khách sạn Lotte Hà Nội (Lotte Hotel Hanoi),"54 Liễu Giai Ba Đình, Hà Nội, Việt Nam",Hà Nội
41278013,Khách sạn Hanoi Little (Hanoi Little Hotel),"9 Ng. Trung Y n Phố Cổ, Hà Nội, Việt Nam",Hà Nội
38699030,Khu nghỉ dưỡng Amour Ba Vì (Amour Resort Bavi),"Coste 400, Hà Nội, Việt Nam",Hà Nội
546247,Khách sạn La Palm (La Palm Hotel),"45 Hàng Bồ Hoàn Kiếm, Hà Nội, Việt Nam",Hà Nội
36931819,Khách sạn Grand K Suites Hà Nội (Grand K Hotel Suites Hanoi),"phố Phạm Văn Bạch, Phường Yên Hòa, Quận Cầu Giấy, Việt Nam",Hà Nội
44288720,Khách sạn & Spa Le Chanvre Hà Nội (Le Chanvre Hanoi Hotel & Spa),"Phố Cổ, 84 Phường Hàng Gai, Hà Nội, Việt Nam",Hà Nội
216205,Khách Sạn Eternity Hà Nội (Eternity Hanoi Hotel),"32 Yết Kiêu Hà Nội, Quận Hoàn Kiếm, Việt Nam",Hà Nội
247990,Khách Sạn & Căn Hộ Hà Nội Club (The Hanoi Club Hotel & Residences),"76 Y n Phụ Hà Nội, Phường T y Hồ, Quận Tây Hồ, Việt Nam",Hà Nội
30977576,Khách sạn & Căn hộ Fukurai 2 (Fukurai Hotel & Apartment 2),"1 Ngõ 7 Ba Đình, Hà Nội, Việt Nam",Hà Nội
56185562,Signature by M Village Thợ Nhuộm,"84 phố Thợ Nhuộm H Nội, Quận Ho n Kiếm, Việt Nam",Hà Nội
75622659,Khách sạn Blue Sky Nội Bài và hồ bơi (BLUE SKY NOI BAI HOTEL AND POOL),"17 Ngo Dinh 2 Thon Dien Xa, Việt Nam",Hà Nội
35723928,Khách sạn Reyna Luxury (Reyna Luxury Hotel),"34 Mieu Dam Đường, Tu Liem Phường, Hà Nội, Việt Nam",Hà Nội
18970064,Khách sạn A25 - 15 Trần Quốc Toản (A25 Hotel - 15 Tran Quoc Toan),"15 Tran Quoc Toan Phuong Cua Nam, Quận Hoàn Kiếm, Việt Nam",Hà Nội
52780622,Khách sạn Legend Westlake (Legend Westlake Hotel ),"1a Yen Phu, Quận Tây Hồ, Việt Nam",Hà Nội
3014193,Royal Hotel,"19 Hang Chao Ba Đình, Hà Nội, Việt Nam",Hà Nội
51491627,Khách sạn M Village Hồ Gươm (M Village Hotel Hồ Gươm),"38 Phố Hai B  224  Trưng Thủ đ  244  H  224  Nội, Quận Ho  224 n Kiếm, Việt Nam",Hà Nội
65493,Somerset Grand Hà Nội (Somerset Grand Hanoi),"49 Phố Hai Bà Trưng, Quận Hoàn Kiếm, Việt Nam",Hà Nội
47775196,Khách sạn Lake Sóc Sơn (Lake Hotel Sóc Sơn),"Dong Xuan, Hà Nội, Việt Nam",Hà Nội
55589298,Hanoi Capsule Station Hostel,"22 Tran Nhat Duat Đường, Dong Xuan Phường, Hà Nội, Việt Nam",Hà Nội
16204051,Khách sạn King's Dịch Vọng (King's Hotel Dich Vong),"Dịch Vọng, Hà Nội, Việt Nam",Hà Nội
37130625,Muse PentStudio Hồ Tây (Muse Hanoi PentStudio West Lake ),"699 Lac Long Quan Đường, Quận Tây Hồ, Việt Nam",Hà Nội
64834890,Azumaya Kim Mã 3 (Azumaya Kim Ma 3),"Ba Đình, 68 Phường Phạm Huy Th ng, Hà Nội, Việt Nam",Hà Nội
5802442,Roygent Parks Hà Nội (Roygent Parks Hanoi),"289 Khuat Duy Tien Cầu Giấy, Hà Nội, Việt Nam",Hà Nội
64877546,Khách sạn sân bay Success (Success Airport Hanoi Hotel),"11A Vo Nguyen Giap. Thai Phu Mai Dinh, Việt Nam",Hà Nội
65747213,Aloha Home & Apartment Ba Đình (Aloha Home & Apartment Ba Dinh),"Số 1 ng 266 Đội Cấn, Hà Nội, Việt Nam",Hà Nội
60239016,Khách sạn & Spa Kecho Legacy (Kecho Legacy Hotel & Spa),"02 Trung Yen Alley Hoan Kiem District, Hang Bac Phường, Hà Nội, Việt Nam",Hà Nội
62035781,Khách sạn Madelise Amica & Du lịch (Madelise Amica Hotel & Travel),"33A Hang Dieu, Hà Nội, Việt Nam",Hà Nội
63064610,Khách sạn Luxe Paradise Trường Chinh (Luxe Paradise Hotel Truong Chinh),"146 Ng. 120, Hà Nội, Việt Nam",Hà Nội
70979566,Hà Nội Bliss Ba Đình (Hanoi Bliss Ba Dinh),"Liễu Giai, 11 Ng. 19 Phường Liễu Giai, Hà Nội, Việt Nam",Hà Nội
2614882,Somerset West Point Hà Nội (Somerset West Point Hanoi),"2 Tay Ho Hà Nội, Quận Tây Hồ, Việt Nam",Hà Nội
12548975,KHÁCH SẠN ARL CÁT LINH (ARL CAT LINH HOTEL),"55 Alley 35, Việt Nam",Hà Nội
35720087,Khách sạn Le Jardin Haute Couture (Le Jardin Hotel Haute Couture),"105 Nguyen Truong To Đường, Hà Nội, Việt Nam",Hà Nội
545244,Căn hộ Rose Garden (Rose Garden Residences),"170 Ngọc Khánh Ba Đình, Hà Nội, Việt Nam",Hà Nội
68396303,Studio Hai Bà Trưng,"Bach Khoa, 36A Ng. 17 Phường Ta Quang Buu, Quận Hai Bà Trưng, Việt Nam",Hà Nội
5796940,Khách sạn và Spa L'Heritage Diamond Hà Nội (Hanoi L'Heritage Diamond Hotel and Spa),"17 Nha Chung Str Hoan Kiem Dist, Quận Hoàn Kiếm, Việt Nam",Hà Nội
29464613,Tru by Hilton Trung tâm thành phố Hòa Bình (Tru by Hilton Hoa Binh City Centre),"No.112 Le Thanh Tong Đường, Việt Nam",Hòa Bình
45457894,Mandala Retreats Kim Bôi,"Khu Mo Da, Việt Nam",Hòa Bình
25695641,Khu nghỉ dưỡng Serena Kim Bôi – Hòa Bình (Serena Kim Boi Resort - Hoa Binh),"Thửa đất 380, Việt Nam",Hòa Bình
64170464,Vayang Retreat and Camping (Vayang Retreat and Camping Hoa Binh),"Ang, Việt Nam",Hòa Bình
37386405,Xoan Retreat - Đà Bắc,"X m Mơ, Việt Nam",Hòa Bình
32823050,Công viên MEDDOM (MEDDOM Park ),"Công Viên Di Sản, Xã Bắc Phong, Huyện Cao Phong, Việt Nam",Hòa Bình
65104,V Resort,"Thôn Kim Đức, Xã Vĩnh Tiến, Huyện Kim Bôi, Việt Nam",Hòa Bình
25560513,KHÁCH SẠN SAKURA (SAKURA HOTEL),"133 L  234  Th  225 nh T  244 ng Hòa Bình, Việt Nam",Hòa Bình
1350336,Hai Duong Guesthouse,"150 Dien Bien Phu Hòa Bình, Việt Nam",Hòa Bình
67283563,Gia Trang Heian Hòa Bình (Gia Trang Heian Hoa Binh),"To Thau, Việt Nam",Hòa Bình
871221,Hoa Dao Hotel,"Đường Lê Thánh Tông, Phường Tân Thịnh, Việt Nam",Hòa Bình
75218566,Chiềng Farm homestay (Chiềng Farm Homestay Hoà Bình),"Xom Chiềng Farm, Việt Nam",Hòa Bình
79441843,Xoan Retreat,"Hòa Bình, Xóm Mơ Xã Hiền Lương, Việt Nam",Hòa Bình
804875,Grand Hotel,"129 Đường Lê Thánh Tông, Việt Nam",Hòa Bình
67495059,"SolStay Home Kim Bôi, Hòa Bình (SolStay Home Kim Boi, Hoa Binh)","Kim Bôi, Việt Nam",Hòa Bình
63990266,Làng Nắng (Nắng Village),"Xóm Tháu, Việt Nam",Hòa Bình
23897083,"Mường Retreat- Phòng Hoa hồng đậm chất Văn hóa Nghệ thuật, Hòa Bình (Mường Retreat - Room Rose with Rich Cultural and Artistic Essence, Hoa Binh)","Hòa Bình, Việt Nam",Hòa Bình
10671243,"Mường Retreat- Phòng gỗ xinh xắn trong Bảo tàng Văn hóa Nghệ thuật, Hòa Bình (MuongRetreat1 Hoa Binh, ArtBr view garden onhill)","Hòa Bình, Việt Nam",Hòa Bình
62044600,Seaper Island,"Seaper Island, Việt Nam",Hòa Bình
47200651,Serena Resort Kim Boi,"Khai Doi Village, Việt Nam",Hòa Bình
46034036,Ora Hill Farmstay & Glamping (Ora Hill Farmstay & Glamping Hoa Binh),"X m Mỗ 2, Huyện Cao Phong, Việt Nam",Hòa Bình
1325322,Hai Duong Hotel,"524 Tran Hung Dao Hòa Bình, Việt Nam",Hòa Bình
32914012,Khách sạn Hoa Viên - Suối nước nóng Kim Bôi (Hoa Vien Hotel - Kim Boi Hot Spring),"Khách sạn Hoa Viên, Việt Nam",Hòa Bình
51651177,4L HOTEL KIM BÔI (4L HOTEL KIM BOI),"Suối Khoáng Kim Bôi Hòa Bình, Việt Nam",Hòa Bình
77415615,Yasumi Onsen Resort,"Yasumi Onsen Resort 11, Việt Nam",Hòa Bình
25934119,"Mường Retreat- Phòng Hoa Mai đậm chất Văn hóa- Nghệ thuật, Hòa Bình (Mường Retreat - Hoa Mai Room with Cultural and Artistic Essence, Hoa Binh)","Hòa Bình, Việt Nam",Hòa Bình
61559410,"Biệt thự 2000 m² 8 phòng ngủ, 1 phòng tắm riêng ở Hòa Bình (Bảo Quyên greenhouse )","Hòa Bình, Việt Nam",Hòa Bình
5966513,Hùng Mạnh Plaza Hotel (Hung Manh Plaza Hotel),"Ngã ba Mãn Đức, Việt Nam",Hòa Bình
37505273,MườngRetreat-Beauty room trong Bảo tàngNghệthuật,"202 Tây Tiến Mường Retreat Beauty 2, Việt Nam",Hòa Bình
51968032,Mộc An Hill hòa mình với thiên nhiên,"Xóm Đầm, Việt Nam",Hòa Bình
37697577,"Biệt thự 3000 m² 6 phòng ngủ, 7 phòng tắm riêng ở Hòa Bình (Hoà Bình Ann's Villa Hill)","Hòa Bình, Việt Nam",Hòa Bình
29537613,"Nhà riêng 100 m² 1 phòng ngủ, 2 phòng tắm riêng ở Hòa Bình (An Nhiên Retreat 1)","Hòa Bình, Việt Nam",Hòa Bình
36212436,"Nhà riêng 10 m² 1 phòng ngủ, 1 phòng tắm riêng ở Hòa Bình (Mường Retreat - Tree House at Art Museum)","Hòa Bình, Việt Nam",Hòa Bình
31052907,Hasu Village Hòa Bình - Mountain view (Hasu Village Hòa Bình - Moutain view),"Xóm Nước Hang, Xã Mông Hóa, Việt Nam",Hòa Bình
32735675,"Biệt thự 100 m² 3 phòng ngủ, 1 phòng tắm riêng ở Hòa Bình (Thung Rech House - Green House)","Kim Bôi, Việt Nam",Hòa Bình
10934062,"Biệt thự 6000 m² 2 phòng ngủ, 2 phòng tắm riêng ở Hòa Bình (Thung Rech House - Wood House)","Hòa Bình, Việt Nam",Hòa Bình
9764516,"Mường Retreat- Phòng Tập thể ấm cúng trong Bảo tàng Văn hóa Nghệ thuật, Hòa Bình (MuongRetreat Hoa Binh,GroupR Peacefull Culture Art)","Hòa Bình, Việt Nam",Hòa Bình
9772351,"Mường Retreat- Phòng gia đình Nghệ thuật trong Bảo tàng Văn hóa, Hòa Bình (Mường Retreat - Family Room Art in Culture Museum, Hoa Binh)","Hòa Bình, Việt Nam",Hòa Bình
9898156,"Biệt thự 150 m² 2 phòng ngủ, 2 phòng tắm riêng ở Hòa Bình (Biet thu 2pn be boi Biodesign cach HN 50km)","Hòa Bình, Việt Nam",Hòa Bình
60513131,Muong Retreat,"202 Tay Tien Hoa Binh, Việt Nam",Hòa Bình
32735757,"Biệt thự 120 m² 2 phòng ngủ, 3 phòng tắm riêng ở Hòa Bình (Thung Rech House - Sun House)","Kim Bôi, Việt Nam",Hòa Bình
61363188,"Căn hộ 35 m² 1 phòng ngủ, 1 phòng tắm riêng ở Hòa Bình (Muong Retreat-Beauty Family4 in Culture Art Museum)","Hòa Bình, Việt Nam",Hòa Bình
78307858,"Biệt thự m² 4 phòng ngủ, 4 phòng tắm riêng ở Hòa Bình (Rose Villa - Beverly Hill)","Hòa Bình, Việt Nam",Hòa Bình
76235989,Nhà nghỉ Minh Hiếu (Nha nghi Minh Hieu),"Nhà Nghỉ Minh Hiếu, Việt Nam",Hòa Bình
26930646,Tu Viên Xanh homestay (Tu Vien Xanh Homestay),"Xóm Gò Bùi, Việt Nam",Hòa Bình
37287089,Khách sạn Quỳnh Trang Hưng Yên (Quynh Trang Hung Yen Hotel),"Km 18, Việt Nam",Hưng Yên
63995759,Khách sạn ADAMO Hưng Yên (ADAMO HOTEL HUNG YEN),"DT200 TT V ng xuyến, Việt Nam",Hưng Yên
25019485,White Palace 2,"34 Doc Nhuong st Hung Yen Tỉnh, Tran Hung Dao Phường, Việt Nam",Hưng Yên
63746671,Khách sạn Bảo An Hưng Yên (Bao An Hotel Hung Yen),"New Urban Area, Việt Nam",Hưng Yên
63620407,"Căn hộ m² 2 phòng ngủ, 2 phòng tắm riêng ở Hưng Yên (Landmark 2 ngủ view hồ)","Hưng Yên, Việt Nam",Hưng Yên
80109183,"Căn hộ m² 1 phòng ngủ, 1 phòng tắm riêng ở Hưng Yên (Anhome Ecopark)","Hưng Yên, Việt Nam",Hưng Yên
68388662,Ocean Park - 6 Giường Đôi - Tầng 3 Sunny Residence (Ocean Park - 6 Giuong Đoi - Tang 3 Sunny Residence),"Nghĩa Trụ, Việt Nam",Hưng Yên
74973282,"Nhà riêng 25 m² 1 phòng ngủ, 1 phòng tắm riêng ở Hưng Yên (Le Chateau Vinhomes Ocean Park3)","Hưng Yên, Việt Nam",Hưng Yên
63620400,"Nhà riêng m² 1 phòng ngủ, 1 phòng tắm riêng ở Hưng Yên (Haven Park Căn hộ homestay 1 ngủ)","Hưng Yên, Việt Nam",Hưng Yên
80053108,"Nhà riêng m² 1 phòng ngủ, 1 phòng tắm riêng ở Hưng Yên (Comfy home)","Hưng Yên, Việt Nam",Hưng Yên
79917776,Khách sạn Sông Lô (Khách Sạn Sông Lô),"281 Bùi Thị Xuân Hải Dương, Việt Nam",Hải Dương
58890133,Khách sạn & Căn hộ Mandala Hải Dương (Mandala Hotel & Suites Hai Duong),"Toa nha Apec Mandala Hai Đường, Việt Nam",Hải Dương
64584425,Apec Mandala Wyndham ( Apec Mandala Wyndham),"8/346 Yết Kiêu tòa apec mall, Phường Hải Tân, Việt Nam",Hải Dương
59315156,Khách sạn YO (YO Hotel),"No. 22 Dao Dao, Binh Han Phường, Việt Nam",Hải Dương
186731,Nam Cuong Hai Duong Hotel,"Số 1 Đại Lộ Võ Nguyên Giáp, Phường Tứ Minh, Thành phố Hải Dương, Việt Nam",Hải Dương
9967054,Khách Sạn Sen Tím (Purple Lotus Hotel),"Số 232 Đường Trường Chinh, Phường Tân Bình, Thành phố Hải Dương, Việt Nam",Hải Dương
34125588,Nhà khách Công đoàn Hải Dương (Guest House of Hai Duong Trade Union),"106 Phố Chi Lăng Hải Dương, Việt Nam",Hải Dương
67847945,Homestay Apec Mandala Hotel & Suites Hai Duong,"Hải Dương, Việt Nam",Hải Dương
78051547,Apec Mandala Hotel & Suites Condotel Hải Dương (Apec Mandala Hotel & Suites Condotel Hai Duong),"Highlands Coffee Apec Mandala Hải Dương, Việt Nam",Hải Dương
38991643,Khách sạn Asean (Asean Hotel),"168 Trần Hưng Đạo Hải Dương, Việt Nam",Hải Dương
80605546,APEC MANDALA & SUITE Hải Dương (APEC MANDALA & SUITE HẢI DƯƠNG),"ĐL Lê Thanh Nghị, Việt Nam",Hải Dương
61542799,"Căn hộ 38 m² 1 phòng ngủ, 1 phòng tắm riêng ở Hải Dương (Apec Mandala Wyndham)","Hải Dương, Việt Nam",Hải Dương
9062618,Khách Sạn Kim Bảo (Kim Bao Hotel),"16 Vuong Chieu Phuong.Binh Han, Việt Nam",Hải Dương
1193395,Star Hotel Hai Duong,"01 Phố Hông Châu, Việt Nam",Hải Dương
77145802,LiLi,"Hải Dương, Việt Nam",Hải Dương
1414714,Hai Duong Garden Apartment,"54 Do Ngoc Du Hai Đường City, Tan Binh Phường, Việt Nam",Hải Dương
78681830,Ecorivers Hải Dương (Ecorivers Hai Duong),"Hải Dương, Việt Nam",Hải Dương
60743932,"Căn hộ 34 m² 1 phòng ngủ, 1 phòng tắm riêng ở Hải Dương (Apec Mandala Wyndham - Airbnb)","Hải Dương, Việt Nam",Hải Dương
58845990,MOMIZI Serviced Apartment,"15 Vũ Văn Dũng Hải Dương, Việt Nam",Hải Dương
344872,Khách Sạn Phương Anh 1 Hải Dương (Phuong Anh Hotel 1 Hai Duong),"L 18.1.3 Đường Ng Quyền, Phường L Thanh Nghị, Thành phố Hải Ph ng, Việt Nam",Hải Dương
1197953,Khách Sạn Phương Anh 2 Hải Dương (Phuong Anh Hotel 2 Hai Duong),"Số 03 Đường Trường Chinh, Phường L Thanh Nghị, Thành phố Hải Ph ng, Việt Nam",Hải Dương
46885616,"Căn hộ 70 m² 1 phòng ngủ, 1 phòng tắm riêng ở Hải Dương (Căn hộ nghỉ dưỡng chữa lành ở trung tâm)","Hải Dương, Việt Nam",Hải Dương
28762028,Mio Hotel,"Số 3 ngõ 118 Ngô Sỹ Liên, Phường Tứ Minh, Việt Nam",Hải Dương
80605644,"Nhà riêng m² 1 phòng ngủ, 1 phòng tắm riêng ở Hải Dương (Cá chuồn Home - Touching a peaceful alley)","Hải Dương, Việt Nam",Hải Dương
53883475,"Căn hộ 33 m² 1 phòng ngủ, 1 phòng tắm riêng ở Hải Dương (LAKHA HOUSE)","Hải Dương, Việt Nam",Hải Dương
74424088,"Căn hộ m² 2 phòng ngủ, 1 phòng tắm riêng ở Hải Dương (MIO HOTET)","Hải Dương, Việt Nam",Hải Dương
78346912,Hotel London,"Pho Ghe, Việt Nam",Hải Dương
6393486,Sheraton Hải Phòng (Sheraton Hai Phong),"Đường Hà Nội, Phường Thượng Lý, Quận Hồng Bàng, Hải Phòng, Việt Nam",Hải Phòng
10312958,Khách Sạn Nikko Hải Phòng (Hotel Nikko Hai Phong),"Đường 1, Phường L Ch n, Hải Phòng, Việt Nam",Hải Phòng
49443430,Khách sạn Paul Chabot (Paul Chabot Hotel ),"26D Ly Tu Trong Đường, Hong Bang Phường, Trung tâm Thành phố/chợ Sắt, Việt Nam",Hải Phòng
52249241,Halidao Homestay,"4/54 Cao Thắng Hạ Lý, Trung tâm Thành phố/chợ Sắt, Việt Nam",Hải Phòng
58354137,Khách sạn Pullman Grand Hải Phòng (Pullman Hai Phong Grand Hotel),"No.12 Tran Phu Đường, Cau Dat Phường, Trung tâm Thành phố/chợ Sắt, Việt Nam",Hải Phòng
38732219,Khách sạn & Căn hộ Ostara (Ostara Hotel & Apartment),"Do Nhuan Đường, Hải Phòng, Việt Nam",Hải Phòng
35695102,AUI Nguyễn Trãi,"95 Nguyen Trai Đường, Trung tâm Thành phố/chợ Sắt, Việt Nam",Hải Phòng
1032037,Tòa nhà Haiphong (Căn hộ và Khách sạn) (Haiphong Tower (Apartment and Hotel)),"85 Trần Phú Ngô Quyền, Trung tâm Thành phố/chợ Sắt, Hải Phòng, Việt Nam",Hải Phòng
61732648,META HOME - Vinhomes Imperia Hải Phòng (META HOME - Vinhomes Imperia Hai Phong),"Vinhomes Imperia, Việt Nam",Hải Phòng
72514682,Căn hộ LuxHomes Vinhomes Marina (The LuxHomes Apartment Vinhomes Marina),"HD103 Vinhome Marina, Việt Nam",Hải Phòng
63547077,Khách sạn IRIS Hải Phòng (IRIS Hotel Hai Phong),"87 Hoang The Thien, Trung tâm Thành phố/chợ Sắt, Việt Nam",Hải Phòng
66146599,Khách sạn CiCi Hải Phòng (CiCi Hotel Hải Phòng),"28 Dong Khe, Trung tâm Thành phố/chợ Sắt, Việt Nam",Hải Phòng
4659590,Khách Sạn Manoir Des Arts (Manoir Des Arts Hotel),"64 Điện Biên Phủ Hồng Bàng, Trung tâm Thành phố/chợ Sắt, Hải Phòng, Việt Nam",Hải Phòng
78975031,Merry House Hoàng Huy Riverside (Merry House Hoang Huy Riverside),"Số LK-07/19 Hoang Huy Riverside, Hải Phòng, Việt Nam",Hải Phòng
72429497,Khách sạn & Căn hộ The Eastern (The Eastern Hotel & Apartment),"Hoàng Văn Thụ, 9 Phường Phan Bội Châu, Trung tâm Thành phố/chợ Sắt, Việt Nam",Hải Phòng
46756335,"HTOWER - 197 Văn Cao, Gia Viên, Hải Phòng (HTOWER - 197 Van Cao, Gia Vien, Hai Phong)","Phố Văn Cao số 195-197, Hải Phòng, Việt Nam",Hải Phòng
108901,Khách sạn và Căn hộ Pearl River (Pearl River Hotel & Apartment),"Km 8 Phạm Văn Đồng, Phường Anh Dũng, Quận Kinh Dương, Việt Nam",Hải Phòng
80550402,Khách sạn Anna's House (Anna's House Hotel),"Anna House, Hải Phòng, Việt Nam",Hải Phòng
23145508,Khách sạn Opera (The Opera Hotel),"20b Minh Khai 8 Hải Phòng, Trung tâm Thành phố/chợ Sắt, Việt Nam",Hải Phòng
67096990,Khách sạn Wink Hải Phòng - Lưu trú 24 giờ & Quầy bar hồ bơi tầng thượng (Wink Hotel Hai Phong - 24hrs Stay & Rooftop Pool Bar),"No.135, Minh Khai Phường, Trung tâm Thành phố/chợ Sắt, Việt Nam",Hải Phòng
59873041,Hapi Home,"Toà nhà Diamond Crown, Trung tâm Thành phố/chợ Sắt, Việt Nam",Hải Phòng
59113855,The Eudora Homestay,"57 Phố Trại Lẻ Cầu Rào, Hải Phòng, Việt Nam",Hải Phòng
38036881,Khu nghỉ dưỡng Dream Dragon (Dream Dragon Resort),"Khu du lịch Quốc tế, Hải Phòng, Việt Nam",Hải Phòng
36221957,Aui Máy Tơ,"38 Máy Tơ Hải Phòng, Trung tâm Thành phố/chợ Sắt, Việt Nam",Hải Phòng
28379940,Roygent Parks Hải Phòng (Roygent Parks Hai Phong),"No.3 Đường No.1, Vinh Niem Phường, Hải Phòng, Việt Nam",Hải Phòng
26956734,Khách sạn Queenie (Queenie Hotel),"83 Hoang The Thien Hải Phòng, Trung tâm Thành phố/chợ Sắt, Việt Nam",Hải Phòng
36834402,Khách sạn & Căn hộ PH (PH Hotel & Apartment),"Room PH, 94 Phường Tran Phu, Trung tâm Thành phố/chợ Sắt, Việt Nam",Hải Phòng
5647453,Khách sạn Gallant 154 - Gần sân bay Cát Bi (Gallant Hotel 154 - Near Cat Bi Airport),"154 Ng Gia Tự C t Bi, Hải Phòng, Việt Nam",Hải Phòng
40340079,Thanh Bình Hotel (Thanh Binh Hotel),"7c Lê Hồng Phong Hải Phòng, Trung tâm Thành phố/chợ Sắt, Việt Nam",Hải Phòng
36070507,Khách sạn và Căn hộ Lotus (Lotus Hotel and Apartment),"18 Lô 3C Lê Hồng Phong Hải Phòng, Lotus  Trung tâm Thành phố/chợ Sắt, Việt Nam",Hải Phòng
4518434,Mercure Hải Phòng (Mercure Hai Phong),"Số 12 Lạch Tray, Phường LạchTray, Quận Ngô Quyền, Việt Nam",Hải Phòng
37219892,Khách sạn PHAM. & Views (PHAM. Hotel & Views),"Hải Phòng, Ngõ 134 Phường Cầu Đất, Trung tâm Thành phố/chợ Sắt, Việt Nam",Hải Phòng
46758557,Nhà nghỉ Tây Đại Dương (Tay Dai Duong Guesthouse),"5/70 Lach Tray Ngo Quyen District, Lach Tray Phường, Trung tâm Thành phố/chợ Sắt, Việt Nam",Hải Phòng
33152056,Căn hộ & Khách sạn Grand Hill (GRAND HILL APARTMENT & HOTEL),"số 118 Kiều Sơn, Phường Đằng L m, Thành phố Hải Ph ng, Việt Nam",Hải Phòng
31215024,Khách sạn KOVIE (KOVIE HOTEL),"lô 2A Lê Hồng Phong, Trung tâm Thành phố/chợ Sắt, Việt Nam",Hải Phòng
46749545,Căn hộ META HOME - Vinhomes Imperia (META HOME Apartment - Vinhomes Imperia ),"Room 17-02, Việt Nam",Hải Phòng
8213119,Meliá Vinpearl Hải Phòng Rivera (Meliá Vinpearl Hai Phong Rivera),"Manhattan 9 Đường, Hong Bang Phường, Hải Phòng, Việt Nam",Hải Phòng
37374628,Merci Vinhomes Imperia Hải Phòng (Merci Vinhomes Imperia Hai Phong),"BH04-07 Vinhomes Imperia, Việt Nam",Hải Phòng
18168590,THE SHINE HOTEL,"Số 1 - L 22A, Phường Gia Vi n, Thành phố Hải Ph ng, Việt Nam",Hải Phòng
75887168,Bé Homestay (Be Homestay),"Số 16/89 Phố Chùa Hàng, Trung tâm Thành phố/chợ Sắt, Việt Nam",Hải Phòng
288586,Hòn Dấu Resort (Hon Dau Resort),"Khu 3, Phường Vạn Hương, Hải Phòng, Việt Nam",Hải Phòng
47863203,Khách sạn Le Haute (Le Haute Hotel),"275 Lạch Tray Ngã năm   Sân bay Cát Bi, Hải Phòng, Việt Nam",Hải Phòng
18587829,Căn hộ Lee (Lee Apartment),"23 Van Cao Dang Giang, Hải Phòng, Việt Nam",Hải Phòng
32745831,Khách sạn & Căn hộ Madelise (MADELISE HOTEL&APARTMENT),"No 1, Dong Khe Phường, Trung tâm Thành phố/chợ Sắt, Việt Nam",Hải Phòng
18482854,KHÁCH SẠN TE AMO (HOTEL TE AMO),"18 Phung Phap Dang Giang, Hải Phòng, Việt Nam",Hải Phòng
77532149,KATKA Hotel Hai Phong,"1 Ngõ 580 Ngô Gia Tự Thành Tô, Hải Phòng, Việt Nam",Hải Phòng
6884466,Khách Sạn Azumaya Hải Phòng (Azumaya Hotel Hai Phong),"No. 195 Vu Trong Khanh Str, Gia Vien Phường, Hải Phòng, Việt Nam",Hải Phòng
47279296,Khách sạn & Căn hộ CM (CM Hotel & Apartment),"71 Hoàng Thế Thiện Hải Phòng, Trung tâm Thành phố/chợ Sắt, Việt Nam",Hải Phòng
59288614,Nhà nghỉ Mia (Mia motel),"27 Nguyễn Hữu Cầu Bãi Biển Đồ Sơn, Hải Phòng, Việt Nam",Hải Phòng
339499,Làng Quốc tế Hướng Dương (Sunflower International Village),"35A Đường Văn Cao, Hải Phòng, Việt Nam",Hải Phòng
70579739,Khách sạn BIDV Đồ Sơn (BIDV Hotel Đồ Sơn),"1 L Thành T ng Hải Sơn, Hải Phòng, Việt Nam",Hải Phòng
10955,Khách sạn Harbour View Hải Phòng (Hai Phong Harbour View Hotel),"12 Trần Phú Hải Phòng, Trung tâm Thành phố/chợ Sắt, Việt Nam",Hải Phòng
68192959,"Căn hộ 60 m² 1 phòng ngủ, 1 phòng tắm riêng ở Trung tâm thành phố/chợ Sắt (One Bedroom Apartment in Diamond Crown Hai Phong)","19 Đường Lê Hồng Phong, Trung tâm Thành phố/chợ Sắt, Hải Phòng, Việt Nam",Hải Phòng
804975,Somerset Central TD Hải Phòng (Somerset Central TD Hai Phong City),"Tower A, Phường Đằng Giang, Quận Ngô Quyền, Việt Nam",Hải Phòng
548250,Khách sạn Đông Dương (Dong Duong Hotel),"4D Hồ Sen quận Lê Chân, Trung tâm Thành phố/chợ Sắt, Hải Phòng, Việt Nam",Hải Phòng
46252114,Tan An Palace,"22 Hong Bang Đường, Hải Phòng, Việt Nam",Hải Phòng
37171279,Lều Vịt Homestay,"15/54 Cao Thắng Hạ Lý, Trung tâm Thành phố/chợ Sắt, Việt Nam",Hải Phòng
18512710,Nhà nghỉ Tây Hồ (Motel Tay Ho),"20/420 Lach Tray Ngo Quyen, Hải Phòng, Việt Nam",Hải Phòng
36965822,Cửa Biển Homestay (Cua Bien Homestay),"số 04/16D mặt Đường Lê Hồng Phong, Hải Phòng, Việt Nam",Hải Phòng
61012565,Căn hộ The LuxHomes - 231 Văn Cao (The LuxHomes Apartment - 231 Văn Cao),"Ngã năm   Sân bay Cát Bi, 1/231 Phường Văn Cao, Hải Phòng, Việt Nam",Hải Phòng
46761029,Merci Vinhomes Marina Hải Phòng (Merci Vinhomes Marina Hai Phong),"HD.75   HD.77 Vinhomes Marina, Việt Nam",Hải Phòng
255043,Khách sạn The Tray Hải Phòng (The Tray Hotel Hai Phong),"47 Lạch Tray Hải Phòng, Trung tâm Thành phố/chợ Sắt, Việt Nam",Hải Phòng
76100774,HAMA HOUSE,"29 Ng 33 Kiều Sơn Ngã năm   Sân bay Cát Bi, Hải Phòng, Việt Nam",Hải Phòng
37174426,Nhà nghỉ Adal (Adal Motel),"262 Nguyen Luong Bang, Quận Kiến An, Việt Nam",Hải Phòng
23011134,Nhà nghỉ Hoàng Tuyết (Hoang Tuyet Guest House),"số 19/70 Lạch Tray, Trung tâm Thành phố/chợ Sắt, Việt Nam",Hải Phòng
61742577,Kiara's Home,"Số 12 Ng 273 Đường Đằng Hải, Hải Phòng, Việt Nam",Hải Phòng
24120266,Punt Hotel,"41 Lane 3C, Trung tâm Thành phố/chợ Sắt, Việt Nam",Hải Phòng
290092,Hoang Hai Hotel Haiphong,"109 Cầu Đất Hải Phòng, Quận Ngô Quyền, Việt Nam",Hải Phòng
10144700,Khách Sạn Menrva (Menrva Hotel),"No.4D Tran Hung Dao, Trung tâm Thành phố/chợ Sắt, Việt Nam",Hải Phòng
42031357,Khách sạn The LuxHomes Apartment - SAKURA (The LuxHomes Apartment - SAKURA Hotel),"19/15 Tô Vũ Đằng Lâm, Hải Phòng, Việt Nam",Hải Phòng
76965355,Peaceful Paradise Homestay,"106 Phố Lương Khánh Thiện ngõ 106 Lương Khánh Thiện homestay là toà nhà ngay cạnh trường mầm non Sakura, Trung tâm Thành phố/chợ Sắt, Việt Nam",Hải Phòng
39062704,Cozy Central House,"3 Phan Đình Phùng Ven sông - Sông Cấm/Cảng cũ, Hải Phòng, Việt Nam",Hải Phòng
71368079,Merry House Harmony,"27/174 Văn Cao Ngã năm   Sân bay Cát Bi, Phường Đằng Giang, Quận Ngô Quyền, Việt Nam",Hải Phòng
46609945,Khách sạn Song Kim (Song Kim Hotel),"102/225 Ngô Gia Tự Ngã năm   Sân bay Cát Bi, Hải Phòng, Việt Nam",Hải Phòng
16332920,Khách sạn MV (MV HOTEL),"15A Phuong Luu Dong Hai 1, Trung tâm Thành phố/chợ Sắt, Việt Nam",Hải Phòng
59675831,Quang Minh Hotel,"29 Nguyễn Hữu Cầu Bãi Biển Đồ Sơn, Hải Phòng, Việt Nam",Hải Phòng
34850687,Phong Lan Apartments,"20 Đinh Tiên Hoàng Hải Phòng, Trung tâm Thành phố/chợ Sắt, Việt Nam",Hải Phòng
77626680,Lotus Apartment Hoang Huy Commerce,"Cầu Rào, Hải Phòng, Việt Nam",Hải Phòng
34526371,Khách sạn & Căn hộ The Shine 2 (THE SHINE 2 HOTEL & APARTMENT),"16 L 22B, Phường Gia Vi n, Thành phố Hải Ph ng, Việt Nam",Hải Phòng
9767209,Victory Hotel and Apartment,"119 Nguyễn Đức Cảnh quận Lê Chân, Trung tâm Thành phố/chợ Sắt, Hải Phòng, Việt Nam",Hải Phòng
78839899,Khách sạn & Căn hộ Mango Riverside Hải Phòng (Mango Riverside Hotel & Apartment - Hai Phong),"Thượng Lý, Hải Phòng, Việt Nam",Hải Phòng
13870808,Khách Sạn Và Căn Hộ The Nova (The Nova Hotel and Apartment),"135 Hoang The Thien Hải Phòng, Trung tâm Thành phố/chợ Sắt, Việt Nam",Hải Phòng
4861685,"Nhà mặt đất 20 m² 1 phòng ngủ, 1 phòng tắm riêng ở Khu đô thị Ngã Năm - sân bay Cát Bi (Private room, international area, near Airport)","193 Van Cao No 4 An Khe resident area, Hải Phòng, Việt Nam",Hải Phòng
13342554,KHÁCH SẠN MOMIZI HẢI PHÒNG (MOMIZI HOTEL HAI PHONG),"373 Van Cao Str Hai An Dist, Hải Phòng, Việt Nam",Hải Phòng
8607268,Chung cư studio 40 m² có 1 phòng tắm riêng ở Trung tâm thành phố/chợ Sắt (1218A Studio apartment in Diamond Crown Hai Phong - friendly and warm like home),"Le Hong Phong Đường, Trung tâm Thành phố/chợ Sắt, Việt Nam",Hải Phòng
68601203,Cozy Apartment Văn Cao Garden Villa - Homestay,"41 Đường Đỗ Nhuận, Hải Phòng, Việt Nam",Hải Phòng
47636421,The Key - Vinhomes Marina,"Đường Hải Đăng, Hải Phòng, Việt Nam",Hải Phòng
68665044,GARE D'47 l 47 Luong Khanh Thien,"47 Phố Lương Khánh Thiện Hải Phòng, Trung tâm Thành phố/chợ Sắt, Việt Nam",Hải Phòng
49702279,X-Stay,"Vinhomes Marina Cầu Rào 2, Hải Phòng, Việt Nam",Hải Phòng
77241046,Căn hộ tuyệt vời trung tâm Thành phố 2! (Can ho tuyet voi trung tam Thanh pho 2!),"Hải Phòng, Trung tâm Thành phố/chợ Sắt, Việt Nam",Hải Phòng
46245408,Hotel Nam Sơn (Hotel Nam Son),"47 Bạch Đằng TT Núi Đèo, Hải Phòng, Việt Nam",Hải Phòng
9752576,Thien Anh Hotel,"ngõ 82 Trần Phú, Phường Lương Khánh Thiện, Trung tâm Thành phố/chợ Sắt, Hải Phòng, Việt Nam",Hải Phòng
532379,Khách sạn Rose (Rose Hotel),"36 Ngõ 384 Lạch Tray, Quận Ngô Quyền, Việt Nam",Hải Phòng
58282053,Khách sạn căn hộ D&H (D&H Apartment Hotel),"333 Văn Cao, Hải Phòng, Việt Nam",Hải Phòng
45839222,Holiday Hotel 2,"193 Phố Văn Cao Ngã năm   Sân bay Cát Bi, Hải Phòng, Việt Nam",Hải Phòng
34632533,Cuccu homestay,"Cầu Rào, Hải Phòng, Việt Nam",Hải Phòng
9062186,Nhà Nghỉ Vân Anh (Van Anh Motel),"số nhà 15 Đường Dầu Lửa, Hải Phòng, Việt Nam",Hải Phòng
64835370,Hiu homestay (Hiu Homestay),"Kênh Dương, 124 Phường Đào Nhuận, Hải Phòng, Việt Nam",Hải Phòng
39797569,"Căn hộ 40 m² 1 phòng ngủ, 1 phòng tắm riêng ở Trung tâm thành phố/chợ Sắt (Super Nice Room 193 Văn Cao No.1)","Ngã năm   Sân bay Cát Bi, Hải Phòng, Việt Nam",Hải Phòng
78569202,"Nhà riêng m² 1 phòng ngủ, 1 phòng tắm riêng ở Cầu Rào (Shin Apartment-Hoang Huy Commerce-1 bedroom)","Cầu Rào, Hải Phòng, Việt Nam",Hải Phòng
79078606,"Căn hộ m² 2 phòng ngủ, 2 phòng tắm riêng ở Khác (Jolli Home - Homestay in Haiphong)","Chung cư Hoàng Huy Commerce, Trung tâm Thành phố/chợ Sắt, Hải Phòng, Việt Nam",Hải Phòng
78342061,FLESTA Lach Tray,"358 Lach Tray Ngã năm   Sân bay Cát Bi, Hải Phòng, Việt Nam",Hải Phòng
16624767,"Căn hộ 30 m² 1 phòng ngủ, 1 phòng tắm riêng ở Cầu Rào (perfect)","Cầu Rào, Hải Phòng, Việt Nam",Hải Phòng
78339498,Doson Resort,"Thung Lung Xanh, Hải Phòng, Việt Nam",Hải Phòng
10944400,"Nhà mặt đất 26 m² 1 phòng ngủ, 1 phòng tắm riêng ở Khu đô thị Ngã Năm - sân bay Cát Bi (HMhause#feellikehome)","Ngã năm   Sân bay Cát Bi, Hải Phòng, Việt Nam",Hải Phòng
55661539,JOYCE-Celia 27,"Cầu Rào, Hải Phòng, Việt Nam",Hải Phòng
39807000,"Căn hộ 40 m² 1 phòng ngủ, 1 phòng tắm riêng ở Trung tâm thành phố/chợ Sắt (Supper Nice Apartment 193Văn Cao)","Ngã năm   Sân bay Cát Bi, Hải Phòng, Việt Nam",Hải Phòng
31589920,Hà Thịnh Phát Apartment,"Hải Phòng, Trung tâm Thành phố/chợ Sắt, Việt Nam",Hải Phòng
72098029,"Nhà riêng m² 1 phòng ngủ, 1 phòng tắm riêng ở Trung tâm thành phố/chợ Sắt (Ann Apartment)","Ngã năm   Sân bay Cát Bi, Hải Phòng, Việt Nam",Hải Phòng
63414360,"Căn hộ 30 m² 1 phòng ngủ, 1 phòng tắm riêng ở Cầu Rào (Lucky home )","Ngã năm   Sân bay Cát Bi, Hải Phòng, Việt Nam",Hải Phòng
76969792,Aurelia Hotel,"51 Căn 35.5, Hải Phòng, Việt Nam",Hải Phòng
9642497,The Peninsula Haiphong,"21 dãy A2, Trung tâm Thành phố/chợ Sắt, Hải Phòng, Việt Nam",Hải Phòng
78619563,Pi & Pu Apartment Hai Phong- Hoang Huy Commerce,"70 Võ Nguyên Giáp Hoang Huy Commerce Building Cầu Rào, Hải Phòng, Việt Nam",Hải Phòng
45882630,Viet House Yen Duc Village,"Du lịch Yên Đức, Huyện Thủy Nguyên, Việt Nam",Hải Phòng
71447897,Moonlight Homestay,"Hải Phòng, Trung tâm Thành phố/chợ Sắt, Việt Nam",Hải Phòng
9375300,"Chung cư 60 m² 1 phòng ngủ, 1 phòng tắm riêng ở Cầu Rào (Sunshine House )","Cầu Rào, Hải Phòng, Việt Nam",Hải Phòng
9043724,SƠN HÀ Motel (SON HA Motel),"Cầu Rào, Hải Phòng, Việt Nam",Hải Phòng
79239904,Hoa Đảo Vua (Hoa Đao Vua),"Vinhome Vũ Yên Island Đảo vua 3-32, Hải Phòng, Việt Nam",Hải Phòng
78606148,Homestay căn studio HOMESTAY TẠI DIAMOND CROWN - HẢI PHÒNG (Homestay can studio HOMESTAY TAI DIAMOND CROWN - HAI PHONG),"Hải Phòng, Trung tâm Thành phố/chợ Sắt, Việt Nam",Hải Phòng
38963095,"Căn hộ 100 m² 2 phòng ngủ, 2 phòng tắm riêng ở Cầu Rào (The Nook G8 Me Linh)","Cầu Rào, Hải Phòng, Việt Nam",Hải Phòng
36838148,Căn hộ studio 33 m² có 1 phòng tắm riêng ở Cầu Rào (Bao Ngoc Han Phat apartment),"Cầu Rào, Hải Phòng, Việt Nam",Hải Phòng
31525210,"Căn hộ 160 m² 20 phòng ngủ, 20 phòng tắm riêng ở Trung tâm thành phố/chợ Sắt (Khách sạn Nam Sơn)","Hải Phòng, Trung tâm Thành phố/chợ Sắt, Việt Nam",Hải Phòng
76096033,căn hộ chung cư cao cấp (can ho chung cu cao cap),"Cầu Rào, Hải Phòng, Việt Nam",Hải Phòng
32221918,"Căn hộ 300 m² 1 phòng ngủ, 1 phòng tắm riêng ở Trung tâm thành phố/chợ Sắt (Sakura Apartment)","Ngã năm   Sân bay Cát Bi, Hải Phòng, Việt Nam",Hải Phòng
55906580,"Nhà riêng 100 m² 3 phòng ngủ, 2 phòng tắm riêng ở Thượng Lý/Quán Toan (Ấm cúng, hiện đại, tiện nghi!)","Thượng Lý/Quán Toan, Hải Phòng, Việt Nam",Hải Phòng
6165157,Nhà mặt đất studio 35 m² có 1 phòng tắm riêng ở Trung tâm thành phố/chợ Sắt (Ventana house 201),"Hải Phòng, Trung tâm Thành phố/chợ Sắt, Việt Nam",Hải Phòng
78089426,"Nhà riêng m² 1 phòng ngủ, 1 phòng tắm riêng ở Quận Kiến An (Khanh Phong Apartment Vinhome Royal Island)","Hải Phòng, Quận Kiến An, Việt Nam",Hải Phòng
56314083,Khách sạn Golden Moon (GOLDENMOONHOTEL),"ĐT456, Quận Tiên Lãng, Việt Nam",Hải Phòng
21918167,"Căn hộ 45 m² 1 phòng ngủ, 1 phòng tắm riêng ở Cầu Rào (SAOLA Apartment Le Chan, Haiphong, 201)","Cầu Rào, Hải Phòng, Việt Nam",Hải Phòng
78346168,LuxHomes Apartment,"Ngã năm   Sân bay Cát Bi, Phường Van Cao, Hải Phòng, Việt Nam",Hải Phòng
61710070,"Căn hộ m² 1 phòng ngủ, 1 phòng tắm riêng ở Thượng Lý/Quán Toan (Superior studio 35m2 )","Hải Phòng, Trung tâm Thành phố/chợ Sắt, Việt Nam",Hải Phòng
76936576,The Nest High-Floor Studio with City View,"Hải Phòng, Trung tâm Thành phố/chợ Sắt, Việt Nam",Hải Phòng
28986496,Zen Love Station - Adults Only,"Mahattan 14-07, Hải Phòng, Việt Nam",Hải Phòng
63110722,"Căn hộ m² 1 phòng ngủ, 1 phòng tắm riêng ở Thượng Lý/Quán Toan (Mun's House)","Thượng Lý/Quán Toan, Hải Phòng, Việt Nam",Hải Phòng
61696374,"Căn hộ 50 m² 1 phòng ngủ, 1 phòng tắm riêng ở Ven sông - Sông Cấm/Cảng cũ (MiMi Homestay-Delux room for 4 per-2Queen beds)","Hải Phòng, Trung tâm Thành phố/chợ Sắt, Việt Nam",Hải Phòng
39687990,Căn hộ studio 30 m² có 1 phòng tắm riêng ở Thượng Lý/Quán Toan (Manhattan 17-02 Áp Mái),"Ven sông - Sông Cấm/Cảng cũ, Hải Phòng, Việt Nam",Hải Phòng
21918163,"Căn hộ 45 m² 1 phòng ngủ, 1 phòng tắm riêng ở Vila Mariana (SAOLA Apartment Le Chan, Haiphong, 401)","Cầu Rào, Hải Phòng, Việt Nam",Hải Phòng
8703878,"Chung cư 45 m² 1 phòng ngủ, 1 phòng tắm riêng ở Thượng Lý/Quán Toan (Vinhomes Serviced Apartment high quality)","Thượng Lý/Quán Toan, Hải Phòng, Việt Nam",Hải Phòng
78569196,"Nhà riêng m² 1 phòng ngủ, 2 phòng tắm riêng ở Cầu Rào (Pi Home (Hoang Huy Commerce) - 2 bedrooms - 2 wc)","Cầu Rào, Hải Phòng, Việt Nam",Hải Phòng
63267011,"Căn hộ 40 m² 1 phòng ngủ, 1 phòng tắm riêng ở Trung tâm thành phố/chợ Sắt (X-Stay Bonita)","Hải Phòng, Trung tâm Thành phố/chợ Sắt, Việt Nam",Hải Phòng
65765040,"Căn hộ m² 2 phòng ngủ, 2 phòng tắm riêng ở Khác (2 Bedroom 2wc SHP Khánh Phong Apartment)","Hải Phòng, Trung tâm Thành phố/chợ Sắt, Việt Nam",Hải Phòng
80155343,"Nhà riêng m² 1 phòng ngủ, 1 phòng tắm riêng ở Cầu Rào (Căn studio tầng 25 Sentosa Sky Park Hải Phòng)","Cầu Rào, Hải Phòng, Việt Nam",Hải Phòng
75970703,"m² 1 phòng ngủ, 1 phòng tắm riêng ở Khác (Vip 1 & Víp 2)","Hải Phòng, Trung tâm Thành phố/chợ Sắt, Việt Nam",Hải Phòng
39611841,"Nhà riêng 60 m² 1 phòng ngủ, 3 phòng tắm riêng ở Ngã năm – Sân bay Cát Bi (Nhà Kiến)","Ngã năm   Sân bay Cát Bi, Hải Phòng, Việt Nam",Hải Phòng
72814141,Cozy Homestay Diamond Crown Hải Phòng (Cozy Homestay Diamond Crown Hai Phong),"Hải Phòng, Trung tâm Thành phố/chợ Sắt, Hải Phòng, Việt Nam",Hải Phòng
52133355,"Nhà riêng 100 m² 1 phòng ngủ, 1 phòng tắm riêng ở Thượng Lý/Quán Toan (58 House - Mỹ Anh Homestay (201))","Thượng Lý/Quán Toan, Hải Phòng, Việt Nam",Hải Phòng
61216954,"Căn hộ m² 2 phòng ngủ, 2 phòng tắm riêng ở Thượng Lý/Quán Toan (Mun's house)","Thượng Lý/Quán Toan, Hải Phòng, Việt Nam",Hải Phòng
73408283,"Nhà riêng m² 1 phòng ngủ, 1 phòng tắm riêng ở Trung tâm thành phố/chợ Sắt (The Nest | Căn hộ cao cấp)","Hải Phòng, Trung tâm Thành phố/chợ Sắt, Việt Nam",Hải Phòng
64351507,"Căn hộ 100 m² 2 phòng ngủ, 1 phòng tắm riêng ở Cầu Rào (Tom Homestay Hải Phòng)","Cầu Rào, Hải Phòng, Việt Nam",Hải Phòng
62517975,Homestay Hải Phòng (Homestay Hai Phong),"Hải Phòng, Trung tâm Thành phố/chợ Sắt, Việt Nam",Hải Phòng
52006913,"Căn hộ 300 m² 1 phòng ngủ, 1 phòng tắm riêng ở Thượng Lý/Quán Toan (Halidao Homestay Hải Phòng)","Hải Phòng, Trung tâm Thành phố/chợ Sắt, Việt Nam",Hải Phòng
79124492,The Muse 1,"Kim Long 1.36 Kl 1.36 Khu du lịch Quốc tế Đồi Rồng, Hải Phòng, Việt Nam",Hải Phòng
12250086,"Chung cư 60 m² 2 phòng ngủ, 1 phòng tắm riêng ở Trung tâm thành phố/chợ Sắt (Shp plaza apartment)","Hải Phòng, Trung tâm Thành phố/chợ Sắt, Việt Nam",Hải Phòng
61453572,Ann Homestay Hải Phòng (Ann Homestay Hai Phong),"Cầu Rào, Hải Phòng, Việt Nam",Hải Phòng
67833351,"m² 1 phòng ngủ, 1 phòng tắm riêng ở Thượng Lý/Quán Toan (malela homestay )","Hải Phòng, Trung tâm Thành phố/chợ Sắt, Việt Nam",Hải Phòng
45427888,Warm & Cozy Apartment,"Cầu Rào, Hải Phòng, Việt Nam",Hải Phòng
66063172,"Căn hộ 72 m² 2 phòng ngủ, 2 phòng tắm riêng ở Cầu Rào (Nàng Bún House)","Cầu Rào, Hải Phòng, Việt Nam",Hải Phòng
49696907,"Nhà riêng 100 m² 2 phòng ngủ, 1 phòng tắm riêng ở Cầu Rào (X-Stay Duplex Lê Chân)","Cầu Rào, Hải Phòng, Việt Nam",Hải Phòng
76934843,Bin Homestay Hải Phòng (Bin Homestay Hai Phong),"Hải Phòng, Trung tâm Thành phố/chợ Sắt, Việt Nam",Hải Phòng
56707294,My Anh 58 House Homestay,"LKV-58 Pruksa Town Urban Area, Hải Phòng, Việt Nam",Hải Phòng
78330862,Anvi House - Vinhomes Marina,"18 San Ho 1 Vinhomes Marina, Hải Phòng, Việt Nam",Hải Phòng
79098922,"m² 1 phòng ngủ, 1 phòng tắm riêng ở Khác (HOMIE Stay)","7 Lạch Tray Lê Lợi, Trung tâm Thành phố/chợ Sắt, Việt Nam",Hải Phòng
61746100,Căn hộ studio 45 m² có 1 phòng tắm riêng ở Trung tâm thành phố/chợ Sắt (Modern Apartment),"Ngã năm   Sân bay Cát Bi, Hải Phòng, Việt Nam",Hải Phòng
36637388,"Căn hộ 1000 m² 1 phòng ngủ, 1 phòng tắm riêng ở Ngã Năm / Cát Bi Airport (The Sun Hotel Hai Phong)","Ngã năm   Sân bay Cát Bi, Hải Phòng, Việt Nam",Hải Phòng
77179438,Phạm Hà Hotel HP - by BAY LUXURY (Pham Ha Hotel HP - by BAY LUXURY),"Hải Phòng, 139 Phường Hoàng Thế Thiện, Trung tâm Thành phố/chợ Sắt, Việt Nam",Hải Phòng
58638356,"Căn hộ 35 m² 1 phòng ngủ, 1 phòng tắm riêng ở Thượng Lý/Quán Toan (Phòng superior studio hướng công viên )","Ven sông - Sông Cấm/Cảng cũ, Hải Phòng, Việt Nam",Hải Phòng
44561563,"Căn hộ 62 m² 2 phòng ngủ, 2 phòng tắm riêng ở Thượng Lý/Quán Toan (Teddy HomeStay garden)","Ven sông - Sông Cấm/Cảng cũ, Hải Phòng, Việt Nam",Hải Phòng
32736330,"Biệt thự 50 m² 1 phòng ngủ, 1 phòng tắm riêng ở Trung tâm thành phố/chợ Sắt (Subi housings- apartment for rent)","Hải Phòng, Trung tâm Thành phố/chợ Sắt, Việt Nam",Hải Phòng
4130057,Lavender Hai Phong Hotel,"440-442 Phủ Thượng Đoạn Đông Hải 1, Trung tâm Thành phố/chợ Sắt, Hải Phòng, Việt Nam",Hải Phòng
186695,Camela Hotel and Resort,"Số 515A Đường Hùng Vương, Quận Hồng Bàng, Việt Nam",Hải Phòng
58579997,Homestay giá SV gần Ga HP (Homestay gia SV gan Ga HP),"Hải Phòng, Trung tâm Thành phố/chợ Sắt, Việt Nam",Hải Phòng
63199211,PHẠM. Homes,"30/71 Tran Phu Cau Dat, Trung tâm Thành phố/chợ Sắt, Việt Nam",Hải Phòng
41444332,Khách sạn Phương Minh,"45 An Chân Phương Minh Hotel, Hải Phòng, Việt Nam",Hải Phòng
9611442,Khách sạn K-Zone The Star (K-Zone The Star Hotel),"185-187 Van Cao Ngo Quyen District, Dang Giang Phường, Hải Phòng, Việt Nam",Hải Phòng
18092352,Trường Sinh Hotel (Truong Sinh Hotel),"134 Văn Cao 11/134 Văn Cao Đằng Giang, Hải Phòng, Việt Nam",Hải Phòng
45881698,Holiday Hotel 2,"27 Đường Đỗ Nhuận 8/27 Đỗ Nhuận, Hải Phòng, Việt Nam",Hải Phòng
58170167,Khách sạn Solis (Khách sạn Solis Hotel),"Đường Ho ng Diệu, Phường Hồng B ng, Thành phố Hải Ph ng, Việt Nam",Hải Phòng
7354265,Tuong Vi 2,"số 10 lô 22B Lê Hồng Phong, Trung tâm Thành phố/chợ Sắt, Việt Nam",Hải Phòng
61301134,Khách sạn & Căn hộ META HOME (META HOME Hotel & Apartment),"Vinhomes Marina, Việt Nam",Hải Phòng
77198888,Điêu Thuyền Motel 199VTK (Đieu Thuyen Motel 199VTK),"199 Phố Vũ Trọng Khánh tòa nhà Cầu Rào, Hải Phòng, Việt Nam",Hải Phòng
46432575,Nhà khách Basic (Basic Guest House Hai Phong),"L4A117 Hoang Huy Pruksa Town An Dong, Hải Phòng, Việt Nam",Hải Phòng
33910247,Khách sạn The Quin (The Quin Hotel),"Hoàng Huy Riverside, Hải Phòng, Việt Nam",Hải Phòng
77015320,Melia Vinpearl Hai Phong Rivera,"Đường Manhattan 9 Vinhomes Imperia, Phường, Hải Phòng, Việt Nam",Hải Phòng
69731246,Căn hộ Thuý Doji Diamond (Thuý Doji Diamond Apartment),"19 Đường Lê Hồng Phong, Trung tâm Thành phố/chợ Sắt, Việt Nam",Hải Phòng
77423804,Khách sạn Hào Phúc (HÀO PHÚC HOTELS),"103 104 bấc vàng bấc vang, Phường Thuỷ Nguyên, Trung tâm Thành phố/chợ Sắt, Hải Phòng, Việt Nam",Hải Phòng
76715752,KAPÁS Hotel - House & Drinks Đồi Rồng (KAPAS Hotel - House & Drinks Đoi Rong),"Vạn Hương, Hải Phòng, Việt Nam",Hải Phòng
75127491,Căn hộ cao cấp Miami (Miami Luxury Apartment Hai Phong),"Đằng Giang, 116 Phường Bạch Thái Bưởi, Hải Phòng, Việt Nam",Hải Phòng
62093551,Holiday Hotel 2,"Đường Đỗ Nhuận, Hải Phòng, Việt Nam",Hải Phòng
39900429,Napoli Hotel,"94 Hoàng Ngọc Phách Kênh Dương, Hải Phòng, Việt Nam",Hải Phòng
63144373,Holiday Hotel 2,"27 Đường Đỗ Nhuận, Hải Phòng, Việt Nam",Hải Phòng
70348568,Homie Homestay,"Hoàng Huy Commerce, Hải Phòng, Việt Nam",Hải Phòng
59232062,"Nhà riêng 60 m² 1 phòng ngủ, 1 phòng tắm riêng ở Trung tâm thành phố/chợ Sắt (16 HOME - Homestay in Hai Phong)","Hải Phòng, Trung tâm Thành phố/chợ Sắt, Việt Nam",Hải Phòng
55605626,Khách sạn Ocean Senses (Ocean Senses Hotel),"Kl 32-34, Việt Nam",Hải Phòng
6963705,Khách sạn Ngọc Hà (Ngoc Ha Hotel),"no 168 Trung Hành 5, Hải Phòng, Việt Nam",Hải Phòng
78323642,HOMESTAY 1986,"084 Đường Tương Lai, Hải Phòng, Việt Nam",Hải Phòng
5808865,Khách Sạn Trung Kiên (Trung Kien Hotel),"27 Lots 3B Le Hong Phong Đường, Trung tâm Thành phố/chợ Sắt, Việt Nam",Hải Phòng
61243026,Golden Love Studio Apartment in Diamond Crown Hai Phong,"Hải Phòng, Trung tâm Thành phố/chợ Sắt, Việt Nam",Hải Phòng
10632179,Win Win Hotel - Khách Sạn Hải Phòng (Win Win Hotel - Khach San Hai Phong),"Số 2 Ngách 1 Ngõ 568, Quận Kiến An, Hải Phòng, Việt Nam",Hải Phòng
71575263,Biệt thự sân golf Ruby Tree (Ruby Tree Golf Villas),"Đường 353, Phường Đồ Sơn, Thành phố Hải Ph ng, Việt Nam",Hải Phòng
51752379,Khách sạn Diamond (Diamond Hotel),"12 Đằng Hải Ngã năm   Sân bay Cát Bi, Hải Phòng, Việt Nam",Hải Phòng
2025508,F & F Hotel,"26/15b Le Hong Phong st Hai An dist, Dang Lam Phường, Hải Phòng, Việt Nam",Hải Phòng
18931281,Khách sạn và Căn hộ GM (GM Hotel and Apartment),"Ngã năm   Sân bay Cát Bi, 300 Phường Văn Cao, Hải Phòng, Việt Nam",Hải Phòng
26981762,Nhà nghỉ Ngọc Hà (Ngoc Ha Motel),"So 10 Doan Chuan, Trung tâm Thành phố/chợ Sắt, Việt Nam",Hải Phòng
52001229,Căn hộ khách sạn Glory Hải Phòng (Glory Hotel Apartment Hải Phòng),"75 Hoang The Thien, Trung tâm Thành phố/chợ Sắt, Việt Nam",Hải Phòng
27848241,Merry House Imperia,"BH 04-12A, Phường Thượng Lý, Quận Hồng Bàng, Việt Nam",Hải Phòng
1803827,Khách Sạn Gallant 168 (Gallant Hotel 168),"168 Phố Trung Lực Hải Phòng, Phường Đằng Lâm, Quận Hải An, Việt Nam",Hải Phòng
64665887,GARE D'47 l 21 Lê Chân street l Đối diện Nhà hát lớn (GARE D'47 l 21 Le Chan street l Đoi dien Nha hat lon),"21 Phố Lê Chân Hải Phòng, Trung tâm Thành phố/chợ Sắt, Việt Nam",Hải Phòng
76366781,New Hải An Nhiên Hotel (New Hai An Nhien Hotel),"16/3/568 Trần Nhân Tông Hải Phòng, Phường Kiến An, Quận Kiến An, Hải Phòng, Việt Nam",Hải Phòng
45145588,Hotel Nam Sơn (Hotel Nam Son),"WMGV R8V, Hải Phòng, Việt Nam",Hải Phòng
8513497,Hải Phòng Backpacker Hostel (Hai Phong Backpacker Hostel),"17/3 Ly Tu Trong Hải Phòng, Trung tâm Thành phố/chợ Sắt, Việt Nam",Hải Phòng
79396848,"m² 2 phòng ngủ, 2 phòng tắm riêng ở Khác (Chill Homestay)","Hải Phòng, Trung tâm Thành phố/chợ Sắt, Hải Phòng, Việt Nam",Hải Phòng
78956535,Khách sạn Vienna (Vienna Hotel),"333 Đường Lê Hồng Phong, Hải Phòng, Việt Nam",Hải Phòng
37356734,Khách sạn & căn hộ AU79 (AU79 hotel & apartment),"8A Đường Le Hồng Phong, Trung tâm Thành phố/chợ Sắt, Việt Nam",Hải Phòng
847536,Cindy Hotel & Apartments - Khach San Can Ho o Trung Tam TP Hai Phong,"23-24 Nguyen Duc Canh Hải Phòng, Trung tâm Thành phố/chợ Sắt, Việt Nam",Hải Phòng
246215,Khách sạn Sono Belle Hải Phòng (Sono Belle Haiphong),"Sono Belle Haiphong Golf Resort   Luu Kiem, Huyện Thủy Nguyên, Việt Nam",Hải Phòng
61369013,"Căn hộ 30 m² 1 phòng ngủ, 1 phòng tắm riêng ở Trung tâm thành phố/chợ Sắt (Chill Homestay - Diamond Crown - Hải Phòng)","Diamond Crown Hải Phòng, Trung tâm Thành phố/chợ Sắt, Hải Phòng, Việt Nam",Hải Phòng
77464947,Hào Phúc Hotel (Hao Phuc Hotel),"Lô 103   104 Thôn Bấc Vang, Hải Phòng, Việt Nam",Hải Phòng
56206943,Đình Vũ 3 MOTEL (Đinh Vu 3 MOTEL),"917 Phố Thiên Lôi Cầu Rào, Hải Phòng, Việt Nam",Hải Phòng
42980942,Căn hộ Sunset (Sunset Apartment),"05 The Lu Đường, Hong Bang Phường, Trung tâm Thành phố/chợ Sắt, Việt Nam",Hải Phòng
52088369,Homestay Cobalt House,"15 - Khu TĐC 6 The Lu - Ha Ly - Hong Bang - Hai Phong Hải Phòng, Trung tâm Thành phố/chợ Sắt, Việt Nam",Hải Phòng
78428724,Belvilla gần Lotte Mart (trước đây là Nam Phương Hoàng Hậu) (Belvilla Near Lotte Mart Formerly Nam Phuong Hoang Hau),"Vạn Hương, Hải Phòng, Việt Nam",Hải Phòng
54875439,2CE APARTMENT & HOTEL,"3 Ngõ 98 Văn Cao Ngã năm   Sân bay Cát Bi, Hải Phòng, Việt Nam",Hải Phòng
63161308,Khách sạn Hồng Ngọc (Hong Ngoc Hotel),"KL 28 ND3 03 Zone 1 International Tourist Area Do Dragon, Việt Nam",Hải Phòng
47136096,Khách sạn & Căn hộ Golden Joy (GOLDEN JOY HOTEL & APARTMENT),"GOLDEN JOY  Thượng Lý/Quán Toan, Số 162-163 Lô 4 Khu đô thị mới - Đường Hồng Bàng - Phường Sở Dầu - Q.Hồng Bàng, Hải Phòng, Việt Nam",Hải Phòng
66751483,Biệt thự Khue Le Bleu Hải Phòng (Khue Le Bleu Villa Hải Phòng ),"KL6.15, Hải Phòng, Việt Nam",Hải Phòng
67860471,"Nhà riêng m² 1 phòng ngủ, 1 phòng tắm riêng ở Thượng Lý/Quán Toan (malela homestay )","Hải Phòng, Trung tâm Thành phố/chợ Sắt, Việt Nam",Hải Phòng
5958746,Canh Hung Palace,"Số 32 khu đô thị mới, Hải Phòng, Việt Nam",Hải Phòng
36828409,Khách sạn The One (The One Hotel),"1 Đường Đỗ Nhuận, Hải Phòng, Việt Nam",Hải Phòng
78443272,Căn hộ Pi & Pu - Hoàng Huy Commerce (Pi & Pu Apartment- Hoang Huy Commerce),"Võ Nguyên Giáp, Hải Phòng, Việt Nam",Hải Phòng
63224342,Sunflower homestay (Sunflower Homestay Hải Phòng),"Hải Phòng, 2 Phường Nguyễn Khuyến, Trung tâm Thành phố/chợ Sắt, Việt Nam",Hải Phòng
65863251,Căn hộ dịch vụ & Khách sạn FLESTA Lạch Tray (FLESTA Lạch Tray Serviced Apartment & Hotel),"358 Lạch Tray Đằng Giang, Hải Phòng, Việt Nam",Hải Phòng
10218540,Đình Vũ 3 Motel (Đinh Vu 3 Motel),"917 Thiên Lôi Kênh Dương, Hải Phòng, Việt Nam",Hải Phòng
75791391,Quỳnh Tuyết Trang (Quynh Tuyet Trang),"701b Đường Lê Hồng Phong, Hải Phòng, Việt Nam",Hải Phòng
41698112,"Căn hộ 32 m² 1 phòng ngủ, 1 phòng tắm riêng ở Cầu Rào (Space Apartment and Homestay tại Vinhomes Marina)","Cầu Rào, Hải Phòng, Việt Nam",Hải Phòng
4973584,Khách sạn Đại Thành Phúc (Dai Thanh Phuc),"Lo 41   42, Hải Phòng, Việt Nam",Hải Phòng
79823811,Căn hộ Mopius Hoàng Huy Commerce Võ Nguyên Giáp (Hoàng Huy Commerce Võ Nguyên Giáp Mopius Apartment),"Hoang Huy Commerce, Hải Phòng, Việt Nam",Hải Phòng
79085014,"Nhà riêng m² 2 phòng ngủ, 2 phòng tắm riêng ở Khác (Loỏi’s house)","Hải Phòng, Trung tâm Thành phố/chợ Sắt, Việt Nam",Hải Phòng
76233685,Homestay Đồ Sơn - Cocochi (Homestay Đo Son - Cocochi),"Cocochi Homestay, Hải Phòng, Việt Nam",Hải Phòng
59730808,Lava Homestay Hải Phòng (Lava Homestay Hai Phong),"19/23 Phố Nguyễn Đức Cảnh Hải Phòng, Trung tâm Thành phố/chợ Sắt, Việt Nam",Hải Phòng
6253844,VIET 4 SEASONS HOTEL,"275 Lạch Tray Q. Ngô Quyền, Thành phố Hai Phòng, Việt Nam",Hải Phòng
2507447,Cozi Hotel,"83 Nguyen Trai Hải Phòng, Trung tâm Thành phố/chợ Sắt, Việt Nam",Hải Phòng
6152731,Khanh Phong Apartment PG02-20,"Hải Phòng, Trung tâm Thành phố/chợ Sắt, Hải Phòng, Việt Nam",Hải Phòng
79084095,"Nhà riêng m² 2 phòng ngủ, 2 phòng tắm riêng ở Trung tâm thành phố/chợ Sắt (Nhà Bông Homestay Hải Phòng)","Hải Phòng, Trung tâm Thành phố/chợ Sắt, Việt Nam",Hải Phòng
75944711,Merry House Bách Dương (Merry House Bach Duong),"136 Phụng Pháp Ngã năm   Sân bay Cát Bi, Phường Đằng Giang, Quận Ngô Quyền, Việt Nam",Hải Phòng
60540779,"Căn hộ 35 m² 1 phòng ngủ, 1 phòng tắm riêng ở Trung tâm thành phố/chợ Sắt (Green Camel - Netflix & More)","Hải Phòng, Trung tâm Thành phố/chợ Sắt, Việt Nam",Hải Phòng
3512393,Phuong Anh 3 Hotel,"No 107, Trung tâm Thành phố/chợ Sắt, Việt Nam",Hải Phòng
68239730,"Nhà riêng m² 1 phòng ngủ, 1 phòng tắm riêng ở Thượng Lý/Quán Toan (malela homestay)","Hải Phòng, Trung tâm Thành phố/chợ Sắt, Việt Nam",Hải Phòng
3009732,Pham Ha Hotel,"69/618 Ngo Gia Tu, Hải Phòng, Việt Nam",Hải Phòng
64835298,Uni Homestay 2,"Kênh Dương, 9 Ngõ 55 Phường Hoàng Ngọc Phách, Hải Phòng, Việt Nam",Hải Phòng
6476708,Thiên An Hotel (Thien An Hotel),"Lô 102 Khu Đô thị Đông Khê Mở Rộng, Trung tâm Thành phố/chợ Sắt, Hải Phòng, Việt Nam",Hải Phòng
21596730,BA CON ECH Home and Stay- No 28 lane 259 Nguyen Duc Canh,"20 Phố Nguyễn Đức Cảnh Thượng Lý/Quán Toan, Hải Phòng, Việt Nam",Hải Phòng
67798285,"m² 1 phòng ngủ, 1 phòng tắm riêng ở Thượng Lý/Quán Toan (malela homestay )","Thế Lữ, Trung tâm Thành phố/chợ Sắt, Việt Nam",Hải Phòng
72591747,Khách sạn Sunny (sunny hotel),"Đường Lý Thái Tổ, Hải Phòng, Việt Nam",Hải Phòng
44367470,"Nhà riêng 20 m² 1 phòng ngủ, 1 phòng tắm riêng ở Trung tâm thành phố/chợ Sắt (Holiday Hotel 2)","27 Đường Đỗ Nhuận, Hải Phòng, Việt Nam",Hải Phòng
36434279,Marina Golfview,"188 Nguyễn Hữu Cầu Bãi Biển Đồ Sơn, Hải Phòng, Việt Nam",Hải Phòng
59288300,Khách sạn & Căn hộ Gala (Gala Hotel & Apartment),"Truong Thanh, Việt Nam",Hải Phòng
74491946,Vu'Stay,"Thủy Triều, Hải Phòng, Việt Nam",Hải Phòng
26043750,Căn hộ Khánh Phong SHP Plaza (SHP Plaza Khanh Phong Homestay),"12 Lach Tray Apartment 1006, Trung tâm Thành phố/chợ Sắt, Việt Nam",Hải Phòng
63423563,Cozy Embassy Garden,"Đường Thanh Toán 2, Hải Phòng, Việt Nam",Hải Phòng
239419,Do Son Resort,"Khu 3, Hải Phòng, Việt Nam",Hải Phòng
61385349,X-Stay Thư Trung (X-Stay Thu Trung),"82d Thư Trung Ngã năm   Sân bay Cát Bi, Hải Phòng, Việt Nam",Hải Phòng
38511448,"Căn hộ 55 m² 1 phòng ngủ, 1 phòng tắm riêng ở Bãi Biển Đồ Sơn (MARINA APPARTMENT-RUBY STUDIO)","Bãi Biển Đồ Sơn, Hải Phòng, Việt Nam",Hải Phòng
74352367,GOLDEN RICE hoel,"Thôn Tử Đô nha 5 tang, Quận Tiên Lãng, Việt Nam",Hải Phòng
37783278,"Căn hộ 68 m² 2 phòng ngủ, 2 phòng tắm riêng ở Thượng Lý/Quán Toan (Homestay Honey Appartment - Hoàng Huy grand Tower )","Hoang Huy Grand Tower, Hải Phòng, Việt Nam",Hải Phòng
77639448,Cocochi Homestay Đồ Sơn (Cocochi Homestay Do Son),"17 Kim Long 3 Đường, Việt Nam",Hải Phòng
400747,Căn hộ cao cấp Trang Thanh (Trang Thanh Luxury Apartment),"Địa chỉ 16 Trần Phú, Quận Ngô Quyền, Việt Nam",Hải Phòng
16783218,King Hotel Hải Phòng (King Hotel Hai Phong),"Đâu Kiên Quốc Tuấn, Hải Phòng, Việt Nam",Hải Phòng
59274271,Blue Homestay Hải Phòng (Blue Homestay Hai Phong),"44e Phố Lê Lai Hải Phòng, Trung tâm Thành phố/chợ Sắt, Việt Nam",Hải Phòng
8607464,"Chung cư 60 m² 1 phòng ngủ, 1 phòng tắm riêng ở Ven sông - Sông Cấm/Cảng cũ (One bedroom apartment, next to the shopping mall)","Hải Phòng, Trung tâm Thành phố/chợ Sắt, Việt Nam",Hải Phòng
39970173,"Căn hộ 20 m² 1 phòng ngủ, 1 phòng tắm riêng ở Trung tâm thành phố/chợ Sắt (Sunflower Homestay (Bắc Âu1))","Hải Phòng, Trung tâm Thành phố/chợ Sắt, Việt Nam",Hải Phòng
28933150,Khách sạn Cozi 9 – Khách sạn Chủ Đề (Cozi 9 Hotel - Theme Hotel),"Lê Duẩn 141C, Hải Phòng, Việt Nam",Hải Phòng
38726951,"Căn hộ 35 m² 1 phòng ngủ, 1 phòng tắm riêng ở Thượng Lý/Quán Toan (Manhattan, Vin Imperia apartment)","Ven sông - Sông Cấm/Cảng cũ, Hải Phòng, Việt Nam",Hải Phòng
15632802,Khach San Tuong VI - le Hong Phong,"10 Le Hong Phong Ngo Quyen District, Dang Giang Phường, Hải Phòng, Việt Nam",Hải Phòng
41654317,Cosy homestay and apartment,"Thượng Lý/Quán Toan, Hải Phòng, Việt Nam",Hải Phòng
47160861,Khách sạn & Căn hộ Pandora (Pandora Hotel & Apartment),"Quán Toan, Hải Phòng, Việt Nam",Hải Phòng
60206151,C&K Luxury homestay Hải Phòng (C&K Luxury Homestay Hai Phong),"So 5, Trung tâm Thành phố/chợ Sắt, Việt Nam",Hải Phòng
78710886,Nhà nghỉ Nhật Minh Hải Phòng (Nhật Minh Motel Hải Phòng),"483 Đường 208, Phường An Hải, Hải Phòng, Việt Nam",Hải Phòng
56308782,Hotel Nam Sơn Tân Dương (Hotel Nam Son Tan Duong),"211 Tân Dương Thuỷ Nguyên, Hải Phòng, Việt Nam",Hải Phòng
40354583,Khách sạn Tuấn Nam (Khách Sạn Tuấn Nam),"Thượng Lý/Quán Toan, 246 Phường Ho  224 ng Minh Thảo, Hải Phòng, Việt Nam",Hải Phòng
288282,Khách sạn Hoàng Long - Trung tâm thành phố Hải Phòng (Hoang Long Hotel - Hai Phong City Center),"25 Trần Quang Khải Hồng B ng, Trung tâm Thành phố/chợ Sắt, Việt Nam",Hải Phòng
38585122,HAPPY HOMESTAY Đình Đông (HAPPY HOMESTAY Đinh Đong),"Hải Phòng, Trung tâm Thành phố/chợ Sắt, Việt Nam",Hải Phòng
51807477,V-Homestay,"Vinhomes Marina, Hải Phòng, Việt Nam",Hải Phòng
74595075,Nhà Nghỉ Gia Anh (Nha Nghi Gia Anh),"218 Đường xóm mới lô 222, Quận Kiến An, Việt Nam",Hải Phòng
28721755,Quỳnh Trang (Quynh Trang),"32 bồ đề xã thuỷ Đường, Hải Phòng, Việt Nam",Hải Phòng
79296666,Khách sạn SƠN NGUYÊN (SƠN NGUYÊN Hotel),"118 Quyết Thành, Huyện Thủy Nguyên, Hải Phòng, Việt Nam",Hải Phòng
64253366,"Nhà riêng 0 m² 1 phòng ngủ, 1 phòng tắm riêng ở Khác (Big Sale New Apartment 231 Van Cao LuxHomes)","Hải Phòng, Trung tâm Thành phố/chợ Sắt, Việt Nam",Hải Phòng
39788672,Ngoc Homestay Hoàng Huy Grand Tower (Ngoc Homestay Hoang Huy Grand Tower),"02 a Đường Hồng Bàng Hoàng Huy Grand Tower, Hải Phòng, Việt Nam",Hải Phòng
3007755,Holiday Hotel,"50/333 Van Cao Dang Lan, Hải Phòng, Việt Nam",Hải Phòng
78569195,"Nhà riêng m² 2 phòng ngủ, 2 phòng tắm riêng ở Cầu Rào (Pu home (Hoang Huy Commerce) - 2.5 sleeps - 2 wc)","Cầu Rào, Hải Phòng, Việt Nam",Hải Phòng
79292427,Lakeview 3Bedroom FarmhouseStyle Special Promo,"Hải Phòng, Trung tâm Thành phố/chợ Sắt, Việt Nam",Hải Phòng
67781686,"Căn hộ m² 2 phòng ngủ, 2 phòng tắm riêng ở Thượng Lý/Quán Toan (Gờ Homestay)","Thượng Lý/Quán Toan, Hải Phòng, Việt Nam",Hải Phòng
48044045,Khách sạn & Căn hộ Minh Anh (Minh Anh Hotel & Apartment),"Nguyễn Văn Hới, Hải Phòng, Việt Nam",Hải Phòng
72811875,DG Tower,"15 Phố Trần Phú Cầu Đất, Trung tâm Thành phố/chợ Sắt, Hải Phòng, Việt Nam",Hải Phòng
64863710,Luxury Hotel 2 HP- by BAY LUXURY,"381 Lô 22 Lê Hồng Phong Hải Phòng, Trung tâm Thành phố/chợ Sắt, Việt Nam",Hải Phòng
42403157,Ánh Dương Hotel Hải Phòng (Anh Duong Hotel Hai Phong),"Cầu Rào, 43 Ngô Kim Tài Phường Kênh Dương, Quận Lê Chân, Việt Nam",Hải Phòng
77056381,Nạ House - Homestay Đất Cảng (Na House - Homestay Đat Cang),"Hoang Huy Riverside Nhà 1, Hải Phòng, Việt Nam",Hải Phòng
77258572,"m² 1 phòng ngủ, 2 phòng tắm riêng ở Trung tâm thành phố/chợ Sắt (Nhà Bông - Homestay Hải Phòng)","Hải Phòng, Trung tâm Thành phố/chợ Sắt, Việt Nam",Hải Phòng
75136564,GolDen RiCe,"Hải Phòng, T1 tòa nhà Quận Tiên Lãng, Việt Nam",Hải Phòng
78138587,An Homestay,"Cầu Rào, Hải Phòng, Việt Nam",Hải Phòng
67493173,TC Homestay Apartment,"Toà Tulip Hoàng Huy Commerce, Hải Phòng, Việt Nam",Hải Phòng
45942865,GM Homestay,"312 Phố Tô Hiệu Số nhà 12, Trung tâm Thành phố/chợ Sắt, Việt Nam",Hải Phòng
75887721,"Homestay 1986 & Homestay Vinhomes Vu Yen, Hai Phong City","TLA-37 Đường Tương Lai, Hải Phòng, Việt Nam",Hải Phòng
59090362,cúc cu homestay 5 (cuc cu homestay 5),"80 Lãm Khê Cầu Rào, Hải Phòng, Việt Nam",Hải Phòng
61213334,Căn hộ Bắp Hải Phòng (Bap Apartment Hai Phong),"2A Hồng Bàng, Hải Phòng, Việt Nam",Hải Phòng
73966387,Katka Riverside Homestay Hai Phong,"OH02-10Dự án Hoàng Huy Riverside, Phường Thượng Lý, Hải Phòng, Việt Nam",Hải Phòng
13608266,Chung cư studio 25 m² có 1 phòng tắm riêng ở Ven sông - Sông Cấm/Cảng cũ (The Flamboyant - Standard Room @ Vinhomes Imperia),"Ven sông - Sông Cấm/Cảng cũ, Hải Phòng, Việt Nam",Hải Phòng
74602813,Nhà Nghỉ Mia (Nha Nghi Mia),"QL10, Hải Phòng, Việt Nam",Hải Phòng
78043942,homestay BlueSeavia Vin Vũ Yên - HP432 (homestay BlueSeavia Vin Vu Yen - HP432),"Đường Tài Lộc Vinhomes Vũ Yên, Hải Phòng, Việt Nam",Hải Phòng
62547879,Khách sạn & Căn hộ PHƯƠNG ĐÔNG (PHUONG DONG Hotel & Apartment),"19 Ng. 333A Văn Cao Đằng Lâm, Hải Phòng, Việt Nam",Hải Phòng
6853205,Biệt Thự Đồ Sơn - Biệt Thự Bảo Đại (Do Son Villa - Villa of Bao Dai King),"Zone 2, Van Huong Phường, Hải Phòng, Việt Nam",Hải Phòng
6349407,Royal Hotel,"98 Hai Phong, Việt Nam",Hải Phòng
78368922,Cobalt House,"04000-05000 Khu du lịch quốc tế Đồi Rồng Kim Long 2.23, Hải Phòng, Việt Nam",Hải Phòng
687047,Draco - Thang Long Hotel,"Số 2 Đường Hoàng Văn Thụ, Phường Minh Khai, Hải Phòng, Việt Nam",Hải Phòng
8468669,TRUNG KIÊN HOTEL (TRUNG KIEN HOTEL),"Trực Cát, Hải Phòng, Việt Nam",Hải Phòng
79852436,"Căn hộ m² 3 phòng ngủ, 2 phòng tắm riêng ở Cầu Rào (La Vue Homestay)","Cầu Rào, Hải Phòng, Việt Nam",Hải Phòng
40573257,"Căn hộ 80 m² 2 phòng ngủ, 2 phòng tắm riêng ở Cầu Rào (Flash Promo Super No1 Apt Vinhome Marina HP)","Cầu Rào, Hải Phòng, Việt Nam",Hải Phòng
41578481,"Nhà riêng 90 m² 3 phòng ngủ, 2 phòng tắm riêng ở Thượng Lý/Quán Toan (Hoang Huy Grand Tower - Jun's Apartment & Homestay)","Ven sông - Sông Cấm/Cảng cũ, Hải Phòng, Việt Nam",Hải Phòng
47149021,"Căn hộ 90 m² 2 phòng ngủ, 2 phòng tắm riêng ở Thượng Lý/Quán Toan (R401 ( MHT09-24))","Ven sông - Sông Cấm/Cảng cũ, Hải Phòng, Việt Nam",Hải Phòng
66225374,"Căn hộ 56 m² 2 phòng ngủ, 1 phòng tắm riêng ở Cầu Rào (Bống house - Hoàng Huy Commerce)","Cầu Rào, Hải Phòng, Việt Nam",Hải Phòng
47003760,Khách Sạn Nam Sơn (Khach San Nam Son),"8 Đường Lê Hồng Phong, Trung tâm Thành phố/chợ Sắt, Việt Nam",Hải Phòng
70941212,"Căn hộ 72 m² 2 phòng ngủ, 2 phòng tắm riêng ở Cầu Rào (Sứa’s Homestay)","Cầu Rào, Hải Phòng, Việt Nam",Hải Phòng
64863360,Luxury Hotel 1 HP- by BAY LUXURY,"Lo 8A - A2 So 17 Le Hong Phong, Trung tâm Thành phố/chợ Sắt, Hải Phòng, Việt Nam",Hải Phòng
37726734,Khách sạn Noblesse (Noblesse Hotel),"Km 11, Hải Phòng, Việt Nam",Hải Phòng
39820429,"Căn hộ 38 m² 2 phòng ngủ, 1 phòng tắm riêng ở Thượng Lý/Quán Toan (Homestay Honey Apppartment 03 - HHG Tower)","Thượng Lý/Quán Toan, Hải Phòng, Việt Nam",Hải Phòng
59338535,"Aa Home - HH Commerce, Le Chan, Hai Phong","Chung cư Hoàng Huy Commerce Võ Nguyên Giáp, Hải Phòng, Việt Nam",Hải Phòng
46882642,"Căn hộ 20 m² 1 phòng ngủ, 1 phòng tắm riêng ở Ven sông - Sông Cấm/Cảng cũ (Cozy central Flex room 2)","Ven sông - Sông Cấm/Cảng cũ, Hải Phòng, Việt Nam",Hải Phòng
61733458,"Căn hộ m² 2 phòng ngủ, 1 phòng tắm riêng ở Trung tâm thành phố/chợ Sắt (Séjour de luxe à Hải Phòng)","19 Le Hong Phong Đường, Trung tâm Thành phố/chợ Sắt, Hải Phòng, Việt Nam",Hải Phòng
31318413,Khách sạn và Căn hộ Kim (Kim Hotel and Apartment),"Long Son Urban Area - Quan Toan - Hong Bang Kim s  Kim s  Thượng Lý/Quán Toan, Hải Phòng, Việt Nam",Hải Phòng
63422349,"Căn hộ 72 m² 2 phòng ngủ, 2 phòng tắm riêng ở Trung tâm thành phố/chợ Sắt (The Mark)","Room 19, Trung tâm Thành phố/chợ Sắt, Hải Phòng, Việt Nam",Hải Phòng
59768842,"Căn hộ 35 m² 1 phòng ngủ, 1 phòng tắm riêng ở Ngã năm – Sân bay Cát Bi (X-Stay Neon)","Ngã năm   Sân bay Cát Bi, Hải Phòng, Việt Nam",Hải Phòng
78411599,Ok! Home chung cư Hoàng Huy commerce gần Aeon (Ok! Home chung cu Hoang Huy commerce gan Aeon),"Hoàng huy commerce, Hải Phòng, Việt Nam",Hải Phòng
50122018,Khách sạn An Tín (An Tin Hotel),"365 HK Waterfront Room 7, Vinh Niem Phường, Trung tâm Thành phố/chợ Sắt, Việt Nam",Hải Phòng
55295422,Hotel Nam Sơn Tân Dương (Hotel Nam Son Tan Duong),"211 Phố Mới Tân Dương, Hải Phòng, Việt Nam",Hải Phòng
8740518,Nhà nghỉ & Căn hộ Thùy Dương (Thuy Duong Motel & Apartments),"139 Nguyen Binh Đường, Hải Phòng, Việt Nam",Hải Phòng
26886810,Căn hộ S20 (S20 Apartment),"170 PHUONG LUU DONG HAI, Trung tâm Thành phố/chợ Sắt, Việt Nam",Hải Phòng
46883237,"Căn hộ 15 m² 1 phòng ngủ, 1 phòng tắm riêng ở Ven sông - Sông Cấm/Cảng cũ (Central Single Bed)","Ven sông - Sông Cấm/Cảng cũ, Hải Phòng, Việt Nam",Hải Phòng
64459949,"Căn hộ 55 m² 2 phòng ngủ, 2 phòng tắm riêng ở Trung tâm thành phố/chợ Sắt (Homestay couple)","Ngã năm   Sân bay Cát Bi, Hải Phòng, Việt Nam",Hải Phòng
37501125,LAD Apartment & Homestay Hải Phòng - Hoàng Huy Grand Tower (LAD Apartment & Homestay Hai Phong - Hoang Huy Grand Tower),"2 Đường Hồng Bàng, Hải Phòng, Việt Nam",Hải Phòng
79345617,"Nhà riêng m² 1 phòng ngủ, 1 phòng tắm riêng ở Khác (Căn hộ tuyệt vời tâm Thành phố 2!)","Hải Phòng, Trung tâm Thành phố/chợ Sắt, Việt Nam",Hải Phòng
6899511,Nhà nghỉ Mạnh Bình (Nha nghi Manh Binh),"59 Bình Kiều 2 quận Hải An, Phường Đông Hải 2, Hải Phòng, Việt Nam",Hải Phòng
28680393,Khách sạn Hoa Phượng (Hoa Phuong Hotel.),"44 Le Hong Phong Đường, Trung tâm Thành phố/chợ Sắt, Việt Nam",Hải Phòng
9593396,Khách Sạn & Căn Hộ Zen Riverside (Zen Riverside Hotel n Residences),"146 Mac Quyet str Đường Kinh Dist, Hải Phòng, Việt Nam",Hải Phòng
38071169,"Căn hộ 80 m² 2 phòng ngủ, 2 phòng tắm riêng ở Cầu Rào (Căn hộ 2 ngủ CHILL rẻ nhất Vin Marina 401HD106)","Cầu Rào, Hải Phòng, Việt Nam",Hải Phòng
72097783,Căn hộ Ann (Ann apartment),"Đằng Giang, 37 Phường Vũ Trọng Khánh, Hải Phòng, Việt Nam",Hải Phòng
79123246,The Muse 3,"Kim Long 1.36 Kl 1.36 Khu du lịch Quốc tế Đồi Rồng, Hải Phòng, Việt Nam",Hải Phòng
52007346,"Căn hộ 300 m² 1 phòng ngủ, 1 phòng tắm riêng ở Thượng Lý/Quán Toan (Halidao Homestay Hải Phòng)","Hải Phòng, Trung tâm Thành phố/chợ Sắt, Việt Nam",Hải Phòng
61381581,Khách sạn Hoàng Lâm (Hoang Lam Hotel),"Vạn Hoa, Hải Phòng, Việt Nam",Hải Phòng
53636514,Hotel Nam Sơn Tân Dương (Hotel Nam Son Tan Duong),"211 Phố Mới Tân Dương, Hải Phòng, Việt Nam",Hải Phòng
10941535,"Nhà mặt đất 75 m² 3 phòng ngủ, 2 phòng tắm riêng ở Trung tâm thành phố/chợ Sắt (MOONIE HOMESTAY - The hidden gem in center city)","Hải Phòng, Trung tâm Thành phố/chợ Sắt, Việt Nam",Hải Phòng
52057293,"Căn hộ 300 m² 1 phòng ngủ, 1 phòng tắm riêng ở Thượng Lý/Quán Toan (Halidao Homestay Hải Phòng)","Hải Phòng, Trung tâm Thành phố/chợ Sắt, Việt Nam",Hải Phòng
52007195,"Căn hộ 300 m² 1 phòng ngủ, 1 phòng tắm riêng ở Thượng Lý/Quán Toan (Halidao Homestay Hải Phòng)","Hải Phòng, Trung tâm Thành phố/chợ Sắt, Việt Nam",Hải Phòng
5811185,Hai Au Hotel,"Khu 2, Hải Phòng, Việt Nam",Hải Phòng
63870896,"Căn hộ 65 m² 2 phòng ngủ, 2 phòng tắm riêng ở Cầu Rào (TC Apartment & Homestay)","Võ Nguyên Giáp, Hải Phòng, Việt Nam",Hải Phòng
68415773,"Ấm cúng, hiện đại, tiện nghi 4! (Am cung, hien đai, tien nghi 4!)","Thượng Lý/Quán Toan, Hải Phòng, Việt Nam",Hải Phòng
58299952,"Căn hộ 83 m² 3 phòng ngủ, 2 phòng tắm riêng ở Thượng Lý/Quán Toan (Ấm cúng, hiện đại, tiện nghi 3!)","2A Sở Dầu Hoàng Huy Grand Tower, Hải Phòng, Việt Nam",Hải Phòng
59090335,Cuccu homestay 5,"Cầu Rào, Hải Phòng, Việt Nam",Hải Phòng
54165170,"Nhà trệt 50 m² 2 phòng ngủ, 2 phòng tắm riêng ở Trung tâm thành phố/chợ Sắt (Homestay Andy House)","Hải Phòng, Trung tâm Thành phố/chợ Sắt, Việt Nam",Hải Phòng
42360506,Nhà nghỉ Thiên Trang (Nha nghi Thien Trang),"262 Nguyễn Lương Bằng Hải Phòng, Quận Kiến An, Việt Nam",Hải Phòng
55906648,"Nhà riêng 83 m² 3 phòng ngủ, 2 phòng tắm riêng ở Thượng Lý/Quán Toan (Ấm cúng, hiện đại, tiện nghi 2!)","Thượng Lý/Quán Toan, Hải Phòng, Việt Nam",Hải Phòng
65962975,"Căn hộ 65 m² 2 phòng ngủ, 2 phòng tắm riêng ở Cầu Rào (SevenHomestay)","Võ Nguyên Giáp, Hải Phòng, Việt Nam",Hải Phòng
79568864,Khách sạn & căn hộ BOYUE (BOYUE hotel& apartment ),"Đằng Giang, 5 Lô 48 Phường Vũ Trọng Khánh, Hải Phòng, Việt Nam",Hải Phòng
43313294,"Nhà riêng 100 m² 3 phòng ngủ, 2 phòng tắm riêng ở Thượng Lý/Quán Toan (Am cung, hien dai, tien nghi!)","2 Đường Hồng Bàng, Hải Phòng, Việt Nam",Hải Phòng
42177337,"Căn hộ 68 m² 2 phòng ngủ, 2 phòng tắm riêng ở Thượng Lý/Quán Toan (Cosy city view)","Thượng Lý/Quán Toan, Hải Phòng, Việt Nam",Hải Phòng
73950165,"Nhà riêng 70 m² 2 phòng ngủ, 2 phòng tắm riêng ở Cầu Rào (X-Stay Cine)","Cầu Rào, Hải Phòng, Việt Nam",Hải Phòng
68033951,Golden Moon Hotel TP,"Thon Tu Do xa Thuy Son, Quận Tiên Lãng, Việt Nam",Hải Phòng
78719395,"Nhà riêng m² 5 phòng ngủ, 6 phòng tắm riêng ở Bãi Biển Đồ Sơn (Sea la vie - Do Son Beach Homestay)","Bãi Biển Đồ Sơn, Hải Phòng, Việt Nam",Hải Phòng
72032481,"Căn hộ 60 m² 1 phòng ngủ, 1 phòng tắm riêng ở Trung tâm thành phố/chợ Sắt (Seven Homestay )","19 Đường Lê Hồng Phong, Trung tâm Thành phố/chợ Sắt, Hải Phòng, Việt Nam",Hải Phòng
46749774,Khách sạn Alee Hải Phòng (Alee Haiphong Hotel),"Room HA 03.03, Vinh Niem Phường, Hải Phòng, Việt Nam",Hải Phòng
46749778,Khách sạn GreenHome (GreenHome Hotel),"16 Đồng Thiện Cầu Rào, Hải Phòng, Việt Nam",Hải Phòng
46604598,Motel Đức Tuân 2 (Duc Tuan 2 Motel ),"416 Alley 40, Hải Phòng, Việt Nam",Hải Phòng
46604600,Khách sạn DT Hải Phòng (DT Hotel Hai Phong),"54 Đông Trà Thượng Lý/Quán Toan, Hải Phòng, Việt Nam",Hải Phòng
65765052,"Căn hộ m² 1 phòng ngủ, 1 phòng tắm riêng ở Ven sông - Sông Cấm/Cảng cũ (Khánh Phong Apartment PG02-20 Vincom LTT)","Hải Phòng, Trung tâm Thành phố/chợ Sắt, Việt Nam",Hải Phòng
79345620,"Nhà riêng m² 2 phòng ngủ, 1 phòng tắm riêng ở Thượng Lý/Quán Toan (Căn hộ tuyệt vời trung tâm thành phố!)","Thượng Lý/Quán Toan, Hải Phòng, Việt Nam",Hải Phòng
72098030,"Nhà riêng m² 1 phòng ngủ, 1 phòng tắm riêng ở Trung tâm thành phố/chợ Sắt (Ann apartment)","Ngã năm   Sân bay Cát Bi, Hải Phòng, Việt Nam",Hải Phòng
73952856,"Nhà riêng 138 m² 1 phòng ngủ, 2 phòng tắm riêng ở Khác (Large 3 Bedroom Apartment SHP Plaza Building)","Hải Phòng, Trung tâm Thành phố/chợ Sắt, Việt Nam",Hải Phòng
65765046,"Căn hộ m² 3 phòng ngủ, 2 phòng tắm riêng ở Khác (3 Bedroom SHP Khánh Phong Homestay Model Style)","Hải Phòng, Trung tâm Thành phố/chợ Sắt, Việt Nam",Hải Phòng
49684864,"Căn hộ 55 m² 2 phòng ngủ, 1 phòng tắm riêng ở Cầu Rào (Chippie House)","Cầu Rào, Hải Phòng, Việt Nam",Hải Phòng
78762315,"Căn hộ nhà Mopius 1 phòng ngủ, 1 phòng tắm ở toà Camellia 2, Hoàng Huy Võ Nguyên Giáp (Apartment 1 sleeping 1 wc Camellia 2)","Cầu Rào, Hải Phòng, Việt Nam",Hải Phòng
51754951,Sun Residence,"Dang Lam, 386 Phường Van Cao, Hải Phòng, Việt Nam",Hải Phòng
69732872,Thuý Apartment Hải Phòng,"55 Đường 4, Hải Phòng, Việt Nam",Hải Phòng
15919376,Khu phố Water Front (Khu pho Water Front),"HK14 - Khu đô thị ven sông Lạch Tray (khu Water Front) số nhà 66, Hải Phòng, Việt Nam",Hải Phòng
78762318,"Căn hộ nhà Mopius 2 phòng ngủ, 2 phòng tắm ở toà Camellia 1, Hoàng Huy Võ Nguyên Giáp (Apartment 2 ngủ 2wc Camellia)","Cầu Rào, Hải Phòng, Việt Nam",Hải Phòng
78346597,X-Stay Da Nang,"291 Da Nang Ngo Quyen Hải Phòng, Trung tâm Thành phố/chợ Sắt, Việt Nam",Hải Phòng
79293156,Chic Boho 3BR Retreat Lakefront View,"Hải Phòng, Trung tâm Thành phố/chợ Sắt, Việt Nam",Hải Phòng
31632350,"Căn hộ 17 m² 1 phòng ngủ, 1 phòng tắm riêng ở Trung tâm thành phố/chợ Sắt (Hotel nam sơn)","Hải Phòng, Trung tâm Thành phố/chợ Sắt, Việt Nam",Hải Phòng
16724427,"Căn hộ 30 m² 1 phòng ngủ, 1 phòng tắm riêng ở Khu đô thị Ngã Năm - sân bay Cát Bi (vip room)","Ngã năm   Sân bay Cát Bi, Hải Phòng, Việt Nam",Hải Phòng
33030734,"Căn hộ 20 m² 1 phòng ngủ, 1 phòng tắm riêng ở Trung tâm thành phố/chợ Sắt (Khách Sạn Nam sơn)","Hải Phòng, Trung tâm Thành phố/chợ Sắt, Việt Nam",Hải Phòng
7471185,Le Thanh Hotel,"Quốc Lộ 5, Xã Tân Tiến, Huyện An Dương, Việt Nam",Hải Phòng
59336824,"Căn hộ 59 m² 2 phòng ngủ, 1 phòng tắm riêng ở Thượng Lý/Quán Toan (Homestay Thu vivu- Hoàng Huy Grand Tower)","Thượng Lý/Quán Toan, Hải Phòng, Việt Nam",Hải Phòng
74352224,X-Stay 2908 Lotus,"Cầu Rào, Hải Phòng, Việt Nam",Hải Phòng
39687939,"Căn hộ 40 m² 1 phòng ngủ, 1 phòng tắm riêng ở Trung tâm thành phố/chợ Sắt (Căn hộ SAKURA 1 Ngủ)","Ngã năm   Sân bay Cát Bi, Hải Phòng, Việt Nam",Hải Phòng
34389345,"Căn hộ 40 m² 1 phòng ngủ, 1 phòng tắm riêng ở Trung tâm thành phố/chợ Sắt (Perfect Sakura apartment full services Swimming)","Ngã năm   Sân bay Cát Bi, Hải Phòng, Việt Nam",Hải Phòng
52272594,"Căn hộ 72 m² 2 phòng ngủ, 2 phòng tắm riêng ở Cầu Rào (TOM Homestay )","Cầu Rào, Hải Phòng, Việt Nam",Hải Phòng
31480784,"Nhà trệt 130 m² 10 phòng ngủ, 10 phòng tắm riêng ở Trung tâm thành phố/chợ Sắt (thoải mái vô tư sạch sẽ an tâm)","Hải Phòng, Trung tâm Thành phố/chợ Sắt, Việt Nam",Hải Phòng
37138365,"Căn hộ 30 m² 1 phòng ngủ, 1 phòng tắm riêng ở Cầu Rào (Sweet home)","Cầu Rào, Hải Phòng, Việt Nam",Hải Phòng
78341585,Phuong Hoang Hotel HP by BAY LUXURY,"Thượng Lý/Quán Toan, Hải Phòng, Việt Nam",Hải Phòng
59768960,"Căn hộ 25 m² 1 phòng ngủ, 1 phòng tắm riêng ở Ngã năm – Sân bay Cát Bi (X-Stay Argon)","Ngã năm   Sân bay Cát Bi, Hải Phòng, Việt Nam",Hải Phòng
53760402,Hotel Nam Sơn Tân Dương (Hotel Nam Son Tan Duong),"211 phố Mới Tân Dương, Hải Phòng, Việt Nam",Hải Phòng
77460897,Thien Anh Hai Phong,"No.3, Cau Dat Phường, Trung tâm Thành phố/chợ Sắt, Việt Nam",Hải Phòng
78328469,X-Stay 2908 Lotus,"Võ Nguyên Giáp Lê Chân, Hải Phòng, Việt Nam",Hải Phòng
52057479,"Căn hộ 300 m² 1 phòng ngủ, 1 phòng tắm riêng ở Thượng Lý/Quán Toan (Halidao Homestay Hải Phòng)","Hải Phòng, Trung tâm Thành phố/chợ Sắt, Việt Nam",Hải Phòng
48750742,"Căn hộ 76 m² 3 phòng ngủ, 2 phòng tắm riêng ở Thượng Lý/Quán Toan (Happy homestay )","Thượng Lý/Quán Toan, Hải Phòng, Việt Nam",Hải Phòng
55842848,"Căn hộ 73 m² 2 phòng ngủ, 2 phòng tắm riêng ở Thượng Lý/Quán Toan (Happy homestay )","2A Đường Hồng Bàng, Hải Phòng, Việt Nam",Hải Phòng
61423960,"Căn hộ 50 m² 1 phòng ngủ, 1 phòng tắm riêng ở Ven sông - Sông Cấm/Cảng cũ (MiMi Homestay Classic Room VN - 4pers-2Kingbeds)","Hải Phòng, Trung tâm Thành phố/chợ Sắt, Việt Nam",Hải Phòng
36450822,"Căn hộ 25 m² 1 phòng ngủ, 1 phòng tắm riêng ở Bãi Biển Đồ Sơn (Mini Cozy Room)","Bãi Biển Đồ Sơn, Hải Phòng, Việt Nam",Hải Phòng
76735281,97Homestay,"Cầu Rào, Hải Phòng, Việt Nam",Hải Phòng
78762314,"Căn hộ nhà Mopius 2 phòng ngủ, 2 phòng tắm ở toà Camellia 2, Hoàng Huy Võ Nguyên Giáp (Apartment 2 bedrooms 2 wc Camellia 2)","Cầu Rào, Hải Phòng, Việt Nam",Hải Phòng
61199911,"Căn hộ 37 m² 1 phòng ngủ, 1 phòng tắm riêng ở Trung tâm thành phố/chợ Sắt (Happy house)","Hải Phòng, Trung tâm Thành phố/chợ Sắt, Việt Nam",Hải Phòng
78611912,Nhà Nghỉ Hùng Ngà (Nha Nghi Hung Nga),"80 Kim Liên Ngã năm   Sân bay Cát Bi, Hải Phòng, Việt Nam",Hải Phòng
74452852,Candy Hotel,"5/4 Đường Hùng Vương, Hải Phòng, Việt Nam",Hải Phòng
78511481,"Nhà riêng m² 2 phòng ngủ, 2 phòng tắm riêng ở Trung tâm thành phố/chợ Sắt (2 bedrooms apartment in Luong Khanh Thien)","Hải Phòng, Trung tâm Thành phố/chợ Sắt, Việt Nam",Hải Phòng
64253378,"Nhà riêng 0 m² 1 phòng ngủ, 2 phòng tắm riêng ở Khác (The LuxHomes 2bedroom Vinhome Marina T4.HD106)","Hải Phòng, Trung tâm Thành phố/chợ Sắt, Việt Nam",Hải Phòng
2107347,Hanvet Hotel Do Son,"Area 1, Van Huong Phường, Hải Phòng, Việt Nam",Hải Phòng
61248689,MiMi Homestay Hải Phòng (MiMi Homestay Hai Phong),"44e Phố Lê Lai Hải Phòng, Trung tâm Thành phố/chợ Sắt, Việt Nam",Hải Phòng
80566353,"Nhà riêng m² 1 phòng ngủ, 1 phòng tắm riêng ở Cầu Rào (Gờ Homestay - Giường King - Trung tâm thành phố)","Cầu Rào, Hải Phòng, Việt Nam",Hải Phòng
76673251,"Căn hộ m² 2 phòng ngủ, 2 phòng tắm riêng ở Cầu Rào (Green Home)","Cầu Rào, Hải Phòng, Việt Nam",Hải Phòng
21139528,"Căn hộ 60 m² 5 phòng ngủ, 1 phòng tắm riêng ở Cầu Rào (Venus)","Cầu Rào, Hải Phòng, Việt Nam",Hải Phòng
75880782,Hương Sen Hotel Hải Phòng (Huong Sen Hotel Hai Phong),"Khu chung cư Phạm Ngọc Đa, Huyện Tiên Lãng, Việt Nam",Hải Phòng
78762313,"Căn hộ nhà Mopius 1 phòng ngủ, 1 phòng tắm ở toà Camellia 1, Hoàng Huy Võ Nguyên Giáp (Apartment 1 ngủ 1 wc Camellia 1)","Cầu Rào, Hải Phòng, Việt Nam",Hải Phòng
79556459,The Nếp House (The Nep House),"Khách Sạn The Nếp House, Hải Phòng, Việt Nam",Hải Phòng
78762317,"Căn hộ nhà Mopius 1 phòng ngủ, 1 phòng tắm ở toà Lotus, Hoàng Huy Võ Nguyên Giáp (Apartment 1 Bedroom 1 wc Lotus)","Cầu Rào, Hải Phòng, Việt Nam",Hải Phòng
74494838,"m² 5 phòng ngủ, 5 phòng tắm riêng ở Ven sông - Sông Cấm/Cảng cũ (Vu' Stay)","Ven sông - Sông Cấm/Cảng cũ, Hải Phòng, Việt Nam",Hải Phòng
30177172,Khách sạn Ngọc Sơn (Ngoc Son Hotel),"101 Hạ Đoạn 2 đông hai 2 Ngã năm   Sân bay Cát Bi, Hải Phòng, Việt Nam",Hải Phòng
37843051,"Nhà riêng 68 m² 2 phòng ngủ, 2 phòng tắm riêng ở Thượng Lý/Quán Toan (Honey Apppartment 02 - Hoàng Huy Grand Tower)","Thượng Lý/Quán Toan, Hải Phòng, Việt Nam",Hải Phòng
13594046,"Chung cư 25 m² 1 phòng ngủ, 1 phòng tắm riêng ở Trung tâm thành phố/chợ Sắt (Special price R201 HK apartment bigc branch)","Hải Phòng, Trung tâm Thành phố/chợ Sắt, Việt Nam",Hải Phòng
36918364,"Căn hộ 60 m² 2 phòng ngủ, 2 phòng tắm riêng ở Thượng Lý/Quán Toan (Ky’s Home)","Ven sông - Sông Cấm/Cảng cũ, Hải Phòng, Việt Nam",Hải Phòng
58638246,"Nhà trệt 75 m² 2 phòng ngủ, 2 phòng tắm riêng ở Thượng Lý/Quán Toan (2 phòng studio cùng tầng duy nhất cho 4 người )","Ven sông - Sông Cấm/Cảng cũ, Hải Phòng, Việt Nam",Hải Phòng
58291011,HOMESTAY nhà Trang (HOMESTAY nha Trang),"Thượng Lý/Quán Toan, Hải Phòng, Việt Nam",Hải Phòng
55660909,JOYCE-Celia 34,"Cầu Rào, Hải Phòng, Việt Nam",Hải Phòng
78585606,Romaji House,"Cầu Rào, Hải Phòng, Việt Nam",Hải Phòng
42033709,"Căn hộ 55 m² 2 phòng ngủ, 2 phòng tắm riêng ở Cầu Rào (D'Joyce Homestay & Apartment - Liana Home)","Cầu Rào, Hải Phòng, Việt Nam",Hải Phòng
77626630,Na's Homestay Hải Phòng (Na's Homestay Hai Phong),"3/3 Trần Quang Khải Hải Phòng, Phường Phường Hồng Bàng, Trung tâm Thành phố/chợ Sắt, Việt Nam",Hải Phòng
49990153,Hotel Nam Sơn (Hotel Nam Son),"25 Đồng Cau Thị trấn Núi Đèo, Hải Phòng, Việt Nam",Hải Phòng
47149035,"Căn hộ 40 m² 1 phòng ngủ, 1 phòng tắm riêng ở Thượng Lý/Quán Toan (Căn Hộ Đẹp Sang Trọng Giá Rẻ Vinhome R302 (09-15))","Ven sông - Sông Cấm/Cảng cũ, Hải Phòng, Việt Nam",Hải Phòng
77138911,Méow Homestays (Meow Homestays),"Hải Phòng, Trung tâm Thành phố/chợ Sắt, Việt Nam",Hải Phòng
45153251,Sunset Apartment in Hai Phong,"Thượng Lý/Quán Toan, Hải Phòng, Việt Nam",Hải Phòng
52007572,"Căn hộ 300 m² 1 phòng ngủ, 1 phòng tắm riêng ở Thượng Lý/Quán Toan (Halidao Homestay Hải Phòng)","Hải Phòng, Trung tâm Thành phố/chợ Sắt, Việt Nam",Hải Phòng
78544703,Sao Mai,"384 Nguyễn Văn Linh Lê Chân, Hải Phòng, Việt Nam",Hải Phòng
75667376,HoTel Ven Hồ (HoTel Ven Ho),"T1 toa 4 tang, Quận Tiên Lãng, Việt Nam",Hải Phòng
61710063,"Căn hộ m² 1 phòng ngủ, 1 phòng tắm riêng ở Thượng Lý/Quán Toan (Standard studio 25 m 2 )","Hải Phòng, Trung tâm Thành phố/chợ Sắt, Việt Nam",Hải Phòng
61423244,"Căn hộ 50 m² 1 phòng ngủ, 1 phòng tắm riêng ở Ven sông - Sông Cấm/Cảng cũ (MiMi Homestay Family Room 6pers- 2 Super King beds)","Hải Phòng, Trung tâm Thành phố/chợ Sắt, Việt Nam",Hải Phòng
61710057,"Căn hộ m² 1 phòng ngủ, 1 phòng tắm riêng ở Thượng Lý/Quán Toan (Studio deluxe 25 m2 )","Ven sông - Sông Cấm/Cảng cũ, Hải Phòng, Việt Nam",Hải Phòng
35765405,"Căn hộ 45 m² 1 phòng ngủ, 1 phòng tắm riêng ở Ngã Năm / Cát Bi Airport (Legend House)","Ngã năm   Sân bay Cát Bi, Hải Phòng, Việt Nam",Hải Phòng
71486720,Trang Thanh Apartment,"Tran Phu, Trung tâm Thành phố/chợ Sắt, Việt Nam",Hải Phòng
59142168,"Căn hộ 70 m² 2 phòng ngủ, 2 phòng tắm riêng ở Cầu Rào (JL homestay căn hộ 2pn 2wc Hoàng Huy Commerce )","Cầu Rào, Hải Phòng, Việt Nam",Hải Phòng
16133245,"Biệt thự 100 m² 5 phòng ngủ, 5 phòng tắm riêng ở Ven sông - Sông Cấm/Cảng cũ (Vinhomes Imperia villa 6 bedrooms)","Ven sông - Sông Cấm/Cảng cũ, Hải Phòng, Việt Nam",Hải Phòng
21918168,"Căn hộ 45 m² 1 phòng ngủ, 1 phòng tắm riêng ở Cầu Rào (SAOLA Apartment Le Chan, Haiphong, 202)","Cầu Rào, Hải Phòng, Việt Nam",Hải Phòng
47149005,"Căn hộ 45 m² 1 phòng ngủ, 1 phòng tắm riêng ở Thượng Lý/Quán Toan (R301 ( MHT09-24))","Ven sông - Sông Cấm/Cảng cũ, Hải Phòng, Việt Nam",Hải Phòng
49696673,"Nhà riêng 100 m² 2 phòng ngủ, 1 phòng tắm riêng ở Cầu Rào (X-Stay Double Lê Chân)","Cầu Rào, Hải Phòng, Việt Nam",Hải Phòng
53633516,"Căn hộ 50 m² 1 phòng ngủ, 1 phòng tắm riêng ở Quận Hoàn Kiếm - Hàng Bông/Quán Sứ (Home Sweet Home)","Hải Phòng, Trung tâm Thành phố/chợ Sắt, Việt Nam",Hải Phòng
78186687,"Căn hộ m² 2 phòng ngủ, 2 phòng tắm riêng ở Thượng Lý/Quán Toan (Cam's House - Homestay Hải Phòng)","Ven sông - Sông Cấm/Cảng cũ, Hải Phòng, Việt Nam",Hải Phòng
54872762,"Căn hộ 100 m² 1 phòng ngủ, 1 phòng tắm riêng ở Trung tâm thành phố/chợ Sắt (2CE APARTMENT & HOTEL)","Ngã năm   Sân bay Cát Bi, Hải Phòng, Việt Nam",Hải Phòng
66846598,"Căn hộ m² 1 phòng ngủ, 1 phòng tắm riêng ở Cầu Rào (Friendly apt)","Ngã năm   Sân bay Cát Bi, Hải Phòng, Việt Nam",Hải Phòng
42092719,Meliá Vinpearl Hai Phong Rivera,"Manhattan 9 Đường, Việt Nam",Hải Phòng
79077431,Tom Homestay Hải Phòng (Tom Homestay Hai Phong),"Cầu Rào, Hải Phòng, Việt Nam",Hải Phòng
39422613,"Căn hộ 25 m² 1 phòng ngủ, 1 phòng tắm riêng ở Cầu Rào (HappyHome)","Cầu Rào, Hải Phòng, Việt Nam",Hải Phòng
62152352,SH17 Villa Hải Phòng (SH17 Villa Hai Phong),"SH17 Vinhome Marina, Hải Phòng, Việt Nam",Hải Phòng
79345207,Avani Hai Phong Harbour View,"12 Tran Phu Đường, Hải Phòng, Việt Nam",Hải Phòng
45568649,Khách Sạn Nam Sơn (Khach San Nam Son),"8a Lê Hồng Phong Số 18 Lô 8A2 Lê Hồng Phong, Trung tâm Thành phố/chợ Sắt, Hải Phòng, Việt Nam",Hải Phòng
34092604,Khách Sạn Nam Sơn (Khach San Nam Son),"18 lô 8A, Trung tâm Thành phố/chợ Sắt, Hải Phòng, Việt Nam",Hải Phòng
16259377,Lotus House,"Ngoc Lien Dai ha Kien Thuy, Hải Phòng, Việt Nam",Hải Phòng
52210543,"Căn hộ 45 m² 2 phòng ngủ, 1 phòng tắm riêng ở Cầu Rào (Hai phong Friendly Apartment)","Ngã năm   Sân bay Cát Bi, Hải Phòng, Việt Nam",Hải Phòng
78762316,"Căn hộ nhà Mopius 2 phòng ngủ, 2 phòng tắm ở toà Lotus, Hoàng Huy Võ Nguyên Giáp (Apartment 2 Bedroom 2wc Lotus)","Cầu Rào, Hải Phòng, Việt Nam",Hải Phòng
76937855,"Căn hộ m² 2 phòng ngủ, 1 phòng tắm riêng ở Cầu Rào (Green Home 2)","Cầu Rào, Hải Phòng, Việt Nam",Hải Phòng
10149919,"Chung cư 35 m² 1 phòng ngủ, 1 phòng tắm riêng ở Thượng Lý/Quán Toan (Vinhomes Serviced Apartment high quality 3)","Thượng Lý/Quán Toan, Hải Phòng, Việt Nam",Hải Phòng
76734407,"Nhà riêng m² 1 phòng ngủ, 2 phòng tắm riêng ở Cầu Rào (Happy Home Apartment & Homestay)","Cầu Rào, Hải Phòng, Việt Nam",Hải Phòng
13608637,"Chung cư 15 m² 1 phòng ngủ, 1 phòng tắm riêng ở Thượng Lý/Quán Toan (Rainbow Apartments)","Thượng Lý/Quán Toan, Hải Phòng, Việt Nam",Hải Phòng
39806972,"Căn hộ 40 m² 1 phòng ngủ, 1 phòng tắm riêng ở Trung tâm thành phố/chợ Sắt (Căn Hộ VIP Sakura 193 Văn Cao supper large)","Ngã năm   Sân bay Cát Bi, Hải Phòng, Việt Nam",Hải Phòng
76261053,"Căn hộ m² 1 phòng ngủ, 1 phòng tắm riêng ở Khác (Luna’s Homestay )","Hải Phòng, Trung tâm Thành phố/chợ Sắt, Việt Nam",Hải Phòng
59002672,LeeVy Hai Phong,"Võ Nguyên Giáp, Hải Phòng, Việt Nam",Hải Phòng
39686583,"Căn hộ 45 m² 2 phòng ngủ, 2 phòng tắm riêng ở Trung tâm thành phố/chợ Sắt (Căn hộ SAKURA 2 Ngủ)","Ngã năm   Sân bay Cát Bi, Hải Phòng, Việt Nam",Hải Phòng
36830259,"Căn hộ 80 m² 1 phòng ngủ, 1 phòng tắm riêng ở Ven sông - Sông Cấm/Cảng cũ (Stay 1986)","Hải Phòng, Trung tâm Thành phố/chợ Sắt, Việt Nam",Hải Phòng
10946562,"Nhà mặt đất 25 m² 1 phòng ngủ, 1 phòng tắm riêng ở Khu đô thị Ngã Năm - sân bay Cát Bi (HyminHome)","Ngã năm   Sân bay Cát Bi, Hải Phòng, Việt Nam",Hải Phòng
65561493,"Căn hộ m² 3 phòng ngủ, 1 phòng tắm riêng ở Khác (Cozihotel)","Hải Phòng, Trung tâm Thành phố/chợ Sắt, Việt Nam",Hải Phòng
18526823,"Căn hộ 150 m² 20 phòng ngủ, 20 phòng tắm riêng ở Khu đô thị Ngã Năm - sân bay Cát Bi (Sương giang hotel)","Ngã năm   Sân bay Cát Bi, Hải Phòng, Việt Nam",Hải Phòng
78200358,Anmie Home - Hoàng Huy CMC Camelia (Anmie Home - Hoang Huy CMC Camelia),"Cầu Rào, Hải Phòng, Việt Nam",Hải Phòng
78700526,Ari Apartment cùng bạn khám phá foodtour Hải Phòng (Ari Apartment cung ban kham pha foodtour Hai Phong),"Thượng Lý/Quán Toan, Hải Phòng, Việt Nam",Hải Phòng
65765051,"Căn hộ m² 1 phòng ngủ, 1 phòng tắm riêng ở Ven sông - Sông Cấm/Cảng cũ (Studio PG02-20 KP Apartment Neo classic.)","Hải Phòng, Trung tâm Thành phố/chợ Sắt, Việt Nam",Hải Phòng
55661215,JOYCE-Celia 25,"Cầu Rào, Hải Phòng, Việt Nam",Hải Phòng
79084039,"Nhà riêng m² 1 phòng ngủ, 3 phòng tắm riêng ở Khác (Khanh Phong Apartment Vin Vu Yen 3 Bedroom)","Hải Phòng, Trung tâm Thành phố/chợ Sắt, Việt Nam",Hải Phòng
79884214,HAMA HOUSE Lạch Tray (HAMA HOUSE Lach Tray),"30/2 Nguyễn Văn Linh số 30 Ngõ 2 Nguyễn Văn Linh Thượng Lý/Quán Toan, Hải Phòng, Việt Nam",Hải Phòng
61404353,"Căn hộ m² 2 phòng ngủ, 2 phòng tắm riêng ở Cầu Rào (Chuỗi căn hộ cc The Minato Residence Hải Phòng)","Cầu Rào, Hải Phòng, Việt Nam",Hải Phòng
47648201,"Căn hộ 65 m² 2 phòng ngủ, 2 phòng tắm riêng ở Thượng Lý/Quán Toan (Blue House Apartment & Homestay)","Thượng Lý/Quán Toan, Hải Phòng, Việt Nam",Hải Phòng
37333260,"Căn hộ 90 m² 1 phòng ngủ, 1 phòng tắm riêng ở Cầu Rào (Khánh Linh Hotel )","Ngã năm   Sân bay Cát Bi, Hải Phòng, Việt Nam",Hải Phòng
47148994,"Căn hộ 45 m² 1 phòng ngủ, 1 phòng tắm riêng ở Phước Mỹ (R301 ( MHT09-15))","Hải Phòng, Trung tâm Thành phố/chợ Sắt, Việt Nam",Hải Phòng
78706354,Khách sạn Cat Ba Friendly (Cat Ba Friendly hotel),"192 N i Ngọc Cát Bà, Hải Phòng, Việt Nam",Hải Phòng
80448769,"Nhà riêng m² 2 phòng ngủ, 2 phòng tắm riêng ở Trung tâm thành phố/chợ Sắt (căn hộ tiện nghi trung tâm phố cổ Hải Phòng)","Hải Phòng, Trung tâm Thành phố/chợ Sắt, Việt Nam",Hải Phòng
21918164,"SAOLA Apartment Le Chan, Haiphong, 301","Cầu Rào, Hải Phòng, Việt Nam",Hải Phòng
62143586,"Nhà riêng 75 m² 2 phòng ngủ, 2 phòng tắm riêng ở Ngã năm – Sân bay Cát Bi (Two bedrooms Apt. in Diamond Crown tower (1923))","Ngã năm   Sân bay Cát Bi, Hải Phòng, Việt Nam",Hải Phòng
34383065,"Căn hộ 40 m² 1 phòng ngủ, 1 phòng tắm riêng ở Trung tâm thành phố/chợ Sắt (Relax & Beautiful Apartment for weekend at Van Cao)","Ngã năm   Sân bay Cát Bi, Hải Phòng, Việt Nam",Hải Phòng
61200042,"Căn hộ 30 m² 1 phòng ngủ, 1 phòng tắm riêng ở Cầu Rào (Homestay HP)","Cầu Rào, Hải Phòng, Việt Nam",Hải Phòng
70752304,KATKA - Muffin Room,"Thượng Lý/Quán Toan, Hải Phòng, Việt Nam",Hải Phòng
10614251,"Nhà mặt đất 20 m² 1 phòng ngủ, 1 phòng tắm riêng ở Trung tâm thành phố/chợ Sắt (Khanh Phong Apartment PG02-20 Vincom Shophouse)","Hải Phòng, Trung tâm Thành phố/chợ Sắt, Việt Nam",Hải Phòng
61423186,"Căn hộ 50 m² 1 phòng ngủ, 1 phòng tắm riêng ở Ven sông - Sông Cấm/Cảng cũ (MiMi Homestay-Delux room for 4 persons-2King beds)","Hải Phòng, Trung tâm Thành phố/chợ Sắt, Việt Nam",Hải Phòng
13759577,Chung cư studio 30 m² có 1 phòng tắm riêng ở Ven sông - Sông Cấm/Cảng cũ (The Flamboyant - Deluxe Room @ Vinhomes Imperia),"Ven sông - Sông Cấm/Cảng cũ, Hải Phòng, Việt Nam",Hải Phòng
56865071,"Căn hộ 67 m² 2 phòng ngủ, 2 phòng tắm riêng ở Cầu Rào (Happy House)","Cầu Rào, Hải Phòng, Việt Nam",Hải Phòng
36927243,Khách sạn Bông Sen (Khách Sạn Bông Sen),"60 Trần Hưng Đạo Vị Thanh, Việt Nam",Hậu Giang
33242039,Tru by Hilton Trung tâm thành phố Hậu Giang (Tru by Hilton Hau Giang City Centre),"16a Nguyen Cong Tru Vị Thanh, 01 Phường, Việt Nam",Hậu Giang
79391873,Thảo Tiên Vị Thanh (Thao Tien Vi Thanh),"131-133 Nguyên Hồng Vị Thanh, Việt Nam",Hậu Giang
37504990,Ann Village (Glamping),"Ong Tiem Bridge, Cần Thơ, Việt Nam",Hậu Giang
4364648,Boutique Lodge Can Tho Homestay,"Đường 61C, Cần Thơ, Việt Nam",Hậu Giang
73573784,Nhà Nghĩ Hồng Hải (Nha Nghi Hong Hai),"QG4M G7H, Huyện Vị Thanh, Việt Nam",Hậu Giang
64245974,"Căn hộ 50 m² 1 phòng ngủ, 1 phòng tắm riêng ở Cái Răng (Nhà Của Mon)","Châu Thành A, Việt Nam",Hậu Giang
625092,Le Garden Villa Homestay,"Xa My Nhon, Cần Thơ, Việt Nam",Hậu Giang
66726725,Experience Homestay,"Cái Răng, Cần Thơ, Việt Nam",Hậu Giang
7710666,Khách sạn Florida (Florida Hotel),"66 Quang Trung Lộc Thọ, Việt Nam",Khánh Hòa
64212746,Swiss-Belvillas Solavita Bình Tiên (Swiss-Belvillas Solavita Binh Tien),"Khu Du lịch Bình Ti n, Việt Nam",Khánh Hòa
55288610,Daisy Flower Nha Trang (Daisy Flower Nha Trang ),"79 Nguyễn Thị Minh Khai T  226 n Lập, Việt Nam",Khánh Hòa
2736432,Vitamin Sea Homestay Nha Trang,"39 Yet Kieu Van Thang, Việt Nam",Khánh Hòa
38072404,Khách sạn Annova Nha Trang (Annova Nha Trang Hotel),"5 Lý Tự Trọng Lộc Thọ, Việt Nam",Khánh Hòa
4848076,Sen Vang Luxury,"Phước Tiến, 33 - 37 Mê Linh - Phường Tân Lập - Nha Trang - Khanh Hoa, Việt Nam",Khánh Hòa
33956809,Khách sạn Astica Nha Trang (Astica Hotel Nha Trang),"101 Hồng Bàng Tân Lập, Việt Nam",Khánh Hòa
79487625,Khách sạn Gold Coast Nha Trang (The Gold Coast Hotel Nha Trang),"12 Đường Trần Nguy n H n, Phường Nha Trang, Việt Nam",Khánh Hòa
8696455,Khách Sạn Boutique Em Ơi (Em Oi Boutique Hotel),"60 Phan Chu Trinh Xương Huân, Việt Nam",Khánh Hòa
1624707,KHÁCH SẠN SEAESTA NHA TRANG (SEAESTA NHA TRANG HOTEL),"116A Hồng Bàng Tân Lập, Việt Nam",Khánh Hòa
1370938,Full House Hotel,"03 Ngô Sỹ Liên Vạn Thắng, Việt Nam",Khánh Hòa
75155617,Nhà số 33 (Nha so 33),"Phước Hải, Việt Nam",Khánh Hòa
34561841,Khu nghỉ dưỡng Hoàng Phúc (Hoang Phuc resort),"186a Vo Truong Toan Rạch Giá, Việt Nam",Kiên Giang
37353978,Sea Stars Hotel,"2G5 Đường Phạm Hùng, Phường An Hòa, Việt Nam",Kiên Giang
63991945,Biệt thự cao cấp Hiếu Sang 68 Khu Bến tàu Rạch Giá (Hieu Sang 68 Luxury Villas Khu Ben tau Rach Gia),"B7 - 21 L Thường Kiệt, Việt Nam",Kiên Giang
35716946,Khách sạn Hasu (Hasu The Hotel),"số 9 10 Lô A2, Phường Vĩnh Thanh, Việt Nam",Kiên Giang
239493,Sea Light Hotel,"A11, Việt Nam",Kiên Giang
71338734,Khách sạn Mỹ Phượng (Hotel My Phuong),"11 Khu đô thị lấn biển Tây Bắc, Việt Nam",Kiên Giang
926818,Sai Gon Rach Gia Hotel,"844 Nguyễn Trung Trực Tp, Phường An H a, Việt Nam",Kiên Giang
77233250,Homestay Là Nhà (Homestay La Nha),"Lô A8 Căn 20 - 21, Phường Rạch Gía, Việt Nam",Kiên Giang
74643948,Hotel AN KHƯƠNG (Hotel AN KHUONG),"A7_02, Việt Nam",Kiên Giang
344975,Hòa Bình Rạch Giá Resort (Hoa Binh - Rach Gia Resort),"Số 62-64-66 Đường C Bắc, Phường Vĩnh Bảo, Thành phố Rạch Gi, Việt Nam",Kiên Giang
34742947,Khách sạn Cốc Cốc (Khach San Coc Coc),"Room A2-41-42, Vinh Thanh Phường, Việt Nam",Kiên Giang
80811256,Khách sạn King Sea (KING SEA HOTEL),"D3 căn 5 Đường 5, Phường Rạch Gia, Việt Nam",Kiên Giang
80621572,Khách sạn Thiên Trang 2 - gần bến tàu Rạch Giá (Thien Trang 2 Hotel - gan ben tau Rach Gia),"Lý Thường Kiệt, Việt Nam",Kiên Giang
64513522,"Căn hộ m² 1 phòng ngủ, 2 phòng tắm riêng ở [location not yet specified] (TiuHouse Aparment Rạch Giá, Kiên Giang)","Rạch Giá, Việt Nam",Kiên Giang
64513519,"TiuHouse Aparment Rạch Giá, Kiên Giang","Đường Phan Thị Ràng, Phường An Hoà, Việt Nam",Kiên Giang
1761772,Quoc Dung Hotel,"Lo 4 - Can 01, Việt Nam",Kiên Giang
64415270,Palace Apollo Hotel - Bến Tàu (Palace Apollo Hotel - Ben Tau),"14 Đường 3 Tháng 2, Việt Nam",Kiên Giang
77376006,Căn Hộ Sophia Rạch Giá (Can Ho Sophia Rach Gia),"Rạch Giá, Việt Nam",Kiên Giang
62125264,Khách sạn Hà Tiên Sea View (Hà Tiên Sea View Hotel),"Ha Tien Night Market New Urban Area, Việt Nam",Kiên Giang
1285662,Ha Tien Hanh Phuc Hotel,"13-14 Hoang Van Thu Pháo Đài, Binh San Phường, Việt Nam",Kiên Giang
37296684,NHÀ NGHỈ NAM PHƯƠNG (NHA NGHI NAM PHUONG),"19 Đường Ngô Mây, Việt Nam",Kiên Giang
38475826,Nhà nghỉ Thanh Thủy 2 (nhà nghỉ thanh thuy 2),"38 Đường Nguyễn Cửu Đàm, Việt Nam",Kiên Giang
37663483,Nhà nghỉ Sao Mai (Nhà Nghỉ Sao Mai),"32 Tran Cong An Đường, Việt Nam",Kiên Giang
9065853,Sele House,"38 Đường, Việt Nam",Kiên Giang
78974445,Khách sạn VISUHA (VISUHA HOTEL),"Số 81 Trần Hầu, Phường Ha Tien, Việt Nam",Kiên Giang
4985621,Nhà nghỉ Bảo Châu (Bao Chau Hostel),"26 Đường Nguyễn Tr  227 i, Việt Nam",Kiên Giang
67771232,Hà Hùng Panorama Hotel (Ha Hung Panorama Hotel),"Số 104 Đường Nguyễn Huệ, Phường Ph o Đ i, Việt Nam",Kiên Giang
37181024,Phuoc Long Homestay (Phuoc Long Homestay ),"9 Rạch Ụ Bình San, Việt Nam",Kiên Giang
79590827,Khu nghỉ dưỡng Sài Gòn Hà Tiên (Sai Gon Ha Tien Resort),"Tổ 3  Pháo Đài, Việt Nam",Kiên Giang
59007794,"Căn hộ 1500 m² 1 phòng ngủ, 9 phòng tắm riêng ở Hà Tiên (𝐓𝐮̀𝐧𝐠 𝐓𝐡𝐮̛ 𝐆𝐚𝐫𝐝𝐞𝐧 - nhà vườn phố biển)","Tổ 1, Việt Nam",Kiên Giang
7422676,Nam Du VIEW Guest House,"An Son, Việt Nam",Kiên Giang
32611766,Khách sạn Nam Du Palace (KHÁCH SẠN NAM DU PALACE),"Dat Do Beach, Việt Nam",Kiên Giang
75890590,Khu nghỉ dưỡng Meta Sea (Meta Sea Resort),"Ấp Bãi Ngự, Việt Nam",Kiên Giang
35962532,Khu nghỉ dưỡng Langchia Nam Du (LANGCHIA NAM DU RESORT),"an son, Việt Nam",Kiên Giang
45407654,THE NAM DU HILL,"Tổ 6, Xã An Sơn, Huyện Kiên Hải, Việt Nam",Kiên Giang
37773202,Homestay Thảo Thường Camp,"Tổ 1, Việt Nam",Kiên Giang
49687039,Jahouse viila,"An Sơn, Việt Nam",Kiên Giang
73567820,Bông Boutique Hotel Kon Tum (Bong Boutique Hotel Kon Tum),"Bông Boutique  Kon Tum, Việt Nam",Kon Tum
28761135,Bông Villa Hotel & Apartment (Bong Villa Hotel & Apartment),"41 Âu Cơ 41 Âu Cơ Quang Trung, Việt Nam",Kon Tum
6853068,Khách sạn Window 2 (Window 2 Hotel),"131 Thi Sách Thắng Lợi, Việt Nam",Kon Tum
30850977,Khách sạn Hội An - Kon Tum (Khach san Hoi An - Kon Tum),"734 ( số cũ 113) Phan Đình Phùng Tỉnh Kon Tum 734 ( số cũ 113) Phan Đình Phùng, Phường Quang Trung, Thành phố Kon Tum, Việt Nam",Kon Tum
69120035,Khách sạn An Thái (An Thái HoTel),"39 L Thường Kiệt Quang Trung 39, Việt Nam",Kon Tum
4913327,Khách sạn Window 1 (Window 1 Hotel),"189 (06 cũ) Đoàn Thị Điểm Quyết Thắng, Việt Nam",Kon Tum
35784255,Nhà nghỉ Y.O (Y.O Inn),"16A Nguyễn Trãi Thống Nhất, Việt Nam",Kon Tum
61140237,Khách sạn Sacly (Khach san Sacly),"202 Lê Lợi Quyết Thắng, Việt Nam",Kon Tum
64307184,Chang Coffee & Homestay (Chang Coffee & Homestay Kon Tum),"51 Nguyen Viet Xuan, Việt Nam",Kon Tum
1846450,Vietnam Phuot Real Home,"485/3 Pham Van Dong Kontum Tỉnh, Tran Hung Dao Phường, Việt Nam",Kon Tum
2255883,Bac Huong Hotel,"196 Tran Hung Dao Quyết Thắng, Việt Nam",Kon Tum
300929,Muong Thanh Lai Chau Hotel,"số 113 Lê duẩn, Phường Tân Phong, Thành phố lai châu, Việt Nam",Lai Châu
70420210,Khách sạn Hồng Ngọc,"Điện Bi n Phủ, Việt Nam",Lai Châu
6116651,Minh Sơn HOTEL (Minh Son HOTEL),"33 Mường Kim Lai Chau, Phường Tân Phong, Thành phố Lai Châu, Việt Nam",Lai Châu
77191198,A Chỉnh Homestay - Sìn Suối Hồ (A Chinh Homestay - Sin Suoi Ho),"Lai Châu, Việt Nam",Lai Châu
60691133,Khách sạn Nam Anh Lai Châu (Nam Anh Hotel Lai Châu),"98 Hoang Dieu, Việt Nam",Lai Châu
8110217,Hoang Nham Luxury Hotel,"69 Dien Bien Phu Lai Châu, Việt Nam",Lai Châu
80104789,Hotel Hoàng Gia (Hotel Hoang Gia),"Nguyễn Thái Bình, Việt Nam",Lai Châu
78972995,Quỳnh Chi Hotel (Quynh Chi Hotel),"Tô Vĩnh Diện, Việt Nam",Lai Châu
72811107,迪利酒店,"滨河路, Việt Nam",Lai Châu
52219631,"Nhà riêng 66 m² 5 phòng ngủ, 2 phòng tắm riêng ở Lai Châu (Homestay Cứ A Lồng )","Lai Châu, Việt Nam",Lai Châu
77041664,"A Chỉnh Homestay - Sìn Suối Hồ, Lai Châu (A Chinh Homestay - Sin Suoi Ho, Lai Chau)","Sìn Hồ, Việt Nam",Lai Châu
59596051,"Căn hộ 70 m² 1 phòng ngủ, 2 phòng tắm riêng ở Lai Châu (Homesatay người dao A San)","Lai Châu, Việt Nam",Lai Châu
26079631,Khách sạn Thủy Tiên (Thuy Tien Hotel),"87 Group 9, Tan Phong Phường, Việt Nam",Lai Châu
78972743,Quỳnh Chi Hotel (Quynh Chi Hotel),"Tô Vĩnh Diện, Việt Nam",Lai Châu
63408518,Hoa Sữa Hotel Lai Châu - by BAY LUXURY (Hoa Sua Hotel Lai Chau - by BAY LUXURY),"179 Lê Duẩn Lai Châu, Việt Nam",Lai Châu
63356186,"70 m² 1 phòng ngủ, 1 phòng tắm riêng ở Lai Châu (Homestay A Páo)","Lao Chải 1, Việt Nam",Lai Châu
69122273,Tru by Hilton Riverside (Tru by Hilton Lao Cai City Riverside),"Lào Cai, No.2 An Đường Vuong Đường Coc Leu Phường, Việt Nam",Lào Cai
985340,KHÁCH SẠN MƯỜNG THANH LÀO CAI (Muong Thanh Grand Lao Cai Hotel ),"86 Đường Thanh Nien, Việt Nam",Lào Cai
65490268,Khách sạn ELLA Riverside Lào Cai (ELLA RIVERSIDE LAO CAI HOTEL),"666 An Đường Vương, Việt Nam",Lào Cai
54476836,Garrya Mù Cang Chải (Garrya Mu Cang Chai),"Pu Nhu Village, Việt Nam",Lào Cai
13754996,Van Anh Motel,"108 Nguyễn Huệ Lào Cai, Việt Nam",Lào Cai
4937400,Sen Trang Hotel,"An Dương Vương, Việt Nam",Lào Cai
46567202,Khách sạn Big Lào Cai (Big Hotel Lào Cai),"503 Hoang Lien Đường, Việt Nam",Lào Cai
445977,Khách sạn Sapaly Lào Cai (Sapaly Lao Cai City Hotel),"Số 48 Đường Nguyễn Huệ, Việt Nam",Lào Cai
72591200,Khách sạn Việt Trung,"022 Thủy Hoa Duyên Hải, Việt Nam",Lào Cai
4991650,Mai Anh Hotel,"38 Phan Dinh Phung Lào Cai, Việt Nam",Lào Cai
21120785,Khách sạn Lào Cai Diamond (Lao cai Diamond Hotel),"Nguyễn Huệ, Việt Nam",Lào Cai
6427897,Khách Sạn và Spa Đức Huy Grand (Duc Huy Grand Hotel and Spa),"72-74 Tran Hung Dao Đại lộ, Bac Cuong Phường, Việt Nam",Lào Cai
65195279,Khách sạn SOCA Lào Cai (SOCA LAO CAI HOTEL ),"072 Thuy Hoa Str Lao Cai City, Coc Leu Phường, Việt Nam",Lào Cai
264387,Khách sạn Lào Cai Star (Lao Cai Star Hotel),"Lào Cai, Số 003 Đường Hoàng Liên - Phường Cốc Lếu, Việt Nam",Lào Cai
69468488,Khách sạn The Wiltons Lào Cai (The Wiltons Hotel Lào Cai),"35 Sơn T ng Lào Cai, Việt Nam",Lào Cai
47340641,Nhà nghỉ Hải Đăng - Hai Dang Hotel (Nha nghi Hai Đang - Hai Dang Hotel),"352 Nguyễn Huệ Lào Cai, Việt Nam",Lào Cai
35009464,Ngọc Hà Hotel,"001 Trần Quốc Toản TX. Lào Cai Lào Cai, Việt Nam",Lào Cai
9109680,Khách Sạn Cao Minh (Cao Minh Hotel),"198 An Dương Vương Lào Cai, Việt Nam",Lào Cai
14880227,Khách sạn Michis Lào Cai (Michis hotel laocai),"Vạn Hoa, Việt Nam",Lào Cai
9114276,Khách sạn Heaven Gate Ô Quy Hồ Sapa (Heaven Gate O Quy Ho Hotel Sapa),"Khu Cổng Trời, Việt Nam",Lào Cai
8638021,Liberty Lao Cai Hotel - Events,"120 Đường Soi Tiền, Việt Nam",Lào Cai
45929242,Khách sạn Bảo Sơn 1 (Khach san Bao Son 1),"Lào Cai, 058 Sơn Đạo kéo dài Phường Cốc Lếu Thành phố Lào Cai Tỉnh Lào Cai, Việt Nam",Lào Cai
55811254,Lake Side Hotel Lào Cai - by Bay Luxury (Lake Side Hotel Lao Cai - by Bay Luxury),"12 Chiềng On Lào Cai, Việt Nam",Lào Cai
79232724,Khách sạn tokyo (Khach san tokyo),"2 Phan Đình Phùng Lào Cai, Việt Nam",Lào Cai
69368974,Khách sạn căn hộ Olive Lào Cai (Olive Apartment Hotel Lao Cai),"208 An Dương Vương Lào Cai, Việt Nam",Lào Cai
64252763,Khu nghỉ dưỡng Cloud Paradise (Cloud Paradise Resort),"Thon Mo Phu, Việt Nam",Lào Cai
61270074,Nhà Nghỉ Hoàng Xuân (Nha Nghi Hoang Xuan),"028 Quang Minh Lào Cai, Việt Nam",Lào Cai
32809054,Nhà nghỉ Hoàng Lan (Nha nghi Hoang Lan),"009a-Đường kim chung, Việt Nam",Lào Cai
35454066,Khách sạn Song Hồng View (SONG HONG VIEW HOTEL),"188 Duyên Hải Lào Cai, Việt Nam",Lào Cai
64335730,Khách sạn Kim Ngân Lào Cai (Kim Ngân Hotel Lào Cai),"58 Hợp Thành Phố Mới, Việt Nam",Lào Cai
68225932,The Dang's Home in Lao Cai,"535 Nhạc Sơn Lào Cai, Việt Nam",Lào Cai
64457143,Khách sạn Vĩnh Lộc (Khach san Vinh Loc),"Khách sạn Vĩnh Lộc, Phường Duyên Hải, Thành phố Lào Cai, Việt Nam",Lào Cai
75889144,The Dang's Home inn Lao Cai,"Nhac Son, Việt Nam",Lào Cai
2335456,Lao Cai Royal Hotel,"84 2143 Tổ 29, Phường Duyên Hải, Việt Nam",Lào Cai
55627990,Hoàng Anh Hotel Lào Cai - by Bay Luxury (Hoang Anh Hotel Lao Cai - by Bay Luxury),"Sơn Tùng, Việt Nam",Lào Cai
2649855,Khách sạn Red River View Lào Cai (RED RIVER VIEW HOTEL LAO CAI),"178 Lê Đại Hành - Kim Tân - Lào Cai Lào Cai, Việt Nam",Lào Cai
48510849,Cô Chung Hotel (Co Chung Hotel),"Nguyễn Đức Cảnh, Việt Nam",Lào Cai
66700544,Thanh Hà Hotel Lào Cai (Thanh Ha Hotel Lao Cai),"1 Phạm Văn Xảo Lào Cai, Việt Nam",Lào Cai
75893436,Lao Cai Sun Hotel,"Lào Cai, Lao Cai Sun  Phường Cốc Lếu, Việt Nam",Lào Cai
63329581,"Căn hộ 500 m² 13 phòng ngủ, 13 phòng tắm riêng ở Lào Cai (Hoàng lan hotell)","Lào Cai, Việt Nam",Lào Cai
55811124,Hoa Sữa Hotel Lào Cai - by Bay Luxury (Hoa Sua Hotel Lao Cai - by Bay Luxury),"89 Phố Châu Úy Lào Cai, Việt Nam",Lào Cai
55634111,Như Ý Hotel Lào Cai - by Bay Luxury (Nhu Y Hotel Lao Cai - by Bay Luxury),"154 Nhạc Sơn Lào Cai, Việt Nam",Lào Cai
687163,Aristo International Hotel,"028 Yết Kiêu Lào Cai, Phường Kim Tân, Việt Nam",Lào Cai
37315804,SONG HONG VIEW HOTEL,"Duyen Hai, Việt Nam",Lào Cai
78338794,July Hotel Central Sapa,"2 To Vinh Dien Lào Cai, Việt Nam",Lào Cai
7170580,Kim Cuong Hotel,"N358, Việt Nam",Lào Cai
55683918,"Kim Thành Hotel - 718 Trần Thái Tông, TP Lào Cai - by Bay Luxury (Kim Thanh Hotel - 718 Tran Thai Tong, TP Lao Cai - by Bay Luxury)","Duyen Hai, Việt Nam",Lào Cai
64465949,Hòa Bình Hotel LC - by BAY LUXURY (Hoa Binh Hotel LC - by BAY LUXURY),"51 Minh Khai Lào Cai, Việt Nam",Lào Cai
61453545,A10 Thủy Hoa Hotel LC - by BAY LUXURY (A10 Thuy Hoa Hotel LC - by BAY LUXURY),"10 Thủy Hoa Lào Cai, Việt Nam",Lào Cai
71715416,Kim Thanh Hotel Lao Cai - by Bay Luxury,"Tran Thai Tong, Việt Nam",Lào Cai
55259603,Vân Hà Hotel Lào Cai - by Bay Luxury (Van Ha Hotel Lao Cai - by Bay Luxury),"022 Thủy Hoa Lào Cai, Việt Nam",Lào Cai
58351832,Red River Hotel LC- by BAY LUXURY,"Lê Đại Hành, Việt Nam",Lào Cai
59871100,bubukika,"Lào Cai, Việt Nam",Lào Cai
255004,Khách Sạn Mường Thanh Luxury Lạng Sơn (Muong Thanh Luxury Lang Son Hotel),"68 Đường Ngô Quyền, Phường Vĩnh Trại, Việt Nam",Lạng Sơn
5663879,Four Points by Sheraton Lạng Sơn (Four Points by Sheraton Lang Son),"2 Trần Hưng Đạo Lạng Sơn, Việt Nam",Lạng Sơn
63692630,Khách sạn Imperial Lạng Sơn (IMPERIAL HOTEL LẠNG SƠN),"69 Ly Thuong Kiet Lang Son city, Vinh Trai Phường, Việt Nam",Lạng Sơn
35076446,Nhà Nghỉ Xuân Mai (Nha Nghi Xuan Mai),"Lạng sơn Tổ 4 khối 10 thị trấn cao lộc, Việt Nam",Lạng Sơn
31047489,Tru by Hilton Trung tâm thành phố Lạng Sơn (Tru by Hilton Lang Son City Centre),"297 Phai Ve Mai Pha Commune Lạng Sơn, Việt Nam",Lạng Sơn
37633495,Khách sạn Trà Linh (TRA LINH HOTEL),"Ngã 3 Đồng Tân, Việt Nam",Lạng Sơn
25128090,Khách sạn Triệu Ký Voòng Lạng Sơn (Trieu Ky Voong Hotel Lang Son),"130 Ly Thuong Kiet Lạng Sơn, Hoang Van Thu Phường, Việt Nam",Lạng Sơn
33589698,Hava Homestay,"608b Ba Trieu Đường, Dong Kinh Phường, Việt Nam",Lạng Sơn
70215627,Hava House,"7D Ngõ 123 Lê Lợi Vĩnh Trại, Thành phố Lạng Sơn, Việt Nam",Lạng Sơn
50210184,ANH TU Hotel,"95 Lý Thường Kiệt Lạng Sơn, Việt Nam",Lạng Sơn
77421203,Duong Dinh Hanh homestay (Duong Dinh Hanh Homestay Lang Son),"Th n T n Sơn, Việt Nam",Lạng Sơn
61046946,Khách sạn Nhật Minh (NHẬT MINH HOTEL),"50 L Thường Kiệt Lạng Sơn, Việt Nam",Lạng Sơn
75528052,Khách sạn New Sun Nam Định (NEW SUN NAM ĐỊNH HOTEL),"20 Trần Anh T ng Nam Định, Việt Nam",Nam Định
64096515,Khách sạn P&L (Khach san P&L),"4 Mỹ Trọng Nam Định, Việt Nam",Nam Định
14953986,Khách sạn Wiltons (The Wiltons Hotel),"32 Hồ Xuân Hương Nam Định, Việt Nam",Nam Định
9403730,Nam Cuong Nam Dinh Hotel,"Số 538 Trần Hưng Đạo, Phường Hòa Vượng, Thành phố Nam Định, Việt Nam",Nam Định
20061348,Tru by Hilton Nam Định City Centre (Tru by Hilton Nam Dinh City Centre),"272 Tran Hung Dao Nam Định, Cua Bac Phường, Việt Nam",Nam Định
37923378,Khách sạn Ruby (Ruby Hotel),"118pho Bắc Ninh Nam Định, Việt Nam",Nam Định
79310560,Khách sạn MD (MD Hotel),"502 Đường Kênh, Việt Nam",Nam Định
63409225,My Trà Hotel (My Tra Hotel),"Khu Công Nghiệp Hoà Xá, Việt Nam",Nam Định
64903200,Khách sạn Dệt,"62 Nguyễn Hiền Trần Đăng Ninh, Việt Nam",Nam Định
27848306,NHÀ NGHỈ TRÀ MY (NHA NGHI TRA MY),"KHU CÔNG NGHIỆP MAI XÁ-- MỸ XÁ- TP NAM ĐỊNH XÓM GÔI- MAI XÁ - MỸ XÁ- TPND, Việt Nam",Nam Định
72523395,"Nhà riêng 20 m² 4 phòng ngủ, 2 phòng tắm riêng ở Nam Định (Big house with beautiful garden)","Nam Định, Việt Nam",Nam Định
55613252,Khách sạn & Cà phê Hương Giang (Hương Giang Hotel & Coffee),"Hoà Bình, Việt Nam",Nam Định
274250,Khách sạn Phú Mỹ (Phu My Hotel),"36 Lê Hồng Phong Nam Định, Việt Nam",Nam Định
80971918,"Căn hộ m² 1 phòng ngủ, 1 phòng tắm riêng ở Nam Định (Goldenbell backpacker hostell)","Nam Định, Việt Nam",Nam Định
64233522,Khu du lịch sinh thái Núi Ngăm,"thôn Thượng, Việt Nam",Nam Định
10638351,"Chung cư 80 m² 2 phòng ngủ, 2 phòng tắm riêng ở Nam Định (Nam Dinh Tower )","Nam Định, Việt Nam",Nam Định
76327768,"Căn hộ m² 2 phòng ngủ, 1 phòng tắm riêng ở Nam Định (An Eco Homestay Ramsar Xuân Thủy :) )","Nam Định, Việt Nam",Nam Định
1620550,Khách Sạn Mường Thanh Con Cuông (Muong Thanh Con Cuong Hotel),"Khối 2 thị trấn Con Cuông, Việt Nam",Nghệ An
43574992,KHÁCH SẠN KIM NHAN (KHACH SAN KIM NHAN),"tổ dân phố 1, Việt Nam",Nghệ An
76061112,Bảo Yến HOTEL (Bao Yen HOTEL),"4730001 Khối 3 Thị Trấn Con Cuông, Việt Nam",Nghệ An
76038936,Homestay Hoa Thụ,"Con Cuông, Việt Nam",Nghệ An
13577801,Nhà mặt đất studio 70 m² có 12 phòng tắm riêng ở Con Cuông ( beside rice fields and life-giving streams.),"Con Cuông, Việt Nam",Nghệ An
462356,Khách sạn Mường Thanh Sông Lam (Muong Thanh Song Lam Hotel),"13 Đường Quang Trung, Thành phố Vinh, Việt Nam",Nghệ An
287957,Khách Sạn Mường Thanh Vinh (Muong Thanh Vinh Hotel),"Đường Phan Bội Châu, Thành phố Vinh, Việt Nam",Nghệ An
32828818,Khách sạn Vinh Plaza (Vinh Plaza Hotel),"3 Mai Hac De Vinh, Thành phố Vinh, Việt Nam",Nghệ An
1984611,Khách Sạn Mường Thanh Cửa Đông (Muong Thanh Cua Dong Hotel),"167 Nguyen Phong Sac Phuong Hung Dung, Thành phố Vinh, Việt Nam",Nghệ An
1119577,Victory Hotel (Victory Hotel Vinh),"7 Vương Thúc Mậu Vinh, Thành phố Vinh, Việt Nam",Nghệ An
280290,Muong Thanh Phuong Dong Hotel,"Trường Thi, Thành phố Vinh, Việt Nam",Nghệ An
29379518,Khách sạn Hoàng Ngân 1 - TP. Vinh (Hoang Ngan 1 Hotel - TP. Vinh),"07 Yên Dũng Thượng Tỉnh Nghệ An 07 Yên Dũng Thượng, Phường Hưng Dũng, Thành phố Vinh, Việt Nam",Nghệ An
29379522,Khách sạn Hoàng Ngân 2 - TP. Vinh (Hoang Ngan 2 Hotel - TP. Vinh),"15 Nguyen Sy Que Sreet Vinh, Hung Dung Phường, Thành phố Vinh, Việt Nam",Nghệ An
1195928,Lam Giang Hotel,"43 Quang Trung Vinh, Thành phố Vinh, Việt Nam",Nghệ An
77497810,Khách sạn Thanh Đạt 2 (Thanh Dat 2 Hotel),"59 Le Ninh st, Thành phố Vinh, Việt Nam",Nghệ An
38700007,Khách sạn Cửa Đông Luxury (Cua Dong Luxury Hotel),"12 V.I. L  234  Nin Sân bay quốc tế Vinh, Việt Nam",Nghệ An
60145485,Khách sạn White (White Hotel),"63 Hồ Xuân Hương Quang Trung, Thành phố Vinh, Việt Nam",Nghệ An
52475149,khach san viet uc,"275 Võ Nguyên Hiến Vinh, Thành phố Vinh, Việt Nam",Nghệ An
18646642,Khách sạn Toàn Thắng Stone (Khach san Toan Thang Stone),"V.I. Lê Nin, Thành phố Vinh, Việt Nam",Nghệ An
37647098,LAM HONG HOTEL,"26 Phan Bội Châu Khách Sạn LAM HỒNG, Thành phố Vinh, Việt Nam",Nghệ An
59731199,Khách sạn Rubillion Vinh (Rubillion Hotel - Vinh),"31 Đường Nguyễn Duy Trinh, Thành phố Vinh, Việt Nam",Nghệ An
36791289,Trường Thịnh Hotel (Truong Thinh Hotel),"171 Đường Kim Liên 171 Đường Kim Liên (Cạnh cây xăng Hưng Chính), Thành phố Vinh, Việt Nam",Nghệ An
75224,Khách sạn Sài Gòn Kim Liên - Vinh - Nghe An (Saigon Kim Lien Hotel - Vinh City),"25 Đường Quang Trung, Thành phố Vinh, Việt Nam",Nghệ An
10690894,Thong Do Hotel,"Đường tránh Vinh, Thành phố Vinh, Việt Nam",Nghệ An
58984083,Nhà nghỉ Long Lưu (Nhà Nghỉ Long Lưu),"Đường Phạm Định Toái, Việt Nam",Nghệ An
31573956,Khách sạn Sao Việt (Sao Viet Hotel ),"666 Pham Hong Thai Đường, Thành phố Vinh, Việt Nam",Nghệ An
15634245,Thuong Hai Hotel Vinh,"26 Le Loi Vinh, Thành phố Vinh, Việt Nam",Nghệ An
55986992,Khách sạn Cẩm Lai (KHÁCH SẠN CẨM LAI),"95 L  253  Thường Kiệt Vinh, Thành phố Vinh, Việt Nam",Nghệ An
68971703,Bac Kinh Hotel Vinh - by BAY LUXURY,"110 Mai Hac De Vinh, Thành phố Vinh, Việt Nam",Nghệ An
40345142,Khách sạn sân bay Vinh (Vinh Airport Hotel),"4 Hồ Học Lãm Sân bay quốc tế Vinh, Việt Nam",Nghệ An
625544,Vuong Hoan Hotel 2,"34 Đại lộ L  234  Nin, Thành phố Vinh, Việt Nam",Nghệ An
72814838,Nhà nghỉ 79 (Nha nghi 79),"Nhà nghỉ 79 Sân bay quốc tế Vinh, Việt Nam",Nghệ An
79924169,Visip Hotel,"Xóm Khoa Đà, Xã Hưng Nguyên, Việt Nam",Nghệ An
67653243,Khách sạn Global (Khach san Global),"176 Phong Định Cảng Vinh, Thành phố Vinh, Việt Nam",Nghệ An
62150190,Beijing Hotel Vinh - by BAY LUXURY,"110 Mai Hắc Đế Vinh, Thành phố Vinh, Việt Nam",Nghệ An
60221377,Tre Yoga Retreat,"Đường Vạn Xuân, Việt Nam",Nghệ An
32926570,Khách sạn AMI (Khach san AMI),"8 Đường Duy Tân B, Thành phố Vinh, Việt Nam",Nghệ An
625837,Duy Tan Vinh Hotel,"9C Phượng Hoàng Vinh, Phường Trung Đô, Thành phố Vinh, Việt Nam",Nghệ An
79446044,Khách sạn JingDong (Khách sạn JingDong 京东酒店),"Nguyễn Văn Trỗi, Việt Nam",Nghệ An
29281214,Khách sạn Sông Lam Waterfront (SongLam Waterfront Hotel),"Block 2, Việt Nam",Nghệ An
77214815,Mỹ Hạnh HOTEL (My Hanh HOTEL),"Quốc lộ 46A, Việt Nam",Nghệ An
68803610,"Nhà riêng 100 m² 1 phòng ngủ, 2 phòng tắm riêng ở Trung tâm Vinh (Bé Mỡ House 16 - Vinh Homestay)","Vinh, Thành phố Vinh, Việt Nam",Nghệ An
28918422,"Căn hộ 25 m² 1 phòng ngủ, 1 phòng tắm riêng ở Vinh (Phòng Vip RUBY Hotel)","Sân bay quốc tế Vinh, Việt Nam",Nghệ An
77064501,"Căn hộ m² 3 phòng ngủ, 2 phòng tắm riêng ở Trung tâm Vinh (Nhà của Thỏ)","Vinh, Thành phố Vinh, Việt Nam",Nghệ An
68803607,"Nhà riêng 60 m² 1 phòng ngủ, 2 phòng tắm riêng ở Trung tâm Vinh (Bé Mỡ House 26 - Vinh Homestay)","Vinh, Thành phố Vinh, Việt Nam",Nghệ An
1994625,"Vinpearl Cửa Hội, Affiliated by Meliá (Vinpearl Cua Hoi, Affiliated by Meliá)","Bãi biển Cửa Lò, Bình Minh Đường - Nghi Hai Phường - Cua Lo Beach - Nghe An Tỉnh, Việt Nam",Nghệ An
867571,Khách sạn Mường Thanh Grand Cửa Lò (Muong Thanh Grand Cua Lo Hotel),"Số 232 Đường Bình Minh, Phường Nghi Thu, Việt Nam",Nghệ An
75225,Sài Gòn Kim Liên Resort - Biển Cửa Lò (Saigon Kim Lien Resort - Cua Lo Beach),"Số 212 Đường Bình Minh, Việt Nam",Nghệ An
23097743,Khách sạn Kingdom Cửa Lò (Kingdom Hotel Cua Lo),"10 Hoang Van Tam Nghi Huong, Việt Nam",Nghệ An
7432247,Bong Mai,"Đường Làng Vạc, Việt Nam",Nghệ An
53731300,Khách sạn SAMMY (SAMMY Hotel - Khách sạn SAMMY),"306 Bình Minh Nghi Hương, Việt Nam",Nghệ An
31958172,Khách sạn Tuấn Thảo (Khách Sạn Tuấn Thảo),"8 Đường Nguyễn Cảnh Quế, Việt Nam",Nghệ An
39591358,Khách sạn 1986 (1986 Hotel),"10 Nguyen Su Hoi Đường, Việt Nam",Nghệ An
1615350,Mường Thanh Luxury Diễn Lâm (Muong Thanh Luxury Dien Lam),"Diễn Châu, Xã Diễn Lâm, Việt Nam",Nghệ An
41340442,Khu du lịch sinh thái Hòn Mát (KHU DU LỊCH SINH THÁI HÒN MÁT),"Xom Son Hai, Việt Nam",Nghệ An
28762037,Khách sạn Blue Wave (Blue Wave Hotel),"1 Hoang Van Tam Nghi Huong, Việt Nam",Nghệ An
80165287,Khách sạn C'Lau Ninh Bình (C'Lau Hotel Ninh Binh),"Phố cổ Hoa Lư, Phường Hoa Lư, Việt Nam",Ninh Bình
32313729,Tam Coc Minh Hung Homestay,"CÔI KHÊ, Việt Nam",Ninh Bình
38797426,Nha Xanh Homestay,"196 Trinh Tu Đường, Việt Nam",Ninh Bình
71182133,Tam Cốc Eco House (Tam Coc Eco House),"Van Lam, Việt Nam",Ninh Bình
63594716,Milan Hotel Ninh Binh,"33 Trần Hưng Đạo Ninh Bình, Việt Nam",Ninh Bình
75853794,Khách sạn The Sun Tam Cốc (The Sun Tam Coc Hotel),"Ninh Hải, Việt Nam",Ninh Bình
7206992,Lavender homestay (Lavender Homestay),"Tam cốc- Hoa Lư- Ninh Bình, Việt Nam",Ninh Bình
15005951,KHÁCH SẠN MOMALI NINH BÌNH (MOMALI HOTEL NINH BINH),"02 Ly Thuong Kiet Nam Binh, Việt Nam",Ninh Bình
63062455,Khách sạn Sunny Garden Riverside Ninh Bình (Sunny Garden Riverside Hotel Ninh Binh),"478 Nguyễn Huệ Phố, Việt Nam",Ninh Bình
80618696,Khu nghỉ dưỡng & Spa Tam Cốc Forest Banana (Tam Coc Forest Banana Retreat & Spa),"Ninh Hải, Việt Nam",Ninh Bình
288116,Emeralda Resort Ninh Binh,"Làng Tập Ninh, Xã Gia Vân, Huyện Gia viễn, Việt Nam",Ninh Bình
930011,The Reed Hotel,"Đường Đinh Điền, Phường Đông Thành, Thành phố Ninh Bình, Việt Nam",Ninh Bình
79159670,Ngáo Home - Hoa Lư,"27 ngõ 77 Lương Văn Thăng, Việt Nam",Ninh Bình
60998222,Khách sạn Núi Vàng Tràng An Ninh Bình (Nui Vang Trang An Hotel Ninh Binh),"Hoàng Sơn, Việt Nam",Ninh Bình
66728900,HANA Tam Coc Homestay,"Cổng Làng Khả Lương, Việt Nam",Ninh Bình
80321398,Khách sạn Phố Cổ Ninh Bình (Khach san Pho co Hotel Ninh Binh),"07 Tràng An 2 Tân Thành, Việt Nam",Ninh Bình
67267096,Nhà khách Tam Cốc One & Khách sạn Ninh Bình (Tam Coc Guest House One & Hotel Ninh Binh),"Tuan Cao Village, Việt Nam",Ninh Bình
28523194,Khách sạn Elisa Hotel (Elisa Hotel),"458 Đường Ngô Gia Tự, Việt Nam",Ninh Bình
68784667,Khách sạn D.Residence Ninh Bình (D.Residence Hotel Ninh Binh),"168 Xuân Thành Tân Thành, Việt Nam",Ninh Bình
36878066,Khu nghỉ dưỡng sinh thái Nature Garden Ninh Bình (Nature Garden Ecolodge Ninh Bình),"Thon Trung Tru, Việt Nam",Ninh Bình
1637381,Khu Nghỉ Dưỡng An's Eco Garden (An's Eco Garden Resort),"Thôn Bình Khê, Xã Ninh Nhất, Thành phố Ninh Bình, Việt Nam",Ninh Bình
288544,Khách sạn Việt Nhật Ninh Bình (Viet Nhat Hotel Ninh Binh),"456 Đường Ngô Gia Tự, Phường Nam Bình, Việt Nam",Ninh Bình
80567487,Golden Bell Backpacker Hostel,"34 Nguyen Thai Hoc Ninh Bình, Việt Nam",Ninh Bình
73278233,The Northwalk Ninh Binh,"926 Trần Hưng Đạo Tân Thành, Việt Nam",Ninh Bình
78586844,Ninh Binh Railway Venus Hotel,"66 Đường 27/7, Việt Nam",Ninh Bình
64005963,Ailee Villa & Khách sạn Tam Cốc (Ailee Villa&Hotel Tam Coc),"Coi Khe Ninh Hai Hoa Lu Ninh Binh, Việt Nam",Ninh Bình
41502883,Tam Cốc Retreat Ninh Bình,"Tam Coc, Việt Nam",Ninh Bình
77713632,An Homestay Tam Cốc (An Homestay Tam Coc),"xóm hòa bình xã ninh hải huyện hoa lư Tỉnh ninh bình, Việt Nam",Ninh Bình
73590712,Khách sạn Sonavie Ninh Bình (Sonavie Hotel Ninh Binh),"148 Đường Đinh Điền, Việt Nam",Ninh Bình
61903159,Khu nghỉ dưỡng & spa Trang An Ecorest (Trang An Ecorest Resort & Spa),"Khe Ha, Quận Hoa Lư, Việt Nam",Ninh Bình
13753426,Mountain Side Homestay (Ninh Binh Mountain Side Homestay),"Ninh Xuan, Quận Hoa Lư, Việt Nam",Ninh Bình
25755134,Khách sạn Tam Cốc Lion Kings (Tam Coc Lion Kings Hotel),"Thuan Nam Khanh Ninh Ba, Việt Nam",Ninh Bình
35414748,Trang An Elegant Homestay,"Ninh Xuan, Quận Hoa Lư, Việt Nam",Ninh Bình
65970050,Khách sạn Kana Boutique Ninh Bình (Kana Boutique Hotel Ninh Binh),"Trần Hưng Đạo, Việt Nam",Ninh Bình
74647133,Làng La Sen (La Sen Village),"Đường Tam Cốc, Việt Nam",Ninh Bình
11877804,Khách Sạn Tam Cốc Condeluz Boutique (Tam Coc Condeluz Boutique Hotel),"84 đội 3 văn l  226 m, Việt Nam",Ninh Bình
64626639,Khách sạn Green Bay Ninh Bình (Green Bay Hotel Ninh Bình),"23 Tràng An 2 Tân Thành, Việt Nam",Ninh Bình
36500185,DOLCE MIA HOME,"5 Đinh Tất Miễn Ninh Bình, Việt Nam",Ninh Bình
21914806,The Symphony 9 Tam Coc,"DT491C, Việt Nam",Ninh Bình
39604706,Nha Lua homestay (Nha Lua Homestay),"thôn cầu vàng, Việt Nam",Ninh Bình
5257193,Tuan Nam Homestay,"Văn Lâm Ninh Hải, Việt Nam",Ninh Bình
31439672,Wyndham Grand Vedana Ninh Bình (Wyndham Grand Vedana Ninh Binh),"Dong Tam Village Cuc Phuong Commune, Huyện Nho Quan, Việt Nam",Ninh Bình
72413978,Amazing Ninh Binh Garden,"Hang Mua, Quận Hoa Lư, Việt Nam",Ninh Bình
24252626,Halise Home and Retreat Ninh Binh,"khả lương, Quận Hoa Lư, Việt Nam",Ninh Bình
59048826,Khách sạn Vạn Xuân Royal (Vạn Xuân Royal Hotel),"Thien Son Đường, Việt Nam",Ninh Bình
13607336,Sona Resort,"Tràng An Đường, Việt Nam",Ninh Bình
37843619,Khu nghỉ dưỡng Emeralda Tam Cốc (Emeralda Resort Tam Cốc ),"Van Lam Hamlet, Nam Hoa Lu Phường, Việt Nam",Ninh Bình
49331126,Trang an rice field homestay,"Tràng An, Quận Hoa Lư, Việt Nam",Ninh Bình
64362522,Cháy Mountain Retreat Ninh Bình,"Khê Hạ, Quận Hoa Lư, Việt Nam",Ninh Bình
63997308,Serena riverside homestay - Tràng An (Serena riverside homestay - Trang An),"479 B Ninh Xuân, Quận Hoa Lư, Việt Nam",Ninh Bình
4200628,Tam Coc Rice Fields Homestay,"Tam Coc Bich Dong, Việt Nam",Ninh Bình
34403272,Nhà Tam Cốc Elegance (Tam Coc Elegance House),"Tam Coc Đường, Việt Nam",Ninh Bình
26849396,Sierra homestay (Sierra Homestay),"Xuan Thanh Đường, Quận Hoa Lư, Việt Nam",Ninh Bình
9061202,viet anh homestay,"doi 4, Việt Nam",Ninh Bình
77254400,Khách sạn Đại An Ninh Bình (Khach san Đai An Ninh Binh),"72 Đường Tân An, Việt Nam",Ninh Bình
61684015,An HOSTEL,"45 Ngõ 45 Ninh Bình, Việt Nam",Ninh Bình
6426066,Biệt thự Boutique Little Tam Cốc Ninh Bình (LittleTamCoc Boutique villa Ninh Binh),"Thon Dam khe Ngoai, Việt Nam",Ninh Bình
15904109,Tam Cốc Tường Vy homestay (Tam Coc Tuong Vy Homestay),"Đội 4, Việt Nam",Ninh Bình
2417435,Khách sạn Central Ninh Bình (Ninh Binh Central Hotel),"so 46, Việt Nam",Ninh Bình
670719,Cuc Phuong Hotel,"Thôn Đồng Tâm, Huyện Nho Quan, Việt Nam",Ninh Bình
30953658,Trang An View Poit homestay (Trang An View Poit Homestay),"Thôn Nội, Xã Ninh Xuân huyện Hoa Lư, Việt Nam",Ninh Bình
6361759,King Kong homestay (King Kong Homestay),"Xom Lo Voi, Việt Nam",Ninh Bình
65395976,Blue Moon Motel,"Đường 38B, Quận Hoa Lư, Việt Nam",Ninh Bình
479505,Tam Coc Garden Resort,"Hai Nham Hamlet, Việt Nam",Ninh Bình
59621718,Tam Cốc Moutainside Homestay (Tam Coc Moutainside Homestay),"Tam Coc Thon Co Khê, Xã Ninh Hải, Huyện Hoa Lư, Việt Nam",Ninh Bình
2736647,Tam Coc Lake View Homestay,"Van Lam, Việt Nam",Ninh Bình
59673974,Khu nghỉ dưỡng Tràng An garden (Tràng An garden Resort),"Khê Hạ, Quận Hoa Lư, Việt Nam",Ninh Bình
37697638,Tam Coc Koi Homestay,"doi 2, Việt Nam",Ninh Bình
1195566,Ninh Binh Nature Homestay,"084 Khu Du Lich Van Long - Thon Tap Ninh - Xa Gia Van - Huyen Gia Vien, Việt Nam",Ninh Bình
64336173,"JOY.ur Home, Tea n Coffee","744 Tran Hung Dao, Việt Nam",Ninh Bình
9382704,Tam Cốc Banana Bungalow (Tam Coc Banana Bungalow),"Tuan Cao village, Việt Nam",Ninh Bình
77417244,Khu nghỉ dưỡng sinh thái An Riverside (An Riverside Ecolodge),"479B Trường Yên Hoa Lư Ninh Bình Ninh Bình, Quận Hoa Lư, Việt Nam",Ninh Bình
6584565,Tam Cốc Golden Sky homestay (Tam Coc Golden Sky Homestay),"Tam Cốc-Bich Dong, Huyện Hoa Lư, Việt Nam",Ninh Bình
79080340,Tam Cốc Mango homestay Free Swimming Pool (Tam Coc Mango Homestay Free Swimming Pool),"Van Lam, Việt Nam",Ninh Bình
42254879,Lagom Ninh Bình Homestay,"Chi Phong, Quận Hoa Lư, Việt Nam",Ninh Bình
75859001,Thung Din Homestay,"Nga 2, Huyện Nho Quan, Việt Nam",Ninh Bình
37157571,Khu nghỉ dưỡng Châu Sơn Garden (Châu Sơn Garden Resort),"567 Vạn Hạnh Châu Sơn Garden Resort, Việt Nam",Ninh Bình
6772018,Tam Coc Minh Gia Homestay,"Văn Lâm Ninh Hải Hoa lư Ninh Bình Văn lâm Ninh Hải Hoa Lư Ninh Bình, Việt Nam",Ninh Bình
6508799,Tam Cốc Tuấn Minh homestay (Tam coc Tuan Minh Homestay),"TAM COC LAKE, Việt Nam",Ninh Bình
60218439,Trang An Village homestay (Trang An Village Homestay),"Khe Thuong Hamlet, Quận Hoa Lư, Việt Nam",Ninh Bình
59392552,Khách sạn Tamcoc Lights (Tamcoc Lights Hotel),"Tamcoc Lights Hotel, Việt Nam",Ninh Bình
35706059,Khách sạn Tamcoc Catalina (Tamcoc Catalina Hotel),"Đội 3 - Văn Lâm, Việt Nam",Ninh Bình
37500550,Vani's Home,"Hành Cung, Việt Nam",Ninh Bình
2115741,Camellia Hotel Ninh Binh,"Khu du lịch sinh thái Tràng An, Trung tâm Thành phố Ninh Bình, Việt Nam",Ninh Bình
1734399,Tam Cốc Bungalow (Tam Coc Bungalow),"Van Lam, Việt Nam",Ninh Bình
2562869,Tam Coc Westlake Homestay,"Tam Coc ninh hai, Việt Nam",Ninh Bình
18770423,HoangLong Riverside Homestay,"Dung-Nhung, Quận Hoa Lư, Việt Nam",Ninh Bình
45874692,ChezCao Rice Field Ecolodge Ninh Bình (ChezCao Rice Field Ecolodge Ninh Binh ),"Hoàng Sơn, Việt Nam",Ninh Bình
76160280,Vi Hostel-Motels-Hotel,"DT491C Đối diện nhà văn hóa Đam Khê Ngoài Ninh Hải Hoa Lư Ninh Bình, Việt Nam",Ninh Bình
56317129,Thuy Xuyen Tam Coc Homestay,"Động Tam Cốc - Bích Động, Đội 4 - thôn Văn Lâm - Xã Ninh Hải, Việt Nam",Ninh Bình
1160697,Mountain View Homestay (Ninh Binh Mountain View Homestay),"Hamlet number 10, Huyện Gia Viễn, Việt Nam",Ninh Bình
72419621,Cổng Gỗ (The Wooden Gate),"Ninh Xuân, Quận Hoa Lư, Việt Nam",Ninh Bình
37148161,Tam Cốc Forest Bungalow & Spa (Tam Coc Forest Bungalow & Spa),"229 Dam Sen Homestay, Việt Nam",Ninh Bình
64281470,Tam Coc TK Homestay,"Van Lam _ Ninh Hai _ Hoa Lu _ Ninh Binh, Việt Nam",Ninh Bình
646901,Khách sạn Bái Đính (Bai Dinh Hotel),"Chùa Bái Đính, Huyện Gia Viễn, Việt Nam",Ninh Bình
44884193,For You Ninh Bình Boutique,"479 B Ninh Bình, Quận Hoa Lư, Việt Nam",Ninh Bình
2379430,Hung Anh Homestay,"Tam Coc, Việt Nam",Ninh Bình
70939238,Trang An Freedom Hood,"Tràng An, Quận Hoa Lư, Việt Nam",Ninh Bình
77257923,Khách sạn Tam Cốc Babylon (Tam Coc Babylon Hotel),"Tam Coc Rd, Việt Nam",Ninh Bình
26886812,Khách sạn Tam Cốc Family (Tam Coc Family Hotel),"Group 3, Việt Nam",Ninh Bình
72812415,Trang An by Linh Homestay,"Trang An By Linh Homestay, Quận Hoa Lư, Việt Nam",Ninh Bình
39855920,Nham Village Resort,"Thung Nham, Việt Nam",Ninh Bình
44247834,Trang An Ecolodge,"Trường Yên, Quận Hoa Lư, Việt Nam",Ninh Bình
16301193,Việt Xưa Homestay,"Phuc Son 1, Việt Nam",Ninh Bình
49393057,Khách sạn Le Maison Tam Coc Boutique (Le Maison Tam Coc Boutique Hotel),"Ninh Hải, Việt Nam",Ninh Bình
3306616,New Way homestay (New Way Homestay),"newway homestay, Việt Nam",Ninh Bình
237315,Khách Sạn Queen Ninh Bình (Queen Hotel Ninh Binh),"20 Đường Ho ng Hoa Th m, Phường Thanh Bình, Thành phố Ninh Bình, Việt Nam",Ninh Bình
51976590,Khu nghỉ dưỡng La Vento Ninh Bình (La Vento Resort Ninh Bình),"1A highway Thị trấn Thiên Tôn, Việt Nam",Ninh Bình
7021123,Aravinda Resort Ninh Binh,"Thôn Hải Nham, Việt Nam",Ninh Bình
32184190,Tam Coc Hao Hao Homestay,"Ninh Hải, Việt Nam",Ninh Bình
55687926,TRANG AN LUXURY homestay (TRANG AN LUXURY HOMESTAY),"7WC6 CPV Tràng An, Quận Hoa Lư, Việt Nam",Ninh Bình
70979147,Tam Coc Backpack Chill Hostel,"Cong Hoa, Việt Nam",Ninh Bình
78485555,Favos Resort Ninh Binh,"Tam Coc Rd, Việt Nam",Ninh Bình
14695695,Khách sạn Cozy Son (Cozy Son Hotel),"Khê Ngoài Ninh Hải, Việt Nam",Ninh Bình
5749841,Trang An Spring Garden Homestay,"479B Ninh Xuân, Quận Hoa Lư, Việt Nam",Ninh Bình
16569260,Bao An Hotel Ninh Binh,"16 - Ngo 1 - Đường Ton Duc Thang Phuong Dong Thanh, Việt Nam",Ninh Bình
76923854,Khách sạn & Spa La Charm Ninh Bình (La Charm Ninh Binh Hotel & Spa),"Xóm 5, Huyện Gia Viễn, Việt Nam",Ninh Bình
5480201,Khách Sạn Tam Cốc Victoria (Tam Coc Victoria Hotel),"doi 1, Việt Nam",Ninh Bình
6385396,Tam Coc Golden Sun Homestay,"Ninh Bình, Việt Nam",Ninh Bình
2669821,Diep Minh 2 Hotel,"No 16, Bac Thanh Phường, Việt Nam",Ninh Bình
68085657,Trang An ChiDu Homestay,"Thôn Nội, Huyện Hoa Lư, Việt Nam",Ninh Bình
35744806,Hang Múa Lotus Homestay (Hang Mua Lotus Homestay),"Thôn Khê Hạ, Quận Hoa Lư, Việt Nam",Ninh Bình
7432280,Tam Coc Cherry Homestay & Hostel,"Động Tam Cốc - Bích Động, Đội 2 - Thôn Văn Lâm - Xã Ninh Hải - Huyện Hoa Lư - Tỉnh Ninh Bình Group 2- Van Lam Hamlet - Ninh Hai Commune-Ninh Binh Tỉnh, Việt Nam",Ninh Bình
6630352,Khu Nghỉ Dưỡng & Spa Bái Đính Garden (Bai Dinh Garden Resort & Spa),"Hamlet 5, Huyện Gia Viễn, Việt Nam",Ninh Bình
55764155,Tam Cốc Ngô Đồng homestay (Tam coc Ngo Dong homestay ),"Ninh Hải, Việt Nam",Ninh Bình
71446888,Ninh Binh Sunshine Homestay,"Ninh Bình Sunshine Homestay, Việt Nam",Ninh Bình
73281605,Tam Coc Mountain Flower Homestay 2,"Tam Coc - Bich Dong Tam Coc, Việt Nam",Ninh Bình
36379153,Tam Cốc Full House homestay (Tam Coc Full House Homestay),"Team 2, Việt Nam",Ninh Bình
36856418,Hang Mua Mountain View Homestay,"Thôn Khê Hạ, Quận Hoa Lư, Việt Nam",Ninh Bình
61400827,Victory homestay (Victory Homestay),"107 Tây Thành Phúc Thịnh, Việt Nam",Ninh Bình
1150736,Van Hoa Ninh Binh Hotel,"171 Trần Phú Ninh Bình, Việt Nam",Ninh Bình
32887044,May Homestay Ninh Binh,"Hoa Lu DistrictNinh Thang, Việt Nam",Ninh Bình
75859385,Trang An Green Garden Homestay & Restaurant (Trang An Green Garden Homestay & Restaurant ),"00 th n Kh thượng Ninh Bình, Quận Hoa Lư, Việt Nam",Ninh Bình
78966420,Tam Coc Mountain Light Homestay,"The Van Homestay, Việt Nam",Ninh Bình
80003234,Khu nghỉ dưỡng sinh thái Tam Cốc Valley (Tam Cốc Valley Eco Resort),"Đội 1, Việt Nam",Ninh Bình
74612182,Tràng An Sunny River Homestay,"Th n Nội, Quận Hoa Lư, Việt Nam",Ninh Bình
31223536,Trang An Homestay,"Thôn Khê Thượng, Quận Hoa Lư, Việt Nam",Ninh Bình
77199089,Tam Coc Sueno Hotel,"Tam Cốc Bích Động, Việt Nam",Ninh Bình
15242246,Tam Coc Wonderland Lodge,"Động Tam Cốc - Bích Động, Xóm Hang Đùng Thôn Văn Lâm Xã Ninh Hải Huyện Hoa Lư Tỉnh Ninh Bình, Việt Nam",Ninh Bình
64006732,Nam Nhung Tam Coc Homestay,"Đam Khê Ngoài, Việt Nam",Ninh Bình
4844502,Yen Binh Homestay,"Binh Khe Village, Quận Hoa Lư, Việt Nam",Ninh Bình
65106,Khu nghỉ dưỡng khoáng Cúc Phương (Cuc Phuong Mineral Retreat),"Thôn Đồng Tâm, Xã Cúc Phương, Huyện Nho Quan, Việt Nam",Ninh Bình
847534,Chez Loan Hotel,"Ninh Hai, Việt Nam",Ninh Bình
44655313,Tam Cốc Cát Lượng homestay (Tam Coc Cat Luong Homestay),"coi khe, Việt Nam",Ninh Bình
551790,Royal Hotel Ninh Binh,"Phố Khánh Minh, Phường Ninh Khánh, Thành phố Ninh Bình, Việt Nam",Ninh Bình
2690961,Tam Coc Garden homestay (Tam Coc Garden Homestay),"Thon Dam Khe Trong - Xa Ninh Hai - Huyen Hoa Lu - Tinh Ninh Binh, Việt Nam",Ninh Bình
15950635,Nhà dân Tam Cốc Văn Lâm (Tam Coc Van Lam Homestay),"Doi 4 Thon Van Lam Xa Ninh Hai Huyen Hoa Lu, Việt Nam",Ninh Bình
52211291,Khách sạn Hoàng Hải (Hoàng Hải Hotel),"28 Trương H  225 n Si  234 u Ninh Bình, Việt Nam",Ninh Bình
40130458,Thom's House,"Đội 4, Việt Nam",Ninh Bình
69996296,Tam Coc Morning homestay (Tam Coc Morning Homestay),"Văn Lâm, Việt Nam",Ninh Bình
37321845,Tuyet's hostel,"Khê Hạ, Quận Hoa Lư, Việt Nam",Ninh Bình
71447408,Bao Ky Homestay,"59 Đường Thượng Nam, Việt Nam",Ninh Bình
61380577,Khách sạn CucPhuong Mebi (CucPhuong Mebi Hotel),"Cuc Phuong Forest Đường, Huyện Nho Quan, Việt Nam",Ninh Bình
9586020,Khách Sạn Cozynibi (Cozynibi Hotel),"thôn Đam Khê, Việt Nam",Ninh Bình
3173066,Tam Cốc Nature Lodge (Tamcoc Nature Lodge),"Tam Cốc Ninh Bình, Việt Nam",Ninh Bình
5915822,ha lan homestay,"Khe Thuong Village, Quận Hoa Lư, Việt Nam",Ninh Bình
63536865,Vedana Resort Ninh Bình (Vedana Resort Ninh Binh ),"Thôn Đồng Tâm, Xã Nho Quan, Huyện Nho Quan, Việt Nam",Ninh Bình
1194419,La Belle Vie Tam Coc Homestay,"Đồi 3, Việt Nam",Ninh Bình
182145,Khách sạn Yên Nhi Ninh Bình (Yen Nhi Ninh Binh Hotel),"Khu Du lịch Tam Cốc - Bích Động, Di sản Văn hóa và Thiên nhiên Thế giới Tràng An. Xã Ninh Hải - huyện Hoa Lư, Việt Nam",Ninh Bình
51889835,Tam Cốc Green Garden Bungalow (Tam Coc Green Garden Bungalow),"Tam Coc Green Garden Bungalow, Việt Nam",Ninh Bình
1155119,Tam Coc Rice Fields Resort,"Hải Nham, Quận Hoa Lư, Việt Nam",Ninh Bình
71541161,Hang Múa Peaceful Retreat (Hang Mua Peaceful Retreat),"Nui Chay, Việt Nam",Ninh Bình
64315165,Khách sạn Việt Phương Ninh Bình (Viet Phuong Hotel Ninh Binh),"9 ngõ 333 Lê Thái Tổ Tân Thành Ninh Bình, Việt Nam",Ninh Bình
51648572,Asahi Villa Tam Cốc (Asahi Villa Tam Coc),"Tam Coc Rd, Việt Nam",Ninh Bình
46595512,Trường Yến Hotel Ninh Bình (Truong Yen Hotel Ninh Binh),"389 Hải Thượng Lãn Ông Ninh Bình, Việt Nam",Ninh Bình
64859426,Xuân Bách Family Motel (Xuan Bach Family Motel),"497b Tràng An Ninh Bình, Quận Hoa Lư, Việt Nam",Ninh Bình
6772471,Tam Coc Tropical Garden,"Đội 3, Xã Ninh Hải, Huyện Hoa Lư Tinh Ninh Binh, Việt Nam",Ninh Bình
63324829,Tam Cốc Daisy's Villa (Tam Coc Daisy's Villa),"Ninh Thắng, Việt Nam",Ninh Bình
7083969,Mai Place Homestay,"Group 4, Việt Nam",Ninh Bình
63312351,Tam Cốc LullaBy Homestay,"Đội 1, Việt Nam",Ninh Bình
47844302,Lemon Tree Homestay Tam Cốc (Lemon Tree Homestay Tam Coc),"Team 4, Việt Nam",Ninh Bình
64082159,The Hive Hostel - Tam Coc,"Thôn Hải Nham, Xã Ninh Hải, Huyện Hoa Lư, Việt Nam",Ninh Bình
38023046,Ninh Binh Kong's Homestay,"Thôn Khê Thượng, Quận Hoa Lư, Việt Nam",Ninh Bình
64206698,Tam Coc Moonlight Sweet Home,"Văn Lâm, Việt Nam",Ninh Bình
3651536,Tam Cốc Palm House (Tam Coc Palm House),"Tam Cốc, Việt Nam",Ninh Bình
10564098,Khách Sạn Quốc Tế Tràng An (TRANG AN INTERNATIONAL HOTEL),"Ngã Tư Cầu Ninh Hòa, Việt Nam",Ninh Bình
63062638,Khách sạn Bình An Nhiên (Bình An Nhiên Hotel),"90 Lê Hồng Phong Đông Thành, Việt Nam",Ninh Bình
4984299,Ninh Bình Bamboo Farmstay (Ninh Binh Bamboo Farmstay),"Xóm 8, Việt Nam",Ninh Bình
2264284,Tam Coc Green Fields Homestay,"Hanh Cung, Việt Nam",Ninh Bình
49849335,Biệt thự & Khu nghỉ dưỡng Dinh Gia Home (Dinh Gia Home Villa & Resort),"Gia Sinh, Huyện Gia Viễn, Việt Nam",Ninh Bình
64237209,Trang An Family Homestay,"Unnamed, Quận Hoa Lư, Việt Nam",Ninh Bình
63328464,Tam Cốc Chu Chu Villa (Tam Coc Chu Chu Villa),"Thôn Tuân Cáo, Việt Nam",Ninh Bình
72813285,Chilling Homestay - Hotel,"Đam Khê Ngoài- Ninh Hải- Hoa Lư- Ninh Bình Toà nhà, Việt Nam",Ninh Bình
40354772,Nhà Hang Múa Green Mountain View (Hang Mua Green Mountain View House),"Khe Thuong, Quận Hoa Lư, Việt Nam",Ninh Bình
18934033,"Nhà trệt 1000 m² 2 phòng ngủ, 2 phòng tắm riêng ở Quận Hoa Lư (Trang An Memory homestay)","479 B Trang An Memory Homestay, Quận Hoa Lư, Việt Nam",Ninh Bình
13847673,Sen's Homestay,"Hoa Lu, Việt Nam",Ninh Bình
3011344,Tam Coc Mountain Lake Homestay,"Tam Coc Lake, Việt Nam",Ninh Bình
51024713,Amy house,"số 84 ngõ 190 Đường Trần Phú, Việt Nam",Ninh Bình
48646807,khách sạn hương hana,"332 Lê Thái Tổ Nam Thành, Việt Nam",Ninh Bình
12657305,Tam Coc Marina villa,"Tam Coc Boat Station, Việt Nam",Ninh Bình
67184305,Trang An Pristine View homestay,"Thon noi, Quận Hoa Lư, Việt Nam",Ninh Bình
8995234,Tre Xanh Homestay,"Nguyen Ngoai Village Ninh Nhat Commune, Việt Nam",Ninh Bình
61765144,Tam Coc Pomelo Garden,"Đội 9, Việt Nam",Ninh Bình
5734369,Anh Hương Tam Coc Homestay (Anh Huong Tam Coc Homestay),"doi 3, Việt Nam",Ninh Bình
5837334,Tràng An Retreat (Trang An Retreat),"Thôn Tràng An, Xã Trường Yên, Quận Hoa Lư, Việt Nam",Ninh Bình
68539009,Khách sạn The Sun Ninh Bình (The Sun Hotel - Ninh Binh),"195 Xuân Thành Tân Thành, Việt Nam",Ninh Bình
186964,Khách sạn Ninh Bình Legend (Ninh Binh Legend Hotel),"Số 177 Đường L Th i Tổ, Phường Hoa Lư, Việt Nam",Ninh Bình
5777747,Nhà dân Center Tam Cốc (Center Tam Coc homestay),"Đội 2, Việt Nam",Ninh Bình
63440161,NinhBinh Buffalo Hostel,"ĐT491C, Việt Nam",Ninh Bình
44876545,Bungalow Xuan Son Lakeside (Xuan Son Lakeside Bungalow),"479 B Thôn Nội, Quận Hoa Lư, Việt Nam",Ninh Bình
49733371,Trang An Lighthouse Homestay (Trang an Lighthouse Homestay),"Xuân Áng Nội, Việt Nam",Ninh Bình
34574286,New Nhat Minh HomeStay & Tour,"No. 6 Alley 256 Ngo Gia Tu Đường, Thanh Binh Phường, Việt Nam",Ninh Bình
62097920,Khu nghỉ dưỡng & spa Bai Dinh Riverside (Bai Dinh Riverside Resort & Spa),"Gia Sinh, Huyện Gia Viễn, Việt Nam",Ninh Bình
8513519,Tam Cốc Eco Field Homes (Tam Coc Eco Field Homes),"Khu du lich Tam Coc - Bich Dong Van Lam, Việt Nam",Ninh Bình
6843440,Khách sạn và Biệt thự Liberty Hall Tam Cốc (Liberty Hall Tam Coc Hotel & Villa),"Đội 1, Việt Nam",Ninh Bình
38542686,Khách sạn MT Collection (MT Collection Hotel),"5 Tràng An Ninh Bình, Việt Nam",Ninh Bình
69326995,Khách sạn New Sky Ninh Bình (New Sky Ninh Binh),"Ninh Bình, 15B/16- Đường Thành Công- Phố Tân An- Phường Tân Thành, Việt Nam",Ninh Bình
72233708,Trang An Eco Holiday Retreat,"Trường Y n, Quận Hoa Lư, Việt Nam",Ninh Bình
49691564,Khách sạn & Bungalow Tam Cốc Serenity (Tam Coc Serenity Hotel & Bungalow),"Thon Khe Ngoai, Việt Nam",Ninh Bình
67661525,Biệt thự Hoàng Minh bên núi (Hoang Minh Mountainside Villa),"Ninh Xuân, Quận Hoa Lư, Việt Nam",Ninh Bình
63248943,HangmuaSunrise Homestay,"Khê Hạ, Quận Hoa Lư, Việt Nam",Ninh Bình
65814634,Khách sạn Hoa Lư City (Hoa Lu City Hotel),"255 Lê Thái Tổ Tân Thành, Việt Nam",Ninh Bình
12779506,Tam Coc The Moon Lady Homestay,"Tam Coc Đường, Việt Nam",Ninh Bình
72251971,Nhà phố cổ Hoa Lư (Hoa Lư Old Town House),"Hoa Lư, Việt Nam",Ninh Bình
6254205,Tam Cốc Paradise homestay (Tam Coc Paradise Homestay),"Tu De, Việt Nam",Ninh Bình
71331636,Khách sạn Riverside Phố cổ Hoa Lư (Riverside Hotel Hoa Lư Old Town),"32 Tr ng An T n Thành 10, Việt Nam",Ninh Bình
256356,Khách sạn Hoàng Sơn Peace (Hoang Son Peace Hotel),"Số 98 Đường Trịnh Tú, Phường Ninh Khánh, Việt Nam",Ninh Bình
52388233,Khách sạn Hoàng Hải 2 (Hoàng Hải 2 Hotel),"33/50 Truong Han Sieu Phuc Truc, Việt Nam",Ninh Bình
55391242,Cao Thach homestay (Cao Thach Homestay),"Hai Nham Village, Thành phố Ninh Bình, Việt Nam",Ninh Bình
5962052,Tam Coc Golden Rice,"Ninh Hải, Việt Nam",Ninh Bình
6881916,KHÁCH SẠN RIO (RIO HOTEL),"68 Ky Lan Đường, Việt Nam",Ninh Bình
2260130,Le Jardin De Tam Coc,"Van Lam Hamlet, Việt Nam",Ninh Bình
66166718,Khách sạn Celina Ninh Bình (CELINA HOTEL Ninh Bình),"10 Tràng An Tân Thành, Việt Nam",Ninh Bình
8996930,The Banana Tree Hostel,"Tam Coc Boat Station Thai Vi Đường, Việt Nam",Ninh Bình
31317942,Khách sạn Diamond (Diamond Hotel),"Đinh Tất Miễn 45, Việt Nam",Ninh Bình
66074136,Khách sạn Tam Cốc Lighthouse (Tam Coc Lighthouse Hotel),"Dam Khe Ngoai village, Ninh Hai Phường, Việt Nam",Ninh Bình
4779429,Tam Coc Friendly Homestay,"Tam Coc Wharf, Việt Nam",Ninh Bình
4126952,Tam Coc Tropical Homestay,"Group 3, Việt Nam",Ninh Bình
55579950,Khu nghỉ dưỡng Fairy Mountain (Fairy Mountain Retreat),"Binh Khe Hamlet, Việt Nam",Ninh Bình
31123119,Khách sạn Lotus (Lotus Hotel ),"đội 3, Việt Nam",Ninh Bình
76135726,Vũ Hotel (Vu Hotel),"Thôn Thượng Nam, Thành phố Ninh Bình, Việt Nam",Ninh Bình
7021159,Tam Coc Village Bungalow,"Doi 1, Việt Nam",Ninh Bình
28826596,Ninh Bình Peaceful Retreat (Ninh Binh Peaceful Retreat),"Thị trấn Thiên Tôn, Xã Trường Yên Huyện Hoa Lư Tỉnh Ninh Bình, Việt Nam",Ninh Bình
68215593,Khách sạn & Biệt thự Serena Tam Cốc (Serena Tam Coc Hotel & Villa),"Ninh Hải, Việt Nam",Ninh Bình
69366985,Namistay Ninh Bình Linh Đức,"39 Nguyễn Tử Mẫn Nam Bình, Việt Nam",Ninh Bình
12041119,Khách Sạn Elizabeth Tam Cốc (Elizabeth Hotel Tam Coc),"Doi 4, Việt Nam",Ninh Bình
18934077,Hang Múa Village Homestay (Hang Mua Village Homestay ),"Khe Ha, Quận Hoa Lư, Việt Nam",Ninh Bình
66808139,Tam Cốc Minh Quân homestay (Tam Coc Minh Quan Homestay),"CoiKhe Village- Ninh Hai, Việt Nam",Ninh Bình
55486626,Thắng Thủy Tam Cốc Homestay (Thang Thuy Tam Coc Homestay),"Đội 4, Việt Nam",Ninh Bình
78927555,Adumi Retreat Tam Cốc (Adumi Retreat Tam Coc),"Xóm Hang Đùng, Xã ninh hải, Việt Nam",Ninh Bình
78693429,Foresta Trang An - Ninh Binh Homestay,"Foresta Ninh Binh Homestay, Quận Hoa Lư, Việt Nam",Ninh Bình
22986320,"Nhà riêng 39 m² 1 phòng ngủ, 1 phòng tắm riêng ở Quận Hoa Lư (Twin Room with Mountain View)","Khe Thuong Village, Ninh Xuan Phường, Quận Hoa Lư, Việt Nam",Ninh Bình
43417,Thuy Anh Hotel,"02 ( OLD 55A ) Trương H n Si u Ninh Bình, Việt Nam",Ninh Bình
52247507,Tam Cốc Min House (Tam Coc Min House),"Côi Khê, Việt Nam",Ninh Bình
36916565,Tam Coc LiLy Homestay,"Đường 491C, Việt Nam",Ninh Bình
11021645,Lodge By Tam Coc lake,"Đội 3 _ Ao Cá _ Văn Lâm_ Ninh Hải _ Ninh Bình, Việt Nam",Ninh Bình
446551,Viet Huong Hotel,"Ninh Bình, 64 Hoàng Hoa Thám - Phường Thanh Bình, Việt Nam",Ninh Bình
46189055,Nhà khách Joy Nibi (Joy Nibi Guest House),"41 Đường Nam Thành, Việt Nam",Ninh Bình
7005554,Nhà Dân Áo Dài Tràng An (Trang An Ao Dai Homestay),"ng  245  147, Việt Nam",Ninh Bình
6910249,Tam Coc Heart Homestay,"Đội 1, Việt Nam",Ninh Bình
9377946,Khách Sạn Tam Cốc Sunshine (Tam Coc Sunshine Hotel),"491C Ninh Thang, Việt Nam",Ninh Bình
18957631,Tam Coc Scenery Homestay,"NINH THANG DOI 2 HANH CUNG, Việt Nam",Ninh Bình
78484687,Si Grand Ninh Binh Hotel,"272 Đường 30/6, Việt Nam",Ninh Bình
48723653,O Zoli Home,"67 Trần Hưng Đạo Đường, Phường 10, Việt Nam",Ninh Bình
2401379,Tam Coc Smile Homestay,"Van Lam, Việt Nam",Ninh Bình
7461888,Wafami Hostel Ninh Bình (Wafami Hostel Ninh Binh),"30 Phuc Thanh Ninh Bình, Việt Nam",Ninh Bình
63552037,Tam Coc Thao Nhi Homestay,"Tuân cáo - Ninh Thắng - Hoa Lư - Ninh Bình, Việt Nam",Ninh Bình
9776322,Khu Nghỉ Dưỡng và Spa Tam Cốc La Montagne (Tam Coc La Montagne Resort and Spa),"Dam Khe, Việt Nam",Ninh Bình
23009593,Tam Coc Sunrise Homestay,"Group 2, Việt Nam",Ninh Bình
65949436,"15 m² 1 phòng ngủ, 1 phòng tắm riêng ở Huyện Gia Viễn (NhaBoong-Homestay Riverside Ninh Binh)","Thôn Vân Hà, Xã Gia Phương, Huyện Gia Viễn, Việt Nam",Ninh Bình
79107220,One Day Tam Cốc Retreat,"Doi 2 Thon Hai Nham, Việt Nam",Ninh Bình
2843177,Tam Cốc Boutique Garden (Tam Coc Boutique Garden),"4300000 Tam Cốc - Văn Lâm - Hoa Lư - Ninh Bình, Việt Nam",Ninh Bình
4540625,Tam Cốc Friends Bungalow (Tam Coc Friends Bungalow Ninh Binh),"Đam Kh  234  Trong, Việt Nam",Ninh Bình
5942270,Tam Cốc Hello Homestay (Tam Coc Hello Homestay),"ninh hai, Việt Nam",Ninh Bình
31183956,Lotus Field homestay (Lotus Field Homestay),"Khê Thượng, Quận Hoa Lư, Việt Nam",Ninh Bình
6412221,Palm Homestay (Ninh Binh Palm Homestay),"Xóm 5, Huyện Gia Viễn, Việt Nam",Ninh Bình
67600284,Ninh Binh Mountainside Bungalow,"Đi Hang Hạnh Thôn khê thượng - xã ninh xuân, Quận Hoa Lư, Việt Nam",Ninh Bình
1622988,Binh Minh Hotel Ninh Binh,"11 Luong Van Tuy Đường, Việt Nam",Ninh Bình
36117079,Trang An Nature View Homestay,"Tràng An, Quận Hoa Lư, Việt Nam",Ninh Bình
60822713,Khách sạn và Spa Tam Cốc Nam Hoa (Tam Coc Nam Hoa Hotel and Spa),"Tam Coc Đường, Việt Nam",Ninh Bình
35687405,Ninh Binh Royal Homestay,"Ninh Xuan Hoa Lu, Quận Hoa Lư, Việt Nam",Ninh Bình
43020958,Tam Coc Amandavillas,"Tam Coc - Ninh Hai - Hoa Lu - Ninh Binh, Việt Nam",Ninh Bình
39068125,Minawa Kenhga Resort & Spa Ninh Bình (Minawa Kenhga Resort & Spa Ninh Binh),"Thôn Kênh Gà, Huyện Gia Viễn, Việt Nam",Ninh Bình
69127603,Kien Trang 2 Homestay,"Tràng An đi Hang Múa, Quận Hoa Lư, Việt Nam",Ninh Bình
18709087,Le Clos Du Fil,"Thôn Văn Lâm, Huyện Hoa Lư, Việt Nam",Ninh Bình
12184666,Thăng Loan Tam Cốc Hostel (Thang Loan Tam Coc Hostel),"đội 2, Việt Nam",Ninh Bình
31637107,Trang An Quynh Trang Happy Homestay & Garden,"Thôn Khê Thượng, Quận Hoa Lư, Việt Nam",Ninh Bình
4123826,Khách sạn Thập Tam Hoàng gia (Thap Tam Royal Hotel),"dong thanh, Quận Hoa Lư, Việt Nam",Ninh Bình
8525896,Bái Đính Eco Homestay (Bai Dinh Eco Homestay),"xom 4, Huyện Gia Viễn, Việt Nam",Ninh Bình
64343900,Tam Coc Green Haven Retreat,"Hoa Lư, Việt Nam",Ninh Bình
50197362,Tam Coc Green Mountain Homestay,"Thôn Đam Khê Trong, Xã Ninh Hải, Huyện Hoa Lư, Việt Nam",Ninh Bình
52244129,The Pineapple House,"đam khê, Việt Nam",Ninh Bình
37353201,Tam Cốc Việt Hà Homestay (Tam Coc Viet Ha Homestay),"Thon Coi Khe, Việt Nam",Ninh Bình
61791072,Ohayo Tam Coc Homestay,"Ninh Hải, Việt Nam",Ninh Bình
6905328,Amazing Ninh Binh Garden,"Đường Hang Múa, Xã Ninh Xuân, Quận Hoa Lư, Việt Nam",Ninh Bình
64096453,BamBoo Villa Homestay,"thôn hành cung xã ninh thắng hoa lư ninh bình villa Động Tam Cốc - Bích Động, Việt Nam",Ninh Bình
65481705,Trang An Natura Bungalow,"Khê thượng ninh xuân hoa lư, Quận Hoa Lư, Việt Nam",Ninh Bình
55356949,Lala Boutique Villas,"Đông Khê, Huyện Gia Viễn, Việt Nam",Ninh Bình
41768757,TAM COC MOMENT homestay (TAM COC MOMENT HOMESTAY),"Xóm Lò Vôi, Việt Nam",Ninh Bình
73329304,Bungalow Tam Cốc ATHLECTIC (Tam Coc ATHLECTIC BUNGALOW),"Ninh Hải, Việt Nam",Ninh Bình
11948891,Tam Coc Hung Ha Homestay,"Động Tam Cốc - Bích Động, Thôn Hành Cung_ Xã Ninh Thắng_ Huyện Hoa Lư_Ninh Bình, Việt Nam",Ninh Bình
5254379,Tuyet's Homestay,"Khe Ha, Quận Hoa Lư, Việt Nam",Ninh Bình
18983323,Tam Coc Relax homestay (tam coc relax homestay),"Đường tam cốc Ninh Thắng, Việt Nam",Ninh Bình
38670964,Xuân Anh Garden,"19 Nguyen Binh Khien Đường, Ninh Khanh Phường, Việt Nam",Ninh Bình
34157965,Tan Dinh Farmstay,"Thôn Hải Nham, Xã Ninh Hải, Huyện Hoa Lư, Việt Nam",Ninh Bình
4972035,tam coc valley homestay,"Thôn Hải Nham, Xã Ninh Hải, Huyện Hoa Lư, Việt Nam",Ninh Bình
79114574,One Day Tam Cốc Retreat (One Day Tam Coc Retreat),"Thon Hai Nham, Việt Nam",Ninh Bình
72810799,Tony Garden Bungalow,"Tony Garden Bungalow bungalow, Quận Hoa Lư, Việt Nam",Ninh Bình
1588865,Thuan Thanh Hotel,"Pho Kim Da, Việt Nam",Ninh Bình
12243828,Victoria Hotel Ninh Binh,"50 dinh tat mien Ninh Bình, Việt Nam",Ninh Bình
47207089,Tamcoc Golden Shine homestay (Tamcoc Golden Shine Homestay),"Ninh Thắng, Việt Nam",Ninh Bình
61274398,Trang An River Mountain Ecolodge,"thon Khe Ha, Quận Hoa Lư, Việt Nam",Ninh Bình
44884179,Mai Mountain homestay (Mai Mountain Homestay),"Doi 4, Việt Nam",Ninh Bình
73568662,Vivian riverside cottage (Vivian riverside cottage - Ninh Bình),"479 B Ninh Xuân, Quận Hoa Lư, Việt Nam",Ninh Bình
59356218,Khách sạn Phúc Lộc Ninh Bình (Phúc Lộc Hotel Ninh Bình),"659 Nguyễn Huệ Nam Bình, Việt Nam",Ninh Bình
9092596,Tam Cốc Thái Dương homestay (Tam Coc Thai Duong Homestay),"dan-than, Việt Nam",Ninh Bình
10714267,Ninh Binh Valle Montana Homestay,"Khê Thượng, Quận Hoa Lư, Việt Nam",Ninh Bình
79368319,Khách sạn Minh Trang (Khach san Minh Trang),"Khách Sạn Minh Trang Số 40 Đường 30 Tháng 6, Việt Nam",Ninh Bình
67338275,Zen House Ninh Bình (Zen House Ninh Binh),"18 Tràng An Ninh Bình, Việt Nam",Ninh Bình
6391836,khách sạn Tam cốc legend (Tam coc legend hotel),"Ninh Hai Primary School Đường, Việt Nam",Ninh Bình
6345745,Wild Flower Homestay,"37 Phố Bình Hòa Ninh Bình, Phường Ninh Khánh, Thành phố Ninh Bình, Việt Nam",Ninh Bình
7082448,Khách Sạn Tràng An Flower (Trang An Flower Hotel),"Số 03 Ngõ 50 Đinh tất Miễn, Phường Tân Thành, Thành phố Ninh Bình, Việt Nam",Ninh Bình
37993251,Trang an green river homestay,"thôn Trường An xã trường yên, Quận Hoa Lư, Việt Nam",Ninh Bình
77148360,Ninh Binh Alisa Hotel,"53 Lê Hồng Phong Ninh Bình, Việt Nam",Ninh Bình
16784983,Khách sạn Della Luna Ninh Bình (Della Luna Hotel Ninh Binh),"Team 4 Tam Coc, Việt Nam",Ninh Bình
67507544,Trang An Cuisine & Homestay,"247 Lê Thái Tổ Ninh Bình, Việt Nam",Ninh Bình
37717021,Tam Coc Harbor Hotel & Travel,"Đội 3 văn lâm, Việt Nam",Ninh Bình
59112148,Peaceful refuge homestay,"Số nhà 31 ngõ 10 Đường Nguyễn minh không, Việt Nam",Ninh Bình
78457755,MAY HOMESTAY phố cổ NINH BÌNH (MAY HOMESTAY pho co NINH BINH),"Ninh Bình, Việt Nam",Ninh Bình
16266369,Tam Coc Sky Bungalow,"Đội 1, Việt Nam",Ninh Bình
759274,An Phu homestay (An Phu Homestay),"Thôn Thượng Nam, Xã Ninh Nhất, Việt Nam",Ninh Bình
8996910,Tam Coc Summer Bungalow,"Group 3, Việt Nam",Ninh Bình
9928485,Khách Sạn Tam Cốc Cosiana (Tam Coc Cosiana Hotel),"van lam, Việt Nam",Ninh Bình
76891514,Hidden Rock Tam Cốc (Hidden Rock Tam Coc),"Hoa Lư, Việt Nam",Ninh Bình
11105767,Tam Cốc Luxury Homestay (Tam Coc Luxury Homestay),"Động Tam Cốc - Bích Động, Đội 1 Thôn Văn Lâm Xã Ninh Hải Huyện Hoa Lư Tỉnh Ninh Bình, Việt Nam",Ninh Bình
78329925,Pho Co Hotel Ninh Binh,"07 Tràng An 2 Ninh Bình, Việt Nam",Ninh Bình
38701329,Khu nghỉ dưỡng Hoa Lư Garden (Hoa Lu Garden Resort),"KM 7, Việt Nam",Ninh Bình
893980,Ninh Binh Family Homestay,"Xom 4, Huyện Gia Viễn, Việt Nam",Ninh Bình
80254367,Tràng An Peaceful Homestay,"Tràng An, Việt Nam",Ninh Bình
52499956,La Mai Tam Coc homestay (La Mai Tam Coc Homestay),"Ninh Hải, Việt Nam",Ninh Bình
64334295,Trang An Green Bungalow & Restaurant (TRANG AN GREEN BUNGALOW & RESTAURANT),"Thôn Trường AN, Quận Hoa Lư, Việt Nam",Ninh Bình
6023308,Tam Coc Family Friendly Homestay,"Tam Coc Đường - hoa lư district, Việt Nam",Ninh Bình
79451946,An house Ninh Binh,"An House   Restaurant   Banh Mi   Coffee   Food   Drink Số 04 Đường Thành công, Việt Nam",Ninh Bình
1191933,Van Long Family Homestay,"Van Long Gia Vien Ninh Binh, Việt Nam",Ninh Bình
8888574,Nhà Nan - Tam Cốc (Nan House - Tam Coc),"No 4, Việt Nam",Ninh Bình
11041731,Tam Coc Three Princess Homestay,"Đội 2 Văn Lâm - Ninh Hải - Hoa Lư - Ninh Bình Xóm Cộng Hòa - Văn Lâm - Ninh Hải - Hoa Lư - Ninh Bình, Việt Nam",Ninh Bình
10310487,Tam Cốc Haven Boutique Ninh Bình (Tam Coc Haven Boutique Ninh Binh ),"Hanh Cung Hamlet, Việt Nam",Ninh Bình
2832845,Tam Coc Green Homestay,"Văn Lâm Ninh Hải Hoa Lư Ninh Bình, Việt Nam",Ninh Bình
14695607,Khách sạn Legend Ngọc Anh (Ngoc Anh Legend Hotel),"30 Luong Van Tuy Ninh Bình, Việt Nam",Ninh Bình
76366304,Khu du lịch sinh thái Cánh Đồng Vàng (Khu Du Lịch - Sinh Thái Cánh Đồng Vàng),"Trường Yên, Quận Hoa Lư, Việt Nam",Ninh Bình
78324879,Tam Coc My Tho Homestay,"Thôn Côi Khê, Việt Nam",Ninh Bình
9804882,Hang Múa Central Homestay (Hang Mua Central Homestay),"Bao-Tam, Quận Hoa Lư, Việt Nam",Ninh Bình
71447307,Hotel Mountain View,"94 Phố Tiến Yết 94 Tiến yết thịnh trấn thịnh vượng Tỉnh gia viễn Ninh Bình, Huyện Gia Viễn, Việt Nam",Ninh Bình
6492218,Trang An NP homestay,"trang an Đường, Quận Hoa Lư, Việt Nam",Ninh Bình
70214398,Tam Coc Kamili Bungalow & Homestay,"Thôn côi khê, Thành phố hoa lư, Việt Nam",Ninh Bình
39637280,Tam Cốc Phương Nhi homestay (Tam Coc Phuong Nhi Homestay),"Ninh Hải, Việt Nam",Ninh Bình
78427564,Madam Seven Tam Coc,"Đội 3 Văn L m, Việt Nam",Ninh Bình
78854208,Đức Anh Hotel Ninh Binh (Đuc Anh Hotel Ninh Binh),"Trần Hưng Đạo, Việt Nam",Ninh Bình
5417709,"Nhà mặt đất 19 m² 5 phòng ngủ, 5 phòng tắm riêng ở Động Tam Cốc - Bích Động (Phi Hung's Unique Homestay)","Tam Coc Ninh Binh, Việt Nam",Ninh Bình
36114954,D&D Riverside Homestay,"Chi s Homestay, Quận Hoa Lư, Việt Nam",Ninh Bình
6258655,Cuong Hieu homestay (Cuong Hieu Homestay),"doi 4, Việt Nam",Ninh Bình
18230460,Tam Coc Cocoon homestay (Tam Coc Cocoon Homestay),"477C Tam Coc Bich Dong Caves Động Tam Cốc - Bích Động, Việt Nam",Ninh Bình
8666033,Khách Sạn Salina Ninh Bình (Salina Hotel Ninh Binh),"25 Phan Chu Trinh Khu đô thị mới Phúc Trì, Thành phố Ninh Bình, Việt Nam",Ninh Bình
6381563,Sunny Trang An homestay,"Ninh Nhất, Việt Nam",Ninh Bình
36701415,Binh An Nhien hotel,"90 Lê Hồng Phong Ninh Bình, Việt Nam",Ninh Bình
80089992,Cổ Việt Hotel (Co Viet Hotel),"Tràng An 2, Việt Nam",Ninh Bình
31627810,Nhà nghỉ Bolero (Nha nghi Bolero),"Thôn Hành Cung, Việt Nam",Ninh Bình
81047060,Trang an mountain view bungalow,"Ninh Bình, Quận Hoa Lư, Việt Nam",Ninh Bình
42031269,"Nhà riêng 5000 m² 1 phòng ngủ, 1 phòng tắm riêng ở Động Tam Cốc - Bích Động (Tam Coc Mountain Flower Homestay)","Động Tam Cốc - Bích Động, Việt Nam",Ninh Bình
66754487,Tam Cốc Newway Homestay (Tam Coc Newway Homestay),"NEWWAY HOMESTAY, Việt Nam",Ninh Bình
56784828,Non Nuoc Hotel,"Zone 4, Việt Nam",Ninh Bình
64342647,"Biệt thự 320 m² 4 phòng ngủ, 4 phòng tắm riêng ở Quận Hoa Lư (Tomas Retreat — Villa Ninh Bình)","Thị trấn Thiên Tôn, Việt Nam",Ninh Bình
45874750,"Căn hộ 100 m² 5 phòng ngủ, 6 phòng tắm riêng ở Động Tam Cốc - Bích Động (Hai Le tam coc happy homestay)","Hoa Lư, Việt Nam",Ninh Bình
77631744,Ham rong de lodge,"Tràng An đi Hang Múa 1, Quận Hoa Lư, Việt Nam",Ninh Bình
78329712,Tràng An Sunny Homestay,"Thon Noi, Quận Hoa Lư, Việt Nam",Ninh Bình
78340128,Chinh Thu Garden Homestay,"Khe Thuong, Quận Hoa Lư, Việt Nam",Ninh Bình
79351871,Sky Hotel,"Sky hotel, Việt Nam",Ninh Bình
75536205,"Căn hộ m² 3 phòng ngủ, 2 phòng tắm riêng ở Ninh Bình (Riverside Hotel )","Ninh Bình, Việt Nam",Ninh Bình
78331520,Tam Coc Harbor View Hotel & Travel,"Van Lam, Việt Nam",Ninh Bình
61773594,"Căn hộ 26 m² 1 phòng ngủ, 1 phòng tắm riêng ở Động Tam Cốc - Bích Động (Vi Hotel)","Động Tam Cốc - Bích Động, Việt Nam",Ninh Bình
76060720,"Nhà riêng m² 1 phòng ngủ, 1 phòng tắm riêng ở [location not yet specified] (Minh Triết Homestay)","Ninh Bình, Việt Nam",Ninh Bình
46594166,Tam coc happy homestay,"tam coc happy homestay xóm lò vôi, Việt Nam",Ninh Bình
44258591,"Nhà riêng 16 m² 18 phòng ngủ, 18 phòng tắm riêng ở Đầm Vân Long (Nha Nghi Long An)","Đầm Vân Long, Việt Nam",Ninh Bình
9372857,Ninh Binh Village 1990 Homestay,"thon Khe Ha, Quận Hoa Lư, Việt Nam",Ninh Bình
79103072,Hoalu Rosa Hotel,"Number 322, Việt Nam",Ninh Bình
6595276,Nhà mặt đất studio 70 m² có 1 phòng tắm riêng ở Quận Hoa Lư (Hoang Homestay),"Ninh Bình, Quận Hoa Lư, Việt Nam",Ninh Bình
1143853,Riverside Homestay (Riverside Homestay Ninh Binh),"Nguyen Huu An Đường, Việt Nam",Ninh Bình
7125996,Gia Nguyen Hotel,"Xom, Huyện Gia Viễn, Việt Nam",Ninh Bình
71446872,Sen Villa Tam Cốc (Sen Villa Tam Coc),"Động Tam Cốc - Bích Động, Việt Nam",Ninh Bình
78330782,Sunset Garden,"co loan ben, Việt Nam",Ninh Bình
78342721,Ninh Binh Peaceful Retreat,"Truong Yen, Quận Hoa Lư, Việt Nam",Ninh Bình
81042417,Tam Coc Anna Villa,"Tam Coc Anna Villa 5, Việt Nam",Ninh Bình
71410272,"m² 12 phòng ngủ, 12 phòng tắm riêng ở Quận Hoa Lư (Bamboo Riverside Homestay)","Ninh Bình, Quận Hoa Lư, Việt Nam",Ninh Bình
39514528,"Nhà riêng 130 m² 2 phòng ngủ, 1 phòng tắm riêng ở Ninh Bình (One Day 2 bedrooms apartment with sky view)","Ninh Bình, Việt Nam",Ninh Bình
39574501,"Nhà riêng 130 m² 2 phòng ngủ, 1 phòng tắm riêng ở Ninh Bình (Romantic lake getaway, suitable for family)","Ninh Bình, Việt Nam",Ninh Bình
80091180,Ninh Binh Mountain Resort,"Tràng An đi Hang Múa, Quận Hoa Lư, Việt Nam",Ninh Bình
79528877,Cometa Villas Ninh Bình,"Gia Minh, Huyện Gia Viễn, Việt Nam",Ninh Bình
25916946,"Nhà riêng 29 m² 1 phòng ngủ, 1 phòng tắm riêng ở Quận Hoa Lư (Twin Room with Garden View)","Ninh Bình, Quận Hoa Lư, Việt Nam",Ninh Bình
79458038,Hang Mua Cozy Homestay,"Đường Thượng Nam, Quận Hoa Lư, Việt Nam",Ninh Bình
16996206,"Nhà riêng 20 m² 1 phòng ngủ, 1 phòng tắm riêng ở Động Tam Cốc - Bích Động (GREEN SPACE HOMESTAY - 102)","Động Tam Cốc - Bích Động, Việt Nam",Ninh Bình
75242410,Chian homestay Hoa Lư (Chian Homestay Hoa Lu),"45 Đường Đinh Điền, Việt Nam",Ninh Bình
74540579,"Căn hộ m² 1 phòng ngủ, 1 phòng tắm riêng ở Động Tam Cốc - Bích Động (Hang Múa Bungalow )","Ninh Bình, Quận Hoa Lư, Việt Nam",Ninh Bình
503335,Khách sạn Nhà hàng Tam Cốc Panorama and Vegan (Tam Coc Panorama Hotel Restaurant and Vegan ),"Tam Coc, Việt Nam",Ninh Bình
46748971,"Nhà riêng 39 m² 1 phòng ngủ, 1 phòng tắm riêng ở Quận Hoa Lư (Deluxe Room with Mountain View)","Ninh Bình, Quận Hoa Lư, Việt Nam",Ninh Bình
73535142,Núi Vàng Tràng An,"Xom Vang, Việt Nam",Ninh Bình
5177341,Tam Coc - Thành Homestay (Tam Coc - Thanh Homestay),"Tam Coc, Việt Nam",Ninh Bình
45032692,Ninh Binh Sona Resort,"Thon Thuong, Việt Nam",Ninh Bình
78345951,Ali Home,"Ninh Xuan, Quận Hoa Lư, Việt Nam",Ninh Bình
48886323,Nice homestay in Ninh Binh,"Ninh Bình, Quận Hoa Lư, Việt Nam",Ninh Bình
4138431,"Nhà mặt đất 530 m² 8 phòng ngủ, 8 phòng tắm riêng ở Động Tam Cốc - Bích Động (Tam Coc Craft Homestay)","Group 3, Việt Nam",Ninh Bình
74395911,Tam Cốc Homestay Thanh Thắng (Tam Coc Homestay Thanh Thang),"6W7P 4HG Hoa Lư Động Tam Cốc - Bích Động, Việt Nam",Ninh Bình
36146716,My Tam Cốc Bungalow (My Tam Coc Bungalow),"Xóm Bích Động, Việt Nam",Ninh Bình
71486982,Salina Hotel,"55 Phan Chu Trinh Ninh Bình, Việt Nam",Ninh Bình
6952885,Khách Sạn Melbourne Ninh Bình (Melbourne Hotel Ninh Binh),"Đường Nguyễn Hữu An, Việt Nam",Ninh Bình
37653612,Hien Thuc Hotel,"Xóm 5, Huyện Gia Viễn, Việt Nam",Ninh Bình
74718957,Vi Homestay Lake View,"Ninh Bình, Việt Nam",Ninh Bình
75618905,Khách sạn Hoa Lư City (Hoa Lư City Hotel ),"255 Đường Lê Thái Tổ, Việt Nam",Ninh Bình
78347307,Tam Coc Golden Fields Homestay,"Hang Ðùng, Việt Nam",Ninh Bình
73472749,Sinh thái núi Rocky (Rocky mountain ecology),"Xóm Vũng Trắng, Thành phố Hoa Lư, Việt Nam",Ninh Bình
59868443,"The Paradise Apartment - 61 Hung Vuong 2, Ninh Binh City","61 Hùng Vương 2 Ninh Bình, Việt Nam",Ninh Bình
16798110,Luna Nature Homestay,"Ninh Bình, Quận Hoa Lư, Việt Nam",Ninh Bình
78746068,Sol Flow Retreat,"Thôn Nội, Việt Nam",Ninh Bình
78329743,JOY.ur Home,"744 Tran Hung Dao Ninh Bình, Việt Nam",Ninh Bình
65686298,Bungalow Tam Cốc Sunny Fields (Tam Coc Sunny Fields Bungalow),"10 Ninh Hải, Việt Nam",Ninh Bình
64393340,Trang An Family Homestay Ninh Binh,"6WWM P2 Ninh Bình, Quận Hoa Lư, Việt Nam",Ninh Bình
74406340,"m² 1 phòng ngủ, 1 phòng tắm riêng ở Quận Hoa Lư (Trang An Rice Field )","Ninh Bình, Quận Hoa Lư, Việt Nam",Ninh Bình
18873690,"Nhà riêng 20 m² 1 phòng ngủ, 1 phòng tắm riêng ở Động Tam Cốc - Bích Động (GREEN SPACE HOMESTAY 202)","Động Tam Cốc - Bích Động, Việt Nam",Ninh Bình
433007,Gia Vien Hotel,"175/4-6 Đường Phạm Ngũ Lão, Quận 1, Hồ Chí Minh, Việt Nam",Thành phố Hồ Chí Minh
31265633,KHÁCH SẠN SÂN BAY GALAXY (GALAXY AIRPORT HOTEL),"38/6 Lam sơn Tân Bình, Phường 2, Quận Tân Bình, Hồ Chí Minh, Việt Nam",Thành phố Hồ Chí Minh
393424,Khách sạn Quý Hùng - Trung tâm Thành phố (Quý Hùng Hotel - City Centre),"20 Đặng Thị Nhu, Phường Nguyễn Thái Bình, Quận 1, Hồ Chí Minh, Việt Nam",Thành phố Hồ Chí Minh
8233455,Khách Sạn Akoya Trung Tâm Sài Gòn (Akoya Saigon Central Hotel),"88 Ly Tu Trong, Ben Thanh Phường, Quận 1, Hồ Chí Minh, Việt Nam",Thành phố Hồ Chí Minh
75148554,The Royal Healing - Phú Mỹ Hưng (The Royal Healing - Phu My Hung),"188 H Huy Tập, Phường T n Phong, Quận 7, Hồ Chí Minh, Việt Nam",Thành phố Hồ Chí Minh
74376240,Zeus Living - Phòng trong biệt thự An Phú (Zeus Living - Room in Villa An Phu),"83B D. Văn An Thảo Điền, Quận 2, Hồ Chí Minh, Việt Nam",Thành phố Hồ Chí Minh
9059759,Khách sạn Diamond - Gần khu ẩm thực đêm Sài Gòn (Diamond Hotel - Near Saigon Night Food),"283/76-78 Cách Mạng Tháng 8, Phường 12, Quận 10, Hồ Chí Minh, Việt Nam",Thành phố Hồ Chí Minh
569784,Khách sạn A25 - 274 Đề Thám (A25 Hotel - 274 De Tham),"274 De Tham Phuong Ben Thanh, Quận 1, Hồ Chí Minh, Việt Nam",Thành phố Hồ Chí Minh
62548417,Home Away Đặng Thị Nhu (Home Away Dang Thi Nhu),"23 Dang Thi Nhu St, Nguyen Thai Binh Phường, Quận 1, Hồ Chí Minh, Việt Nam",Thành phố Hồ Chí Minh
10889436,Khách sạn BLESSED (BLESSED Hotel),"46-48 Hung Gia 1 st District 7, Tan Phong Phường, Quận 7, Hồ Chí Minh, Việt Nam",Thành phố Hồ Chí Minh
5944280,Khách Sạn 99 Bùi Viện (Boutique) (99 Bui Vien Hotel (Boutique)),"99 Đường Bui Vien, Phường Pham Ngu Lao, Thành phố Hồ Chi Minh, Hồ Chí Minh, Việt Nam",Thành phố Hồ Chí Minh
336669,Khách sạn A25 - 251 Hai Bà Trưng HCM (A25 Hotel - 251 Hai Bà Trưng HCM),"251 Hai Ba Trung Phuong Xuan Hoa, Quận 3, Hồ Chí Minh, Việt Nam",Thành phố Hồ Chí Minh
36924896,The Lovenote Home,"177/6 Trương Định No. 177/6, Quận 3, Hồ Chí Minh, Việt Nam",Thành phố Hồ Chí Minh
9805722,Sky Gem Central Hotel,"26-28 Dong Du Đường, Sai Gon Phường, Quận 1, Hồ Chí Minh, Việt Nam",Thành phố Hồ Chí Minh
41592368,Khách sạn The Shilla Luxury I (The Shilla Luxury I Hotel),"75 Pham Khiem Ich, Tan Phong Phường, Quận 7, Hồ Chí Minh, Việt Nam",Thành phố Hồ Chí Minh
63407724,Goby home tại Rivergate Luxury Apartment (Goby home in Rivergate Luxury Apartment ),"Room 151-155, Phường 6, Quận 4, Hồ Chí Minh, Việt Nam",Thành phố Hồ Chí Minh
38474023,CityHouse - Villea,"43 Nguyễn Bá Tòng Cityhouse Villea, Hồ Chí Minh, Việt Nam",Thành phố Hồ Chí Minh
76106267,Khách sạn Golden Lunar - Phố đi bộ Bùi Viện (Golden Lunar Hotel - Bui Vien Walking Street ),"175/24 Phạm Ngũ Lão, Phường Phạm Ngũ Lão, Quận 1, Hồ Chí Minh, Việt Nam",Thành phố Hồ Chí Minh
34336345,Khách sạn THE QUEENDOR Boutique (THE QUEENDOR BOUTIQUE HOTEL ),"2 Quách Văn Tuấn Tân Bình, Hồ Chí Minh, Việt Nam",Thành phố Hồ Chí Minh
9864727,The Bloom Phạm Viết Chánh – Không gian sống hiện đại tại Sài Gòn – Góc Nhật tinh tế (The Bloom Pham Viet Chanh - Modern Living Space in Saigon - An Exquisite Japanese Corner),"No. 40/8/3 Pham Viet Chanh Đường, Phường 19, Hồ Chí Minh, Việt Nam",Thành phố Hồ Chí Minh
51484003,SAZI OPERA HOME HCMC,"5/10 Nguyen Sieu Đường, Quận 1, Hồ Chí Minh, Việt Nam",Thành phố Hồ Chí Minh
300972,Căn hộ dịch vụ Mayfair Suites (Mayfair Suites Serviced Apartment),"102C Cong Quynh Đường, Ben Thanh Phường, Quận 1, Hồ Chí Minh, Việt Nam",Thành phố Hồ Chí Minh
37988699,Nicecy Daily - Phố đi bộ Bùi Viện (Nicecy Daily - Bui Vien Walking Street),"40/29 Bui Vien Đường, Pham Ngu Lao Phường, Quận 1, Hồ Chí Minh, Việt Nam",Thành phố Hồ Chí Minh
68493854,Khách sạn sân bay Rainbow (Rainbow Airport Hotel),"87C Nguyễn Thái Bình Tân Bình, Phường 4, Quận Tân Bình, Hồ Chí Minh, Việt Nam",Thành phố Hồ Chí Minh
41328789,Express by M Village Nguyễn Văn Thủ,"Room 217, Da Kao Phường, Quận 1, Hồ Chí Minh, Việt Nam",Thành phố Hồ Chí Minh
42047083,Căn hộ Stock Holm (Stock Holm Apartment),"46 Co Giang Phu Nhuan District, Phường 2, Hồ Chí Minh, Việt Nam",Thành phố Hồ Chí Minh
7126504,Khách sạn Winsuites Sài Gòn (Winsuites Saigon Hotel),"28-30-32 Le Lai Đường, Ben Thanh Phường, Quận 1, Hồ Chí Minh, Việt Nam",Thành phố Hồ Chí Minh
39830655,Khách sạn M City Sài Gòn (M City Hotel Saigon),"52B Phạm Hồng Thái, Quận 1, Hồ Chí Minh, Việt Nam",Thành phố Hồ Chí Minh
6393602,Holiday Inn & Suites Sân bay Sài Gòn (Holiday Inn & Suites Saigon Airport By IHG),"18E Cong Hoa Đường, Tan Son Nhat Phường, Hồ Chí Minh, Việt Nam",Thành phố Hồ Chí Minh
401248,Alagon City Hotel & Spa,"56-58 Phạm Hồng Th i, Quận 1, Hồ Chí Minh, Việt Nam",Thành phố Hồ Chí Minh
6380098,Emerald Central (Emerald Central ),"69-71 Huỳnh Tịnh Của, Phường V Thị S u, Quận 3, Hồ Chí Minh, Việt Nam",Thành phố Hồ Chí Minh
10978,Khách Sạn Royal Sài Gòn (Royal Hotel Saigon),"133 Đại Lộ Nguyễn Huệ, Quận 1, Hồ Chí Minh, Việt Nam",Thành phố Hồ Chí Minh
38513376,Khách sạn Ciao Sài Gòn 2 (Ciao Saigon 2 Hotel),"30 Đống Đa Tân Bình, Hồ Chí Minh, Việt Nam",Thành phố Hồ Chí Minh
59352278,Khách sạn M Village Tao Đàn Park (M Village Hotel Tao Đàn Park),"14 Truong Dinh, Vo Thi Sau Phường, Quận 3, Hồ Chí Minh, Việt Nam",Thành phố Hồ Chí Minh
545783,Valentine Hotel,"93/1 Nguyễn Chí Thanh, Quận 5, Hồ Chí Minh, Việt Nam",Thành phố Hồ Chí Minh
42007252,Express by M Village Đinh Công Tráng,"22 Dinh Cong Trang, Tan Dinh Phường, Quận 1, Hồ Chí Minh, Việt Nam",Thành phố Hồ Chí Minh
60774800,Siris Lune Residence - Tự nhận phòng (Siris Lune Residence - Self Checkin),"78 Đặng Đại Độ T n Hưng, Quận 7, Hồ Chí Minh, Việt Nam",Thành phố Hồ Chí Minh
51081480,Khách sạn Lê Vũ (Le Vu Hotel),"19 Room 265, Quận 1, Hồ Chí Minh, Việt Nam",Thành phố Hồ Chí Minh
28445719,LuxHomes Sài Gòn - Vinhomes Central Park (LuxHomes Saigon - Vinhomes Central Park),"208 Landmark Building, Phường 22, Hồ Chí Minh, Việt Nam",Thành phố Hồ Chí Minh
8058874,Khách Sạn Calmette (Calmette Hotel),"151 Calmette, Phường Nguyễn Thái Bình, Quận 1, Hồ Chí Minh, Việt Nam",Thành phố Hồ Chí Minh
17522772,MEANDER Sài Gòn (MEANDER Saigon),"3B Ly Tu Trong St Ho Chi Minh City, Sai Gon Phường, Quận 1, Hồ Chí Minh, Việt Nam",Thành phố Hồ Chí Minh
6494743,The Hammock Hotel Fine Arts Museum,"59-61 Nguyen Thai Binh District 1, Nguyen Thai Binh Phường, Quận 1, Hồ Chí Minh, Việt Nam",Thành phố Hồ Chí Minh
62079151,Khách sạn Cosy (Cosy Hotel),"527/2/7 Phan Văn Trị G Vấp, Phường 5, Hồ Chí Minh, Việt Nam",Thành phố Hồ Chí Minh
36087877,Ekomo Home 102 - Trung tâm Sài Gòn (Ekomo Home 102 - Central Saigon),"102/42 Cong Quynh District 1, Phường Pham Ngu Lao, Quận 1, Hồ Chí Minh, Việt Nam",Thành phố Hồ Chí Minh
62984364,Raddison Luxury Căn hộ cao cấp - Khu Landmark 81 & Great Park (Raddison Luxury Apart-Landmark 81 Area &Great Park),"208 Nguyen Huu Canh Đường, Hồ Chí Minh, Việt Nam",Thành phố Hồ Chí Minh
36114319,Khách sạn A-IN DELLUNA (A-IN HOTEL DELLUNA),"126 Đề Thám, Quận 1, Hồ Chí Minh, Việt Nam",Thành phố Hồ Chí Minh
64235957,CityHouse - El Pino Realm tại Metro Chợ Bến Thành (CityHouse - El Pino Realm at Metro Ben Thanh Market ),"70-72-74 Pho Duc Chinh District 1, Nguyen Thai Binh Phường, Quận 1, Hồ Chí Minh, Việt Nam",Thành phố Hồ Chí Minh
5731405,Aiden Saigon Hotel,"28-30-32-34 Đường No.26, Phường 11, Quận 6, Hồ Chí Minh, Việt Nam",Thành phố Hồ Chí Minh
31008169,SAVIHOUSE - HUCH Villa (SAVIHOUSE - HUCH VILLA),"No. 29/9, Phường 10, Hồ Chí Minh, Việt Nam",Thành phố Hồ Chí Minh
148706,Silverland Bến Thành (Silverland Ben Thanh),"14 -16 Le Lai, Quận 1, Hồ Chí Minh, Việt Nam",Thành phố Hồ Chí Minh
60897675,Khách sạn Hoàng Quân - Gò Vấp (Hoàng Quân Hotel - Gò Vấp),"26 Nguyen Van Luong, Phường 6, Hồ Chí Minh, Việt Nam",Thành phố Hồ Chí Minh
9402645,Khách sạn A25 - 25 Trương Định (A25 Hotel - 25 Truong Dinh),"25 Truong Dinh Phuong Ben Thanh, Quận 1, Hồ Chí Minh, Việt Nam",Thành phố Hồ Chí Minh
47664775,5H Garden (5H Garden ),"72 Trương Quốc Dung Phu Nhuan, Phường 10, Hồ Chí Minh, Việt Nam",Thành phố Hồ Chí Minh
60848111,Khách sạn sân bay Green (Green Airport Hotel),"50 Trường Sơn Đường, Phường 2, Hồ Chí Minh, Việt Nam",Thành phố Hồ Chí Minh
40214773,Khách sạn The Rice (THE RICE HOTEL),"40/9 Bui Vien Phuong Ben Thanh, Thành phố Ho Chi Minh, Hồ Chí Minh, Việt Nam",Thành phố Hồ Chí Minh
240681,Kim Yen Hotel,"126 Nguyễn Trọng Tuyển Phú Nhuận, Phường 15, Quận Phú Nhuận, Hồ Chí Minh, Việt Nam",Thành phố Hồ Chí Minh
50099,Dong Khanh Hotel,"Số 2 Trần Hưng Đạo B, Phường 7, Quận 5, Hồ Chí Minh, Việt Nam",Thành phố Hồ Chí Minh
17248152,Khách sạn & Căn hộ Golden Tree (Golden Tree Hotel & Apartment),"120 Ha Huy Tap District 7, Tan Phong Phường, Quận 7, Hồ Chí Minh, Việt Nam",Thành phố Hồ Chí Minh
519480,Khách sạn Sky Gem Sora (Sky Gem Hotel Sora),"11 Thái Văn Lung, Phường Bến Nghé, Quận 1, Hồ Chí Minh, Việt Nam",Thành phố Hồ Chí Minh
60719087,Căn hộ cao cấp Landmark Plus (LANDMARK PLUS RESIDENCES LUXURY SUITE),"720A Dien Bien Phu Đường, Hồ Chí Minh, Việt Nam",Thành phố Hồ Chí Minh
34722257,M Village Living Lý Chính Thắng,"127 Ly Chinh Thang, Phường Vo Thi Sau, Quận 3, Hồ Chí Minh, Việt Nam",Thành phố Hồ Chí Minh
72431513,Signy House Premier 1,"56 Trần Quý Khoách, Phường Tân Định, Quận 1, Hồ Chí Minh, Việt Nam",Thành phố Hồ Chí Minh
78443705,Khách sạn & Homestay Chạm's (Chạm's Hotel & Homestay),"3/21 Quốc Hương, Quận 2, Hồ Chí Minh, Việt Nam",Thành phố Hồ Chí Minh
71472894,V-Living Lam Sơn (V Living Lam Son),"48/14 Đường Lam Sơn, Phường 2, Hồ Chí Minh, Việt Nam",Thành phố Hồ Chí Minh
51854421,Khách sạn 22Land Sài Gòn (22Land Hotel Saigon),"25 Le Thanh Ton Đường, Quận 1, Hồ Chí Minh, Việt Nam",Thành phố Hồ Chí Minh
517193,Khách sạn LeBlanc Sài Gòn (LeBlanc Hotel Saigon),"416/2 Nguyễn Đ nh Chiểu, Phường 4, Quận 3, Hồ Chí Minh, Việt Nam",Thành phố Hồ Chí Minh
165454,The Spring Hotel,"44-46 Le Thanh Ton St, Quận 1, Hồ Chí Minh, Việt Nam",Thành phố Hồ Chí Minh
70998925,Căn hộ dịch vụ Cherysh (Cherysh Serviced Apartment),"6/18 C ch Mạng Th ng T m, Phường Bến Thành, Quận 1, Hồ Chí Minh, Việt Nam",Thành phố Hồ Chí Minh
5251574,Cicilia Sài Gòn Center (Cicilia Saigon Center ),"12D Cách Mạng Tháng 8, Phường Bến Thành, Quận 1, Hồ Chí Minh, Việt Nam",Thành phố Hồ Chí Minh
52008679,Khách sạn Cát Phúc (CÁT PHÚC HOTEL),"26 Bau Cat 2 Đường, Phường 14, Hồ Chí Minh, Việt Nam",Thành phố Hồ Chí Minh
410778,Crescent Residence 1,"103 Ton Dat Tien Tan Phu, Quận 7, Hồ Chí Minh, Việt Nam",Thành phố Hồ Chí Minh
236996,Khách sạn Bon Ami (Bon Ami Hotel - Thiên Xuân Hotel),"108-110 Đường Lê Thánh Tôn, Phường Bến Thành, Quận 1, Hồ Chí Minh, Việt Nam",Thành phố Hồ Chí Minh
34241810,Justay Pink Church,"22 Lý Chính Thắng, Quận 3, Hồ Chí Minh, Việt Nam",Thành phố Hồ Chí Minh
63405979,Khách sạn Acorn (ACORN HOTEL),"40/23 Đường Bùi Viện, Phường Phạm Ngũ Lão, Quận 1, Hồ Chí Minh, Việt Nam",Thành phố Hồ Chí Minh
68225211,Khách sạn Vyvy Dancentre sân bay (Dancentre Airport Stays - Vyvy Hotel),"283 Đường Ho ng Văn Thụ, Hồ Chí Minh, Việt Nam",Thành phố Hồ Chí Minh
37207652,Căn hộ cao cấp The Landmark 81 Residences (THE LANDMARK 81 RESIDENCES LUXURY SUITE),"720A Dien Bien Phu Ho Chi Minh City - LANDMARK 81 Building, Hồ Chí Minh, Việt Nam",Thành phố Hồ Chí Minh
12455968,Khách sạn Enjoy 5A (Enjoy Hotel 5A),"So 2 Đường 5A  Bình Hưng, Hồ Chí Minh, Việt Nam",Thành phố Hồ Chí Minh
408750,Khách Sạn Adora Art (Adora Art Hotel),"189-191 Lý Tự Trọng, Quận 1, Hồ Chí Minh, Việt Nam",Thành phố Hồ Chí Minh
178218,Khách sạn A&EM - The Petit (A&EM - The Petit Hotel),"179 L Tự Trọng, Phường Bến Thành, Quận 1, Hồ Chí Minh, Việt Nam",Thành phố Hồ Chí Minh
60145768,The Royal Vista - Phú Mỹ Hưng (The Royal Vista - Phu My Hung),"22-24 Nội khu Hưng Gia 1, Phường T n Phong, Quận 7, Hồ Chí Minh, Việt Nam",Thành phố Hồ Chí Minh
6963916,Khách sạn Lucky Star (Lucky Star Hotel 266 De Tham),"266 Đề Thám quận 1, Phường Phạm Ngũ Lão, Hồ Chí Minh, Việt Nam",Thành phố Hồ Chí Minh
46875538,Khách sạn Ngọc Lan (Ngọc Lan Hotel),"293 Ly Thuong Kiet District 11, Phường 15, Quận 11, Hồ Chí Minh, Việt Nam",Thành phố Hồ Chí Minh
6997655,La Galerie Hotel,"17-19 Đường so 4  binh hung, Hồ Chí Minh, Việt Nam",Thành phố Hồ Chí Minh
18512759,Khách sạn Winston Riverside (Hotel Winston Riverside),"1110B Phạm Văn Đồng Thủ Đức, Phường Linh Đông, Quận Thủ Đức 6, Hồ Chí Minh, Việt Nam",Thành phố Hồ Chí Minh
52195402,Khách sạn Nik Nguyễn Trãi (Nik Hotel Nguyen Trai),"Đường Nguyễn Tr  227 i, Quận 1, Hồ Chí Minh, Việt Nam",Thành phố Hồ Chí Minh
72222271,Căn hộ S Home (S Home Apartment),"145/11 Đường Nguyễn Văn Trỗi, Hồ Chí Minh, Việt Nam",Thành phố Hồ Chí Minh
315667,Khách sạn Novotel Saigon Centre (Novotel Saigon Centre Hotel),"167 Đường Hai Bà Trưng, Quận 3, Hồ Chí Minh, Việt Nam",Thành phố Hồ Chí Minh
38685437,Khách sạn Nicecy - Căn hộ Sài Gòn City (Nicecy Hotel - Apartment Sai Gon City),"345 Tran Hung Dao Đường, Cau Kho Phường, Quận 1, Hồ Chí Minh, Việt Nam",Thành phố Hồ Chí Minh
294859,Vuong Tai Hotel,"20 Luu Van Lang St District 1, Quận 1, Hồ Chí Minh, Việt Nam",Thành phố Hồ Chí Minh
79564676,Rivergate by Sirius,"151 - 155 Bến Vân Đồn RiverGate Residence, Phường Khánh Hội, Quận 4, Hồ Chí Minh, Việt Nam",Thành phố Hồ Chí Minh
79442386,Metropole Collections By Truestay,"20 Nguyễn Thiện Thành Thủ Thiêm, Quận 2, Hồ Chí Minh, Việt Nam",Thành phố Hồ Chí Minh
45138460,Biệt thự Terracotta Sài Gòn (TERRACOTTA VILLA SAIGON),"292/17 điên biên phủ p 17, Hồ Chí Minh, Việt Nam",Thành phố Hồ Chí Minh
344224,Khách sạn Kỳ Hòa Sài gòn (Ky Hoa Hotel Saigon),"238 Đường Ba Thang Hai, Phường H a Hưng, Quận 10, Hồ Chí Minh, Việt Nam",Thành phố Hồ Chí Minh
75926546,G'Villa Thảo Điền,"18 Đường 63, Quận 2, Hồ Chí Minh, Việt Nam",Thành phố Hồ Chí Minh
56230745,Khách sạn Mari Queen - Sương Nguyệt Ánh (Mari Queen Hotel - Suong Nguyet Anh),"91 Suong Nguyet Anh Đường, Pham Ngu Lao Phường, Quận 1, Hồ Chí Minh, Việt Nam",Thành phố Hồ Chí Minh
77655876,V Living Lê Thánh Tôn (V Living Le Thanh Ton),"270/2 Lê Thánh Tôn, Phường Bến Thành, Quận 1, Hồ Chí Minh, Việt Nam",Thành phố Hồ Chí Minh
6531337,Khách sạn & Căn hộ Indochine Bến Thành (Indochine Ben Thanh Hotel & Apartments),"30 Lưu Văn Lang Phường Bến Thành. Q1 TPHCM, Quận 1, Hồ Chí Minh, Việt Nam",Thành phố Hồ Chí Minh
46432470,Khách sạn M Village Hai Bà Trưng (M Village Hotel Hai Bà Trưng),"No. 180A Hai Ba Trung, Da Kao Phường, Quận 1, Hồ Chí Minh, Việt Nam",Thành phố Hồ Chí Minh
58271488,Khách sạn Ruby Star Nam Quốc Cang (Ruby Star Hotel Nam Quoc Cang),"18A Nam Quoc Cang Đường, Quận 1, Hồ Chí Minh, Việt Nam",Thành phố Hồ Chí Minh
62056439,Somi Luxstay Landmark 81,"208 Nguyen Huu Canh Landmark 81, Hồ Chí Minh, Việt Nam",Thành phố Hồ Chí Minh
21637603,Khách sạn và Căn hộ El Ocaso (El Ocaso hotel and apartments),"Internal Đường, Quận 7, Hồ Chí Minh, Việt Nam",Thành phố Hồ Chí Minh
13594309,Khách sạn & Căn hộ DHTS Business (DHTS Business Hotel & Apartment),"38/16 Nguyen Van Troi Phuong 15, Hồ Chí Minh, Việt Nam",Thành phố Hồ Chí Minh
5795638,H Best Nhà Trọ Cafe SaiGon (H Best Hostel Cafe SaiGon),"265/39 phạm Ngũ Lão, Phường Phạm Ngũ Lão, Quận 1, Hồ Chí Minh, Việt Nam",Thành phố Hồ Chí Minh
60764910,Khách sạn Suzu Sài Gòn - A Boutique Hotel (Suzu Saigon - A Boutique Hotel),"16 Ngo Van Nam, Ben Nghe Phường, Quận 1, Hồ Chí Minh, Việt Nam",Thành phố Hồ Chí Minh
78196925,Cubicity Hoàng Diệu (Cubicity Hoang Dieu),"34 Hẻm 42 Hoàng Diệu, Phường 13, Quận 4, Hồ Chí Minh, Việt Nam",Thành phố Hồ Chí Minh
63160533,The Royal Sky - Phú Mỹ Hưng (The Royal Sky - Phu My Hung),"73 Đường số 2  Phường T n Phong, Quận 7, Hồ Chí Minh, Việt Nam",Thành phố Hồ Chí Minh
34131814,"Khách sạn The Star - Phú Mỹ Hưng (Buffet sáng kiểu Hàn Quốc) (THE STAR HOTEL - PHU MY HUNG, HO CHI MINH (Korean Buffet Breakfast))","11A-15-17 Hung Phuoc 2 Quarter Phu My Hung Town, Quận 7, Hồ Chí Minh, Việt Nam",Thành phố Hồ Chí Minh
75601794,Kin Hotel Onsen Edition,"40 Hai B Trung, Phường S i G n, Quận 1, Hồ Chí Minh, Việt Nam",Thành phố Hồ Chí Minh
42935752,Khách sạn Bin Bin 9 gần Bệnh viện Tâm Anh (Bin Bin Hotel 9 Near Tam Anh Hospital),"24 Đường 1, Quận 7, Hồ Chí Minh, Việt Nam",Thành phố Hồ Chí Minh
61277523,Khách sạn BM (BM HOTEL),"148 Đường 55, Hồ Chí Minh, Việt Nam",Thành phố Hồ Chí Minh
237925,Khách sạn Centana Central (Centana Central Hotel),"270 Lý Tự Trọng, Phường Bến Thành, Quận 1, Hồ Chí Minh, Việt Nam",Thành phố Hồ Chí Minh
285191,Khách sạn Silverland Sil (Silverland Sil Hotel),"20 22 Thai Van Lung, Quận 1, Hồ Chí Minh, Việt Nam",Thành phố Hồ Chí Minh
59484518,Khách sạn Level Sài Gòn (Level SaiGon Hotel ),"118C B I Thi Xuan Đường, Ben Thanh Phường, Quận 1, Hồ Chí Minh, Việt Nam",Thành phố Hồ Chí Minh
9768270,Sumi Hotel Saigon,"139 Đường so 8, Thành phố Ho Chi Minh, Hồ Chí Minh, Việt Nam",Thành phố Hồ Chí Minh
44269399,Khách sạn Hải Nam (Sài Gòn) (Hải Nam Hotel ( Sài Gòn )),"169 Đường Lê Thánh Tôn, Quận 1, Hồ Chí Minh, Việt Nam",Thành phố Hồ Chí Minh
56360679,Nhà Nexus Làng Báo Chí (Nexus House Lang Bao Chi),"27 Đường 1, Quận 2, Hồ Chí Minh, Việt Nam",Thành phố Hồ Chí Minh
70177,Park Hyatt Sài Gòn (Park Hyatt Saigon),"02 C ng trường Lam Sơn, Quận 1, Hồ Chí Minh, Việt Nam",Thành phố Hồ Chí Minh
39581267,Khách sạn Silverland Mây (Silverland Mây Hotel),"28-30 Thi Sách, Quận 1, Hồ Chí Minh, Việt Nam",Thành phố Hồ Chí Minh
39865091,Khách sạn H.A.O Boutique (H.A.O Boutique Hotel),"252/41 Đường Cao Thắng, Phường 12, Quận 10, Hồ Chí Minh, Việt Nam",Thành phố Hồ Chí Minh
407610,Somerset Vista Hồ Chí Minh (Somerset Vista Ho Chi Minh City),"Quận 2, Hồ Chí Minh, Việt Nam",Thành phố Hồ Chí Minh
37323067,SOHO RESIDENCE 5 phút Bùi Viện đón miễn phí (SOHO RESIDENCE 5mins Bui Vien free pick up),"100 Cô Giang Soho residence, Quận 1, Hồ Chí Minh, Việt Nam",Thành phố Hồ Chí Minh
47207976,KIN WANDER Tân Quy (KIN WANDER TÂN QUY),"Đường 81, Tan Hung Phường, Quận 7, Hồ Chí Minh, Việt Nam",Thành phố Hồ Chí Minh
78958039,Khách sạn LAGUNA Premier (LAGUNA Premier Hotel),"28 Lê Văn Thiêm Tân Phong, Quận 7, Hồ Chí Minh, Việt Nam",Thành phố Hồ Chí Minh
1189049,Khách sạn A25 - 307 Lý Tự Trọng (A25 Hotel - 307 Lý Tự Trọng),"307 - 309 Ly Tu Trong Phuong Ben Thanh, Quận 1, Hồ Chí Minh, Việt Nam",Thành phố Hồ Chí Minh
337114,Khách sạn A25 - 75 Lê Thị Hồng Gấm (A25 Hotel - 75 Le Thi Hong Gam),"75 Le Thi Hong Gam Phuong Ben Thanh, Quận 1, Hồ Chí Minh, Việt Nam",Thành phố Hồ Chí Minh
168995,Khách Sạn Silverland Min (Silverland Min Hotel),"81 Hai Bà Trưng, Quận 1, Hồ Chí Minh, Việt Nam",Thành phố Hồ Chí Minh
6600326,The One Hotel Ben Thanh,"Số 230 Lý Tự Trọng, Phường Bến Thành, Quận 1, Hồ Chí Minh, Việt Nam",Thành phố Hồ Chí Minh
6591336,Aquarizon Boutique Dormitory & City Bar,"197 Bui Vien Đường, Pham Ngu Lao Phường, Quận 1, Hồ Chí Minh, Việt Nam",Thành phố Hồ Chí Minh
56029978,Khách sạn SAZI AMILA Nguyễn Huệ - Miễn phí Bánh Mì (SAZI AMILA Nguyen Hue Hotel - Free Banh Mi),"53 Huynh Thuc Khang Đường, Quận 1, Hồ Chí Minh, Việt Nam",Thành phố Hồ Chí Minh
161742,Khách sạn Kin Lý Tự Trọng (Kin Hotel Ly Tu Trong),"145-147 Lý Tự Trọng, Phường Bến Thành, Quận 1, Hồ Chí Minh, Việt Nam",Thành phố Hồ Chí Minh
73296222,Orange - Luxury Apartment Vinhomes Central Park,"208 Nguyen Huu Canh Landmark Plus Tower - Vinhomes Central Park, Thanh My Tay Phường, Hồ Chí Minh, Việt Nam",Thành phố Hồ Chí Minh
55985601,Nexus House Cây Điệp - Gần Dinh Độc Lập (Nexus House Cay Diep - Near Independence Palace),"161 Cay Diep Đường, Quận 1, Hồ Chí Minh, Việt Nam",Thành phố Hồ Chí Minh
16087741,The Alley Saigon Hotel,"283/24 Đường Phạm Ngũ L o, Quận 1, Hồ Chí Minh, Việt Nam",Thành phố Hồ Chí Minh
55768168,Khách sạn Luân Vũ - Phố đi bộ Bùi Viện (Luân Vũ Hotel - Bùi Viện Walking street),"35 Bui Vien Đường, Pham Ngu Lao Phường, Quận 1, Hồ Chí Minh, Việt Nam",Thành phố Hồ Chí Minh
42033088,Nhà trọ Sài Gòn Chill (Saigon Chill Hostel),"District 1, 28/10 Bùi Viện Pham Ngu Lao Phường, Quận 1, Hồ Chí Minh, Việt Nam",Thành phố Hồ Chí Minh
50119099,LalaHouse Summer Park,"49L Phan Đăng Lưu Phu Nhuận, Thành phố HCM, Hồ Chí Minh, Việt Nam",Thành phố Hồ Chí Minh
60794815,Căn hộ CityHouse - CD (CityHouse - CD Apartment),"339/24B Đường Lê Văn Sỹ, Phường 13, Quận 3, Hồ Chí Minh, Việt Nam",Thành phố Hồ Chí Minh
40286675,Khách sạn Bamboo Sài Gòn,"581 Đường Sư Vạn Hạnh, Quận 10, Hồ Chí Minh, Việt Nam",Thành phố Hồ Chí Minh
35966201,Khách sạn Language Exchange 3 (LANGUAGE EXCHANGE HOTEL 3),"212B C6/7 Nguyen Trai, Quận 1, Hồ Chí Minh, Việt Nam",Thành phố Hồ Chí Minh
70594637,Khách sạn APEC (APEC Hotel),"69/2/9 Nguyen Gia Tri Bình Thạnh, Hồ Chí Minh, Việt Nam",Thành phố Hồ Chí Minh
2962251,Hoang Lan Hotel,"107/16 Trương Định, Quận 3, Hồ Chí Minh, Việt Nam",Thành phố Hồ Chí Minh
49393466,Căn hộ Thịnh Vượng IX (Thinh Vuong Apartment IX ),"59 Đường so 6, Quận 7, Hồ Chí Minh, Việt Nam",Thành phố Hồ Chí Minh
61611269,Khách sạn The Rice 131 Bùi Viện (The Rice 131 Bui Vien Hotel),"131 Đường Bui Vien, Thành phố Ho Chi Minh, Hồ Chí Minh, Việt Nam",Thành phố Hồ Chí Minh
52229157,THE LUMIÈRE RIVERSIDE LUXURY SUITE,"259 Vo Nguyen Giap Đường, Quận 2, Hồ Chí Minh, Việt Nam",Thành phố Hồ Chí Minh
47842293,Căn hộ dịch vụ May Soho Sài Gòn (May Soho Saigon Serviced Apartment),"100 Cô Giang, Quận 1, Hồ Chí Minh, Việt Nam",Thành phố Hồ Chí Minh
63196558,The Metropole Luxury Residence by Bevista,"5 Đường D6, An Khanh Phường, Quận 2, Hồ Chí Minh, Việt Nam",Thành phố Hồ Chí Minh
20759935,Căn hộ dịch vụ Sen Spa (SEN SPA SERVICE APARTMENT),"10B1 Le Thanh Ton, Quận 1, Hồ Chí Minh, Việt Nam",Thành phố Hồ Chí Minh
6548519,KHÁCH SẠN BLUE DIAMOND 8B (BLUE DIAMOND 8B Hotel),"8B-8C Đường Lê Thánh Tôn, Phường Bến Nghé, Quận 1, Hồ Chí Minh, Việt Nam",Thành phố Hồ Chí Minh
67520848,Căn hộ City By Night Bến Thành (City By Night Ben Thanh Apartments),"45 Đường Đặng Thị Nhu, Phường Nguyễn Thái Bình, Quận 1, Hồ Chí Minh, Việt Nam",Thành phố Hồ Chí Minh
35511307,Khách sạn & Căn hộ LILA (LILA Hotel & Apartments),"94 Cao Triều Phát, LILA  Quận 7, Hồ Chí Minh, Việt Nam",Thành phố Hồ Chí Minh
61379417,Scenic Valley 2,"801 Nguyen Van Linh Đường, Tan Phu Phường, Quận 7, Hồ Chí Minh, Việt Nam",Thành phố Hồ Chí Minh
237735,Khách sạn Liên An Saigon (Lien An Saigon Hotel),"181 Lê Thánh Tôn, Phường Bến Thành, Quận 1, Hồ Chí Minh, Việt Nam",Thành phố Hồ Chí Minh
36247754,Khách sạn Elisa (Elisa Hotel),"172 Đường 7, Hồ Chí Minh, Việt Nam",Thành phố Hồ Chí Minh
267732,Norfolk Mansion - Luxury Serviced Apartment,"17-19-21 L Tự Trọng, Phường S i G n, Quận 1, Hồ Chí Minh, Việt Nam",Thành phố Hồ Chí Minh
10973,Empress Hotel,"136 B i Thị Xu n, Phường Bến Thành, Quận 1, Hồ Chí Minh, Việt Nam",Thành phố Hồ Chí Minh
40345114,Khách sạn Elong me (Elong me Hotel ),"26 28 Hung Phuoc 3 District 7, Tan Phong Phường, Quận 7, Hồ Chí Minh, Việt Nam",Thành phố Hồ Chí Minh
51618045,The METROPOLE Luxury Citypoint ANGIA,"20 Nguyen Thien Thanh, Quận 2, Hồ Chí Minh, Việt Nam",Thành phố Hồ Chí Minh
5694356,Scenic Valley Suite,"Scenic Valley 1, Phường Tân Phú, Quận 7, Hồ Chí Minh, Việt Nam",Thành phố Hồ Chí Minh
34264043,Khách sạn Sabina Boutique 3 (Sabina Boutique Hotel 3),"2-4 Phan Khiem Ich Đường, Tan Phong Phường, Quận 7, Hồ Chí Minh, Việt Nam",Thành phố Hồ Chí Minh
70940361,Khách sạn La Passion Sài Gòn (La Passion Saigon Hotel),"168 Đường Nam Kỳ Khởi Nghĩa, Phường 6, Quận 3, Hồ Chí Minh, Việt Nam",Thành phố Hồ Chí Minh
32680452,"Căn hộ 35 m² 1 phòng ngủ, 1 phòng tắm riêng ở Quận 1 (Khách sạn Căn hộ Green River )","36 Nguyễn Thái Bình Green River Hotel, Quận 1, Hồ Chí Minh, Việt Nam",Thành phố Hồ Chí Minh
923377,Hotel L Odeon Phu My Hung,"63 - 65 Lê Văn Thiêm Hưng Phước 3, Phường Tân Phong, Quận 7, Hồ Chí Minh, Việt Nam",Thành phố Hồ Chí Minh
63449068,Căn hộ cao cấp Zenity By BeVista (Zenity Luxury Apartment By BeVista),"608 Vo Van Kiet Đường, Quận 1, Hồ Chí Minh, Việt Nam",Thành phố Hồ Chí Minh
46753818,Royal State - The Ascentia Phú Mỹ Hưng (Royal State - The Ascentia Phu My Hung),"Room 3, Quận 7, Hồ Chí Minh, Việt Nam",Thành phố Hồ Chí Minh
165297,Sài Gòn Domaine Luxury Residences (Saigon Domaine Luxury Residences),"Số 1057 Bình Quới, Phường 28, Quận Bình Thạnh, Hồ Chí Minh, Việt Nam",Thành phố Hồ Chí Minh
76392459,Căn hộ Sunflower - Suite sang trọng bởi THC Group (Sunflower Apartment - Luxury Suite by THC Group),"324 Nguyễn Thị Minh Khai, Phường 5, Quận 3, Hồ Chí Minh, Việt Nam",Thành phố Hồ Chí Minh
63413595,Khách sạn Azumaya Thái Văn Lung 2 (Azumaya Hotel Thai Van Lung 2),"29 Thái Văn Lung Bến Nghé, Quận 1, Hồ Chí Minh, Việt Nam",Thành phố Hồ Chí Minh
63990474,Căn hộ MIN' - Rivergate Residence gần Bùi Viện (MIN' Apartment - Rivergate Residence Near Bui Vien),"150 Đường Bến Vân Đồn, Phường 6, Quận 4, Hồ Chí Minh, Việt Nam",Thành phố Hồ Chí Minh
18512737,Căn hộ dịch vụ INDO (INDO Serviced Apartment),"8A/6C2 Thai Van Lung, Quận 1, Hồ Chí Minh, Việt Nam",Thành phố Hồ Chí Minh
9777846,"Chung cư 70 m² 2 phòng ngủ, 2 phòng tắm riêng ở Quận 2 (High Class Masteri Thao Dien, 2 BR, Full Amenities)","Quận 2, Hồ Chí Minh, Việt Nam",Thành phố Hồ Chí Minh
33481732,The Sun Avenue - OUR BLUES Apartment,"28 Mai Chi Tho Đường, Quận 2, Hồ Chí Minh, Việt Nam",Thành phố Hồ Chí Minh
51965692,Lumiere Riverside by Aura Luxury,"02 Vo Truong Toan LUMIERE Riverside, Hồ Chí Minh, Việt Nam",Thành phố Hồ Chí Minh
47277366,Khách sạn & Căn hộ Sài Gòn (Saigon Hotel & Apartment),"150/7 Đường Nguyễn Trãi, 150/7/3 Nguyễn Trãi. Phường Bến Thành, Quận 1, Hồ Chí Minh, Việt Nam",Thành phố Hồ Chí Minh
59036825,7 Căn hộ (7Apartment),"20/9 Nguyễn Trường Tộ, Phường 12, Quận 4, Hồ Chí Minh, Việt Nam",Thành phố Hồ Chí Minh
80179079,Cubicity Wall Street House,"72 Đường Nguyễn Công Trứ, Quận 1, Hồ Chí Minh, Việt Nam",Thành phố Hồ Chí Minh
42157996,Khách sạn Piano (PIANO HOTEL),"Nguyễn Thái Bình 165/42, Quận 1, Hồ Chí Minh, Việt Nam",Thành phố Hồ Chí Minh
59343864,Khách sạn Huazhu (Huazhu Hotel),"302 Vo Van Kiet Đường, Co Giang Phường, Quận 1, Hồ Chí Minh, Việt Nam",Thành phố Hồ Chí Minh
41961400,"Căn hộ 98 m² 2 phòng ngủ, 2 phòng tắm riêng ở Quận 1 (The Metropole Thu Thiem #3)","20 Nguyễn Thiện Thành The Galleria, Phường Thủ Thiêm, Quận 2, Hồ Chí Minh, Việt Nam",Thành phố Hồ Chí Minh
47263459,Tháp Tracy Bến Thành (Tracy Ben Thanh Tower ),"172 Đường Ký Con, Quận 1, Hồ Chí Minh, Việt Nam",Thành phố Hồ Chí Minh
77186099,"Nhà riêng m² 1 phòng ngủ, 1 phòng tắm riêng ở Phú Nhuận (Homestay gần sân bay, check in 24 giờ)","Phú Nhuận, Hồ Chí Minh, Việt Nam",Thành phố Hồ Chí Minh
68601016,Beautiful Hotel Vinhomes Grand Park,"Quận 9, Hồ Chí Minh, Việt Nam",Thành phố Hồ Chí Minh
11124761,"Chung cư studio 88 m² có 2 phòng tắm riêng ở Phú Nhuận (Apartment Near Tan Son Nhat Airport for rent, 3BR)","Phú Nhuận, Hồ Chí Minh, Việt Nam",Thành phố Hồ Chí Minh
55198712,Coco homestay,"96/13 Le Thi Rieng, Quận 1, Hồ Chí Minh, Việt Nam",Thành phố Hồ Chí Minh
69289106,"Prime D1 Studio | Quiet, Fully Equipped & Central","Quận 1, Hồ Chí Minh, Việt Nam",Thành phố Hồ Chí Minh
55821286,AULE HOSTEL (AULE HOSTEL ),"Room 39, Quận 1, Hồ Chí Minh, Việt Nam",Thành phố Hồ Chí Minh
33784500,Căn hộ studio 25 m² có 1 phòng tắm riêng ở Quận 9 (Vinhome Holidays Studio. Queen bed.),"Quận 9, Hồ Chí Minh, Việt Nam",Thành phố Hồ Chí Minh
13598735,SAIGON 9- Rivergate 3mins Central pool/gym Netflix,"Quận 4, Hồ Chí Minh, Việt Nam",Thành phố Hồ Chí Minh
46367233,"Nhà riêng 100 m² 2 phòng ngủ, 2 phòng tắm riêng ở Quận 1 (Luxury 2BR Apartment in Central)","Quận 3, Hồ Chí Minh, Việt Nam",Thành phố Hồ Chí Minh
62129009,Ngọc Linh Hotel SG - by BAY LUXURY (Ngoc Linh Hotel SG - by BAY LUXURY),"193 Đường D2, Hồ Chí Minh, Việt Nam",Thành phố Hồ Chí Minh
81052672,"Homestay Mẹ Khang 2 WC riêng,Mới VIP (Homestay Me Khang 2 WC rieng,Moi VIP)","674 Đường Tỉnh Lộ 15, Huyện Củ Chi, Hồ Chí Minh, Việt Nam",Thành phố Hồ Chí Minh
33915613,"Căn hộ 150 m² 3 phòng ngủ, 3 phòng tắm riêng ở Quận 2 (150SQM 3- Bedroom Duplex Apartment with Pool)","Quận 2, Hồ Chí Minh, Việt Nam",Thành phố Hồ Chí Minh
62918911,Khách sạn Azumaya Thái Văn Lung 1 (Azumaya Hotel Thai Van Lung 1),"8A/7D1 - 8A/8D1 - 8A/9D1 Thái Văn Lung, Quận 1, Hồ Chí Minh, Việt Nam",Thành phố Hồ Chí Minh
14630917,Chung cư studio 40 m² có 1 phòng tắm riêng ở Quận 1 (Apartment 5 Stars - High Pool Infinity - CentCity),"Quận 1, Hồ Chí Minh, Việt Nam",Thành phố Hồ Chí Minh
39830149,"Nhà riêng 20 m² 1 phòng ngủ, 1 phòng tắm riêng ở Phú Nhuận (Central Studio Apartment)","Bình Thạnh, Hồ Chí Minh, Việt Nam",Thành phố Hồ Chí Minh
61277049,THERoom - Nguyễn Công Trứ,"281 Nguyen Cong Tru Đường, Pham Ngu Lao Phường, Quận 1, Hồ Chí Minh, Việt Nam",Thành phố Hồ Chí Minh
59851632,Căn hộ 1 PN tiện nghi ở Landmark,"208 Đường Nguyễn Hữu Cảnh, Hồ Chí Minh, Việt Nam",Thành phố Hồ Chí Minh
46760480,Khách sạn Happy Bình Tân (Happy Hotel Bình Tân),"305 Vo Tran Chi Đường, Hồ Chí Minh, Việt Nam",Thành phố Hồ Chí Minh
76203131,"Nhà riêng m² 1 phòng ngủ, 1 phòng tắm riêng ở Phú Nhuận (Stylish & Spacious Room near Airport with Terrace)","Phú Nhuận, Hồ Chí Minh, Việt Nam",Thành phố Hồ Chí Minh
5800106,"Chung cư 54 m² 1 phòng ngủ, 1 phòng tắm riêng ở Bình Thạnh (3 Bedroom Apartment in Vinhomes Central Park)","Bình Thạnh, Hồ Chí Minh, Việt Nam",Thành phố Hồ Chí Minh
77419561,Yu Stay Lux & Cozy 2 Phòng ngủ Soho Residence Bùi Viện (Yu Stay Lux & Cozy 2Bedrs Soho Residence Bui Vien ),"100 Cô Giang, Phường Cô Giang, Quận 1, Hồ Chí Minh, Việt Nam",Thành phố Hồ Chí Minh
62161588,"Căn hộ m² 2 phòng ngủ, 2 phòng tắm riêng ở Bình Thạnh (La Paresident Landmark - 3)","Bình Thạnh, Hồ Chí Minh, Việt Nam",Thành phố Hồ Chí Minh
79349178,"Nhà riêng m² 1 phòng ngủ, 1 phòng tắm riêng ở Quận 1 (Không gian tối giản, yên tĩnh – Homestay trung tâm)","Quận 1, Hồ Chí Minh, Việt Nam",Thành phố Hồ Chí Minh
33653505,Khách sạn Hồng Bảo Thạch (Hong Bao Thach Hotel),"68 - 70 24A Đường, Hồ Chí Minh, Việt Nam",Thành phố Hồ Chí Minh
47678420,"Căn hộ 80 m² 2 phòng ngủ, 2 phòng tắm riêng ở Bình Thạnh (Landmark Vinhomes Saigon)","Bình Thạnh, Hồ Chí Minh, Việt Nam",Thành phố Hồ Chí Minh
68797724,California hotel Sai Gon,"52-54 Thủ Khoa Huân District 1, Quận 1, Hồ Chí Minh, Việt Nam",Thành phố Hồ Chí Minh
38350718,Mai Ngói Hostel (Mai Ngoi Hostel),"10K Trần Hữu Trang Phú Nhuận, Hồ Chí Minh, Việt Nam",Thành phố Hồ Chí Minh
79349174,"Nhà riêng m² 1 phòng ngủ, 1 phòng tắm riêng ở Quận 1 (Quiet, minimalist space - Homestay District 1)","84/7 Nguyễn Đình Chiểu Đa Kao, Quận 1, Hồ Chí Minh, Việt Nam",Thành phố Hồ Chí Minh
13582786,"Chung cư 78 m² 2 phòng ngủ, 2 phòng tắm riêng ở Quận 4 (SAIGON 9- RiverGate 2BRS near Central pool/gym)","Quận 4, Hồ Chí Minh, Việt Nam",Thành phố Hồ Chí Minh
75974025,Căn hộ Lavida Plus gần SECC D7 (Lavida Plus Apartments near SECC D7),"1181 Đường Nguyễn Văn Linh, Quận 7, Hồ Chí Minh, Việt Nam",Thành phố Hồ Chí Minh
26886293,Khách sạn S79 Happy 2 (S79 Happy Hotel 2),"7 L Th i Tổ, Quận 10, Hồ Chí Minh, Việt Nam",Thành phố Hồ Chí Minh
79594927,Sky garden 3,"2 Đường Phạm Văn Nghị, Quận 7, Hồ Chí Minh, Việt Nam",Thành phố Hồ Chí Minh
59802248,"Căn hộ 90 m² 2 phòng ngủ, 1 phòng tắm riêng ở Quận 3 (An Corner-Terra Royal APT 33% OFF FREE pickup)","Quận 3, Hồ Chí Minh, Việt Nam",Thành phố Hồ Chí Minh
36897576,"Căn hộ 40 m² 1 phòng ngủ, 1 phòng tắm riêng ở Phú Nhuận (Austin Homes Sky Center-Near Tan Son Nhat Airport)","Tân Bình, Hồ Chí Minh, Việt Nam",Thành phố Hồ Chí Minh
78448051,5 star Luxury Retreat in Saigon's Center free Pool Gym,"Quận 1, Hồ Chí Minh, Việt Nam",Thành phố Hồ Chí Minh
37831532,"Căn hộ 65 m² 1 phòng ngủ, 1 phòng tắm riêng ở Bình Thạnh (Landmark 81 luxury 1-bedroom apartment)","Bình Thạnh, Hồ Chí Minh, Việt Nam",Thành phố Hồ Chí Minh
39879504,"Căn hộ 180 m² 4 phòng ngủ, 2 phòng tắm riêng ở Bình Thạnh (L81.11.06 - 4PN)","Bình Thạnh, Hồ Chí Minh, Việt Nam",Thành phố Hồ Chí Minh
31935748,Khách sạn Thành Vinh (KHÁCH SẠN THÀNH VINH),"Dinh Chuong Đường, Huyện Củ Chi, Hồ Chí Minh, Việt Nam",Thành phố Hồ Chí Minh
79939069,Căn hộ Ruby Luxurry - LUMIERE Riverside (Ruby Luxurry Apartment - LUMIERE Riverside ),"227 Võ Nguyên Giáp, Phường An Phú, Thành phố Thủ Đức, Hồ Chí Minh, Việt Nam",Thành phố Hồ Chí Minh
13582745,"Chung cư 40 m² 1 phòng ngủ, 1 phòng tắm riêng ở Quận 4 (SAIGON 9- RiverGate 1Br 3mins Central pool/gym)","Quận 4, Hồ Chí Minh, Việt Nam",Thành phố Hồ Chí Minh
161750,Queen Ann Hotel,"86-88 B i Thị Xu n, Phường Bến Thành, Quận 1, Hồ Chí Minh, Việt Nam",Thành phố Hồ Chí Minh
76924367,Unganda luxry apartment,"Quận 2, Hồ Chí Minh, Việt Nam",Thành phố Hồ Chí Minh
79955352,MHome,"64/4 Nguyễn Khoái, Quận 4, Hồ Chí Minh, Việt Nam",Thành phố Hồ Chí Minh
4899114,Saigon Apartment - River Gate Residence,"155 Bến Vân Đồn River Gate Residence (B16.27), Phường 6, Quận 4, Hồ Chí Minh, Việt Nam",Thành phố Hồ Chí Minh
38060854,"Căn hộ 45 m² 1 phòng ngủ, 1 phòng tắm riêng ở Quận 3 (Beautiful Room with balcony, 400m to Pink Church )","Quận 1, Hồ Chí Minh, Việt Nam",Thành phố Hồ Chí Minh
79349190,"Nhà riêng m² 1 phòng ngủ, 1 phòng tắm riêng ở Quận 1 (2 bedroom view landmark 81 pool)","Quận 1, Hồ Chí Minh, Việt Nam",Thành phố Hồ Chí Minh
79349188,"Nhà riêng m² 1 phòng ngủ, 2 phòng tắm riêng ở Bình Thạnh (4 Bedroom view landmark pool)","Bình Thạnh, Hồ Chí Minh, Việt Nam",Thành phố Hồ Chí Minh
63399062,Khách sạn Azumaya Lê Thánh Tôn (Azumaya Hotel Le Thanh Ton),"Lê Thánh Tôn St, Quận 1, Hồ Chí Minh, Việt Nam",Thành phố Hồ Chí Minh
34734957,"Nhà riêng 50 m² 1 phòng ngủ, 1 phòng tắm riêng ở Quận 1 (City view Studio near Ben Thanh market)","Quận 1, Hồ Chí Minh, Việt Nam",Thành phố Hồ Chí Minh
41042931,"Căn hộ 65 m² 2 phòng ngủ, 2 phòng tắm riêng ở Bình Thạnh (Vinhome central park 2BRs)","Bình Thạnh, Hồ Chí Minh, Việt Nam",Thành phố Hồ Chí Minh
10567972,Super OYO 520 Friendly Homestay (Super OYO 520 Friendly Homestay ),"212 Room A70A, Nguyen Cu Trinh Phường, Quận 1, Hồ Chí Minh, Việt Nam",Thành phố Hồ Chí Minh
75859209,Oasis Central Residence & Khách sạn - Phố đi bộ (Oasis Central Residence & Hotel - Walking Street ),"343 Pham Ngu Lao, Quận 1, Hồ Chí Minh, Việt Nam",Thành phố Hồ Chí Minh
69354926,Sweet Home LGBTQ+,"Quận 7, Hồ Chí Minh, Việt Nam",Thành phố Hồ Chí Minh
59327001,"Căn hộ 79 m² 2 phòng ngủ, 2 phòng tắm riêng ở Tân Phú (Apartment 2BR2WC Full facilities)","Tân Phú, Hồ Chí Minh, Việt Nam",Thành phố Hồ Chí Minh
44630840,"Căn hộ 72 m² 2 phòng ngủ, 2 phòng tắm riêng ở Bình Thạnh (Apartment in HCM City, Vinhomes Landmark 4 2BR)","Bình Thạnh, Hồ Chí Minh, Việt Nam",Thành phố Hồ Chí Minh
73598450,"Nhà riêng m² 1 phòng ngủ, 1 phòng tắm riêng ở Quận 3 (One Bedroom Serviced Apartment)","Quận 3, Hồ Chí Minh, Việt Nam",Thành phố Hồ Chí Minh
81052999,Căn hộ 2pn2wc Diamond Alnata Plus (Can ho 2pn2wc Diamond Alnata Plus),"Tân Phú, Hồ Chí Minh, Việt Nam",Thành phố Hồ Chí Minh
302343,Nhà khách Quốc Hội Hồ Chí Minh (Nha Khach Quoc Hoi Ho Chi Minh),"165 Đường Nam Kỳ Khởi Nghĩa, Phường 07, Quận 3, Hồ Chí Minh, Việt Nam",Thành phố Hồ Chí Minh
73598407,"Nhà riêng m² 1 phòng ngủ, 1 phòng tắm riêng ở Quận 3 (Studio Service Apartment)","Quận 3, Hồ Chí Minh, Việt Nam",Thành phố Hồ Chí Minh
40354755,"Căn hộ 80 m² 2 phòng ngủ, 2 phòng tắm riêng ở Quận 7 (Scenic Valley 2Bed, nice view)","Quận 7, Hồ Chí Minh, Việt Nam",Thành phố Hồ Chí Minh
33653673,"Căn hộ 72 m² 2 phòng ngủ, 2 phòng tắm riêng ở Bình Thạnh (Cho thuê 2PN-Vinhomes Central Park)","Bình Thạnh, Hồ Chí Minh, Việt Nam",Thành phố Hồ Chí Minh
10567949,"Chung cư studio 18 m² có 1 phòng tắm riêng ở Bình Thạnh (Mini apartment, nature light, nice decor)","Bình Thạnh, Hồ Chí Minh, Việt Nam",Thành phố Hồ Chí Minh
76940601,"Masteri Centre Point, TP HCM","Quận 9, Hồ Chí Minh, Việt Nam",Thành phố Hồ Chí Minh
76236068,Lumiere RiverSide SkyView- Saigon Premium Suite,"259 Đường Võ Nguyên Giáp, Quận 2, Hồ Chí Minh, Việt Nam",Thành phố Hồ Chí Minh
11288942,"Chung cư 40 m² 1 phòng ngủ, 1 phòng tắm riêng ở Bình Thạnh (THE MANOR 2 STUDIO APT FREE ROOFTOP POOL )","Bình Thạnh, Hồ Chí Minh, Việt Nam",Thành phố Hồ Chí Minh
60506716,BOB Buivien Hotel,"242/1 Bui Vien Ben Thanh Market, Quận 1, Hồ Chí Minh, Việt Nam",Thành phố Hồ Chí Minh
59769434,Khách sạn Thanh Hương (Thanh Hương Hotel),"84C Hoa Binh, Phường 5, Quận 11, Hồ Chí Minh, Việt Nam",Thành phố Hồ Chí Minh
77464916,"Nhà riêng m² 1 phòng ngủ, 2 phòng tắm riêng ở Tân Phú (2 Room Apartment Diamond Centery)","Tân Phú, Hồ Chí Minh, Việt Nam",Thành phố Hồ Chí Minh
67225037,Khách sạn Signy House Sài Gòn Center - Nguyễn Bỉnh Khiêm (Signy House Hotel Sai Gon Center - Nguyễn Bỉnh Khiêm),"54/6 Nguyễn Bỉnh Khiem, Phường Đa Kao, Quận 1, Hồ Chí Minh, Việt Nam",Thành phố Hồ Chí Minh
77464915,"Nhà riêng m² 1 phòng ngủ, 2 phòng tắm riêng ở Tân Phú (Căn hộ 2 phòng ngủ Diamond Alnata Plus)","Tân Phú, Hồ Chí Minh, Việt Nam",Thành phố Hồ Chí Minh
74991030,"m² 1 phòng ngủ, 1 phòng tắm riêng ở Quận 3 (nizey stay in HCM)","Quận 3, Hồ Chí Minh, Việt Nam",Thành phố Hồ Chí Minh
55198046,The Milestone Sài Gòn (The Milestone Saigon),"No. 170-172, Nguyen Thai Binh Phường, Quận 1, Hồ Chí Minh, Việt Nam",Thành phố Hồ Chí Minh
56227219,Wabi Sabi - Saigon Hideout Bến Thành (Wabi Sabi - Saigon Hideout Ben Thanh),"194 Cô Giang, Phường Cô Giang, Quận 1, Hồ Chí Minh, Việt Nam",Thành phố Hồ Chí Minh
63029779,3Br Landmark 2 Vinhome Central Park,"Bình Thạnh, Hồ Chí Minh, Việt Nam",Thành phố Hồ Chí Minh
37831575,"Căn hộ 72 m² 2 phòng ngủ, 2 phòng tắm riêng ở Bình Thạnh (Two Bedroom apartment in Landmark 2)","Bình Thạnh, Hồ Chí Minh, Việt Nam",Thành phố Hồ Chí Minh
10552034,Khu Nghỉ Dưỡng Golden Emerald (Golden Emerald Resort),"29 Pham Thi Trich, Huyện Củ Chi, Hồ Chí Minh, Việt Nam",Thành phố Hồ Chí Minh
72418838,Khách sạn & Căn hộ AMANA - Võ Thị Sáu (AMANA Hotel & Residence - Võ Thị Sáu),"232/11 Vo Thi Sau Phuong Vo Thi Sau, Quận 3, Hồ Chí Minh, Việt Nam",Thành phố Hồ Chí Minh
39911465,"Căn hộ 65 m² 1 phòng ngủ, 1 phòng tắm riêng ở Bình Thạnh (LP.18.17 ( Landmark Plus ) - 1PN)","Bình Thạnh, Hồ Chí Minh, Việt Nam",Thành phố Hồ Chí Minh
5831693,Scenic Valley Việt Nam - Vina We Stay (Scenic Valley VietNam - Vina We Stay),"802 Nguyen Van Linh Block A, Phường Tan Phu, Quận 7, Hồ Chí Minh, Việt Nam",Thành phố Hồ Chí Minh
75810508,NamiStay Sài Gòn Central Home,"31/6 Hoàng Dư Khương, Phường 12, Quận 10, Hồ Chí Minh, Việt Nam",Thành phố Hồ Chí Minh
45138169,"Nhà riêng 120 m² 3 phòng ngủ, 2 phòng tắm riêng ở Quận 4 (Saigon Royal 3 bedrooms de Rose)","35 Bến Vân Đồn, Quận 4, Hồ Chí Minh, Việt Nam",Thành phố Hồ Chí Minh
76957404,Căn hộ cao cấp Senerity Sky Villas By Luminous (Senerity Sky Villas By Luminous Luxury Apartment),"259 Điện Biên Phủ, Phường Võ Thị Sáu, Quận 3, Hồ Chí Minh, Việt Nam",Thành phố Hồ Chí Minh
69469801,Khách sạn Hoàng Hải (Hoàng Hải Hotel),"57 Đường 41, Phường 6, Quận 4, Hồ Chí Minh, Việt Nam",Thành phố Hồ Chí Minh
67847771,"Luxury Apartment for rent- Pool 35th Floor Near Phu My Hung, Secc","Quận 7, Hồ Chí Minh, Việt Nam",Thành phố Hồ Chí Minh
39911473,Khách sạn HANZ Camelia (HANZ Camelia Hotel),"108 Đường Lê Lai, Quận 1, Hồ Chí Minh, Việt Nam",Thành phố Hồ Chí Minh
79562470,"m² 5 phòng ngủ, 5 phòng tắm riêng ở Phước Kiển (1034 Huynh Tan Phat Home)","1034/30 Huỳnh Tấn Phát Phước Kiển, Xã Nhà Bè, Hồ Chí Minh, Việt Nam",Thành phố Hồ Chí Minh
39911481,"Căn hộ 68 m² 1 phòng ngủ, 1 phòng tắm riêng ở Bình Thạnh (L2.17.06 - 1PN 1 phòng ngủ)","Bình Thạnh, Hồ Chí Minh, Việt Nam",Thành phố Hồ Chí Minh
4122239,Khách sạn Sài Gòn Park Q.1 (Saigon Park Hotel Dist 1),"27 Nguyễn Văn Tr ng, Phường Bến Thành, Quận 1, Hồ Chí Minh, Việt Nam",Thành phố Hồ Chí Minh
78700236,Cubicity Ton That Tung,"25/8 Tôn Thất Tùng, Phường Phạm Ngũ Lão, Quận 1, Hồ Chí Minh, Việt Nam",Thành phố Hồ Chí Minh
55329062,"Căn hộ 74 m² 1 phòng ngủ, 1 phòng tắm riêng ở Quận 9 (Khách Sạn Masteri Home cao cấp)","Quận 9, Hồ Chí Minh, Việt Nam",Thành phố Hồ Chí Minh
56623385,"Căn hộ studio 28 m² có 1 phòng tắm riêng ở Quận 4 (Mike House - Studio near D1, free Netflix)","Quận 4, Hồ Chí Minh, Việt Nam",Thành phố Hồ Chí Minh
75777787,Kim Linh Hotel,"659 Son Tan Đường, Phường 12, Hồ Chí Minh, Việt Nam",Thành phố Hồ Chí Minh
51970451,MONday Premium Aparts,"83 L Ch nh Thắng, Quận 3, Hồ Chí Minh, Việt Nam",Thành phố Hồ Chí Minh
35963054,"Nhà riêng 87 m² 2 phòng ngủ, 2 phòng tắm riêng ở Quận 9 (Căn hộ cao cấp có view hồ bơi và công viên)","Quận 9, Hồ Chí Minh, Việt Nam",Thành phố Hồ Chí Minh
5784267,Khách sạn Thiên Cung (Thien Cung Hotel),"69-69A A4 Tan Binh District, 12 Phường, Hồ Chí Minh, Việt Nam",Thành phố Hồ Chí Minh
54690265,"Nhà riêng 100 m² 1 phòng ngủ, 1 phòng tắm riêng ở Quận 4 (20% OFF Budget Hideout @Pham Ngu Lao 127DT)","Quận 1, Hồ Chí Minh, Việt Nam",Thành phố Hồ Chí Minh
62112022,"Biệt thự 500 m² 4 phòng ngủ, 4 phòng tắm riêng ở Bình Thạnh (Villa 12 12)","Quận 2, Hồ Chí Minh, Việt Nam",Thành phố Hồ Chí Minh
59212065,Căn hộ nghỉ dưỡng cao cấp Masteri An Phú Quận 2 (Masteri An Phu - High Class Retreat Apt Distrist 2),"191 Đường V Nguy n Gi p, Quận 2, Hồ Chí Minh, Việt Nam",Thành phố Hồ Chí Minh
63373664,Khách sạn Kathy (Kathy Hotel),"127/32 Hoàng Hoa Thám Tân Bình, Hồ Chí Minh, Việt Nam",Thành phố Hồ Chí Minh
33129289,"Nhà riêng 35 m² 1 phòng ngủ, 1 phòng tắm riêng ở Thủ Đức (Green House)","Thủ Đức, Hồ Chí Minh, Việt Nam",Thành phố Hồ Chí Minh
67520188,Collection O Quận Tân Bình Gần Sân bay (trước đây là Joy Inn) (Collection O District Tan Binh Near Airport Formerly Joy Inn),"419 Cong Hoa, Hồ Chí Minh, Việt Nam",Thành phố Hồ Chí Minh
38224123,"Căn hộ 75 m² 2 phòng ngủ, 2 phòng tắm riêng ở Phú Nhuận (Botanica Premier - Căn hộ tiện nghi, giá rẻ)","Tân Bình, Hồ Chí Minh, Việt Nam",Thành phố Hồ Chí Minh
74434219,VINHOMES GRAND PARK Chillin Home 1BR Best View,"Quận 9, Hồ Chí Minh, Việt Nam",Thành phố Hồ Chí Minh
38715522,"Luxury Apartment in Tan Binh district,near Airport","Tân Bình, Hồ Chí Minh, Việt Nam",Thành phố Hồ Chí Minh
52199883,Căn hộ studio 48 m² có 1 phòng tắm riêng ở Phú Nhuận (Nice Studio-Airport-High class serviced-10 stars),"Phú Nhuận, Hồ Chí Minh, Việt Nam",Thành phố Hồ Chí Minh
75875933,Tuan Viet Hotel,"Tân Bình, Hồ Chí Minh, Việt Nam",Thành phố Hồ Chí Minh
45891685,TheA Home - 2BR apartment with nice view,"Tân Bình, Hồ Chí Minh, Việt Nam",Thành phố Hồ Chí Minh
41566363,"Căn hộ 60 m² 1 phòng ngủ, 1 phòng tắm riêng ở Quận 3 (Rental Aparment Hà Đô Centrosa Q10 pool view)","Quận 10, Hồ Chí Minh, Việt Nam",Thành phố Hồ Chí Minh
55771208,"Căn hộ 100 m² 1 phòng ngủ, 2 phòng tắm riêng ở Quận 4 (Cozy 2-Bedroom with balcony @Free Pool*Gym*Netflix)","Quận 4, Hồ Chí Minh, Việt Nam",Thành phố Hồ Chí Minh
50119139,"Nhà riêng 100 m² 1 phòng ngủ, 1 phòng tắm riêng ở Quận 1 (Studio Room with Fully Furnished)","Bình Thạnh, Hồ Chí Minh, Việt Nam",Thành phố Hồ Chí Minh
45400468,Khách sạn Thanh Bình 3 (Khach san Thanh Binh 3),"30 Đường Đỗ Nhuận, Hồ Chí Minh, Việt Nam",Thành phố Hồ Chí Minh
76941234,Phương Vy Motel (Phuong Vy Motel),"Long Thương, Hồ Chí Minh, Việt Nam",Thành phố Hồ Chí Minh
61735049,Khách sạn Phương Thanh,"Trần Thiện Chánh, Phường 12 (Quận 10), Hồ Chí Minh, Việt Nam",Thành phố Hồ Chí Minh
55640191,"Resort Ori Vinhomes Grand Park tp Thủ Đức , 3giường 2WC (Resort Ori Vinhomes Grand Park tp Thu Đuc , 3giuong 2WC)","Quận 9, Hồ Chí Minh, Việt Nam",Thành phố Hồ Chí Minh
77055911,Khách sạn Vy Anh (Khách Sạn Vy Anh),"574 Đường Lê Văn Quới, Hồ Chí Minh, Việt Nam",Thành phố Hồ Chí Minh
81020901,AviCasa,"Đường T4, Thành phố Thủ Đức, Hồ Chí Minh, Việt Nam",Thành phố Hồ Chí Minh
45531524,"Nhà riêng 100 m² 2 phòng ngủ, 2 phòng tắm riêng ở Quận 1 (The Crest panoramic city view space odyssey theme.)","Quận 2, Hồ Chí Minh, Việt Nam",Thành phố Hồ Chí Minh
59818156,"Căn hộ 3 m² 1 phòng ngủ, 1 phòng tắm riêng ở Bình Thạnh (Kỳ nghỉ cực chill tại căn hộ bật nhất Sài Gòn)","Bình Thạnh, Hồ Chí Minh, Việt Nam",Thành phố Hồ Chí Minh
39878956,"Căn hộ 210 m² 4 phòng ngủ, 3 phòng tắm riêng ở Bình Thạnh (L6.40.07 - 4PN)","Bình Thạnh, Hồ Chí Minh, Việt Nam",Thành phố Hồ Chí Minh
164684,Khách sạn và Spa Rosa Zen (Rosa Zen Hotel And Spa ),"15 Bui Thi Xuan Ben Thanh, Hồ Chí Minh, Việt Nam",Thành phố Hồ Chí Minh
36831588,"Căn hộ 75 m² 2 phòng ngủ, 2 phòng tắm riêng ở Quận 2 (HHomes - 2 Bedroom with Pool GYM Masteri Thao Dien)","Masteri Thao Dien T5, Quận 2, Hồ Chí Minh, Việt Nam",Thành phố Hồ Chí Minh
33047200,Khách sạn Vi An (Vi An Hotel),"20 Đường 11, Quận 7, Hồ Chí Minh, Việt Nam",Thành phố Hồ Chí Minh
47399347,"Căn hộ 150 m² 3 phòng ngủ, 3 phòng tắm riêng ở Tân Phú (Tận hưởng Căn Duplex 2 tầng đẹp nhất Celadon City)","Tân Phú, Hồ Chí Minh, Việt Nam",Thành phố Hồ Chí Minh
76466154,Stay Thảo Điền I (Stay Thao Dien I),"11 Đường 1, Phường Thảo Điền, Thành phố Thủ Đức, Hồ Chí Minh, Việt Nam",Thành phố Hồ Chí Minh
263028,Khách sạn TiTi (TiTi Hotel),"40/12-14A Bùi Viện, Quận 1, Hồ Chí Minh, Việt Nam",Thành phố Hồ Chí Minh
13861794,"Chung cư 38 m² 1 phòng ngủ, 1 phòng tắm riêng ở Bình Thạnh (MHServiceApartment with big window and cozy studio)","Bình Thạnh, Hồ Chí Minh, Việt Nam",Thành phố Hồ Chí Minh
36438366,"Căn hộ 60 m² 1 phòng ngủ, 1 phòng tắm riêng ở Quận 1 (The Rixx Stylish Apartment -Ben Thanh/gym/pool/bar)","Quận 1, Hồ Chí Minh, Việt Nam",Thành phố Hồ Chí Minh
37503303,"Căn hộ 76 m² 2 phòng ngủ, 2 phòng tắm riêng ở Quận 4 (Sunrise City 2 bebroom 2 wc full furnished)","Quận 7, Hồ Chí Minh, Việt Nam",Thành phố Hồ Chí Minh
35766690,"Căn hộ 95 m² 2 phòng ngủ, 2 phòng tắm riêng ở Bình Thạnh (The Landmark 81 Residence 1 Bedroom Suite)","Bình Thạnh, Hồ Chí Minh, Việt Nam",Thành phố Hồ Chí Minh
52478115,"Căn hộ dịch vụ Republic Plaza, đầy đủ tiện nghi, wifi tốc độ cao (Can ho dich vu Republic Plaza,tan binh, mien phi ho boi, phong gym, đay đu tien nghi, wifi toc đo ca)","18e Đường Cộng Hòa, Hồ Chí Minh, Việt Nam",Thành phố Hồ Chí Minh
65962089,"Nhà riêng 25 m² 1 phòng ngủ, 1 phòng tắm riêng ở Quận 3 (stayary Hotel Truong Quyen)","Quận 3, Hồ Chí Minh, Việt Nam",Thành phố Hồ Chí Minh
7095275,Phòng đôi có cửa sổ ở tầng 2 hoặc 3,"Quận 1, Hồ Chí Minh, Việt Nam",Thành phố Hồ Chí Minh
39813584,"Căn hộ 87 m² 2 phòng ngủ, 2 phòng tắm riêng ở Quận 1 (Metropole Lux Apartment A39- City Center)","Quận 2, Hồ Chí Minh, Việt Nam",Thành phố Hồ Chí Minh
68208512,Khách sạn Galaxy 3 (Galaxy Hotel 3),"1327 Đường Lê Đức Thọ, Phường 15, Hồ Chí Minh, Việt Nam",Thành phố Hồ Chí Minh
18760335,Bare Chic - Bare Boutique Stays,"Nguyễn Thị Minh Khai Số 18 Hẻm 12 Nguyễn Thị Minh Khai, Quận 1, Hồ Chí Minh, Việt Nam",Thành phố Hồ Chí Minh
80103258,Khách sạn Gia Thịnh (Khach san Gia Thinh),"3 lầu, 195/4 Tô Ngọc Vân. Phường Thới An, Quận 12, Hồ Chí Minh, Việt Nam",Thành phố Hồ Chí Minh
78972695,Homie Homestay - A small beautiful city,"88 Đường Bờ Bao, Hồ Chí Minh, Việt Nam",Thành phố Hồ Chí Minh
9798463,Icity Lakeview Saigon Villa,"Quận 2, Hồ Chí Minh, Việt Nam",Thành phố Hồ Chí Minh
35766667,"Căn hộ 95 m² 2 phòng ngủ, 2 phòng tắm riêng ở Bình Thạnh (The Landmark 81 Residence Two Bedrooms Suite)","Bình Thạnh, Hồ Chí Minh, Việt Nam",Thành phố Hồ Chí Minh
45547891,"Căn hộ 100 m² 1 phòng ngủ, 1 phòng tắm riêng ở Bình Thạnh (1 Bedroom Landmark Apartment in Ho Chi Minh City)","Bình Thạnh, Hồ Chí Minh, Việt Nam",Thành phố Hồ Chí Minh
78514027,Biệt thự Lumiere Phú Mỹ Hưng (Lumiere Villa Phú Mỹ Hưng ),"34 Nam Thong 2D Phuong Tan My, Thành phố HCM, Hồ Chí Minh, Việt Nam",Thành phố Hồ Chí Minh
32385896,Alleyway Hostel,"15Bis Lương Hữu Khánh District 1, Pham Ngu Lao Phường, Quận 1, Hồ Chí Minh, Việt Nam",Thành phố Hồ Chí Minh
65421356,Khách sạn căn hộ cao cấp Lumiere (Lumiere Luxury Condotel Suites),"259 Võ Nguyên Giáp An Phú, Quận 2, Hồ Chí Minh, Việt Nam",Thành phố Hồ Chí Minh
79595378,"Tòa nhà căn hộ dịch vụ|Thang máy|Bếp|1,3km sân bay (Tòa Nhà Căn Hộ Dịch vụ|Thang máy|Bếp|1,3km Airport)","3 Đường Lam Sơn, Phường 2, Hồ Chí Minh, Việt Nam",Thành phố Hồ Chí Minh
61030518,Khách sạn Bin Bin 14 - Gần trường Vstar D7 (Bin Bin Hotel 14 - Near Vstar School D7),"15 Đường 6, Quận 7, Hồ Chí Minh, Việt Nam",Thành phố Hồ Chí Minh
49692970,"Căn hộ 75 m² 2 phòng ngủ, 2 phòng tắm riêng ở Quận 2 (HHomes - 2 Bedroom with Pool GYM at Masteri An Phu)","Room 06.07, Quận 2, Hồ Chí Minh, Việt Nam",Thành phố Hồ Chí Minh
60145737,"Căn hộ m² 1 phòng ngủ, 1 phòng tắm riêng ở Bình Thạnh (Căn hộ landmark81)","Bình Thạnh, Hồ Chí Minh, Việt Nam",Thành phố Hồ Chí Minh
9847670,Khách Sạn Kha Thy (Kha Thy Hotel),"No 39, Binh Trung Tay Phường, Quận 2, Hồ Chí Minh, Việt Nam",Thành phố Hồ Chí Minh
51432975,The Common Room,"250 Bùi Viện, Phường Phạm Ngũ Lão, Quận 1, Hồ Chí Minh, Việt Nam",Thành phố Hồ Chí Minh
72812470,Nu Apartment in Rivergate - Bright & Comfortable - near Ben Thanh,"151-155 Đường Bến Vân Đồn, Quận 4, Hồ Chí Minh, Việt Nam",Thành phố Hồ Chí Minh
34324972,"Căn hộ 80 m² 2 phòng ngủ, 2 phòng tắm riêng ở Phước Kiển (Luxury CoCo apartment with 2 bedrooms )","Phước Kiển, Hồ Chí Minh, Việt Nam",Thành phố Hồ Chí Minh
36159956,Hostel Homestay Minh Lộc (Hostel Homestay Minh Loc),"6 Đặng Trần Côn District 1, Quận 1, Hồ Chí Minh, Việt Nam",Thành phố Hồ Chí Minh
60719207,The Metropole - Horizon View Riverside D2,"33 Đường Trần Bạch Đằng, Quận 2, Hồ Chí Minh, Việt Nam",Thành phố Hồ Chí Minh
56033448,Vista - Phú Mỹ Hưng (Vista - Phu My Hung),"20 - 24 Noi khu Hung Gia 1 District 7, Tan Phong Phường, Quận 7, Hồ Chí Minh, Việt Nam",Thành phố Hồ Chí Minh
72810579,Ha Home,"Quận 4, Hồ Chí Minh, Việt Nam",Thành phố Hồ Chí Minh
41567855,"Căn hộ 72 m² 2 phòng ngủ, 2 phòng tắm riêng ở Tân Phú (Emerald happy !)","Tân Phú, Hồ Chí Minh, Việt Nam",Thành phố Hồ Chí Minh
14632130,"Chung cư 50 m² 1 phòng ngủ, 1 phòng tắm riêng ở Bình Thạnh (Golden House 3)","Bình Thạnh, Hồ Chí Minh, Việt Nam",Thành phố Hồ Chí Minh
37127701,"Căn hộ 82 m² 2 phòng ngủ, 2 phòng tắm riêng ở Quận 4 (Millennium 2bedroom Residence Pool&Gym)","Quận 4, Hồ Chí Minh, Việt Nam",Thành phố Hồ Chí Minh
12666089,We Home Ben Thanh,"121/33 Lê Thị Riêng WE HOME BEN THANH, Quận 1, Hồ Chí Minh, Việt Nam",Thành phố Hồ Chí Minh
60917643,Khách sạn Ben Thanh Station (Ben Thanh Station Hotel),"228 Lý Tự Trọng, Quận 1, Hồ Chí Minh, Việt Nam",Thành phố Hồ Chí Minh
67600428,Relax Homestay 5,"Quận 9, Hồ Chí Minh, Việt Nam",Thành phố Hồ Chí Minh
38045303,"Căn hộ 56 m² 1 phòng ngủ, 1 phòng tắm riêng ở Quận 7 (The Ascentia Apartment Phú Mỹ Hưng)","Quận 7, Hồ Chí Minh, Việt Nam",Thành phố Hồ Chí Minh
36850876,We Home Nguyễn Trãi (We Home Nguyen Trai),"No. 7/12, Quận 1, Hồ Chí Minh, Việt Nam",Thành phố Hồ Chí Minh
73533336,Emily Hallmark Luxury Ho Chi Minh City,"N15 Nguyen Thien Thanh, Hồ Chí Minh, Việt Nam",Thành phố Hồ Chí Minh
555301,GK Central Hotel,"92 - 94 L Tự Trọng, Phường Bến Thành, Quận 01, Hồ Chí Minh, Việt Nam",Thành phố Hồ Chí Minh
2011353,Khách sạn Bonita Grand Collection O Quận 10 (Collection O District 10 - Bonita Grand Hotel),"185 Tô Hiến Thành, Phường 13, Quận 10, Hồ Chí Minh, Việt Nam",Thành phố Hồ Chí Minh
43201473,Khách sạn Haven Hut (Haven Hut Hotel),"176 Cô Giang, Phường Cô Giang, Quận 1, Hồ Chí Minh, Việt Nam",Thành phố Hồ Chí Minh
60490632,Căn hộ Royal Galaxy Landmark 81 & Vinhomes (Landmark 81 & Vinhomes - Royal Galaxy Apartment),"Room 720A, Hồ Chí Minh, Việt Nam",Thành phố Hồ Chí Minh
75557608,Dingdong Suites – The Sun Avenue – Miễn phí hồ bơi & phòng gym (Dingdong Suites – The Sun Avenue – Free Pool & Gym),"28 Đường Mai Chí Thọ, Quận 2, Hồ Chí Minh, Việt Nam",Thành phố Hồ Chí Minh
64327220,Khách sạn Brown Dot Sân bay Sài Gòn (Brown Dot Hotel Saigon Airport),"155 Hoang Hoa Tham Đường, Phường 13, Hồ Chí Minh, Việt Nam",Thành phố Hồ Chí Minh
10909593,Khách sạn Lê Ngân Phùng (Le Ngan Phung Hotel),"Alley 79, Phường 7, Hồ Chí Minh, Việt Nam",Thành phố Hồ Chí Minh
56358742,Khách sạn Trà My - Trung tâm Sài Gòn (Trà My Hotel-Saigon Central),"41 Ly Chinh Thang, Phường 8, Quận 3, Hồ Chí Minh, Việt Nam",Thành phố Hồ Chí Minh
80114585,Khách sạn PureJoy Saigon Premium - Japanese Street (PureJoy Hotel Saigon Premium - Japanese Street),"26A Le Thanh Ton Đường, Ben Nghe Phường, Quận 1, Hồ Chí Minh, Việt Nam",Thành phố Hồ Chí Minh
59456017,Khách sạn The Passion sân bay - cách sân bay Tân Sơn Nhất 5 phút (The Passion Hotel Airport - 5 minutes to Tan Son Nhat ),"60/24 Yen Thế Tan Binh, Phường 2, Thành phố Hồ Chi Minh, Hồ Chí Minh, Việt Nam",Thành phố Hồ Chí Minh
69226115,Collection O Quận 10 Gần Bệnh viện Vạn Hạnh (trước đây là Khách sạn Lan Rừng) (Collection O District 10 Near Van Hanh Hospital Formerly Lan Rung Hotel),"781/A11 Le Hong Phong Đường, Phường 12, Quận 10, Hồ Chí Minh, Việt Nam",Thành phố Hồ Chí Minh
996127,Khách sạn Nicecy Boutique (Nicecy Boutique Hotel),"27 - 29 Đường Trương Định, Phường Bến Thành, Quận 1, Hồ Chí Minh, Việt Nam",Thành phố Hồ Chí Minh
6988262,Khách sạn và Căn hộ Cherry (Cherry Hotel and Apartment),"406/14 Cong Hoa Đường, Phường 13, Hồ Chí Minh, Việt Nam",Thành phố Hồ Chí Minh
77522399,Khách sạn Diamond Crown (Diamond Crown Hotel),"47 Nguyễn Tr i, Quận 1, Hồ Chí Minh, Việt Nam",Thành phố Hồ Chí Minh
48895235,Lunaria Maison - Local Side,"219/14 Trần Văn Đang, Phường 11, Quận 3, Hồ Chí Minh, Việt Nam",Thành phố Hồ Chí Minh
1166013,Airport Saigon Hotel,"34 Ngô Thị Thu Minh Tân Bình, Hồ Chí Minh, Việt Nam",Thành phố Hồ Chí Minh
7295630,Chotel Bến Thành (Chotel Ben Thanh),"21B Bui Thi Xuan, Hồ Chí Minh, Việt Nam",Thành phố Hồ Chí Minh
1270422,Khách Sạn & Spa Ciao Sài Gòn (Ciao SaiGon Hotel & Spa),"1 Đống Đa Tân Bình, Phường 2, Quận Tân Bình, Hồ Chí Minh, Việt Nam",Thành phố Hồ Chí Minh
36066205,Khách sạn Noble Swan New World (The Noble Swan Hotel New World),"270 Lê Thánh Tôn, Quận 1, Hồ Chí Minh, Việt Nam",Thành phố Hồ Chí Minh
1951432,Khách sạn Silverland Yen (Silverland Yen Hotel),"73-75 Đường Thủ Khoa Huân, Phường Bến Thành, Quận 1, Hồ Chí Minh, Việt Nam",Thành phố Hồ Chí Minh
31664697,Cozrum Homes - Summer's House,"No 436A/50/1A, Phường 12, Quận 10, Hồ Chí Minh, Việt Nam",Thành phố Hồ Chí Minh
54123206,M Village Nguyễn Kiệm - Khách sạn sân bay Cosmo (M Village Nguyễn Kiệm - Cosmo Airport Hotel),"659 Nguyen Kiem, Phường 9, Hồ Chí Minh, Việt Nam",Thành phố Hồ Chí Minh
13571664,KHÁCH SẠN LA VELA SÀI GÒN (LA VELA SAIGON HOTEL),"280 Nam Kỳ Khởi Nghĩa, Phường V Thị S u, Quận 03, Hồ Chí Minh, Việt Nam",Thành phố Hồ Chí Minh
1623811,Khách sạn Ruby Sài Gòn Bến Thành (Ruby Saigon Hotel - Ben Thanh),"267 - 269 Le Thanh Ton Str, Ben Thanh Phường, Quận 1, Hồ Chí Minh, Việt Nam",Thành phố Hồ Chí Minh
24984512,Pharaon Hotel 2,"102/1 Cống Quỳnh, Quận 1, Hồ Chí Minh, Việt Nam",Thành phố Hồ Chí Minh
31486542,Khách sạn Thanh Tài 1 (THANH TAI HOTEL 1),"Số 17 Đường Trần Thái Tông, Phường 15, Hồ Chí Minh, Việt Nam",Thành phố Hồ Chí Minh
292557,Khách Sạn Hoàng Hà Boutique (Hoang Ha Boutique Hotel),"53-57 Đường Trương Quốc Dung, Hồ Chí Minh, Việt Nam",Thành phố Hồ Chí Minh
37863451,Khách sạn MAY'S - Chợ Bến Thành (MAY'S HOTEL-BEN THANH MARKET),"22 Nguyễn An Ninh MAY S HOTEL-BEN THANH MARKET, Quận 1, Hồ Chí Minh, Việt Nam",Thành phố Hồ Chí Minh
30055103,KHÁCH SẠN CHERRY BOUTIQUE (CHERRY BOUTIQUE HOTEL ),"15n Lê Thánh Tôn, Quận 1, Hồ Chí Minh, Việt Nam",Thành phố Hồ Chí Minh
63963632,Khách sạn Trung Mai (Hotel Trung Mai),"15 Truong Hoang Thanh Str Tân Bình, Hồ Chí Minh, Việt Nam",Thành phố Hồ Chí Minh
47207990,"Kin Wander Tân Phong, The Moonage (Kin Wander Tan Phong, The Moonage)","No. 23 (), Tan Hung Phường, Quận 7, Hồ Chí Minh, Việt Nam",Thành phố Hồ Chí Minh
38676217,M Village Living Cửu Long,"44a Cửu Long M Village, Hồ Chí Minh, Việt Nam",Thành phố Hồ Chí Minh
16427608,Cozrum Homes Ambera House,"212B/D37 Nguyen Trai District 1, Nguyen Cu Trinh Phường, Quận 1, Hồ Chí Minh, Việt Nam",Thành phố Hồ Chí Minh
24281358,Khách sạn Lam Kinh (Lam Kinh Hotel),"No. 580-582, Phường 8, Quận 5, Hồ Chí Minh, Việt Nam",Thành phố Hồ Chí Minh
38516729,Khách sạn Midas (Midas Hotel),"751 Đường Lê Hồng Phong, Quận 10, Hồ Chí Minh, Việt Nam",Thành phố Hồ Chí Minh
33948667,Khách sạn Felix (Felix Hotel),"219/8A Phạm Ngũ Lão Felix hotel, Quận 1, Hồ Chí Minh, Việt Nam",Thành phố Hồ Chí Minh
55819905,Khách sạn Lanura Sài Gòn Boutique (Lanura Saigon Boutique Hotel),"99/18 - 18A T n Bình, Phường 4, Hồ Chí Minh, Việt Nam",Thành phố Hồ Chí Minh
337847,Khách Sạn Mi Linh (Mi Linh Hotel),"B38A Bạch Đằng, Phường T n Sơn H a, Hồ Chí Minh, Việt Nam",Thành phố Hồ Chí Minh
63227000,Khách sạn Pynt 2 (Pynt Hotel 2),"274 Thong Nhat Đường, Phường 16, Hồ Chí Minh, Việt Nam",Thành phố Hồ Chí Minh
40023149,Signature by M Village Lê Thánh Tôn,"24 Le Thanh Ton Đường, Ben Nghe Phường, Quận 1, Hồ Chí Minh, Việt Nam",Thành phố Hồ Chí Minh
1155111,TTC Hotel Deluxe Airport,"315 Ho  224 ng Văn Thụ quận T  226 n B  236 nh, Phường 2, Hồ Chí Minh, Việt Nam",Thành phố Hồ Chí Minh
7257952,Khách sạn Phương Thùy (Phuong Thuy Hotel Thu Duc near QL13),"4 Đường 17, Phường Hiệp Bình Phước, Thành phố HCM, Hồ Chí Minh, Việt Nam",Thành phố Hồ Chí Minh
64198689,Khách sạn Hoàng Long By Cozrum (Hoàng Long Hotel By Cozrum),"243/10 Tô Hiến Thành, Phường 13, Quận 10, Hồ Chí Minh, Việt Nam",Thành phố Hồ Chí Minh
67199969,Khách sạn Metrolux City Contemporary (Metrolux City Contemporary Hotel),"19A-B Bui Thi Xuan Ben Thanh, Quận 1, Hồ Chí Minh, Việt Nam",Thành phố Hồ Chí Minh
59732978,Khách sạn Cactusland Tân Bình (Cactusland Hotel Tan Binh),"35 Bình Giã Tân Bình, Phường 13, Hồ Chí Minh, Việt Nam",Thành phố Hồ Chí Minh
74266099,Zeus Living - Căn hộ ấm cúng tại Thảo Điền (Zeus Living - Cozy Apartment in Thao Dien),"6 Thái Ly Thảo Điền, Quận 2, Hồ Chí Minh, Việt Nam",Thành phố Hồ Chí Minh
42033094,Doi Sao homestay (Doi Sao Homestay),"Room 401, Binh Trung Tay Phường, Quận 2, Hồ Chí Minh, Việt Nam",Thành phố Hồ Chí Minh
6262380,Khách Sạn Âu Lạc Legend (Au Lac Legend Hotel),"90 Nguyễn Thị Minh Khai quận 3, Hồ Chí Minh, Việt Nam",Thành phố Hồ Chí Minh
64505459,Masteri Centre Point -Vinhome Q9,"Quận 9, Hồ Chí Minh, Việt Nam",Thành phố Hồ Chí Minh
64505460,Masteri Center Point-Vinhome Q9,"Quận 9, Hồ Chí Minh, Việt Nam",Thành phố Hồ Chí Minh
64505461,Vinhomes Grand Park Q9 - Homestay Adora (Vinhomes Grand Park Q9 - Homestay Adora - B22),"Quận 9, Hồ Chí Minh, Việt Nam",Thành phố Hồ Chí Minh
64505449,Homestay Adora - Vinhome GP - Q9,"Quận 9, Hồ Chí Minh, Việt Nam",Thành phố Hồ Chí Minh
64505451,Homestay Adora - Vinhome GP - Q9,"Quận 9, Hồ Chí Minh, Việt Nam",Thành phố Hồ Chí Minh
64505452,Homestay Adora - Vinhome GP - Q9,"Quận 9, Hồ Chí Minh, Việt Nam",Thành phố Hồ Chí Minh
64505453,Homestay Adora - Vinhome GP - Q9,"Quận 9, Hồ Chí Minh, Việt Nam",Thành phố Hồ Chí Minh
247385,Khách sạn S79 Sunny 2 (S79 Sunny Hotel 2),"Cầu Giấy, 21 Ng. 170 Phường Ho ng Ng n, Hồ Chí Minh, Việt Nam",Thành phố Hồ Chí Minh
64505454,Homestay Adora - Vinhome GP - Q9,"Quận 9, Hồ Chí Minh, Việt Nam",Thành phố Hồ Chí Minh
64505455,Homestay Adora - Vinhome GP - Q9,"Quận 9, Hồ Chí Minh, Việt Nam",Thành phố Hồ Chí Minh
14714203,Sky homes Block A,"Tân Bình, Hồ Chí Minh, Việt Nam",Thành phố Hồ Chí Minh
64505444,Vinhomes Grand Park - Homestay Adora,"Quận 9, Hồ Chí Minh, Việt Nam",Thành phố Hồ Chí Minh
64505445,Homestay Adora - Vinhome GP - Q9,"Quận 9, Hồ Chí Minh, Việt Nam",Thành phố Hồ Chí Minh
64505446,Homestay Adora - Vinhome GP - Q9,"Quận 9, Hồ Chí Minh, Việt Nam",Thành phố Hồ Chí Minh
64505447,Homestay Adora - Vinhome GP - Q9,"Quận 9, Hồ Chí Minh, Việt Nam",Thành phố Hồ Chí Minh
78315881,Khách sạn Dung India (DUNG INDIA HOTEL),"105 HOÀNG HOA THÁM, Phường TÂN BÌNH, Quận 3, Hồ Chí Minh, Việt Nam",Thành phố Hồ Chí Minh
46860041,Nhà SaiGon Homestay&Coffee,"12 Nguyen Cong Tru Room, Phường 19, Hồ Chí Minh, Việt Nam",Thành phố Hồ Chí Minh
72810910,Căn hộ cao cấp gần sân bay (Can ho cao cap gan san bay),"Tân Bình, Hồ Chí Minh, Việt Nam",Thành phố Hồ Chí Minh
72810883,THE MANOR - 1 BEDROOM Binh Thanh,"The Manor 2, Hồ Chí Minh, Việt Nam",Thành phố Hồ Chí Minh
35309506,Khách sạn Valentine Boutique - 25 Bùi Viện (Valentine Boutique hotel - 25 Bui Vien street ),"25 Bùi Viện, Quận 1, Hồ Chí Minh, Việt Nam",Thành phố Hồ Chí Minh
64079370,Khách sạn Hoa Phượng (Hotel Hoa Phượng ),"58 TA19A, Quận 12, Hồ Chí Minh, Việt Nam",Thành phố Hồ Chí Minh
77070717,Căn hộ khách sạn Amory Nguyễn Trãi (Amory Aparthotel Nguyen Trai),"236/10 Nguyen Trãi Đường, Nguyễn Cư Trinh Phường, Quận 1, Hồ Chí Minh, Việt Nam",Thành phố Hồ Chí Minh
1164769,Khách Sạn Ava Sài Gòn (Ava Saigon Hotel),"230 Lý Tự Trọng, Quận 1, Hồ Chí Minh, Việt Nam",Thành phố Hồ Chí Minh
33147469,Khách sạn VND (VND HOTEL),"66 Nguyễn Gia Trí VND HOTEL, Hồ Chí Minh, Việt Nam",Thành phố Hồ Chí Minh
288575,Kim Hotel 1,"40/18 Đường Bùi Viện, Quận 1, Hồ Chí Minh, Việt Nam",Thành phố Hồ Chí Minh
76480794,PH Hotel(SECC Phu My Hung),"1 Phan Khiem Ich Tan Phong, Quận 7, Hồ Chí Minh, Việt Nam",Thành phố Hồ Chí Minh
68026775,Losso Central - Madison Building D1,"15 Thi Sach District 1, Quận 1, Hồ Chí Minh, Việt Nam",Thành phố Hồ Chí Minh
38098282,Khách sạn An Đông Center (An Dong Center Hotel),"14 Su Van Hanh Đường, Quận 5, Hồ Chí Minh, Việt Nam",Thành phố Hồ Chí Minh
72810663,Anpha Apartment Hotel Ben Thanh,"202/1 Đường Lê Thánh Tôn, Quận 1, Hồ Chí Minh, Việt Nam",Thành phố Hồ Chí Minh
80171419,CityHouse - Nest Metro Thảo Điền,"53A Đường Võ Nguyên Giáp, Quận 2, Hồ Chí Minh, Việt Nam",Thành phố Hồ Chí Minh
72605617,Biệt thự Soho cao cấp The Global City (The Global City Luxury Soho Villa),"Đường Đỗ Xuân Hợp, Quận 2, Hồ Chí Minh, Việt Nam",Thành phố Hồ Chí Minh
64063018,"Căn hộ 97 m² 2 phòng ngủ, 2 phòng tắm riêng ở Tân Phú (Nhà Hải - Căn Hộ Celadon City 2PN-2WC gần Sân Bay)","Tân Phú, Hồ Chí Minh, Việt Nam",Thành phố Hồ Chí Minh
50120455,Căn hộ Sy's Homes gần sân bay Tân Sơn Nhất (Sy's Homes Apartment Near Tân Sơn Nhất Airport),"1/12 Nguyen Van Vinh Đường, Tan Son Nhat Phường, Hồ Chí Minh, Việt Nam",Thành phố Hồ Chí Minh
45434697,"Vinhomes Central Park - Luxury 1,2,3,4 bedroom apartments - Khu đô thị ven sông đẹp nhất TP HCM (Vinhomes Central Park - Luxury 1,2,3,4 bedroom apartments - Khu đo thi ven song đep nhat TP HCM)","Vinhomes Central Park, Phường 22, Hồ Chí Minh, Việt Nam",Thành phố Hồ Chí Minh
63063494,"Căn hộ 80 m² 2 phòng ngủ, 2 phòng tắm riêng ở Quận 4 (Căn hộ view sông Saigon ngắm pháo hoa)","Quận 4, Hồ Chí Minh, Việt Nam",Thành phố Hồ Chí Minh
45761727,Sara Studio RiverGate BenThanh bl6zS,"151 Đường Bến Vân Đồn, Quận 4, Hồ Chí Minh, Việt Nam",Thành phố Hồ Chí Minh
76481154,Fall-in-Love Suite - The Sun Avenue,"The Sun Đại lộ SAV6 Office Centre, Quận 2, Hồ Chí Minh, Việt Nam",Thành phố Hồ Chí Minh
51365149,"Căn hộ 100 m² 2 phòng ngủ, 2 phòng tắm riêng ở Quận 3 (The Rixx Trendy Apartmen 2bed 2 baths/Marq/Netflix)","Quận 3, Hồ Chí Minh, Việt Nam",Thành phố Hồ Chí Minh
59819406,Khách sạn Ngọc Hương HCM (Ngọc Hương Hotel HCM),"708 Provincial Đường 10, Hồ Chí Minh, Việt Nam",Thành phố Hồ Chí Minh
35865607,Scenic Valley By Dhome (Scenic Valley By Dhome ),"B209, Quận 7, Hồ Chí Minh, Việt Nam",Thành phố Hồ Chí Minh
66930136,"Biệt thự m² 7 phòng ngủ, 8 phòng tắm riêng ở Bình Thạnh (KN6 Holiday Villa in District 2)","Quận 2, Hồ Chí Minh, Việt Nam",Thành phố Hồ Chí Minh
78758553,Khách sạn Couple in love (Khách sạn Couple in love ),"61 Bàu Cát 4 Tân Bình, Phường 14, Hồ Chí Minh, Việt Nam",Thành phố Hồ Chí Minh
81052414,Stayx CoZy Stay,"802 Đường Nguyễn Văn Linh, Quận 7, Hồ Chí Minh, Việt Nam",Thành phố Hồ Chí Minh
35540459,Khách sạn KAS Nguyễn Trãi (KAS Nguyen Trai Hotel),"47A Nguyễn Trãi, Quận 1, Hồ Chí Minh, Việt Nam",Thành phố Hồ Chí Minh
49857746,Khách sạn Eden (Eden Hotel),"1118 Quang Trung Eden Hotel, Phường 8, Hồ Chí Minh, Việt Nam",Thành phố Hồ Chí Minh
6915654,Signy House Khách Sạn & Căn Hộ (Signy House Hotel & Apartments),"15B Tran Khanh Du, Quận 1, Hồ Chí Minh, Việt Nam",Thành phố Hồ Chí Minh
36373530,"Căn hộ 38 m² 1 phòng ngủ, 1 phòng tắm riêng ở Phú Nhuận (Luxury Apartment near Tan Son Nhat Airport)","128 Đường Hồng Hà, Hồ Chí Minh, Việt Nam",Thành phố Hồ Chí Minh
32753604,"Nhà riêng 25 m² 1 phòng ngủ, 1 phòng tắm riêng ở Bình Thạnh (Room 206B, large pool hotel, 2 beds)","Quận 2, Hồ Chí Minh, Việt Nam",Thành phố Hồ Chí Minh
42087767,Khách sạn Thanh Hồng (Khach San Thanh Hong),"64/19 Đường Xu n Diệu, Phường 4, Hồ Chí Minh, Việt Nam",Thành phố Hồ Chí Minh
35800094,Khách sạn HANZ YAYA Bùi Viện (S79 Crown and Boutique Bui Vien),"Bui Vien 97, Quận 1, Hồ Chí Minh, Việt Nam",Thành phố Hồ Chí Minh
78054040,Hómeur Homestay - Le Meur Room (Homeur Homestay - Le Meur Room),"Bình Thạnh, Hồ Chí Minh, Việt Nam",Thành phố Hồ Chí Minh
17024835,*BOM HOMES* VINHOMES CENTRAL PARK- LUXURY APARTMENT,"208 Nguyễn Hữu Cảnh Bình Thạnh, Hồ Chí Minh, Việt Nam",Thành phố Hồ Chí Minh
66864568,DeLaSol Luxury Citypoint,"No. 1 Ton That Thuyet, Phường 1, Quận 4, Hồ Chí Minh, Việt Nam",Thành phố Hồ Chí Minh
74613307,"Nhà riêng 80 m² 2 phòng ngủ, 2 phòng tắm riêng ở Quận 4 (Relaxing 2br zenity d1 yolohome)","Quận 1, Hồ Chí Minh, Việt Nam",Thành phố Hồ Chí Minh
75842248,Khách sạn Tứ Phương (Tu Phuong Hotel),"31/11 Phạm Phú Thứ Tân Bình, Phường 11, Hồ Chí Minh, Việt Nam",Thành phố Hồ Chí Minh
42026190,"Căn hộ 82 m² 1 phòng ngủ, 1 phòng tắm riêng ở Tân Bình (Beautiful apartment in the middle of District 12)","Quận 12, Hồ Chí Minh, Việt Nam",Thành phố Hồ Chí Minh
37913622,"Căn hộ 54 m² 1 phòng ngủ, 1 phòng tắm riêng ở Bình Thạnh (Apartment 1 Bedroom Landmark 5 - Hight )","Bình Thạnh, Hồ Chí Minh, Việt Nam",Thành phố Hồ Chí Minh
30721920,"Căn hộ 60 m² 1 phòng ngủ, 1 phòng tắm riêng ở Bình Thạnh (Anh Apartment)","Bình Thạnh, Hồ Chí Minh, Việt Nam",Thành phố Hồ Chí Minh
63063446,"Nhà riêng 110 m² 3 phòng ngủ, 2 phòng tắm riêng ở Quận 7 (3BedRoom in Scenic Valley District 7)","Quận 7, Hồ Chí Minh, Việt Nam",Thành phố Hồ Chí Minh
63997317,Amango Home Trần Hưng Đạo (Amango Home Tran Hung Dao),"Room 391, Quận 1, Hồ Chí Minh, Việt Nam",Thành phố Hồ Chí Minh
59852230,"Nhà riêng m² 2 phòng ngủ, 2 phòng tắm riêng ở Bình Thạnh (Cặn hộ 2PN view đẹp Landmark 81)","Bình Thạnh, Hồ Chí Minh, Việt Nam",Thành phố Hồ Chí Minh
10553082,"Nhà mặt đất 35 m² 1 phòng ngủ, 1 phòng tắm riêng ở Quận 8 (F3)","Quận 8, Hồ Chí Minh, Việt Nam",Thành phố Hồ Chí Minh
34243665,"Nhà trệt 100 m² 1 phòng ngủ, 1 phòng tắm riêng ở Phú Nhuận (Happy home stay )","Phú Nhuận, Hồ Chí Minh, Việt Nam",Thành phố Hồ Chí Minh
34178181,Khách sạn Cat Bến Thành (Cat Hotel Bến Thành),"47 Nguyen Trai Đường, Quận 1, Hồ Chí Minh, Việt Nam",Thành phố Hồ Chí Minh
7423532,Thùy Dương Hotel (Thuy Duong Hotel),"982/4 Đường Quang Trung, Phường 8, Hồ Chí Minh, Việt Nam",Thành phố Hồ Chí Minh
35488892,"Nhà riêng 80 m² 2 phòng ngủ, 1 phòng tắm riêng ở Quận 1 (The Rixx Cozy Apartment (Ben Thanh tower))","Quận 1, Hồ Chí Minh, Việt Nam",Thành phố Hồ Chí Minh
6587904,"Chung cư 30 m² 1 phòng ngủ, 1 phòng tắm riêng ở Quận 3 (Enchanting studio in HCMC No.2)","Quận 3, Hồ Chí Minh, Việt Nam",Thành phố Hồ Chí Minh
706156,Thanh An Hotel,"89-91 Đường HT45, Phường Hiệp Thành, Quận 12, Hồ Chí Minh, Việt Nam",Thành phố Hồ Chí Minh
69304902,"Căn hộ m² 1 phòng ngủ, 1 phòng tắm riêng ở Quận 9 (Win House)","Quận 9, Hồ Chí Minh, Việt Nam",Thành phố Hồ Chí Minh
76235515,West Gate Bình Chánh (West Gate Binh Chanh),"Bình Chánh, Hồ Chí Minh, Việt Nam",Thành phố Hồ Chí Minh
13584051,"Chung cư 78 m² 2 phòng ngủ, 2 phòng tắm riêng ở Quận 4 (SAIGON 9- RiverGate 2BRS 3mins Central pool/gym)","Quận 4, Hồ Chí Minh, Việt Nam",Thành phố Hồ Chí Minh
16090763,"Nhà mặt đất 36 m² 1 phòng ngủ, 1 phòng tắm riêng ở Bình Thạnh (OFF 20% M-H Apartment with cozy style )","Bình Thạnh, Hồ Chí Minh, Việt Nam",Thành phố Hồ Chí Minh
36963511,"Căn hộ 75 m² 2 phòng ngủ, 2 phòng tắm riêng ở Phú Nhuận (Luxury Apartment in Tan Son Nhat Airport Area)","Tân Bình, Hồ Chí Minh, Việt Nam",Thành phố Hồ Chí Minh
67306308,Khách sạn New Pearl (New Pearl Hotel),"18 Đại Hải 1 Xuân Thới Thượng, Hồ Chí Minh, Việt Nam",Thành phố Hồ Chí Minh
74761021,"Nhà riêng m² 1 phòng ngủ, 2 phòng tắm riêng ở Bình Thạnh (2BR 81 floors million dollar view)","Bình Thạnh, Hồ Chí Minh, Việt Nam",Thành phố Hồ Chí Minh
74761022,"Nhà riêng m² 1 phòng ngủ, 2 phòng tắm riêng ở Bình Thạnh (2pn-2br building 81st floor of Southeast Asia)","Bình Thạnh, Hồ Chí Minh, Việt Nam",Thành phố Hồ Chí Minh
62113020,"Biệt thự 40 m² 5 phòng ngủ, 4 phòng tắm riêng ở Quận 7 (Villa A71)","Quận 7, Hồ Chí Minh, Việt Nam",Thành phố Hồ Chí Minh
49186233,Sunny Tranquil Oasis,"63 Nguyễn Ngọc Phương Bình Thạnh, Hồ Chí Minh, Việt Nam",Thành phố Hồ Chí Minh
33899868,"Nhà riêng 60 m² 2 phòng ngủ, 2 phòng tắm riêng ở Quận 9 (Căn hộ hai phòng ngủ có ban công thoáng mát 11)","Quận 9, Hồ Chí Minh, Việt Nam",Thành phố Hồ Chí Minh
76465133,"Căn hộ 80m² 2 phòng ngủ, 2 phòng tắm riêng ở Quận 9 (Vinhomes grand park 2 bedroom luxury apartment)","Quận 9, Hồ Chí Minh, Việt Nam",Thành phố Hồ Chí Minh
62096599,Căn hộ 7 (7 Apartment),"No. 20/9, Phường 13, Quận 4, Hồ Chí Minh, Việt Nam",Thành phố Hồ Chí Minh
76465131,"Nhà riêng m² 1 phòng ngủ, 1 phòng tắm riêng ở Quận 9 (Vinhomes grand park 1 bedroom apartment pool view)","Quận 9, Hồ Chí Minh, Việt Nam",Thành phố Hồ Chí Minh
5661495,Khách sạn Thư Thái (Thu Thai Hotel),"73 Trần Văn Đang, Phường 9, Quận 3, Hồ Chí Minh, Việt Nam",Thành phố Hồ Chí Minh
76465129,"Nhà riêng m² 1 phòng ngủ, 2 phòng tắm riêng ở Quận 9 (Vinhomes Grand Park 2 bedroom apartment river view)","Quận 9, Hồ Chí Minh, Việt Nam",Thành phố Hồ Chí Minh
78316484,Khách sạn Minh Thuận (hotel minh thuận),"532 Nguyễn Văn Khối Gò Vấp, Phường 9, Hồ Chí Minh, Việt Nam",Thành phố Hồ Chí Minh
65455215,NERO APARTMENT – 5m to Landmark 81,"89/1 Nguyễn Hữu Cảnh Bình Thạnh, Hồ Chí Minh, Việt Nam",Thành phố Hồ Chí Minh
71156663,"Căn hộ m² 1 phòng ngủ, 2 phòng tắm riêng ở Bình Thạnh (Luxury 2br Atp Lanmark5 building)","Bình Thạnh, Hồ Chí Minh, Việt Nam",Thành phố Hồ Chí Minh
63423560,Masteri Thảo Điền (Masteri Thao Đien),"Thảo Điền T2A0907, Quận 2, Hồ Chí Minh, Việt Nam",Thành phố Hồ Chí Minh
63423575,Sống chậm thư giãn giữa quận 1 (Song cham thu gian giua quan 1),"Quận 1, Hồ Chí Minh, Việt Nam",Thành phố Hồ Chí Minh
64472130,SwEEt HomE,"Bình Thạnh, Hồ Chí Minh, Việt Nam",Thành phố Hồ Chí Minh
296863,Nui Thanh Hotel,"3A Nui Thanh St Tan Binh District, Phường 13, Hồ Chí Minh, Việt Nam",Thành phố Hồ Chí Minh
72811466,"1BR view Garden, Free Gym&Swimming","Quận 9, Hồ Chí Minh, Việt Nam",Thành phố Hồ Chí Minh
79086359,"VIP-Botanica premier-Luxurious, classy-pool free-view thoáng mát (VIP-Botanica premier-Luxurious, classy-pool free-view thoang mat)","Tân Bình, Hồ Chí Minh, Việt Nam",Thành phố Hồ Chí Minh
53707924,"Căn hộ 79 m² 1 phòng ngủ, 2 phòng tắm riêng ở Quận 9 (Căn hộ view thành phố bao quanh không gian xanh)","Quận 9, Hồ Chí Minh, Việt Nam",Thành phố Hồ Chí Minh
61424644,Lyn Homestay room2 ( Bui Vien Walking Street),"Đường Bùi Viện, Phường Phạm Ngũ Lão, Quận 1, Hồ Chí Minh, Việt Nam",Thành phố Hồ Chí Minh
46613877,"Căn hộ 75 m² 2 phòng ngủ, 2 phòng tắm riêng ở Phú Nhuận (Tân Sơn Nhất airport 2BR)","Tân Bình, Hồ Chí Minh, Việt Nam",Thành phố Hồ Chí Minh
61817884,Khách sạn The Luxury (The Luxury Hotel ),"457/1A Le van tho. phuong 9. Quan Go Vap. Thanh Pho Ho Chi Minh Gò Vấp, Hồ Chí Minh, Việt Nam",Thành phố Hồ Chí Minh
41698763,"Căn hộ 140 m² 3 phòng ngủ, 2 phòng tắm riêng ở Quận 4 (3bed resortstyle in central D1/pool/gym/cigar room)","Quận 1, Hồ Chí Minh, Việt Nam",Thành phố Hồ Chí Minh
18482850,Nhật Vân 1 (Nhat Van 1),"16/4 trần thiện chánh p12 q10, Quận 10, Hồ Chí Minh, Việt Nam",Thành phố Hồ Chí Minh
67470268,Căn hộ Diamond Suite Star Hill (Diamond Suite Star Hill Apartment),"Đường 10, Phường Tân Phú, Quận 7, Hồ Chí Minh, Việt Nam",Thành phố Hồ Chí Minh
33834429,HoLo Central Saigon - Serviced HomeStay,"1 Phan Văn Trường, Quận 1, Hồ Chí Minh, Việt Nam",Thành phố Hồ Chí Minh
35308960,"Căn hộ 54 m² 1 phòng ngủ, 1 phòng tắm riêng ở Bình Thạnh (Classy - Delicated 1 bed Apt L81/ Besie to Mall)","Bình Thạnh, Hồ Chí Minh, Việt Nam",Thành phố Hồ Chí Minh
12420988,Khách sạn Minh Anh Gò Vấp (Khách sạn Minh Anh Gò Vấp ),"65 Đường 1, Phường 11, Hồ Chí Minh, Việt Nam",Thành phố Hồ Chí Minh
76464973,"Căn hộ m² 2 phòng ngủ, 2 phòng tắm riêng ở Tân Bình (Căn hộ dịch vụ 2 pn tại Republic Plaza, gần ga T3)","Tân Bình, Hồ Chí Minh, Việt Nam",Thành phố Hồ Chí Minh
33899981,"Căn hộ 60 m² 2 phòng ngủ, 2 phòng tắm riêng ở Quận 9 (Full service apartment with poll view )","Quận 9, Hồ Chí Minh, Việt Nam",Thành phố Hồ Chí Minh
69469160,"Nhà riêng 50 m² 1 phòng ngủ, 1 phòng tắm riêng ở Tân Bình (Elegant apartment 1BR-1BA Near the airport)","Tân Bình, Hồ Chí Minh, Việt Nam",Thành phố Hồ Chí Minh
63095840,V Living Nguyễn Bỉnh Khiêm (V Living Nguyen Binh Khiem),"29 Nguyen Binh Khiem St, Quận 1, Hồ Chí Minh, Việt Nam",Thành phố Hồ Chí Minh
72237992,Be Staycation,"57/6 Đường Điện Bi n Phủ, Hồ Chí Minh, Việt Nam",Thành phố Hồ Chí Minh
25134738,"Căn hộ 108 m² 3 phòng ngủ, 2 phòng tắm riêng ở Bình Thạnh (căn hộ dịch vụ khách sạn cao cấp 3 phòng ngủ)","Bình Thạnh, Hồ Chí Minh, Việt Nam",Thành phố Hồ Chí Minh
18171621,Botanist Lab sleek studio in Tan Dinh by CIRCADIAN,"Quận 1, Hồ Chí Minh, Việt Nam",Thành phố Hồ Chí Minh
67650555,"Nhà riêng 77 m² 1 phòng ngủ, 1 phòng tắm riêng ở Quận 4 (Spacious 1 bedroom with nice D7 view Sunrise)","Quận 7, Hồ Chí Minh, Việt Nam",Thành phố Hồ Chí Minh
45778253,"Căn hộ 110 m² 3 phòng ngủ, 2 phòng tắm riêng ở Quận 4 (Destiny Apartment River Gate 3Br Ben Thanh (a24oT))","Quận 4, Hồ Chí Minh, Việt Nam",Thành phố Hồ Chí Minh
37766583,"Căn hộ 65 m² 1 phòng ngủ, 1 phòng tắm riêng ở Trung tâm thành phố Buôn Ma Thuột (SERENITY SKY VILLAS - 센터 - Best Villa in HCMC)","Quận 3, Hồ Chí Minh, Việt Nam",Thành phố Hồ Chí Minh
71156672,"Căn hộ 110 m² 2 phòng ngủ, 2 phòng tắm riêng ở Bình Thạnh (3br Luxury apartment with swimming pool.)","Bình Thạnh, Hồ Chí Minh, Việt Nam",Thành phố Hồ Chí Minh
75973497,Căn hộ 1 phòng ngủ thanh lịch #Sun Avenue # River View #S8-2313 (Can ho 1 phong ngu thanh lich #Sun Avenue # River View #S8-2313),"Quận 2, Hồ Chí Minh, Việt Nam",Thành phố Hồ Chí Minh
58592126,Khách sạn Nguyên Thanh (Nguyên Thanh Hotel),"Tran Thi Dieu, Quận 9, Hồ Chí Minh, Việt Nam",Thành phố Hồ Chí Minh
73550944,Khách sạn Romana Sài Gòn (Romana Saigon Hotel ),"120-122-124 Hưng Gia 5 Đường 2, Phường Tân Phong, Quận 7, Hồ Chí Minh, Việt Nam",Thành phố Hồ Chí Minh
296962,Nhà nghỉ Thanh Hà (Thanh Ha Guest House),"241/39 Pham Ngu Lao Dist 1, Quận 1, Hồ Chí Minh, Việt Nam",Thành phố Hồ Chí Minh
69831713,AWENASA,"40 / 2 Bau Cat 1 Đường, Phường 14, Hồ Chí Minh, Việt Nam",Thành phố Hồ Chí Minh
79940808,The Grand Residence at Vinhomes,"720A Đường Điện Biên Phủ, Hồ Chí Minh, Việt Nam",Thành phố Hồ Chí Minh
10537132,Chung cư studio 120 m² có 2 phòng tắm riêng ở Bình Thạnh (L6.34.02),"Bình Thạnh, Hồ Chí Minh, Việt Nam",Thành phố Hồ Chí Minh
38701659,"Căn hộ 108 m² 3 phòng ngủ, 2 phòng tắm riêng ở Bình Thạnh (VIVIAN LANDMARK 81 3-Bedroom Luxury)","Bình Thạnh, Hồ Chí Minh, Việt Nam",Thành phố Hồ Chí Minh
76795012,Belvilla gần sân bay quốc tế Tân Sơn Nhất - Trước đây là Khách sạn Vyvy (Belvilla Near Tan Son Nhat International Airport - Formerly Vyvy Hotel),"283 Đường Hoàng Văn Thụ, Phường 2, Hồ Chí Minh, Việt Nam",Thành phố Hồ Chí Minh
55806793,"Căn hộ 100 m² 2 phòng ngủ, 2 phòng tắm riêng ở Quận 1 (Sunwah Pearl 2brs apt Free Pool Pick-up 20% OFF)","Bình Thạnh, Hồ Chí Minh, Việt Nam",Thành phố Hồ Chí Minh
61377408,"Nhà riêng 35 m² 1 phòng ngủ, 1 phòng tắm riêng ở Quận 3 (Cozy Modern Place - FreeNETFLIX @ Near Pink Church)","190E Tran Quang Khai Đường, Tan Dinh Phường, Quận 1, Hồ Chí Minh, Việt Nam",Thành phố Hồ Chí Minh
8456361,"Chung cư 80 m² 2 phòng ngủ, 2 phòng tắm riêng ở Quận 4 (Danny Executive Apartment Saigon)","Quận 4, Hồ Chí Minh, Việt Nam",Thành phố Hồ Chí Minh
37128732,Royal Room with front small yard,"2a Vũ Ngọc Phan Bình Thạnh, Hồ Chí Minh, Việt Nam",Thành phố Hồ Chí Minh
34179619,"Căn hộ 85 m² 1 phòng ngủ, 1 phòng tắm riêng ở Phú Nhuận (Luxury apartment in HCMC central (1BR))","Quận 1, Hồ Chí Minh, Việt Nam",Thành phố Hồ Chí Minh
79826152,Rio House Parkview House Saigon,"Hado Res, Quận 10, Hồ Chí Minh, Việt Nam",Thành phố Hồ Chí Minh
78744730,"Căn hộ m² 1 phòng ngủ, 1 phòng tắm riêng ở Bình Thạnh (1 BEDROOM LUXURY NEW LANDMARK WIN HOME)","Bình Thạnh, Hồ Chí Minh, Việt Nam",Thành phố Hồ Chí Minh
65964993,NN apartment,"41/9 Cô Giang, Quận 1, Hồ Chí Minh, Việt Nam",Thành phố Hồ Chí Minh
13551870,SAIGON 9- RiverGate 3 mins Ben Thanh free pool/gym,"Quận 4, Hồ Chí Minh, Việt Nam",Thành phố Hồ Chí Minh
9357503,Dragon homestay centre city Bitexco view room,"45 Nguyễn Thái Học Quận 1, Hồ Chí Minh, Việt Nam",Thành phố Hồ Chí Minh
79744245,funny hostel & cafe,"283/2A Pham Ngu Lao Quan 1, Hồ Chí Minh, Việt Nam",Thành phố Hồ Chí Minh
38111858,"Căn hộ 42 m² 1 phòng ngủ, 1 phòng tắm riêng ở Quận 4 (Studio-Mediterranean style-Millennium-Q4-Free Swim)","Quận 4, Hồ Chí Minh, Việt Nam",Thành phố Hồ Chí Minh
16201507,Republic Plaza Serviced Apartment,"18e Đường Cộng H a, Hồ Chí Minh, Việt Nam",Thành phố Hồ Chí Minh
76732940,Four P Home Bình Thạnh (Four P Home Binh Thanh),"60/3 QL13, Hồ Chí Minh, Việt Nam",Thành phố Hồ Chí Minh
66150890,"Nhà riêng 30 m² 1 phòng ngủ, 1 phòng tắm riêng ở Quận 9 (Yuki Homes)","Long Thạnh Mỹ, Quận 9, Hồ Chí Minh, Việt Nam",Thành phố Hồ Chí Minh
69770254,Squirrel Home,"39 Đường Thanh Loan, Quận 8, Hồ Chí Minh, Việt Nam",Thành phố Hồ Chí Minh
64280224,Khách sạn Thiên Tân (Thien Tan Hotel),"633 Pham Van Dong Đường, Hồ Chí Minh, Việt Nam",Thành phố Hồ Chí Minh
78891077,Dehom,"Thủ Đức, Hồ Chí Minh, Việt Nam",Thành phố Hồ Chí Minh
59389955,Khách sạn Mây Trắng (Mây Trắng Hotel),"352 Dong Van Cong, Thạnh My Loi Phường, Quận 2, Hồ Chí Minh, Việt Nam",Thành phố Hồ Chí Minh
58299031,Lunaria Maison - Central Park,"187B Hai B Trưng, Quận 3, Hồ Chí Minh, Việt Nam",Thành phố Hồ Chí Minh
9394019,Chung cư studio 150 m² có 2 phòng tắm riêng ở Quận 4 (Opera - Luxurious Condo with aesthetic design),"Quận 2, Hồ Chí Minh, Việt Nam",Thành phố Hồ Chí Minh
64671658,Căn hộ Saigon Loft Tân Định (Saigon Loft Apartments - Tan Dinh),"44 Tran Quang Khai Đường, Tan Dinh Phường, Quận 1, Hồ Chí Minh, Việt Nam",Thành phố Hồ Chí Minh
25873918,Khách sạn Lá Q10 (La Hotel Q10),"62 Ngô Quyền, Phường 5, Quận 10, Hồ Chí Minh, Việt Nam",Thành phố Hồ Chí Minh
64903409,Luxury the Tresor Apartment - Netflix & View,"39 Đường Bến Vân Đồn, Phường 13, Quận 4, Hồ Chí Minh, Việt Nam",Thành phố Hồ Chí Minh
31679160,Khách sạn Red Sun Sài Gòn (Red Sun Sài Gòn Hotel),"8-9 Trần Quốc Hoàn Tân Bình, Phường 4, Hồ Chí Minh, Việt Nam",Thành phố Hồ Chí Minh
63201655,2Q Apt-Studio Lux1 Rooftop Pool&Spa-Hochiminh HCMC,"89 Nguyễn Hữu Cảnh Bình Thạnh, Hồ Chí Minh, Việt Nam",Thành phố Hồ Chí Minh
67877316,Khách sạn 158A (158A Hotel),"158 Đình Phong Phú Tăng Nhơn Phú B, Quận 9, Hồ Chí Minh, Việt Nam",Thành phố Hồ Chí Minh
75907298,XiaoHaus - Homestay Sài Gòn (XiaoHaus - Homestay SaiGon),"505/8/8 Tran Hung Dao Đường, Quận 1, Hồ Chí Minh, Việt Nam",Thành phố Hồ Chí Minh
334840,Khách Sạn Trung Tâm Sài Gòn Mỹ Anh 120 Chợ Bến Thành (My Anh 120 Central Saigon Hotel Ben Thanh Market),"71/3 Nguyễn Trãi, Phường Bến Thành, Quận 01, Hồ Chí Minh, Việt Nam",Thành phố Hồ Chí Minh
60184524,"Nhà riêng 20 m² 1 phòng ngủ, 1 phòng tắm riêng ở Thủ Đức (Triệu vũ House)","55 Cay Keo Đường, Hồ Chí Minh, Việt Nam",Thành phố Hồ Chí Minh
61268961,Thạch Đà Motel (Thach Đa Motel),"351/1b Phạm Văn Chiêu Gò Vấp, Hồ Chí Minh, Việt Nam",Thành phố Hồ Chí Minh
63122452,Khách sạn The Hammock Global City (The Hammock Hotel Global City ),"Đỗ Xuân Hợp, Quận 2, Hồ Chí Minh, Việt Nam",Thành phố Hồ Chí Minh
52089651,"Căn hộ 50 m² 1 phòng ngủ, 1 phòng tắm riêng ở Quận 2 (KN Holiday in Lumiere Riverside Near Metro Line)","Quận 2, Hồ Chí Minh, Việt Nam",Thành phố Hồ Chí Minh
59821902,"Căn hộ 35 m² 1 phòng ngủ, 1 phòng tắm riêng ở Bình Thạnh (OLA STUDIO – 5m to Landmark 81)","Bình Thạnh, Hồ Chí Minh, Việt Nam",Thành phố Hồ Chí Minh
343571,Anh Tu Hotel,"21 Bà Huyện Thanh Quan, Hồ Chí Minh, Việt Nam",Thành phố Hồ Chí Minh
61174798,Khách sạn Minh Như (Minh Nhu Hotel),"56 Dong Xoai, Phường 13, Hồ Chí Minh, Việt Nam",Thành phố Hồ Chí Minh
79139325,Khách sạn Tulip Trung Sơn (Tulip Hotel Trung Sơn),"55 Đường 6, Hồ Chí Minh, Việt Nam",Thành phố Hồ Chí Minh
19177293,Căn hộ studio 25 m² có 1 phòng tắm riêng ở Quận 3 (Luxury Apartment - Central D3-Walk Everywhere),"Quận 3, Hồ Chí Minh, Việt Nam",Thành phố Hồ Chí Minh
73314628,"Nhà riêng m² 1 phòng ngủ, 4 phòng tắm riêng ở Quận 1 (4-Bedroom Comfort | Prime City Location)","Quận 1, Hồ Chí Minh, Việt Nam",Thành phố Hồ Chí Minh
37368411,Pearl tầng cao tại Đảo Kim Cương - RiverView (Highfloor Pearl in#DiamondIsland-RiverView),"Đường 104, Binh Trung Tay Phường, Quận 2, Hồ Chí Minh, Việt Nam",Thành phố Hồ Chí Minh
52220131,Khách sạn Hải Miên (Khách Sạn Hải Miên),"38 Đường Vườn Lài, Hồ Chí Minh, Việt Nam",Thành phố Hồ Chí Minh
61174583,Khách sạn Duy Tân HCM (Duy Tân Hotel HCM),"81 Đường 9, Hồ Chí Minh, Việt Nam",Thành phố Hồ Chí Minh
60144620,"Căn hộ 120 m² 3 phòng ngủ, 2 phòng tắm riêng ở Quận 1 (The Rixx Gathering Apartment@D1/pool/gym/Netflix)","Quận 1, Hồ Chí Minh, Việt Nam",Thành phố Hồ Chí Minh
38107939,Midtown The Peak by Dhome,"The Peak Midtown, Quận 7, Hồ Chí Minh, Việt Nam",Thành phố Hồ Chí Minh
9787335,The Art - SaiGon Gao Hostel,"373/20 Đường Phạm Ngũ Lão, Quận 1, Hồ Chí Minh, Việt Nam",Thành phố Hồ Chí Minh
10237945,Khách Sạn Vĩnh Phú Gia (Vinh Phu Gia Hotel),"26 Đường Number 6, Quận 7, Hồ Chí Minh, Việt Nam",Thành phố Hồ Chí Minh
60794961,Khách sạn Ánh Dương (Anh Duong Hotel HCM ),"F1/8M Vinh Loc Đường, Hồ Chí Minh, Việt Nam",Thành phố Hồ Chí Minh
65964907,Toàn bộ nhà riêng - Nguyên căn 3 phòng ngủ 4wc (Toan bo nha rieng - Nguyen can 3 phong ngu 4wc),"Quận 1, Hồ Chí Minh, Việt Nam",Thành phố Hồ Chí Minh
47598161,"Căn hộ 60 m² 2 phòng ngủ, 2 phòng tắm riêng ở Bình Thạnh (Relax and Comfortable)","Bình Thạnh, Hồ Chí Minh, Việt Nam",Thành phố Hồ Chí Minh
73223370,"Căn hộ 60 m² 1 phòng ngủ, 1 phòng tắm riêng ở Quận 3 (Lovington Suites-Terra Royal, D3 & Historical Core)","Quận 3, Hồ Chí Minh, Việt Nam",Thành phố Hồ Chí Minh
37915357,KALA - Millennium Near Ben Thanh Market and District 1,"132 Đường Bến Vân Đồn, Quận 4, Hồ Chí Minh, Việt Nam",Thành phố Hồ Chí Minh
33704618,Khách sạn YaYa (YaYa Hotel),"40/29 Bùi Viện quận 1, Phường Phạm Ngũ Lão, Hồ Chí Minh, Việt Nam",Thành phố Hồ Chí Minh
78974584,New City Thủ Thiêm D2 (New City Thu Thiem D2),"17 Đường Mai Chí Thọ, Phường An Khánh, Quận 2, Hồ Chí Minh, Việt Nam",Thành phố Hồ Chí Minh
5966473,Sunrise City 1 Bed Room Full Furniture,"Quận 7, Hồ Chí Minh, Việt Nam",Thành phố Hồ Chí Minh
10635888,"Chung cư 35 m² 1 phòng ngủ, 1 phòng tắm riêng ở Quận 7 (peace1 apartment)","Quận 7, Hồ Chí Minh, Việt Nam",Thành phố Hồ Chí Minh
55904643,"Căn hộ 86 m² 2 phòng ngủ, 2 phòng tắm riêng ở Quận 3 (Căn hộ Hà Đô Centrosa 2pn trung tâm quận 10)","Quận 10, Hồ Chí Minh, Việt Nam",Thành phố Hồ Chí Minh
78745199,"Căn hộ m² 3 phòng ngủ, 2 phòng tắm riêng ở Bình Thạnh (3 BEDROOM WIN HOME LUXURY PARK)","Bình Thạnh, Hồ Chí Minh, Việt Nam",Thành phố Hồ Chí Minh
18451453,"Căn hộ 80 m² 2 phòng ngủ, 1 phòng tắm riêng ở Quận 4 (Tresor 2 bedrooms with Rose Home)","Quận 4, Hồ Chí Minh, Việt Nam",Thành phố Hồ Chí Minh
62114136,"Căn hộ 80 m² 2 phòng ngủ, 2 phòng tắm riêng ở Bình Thạnh (Eric apartment)","Bình Thạnh, Hồ Chí Minh, Việt Nam",Thành phố Hồ Chí Minh
49399814,"Căn hộ 110 m² 3 phòng ngủ, 2 phòng tắm riêng ở Quận 4 (Căn hộ 5 sao 3 phòng ngủ Zenity, quận 1)","Quận 1, Hồ Chí Minh, Việt Nam",Thành phố Hồ Chí Minh
38242493,"Căn hộ 90 m² 3 phòng ngủ, 2 phòng tắm riêng ở Quận 7 ((Free Pool+Gym) 3 bedroom apt luxury RiverPanorama)","Quận 7, Hồ Chí Minh, Việt Nam",Thành phố Hồ Chí Minh
79564354,Selena,"Quận 9, Hồ Chí Minh, Việt Nam",Thành phố Hồ Chí Minh
8620669,Cozy Apartment for family,"Bình Thạnh, Hồ Chí Minh, Việt Nam",Thành phố Hồ Chí Minh
35703072,"Căn hộ 70 m² 1 phòng ngủ, 1 phòng tắm riêng ở Quận 9 (Căn hộ 33m2 Vinhomes Quận 9 High-tech Park Thủ Đức)","Quận 9, Hồ Chí Minh, Việt Nam",Thành phố Hồ Chí Minh
44386720,"Căn hộ 48 m² 1 phòng ngủ, 1 phòng tắm riêng ở Bình Thạnh (Luxurious Suite in Landmark 81 By MAI)","Bình Thạnh, Hồ Chí Minh, Việt Nam",Thành phố Hồ Chí Minh
72814431,Căn hộ cao cấp gần sân bay (Can ho cao cap gan san bay),"Tân Bình, Hồ Chí Minh, Việt Nam",Thành phố Hồ Chí Minh
64522453,"Căn hộ 84 m² 2 phòng ngủ, 2 phòng tắm riêng ở Bình Thạnh ( 2 Bedroom Landmark Plus Vinhome Central Park)","Bình Thạnh, Hồ Chí Minh, Việt Nam",Thành phố Hồ Chí Minh
52512814,"Căn hộ 86 m² 2 phòng ngủ, 2 phòng tắm riêng ở Bình Thạnh (Vinhomes Central Park 2BR next to Landmark 81)","Bình Thạnh, Hồ Chí Minh, Việt Nam",Thành phố Hồ Chí Minh
38701403,"Căn hộ 80 m² 1 phòng ngủ, 2 phòng tắm riêng ở Quận 4 (Căn hộ )","Quận 4, Hồ Chí Minh, Việt Nam",Thành phố Hồ Chí Minh
38127972,"Căn hộ 85 m² 1 phòng ngủ, 1 phòng tắm riêng ở Huyện Củ Chi (Tu Nguyen apartment near the local food market)","Huyện Củ Chi, Hồ Chí Minh, Việt Nam",Thành phố Hồ Chí Minh
6409026,Khách Sạn Sân Bay Victory (Victory Airport Hotel),"96 Yên Thế Tân Bình, Phường 2, Quận Tân Bình, Hồ Chí Minh, Việt Nam",Thành phố Hồ Chí Minh
36702493,"Nhà riêng 15 m² 1 phòng ngủ, 1 phòng tắm riêng ở Quận 1 (Huyen's - Cozy Studio, King Bed with balcony)","Quận 1, Hồ Chí Minh, Việt Nam",Thành phố Hồ Chí Minh
61425820,"Căn hộ m² 1 phòng ngủ, 1 phòng tắm riêng ở Quận 1 (Lyn Homestay Room 5 ( Bui Vien WalkingStreet))","Quận 1, Hồ Chí Minh, Việt Nam",Thành phố Hồ Chí Minh
72814433,Căn hộ cao cấp gần sân bay (Can ho cao cap gan san bay),"Tân Bình, Hồ Chí Minh, Việt Nam",Thành phố Hồ Chí Minh
60917919,"Căn hộ 68 m² 2 phòng ngủ, 2 phòng tắm riêng ở Bình Thạnh (Vinhome Luxury Aparment-2BR-2WC-Free pool/gym )","Bình Thạnh, Hồ Chí Minh, Việt Nam",Thành phố Hồ Chí Minh
66341045,"Căn hộ 30 m² 1 phòng ngủ, 1 phòng tắm riêng ở Bình Hưng (Căn hộ dịch vụ có thang máy)","Bình Hưng, Hồ Chí Minh, Việt Nam",Thành phố Hồ Chí Minh
37144946,Khách sạn Valen - 31 Bùi Viện (Valen hotel - 31 Bui Vien street),"31 Bui Vien Đường, Quận 1, Hồ Chí Minh, Việt Nam",Thành phố Hồ Chí Minh
61425902,"Căn hộ m² 1 phòng ngủ, 1 phòng tắm riêng ở Quận 1 (Lyn Homestay Room 6 ( Bui Vien WalkingStreet))","Quận 1, Hồ Chí Minh, Việt Nam",Thành phố Hồ Chí Minh
58345533,S79 Boutique và Crowne Bùi Viện (S79 Boutique And Crowne Bui Vien),"84/60 B i Viện, Quận 1, Hồ Chí Minh, Việt Nam",Thành phố Hồ Chí Minh
28887792,Khách sạn Hoàng Anh Anh (Hoang Anh Anh Hotel),"17-19 Bàu Cát Tân Bình, Phường 14, Quận Tân Bình, Hồ Chí Minh, Việt Nam",Thành phố Hồ Chí Minh
55724059,KN Holiday Home Global City (KN HOLIDAY HOME IN GLOBAL CITY),"110 Đường N3C, Quận 2, Hồ Chí Minh, Việt Nam",Thành phố Hồ Chí Minh
80121749,Vintage Hideaway,"382/27 Nguyễn Thị Minh Khai, Phường 5, Quận 3, Hồ Chí Minh, Việt Nam",Thành phố Hồ Chí Minh
39651593,Nhà nghỉ ấm cúng mới ngay trung tâm Sài Gòn (Brand New Cozy Home at the heart of Saigon),"6A Nguyen Thi Minh Khai Đường, Quận 1, Hồ Chí Minh, Việt Nam",Thành phố Hồ Chí Minh
28887789,Khách sạn Ngọc Quý (Ngoc Quy Hotel),"340/2D Le Van Quoi Binh Tan District, Binh Hung Hoa A Phường, Hồ Chí Minh, Việt Nam",Thành phố Hồ Chí Minh
19089986,Cherry Homeapart 1 - Vinhomes Central Park (Cherry Homeapart 1- Vinhomes Central Park),"Vinhomes Central Park, Hồ Chí Minh, Việt Nam",Thành phố Hồ Chí Minh
9964542,"Chung cư 96 m² 3 phòng ngủ, 2 phòng tắm riêng ở Quận 2 (Stunning Apt. in District 2, Closely to District 1)","Quận 2, Hồ Chí Minh, Việt Nam",Thành phố Hồ Chí Minh
65751181,"Nhà riêng m² 1 phòng ngủ, 1 phòng tắm riêng ở Bình Thạnh (Landmark 6 1Br High floor, river view)","Bình Thạnh, Hồ Chí Minh, Việt Nam",Thành phố Hồ Chí Minh
52119676,"Căn hộ 75 m² 1 phòng ngủ, 2 phòng tắm riêng ở Quận 4 (a17.07)","Quận 4, Hồ Chí Minh, Việt Nam",Thành phố Hồ Chí Minh
39553328,Vinhome Grand Park Homestay House-Romantic Stay,"Quận 9, Hồ Chí Minh, Việt Nam",Thành phố Hồ Chí Minh
30902969,"Căn hộ 87 m² 2 phòng ngủ, 2 phòng tắm riêng ở Bình Thạnh (Vinhomes Central Park - 2 bedroom apartment)","Bình Thạnh, Hồ Chí Minh, Việt Nam",Thành phố Hồ Chí Minh
39815472,"Căn hộ 54 m² 1 phòng ngủ, 1 phòng tắm riêng ở Bình Thạnh (Apartment 1 Bedroom - Landmark 5 )","Bình Thạnh, Hồ Chí Minh, Việt Nam",Thành phố Hồ Chí Minh
64096422,Sapa Hotel,"124 Đỗ Xuân Hợp, Quận 9, Hồ Chí Minh, Việt Nam",Thành phố Hồ Chí Minh
34179455,"Nhà riêng 32 m² 1 phòng ngủ, 1 phòng tắm riêng ở Phú Nhuận (Near Airport Studio-Room with everything you need)","Phú Nhuận, Hồ Chí Minh, Việt Nam",Thành phố Hồ Chí Minh
30902955,"Căn hộ 53 m² 1 phòng ngủ, 1 phòng tắm riêng ở Bình Thạnh (Vinhomes Central Park - 1 bedroom apartment)","Bình Thạnh, Hồ Chí Minh, Việt Nam",Thành phố Hồ Chí Minh
64276565,Khu đô thị Vinhomes Grand Park Tp Thủ đức Tp HCM (Khu đo thi Vinhomes Grand Park Tp Thu đuc Tp HCM),"Quận 9, Hồ Chí Minh, Việt Nam",Thành phố Hồ Chí Minh
65964135,"Nhà riêng m² 1 phòng ngủ, 1 phòng tắm riêng ở Quận 3 (Vacation Homestay in Villa)","Quận 3, Hồ Chí Minh, Việt Nam",Thành phố Hồ Chí Minh
38111333,"Căn hộ 28 m² 1 phòng ngủ, 1 phòng tắm riêng ở Quận 4 (Saigon luxury Apartment 4 Bui Vien District 1)","Quận 4, Hồ Chí Minh, Việt Nam",Thành phố Hồ Chí Minh
36702234,"Căn hộ 82 m² 2 phòng ngủ, 2 phòng tắm riêng ở Bình Thạnh (Two bedrooms in Landmark 81)","Bình Thạnh, Hồ Chí Minh, Việt Nam",Thành phố Hồ Chí Minh
9058649,Căn Hộ & Khu Nghỉ Dưỡng Sài Gòn Garden Hill (Saigon Garden Hill Apartment & Resort),"77 Trần Bình Trọng Gò Vấp, Phường 1, Quận Gò Vấp, Hồ Chí Minh, Việt Nam",Thành phố Hồ Chí Minh
9079463,"Nhà mặt đất 25 m² 1 phòng ngủ, 1 phòng tắm riêng ở Quận 1 (Studio apartment with balcony)","Quận 1, Hồ Chí Minh, Việt Nam",Thành phố Hồ Chí Minh
50497841,Khu nghỉ dưỡng cao cấp Bluesky Metropole Complex (Bluesky Metropole Complex Luxury Vacation),"Metropole Thu Thiem, Hồ Chí Minh, Việt Nam",Thành phố Hồ Chí Minh
81055463,gia bảo hotel (gia bao hotel),"92 Hoàng Hoa Thám Tân Bình, Hồ Chí Minh, Việt Nam",Thành phố Hồ Chí Minh
79564427,Selena Nguyen Phuoc,"Tân Phú, Hồ Chí Minh, Việt Nam",Thành phố Hồ Chí Minh
73567828,Aesthetic Homes Bui Vien,"205/12 Đường Bùi Viện, Quận 1, Hồ Chí Minh, Việt Nam",Thành phố Hồ Chí Minh
37767290,"Căn hộ 195 m² 3 phòng ngủ, 3 phòng tắm riêng ở Quận 3 (VIP DUPLEX - Serenity Sky Villas - HCMC best local)","Quận 3, Hồ Chí Minh, Việt Nam",Thành phố Hồ Chí Minh
52169053,"Căn hộ 40 m² 1 phòng ngủ, 1 phòng tắm riêng ở Quận 1 (Soho STU APT -KING BED-5mins BUI VIEN-FREE PICK UP)","Quận 1, Hồ Chí Minh, Việt Nam",Thành phố Hồ Chí Minh
75419199,"Modern Double Room with City View - 5mins to BuiVien Street, BenThanh market","118 Đường Lê Lai, Quận 1, Hồ Chí Minh, Việt Nam",Thành phố Hồ Chí Minh
72617495,"Căn hộ 60 m² 3 phòng ngủ, 1 phòng tắm riêng ở Quận 6 (The Western Capital Apartment, 2 Bedrooom 1 Sofa)","Quận 6, Hồ Chí Minh, Việt Nam",Thành phố Hồ Chí Minh
50415941,"Căn hộ 52 m² 1 phòng ngủ, 1 phòng tắm riêng ở Bình Thạnh (The Manor 1-bedroom in City Center)","Bình Thạnh, Hồ Chí Minh, Việt Nam",Thành phố Hồ Chí Minh
75206205,AN Home Studio -Netflix- Self check in 1114,"Quận 9, Hồ Chí Minh, Việt Nam",Thành phố Hồ Chí Minh
2607724,Smiley Apartment 3- 102 Seviced studio with window,"Quận 1, Hồ Chí Minh, Việt Nam",Thành phố Hồ Chí Minh
52316499,CĂN HỘ SÂN BAY - SÂN GOLF TÂN SƠN NHẤT- FREE POOL&GYM (CAN HO SAN BAY - SAN GOLF TAN SON NHAT- FREE POOL&GYM),"Tân Bình, Hồ Chí Minh, Việt Nam",Thành phố Hồ Chí Minh
6769203,Phung Long Hotel,"C5A Phan Đình Giót C5a huỳnh lan Khanh, Phường 2, Hồ Chí Minh, Việt Nam",Thành phố Hồ Chí Minh
15973091,Khách sạn KAS Trương Định (KAS Truong Dinh Hotel),"5 Truong Dinh Ben Thanh, Quận 1, Hồ Chí Minh, Việt Nam",Thành phố Hồ Chí Minh
81055360,Hạt Nắng House - Gò Vấp (Hat Nang House - Go Vap),"Gò Vấp, 274 Đường Nguyễn Văn Lượng 274/27/6 Nguyễn Văn Lượng - Phường 17 - Gò Vấp, Hồ Chí Minh, Việt Nam",Thành phố Hồ Chí Minh
32885665,Homestay Sunny's House,"69 Yen Do Đường, Phường 1Binh Thanh District, Hồ Chí Minh, Việt Nam",Thành phố Hồ Chí Minh
76697293,"Nhà riêng m² 1 phòng ngủ, 2 phòng tắm riêng ở Quận 9 (Japanese style serviced apartment)","Quận 9, Hồ Chí Minh, Việt Nam",Thành phố Hồ Chí Minh
79564500,Hanhhome,"140/25 Đường Đặng Văn Ngữ, Phường 7, Hồ Chí Minh, Việt Nam",Thành phố Hồ Chí Minh
52513099,"Căn hộ 110 m² 3 phòng ngủ, 2 phòng tắm riêng ở Bình Thạnh (Vinhomes Central Park 3BR Suites View Landmark 81)","Bình Thạnh, Hồ Chí Minh, Việt Nam",Thành phố Hồ Chí Minh
55494945,"Căn hộ 86 m² 2 phòng ngủ, 2 phòng tắm riêng ở Quận 3 (Căn Hộ 2BR 2WC HADO Centrosa Garden 801)","200 Đường 3 Tháng 2, Phường 12, Quận 10, Hồ Chí Minh, Việt Nam",Thành phố Hồ Chí Minh
54708531,"Căn hộ 82 m² 2 phòng ngủ, 2 phòng tắm riêng ở Quận 2 (Full House Thu Duc)","Quận 2, Hồ Chí Minh, Việt Nam",Thành phố Hồ Chí Minh
7408335,Happy Home 121 Ly Phuc Man,"121 Lý Phục Man, Phường Bình Thuận, Quận 7, Hồ Chí Minh, Việt Nam",Thành phố Hồ Chí Minh
10979,Hotel Majestic Saigon,"01 Đồng Khởi, Sai Gon Phường, Quận 1, Hồ Chí Minh, Việt Nam",Thành phố Hồ Chí Minh
42038953,Căn hộ Best View River - River Gate (Best View River - River Gate Apartment),"155 Đường Bến V n Đồn, Quận 4, Hồ Chí Minh, Việt Nam",Thành phố Hồ Chí Minh
51747315,UNU C&B homestay,"257A Le Van Sy Đường, Phường 13, Hồ Chí Minh, Việt Nam",Thành phố Hồ Chí Minh
22700362,CityHouse - Kim Nguyen,"3 Trương Quốc Dung Phú Nhuận, Hồ Chí Minh, Việt Nam",Thành phố Hồ Chí Minh
35539439,Khách sạn Lam Sơn (Lam Sơn Hotel),"873 Đường 3/2, Quận 11, Hồ Chí Minh, Việt Nam",Thành phố Hồ Chí Minh
11157171,Sunshine Residences By 5H,"13 Song Day Phuong 2, Hồ Chí Minh, Việt Nam",Thành phố Hồ Chí Minh
62966202,Khách sạn Nhật Hà Lavish (NHAT HA LAVISH HOTEL),"125 Le Thanh Ton, Quận 1, Hồ Chí Minh, Việt Nam",Thành phố Hồ Chí Minh
2279980,Sen Boutique House,"51 Đường số 2 Khu Báo chí, Phường Thảo Điền, Quận 2, Hồ Chí Minh, Việt Nam",Thành phố Hồ Chí Minh
44379654,Khách sạn Secret Garden (Secret Garden Hotel),"No. 2-228, Phường 12, Hồ Chí Minh, Việt Nam",Thành phố Hồ Chí Minh
6490410,ROYAL HOTEL.,"126/8 Nguyễn Du Gò Vấp, Phường 7, Hồ Chí Minh, Việt Nam",Thành phố Hồ Chí Minh
46300306,Nhà của Mẹ (Mother's Home),"72 Nguyen Khoai District 4, Phường 2, Quận 4, Hồ Chí Minh, Việt Nam",Thành phố Hồ Chí Minh
21952458,KHÁCH SẠN PRINCE (PRINCE HOTEL),"21 Đường, Phường 8, Hồ Chí Minh, Việt Nam",Thành phố Hồ Chí Minh
8514794,Khách sạn Văn Giao (Văn Giao Hotel),"No. 740B Nguyen Kiem Đường, Phường 4, Hồ Chí Minh, Việt Nam",Thành phố Hồ Chí Minh
280618,Khách sạn White Lotus Sài Gòn (White Lotus Hotel Saigon),"6A Thi Sach Đường, Ben Nghe Phường, Quận 1, Hồ Chí Minh, Việt Nam",Thành phố Hồ Chí Minh
10981,Khách sạn New World Sài Gòn (New World Saigon Hotel),"76 Le Lai, Phường Bến Thanh, Quận 1, Hồ Chí Minh, Việt Nam",Thành phố Hồ Chí Minh
247383,Vissai Saigon Hotel,"144 Nguyen Van Troi Đường, Phu Nhuan Phường, Hồ Chí Minh, Việt Nam",Thành phố Hồ Chí Minh
32914198,Cozrum Homes - June Corner,"68/7D Trần Quang Khải, Quận 1, Hồ Chí Minh, Việt Nam",Thành phố Hồ Chí Minh
64327003,Khách sạn Pink Boutique Bến Thành (Pink Boutique Ben Thanh Hotel),"47 Thu Khoa Huan Đường, Ben Thanh Phường, Quận 1, Hồ Chí Minh, Việt Nam",Thành phố Hồ Chí Minh
40327888,Ngọ House (Ngọ house),"132 Ngô Thị Thu Minh Tân Bình, Hồ Chí Minh, Việt Nam",Thành phố Hồ Chí Minh
2838433,Green Star Hotel,"26 Đỗ Quang Đẩu, Phường Phạm Ngũ Lão, Q.1 Thành phố HCM, Hồ Chí Minh, Việt Nam",Thành phố Hồ Chí Minh
3284601,Ngọc Dung - Khu căn hộ cao cấp La Regatta (La Regatta Boutique Residences),"225/4 Nguyễn Đình Chiểu, Phường 5, Quận 3, Hồ Chí Minh, Việt Nam",Thành phố Hồ Chí Minh
1199048,Sunrise Central Hotel,"135-137 Đường Lý Tự Trọng, Phường Bến Thành, Quận 1, Hồ Chí Minh, Việt Nam",Thành phố Hồ Chí Minh
200539,Khách Sạn Thiên Hồng (Arc En Ciel Hotel),"52-56 Tản Đà, Quận 5, Hồ Chí Minh, Việt Nam",Thành phố Hồ Chí Minh
2613743,Khách sạn Lotus Sài Gòn (Lotus Saigon Hotel),"120 Cách Mạng Tháng Tám, Phường Võ Thị Sáu, Quận 3, Hồ Chí Minh, Việt Nam",Thành phố Hồ Chí Minh
12180552,Khách sạn SAZI Resin - Miễn phí làm móng gội đầu (SAZI Resin Hotel - Free Nails HairWash),"19C Bui Thi Xuan Đường, Ben Thanh Phường, Quận 1, Hồ Chí Minh, Việt Nam",Thành phố Hồ Chí Minh
42035516,Khách sạn Hera Luxury (Hera Luxury Hotel),"19 Hậu Giang Tân Bình, Hồ Chí Minh, Việt Nam",Thành phố Hồ Chí Minh
1193366,SILA Urban Living,"21 Ngo Thoi Nhiem Ho Chi Minh City, Xuan Hoa Phường, Quận 3, Hồ Chí Minh, Việt Nam",Thành phố Hồ Chí Minh
66767085,Đại Bình Minh (ĐẠI BÌNH MINH ),"49 Nguyen Thi Thap Đường, Quận 7, Hồ Chí Minh, Việt Nam",Thành phố Hồ Chí Minh
1723601,GOLF STAR HOTEL,"848 QUANG TRUNG ST Gò Vấp, Phường 8, Hồ Chí Minh, Việt Nam",Thành phố Hồ Chí Minh
39903238,Signature by M Village Hai Bà Trưng,"74 Hai Ba Trung Đường, Phường Ben Nghe, Quận 1, Hồ Chí Minh, Việt Nam",Thành phố Hồ Chí Minh
5027414,Sedona Suites Hồ Chí Minh (Sedona Suites Ho Chi Minh City),"67 Le Loi Boulevard Ho Chi Minh City, Sai Gon Phường, Quận 1, Hồ Chí Minh, Việt Nam",Thành phố Hồ Chí Minh
6428322,"Vinpearl Landmark 81, Autograph Collection","720A Dien Bien Phu Ho Chi Minh, Thanh My Tay Phường, Hồ Chí Minh, Việt Nam",Thành phố Hồ Chí Minh
12250347,Khách sạn S79 Sơn Mi (S79 Son Mi Hotel),"839/10 Le Hong Phong Whatsapp/Zalo, Quận 10, Hồ Chí Minh, Việt Nam",Thành phố Hồ Chí Minh
4784694,Khách Sạn Cupid (Cupid Hotel),"2Bis Đường Nam Quốc Cang, Quận 1, Hồ Chí Minh, Việt Nam",Thành phố Hồ Chí Minh
4850819,Khách sạn La Cigale (La Cigale Hotel),"37-39 Hung Gia 1 Phu My Hung, Quận 7, Hồ Chí Minh, Việt Nam",Thành phố Hồ Chí Minh
75847061,Căn hộ dịch vụ Vinhomes Central Park Landmark (Vinhomes Central Park Apartment Landmark Can ho DV),"208 Nguyễn Hữu Cảnh Bình Thạnh, Hồ Chí Minh, Việt Nam",Thành phố Hồ Chí Minh
8776438,Khách Sạn & Căn Hộ Tina _ The Diamond Oasis (Tina Hotel & Apartments _ The Diamond Oasis),"234/5 Bach Dang Phuong 24, Hồ Chí Minh, Việt Nam",Thành phố Hồ Chí Minh
54795553,Khách sạn A25 - 142 Bùi Thị Xuân (A25 Hotel - 142 Bùi Thị Xuân),"142 Bui Thi Xuan Phuong Ben Thanh, Quận 1, Hồ Chí Minh, Việt Nam",Thành phố Hồ Chí Minh
44917563,Khách sạn Sky Star (SKY STAR HOTEL),"33 Đường 21, Phường 8, Hồ Chí Minh, Việt Nam",Thành phố Hồ Chí Minh
35712359,Dazi Signature,"23 Trương Định Dazi Signature, Quận 1, Hồ Chí Minh, Việt Nam",Thành phố Hồ Chí Minh
1196034,Aristo Saigon Hotel,"3A Vo Van Tan Đường, Xuan Hoa Phường, Quận 3, Hồ Chí Minh, Việt Nam",Thành phố Hồ Chí Minh
72425482,Zeus Living - Trung tâm thành phố (Zeus Living - City Central),"29 Đường Nguyễn C ng Trứ, Quận 1, Hồ Chí Minh, Việt Nam",Thành phố Hồ Chí Minh
407407,Signature Boutique Hotel,"80/1 Đường Nguyễn Trãi, Phường 3, Quận 5, Hồ Chí Minh, Việt Nam",Thành phố Hồ Chí Minh
283849,Hoang Long Son 2 Hotel,"18 Đường 7, Phường An Phú, Quận 2, Hồ Chí Minh, Việt Nam",Thành phố Hồ Chí Minh
74759334,Khách sạn K&T - Gần phố đi bộ Bùi Viện (K&T Hotel-Near Bui Vien Walking Street),"304 Đường Trần Hưng Đạo, Phường Nguyễn Cư Trinh Quận 1, Hồ Chí Minh, Việt Nam",Thành phố Hồ Chí Minh
16209810,"KOBI Onsen Huế Resort, Liên Kết Bởi Melia (Kobi Onsen Resort Hue, Affiliated by Melia)","My An Hamlet, Thành phố Huế, Việt Nam",Thừa Thiên Huế
66751260,Khách sạn Elegant (Elegant Hotel),"60 Nguyễn Tri Phương Phú Hội, Thành phố Huế, Việt Nam",Thừa Thiên Huế
61200185,Khách sạn Trang Nguyên Huế (TRANG NGUYEN HUE HOTEL),"26 Phạm Ngũ L o Tp Huế, Phường Thuận Ho, Thành phố Huế, Việt Nam",Thừa Thiên Huế
77572838,Sanh homestay (Sanh Homestay),"C16 An Đ ng 9, Phường An Cựu, Thành phố Huế, Việt Nam",Thừa Thiên Huế
34198470,Khách sạn La Vela Huế (LA VELA HUE HOTEL),"17 Đường số 22 Đ ng Nam Thủy An, PhườngThuỷ Dương, Thành phố Huế, Việt Nam",Thừa Thiên Huế
5663891,Melia Vinpearl Huế (Melia Vinpearl Hue),"50A Hung Vuong Đường, Thành phố Huế, Việt Nam",Thừa Thiên Huế
71739043,Khách sạn Hoàn Cầu (Hoàn Cầu Hotel),"35 Trần Quang Khải Ph Hội, Thành phố Huế, Việt Nam",Thừa Thiên Huế
63438551,Khách sạn Kly Luxury (Kly Luxury Hotel ),"2A/34 Nguyễn Tri Phương Huế, Phường Thuận Ho, Thành phố Huế, Việt Nam",Thừa Thiên Huế
70624,Khách sạn TTC Imperial (TTC Imperial Hotel),"8 Hung Vuong Phuong Thuan Hoa, Thành phố Huế, Việt Nam",Thừa Thiên Huế
39589147,Khách sạn Shine Huế (Shine Hotel Huế),"38 Nguyễn Huệ Huế, Thành phố Huế, Việt Nam",Thừa Thiên Huế
67098247,CONIHOUSE - Homestay & Villa,"Huế, Thành phố Huế, Việt Nam",Thừa Thiên Huế
5987972,Hue Sweethouse 2 Homestay,"17 Lane 33 Nguyen Cong Tru Huế, Thành phố Huế, Việt Nam",Thừa Thiên Huế
240057,Khách sạn Amigo (Amigo Hotel),"66/3 Đường Lê Lợi, Thành phố Huế, Việt Nam",Thừa Thiên Huế
5877721,Hue Royal Hotel,"Võ Thị Sáu, Thành phố Huế, Việt Nam",Thừa Thiên Huế
30664964,Khách sạn Sline - The Manor (Sline Hotel - The Manor),"62 Tố Hữu Huế, Thành phố Huế, Việt Nam",Thừa Thiên Huế
67290066,LaLa Penthouse Huế (LaLa Penthouse Hue),"62 Tố Hữu Shophouse 19 The Manor Crown, Phường Xuân Phú, Thành phố Huế, Việt Nam",Thừa Thiên Huế
72738354,Glory 2 Hue Homestay,"2 kiet 25 Bến Nghé Huế, Thành phố Huế, Việt Nam",Thừa Thiên Huế
55642961,Meta Boutique Huế (Meta Boutique Hue),"Phạm Ngũ L o, Phường Thuận H a, Thành phố Huế, Việt Nam",Thừa Thiên Huế
569020,Eldora Hotel,"60 Ben Nghe Huế, Thành phố Huế, Việt Nam",Thừa Thiên Huế
41594383,Ngọc Anh homestay (Ngoc Anh homestay),"24 Lê Thánh Tôn Nhà số 3 kiệt 24 Lê Thánh Tôn Đại Nội Huế, Phường Thuận Thành, Thành phố Huế, Việt Nam",Thừa Thiên Huế
1409886,EMM Hotel Hue,"15 Ly Thuong Kiet Huế, Thành phố Huế, Việt Nam",Thừa Thiên Huế
52069,Thai Binh 2 Hotel,"02 Lương thế vinh Huế, Thành phố Huế, Việt Nam",Thừa Thiên Huế
30860006,Khách sạn Đạt Anh (Đạt Anh Hotel),"1 Đào Trinh Nhất Khách sạn Đạt Anh, Thành phố Huế, Việt Nam",Thừa Thiên Huế
16077590,Jasmine Mini Hotel,"48 Đường Ngô Quyền 44/48 ngô quyền, Thành phố Huế, Việt Nam",Thừa Thiên Huế
75699531,Khách sạn TA Hue Boutique (TA Hue Boutique Hotel),"125 Hùng Vương Huế, Thành phố Huế, Việt Nam",Thừa Thiên Huế
68556373,Minh Anh Homestay 3,"31 Đường 6, Thành phố Huế, Việt Nam",Thừa Thiên Huế
55581557,canary homestay - Chúng tôi rất vui được chào đón bạn ở đây! (canary homestay-We love having you here!),"k 20/4 ngô gia tự, Thành phố Huế, Việt Nam",Thừa Thiên Huế
545953,Khách sạn Four Seasons Huế (Hue Four Seasons Hotel),"No 6/9 Lane 7 Nguyen Cong Tru, Thành phố Huế, Việt Nam",Thừa Thiên Huế
28523203,NHÀ NGHỈ TOVO (TOVO HOSTEL),"31A Trần Quang Khải Huế, Thành phố Huế, Việt Nam",Thừa Thiên Huế
42011778,Nhãn Stay,"104/21 Kim Long Đường, Kim Long Phường, Việt Nam",Thừa Thiên Huế
37795194,Hoa ban Homestay,"48/27 ngô quyền 4 Huế, Thành phố Huế, Việt Nam",Thừa Thiên Huế
65117,KHÁCH SẠN COSIANA HUẾ (COSIANA HUE HOTEL ),"8-10 Chu Văn An Huế, Thành phố Huế, Việt Nam",Thừa Thiên Huế
60802875,Boom Casa Homestay,"60 Trần Huy Liệu Đại Nội Huế, Việt Nam",Thừa Thiên Huế
3004083,Pilgrimage Village Boutique Resort & Spa,"130 Minh Mang Đường, Thành phố Huế, Việt Nam",Thừa Thiên Huế
72580683,UMEE Homestay,"Đường số 2/62 Tố Hữu, Thành phố Huế, Việt Nam",Thừa Thiên Huế
57960371,Minh Anh Homestay,"336 Phan Chu Trinh Huế, Phường An Cựu, Thành phố Huế, Việt Nam",Thừa Thiên Huế
861642,Nhà Trọ DMZ (DMZ Hostel),"Pham Ngu Lao, Thành phố Huế, Việt Nam",Thừa Thiên Huế
65116,Azerai La Residence Huế (Azerai La Residence Hue),"05 Lê Lợi Sông Hương, Phường Vĩnh Ninh, Thành phố Huế, Việt Nam",Thừa Thiên Huế
1258378,Flora hotel,"85 Võ Thị Sáu St Huế, Thành phố Huế, Việt Nam",Thừa Thiên Huế
8715171,"Nhà mặt đất 35 m² 1 phòng ngủ, 1 phòng tắm riêng ở Thành phố Huế (TAM HOMESTAY - ONE BEDROOM W/ LIVING ROOM)","12/35 Chu Van An, Thành phố Huế, Việt Nam",Thừa Thiên Huế
59373102,MiLa - Homestay in Hue,"8 Nguyễn Công Trứ Huế, Thành phố Huế, Việt Nam",Thừa Thiên Huế
99006,Park View Hotel,"09 Ngô quyền Huế, Thành phố, Việt Nam",Thừa Thiên Huế
77555616,Ly's Homestay - Nera Garden Hue,"An Đông, Thành phố Huế, Việt Nam",Thừa Thiên Huế
239766,Khách sạn Duy Tân 2 (Duy Tan 2 Hotel),"46 Đường Trần Quang Khải, Thành phố Huế, Việt Nam",Thừa Thiên Huế
63840807,Khách sạn Shine Huế 2 (Shine Hue Hotel 2),"28 Bà Triệu tổ 16, Thành phố Huế, Việt Nam",Thừa Thiên Huế
74074326,Plumeria homestay (Plumeria Homestay),"3/34 Đặng Thái Thân Thuận Hoà, Việt Nam",Thừa Thiên Huế
75484042,Rêu Home (Reu Home),"5 kiet 87 Lịch Đợi 2 Huế, Thành phố Huế, Việt Nam",Thừa Thiên Huế
79452684,Homestay Huế Ơi 5,"Tố Hữu, Thành phố Huế, Việt Nam",Thừa Thiên Huế
35039457,Khách sạn Purple Hue Charming Riverside (Purple Hue Charming Riverside Hotel),"5 kiet 27 Nguyễn Sinh Cung Sông Hương, Việt Nam",Thừa Thiên Huế
775115,Hue Happy Homestay,"20/26 Vo Thi Sau Huế, Thành phố Huế, Việt Nam",Thừa Thiên Huế
41293994,Xuka Homestay,"Cầu Ngói Thanh Toàn, Huế Thành phố Huế, Việt Nam",Thừa Thiên Huế
56636995,Mint Homestay,"23 Lê Huân Đại Nội Huế, Việt Nam",Thừa Thiên Huế
46749841,ChocoHouse,"20 Nguyễn Tri Phương Hue, Thành phố Huế, Việt Nam",Thừa Thiên Huế
11291347,Hue Crown Boutique Hotel,"B12B, Thành phố Huế, Việt Nam",Thừa Thiên Huế
44379664,Khách sạn Pisces Huế (Pisces Hotel Hue),"6/4 LANE 7 Nguyễn Công Trứ Đường, Thành phố Huế, Việt Nam",Thừa Thiên Huế
24334527,The Chill Hue Homestay,"20 Nguyen Sinh Khiem Huế, Thành phố Huế, Việt Nam",Thừa Thiên Huế
42170600,Nhà A-maze (a-maze house),"122 Alley Lê Thánh Tôn, Việt Nam",Thừa Thiên Huế
52043,Asia Hotel,"17 Phạm Ngũ Lão Huế, Thành phố Huế, Việt Nam",Thừa Thiên Huế
78398809,Hue Memories Signature,"Hue Memories Signature 16/187 Phan Đình Phùng, Thành phố Huế, Việt Nam",Thừa Thiên Huế
63971167,Khách sạn The Orchid Premium (THE ORCHID PREMIUM HOTEL ),"27 Nguyen Luong Bang Đường, Thành phố Huế, Việt Nam",Thừa Thiên Huế
75963355,NÉT Garden Coffee & Homestay (NET Garden Coffee & Homestay),"26 Võ Nguyên Giáp Huế, Thành phố Huế, Việt Nam",Thừa Thiên Huế
42170608,Tràm homestay (Tram Homestay),"30 Mai Khac Don, Việt Nam",Thừa Thiên Huế
71315809,Căn hộ S Gallery (S Gallery Apartment),"Đường Lê Đức Anh, Thành phố Huế, Việt Nam",Thừa Thiên Huế
56296211,Win Hotel,"70 Lê Ngô Cát Huế, Thành phố Huế, Việt Nam",Thừa Thiên Huế
62537539,L'ame - The Hideaway,"30 Pham Thi Lien Đường, Kim Long Phường, Việt Nam",Thừa Thiên Huế
76910809,Vả Riverside Retreat,"Bến Than, Thành phố Huế, Việt Nam",Thừa Thiên Huế
78102721,Khách sạn Galaxy (Galaxy Hotel),"6 Lý Tự Trọng Xuân Phú, Thành phố Huế, Việt Nam",Thừa Thiên Huế
42087646,Chi's Homestay & Coffee,"6 Lê Thánh Tôn Đại Nội Huế, Việt Nam",Thừa Thiên Huế
60149797,Moja House Hue,"160 Bùi Thị Xuân Sông Hương, Việt Nam",Thừa Thiên Huế
66800454,"Châu Giang Homestay, Nera Garden Huế","KĐT Phú/2015 Tố Hữu, Thành phố Huế, Việt Nam",Thừa Thiên Huế
42071332,Rose,"Lô B162, Thành phố Huế, Việt Nam",Thừa Thiên Huế
6877624,Tùng Homestay (Tung Homestay),"31 Trần Quang Khải 31B Trần Quang Khải Huế, Thành phố Huế, Việt Nam",Thừa Thiên Huế
77255430,Nevara Residence Huế (Nevara Residence Hue),"219 Phan Bội Châu Trường An, Thành phố Huế, Việt Nam",Thừa Thiên Huế
7427857,Chi Homestay #4,"129 Nguyễn Cư Trinh Đại Nội Huế, Việt Nam",Thừa Thiên Huế
45141946,Under the Sun Homestay,"56/31 Nguyễn Công Trứ Huế, Thành phố Huế, Việt Nam",Thừa Thiên Huế
38022633,An Nam Huế Homestay & Restaurant,"108A Huế Huế, Thành phố Huế, Việt Nam",Thừa Thiên Huế
1270314,Amy Hostel Huế (Amy Hostel Hue),"05/14 Nguyen Cong Tru Hue City, Thành phố Huế, Việt Nam",Thừa Thiên Huế
38098270,KenPi homestay (KenPi Homestay),"25 Xuân Thủy Huế, Thành phố Huế, Việt Nam",Thừa Thiên Huế
69791356,Khách sạn & Cà phê Mộc Hương (Mộc Hương Hotel & Coffee),"G28, Thành phố Huế, Việt Nam",Thừa Thiên Huế
72814363,Stay Hostel,"32 Phú Mộng Đại Nội Huế, Việt Nam",Thừa Thiên Huế
56199625,Moon homestay Huế ( Moon Homestay Huế),"15/293 Điện Bi  234 n Phủ Huế, Thành phố Huế, Việt Nam",Thừa Thiên Huế
297970,Khách sạn Đồng Lợi (Dong Loi Hotel),"19 Phạm Ngũ Lão TP Huế, Thành phố Huế, Việt Nam",Thừa Thiên Huế
62983613,Khách sạn Sala (Sala Hotel),"50 Đường Nguyễn Lương Bằng, Thành phố Huế, Việt Nam",Thừa Thiên Huế
28700464,SEA homestay (SEA HOMESTAY),"48 Ngô Quyền 48 Huế, Thành phố Huế, Việt Nam",Thừa Thiên Huế
45879560,SEVEN HOMESTAY(HUE),"6/14 Kiệt 7 Nguyễn Công Trứ Huế, Thành phố Huế, Việt Nam",Thừa Thiên Huế
63993278,Lá Home - Thiên nhiên nông thôn & Tiện nghi (Lá Home - Rural Nature & Comfort),"69 Vạn Xuân Kim Long, Việt Nam",Thừa Thiên Huế
47004687,Le Petit Homestay,"Số nhà 44 ngõ 42 Nguyễn Công Trứ, Thành phố Huế, Việt Nam",Thừa Thiên Huế
61726016,Trường Ân homestay (TRƯỜNG ÂN HOMESTAY),"8/11 Le Huu Trac Tay Loc, Việt Nam",Thừa Thiên Huế
45910643,N.A homestay ( next to Hue Imperial Palace),"3 kiet 24 Lê Thánh Tôn Đại Nội Huế, Việt Nam",Thừa Thiên Huế
39521407,Thien An Pine Hill Homestay Hue,"Thiên An Pine Hill Homestay, Thành phố Huế, Việt Nam",Thừa Thiên Huế
462701,Khách sạn Ngọc Bình (Ngoc Binh Hotel),"6A/34 Nguyễn Tri Phương Huế, Thành phố Huế, Việt Nam",Thừa Thiên Huế
42229669,Valentino homestay (Valentino Homestay Hue),"Nh 7, Thành phố Huế, Việt Nam",Thừa Thiên Huế
55158753,Phương Đông Hue Homestay (Phuong Dong Hue Homestay),"148 Phạm Văn Đồng, Thành phố Huế, Việt Nam",Thừa Thiên Huế
29851030,Jade Scene Hotel,"30/42 Nguyen Cong Tru Huế, Thành phố Huế, Việt Nam",Thừa Thiên Huế
161611,Khách sạn Boutique Thùy Dương Huế (Thuy Duong Boutique Hotel Hue),"41 Hùng Vương Huế, Thành phố Huế, Việt Nam",Thừa Thiên Huế
40132057,"Thỏ homestay, căn hộ cao cấp Huế (Tho homestay, can ho cao cap Hue)","Huế, Thành phố Huế, Việt Nam",Thừa Thiên Huế
63842964,Tuy Anh Hostel - Trung tâm Huế (Tuy Anh Hostel - Center of Hue),"29 Alley 4, Phu Nhuan Phường, Thành phố Huế, Việt Nam",Thừa Thiên Huế
62077661,Tovo Hostel Nguyễn Công Trứ (Tovo Hostel Nguyen Cong Tru),"14 Group 33, Thành phố Huế, Việt Nam",Thừa Thiên Huế
18531925,Leranda homestay (Leranda Homestay),"75 Võ Thị Sáu Huế, Thành phố Huế, Việt Nam",Thừa Thiên Huế
63734430,Như Ý Riverside Homestay,"29 Hàn Mặc Tử, Thành phố Huế, Việt Nam",Thừa Thiên Huế
76163847,Yukino Homestay Vườn Ngôn Từ (Yukino Homestay Vuon Ngon Tu),"Yukino Homestay - Vườn ngôn từ, Việt Nam",Thừa Thiên Huế
76898920,Royal Homestay và Cà phê (Royal Homestay And Coffee),"32 H n Mặc Tử Huế, Thành phố Huế, Việt Nam",Thừa Thiên Huế
72317525,Cosy 2 homestay (Cosy 2 Homestay ),"7/118 Lê Thánh Tôn Thuận Thành, Việt Nam",Thừa Thiên Huế
239407,Sunny B hotel (Sunny B Hotel),"4/34 Đường Nguyễn Tri Phương, Thành phố Huế, Việt Nam",Thừa Thiên Huế
75417638,Lúa homestay (Lua homestay),"8/39 Tôn Thất Cảnh quận Thuận Hóa, Phường An Đông, Thành phố Huế, Việt Nam",Thừa Thiên Huế
32359825,Khách sạn DKD TRIO Huế (DKD TRIO HOTEL HUE),"135 Nguyễn Sinh Cung Sông Hương, Việt Nam",Thừa Thiên Huế
32267268,Familia Hotel,"5B/28 Võ Thị Sáu Huế, Thành phố Huế, Việt Nam",Thừa Thiên Huế
56347165,Melody Riverside Homestay,"20 Hải Triều Huế, Thành phố Huế, Việt Nam",Thừa Thiên Huế
49293019,Lemi - Homestay in Hue,"14 Nguyễn Công Trứ Huế, Thành phố Huế, Việt Nam",Thừa Thiên Huế
55665001,1979 Homestay,"17/48 Ngo Quyen Huế, Thành phố Huế, Việt Nam",Thừa Thiên Huế
72810605,"Viber Homestay, Nera Garden Huế (Viber Homestay, Nera Garden Hue)","Nera Garden Apartment Hue, Thành phố Huế, Việt Nam",Thừa Thiên Huế
1293389,Hue Ecolodge,"Lương Qu n, Thành phố Huế, Việt Nam",Thừa Thiên Huế
78722567,Núi homestay (Núi Homestay),"2 kiệt 84 ngự b nh Huế, Thành phố Huế, Việt Nam",Thừa Thiên Huế
29383456,Nhà khách Thanh An 2 (Thanh An 2 Guesthouse),"Kiệt 16 Hai Bà Trưng 28 kiet 16 Hai Ba Trưng, Thành phố Huế, Việt Nam",Thừa Thiên Huế
67796344,Bao Han Nera 2,"Huế, Thành phố Huế, Việt Nam",Thừa Thiên Huế
73544698,"Châu Giang Homestay, Căn hộ Nera Garden Huế (Châu Giang Homestay, Nera Garden Apartment Huế )","KĐT Phú/2015 Tố Hữu, Thành phố Huế, Việt Nam",Thừa Thiên Huế
49702344,BK48,"Đường Ngô Quyền, Thành phố Huế, Việt Nam",Thừa Thiên Huế
165383,Khách sạn Lâm Bảo Long (Lam Bao Long Hotel),"80 Lê Lợi Huế, Thành phố Huế, Việt Nam",Thừa Thiên Huế
41571819,Beer Homestay Huế 2 (Beer Homestay Hue 2),"Huế, Thành phố Huế, Việt Nam",Thừa Thiên Huế
2634999,Hue Lovely Homestay,"Number 6 lane 34 Pham Hong Thai, Thành phố Huế, Việt Nam",Thừa Thiên Huế
74453371,"Green home, Huế (Green home, Hue)","Trường Chinh, Thành phố Huế, Việt Nam",Thừa Thiên Huế
72182497,Na Garden Homestay,"5 Võ Nguyên Giáp An Đông, Thành phố Huế, Việt Nam",Thừa Thiên Huế
35696211,Shine homestay Huế (Shine Homestay Huế),"Alley 27, Việt Nam",Thừa Thiên Huế
63200942,Homestay 5 Sach,"426/1 Lê Duẩn Đại Nội Huế, Việt Nam",Thừa Thiên Huế
55209158,Cle homestay,"Thôn 1, Việt Nam",Thừa Thiên Huế
38707693,Yo'House Hue Homestay (Yo'House Hue Homestay ),"69 Võ Thị Sáu Huế, Thành phố Huế, Việt Nam",Thừa Thiên Huế
75894291,Mani House,"Đường số 12 N13, Thành phố Huế, Việt Nam",Thừa Thiên Huế
28281967,Na Na Homestay,"26/1 Kiệt 147 Phan Đ nh Ph ng Huế, Quận Ph Nhuận, Việt Nam",Thừa Thiên Huế
79758142,Gao homestay-Hue (Gao Homestay-Hue),"51 Đường Nguyễn Đ nh Tứ, Thành phố Huế, Việt Nam",Thừa Thiên Huế
78457728,The Time Huế Homestay (The Time Hue Homestay),"42/29 Nguyễn Công Trứ 2 Huế, Thành phố Huế, Việt Nam",Thừa Thiên Huế
37181183,Khách sạn Metaverse Huế (Metaverse Hue Hotel),"36 Nguyễn Tri Phương Phuong Thuan Hoa, Thành phố Huế, Việt Nam",Thừa Thiên Huế
78198329,Tam's House,"119A Lê Ngô Cát Huế, Thành phố Huế, Việt Nam",Thừa Thiên Huế
33956034,SOLEIL BOUTIQUE,"46 Lê Duẩn Đại Nội Huế, Việt Nam",Thừa Thiên Huế
75698417,PuLin homestay (PuLin Homestay),"137 Bùi Thị Xuân Sông Hương, Phường Đúc, Việt Nam",Thừa Thiên Huế
53491126,Homestay Bối Bối (Homestay Bối Bối ),"3/24 Le Thanh Ton Đại Nội Huế, Việt Nam",Thừa Thiên Huế
25971739,New World Hotel,"56/28 Nguyễn Công Trứ Huế, Phường Phú Hội, Thành phố Huế, Việt Nam",Thừa Thiên Huế
76333392,Share Hostel & Coffee,"2 kiệt 57 Nguyễn Công Trứ Phú Hội, Thành phố Huế, Việt Nam",Thừa Thiên Huế
64411013,"100 m² 6 phòng ngủ, 5 phòng tắm riêng ở Sông Hương (NẮNG HOMESTAY HUẾ)","Lô F39 Đường Út Tịch, Phường Thuỷ Xuân, Quận Thuận Hoá, Việt Nam",Thừa Thiên Huế
34156264,Khách sạn Pao (Pao Hotel),"6/10 Võ Thị Sáu Huế, Thành phố Huế, Việt Nam",Thừa Thiên Huế
288754,Jade Hotel Hue,"43 Đường hung vuong, Thành phố Huế, Việt Nam",Thừa Thiên Huế
1602795,Vu Glamping,"89 Huyền Tr  226 n C  244 ng Ch  250 a Huế, Thành phố Huế, Việt Nam",Thừa Thiên Huế
75484029,SOMI House,"Huế, Thành phố Huế, Việt Nam",Thừa Thiên Huế
63774894,Khách sạn Thiên Ân Huế (Thien An Hotel Hue),"Thủy Dương, THIÊN ÂN  Thành phố Huế, Việt Nam",Thừa Thiên Huế
74495019,Niki Homestay,"1 Dương Xuân Hạ Huế, Phường Thuỷ Xuân, Thành phố Huế, Việt Nam",Thừa Thiên Huế
46358814,"Căn hộ 66 m² 2 phòng ngủ, 1 phòng tắm riêng ở Sông Hương (Joie Apartment Hue)","Tố Hữu, Thành phố Huế, Việt Nam",Thừa Thiên Huế
66752535,Gạoo Gạo Homestay (Gaoo Gao Homestay),"155a An Dương Vương Huế, Thành phố Huế, Việt Nam",Thừa Thiên Huế
61747439,Win House Huế (Win House Hue),"Lô M46, Thành phố Huế, Việt Nam",Thừa Thiên Huế
61860812,Hue Tho Homestay,"29 Ong Ich Khiem Đại Nội Huế, Việt Nam",Thừa Thiên Huế
75544192,Tom's Homestay Huế,"2/56 Nguyễn C ng Trứ Huế, Thành phố Huế, Việt Nam",Thừa Thiên Huế
64899595,Nhà Bơ Homestay (Nha Bo Homestay),"Huế, Thành phố Huế, Việt Nam",Thừa Thiên Huế
1196103,Rubis Hostel,"31 Trần Thanh Mại tp Huế, Thành phố Huế, Việt Nam",Thừa Thiên Huế
38139444,Khách sạn Trường Tiền (TRUONG TIEN HOTEL),"59 Bến Nghé Huế, Thành phố Huế, Việt Nam",Thừa Thiên Huế
78703509,Soleil Urban Villa,"LK07 kDT BGI Topaz Downtown Huế, Thành phố Huế, Việt Nam",Thừa Thiên Huế
165221,Romance Hotel,"16 Nguyễn Thái Học Huế, Thành phố Huế, Việt Nam",Thừa Thiên Huế
26079603,Tu Uyên homestay (Tu Uyen Homestay),"35/1 Nguyễn Sinh Cung Sông Hương, Phường Vĩ Dạ, Việt Nam",Thừa Thiên Huế
59539724,Perfume homestay (Perfume Homestay Huế),"66 Dao Tan, Thành phố Huế, Việt Nam",Thừa Thiên Huế
51976991,Nhà khách AKA (Guest house AKA),"166 Phan Chu Trinh, Phuoc Vinh Phường, Thành phố Huế, Việt Nam",Thừa Thiên Huế
247696,Khách sạn Hồng Thiên 1 (Hong Thien 1 Hotel),"35/06Chu Văn An Huế, Thành phố Huế, Việt Nam",Thừa Thiên Huế
66712862,Motel Thái Bình 2 (Motel Thai Binh 2),"40 Hồng Chương Huế, Phường An Đông, Quận Thuận Hóa, Việt Nam",Thừa Thiên Huế
75983502,Win House Huế 1 (Win House Hue 1),"109 Hàn Mặc Tử tp Huế, Thành phố Huế, Việt Nam",Thừa Thiên Huế
24337561,Sapphire Hotel Hue,"Nguyen Thi Hoc 19/7, Thành phố Huế, Việt Nam",Thừa Thiên Huế
69127351,Vina Apartment- Căn hộ trung tâm Huế (Vina Apartment- Can ho trung tam Hue),"62 Tố Hữu Huế, Thành phố Huế, Việt Nam",Thừa Thiên Huế
7423510,Chi Homestay #3,"129 Nguyễn Cư Trinh Đại Nội Huế, Việt Nam",Thừa Thiên Huế
239449,DMZ Hotel,"21 Đường Đội Cung, Thành phố Huế, Việt Nam",Thừa Thiên Huế
58958160,"Căn hộ 60 m² 2 phòng ngủ, 2 phòng tắm riêng ở Sông Hương (Căn Hộ Cao Cấp PucPu Homestay)","Tố Hữu, Thành phố Huế, Việt Nam",Thừa Thiên Huế
48601347,VIET Hostel,"64 Lê Duẩn tp Huế, Phường Phú Hoà, Việt Nam",Thừa Thiên Huế
80193483,"Biệt thự m² 3 phòng ngủ, 3 phòng tắm riêng ở Thành phố Huế (MsQ villa)","Huế, Thành phố Huế, Việt Nam",Thừa Thiên Huế
50160804,Nhà Sibling (Sibling House),"2 kiệt 79 Phạm Thị Liên Đại Nội Huế, Phường Kim Long, Thành phố Huế, Việt Nam",Thừa Thiên Huế
50938894,"Biệt thự 138 m² 4 phòng ngủ, 4 phòng tắm riêng ở Trung tâm TP. Celestún (DELUXE VILLA 4 phòng ngủ 5 giường lớn trung tâm tp)","Huế, Thành phố Huế, Việt Nam",Thừa Thiên Huế
61019121,Gahi homestay (Gahi Homestay),"103 Đặng Văn Ngữ Huế, Thành phố Huế, Việt Nam",Thừa Thiên Huế
80245520,Rong's 2 homestay Huế (Rong's 2 Homestay Huế),"LKV 12 - 16, Thành phố Huế, Việt Nam",Thừa Thiên Huế
72813320,Rusty Garage Homestay Huế (Rusty Garage Homestay Hue),"Đường Tân Lập, Thành phố huế 7, Việt Nam",Thừa Thiên Huế
77580459,mt home,"27 Đặng Thùy Trâm Huế, Thành phố Huế, Việt Nam",Thừa Thiên Huế
62132963,Khách sạn Gaki (Gaki Hotel),"21 T n Đức Thắng Huế, Thành phố Huế, Việt Nam",Thừa Thiên Huế
78696714,Mộc Truly Huế - homestay (Mộc Truly Huế - Homestay ),"66 Lê Duẩn Phú Thuân, Việt Nam",Thừa Thiên Huế
45764475,Kinh Đô Homestay,"20 Nguyễn Biểu Phú Hậu, Việt Nam",Thừa Thiên Huế
38858115,Dreamers Farm,"THÔN 5, Việt Nam",Thừa Thiên Huế
76248903,NhiNhi Homestay,"Huế, Thành phố Huế, Việt Nam",Thừa Thiên Huế
77598029,Ngo Homestay,"13/10 Bến Nghé Huế, Thành phố Huế, Việt Nam",Thừa Thiên Huế
63082773,"Căn hộ 66 m² 2 phòng ngủ, 2 phòng tắm riêng ở Sông Hương (PucPu Homestay 2 Nera Garden with pool and gym)","Huế, Thành phố Huế, Việt Nam",Thừa Thiên Huế
38942591,D & A Homestay Hue,"Lô C1-5 KQH Xuân Phú, Phường Xuân Phú, Thành phố Huế, Việt Nam",Thừa Thiên Huế
5892329,Soleil Hostel - Nhà Trọ (Soleil House - Hostel),"62 Tố Hữu Lô C12B KĐT The Manor Crown, Thành phố Huế, Việt Nam",Thừa Thiên Huế
78733832,DU Home Huế 2 (DU Home Hue 2),"7 Kiệt 135 Đặng Văn Ngữ 7a kiệt 135 Đặng Văn Ngữ Huế, Thành phố Huế, Việt Nam",Thừa Thiên Huế
78982515,"Nhà riêng m² 3 phòng ngủ, 2 phòng tắm riêng ở Sông Hương (Dreams Homestay with Full Kitchen - Big Lounge)","8/20 Ngô Gia Tự Vĩnh Ninh, Thành phố Huế, Việt Nam",Thừa Thiên Huế
70874983,"Căn hộ m² 2 phòng ngủ, 2 phòng tắm riêng ở Sông Hương (1990 Huế Homestay)","1990 Huế Homestay Tố Hữu, Thành phố Huế, Việt Nam",Thừa Thiên Huế
699556,Khách sạn Huế Harmony (Hue Harmony Hotel),"5/25 Hai Ba Trung Huế, Thành phố Huế, Việt Nam",Thừa Thiên Huế
78486524,Homie Ở Đây (Homie O Đay),"23 Kiệt 81 Nguyễn Huệ Huế, Thành phố Huế, Việt Nam",Thừa Thiên Huế
56381877,"Căn hộ 80 m² 3 phòng ngủ, 2 phòng tắm riêng ở Sông Hương (Anna House)","Huế, Thành phố Huế, Việt Nam",Thừa Thiên Huế
63998076,LaLa Villa Huế (LaLa Villa Hue),"15 Đường 8, Thành phố Huế, Việt Nam",Thừa Thiên Huế
74362090,Lucia Homestay,"Lucia Homestay   Coffee 2, Việt Nam",Thừa Thiên Huế
71476058,Van Homestay & Villa,"23 Le Minh Đường, An Dong Phường, Thành phố Huế, Việt Nam",Thừa Thiên Huế
59283060,"An homestay, biển Quảng Công Huế (An homestay, bien Quang Cong Hue)","Bãi biển Thuận An, Việt Nam",Thừa Thiên Huế
76910620,Huong Canh Homestay,"20 Kiệt 129 Lê Ngô Cát, Thành phố Huế, Việt Nam",Thừa Thiên Huế
65908779,Khách sạn Le Carre Huế (Le Carre Hue Hotel),"44 Lê Lợi tổ 10, Thành phố Huế, Việt Nam",Thừa Thiên Huế
75895328,Minh Anh Apartment 2,"17 Tố Hữu Huế, Thành phố Huế, Việt Nam",Thừa Thiên Huế
68422202,Ha Mai Homestay Hue,"82 Đinh Tiên Hoàng Phú Hậu, Việt Nam",Thừa Thiên Huế
47568310,Khách sạn và Căn hộ Amy Huế (Amy Hotel And Apartment Hue),"43a Kiet 42, Thành phố Huế, Việt Nam",Thừa Thiên Huế
76165341,Ly's House Hue,"2/77 Trần Thái Tông Huế, Thành phố Huế, Việt Nam",Thừa Thiên Huế
173590,Ideal Hotel Hue,"1/11 Võ Thị Sáu Huế, Thành phố Huế, Việt Nam",Thừa Thiên Huế
12165838,Lam Garden Boutique Homestay,"16 Nguyễn Sinh Khiêm Huế, Thành phố Huế, Việt Nam",Thừa Thiên Huế
5710150,Hue Nino Hotel,"14 Nguyen Cong Tru Huế, Phu Hoi Phường, Thành phố Huế, Việt Nam",Thừa Thiên Huế
31565013,"Nhà riêng 112 m² 4 phòng ngủ, 3 phòng tắm riêng ở Sông Hương (KenPiC Homestay - NGUYEN CAN 4 Bedrooms, Car Parking)","Huế, Thành phố Huế, Việt Nam",Thừa Thiên Huế
66840185,Teky House 2,"Q28 Đường 16, Thành phố Huế, Việt Nam",Thừa Thiên Huế
47411993,Nhà Hon Chen (Hon Chen House ),"Cư Ch  225 nh 2, Thành phố Huế, Việt Nam",Thừa Thiên Huế
76203985,"m² 3 phòng ngủ, 4 phòng tắm riêng ở Sông Hương (Ana La Vie Hue)","Iris 2-47, Thành phố Huế, Việt Nam",Thừa Thiên Huế
69313636,Tesla Home,"25 Nguyễn Quang Bích Tây Lộc, Việt Nam",Thừa Thiên Huế
71447605,Căn Hộ Cao Cấp PucPu Apartment Huế (Can Ho Cao Cap PucPu Apartment Hue),"Nera Garden Apartment Hue A1802, Thành phố Huế, Việt Nam",Thừa Thiên Huế
63059756,"Nhà riêng 250 m² 5 phòng ngủ, 4 phòng tắm riêng ở Thành phố Huế (Nắng Homestay &Villa)","Huế, Thành phố Huế, Việt Nam",Thừa Thiên Huế
73517236,Khách sạn Meta Cali Huế (Meta Cali Hotel Huế),"Nguyễn Huệ, Thành phố Huế, Việt Nam",Thừa Thiên Huế
60140491,Velvet Rose Hotel,"09 Nguyễn Công Trứ Tổ 1 Phú Hội Huế, Thành phố Huế, Việt Nam",Thừa Thiên Huế
10219628,Chic Studio Homestay,"25 Bến Nghé 02 Huế, Thành phố Huế, Việt Nam",Thừa Thiên Huế
76203897,Scarlet Pavilion,"73 Đường Văn Thánh, Việt Nam",Thừa Thiên Huế
55759532,VIGRAZ Apartment Rentals,"Nera Garden 1 Building, Thành phố Huế, Việt Nam",Thừa Thiên Huế
32605950,Biệt thự Golden Star Huế (Golden Star Villa Hue),"49 Nguyễn Hoàng Hương Long, Việt Nam",Thừa Thiên Huế
281710,Khách sạn Nhật Lệ (Nhat Le Hotel),"6A/34 Nguyen Tri Phuong Đường, Thành phố Huế, Việt Nam",Thừa Thiên Huế
80247895,Mây Trắng Homestay,"41 Minh Mạng Huế, Thành phố Huế, Việt Nam",Thừa Thiên Huế
251872,KHÁCH SẠN HỒNG THĂNG (Hong Thang Hotel),"1A Phan Văn Trường Huế, Thành phố Huế, Việt Nam",Thừa Thiên Huế
71357048,MUBEE Homestay,"14b Văn Cao Huế, Thành phố Huế, Việt Nam",Thừa Thiên Huế
18771852,An Thai Homestay Hue,"2/37 Hùng Vương Huế, Phường Phú Hội, Thành phố Huế, Việt Nam",Thừa Thiên Huế
35311470,Full House Homestay,"43/4 kiet 42 Nguyễn Công Trứ Huế, Phường Phú hội, Thành phố Huế, Việt Nam",Thừa Thiên Huế
67493500,164'sHomestay,"Huế, Thành phố Huế, Việt Nam",Thừa Thiên Huế
75386308,An Hạnh Homes (An Hanh Homes),"thôn dỗi xã thượng lộ nam đông, Việt Nam",Thừa Thiên Huế
66669140,"Nhà riêng m² 1 phòng ngủ, 1 phòng tắm riêng ở Sông Hương (Zambala House 3)","Huế, Thành phố Huế, Việt Nam",Thừa Thiên Huế
6621435,"Nhà mặt đất 20 m² 1 phòng ngủ, 1 phòng tắm riêng ở Đại Nội Huế (Kota's House)","15 kiet 67 Ngo The Lan Tay Loc, Việt Nam",Thừa Thiên Huế
78201964,"Biệt thự m² 1 phòng ngủ, 6 phòng tắm riêng ở Hương Trà (Villa 6pn Huế Kinh Đô)","Đại Nội Huế, Việt Nam",Thừa Thiên Huế
70366943,"Nhà riêng 200 m² 2 phòng ngủ, 2 phòng tắm riêng ở Đại Nội Huế (Log Cabin Hue with a nice garden with BBQ party.)","Phong Sơn, Việt Nam",Thừa Thiên Huế
47340806,Êm Villa 8 Bedrooms with Swimming Pool (Em Villa 8 Bedrooms with Swimming Pool),"55 Khải Định Huế, Thành phố Huế, Việt Nam",Thừa Thiên Huế
34633418,"Căn hộ 800 m² 3 phòng ngủ, 2 phòng tắm riêng ở Sông Hương (Happiest homestay - Manor Crown Hue)","Huế, Thành phố Huế, Việt Nam",Thừa Thiên Huế
72588625,"Nhà riêng 60 m² 1 phòng ngủ, 2 phòng tắm riêng ở Sông Hương (""Your House"" Căn hộ cao cấp The Manor Crown)","Huế, Thành phố Huế, Việt Nam",Thừa Thiên Huế
885045,Minh Tâm Guest House (Minh Tam Guest House),"7/4 Chu Van An Huế, Thành phố Huế, Việt Nam",Thừa Thiên Huế
64211915,"Căn hộ 55 m² 2 phòng ngủ, 2 phòng tắm riêng ở Sông Hương (Tom's House at Nera Garden Hue )","Tố Hữu, Thành phố Huế, Việt Nam",Thừa Thiên Huế
77600472,Thương Apartment 1 (Thuong Apartment 1),"Nera Garden 2, Thành phố Huế, Việt Nam",Thừa Thiên Huế
39661901,HueNam Residence,"18 Kiệt 33 Nguyễn Hoàng Đại Nội Huế, Việt Nam",Thừa Thiên Huế
70216406,SKY Homestay,"8A kiet 120 Phan Bội Châu tổ 3, Thành phố Huế, Việt Nam",Thừa Thiên Huế
80469405,Gau's Homestay - Nera Garden Homestay Huế,"Huế, Thành phố Huế, Việt Nam",Thừa Thiên Huế
72033008,Căn hộ dịch vụ The Manor Crown - Trung tâm thành phố (Căn hộ dịch vụ The Manor Crown-Trung tâm thành phố),"A39 Đường 02, Thành phố Huế, Việt Nam",Thừa Thiên Huế
63083000,Khách sạn MAY99 (MAY99 HOTEL),"15/177 Trường Chinh Huế, Thành phố Huế, Việt Nam",Thừa Thiên Huế
77459815,Giao Homestay,"62 Tố Hữu Huế, Thành phố Huế, Việt Nam",Thừa Thiên Huế
74649267,DU Home Huế (DU Home Hue),"82 Hoàng Diệu Đại Nội Huế, Việt Nam",Thừa Thiên Huế
75842023,"Biệt thự 18 m² 2 phòng ngủ, 1 phòng tắm riêng ở Sông Hương (Thien Ha's homestay)","Huế, Thành phố Huế, Việt Nam",Thừa Thiên Huế
62163000,Khách sạn Việt Nam (Viet Nam Hotel),"5A Kiệt 57 Nguyễn C ng Trứ tổ 15, Thành phố Huế, Việt Nam",Thừa Thiên Huế
66461349,"20 m² 1 phòng ngủ, 1 phòng tắm riêng ở Sông Hương (Ngói homestay)","Đại Nội Huế, Việt Nam",Thừa Thiên Huế
40353598,Khách sạn Blue Sea Huế (Blue Sea Hue Hotel),"Lô CM4-28 Camellia, Phường Thủy Vân, Thành phố Huế, Việt Nam",Thừa Thiên Huế
48280190,Tiboley Homestay (TiboleyHomestay),"135 Dang Van Ngu, Thành phố Huế, Việt Nam",Thừa Thiên Huế
2314890,The Hillside Homestay -Triple Room with balcony,"8/111 Trần Thái Tông Huế, Thành phố Huế, Việt Nam",Thừa Thiên Huế
42108816,"Căn hộ 54 m² 2 phòng ngủ, 2 phòng tắm riêng ở Sông Hương (Huế ơi 4- Homestay & Apartment)","Huế, Thành phố Huế, Việt Nam",Thừa Thiên Huế
61863896,Hue Tho Homestay,"29 Ong Ich Khiem Đại Nội Huế, Việt Nam",Thừa Thiên Huế
50557298,RuBy Homestay,"09 Phạm Bành RuBy Homestay, Việt Nam",Thừa Thiên Huế
75970007,An Nam Apartment,"Huế, Thành phố Huế, Việt Nam",Thừa Thiên Huế
16143253,Stylish room with garden and pool (Coco-leaf room),"Huế, Thành phố Huế, Việt Nam",Thừa Thiên Huế
65898506,Homestay Tre Vàng (Homestay Tre Vang),"Thôn dỗi, Việt Nam",Thừa Thiên Huế
5685848,Sankofa Village Hill Resort and Spa,"8 Ngọc Hồ thị xã Hương Trà, Phường Hương Hồ, Việt Nam",Thừa Thiên Huế
64437128,Dạ Khê Hill (Da Khe Hill),"Thôn Hải Các, Thôn Dạ Khê xã Thủy Bằng Thành phố Huế, Việt Nam",Thừa Thiên Huế
79106647,"Nhà riêng m² 1 phòng ngủ, 1 phòng tắm riêng ở Sông Hương (Tụi mình homestay - Room 2 - balcony room)","Huế, Thành phố Huế, Việt Nam",Thừa Thiên Huế
79106646,"Nhà riêng m² 1 phòng ngủ, 1 phòng tắm riêng ở Sông Hương (Tụi mình homestay - Room 3)","Huế, Thành phố Huế, Việt Nam",Thừa Thiên Huế
79106645,"Nhà riêng m² 1 phòng ngủ, 1 phòng tắm riêng ở Sông Hương (Tụi mình homestay - Room 4 - balcony room)","Huế, Thành phố Huế, Việt Nam",Thừa Thiên Huế
79106648,"Nhà riêng m² 1 phòng ngủ, 1 phòng tắm riêng ở Sông Hương (Tụi mình homestay - Room 1)","Huế, Thành phố Huế, Việt Nam",Thừa Thiên Huế
79452585,Homestay Huế Ơi 4,"Tố Hữu, Thành phố Huế, Việt Nam",Thừa Thiên Huế
254909,Khách sạn Phong Nha (Phong Nha Hotel),"34/2 (10/10) Đường Nguyễn Tri Phương, Thành phố Huế, Việt Nam",Thừa Thiên Huế
335189,Khách sạn Stay (Stay Hotel),"7 Nguyễn Công Trứ Huế, Thành phố Huế, Việt Nam",Thừa Thiên Huế
1846026,Khách sạn Vina Carnosa (Vina Carnosa Hotel),"11B Nguyễn Công Trứ Huế, Thành phố Huế, Việt Nam",Thừa Thiên Huế
2284855,Thủy Biều Homestay (Thuy Bieu Homestay),"43 Lương Quán Huế, Phường Thủy Biều, Thành phố Huế, Việt Nam",Thừa Thiên Huế
6879356,Pilgrimage Wellness Retreat,"Minh Mạng 130, Thành phố Huế, Việt Nam",Thừa Thiên Huế
78747336,HÔM Stay - Phố đi bộ,"14 Alley 42 Nguyen Cong Tru Đường, Thành phố Huế, Việt Nam",Thừa Thiên Huế
10548584,Le Home,"30a huyền trân công chúa Huế, Thành phố Huế, Việt Nam",Thừa Thiên Huế
12213560,Khách sạn Lucky (Lucky Hotel ),"09 Ngo The Lan phuong Tay Loc, Việt Nam",Thừa Thiên Huế
14695435,Nhà nghỉ Bon Ami (Bon Ami Hostel),"6 Võ Thị Sáu 6/10 Võ Thị Sáu, Phường Phú Hội, Thành phố Huế, Việt Nam",Thừa Thiên Huế
15277003,Phong Lan Guesthouse,"12/66 Lê Lợi Phú Hội, Thành phố Huế, Việt Nam",Thừa Thiên Huế
16361099,"Nhà mặt đất 110 m² 3 phòng ngủ, 4 phòng tắm riêng ở Thành phố Huế (Elegant house Hue ℂity ℂenter w/kitchen & terrace)","Huế, Thành phố Huế, Việt Nam",Thừa Thiên Huế
23696833,Biệt thự studio 36 m² có 1 phòng tắm riêng ở Đại Nội Huế (Ciel Homestay),"Đại Nội Huế, Việt Nam",Thừa Thiên Huế
31735933,"Nhà riêng 250 m² 3 phòng ngủ, 3 phòng tắm riêng ở Sông Hương (ROYAL HOME )","Huế, Thành phố Huế, Việt Nam",Thừa Thiên Huế
31924462,Khách sạn & Căn hộ White House (White House Hotel & Apartment),"43A Kiệt 42 Nguyễn Công Trứ Huế, Thành phố Huế, Việt Nam",Thừa Thiên Huế
33062311,"Căn hộ 66 m² 2 phòng ngủ, 2 phòng tắm riêng ở Sông Hương (Nick homestay, căn hộ cao cấp, view nghỉ dưỡng)","Huế, Thành phố Huế, Việt Nam",Thừa Thiên Huế
33111364,"Biệt thự 25 m² 1 phòng ngủ, 1 phòng tắm riêng ở Đại Nội Huế (Ciel Homestay in Hue )","Đại Nội Huế, Việt Nam",Thừa Thiên Huế
34634345,METTA homestay Huế (METTA HOMESTAY HUE),"Kiet 44, Thành phố Huế, Việt Nam",Thừa Thiên Huế
49702319,Căn hộ Studio-Banana Homestay (Can ho Studio-Banana Homestay),"Huế, 8/24/36 Trần Quang Khải tổ 7 Căn hộ Thành phố Huế, Việt Nam",Thừa Thiên Huế
49912527,"Căn hộ 100 m² 2 phòng ngủ, 2 phòng tắm riêng ở Sông Hương (Thaokao house)","Huế, Thành phố Huế, Việt Nam",Thừa Thiên Huế
50472561,"Căn hộ 160 m² 4 phòng ngủ, 5 phòng tắm riêng ở Đại Nội Huế (Ruby Homestay)","Đại Nội Huế, Việt Nam",Thừa Thiên Huế
52101743,La Holly Home,"27 Kiệt 42 Nguyễn Công Trứ Huế, Thành phố Huế, Việt Nam",Thừa Thiên Huế
52113992,"Nhà riêng 100 m² 4 phòng ngủ, 3 phòng tắm riêng ở Sông Hương (canary homestay)","Huế, Thành phố Huế, Việt Nam",Thừa Thiên Huế
52191028,"Biệt thự 2000 m² 1 phòng ngủ, 1 phòng tắm riêng ở Hòa Hiệp Bắc (Very chill valley villa)","Rừng Quốc Gia Bạch Mã, Việt Nam",Thừa Thiên Huế
53524709,Nhà mình homestay (Nhà mình homestay Huế),"40/126 Phạm Văn Đồng Huế, Thành phố Huế, Việt Nam",Thừa Thiên Huế
54615402,Spatel d Annam Boutique Spa & Hotel,"57 Dang Dung Hue, Thành phố Huế, Việt Nam",Thừa Thiên Huế
55140616,Vya homestay Hue city,"Sông Hương, Việt Nam",Thừa Thiên Huế
55605819,Teky House,"Room H31, Thành phố Huế, Việt Nam",Thừa Thiên Huế
55682906,Cozy Homestay,"Huế, Thành phố Huế, Việt Nam",Thừa Thiên Huế
55707965,Cleopatra villa,"Sông Hương, Việt Nam",Thừa Thiên Huế
55769451,"Biệt thự 100 m² 4 phòng ngủ, 4 phòng tắm riêng ở Sông Hương (Rose Villa Hue)","Huế, Thành phố Huế, Việt Nam",Thừa Thiên Huế
55906210,"Căn hộ 66 m² 2 phòng ngủ, 2 phòng tắm riêng ở Sông Hương (Gin Homestay - Nera Garden Huế)","Tố Hữu, Thành phố Huế, Việt Nam",Thừa Thiên Huế
55948581,"Căn hộ 95 m² 3 phòng ngủ, 2 phòng tắm riêng ở Sông Hương (Anvui homestay (1207 -3BR) Hue city center)","Huế, Thành phố Huế, Việt Nam",Thừa Thiên Huế
56319227,Soleil Riverside Villa,"Thôn Hạ Lang Quảng Phú, Việt Nam",Thừa Thiên Huế
56359376,"Nhà riêng 70 m² 2 phòng ngủ, 2 phòng tắm riêng ở Sông Hương (Hạ home huế - Căn hộ mặt đất đường Nguyễn Huệ)","Huế, Thành phố Huế, Việt Nam",Thừa Thiên Huế
58890063,"Nhà riêng 1000 m² 3 phòng ngủ, 3 phòng tắm riêng ở Đại Nội Huế (Homestay Hoa Vàng - Kim Long, Huế)","kiet 36 Nguyễn Hoàng, Việt Nam",Thừa Thiên Huế
59207560,"Căn hộ 60 m² 2 phòng ngủ, 1 phòng tắm riêng ở Sông Hương (Hoài lộc homestay huế)","Huế, Thành phố Huế, Việt Nam",Thừa Thiên Huế
59434277,Khách Sạn Phương Nhi (Khach San Phuong Nhi),"CHXG VFG, Thành phố Huế, Việt Nam",Thừa Thiên Huế
59439223,"Căn hộ 90 m² 2 phòng ngủ, 1 phòng tắm riêng ở Sông Hương (Anna homestay)","Huế, Thành phố Huế, Việt Nam",Thừa Thiên Huế
59452089,gold Homestay,"Huế, Thành phố Huế, Việt Nam",Thừa Thiên Huế
59621098,"Nhà riêng 50 m² 1 phòng ngủ, 1 phòng tắm riêng ở Sông Hương (Anvui Homestay (P4 - Twin room) Hue City Center)","Huế, Thành phố Huế, Việt Nam",Thừa Thiên Huế
60121884,"Căn hộ 95 m² 2 phòng ngủ, 1 phòng tắm riêng ở Sông Hương (Anvui Homestay (1207 - 2BR) Hue City Center )","Huế, Thành phố Huế, Việt Nam",Thừa Thiên Huế
60154378,"Nhà riêng 180 m² 3 phòng ngủ, 3 phòng tắm riêng ở Sông Hương (Nguyên căn 4 Tầng Mây House - Hùng Vương TP Huế)","Huế, Thành phố Huế, Việt Nam",Thừa Thiên Huế
60240616,"Nhà riêng 75 m² 3 phòng ngủ, 2 phòng tắm riêng ở Sông Hương (Dorgan Apartment Deluxe - Nera Garden)","Huế, Thành phố Huế, Việt Nam",Thừa Thiên Huế
60240620,"Nhà riêng 64 m² 2 phòng ngủ, 2 phòng tắm riêng ở Sông Hương (Dorgan Apartment Brown - Nera Garden)","Huế, Thành phố Huế, Việt Nam",Thừa Thiên Huế
60355723,"Nhà riêng 75 m² 3 phòng ngủ, 2 phòng tắm riêng ở Sông Hương (Dorgan Apartment Luxury - Nera Garden)","Huế, Thành phố Huế, Việt Nam",Thừa Thiên Huế
61030546,"Căn hộ 70 m² 2 phòng ngủ, 2 phòng tắm riêng ở Sông Hương (SARAH HOMESTAY )","1C. Chung cư Xuân Phú Vu Thang, Thành phố Huế, Việt Nam",Thừa Thiên Huế
61453540,Neko Homestay 2,"32 Hùng Vương Huế, Thành phố Huế, Việt Nam",Thừa Thiên Huế
61891645,Ở Homestay (O Homestay),"J13 Đường 3, Thành phố Huế, Việt Nam",Thừa Thiên Huế
62051086,Châu Bảo An Homestay,"7 Bảo Quốc Huế, Phường Đúc, Thành phố Huế, Việt Nam",Thừa Thiên Huế
62071739,"Nhà riêng m² 2 phòng ngủ, 2 phòng tắm riêng ở Sông Hương (Zambala House)","Huế, Thành phố Huế, Việt Nam",Thừa Thiên Huế
63082634,"Nhà riêng m² 3 phòng ngủ, 4 phòng tắm riêng ở Sông Hương (Villa Victoria 2)","Huế, Thành phố Huế, Việt Nam",Thừa Thiên Huế
63155805,"m² 1 phòng ngủ, 1 phòng tắm riêng ở Sông Hương (Kimi homestay Huế )","Huế, Thành phố Huế, Việt Nam",Thừa Thiên Huế
63156759,Sophia Hotel Hue,"47 Trần Anh Tông Huế, Thành phố Huế, Việt Nam",Thừa Thiên Huế
63161673,Nhà Nấm (Nấm's House),"An Đông 12, Thành phố Huế, Việt Nam",Thừa Thiên Huế
72588631,"Nhà riêng m² 2 phòng ngủ, 1 phòng tắm riêng ở Hương Trà (Brown House- Big happy little alley)","Sông Hương, Việt Nam",Thừa Thiên Huế
72810378,Leranda Village Homestay,"Đường Chưa Đặt Tên, Việt Nam",Thừa Thiên Huế
72810871,B&N HUE l Villa in Hue,"34 Kiệt 106 Minh Mạng Huế, Thành phố Huế, Việt Nam",Thừa Thiên Huế
72811106,"Bungalow Kim Long, Huế (Bungalow Kim Long, Hue)","Đại Nội Huế, Việt Nam",Thừa Thiên Huế
72813506,Subin Homestay Hue,"9/11 Trần Thúc Nhẫn Huế, Thành phố Huế, Việt Nam",Thừa Thiên Huế
72814544,"Châu Giang Homestay Huế, Studio có bếp, ban công View An Cựu (Chau Giang Homestay Hue, Studio co bep, ban cong View An Cuu)","Huế, Thành phố Huế, Việt Nam",Thừa Thiên Huế
73564067,Villa Iris in Hue with Pool and BBQ,"15 Kiệt 82 Quảng Tế Huế, Phường Thuỷ Xuân, Thành phố Huế, Việt Nam",Thừa Thiên Huế
73567409,"Châu Giang Nera Garden Apartment- Căn hộ 3 phòng ngủ view đẹp FREE Hồ bơi, Gym (Chau Giang Nera Garden Apartment- Can ho 3 phong ngu view đep FREE Ho boi, Gym)","Huế, Thành phố Huế, Việt Nam",Thừa Thiên Huế
73567970,BÃI CẮM TRẠI THÔNG NÀNG VQG BẠCH MÃ by CONNECT TRAVEL (BAI CAM TRAI THONG NANG VQG BACH MA by CONNECT TRAVEL),"Bãi Cắm Trại Thông Nàng VQG Bạch Mã by Connect Travel, Việt Nam",Thừa Thiên Huế
73949780,"Nhà riêng 100 m² 4 phòng ngủ, 3 phòng tắm riêng ở Hương Trà (HAPPY ECOGARDEN HUE )","Huế, Thành phố Huế, Việt Nam",Thừa Thiên Huế
74132615,"Căn hộ m² 1 phòng ngủ, 2 phòng tắm riêng ở Sông Hương (Littlehome neragraden 1)","Huế, Thành phố Huế, Việt Nam",Thừa Thiên Huế
74339285,Nothingness House,"Huế, Thành phố Huế, Việt Nam",Thừa Thiên Huế
74492110,"Biệt thự 680 m² 8 phòng ngủ, 10 phòng tắm riêng ở Thành phố Huế (Êm Villa 8 Bedrooms)","Huế, Thành phố Huế, Việt Nam",Thừa Thiên Huế
74595294,"MiLy Homestay , Căn hộ cao cấp Nera (MiLy Homestay , Can ho cao cap Nera)","Huế, Thành phố Huế, Việt Nam",Thừa Thiên Huế
74724232,Sky Homestay Huế (Sky Homestay Hue),"Huế, Thành phố Huế, Việt Nam",Thừa Thiên Huế
74958328,Live like a local Homestay,"Huế, Thành phố Huế, Việt Nam",Thừa Thiên Huế
75146719,Dolphin Homestay Nera Garden Hue,"Huế, Thành phố Huế, Việt Nam",Thừa Thiên Huế
75300196,Homestay Nguyễn hưng (Homestay Nguyen hung),"Đại Nội Huế, 24 Kim Long.Phường kim long.Quận Phú Xuân, Việt Nam",Thừa Thiên Huế
75417949,Minh Hầu Lạc Trú Homestay (Minh Hau Lac Tru Homestay),"Sông Hương, Việt Nam",Thừa Thiên Huế
75483990,Kim Long Garden,"24 Kim Long Đại Nội Huế, Việt Nam",Thừa Thiên Huế
75928887,"63 m² 5 phòng ngủ, 5 phòng tắm riêng ở Sông Hương (Duck's Home Hue)","Huế, Thành phố Huế, Việt Nam",Thừa Thiên Huế
75952716,TP HOUSE - Homestay Kim Long Huế (TP HOUSE - Homestay Kim Long Hue),"Đại Nội Huế, Việt Nam",Thừa Thiên Huế
75975442,Homestay An Nam,"84 Huế, Thành phố Huế, Việt Nam",Thừa Thiên Huế
76045697,"m² 2 phòng ngủ, 1 phòng tắm riêng ở Bãi biển Thuận An (Homestay Nhật Huy)","Bãi biển Thuận An, Việt Nam",Thừa Thiên Huế
76160902,Chau Apartment,"Huế, Thành phố Huế, Việt Nam",Thừa Thiên Huế
76167089,Cố Đô Homestay (Co Đo Homestay),"Tố Hữu, Thành phố Huế, Việt Nam",Thừa Thiên Huế
76234023,Một Nhà Thơ Homestay (Mot Nha Tho Homestay),"1000000 Một Nhà Thơ Homestay, Việt Nam",Thừa Thiên Huế
76593793,NaVilla Hue,"Đại Nội Huế, Việt Nam",Thừa Thiên Huế
76593794,NaVilla Hue,"Đại Nội Huế, Việt Nam",Thừa Thiên Huế
76593821,"Biệt thự 1000 m² 7 phòng ngủ, 7 phòng tắm riêng ở Đại Nội Huế (NaVilla Hue)","Đại Nội Huế, Việt Nam",Thừa Thiên Huế
76727214,"Căn hộ m² 2 phòng ngủ, 2 phòng tắm riêng ở Sông Hương (Phan's Apartment - Nera garden Hue)","Huế, Thành phố Huế, Việt Nam",Thừa Thiên Huế
76727310,"Căn hộ m² 2 phòng ngủ, 2 phòng tắm riêng ở Sông Hương (Phan's Apartment - Nera garden Hue )","Huế, Thành phố Huế, Việt Nam",Thừa Thiên Huế
76741631,"Nhà riêng m² 3 phòng ngủ, 2 phòng tắm riêng ở Sông Hương (Sky View Premier|3BR|Pool&Luxury Stay in Center)","Huế, Thành phố Huế, Việt Nam",Thừa Thiên Huế
76933990,"Nhà riêng m² 1 phòng ngủ, 2 phòng tắm riêng ở Sông Hương (Khoaistay Homestay, Nera Garden Hue)","Huế, Thành phố Huế, Việt Nam",Thừa Thiên Huế
76960049,vila nguyên căn Đức An 2 phòng (vila nguyen can Đuc An 2 phong),"Huế, Thành phố Huế, Việt Nam",Thừa Thiên Huế
76964432,Wood Villa,"Huế, Thành phố Huế, Việt Nam",Thừa Thiên Huế
76965475,An Nam Apartment,"Nera Garden 2, Thành phố Huế, Việt Nam",Thừa Thiên Huế
76968432,Nhà nguyên căn Vành Khuyên và nhà Én (Nha nguyen can Vanh Khuyen va nha En),"Thôn Hoa Sen Thôn Làng Đông, Việt Nam",Thừa Thiên Huế
77037588,NGUYÊN CĂN -02 Phòng ngủ - SHARK HOUSE - Hue (NGUYEN CAN -02 Phong ngu - SHARK HOUSE - Hue),"Đường Lê Đức Anh, Thành phố Huế, Việt Nam",Thừa Thiên Huế
77252752,Hoài lộc homestay (Hoai loc homestay),"Huế, Thành phố Huế, Việt Nam",Thừa Thiên Huế
76439229,Shine Homestay,"6/27 Nguyễn Sinh Cung Sông Hương, Phường Vỹ Dạ, Việt Nam",Thừa Thiên Huế
77414777,Prado Homestay 1,"Huế, Thành phố Huế, Việt Nam",Thừa Thiên Huế
77626562,Thiên Hà Homestay (Thien Ha Homestay),"64 An Ninh Đại Nội Huế, Việt Nam",Thừa Thiên Huế
39040431,Camellia Hue,"Ben Nghe Đường, Thành phố Huế, Việt Nam",Thừa Thiên Huế
77631893,Thương Apartment 2 (Thuong Apartment 2),"Nera Garden 2, Thành phố Huế, Việt Nam",Thừa Thiên Huế
77638849,Farmstay Hương Tuần,"TDP Hải C t, Phường Kim Long, Việt Nam",Thừa Thiên Huế
77973690,INDO HOME - NERA GARDEN,"Phong A.1208, Thành phố Huế, Việt Nam",Thừa Thiên Huế
78053865,The Hue Homestay,"Huế, Thành phố Huế, Việt Nam",Thừa Thiên Huế
78257483,"Nhà riêng m² 1 phòng ngủ, 1 phòng tắm riêng ở Phá Tam Giang (Temple Stay, An Unique Experience - Twin)","Phá Tam Giang, Việt Nam",Thừa Thiên Huế
78306016,"Nhà riêng m² 1 phòng ngủ, 4 phòng tắm riêng ở [location not yet specified] (HELEN HOUSE)","Sông Hương, Việt Nam",Thừa Thiên Huế
78306856,Lamoon Villa Huế (Lamoon Villa Hue),"Huế, Thành phố Huế, Việt Nam",Thừa Thiên Huế
78326000,Hue Charm Apartment -Nera Garden,"Huế, Thành phố Huế, Việt Nam",Thừa Thiên Huế
78327759,Minh Anh Villa,"Huế, Đường số 12 an cựu city Phường an đông tp huế, Thành phố Huế, Việt Nam",Thừa Thiên Huế
78329159,Yugen Hue,"To Huu, Thành phố Huế, Việt Nam",Thừa Thiên Huế
78338144,Pho Thien Duong Homestay,"40 Le Thanh Ton Đại Nội Huế, Dong Ba Phường, Việt Nam",Thừa Thiên Huế
78338434,MILY HOMESTAY and APARTMENT HUE,"Phu My An Urban Area, Thành phố Huế, Việt Nam",Thừa Thiên Huế
78341347,Ha Mai Homestay hue,"85 Ðinh Tiên Hoàng Đại Nội Huế, Việt Nam",Thừa Thiên Huế
78348411,La Peace Home,"N07/6 KQH Kim Long gd 5 Đường, Thành phố Huế, Việt Nam",Thừa Thiên Huế
78416331,De Huong Duong residences,"37 Hai Ba Trung Huế, Thành phố Huế, Việt Nam",Thừa Thiên Huế
78427808,"Biệt thự m² 1 phòng ngủ, 6 phòng tắm riêng ở Sông Hương (Yên Riverside Villa - Homestay Huế)","Huế, Thành phố Huế, Việt Nam",Thừa Thiên Huế
78428727,"Nhà riêng m² 1 phòng ngủ, 1 phòng tắm riêng ở Sông Hương (Chillaxy)","Huế, Thành phố Huế, Việt Nam",Thừa Thiên Huế
78446695,"Nhà riêng m² 1 phòng ngủ, 4 phòng tắm riêng ở Sông Hương (DELUXE VILLA III 5 phòng ngủ 6 giường lớn)","Huế, Thành phố Huế, Việt Nam",Thừa Thiên Huế
78446720,Champagne Homestay,"18/7 Kiệt 56 Nguyễn Công Trứ tổ 15 Huế, Thành phố Huế, Việt Nam",Thừa Thiên Huế
78457207,"Chiuu Home Cozy Apartment with Pool, Gym, Hue","Tòa nhà Nera Garden, Thành phố Huế, Việt Nam",Thừa Thiên Huế
78457381,Yên Riverside Villa - Homestay Huế (Yen Riverside Villa - Homestay Hue),"Huế, Thành phố Huế, Việt Nam",Thừa Thiên Huế
78504634,Thanh An homestay Huế (Thanh An Homestay Huế),"103 Nguyễn Tất Thành Thuỷ Dương, Thành phố Huế, Việt Nam",Thừa Thiên Huế
78554815,Biệt thự DELUXE VILLA 5 phòng ngủ 6 giườn lớn (Biet thu DELUXE VILLA 5 phong ngu 6 giuon lon),"Huế, Thành phố Huế, Việt Nam",Thừa Thiên Huế
79259957,Nhật Huy Homestay (Nhat Huy Homestay),"Đường Tân An, Việt Nam",Thừa Thiên Huế
79299577,Căn hộ cao cấp JULIE's HOUSE (JULIE's HOUSE - A LUXURY APARTMENT IN HUE),"11 Đường 3, Phường Vỹ Dạ, Thành phố Huế, Việt Nam",Thừa Thiên Huế
76062856,Ana La Vie Hue,"Eco Garden Huế Iris 2-47, Thành phố Huế, Việt Nam",Thừa Thiên Huế
79344967,Thẩn Thơ Homestay,"40 Trần Th i T ng TP Huế, Phường Thuận H a, Thành phố Huế, Việt Nam",Thừa Thiên Huế
79351792,"m² 1 phòng ngủ, 1 phòng tắm riêng ở Sông Hương (Zing homestay)","Huế, Thành phố Huế, Việt Nam",Thừa Thiên Huế
79384531,Zing homestay Huế (Zing Homestay Huế),"C19 The Manor Crown, Thành phố Huế, Việt Nam",Thừa Thiên Huế
79392125,Êm Villa (Em Villa),"55 Đường Đại Nam, Thành phố Huế, Việt Nam",Thừa Thiên Huế
79392185,Lucky House,"Huế, Thành phố Huế, Việt Nam",Thừa Thiên Huế
79447404,Núi Homestay Huế (Nui Homestay Hue),"Huế, Thành phố Huế, Việt Nam",Thừa Thiên Huế
79528057,We homestay - 4 bedrooms entire house,"Huế, Thành phố Huế, Việt Nam",Thừa Thiên Huế
79556628,Classic homestay,"Huế, Thành phố Huế, Việt Nam",Thừa Thiên Huế
79565978,Color Homestay,"10 Cao Xuân Dục Huế, Thành phố Huế, Việt Nam",Thừa Thiên Huế
79571067,Hue Crown Boutique Villa- Hue Ancient Capital,"Huế, Thành phố Huế, Việt Nam",Thừa Thiên Huế
79781689,Nhà Bên Đồi (Nha Ben Đoi),"Huế, Thành phố Huế, Việt Nam",Thừa Thiên Huế
79915846,"Căn hộ m² 1 phòng ngủ, 2 phòng tắm riêng ở Sông Hương (Lucky House - Huế)","Huế, Thành phố Huế, Việt Nam",Thừa Thiên Huế
79943447,"Nhà riêng m² 3 phòng ngủ, 2 phòng tắm riêng ở Thành phố Huế (Arina Garden Villa - Hue)","Huế, Thành phố Huế, Việt Nam",Thừa Thiên Huế
80075012,Kimi Homestay Hue,"Đường số 14 Q21, Thành phố Huế, Việt Nam",Thừa Thiên Huế
80109591,"Nhà riêng m² 2 phòng ngủ, 2 phòng tắm riêng ở Sông Hương (Two BR House - Hue Center, Spacious Stay & Parking)","Huế, Thành phố Huế, Việt Nam",Thừa Thiên Huế
80164863,L'âme The Hideway (L'ame The Hideway),"Kiệt 28 Phạm Thị Liên, Việt Nam",Thừa Thiên Huế
80191746,Lamoon Villa,"111 Lê Ngô Cát Huế, Thành phố Huế, Việt Nam",Thừa Thiên Huế
80194742,"Biệt thự m² 3 phòng ngủ, 3 phòng tắm riêng ở Thành phố Huế (MsQ villa)","Huế, Thành phố Huế, Việt Nam",Thừa Thiên Huế
80242441,Rong's Homestay Huế,"LKV 13 - 14, Thành phố Huế, Việt Nam",Thừa Thiên Huế
80246594,Sim House,"Số 17 Kiệt 37 Duy T n, Phường An Cựu, Thành phố Huế, Việt Nam",Thừa Thiên Huế
81043242,Dreamy homestay Huế (Dreamy homestay Hue),"68a Hoàng Quốc Việt nối dài Lô LK 16-16 khu BGI Huế, Thành phố Huế, Việt Nam",Thừa Thiên Huế
81046786,Subin home,"Huế, Thành phố Huế, Việt Nam",Thừa Thiên Huế
81049397,Homestay Minh Tuấn (Homestay Minh Tuan),"Huế, Thành phố Huế, Việt Nam",Thừa Thiên Huế
81051031,Winna Homestay,"Huế, Thành phố Huế, Việt Nam",Thừa Thiên Huế
81051618,Căn hộ tiện nghi Gau's Homestay (Can ho tien nghi Gau's Homestay),"Huế, Thành phố Huế, Việt Nam",Thừa Thiên Huế
81052440,Lamoon Villa,"111 Lê Ngô Cát Huế, Thành phố Huế, Việt Nam",Thừa Thiên Huế
862549,The Island Lodge Thoi Son,"390 Ấp Thới Bình Mỹ Tho, Xã Thới Sơn, Tiền Giang, Việt Nam",Tiền Giang
81047992,Celine's Loft,"khu Vincom PG02-32, Tiền Giang, Việt Nam",Tiền Giang
37426969,"Nhà trệt 500 m² 6 phòng ngủ, 6 phòng tắm riêng ở Trung Hoa (Khách sạn hải đăng)","Trung Hoa, Tiền Giang, Việt Nam",Tiền Giang
71661850,Khách sạn Mỹ Cảng Trà Vinh (Hotel Mỹ Cảng Trà Vinh),"251 Đường 30 Tháng 4, Việt Nam",Trà Vinh
44689064,Hotel Thuý Nguyễn (Hotel Thuy Nguyen),"354 Đường Đồng Khởi nối dài, khóm 1 Phường 9, Việt Nam",Trà Vinh
47340302,HOTEL VĂN THÁI BÌNH (HOTEL VAN THAI BINH),"44 Lê Lợi Trà Vinh, Việt Nam",Trà Vinh
67556051,Bungalow Ven Sông (Bungalow Ven Song),"309a Truong Van Kinh Phu Hoa, Việt Nam",Trà Vinh
63298188,Nhà nghỉ Thế Phú (Nha nghi The Phu),"Hẻm 38, Phường 2, Việt Nam",Trà Vinh
72803582,Khách sạn The Rose Trà Vinh (The Rose Hotel Tra Vinh),"240 Phạm Ngũ Lão Trà Vinh, Việt Nam",Trà Vinh
29851223,Khách sạn Bích Ngoan (BichNgoan Hotel),"19/22 Đường 19/5, Việt Nam",Trà Vinh
62559403,Khách sạn Lucky 2 (Lucky Hotel 2),"16 Võ Nguyên Giáp Trà Vinh, Phường 8, Việt Nam",Trà Vinh
626326,Mekong Garden Bungalows,"Ấp Đon, Việt Nam",Trà Vinh
63309215,Lucky 3 Hotel,"104 Nguyễn Thiện Thành Trà Vinh, Việt Nam",Trà Vinh
67791043,Flamingo Heritage Onsen & Resort,"Flamingo Tan Trao, Việt Nam",Tuyên Quang
55769472,Khách sạn boutique Lang Can (LANG CAN BOUTIQUE HOTEL),"No. 51 Ban Khien, Việt Nam",Tuyên Quang
47334465,Khu nghỉ dưỡng BanBa Jungle (The BanBa Jungle Lodge),"Ban Ba, Việt Nam",Tuyên Quang
36742778,"Nhà riêng 80 m² 1 phòng ngủ, 2 phòng tắm riêng ở Làng Khiêm (Maila)","Tuyên Quang, Việt Nam",Tuyên Quang
31486146,Nhà nghỉ Lam's House (Lam's House Motel),"375 Nguyễn Tất Th  224 nh - thị trấn Na hang - huyện Na Hang - Tỉnh Tuy  234 n Quang Tuyên Quang, Việt Nam",Tuyên Quang
36755916,"Căn hộ 20 m² 1 phòng ngủ, 1 phòng tắm riêng ở Làng Khiêm (Lanla)","Tuyên Quang, Việt Nam",Tuyên Quang
37843937,Khách sạn VIN (VIN HOTEL),"MG1-03   MG1-05A Vincom, Phường 4, Việt Nam",Vĩnh Long
67707562,Khách sạn RUBY Vĩnh Long (RUBY HOTEL Vinh Long),"255 Nguyễn Văn Thiệt Vĩnh Long, Việt Nam",Vĩnh Long
22750715,Van Trang Hotel,"3c hung dao vuong phuong 1, Việt Nam",Vĩnh Long
28087503,Khách sạn Phước Thành IV (Phuoc Thanh IV Hotel),"Vĩnh Long, 116B 118 120 Nguyễn Huệ Phường 2 Thành phố Vĩnh Long, Việt Nam",Vĩnh Long
67574309,Khách sạn Vân Trang Garden 2 (VAN TRANG GARDEN HOTEL 2),"27C/7 tổ 7 ấp Tân An, Việt Nam",Vĩnh Long
47275728,Khách sạn Phước Hưng 2 (Phước Hưng 2 Hotel),"44a Trưng Nu Vuong, Việt Nam",Vĩnh Long
34733523,Khách sạn Mekong Star (Hotel Mekong Star),"77a Hùng Vương Vĩnh Long, Việt Nam",Vĩnh Long
5875532,Khách sạn Sài Gòn Vĩnh Long (Sai Gon Vinh Long Hotel),"02 Trưng Nữ Vương Vĩnh Long, Phường 1, Thành phố Vĩnh Long, Việt Nam",Vĩnh Long
46568020,Khách sạn Phước Hưng 3 (Phước Hưng 3 Hotel),"40 Trưng Nữ Vương, Phường 1, Việt Nam",Vĩnh Long
2305737,Thien Thanh Hotel,"2G Hung Vuong Vĩnh Long, Việt Nam",Vĩnh Long
36461240,Paris Hotel & Cafe,"A1-A2 Tran Phu, Việt Nam",Vĩnh Long
36840539,Bình An Village (Bình An Village ),"Đường Phước Hậu 394C/19 Ngươn A, Việt Nam",Vĩnh Long
27848299,Khách sạn Minh Khuê (Minh Khue Hotel),"38 Trung Nu Vuong Vĩnh Long, Việt Nam",Vĩnh Long
5898099,mekong riverside homestay,"145a/11 ap binh luong xa an binh huyen long ho tinh vinh longll An Bình, Việt Nam",Vĩnh Long
2822366,Homestay Ngoc Sang,"95/8 Binh Luong An Binh, Việt Nam",Vĩnh Long
621919,Thúy An Homestay (Happy Family Guesthouse),"53/4 Ấp Phú Mỹ 1 Tỉnh Vĩnh Long, Xã Đồng Phú, Huyện Long Hồ, Việt Nam",Vĩnh Long
64294833,Huỳnh Yên (Huynh Yen),"219/17 ấp Long Thuận xã Long Phước huyện Long Hồ Tỉnh Vĩnh Long Thanh Đức, Việt Nam",Vĩnh Long
47853496,Sông Mê Home (Song Me Home),"52/4 Binh Thuan 2 Hoa Ninh, Việt Nam",Vĩnh Long
78731393,Khách Sạn Và Nhà Hàng Ngọc Yến 5 Vĩnh Long (Khach San Va Nha Hang Ngoc Yen 5 Vinh Long),"11 Đường Lê Lai, Việt Nam",Vĩnh Long
621780,Nam Thanh homestay (Nam Thanh Homestay),"172/9 Bình Lương An Bình, Việt Nam",Vĩnh Long
38696787,Khách sạn Phước Thịnh (Phước Thịnh Hotel),"Số A241, Phường 9. Thành phố Vĩnh Long, Việt Nam",Vĩnh Long
11292064,"Mekong Pottery Homestay, Green-Friendly & Boat Tour","209A/15 Mười Bốn Tháng Chín Đường, Việt Nam",Vĩnh Long
64331098,Ngũ Long Hai Hotel (Ngu Long Hai Hotel),"36 Trưng Nữ Vương Vĩnh Long, Việt Nam",Vĩnh Long
7096891,Phước Hưng 1 Hotel (Phuoc Hung 1 Hotel),"44/62B Nguyễn Văn Thiệt TP Vĩnh Long, Phường 3, Việt Nam",Vĩnh Long
569385,Phương Thảo homestay (Phuong Thao Homestay),"An Thành, Việt Nam",Vĩnh Long
50602635,Làng Bình An (Bình An Village),"394C/19 Phước Ngươn A Phước Hậu, Việt Nam",Vĩnh Long
47983034,Ba Hung homestay,"Đường 1, Việt Nam",Vĩnh Long
2504563,Ngoc Phuong Homestay,"118C/10 Binh Luong Hamlet, An Binh Phường, Việt Nam",Vĩnh Long
10297198,MEKONG NATURE LODGE,"ẤP AN THẠNH, Việt Nam",Vĩnh Long
65964664,Nhà Nghỉ Khanh Trần (Nha Nghi Khanh Tran),"Thanh Đức, 306 Đường Không Tên 29/2 Phú An - Thị Trấn Long Hồ - Huyện Long Hồ - Tỉnh Vĩnh Long, Việt Nam",Vĩnh Long
47435073,"Căn hộ 100 m² 6 phòng ngủ, 4 phòng tắm riêng ở An Bình (Lọ Lem home stay)","An Bình, Việt Nam",Vĩnh Long
77592148,Nhà nghỉ Minh Hà (NHÀ NGHỈ MINH HÀ),"Chanh an, Việt Nam",Vĩnh Long
47613935,"Căn hộ 42 m² 1 phòng ngủ, 2 phòng tắm riêng ở Hòa Ninh (Nhà Dừa CocoHome Vinhlong - Unique-Peaceful- VIP 8)","Hòa Ninh, Việt Nam",Vĩnh Long
50039527,"Căn hộ 30 m² 1 phòng ngủ, 1 phòng tắm riêng ở Hòa Ninh (Nhà Dừa CocoHome Vinhlong-Unique-Peaceful-VIP 6)","Hòa Ninh, Việt Nam",Vĩnh Long
1594540,Ba Linh Homestay,"112/8 An Thanh An Binh, Việt Nam",Vĩnh Long
50112821,"Căn hộ 20 m² 1 phòng ngủ, 1 phòng tắm riêng ở Hòa Ninh (Nhà Dừa CocoHome Vinhlong - Unique-peaceful-VIP 4)","Hòa Ninh, Việt Nam",Vĩnh Long
50112381,"Căn hộ 20 m² 1 phòng ngủ, 1 phòng tắm riêng ở Hòa Ninh (Nhà Dừa CocoHome Vinhlong- Unique-peaceful - VIP 2)","Hòa Ninh, Việt Nam",Vĩnh Long
67878897,Cinderella Home stay,"Hòa Ninh, Việt Nam",Vĩnh Long
37295304,"Nhà riêng 700 m² 3 phòng ngủ, 1 phòng tắm riêng ở Nguyệt Hạng (HT HOMESTAY )","Nguyệt Hạng, Việt Nam",Vĩnh Long
343584,Nhà nghỉ Mỹ Hòa Mekong (My Hoa Mekong Homestay),"Xa My Hoa, Việt Nam",Vĩnh Long
38107915,"Căn hộ 50 m² 14 phòng ngủ, 15 phòng tắm riêng ở Thanh Đức (Hotel Hoàng Khiêm)","Vĩnh Long, Việt Nam",Vĩnh Long
25885170,KHU NGHỈ DƯỠNG RIVERSIDE PARK ECO (RIVERSIDE PARK ECO RESORT),"283/20 Binh Hoa 2 Binh Hoa Phuoc, Việt Nam",Vĩnh Long
1519974,FLC Luxury Resort Vĩnh Phúc (FLC Luxury Resort Vinh Phuc),"13 Highway Khu Trung, Việt Nam",Vĩnh Phúc
45048975,Nhà nghỉ Minh Tâm (Nhà Nghỉ Minh Tâm ( Minh Tam Hotel )),"Vĩnh Phúc, Thôn Tiền Phong - Xã Tân Phong -Bình Xuyên-Vĩnh Phúc, Việt Nam",Vĩnh Phúc
71116342,"Khách sạn Kim Thanh, Tam Dương - Gần The Golf Panaroma, Tam Đảo (Kim Thanh Hotel, Tam Duong - Near The Golf Panaroma, Tam Dao )","Khu 6, Huyện Tam Dương, Việt Nam",Vĩnh Phúc
35958241,Venus Hotel Tam Dao,"Khu 1, Việt Nam",Vĩnh Phúc
42017501,An Sunrise Villa Vinh Phuc,"Thị trấn Phúc Yên, Việt Nam",Vĩnh Phúc
42064562,Khách sạn Nam Hồng (Nam Hong Hotel),"To Dan Pho Cua Dong, Việt Nam",Vĩnh Phúc
28009790,Khách sạn iRest Cosmopolis Vĩnh Yên (iRest Cosmopolis Vinh Yen),"Ngo Gia Tu, Việt Nam",Vĩnh Phúc
67173074,Khách sạn Royal Vĩnh Yên (Royal Hotel Vinh Yen),"Vĩnh Yên, Việt Nam",Vĩnh Phúc
70221314,"Khách sạn Kim Thanh (Kim Thanh Hotel, Vinh Phuc - Near Heron Lake Golf, Dam Vac)","107 Lý Bôn Đống Đa, Việt Nam",Vĩnh Phúc
59342281,Modena by Fraser Vĩnh Yên,"99 Ly Bon Đường, Vinh Phuc Phường, Việt Nam",Vĩnh Phúc
11046846,Căn Hộ iRest Vĩnh Yên (iRest Apartment Vinh Yen),"Ngo 3 Ba Trieu Str, Việt Nam",Vĩnh Phúc
80164614,Royal Hotel & Spa Vinh Yen 2,"1 Lương Thế Vinh Vĩnh Yên, Việt Nam",Vĩnh Phúc
36643921,Căn hộ The Sóng Vũng Tàu - Green House (The Sóng Apartment Vũng Tàu - Green House),"28 Thi Sach Đường, Việt Nam",Vũng Tàu
44184739,Căn hộ The Sóng - Mai Villa Vũng Tàu (The Song Apartment - Can Ho The Song - Mai Villa Vung Tau),"28 Thi Sach Đường, Phường 8, Việt Nam",Vũng Tàu
161729,Khách sạn The Imperial Vũng Tàu (The IMPERIAL Vung Tau Hotel ),"159 Thùy Vân Thắng Tam, Phường Thắng Tam, Việt Nam",Vũng Tàu
21585784,Khách sạn Hoài Thu (Hoai Thu Hotel),"45/16B Thuy Van Đường, Phường 2, Việt Nam",Vũng Tàu
47340432,Lakeview Homestay Vu Linh,"Lakeview Homestay Vu Linh, Yên Bái, Việt Nam",Yên Bái
22770424,Vu Linh Palm House Homestay - Bungalow,"Vũ Linh, Yên Bái, Việt Nam",Yên Bái
48957075,Vụ Tịch Lakeview Homestay (Vu Tich Lakeview Homestay),"thôn ngòi tu, Yên Bái, Việt Nam",Yên Bái
26079583,Vũ Linh Farmstay (Vu Linh Farmstay),"Ngoi Tu, Yên Bái, Việt Nam",Yên Bái
52220986,Vu Linh Homestay,"Ngòi Tu Village, Yên Bái, Việt Nam",Yên Bái
7430082,Vân Anh Guesthouse (Van Anh Guesthouse),"Đường 70 Tổ 2 ngã ba km9 Thị Trấn Yên Bình, Yên Bái, Việt Nam",Yên Bái
50164315,Thác Bà Paradise Islands - TRANG CHÍNH THỨC (Thac Ba Paradise Islands - TRANG CHINH THUC),"Hồ Thác Bà, Xã Đại Đồng, Huyện Yên Bình, Việt Nam",Yên Bái
37315747,Nam Phong Hotel Ham Yen,"km37 tan yen, Yên Bái, Việt Nam",Yên Bái
45599118,Khách sạn Hoàng Hà River Town,"56 Ngô Sĩ Liên - tổ 14 - Phường Đồng Tâm, Yên Bái, Việt Nam",Yên Bái
49702238,Khách sạn Vạn Phúc - Yên Bái (Khach san Van Phuc - Yen Bai),"60 Yên Ninh, Yên Bái, Việt Nam",Yên Bái
65690350,Homestay Giáp Hoài - Suối nước nóng Bản Hốc (Homestay Giáp Hoài - Hot Spring Bản Hốc),"TDP Suối kho ng, Yên Bái, Việt Nam",Yên Bái
78095409,Khách sạn An Phát Luxury (An Phat Luxury Hotel),"Lê Đồng, Yên Bái, Việt Nam",Yên Bái
51804486,Mường Lò Retreat (Mường Lò Retreat Nghia Lo),"TT. Nghĩa lộ, Yên Bái, Việt Nam",Yên Bái
61001276,Trần Gia Homestay (Tran Gia Homestay),"51 Nguyễn Quang Bích Nghĩa Lộ, Yên Bái, Việt Nam",Yên Bái
79107950,Khách sạn Miền Tây - Trung tâm Nghĩa Lộ (Mien Tay Hotel - Nghia Lo Center),"242 Điện Biên Tân An, Yên Bái, Việt Nam",Yên Bái
78726957,Khách sạn & Nhà hàng Mường Lò (Mường Lò Hotel & Restaurant),"QL32, Yên Bái, Việt Nam",Yên Bái
80081142,Nova Hotel 1 Phú Thọ (Nova Hotel 1 Phu Tho),"Hùng Vương, Yên Bái, Việt Nam",Yên Bái
64091114,Hotel Lâm Anh 35 (Hotel Lam Anh 35),"xã Hà Lộc, Yên Bái, Việt Nam",Yên Bái
55133252,Khu Nghỉ Trải Nghiệm Golden Field (Khu Nghi Trai Nghiem Golden Field),"Khu đô thị Golden Field, Phường Tân An, Yên Bái, Việt Nam",Yên Bái
32776431,Mountain Breath Retreat - Am Nui Tho,"Đà Cay, Yên Bái, Việt Nam",Yên Bái
64693390,Lực Vĩ Homestay & Hot Spring Yên Bái (Luc Vi Homestay & Hot Spring Yen Bai),"Tổ Dân Phố Suối Kháng, Huyện Văn Chấn, Việt Nam",Yên Bái
44689079,homestay phô núi suôi giang (homestay pho nui suoi giang),"homestay pho nui suoi giang, Yên Bái, Việt Nam",Yên Bái
8192302,Chuồn Chuồn Resort Nghĩa Lộ - Miễn phí Sauna & Onsen (Chuồn Chuồn Resort Nghia Lo - Free Sauna & Onsen),"Tổ 1, Phường P Trạng, Yên Bái, Việt Nam",Yên Bái
34582322,OMTARA Retreat (OMTARA RETREAT),"Thon Hong Bang, Yên Bái, Việt Nam",Yên Bái
48806237,Homestay Suối Khoáng Minh Hằng (Homestay Suoi Khoang Minh Hang),"Bể bơi cộng đồng bản Hốc. TT Sơn Thịnh, Yên Bái, Việt Nam",Yên Bái
34560575,Nhà Nghỉ Cu Tí (Nha Nghi Cu Ti),"Nghĩa Lợi, Yên Bái, Việt Nam",Yên Bái
73223032,"Nhà riêng 20 m² 1 phòng ngủ, 1 phòng tắm riêng ở Yên Bái (Cozy Haven)","Yên Bái, Việt Nam",Yên Bái
75981106,"Nhà riêng 30 m² 1 phòng ngủ, 2 phòng tắm riêng ở Yên Bái (Cozy Haven-Lotus Room & Sunshine Windows)","Yên Bái, Việt Nam",Yên Bái
33221837,Dinh Gia Trang,"81/1 ngô minh loan hợp minh, Yên Bái, Việt Nam",Yên Bái
76928742,Mely Farm Mường Lò (Mely Farm Muong Lo),"Mely Farm - Ẩm Thực Tây Bắc, Yên Bái, Việt Nam",Yên Bái
52086063,Nhà Nghỉ Ngọc Anh (Nha Nghi Ngoc Anh),"41 tổ 6, Phường Cầu Thia, Yên Bái, Việt Nam",Yên Bái
45891729,Homestay Chinh Bi,"Bản Cốc Lúa, Yên Bái, Việt Nam",Yên Bái
48924002,NHÀ NGHỈ DUNG TÀI (NHA NGHI DUNG TAI),"177 Nguyễn Quang Bích Nghĩa Lộ, Yên Bái, Việt Nam",Yên Bái
49443632,Nậm Thia Homestay,"Nghĩa Lợi, Yên Bái, Việt Nam",Yên Bái
60819839,Khách sạn Hương Việt (Huong Viet Hotel),"Thôn Văn Hưng, Yên Bái, Việt Nam",Yên Bái
75629371,Hải Long Homestay,"bản Chao Hạ 2, Yên Bái, Việt Nam",Yên Bái
73223034,"Nhà riêng 30 m² 1 phòng ngủ, 1 phòng tắm riêng ở Yên Bái (Cozy Haven – Sunflower Room & Pebble-Floor Bath)","56 Phùng Khắc Khoan, Yên Bái, Việt Nam",Yên Bái
78452685,999 Hotel Lào Cai (999 Hotel Lao Cai),"Thôn Ả Thượng, Xã Nghĩa Phúc, Yên Bái, Việt Nam",Yên Bái
64069198,Green Vietnam Farm Stay,"Thôn đo, Yên Bái, Việt Nam",Yên Bái
62111410,"Căn hộ m² 1 phòng ngủ, 1 phòng tắm riêng ở Yên Bái (Trần Gia - Homestay Nghĩa Lộ)","Yên Bái, Việt Nam",Yên Bái
78966357,Minh Anh BamBoo,"Nghia Lo, Yên Bái, Việt Nam",Yên Bái
62119327,"Căn hộ m² 1 phòng ngủ, 15 phòng tắm riêng ở Bản Cốc Lúa (Homstay Huy Hường tắm khoáng nóng)","Bản Cốc Lúa, Yên Bái, Việt Nam",Yên Bái
61800159,Lực Vĩ Homestay (Lực Vĩ Homestay Yên Bái),"TDP Suối Kh ng, Yên Bái, Việt Nam",Yên Bái
78367134,Nhà của tớ (Nha cua to),"Thôn ả thượng, Yên Bái, Việt Nam",Yên Bái
60721215,Nhà Nghỉ Tân Tiến (Nha Nghi Tan Tien),"Đường Khu 7 Thanh Thủy, Yên Bái, Việt Nam",Yên Bái
58588688,"Nhà riêng 100 m² 10 phòng ngủ, 5 phòng tắm riêng ở Vũ Linh (Vulinh farmstay (nhà của An))","Vũ Linh, Yên Bái, Việt Nam",Yên Bái
65964546,Happy House Homestay,"Phúc An, Yên Bái, Việt Nam",Yên Bái
9762893,"Nhà mặt đất 100 m² 1 phòng ngủ, 2 phòng tắm riêng ở Bản Cốc Lúa (Muong Lo Corner)","Bản Cốc Lúa, Yên Bái, Việt Nam",Yên Bái
34232476,Xuân nghi homestay (Xuan nghi homestay),"Vũ Linh, Yên Bái, Việt Nam",Yên Bái
75001654,Nhà Sàn Gái Bản (Nha San Gai Ban),"Cầu Bản Noỏng, Yên Bái, Việt Nam",Yên Bái
15321290,Anh Nguyet Hotel,"479 Nguyen Tat Thanh Str, Yên Bái, Việt Nam",Yên Bái
60813846,Đức Tới Farmstay (Đuc Toi Farmstay),"Thôn Trại Xoan, Xã Nhữ Hán, Huyện Yên Sơn, Việt Nam",Yên Bái
63067063,homestay phố núi (homestay pho nui),"Bản Cốc Lúa, Yên Bái, Việt Nam",Yên Bái
79522095,Nhà nghỉ Tân Tiến (NHÀ NGHỈ TÂN TIẾN),"Tx. Phú Thọ, Thị xã Phú Thọ, Việt Nam",Yên Bái
56271876,"Nhà trệt 1000 m² 1 phòng ngủ, 1 phòng tắm riêng ở Ho Tô (Trai Xoan Homestay Village)","Ho Tô, Yên Bái, Việt Nam",Yên Bái
62120084,"Căn hộ m² 4 phòng ngủ, 15 phòng tắm riêng ở Bản Cốc Lúa (Homstay Huy Hường tắm khoáng nóng)","Bản Cốc Lúa, Yên Bái, Việt Nam",Yên Bái
60220597,"Nhà trệt 200 m² 15 phòng ngủ, 15 phòng tắm riêng ở Nghĩa Lộ (Hương Việt hotel)","Nghĩa Lộ, Yên Bái, Việt Nam",Yên Bái
34569816,"Nhà riêng 550 m² 2 phòng ngủ, 1 phòng tắm riêng ở Nghĩa Lộ (Homestay Thủy Vân)","Nghĩa Lộ, Yên Bái, Việt Nam",Yên Bái
73567555,LAYCAM Home 1 pn,"Nghĩa Lộ, Yên Bái, Việt Nam",Yên Bái
73282,Khách sạn Mường Thanh Grand Điện Biên Phủ (Mường Thanh Grand Dien Bien Phu Hotel),"Số 514 Đường Võ Nguyên Giáp, Việt Nam",Điện Biên
70924964,Khách sạn Mường Thanh Luxury Điện Biên,"42 Trần Đăng Ninh Thanh Bình, Việt Nam",Điện Biên
55271393,"Nhà riêng 200 m² 4 phòng ngủ, 3 phòng tắm riêng ở Điện Biên Phủ (A Thía homestay)","Tổ 11, Phường Nam Thanh, Việt Nam",Điện Biên
45929653,Thịnh Vượng HoTel (Thinh Vuong HoTel),"20 Phan Đình Giót, Việt Nam",Điện Biên
38396643,Frontier Hostel & Tours,"8 Lò Văn Hặc Frontier Hostel, Việt Nam",Điện Biên
7464240,Nhà Nghỉ Đức Thắng (Duc Thang Guest House),"12 Lò Văn Hặc, Việt Nam",Điện Biên
7956476,An loc hotel,"Tổ 11, Phường mường thanh, Thành phố điện biên phủ 39, Việt Nam",Điện Biên
72815399,Mường Thanh Luxury Điện Biên (Muong Thanh Luxury Đien Bien),"Điện Biên Phủ, Việt Nam",Điện Biên
7392620,Khách Sạn Pharma (Pharma Hotel),"Điện Biên Phủ, Tổ 7 Phường Tân Thanh, Việt Nam",Điện Biên
9885067,Nhà nghỉ Như Ngọc (Nha nghi Nhu Ngoc),"Tổ 2, Phường Thanh Bình, Việt Nam",Điện Biên
73735238,Khu du lịch khoáng nóng UVA,"Nong Luống, Việt Nam",Điện Biên
58992175,Đông Thắm Hotel (Đong Tham Hotel),"09 tổ 5, Phường Mường Thanh, Việt Nam",Điện Biên
60760925,Nhà nghỉ Quân An (Nha nghi Quan An),"126 Đường Nguyễn Chí Thanh, Việt Nam",Điện Biên
63453460,Khách sạn Phadin (Phadin hotel),"Số nhà 63, Phường Thanh Bình, Việt Nam",Điện Biên
73796125,Khách sạn Hải Vân (Hải Vân Hotel Điện Biên),"488 Đường Võ Nguyên Giáp, Phường Him Lam, Việt Nam",Điện Biên
5205367,Nhà nghỉ Tâm Cường (Nha nghi Tam Cuong),"46 Đường Hoàng Văn Thái, Phường Mường Thanh, Thành phố Điện Biên Phủ, Việt Nam",Điện Biên
62150083,Khách sạn Pha Đin (Khach san Pha Đin),"63 Tổ 1, Phường Thanh Bình, Việt Nam",Điện Biên
1682426,Tuan Minh Guest House,"02 Group 4, Thanh Binh Phường, Việt Nam",Điện Biên
56915239,Khách sạn Nậm Rốm (Khach san Nam Rom),"36 Trần Đăng Ninh Điện Biên Phủ, Việt Nam",Điện Biên
569727,A1 Hotel,"Đường HoàngCông Chất, Phường Mường Thanh, Việt Nam",Điện Biên
55585166,"Căn hộ 200 m² 1 phòng ngủ, 1 phòng tắm riêng ở Điện Biên Phủ (Homestay Minh Ngoc)","Số nhà 32, Phường Thanh Trường, Thành phố Điện Biên phủ, Việt Nam",Điện Biên
74130555,Khu du lịch sinh thái Him Lam - Him Lam Resort (Khu du lịch sinh thái Him Lam - Him Lam Resort ),"Tổ 6, Phường Him Lam, Việt Nam",Điện Biên
66754194,Minh An,"Điện Biên Phủ, 65 Hoàng Văn Thái tổ 11 Phường Mường Thanh Nhà khách 6 phòng, Việt Nam",Điện Biên
31471972,Nhà nghỉ Hương Thảo (HUONG THAO GUEST HOUSE),"vo nguyen giap, Việt Nam",Điện Biên
52186628,"Nhà trệt 100 m² 2 phòng ngủ, 2 phòng tắm riêng ở Điện Biên Phủ (Green Garden House Điện Biên Phủ )","Điện Biên Phủ, Việt Nam",Điện Biên
64003785,Muong Thanh Homestay & Apartment (Muong Thanh Homestay & Apartment Dien Bien),"42 Phan Dinh Giot, Muong Thanh Phường, Việt Nam",Điện Biên
66679119,Khu sinh thái Ecolodge Kê Nênh Điện Biên (Khu sinh thai Ecolodge Ke Nenh Đien Bien),"Ecolodge Kê Nênh, Việt Nam",Điện Biên
52143875,"Nhà riêng 300 m² 3 phòng ngủ, 3 phòng tắm riêng ở Điện Biên Phủ (Huape farmstay)","Điện Biên Phủ, Việt Nam",Điện Biên
64724968,"Căn hộ 30 m² 1 phòng ngủ, 1 phòng tắm riêng ở Điện Biên Phủ (Hoa Ban Apartment)","Điện Biên Phủ, Việt Nam",Điện Biên
896752,Khách sạn Phương Nam (Phuong Nam Hotel),"211 Tổ 3, Phường Tân Thanh, Việt Nam",Điện Biên
49702386,"Minh Thủy Hotel - 32 Nguyễn Chí Thanh, DB - by BAY LUXURY (Minh Thuy Hotel - 32 Nguyen Chi Thanh, DB - by BAY LUXURY)","Điện Biên Phủ, Việt Nam",Điện Biên
52230359,"Hải Vân Hotel - 488 Võ Nguyên Giáp, DB - by BAY LUXURY (Hai Van Hotel - 488 Vo Nguyen Giap, DB - by BAY LUXURY)","488 Đường Võ Nguyên Giáp, Việt Nam",Điện Biên
66823148,"Nhà riêng m² 2 phòng ngủ, 1 phòng tắm riêng ở Điện Biên Phủ (Viet Cuong Hotel)","Điện Biên Phủ, Việt Nam",Điện Biên
68857127,AGRI HOTEL DIEN BIEN PHU BY BAY LUXURY,"679 Vo Nguyen Giap Dien Bien Phu, Việt Nam",Điện Biên
64724966,"Căn hộ 40 m² 1 phòng ngủ, 1 phòng tắm riêng ở Điện Biên Phủ (Plum Flower Apartment)","Điện Biên Phủ, Việt Nam",Điện Biên
73512602,Ha Linh Hotel Dien Bien - by Bay Luxury,"196 Nguyen Huu Tho Điện Biên Phủ, Việt Nam",Điện Biên
965433,Khách sạn Boutique Hồng Kỳ (Hong Ky Boutique Hotel),"60 Đường Hoàng Công Chất, Phường Mường Thanh, Thành phố Điện Biên Phủ, Việt Nam",Điện Biên
55648740,Homestay Minh Ngọc (Homestay Minh Ngoc),"32 Ban Mo Village, Dien Bien Phu Phường, Việt Nam",Điện Biên
71713591,Minh Thuy Hotel Dien Bien Phu -BayLuxury,"32 to 4 D. Nguyen Chi Thanh Điện Biên Phủ, Việt Nam",Điện Biên
64208109,An's home homestay,"Bản Giảng- Co Ké xã Thanh Nưa, Việt Nam",Điện Biên
74641926,Khu văn hóa ẩm thực Làng Thái - Khách sạn Mini Điện Biên Riverside (Khu van hoa am thuc Lang Thai - Khach san Mini Đien Bien Riverside),"Tổ 2, Phường Thanh Bình, Việt Nam",Điện Biên
56343961,Hưng Hà Hotel DB - by BAY LUXURY (Hung Ha Hotel DB - by BAY LUXURY),"83 Cầu Thanh Bình Điện Biên Phủ, Việt Nam",Điện Biên
50217527,Eco Rose Homestay,"77 Sùng Phái Sinh tổ 6, Phường Tân Thanh, Việt Nam",Điện Biên
74537591,Khách sạn Mini Dien Bien Riverside - KVH Làng Thái (Khach san Mini Dien Bien Riverside - KVH Lang Thai),"Phuong Thanh Binh, Việt Nam",Điện Biên
64724959,"Nhà riêng 70 m² 2 phòng ngủ, 1 phòng tắm riêng ở Điện Biên Phủ (Căn Hoa Cải)","Điện Biên Phủ, Việt Nam",Điện Biên
56330896,Ha Linh Hotel DB - by BAY LUXURY,"196 Nguyễn Hữu Thọ Điện Biên Phủ, Việt Nam",Điện Biên
55014714,Agri Hotel Điện DB - by BAY LUXURY (Agri Hotel Đien DB - by BAY LUXURY),"679 Đường Võ Nguyên Giáp, Việt Nam",Điện Biên
35305137,Nhà nghỉ Xuân Long - Xuan Long gues - Tỉnh Điện Biên (Nha nghi Xuan Long - Xuan Long gues - Tinh Đien Bien),"Điện biên Cách cây xăng c4 200m, Cuối Đường đôi Thành phố điện phủ, Việt Nam",Điện Biên
57923406,Khách sạn Hồng Kỳ Boutique (Hồng Kỳ Boutique Hotel ),"60 Ho  224 ng C  244 ng Chất Điện Biên Phủ, Việt Nam",Điện Biên
59310326,Đông Thắm Hotel (Đong Tham Hotel),"tổ 5, Phường Mường Thanh, Việt Nam",Điện Biên
55311415,"Căn hộ 100 m² 4 phòng ngủ, 1 phòng tắm riêng ở Điện Biên Phủ (Loan homestay)","Điện Biên Phủ, Việt Nam",Điện Biên
68033502,A Thia Homestay,"Nam Thanh, Việt Nam",Điện Biên
55481327,"Nhà riêng 150 m² 3 phòng ngủ, 1 phòng tắm riêng ở Điện Biên Phủ (Him Lam homestay)","Điện Biên Phủ, Việt Nam",Điện Biên
63917102,Pha Đin Hotel,"No. 63 Group 1, Việt Nam",Điện Biên
64724964,"Căn hộ 35 m² 1 phòng ngủ, 1 phòng tắm riêng ở Điện Biên Phủ (Nuc Nac Apartment)","Điện Biên Phủ, Việt Nam",Điện Biên
78347115,Mini Dien Bien Riverside Hotel - Lang Thai,"To 2, Việt Nam",Điện Biên
51976907,"Biệt thự 100 m² 2 phòng ngủ, 2 phòng tắm riêng ở Điện Biên Phủ (Green Garden House Dien Bien )","Điện Biên Phủ, Việt Nam",Điện Biên
72812479,Phương Huyền Beauty (Phuong Huyen Beauty),"Điện Biên Phủ, Đường Võ Nguyên giáp tổ 2 Phường Mường Thanh, Thành phố Điện Biên Phủ Số nhà 970, Việt Nam",Điện Biên
71713590,Hai Van Hotel Dien Bien - by Bay Luxury,"488 Ð. Vo Nguyen Giap Điện Biên Phủ, Việt Nam",Điện Biên
15949242,Canvas Danang Beach Hotel,"234 Vo Nguyen Giap Đường, Phuoc My Phường, Đà Nẵng, Việt Nam",Đà Nẵng
33985059,Golden Lotus Grand Đà Nẵng (Golden Lotus Grand Da Nang),"86 Le Quang Dao Son Tra district, My An Phường, Đà Nẵng, Việt Nam",Đà Nẵng
533079,Khách sạn Moonlight Đà Nẵng (Moonlight Hotel Da Nang),"136   138   140 Phan Châu Trinh Hải Châu, Đà Nẵng, Việt Nam",Đà Nẵng
4958920,Khách sạn Shann Đà Nẵng (The Shann Hotel Danang),"80 Hà Bổng Phước Mỹ, Đà Nẵng, Việt Nam",Đà Nẵng
15854209,Haian Riverfront Hotel Da Nang,"182 Đường Bạch Đằng, Phường Hải Ch u, Thành phố Đ Nẵng, Việt Nam",Đà Nẵng
1269833,Sekong Da Nang Hotel,"160 Võ Nguyên Giáp Phước Mỹ, Đà Nẵng, Việt Nam",Đà Nẵng
6522912,Everland Hotel,"L 22 Đường An Đồn 6, Quận Sơn Tr, Việt Nam",Đà Nẵng
1723237,Khách sạn Delicate (Delicate Hotel),"25 Võ Văn Kiệt quận Sơn Trà, Đà Nẵng, Việt Nam",Đà Nẵng
502099,Khách sạn Mường Thanh Grand Đà Nẵng (Muong Thanh Grand Da Nang Hotel),"962 Ng Quyền Phước Mỹ, Phường Sơn Trà, Đà Nẵng, Việt Nam",Đà Nẵng
4947690,Melia Vinpearl Riverfront Đà Nẵng (Melia Vinpearl Danang Riverfront),"341 Đường Trần Hưng Đạo, Đà Nẵng, Việt Nam",Đà Nẵng
16063401,Golden Lotus Hotel Da Nang - Rooftop Bar Sea View,"200 Tran Bach Dang Đường, Ngu Hanh Son Phường, Đà Nẵng, Việt Nam",Đà Nẵng
861432,Diamond Sea Hotel,"232 Võ Nguyên Giáp Phước Mỹ, Đà Nẵng, Việt Nam",Đà Nẵng
802894,Khách sạn Ocean Haven (Ocean Haven Hotel),"295-297 Ho Nghinh Phước Mỹ, Đà Nẵng, Việt Nam",Đà Nẵng
6534301,Khách sạn Royal Beach (Royal Beach Hotel),"70 Loseby Son Tra, Đà Nẵng, Việt Nam",Đà Nẵng
1195916,Khách Sạn Thành Hoàng Châu (Thanh Hoang Chau Hotel),"56 Hoàng Diệu Hải Châu, Quận Hải Châu, Việt Nam",Đà Nẵng
2190907,Khách sạn Mường Thanh Luxury Đà Nẵng (Muong Thanh Luxury Da Nang hotel),"270 V Nguy n Gi p Phước Mỹ, Phường Ngũ H nh Sơn, Thành phố Đ Nẵng, Việt Nam",Đà Nẵng
8264400,Rest Hotel & Apartment,"No.104, Đà Nẵng, Việt Nam",Đà Nẵng
443623,Khách Sạn BrownBean (Brown Bean Hotel - 2/9 Street),"380 Đường 2/9, Đà Nẵng, Việt Nam",Đà Nẵng
908374,Vanda Hotel,"03 Nguyen Van Linh Hải Châu, Phường Phước Ninh, Quận Hải Ch u, Việt Nam",Đà Nẵng
37960522,Khách sạn Mangata Beachfront - Rooftop Bar Sea View (Mangata Beachfront Hotel - Rooftop Bar Sea View),"108 Võ Nguyên Giáp Phước Mỹ, Đà Nẵng, Việt Nam",Đà Nẵng
2401246,Khách sạn Dylan Đà Nẵng (Dylan Hotel Danang),"93 Phước Mỹ, Đà Nẵng, Việt Nam",Đà Nẵng
149036,Khách Sạn Mường Thanh Luxury Sông Hàn (Muong Thanh Luxury Song Han Hotel),"115 Nguyễn Văn Linh Hải Châu, Phường Hải Ch u, Đà Nẵng, Việt Nam",Đà Nẵng
2191467,Nalod Đà Nẵng (The Nalod Da Nang),"192 Vo Nguyen Giap Da Nang City, An Hai Phường, Đà Nẵng, Việt Nam",Đà Nẵng
78233501,Khách sạn và Căn hộ Sujet Beach Đà Nẵng by Haviland (Sujet Beach Hotel and Apartment Danang by Haviland),"Lô G1 Phạm Văn Đồng, Đà Nẵng, Việt Nam",Đà Nẵng
12376453,Khách Sạn Santa Luxury (Santa Luxury Hotel),"09 Do Ba Ngu Hanh Son District, My An Phường, Đà Nẵng, Việt Nam",Đà Nẵng
62144042,Khách sạn A Danang Beach (A Danang Beach Hotel),"An Thượng 32, Đà Nẵng, Việt Nam",Đà Nẵng
59714076,Khách sạn Ocean Star Đà Nẵng Bay (Ocean Star Da Nang Bay Hotel),"10-12 Ton That Dam Đường, Xuan Ha Phường, Đà Nẵng, Việt Nam",Đà Nẵng
33088453,Khách sạn Gold Time (Gold Time Hotel),"55 Đo Ba Gold Time Hotel Phước Mỹ, Đà Nẵng, Việt Nam",Đà Nẵng
782158,Khách sạn Royal Ocean (Royal Ocean Hotel),"39 Đường Võ Văn Kiệt, Phường Phước Mỹ, Đà Nẵng, Việt Nam",Đà Nẵng
4965532,Khách sạn Balcona Đà Nẵng (Balcona Hotel Da Nang),"288 Đường V Nguy n Gi p, Phường Ngũ H nh Sơn, Thành phố Đ Nẵng, Việt Nam",Đà Nẵng
37388682,Khách sạn Merry Land Đà Nẵng (Da Nang Merry Land Hotel),"Phạm Văn Đồng, Đà Nẵng, Việt Nam",Đà Nẵng
4861708,Khách sạn Tamarind bãi biển Đà Nẵng (Tamarind Danang Beach Hotel),"Phước Mỹ, Đà Nẵng, Việt Nam",Đà Nẵng
308197,Khách sạn Perfect Long Stay Đà Nẵng Beach (Perfect Long Stay Hotel Da Nang Beach),"Lô G6-G7 Đường Phạm Văn Đồng, Đà Nẵng, Việt Nam",Đà Nẵng
1214913,Khách sạn Centre (Centre Hotel),"18-20 Phạm Phú Thứ Hải Châu, Đà Nẵng, Việt Nam",Đà Nẵng
10901788,Khách sạn Valencia Đà Nẵng Beach (Valencia Da Nang Beach Hotel),"33 - 37 Phan Liem Phước Mỹ, Đà Nẵng, Việt Nam",Đà Nẵng
58826821,Khách sạn Haya Đà Nẵng (Haya Hotel Danang),"48 Phan Liem My An, Đà Nẵng, Việt Nam",Đà Nẵng
38797641,Pansy Beach Dana,"33 34 Do ba My An, Đà Nẵng, Việt Nam",Đà Nẵng
43727586,Khách sạn Awaken Đà Nẵng (Awaken Danang Hotel),"148 Võ Nguyên Giáp Phước Mỹ, Đà Nẵng, Việt Nam",Đà Nẵng
48029813,Khách sạn Sunset Sea (Sunset Sea Hotel),"16 Loseby An Hải Bắc, Đà Nẵng, Việt Nam",Đà Nẵng
1165702,Khách sạn Terra Boutique (Terra Boutique Hotel),"5 Phan Liêm Phước Mỹ, Đà Nẵng, Việt Nam",Đà Nẵng
1899405,Adaline Hotel & Suite,"Số 45-47 Võ Văn Kiệt, Đà Nẵng, Việt Nam",Đà Nẵng
1158339,Grand Tourane Hotel,"252 Võ Nguyên Giáp Phước Mỹ, Phường Phước Mỹ, Quận Sơn Trà, Việt Nam",Đà Nẵng
6812114,Stella Maris Đà Nẵng (Stella Maris Beach Danang),"03 Võ Văn Kiệt Phước Mỹ, Phường Phước Mỹ, Quận Sơn Trà, Việt Nam",Đà Nẵng
569140,Khách Sạn Doha Central Bliss Đà Nẵng by Haviland (Doha Central Bliss Danang Hotel by Haviland),"193 Nguyen Van Linh Hải Châu, Đà Nẵng, Việt Nam",Đà Nẵng
10003415,Khách sạn và Suite RHM Luxury (RHM Luxury Hotel And Suite),"02 An Tu Cong Chua Đường, My An Phường, Đà Nẵng, Việt Nam",Đà Nẵng
2235797,Khách sạn Bantique (Bantique Hotel),"Lo 17-18 Pham Van Dong, Đà Nẵng, Việt Nam",Đà Nẵng
1637585,Khách sạn MaxHome (MaxHome Hotel),"15 An Thượng 26 TP Đà Nẵng, Quận Ngũ Hành Sơn, Việt Nam",Đà Nẵng
35395451,Khách sạn & Căn hộ Cherry (Cherry Hotel & Apartment ),"19 Đỗ Bí Cherry  Phước Mỹ, Đà Nẵng, Việt Nam",Đà Nẵng
3002196,Khách sạn Mitisa Đà Nẵng - Gần Cầu Rồng (Mitisa Hotel Danang - Near Dragon Bridge ),"67 - 69 Nguyễn Văn Linh Hải Châu, Đà Nẵng, Việt Nam",Đà Nẵng
47008910,Khách sạn Lucia Beach (Lucia Beach Hotel),"35 D. Đ  236 nh Nghệ Phước Mỹ, Đà Nẵng, Việt Nam",Đà Nẵng
74957819,Wyndham Soleil Đà Nẵng - Miễn phí đưa đón sân bay hai chiều (Wyndham Soleil Danang - Free Two Ways Airport Transfer),"194 VO NGUYEN GIAP Phước Mỹ, Đà Nẵng, Việt Nam",Đà Nẵng
876521,Khách sạn bãi biển Twilight (Twilight Beach Hotel),"66 Ha Bong Son Tra, Đà Nẵng, Việt Nam",Đà Nẵng
2599548,Khách sạn Pavilion Đà Nẵng (Pavilion Hotel Da Nang),"35 Võ Văn Kiệt Phước Mỹ, Quận Sơn Trà, Việt Nam",Đà Nẵng
47262040,Khách sạn Crystal (Crystal Hotel),"206 Hồ Nghinh Phước Mỹ, Đà Nẵng, Việt Nam",Đà Nẵng
1200571,Khách sạn Star City Riverside by Haviland (Star City Riverside Hotel by Haviland),"147-149 Đường Trần Hưng Đạo, Quận Sơn Trà, Việt Nam",Đà Nẵng
1603126,Khu Nghỉ Dưỡng Risemount Premier Đà Nẵng (Risemount Premier Resort Danang),"120 Nguyễn Văn Thoại Phước Mỹ, Phường Ngũ H nh Sơn, Đà Nẵng, Việt Nam",Đà Nẵng
2562701,Khách sạn Pariat River Front Đà Nẵng (Pariat River Front Hotel Da Nang),"202 -204 Bạch Đằng Hải Châu, Quận Hải Châu, Việt Nam",Đà Nẵng
9085278,Khách Sạn Maximilan Đà Nẵng Beach (Maximilan Danang Beach Hotel),"222 Võ Nguyên Giáp quận Sơn Trà, Phường Phước Mỹ, Đà Nẵng, Việt Nam",Đà Nẵng
64242078,Khách sạn DS Đà Nẵng (DS HOTEL ĐÀ NẴNG),"15 Ho Xuan Huong, Đà Nẵng, Việt Nam",Đà Nẵng
72310894,Khách sạn AOA Đà Nẵng Beach (AOA Danang Beach Hotel),"Lô 42 Trần Bạch Đằng, Đà Nẵng, Việt Nam",Đà Nẵng
42158007,Căn hộ Continent (Continent Apartment),"01 An Don 6 Son Tra, Đà Nẵng, Việt Nam",Đà Nẵng
6753530,The Memory - Đà Nẵng (The Memory - Danang),"202 Ho Nghinh Phước Mỹ, Đà Nẵng, Việt Nam",Đà Nẵng
35444461,Khách sạn Record (Record Hotel),"278 Đường 2 Tháng 9, Đà Nẵng, Việt Nam",Đà Nẵng
80186709,Khách sạn & Căn hộ Bullani-Sabi (Bullani-Sabi Hotel & Apartment),"305-307 Chính Hữu Phước Mỹ, Đà Nẵng, Việt Nam",Đà Nẵng
30976878,Khách sạn Sea Light Đà Nẵng (SEA LIGHT HOTEL DA NANG),"An Thuong 29, Đà Nẵng, Việt Nam",Đà Nẵng
55717853,Khách sạn Binh Duong Resident (Binh Duong Resident Hotel ),"30 Trần Ph Hải Châu, Đà Nẵng, Việt Nam",Đà Nẵng
31072278,Menora Grand Đà Nẵng (Menora Grand Da Nang),"69-71-73 Đỗ Bí Menora grand hotel, Đà Nẵng, Việt Nam",Đà Nẵng
2985282,Khách sạn và Spa Central Đà Nẵng (Central Hotel & Spa Danang),"23 Ho  224 ng Diệu Hải Châu, Đà Nẵng, Việt Nam",Đà Nẵng
2225433,Mandila Beach Hotel (Mandila Beach Hotel DaNang),"218 Vo Nguyen Giap Đường, Đà Nẵng, Việt Nam",Đà Nẵng
31073015,Khách sạn & Căn hộ Anh Phương (Anh Phuong Hotel & Apartment),"58 Lý Thánh Tông Anh Phuong  An Hải Bắc, Đà Nẵng, Việt Nam",Đà Nẵng
4139218,Sunflower 2 Hotel,"59 Loseby Da Nang, Đà Nẵng, Việt Nam",Đà Nẵng
3361439,San Marino Boutique Đà Nẵng (San Marino Boutique Danang),"161-163-165 Võ Văn Kiệt Đà Nẵng, Phường An Hải Đông, Quận Sơn Trà, Việt Nam",Đà Nẵng
30125137,Khách sạn Bella Merry (Bella Merry Hotel),"69 H Bổng Đ Nẵng, Quận Sơn Tr, Việt Nam",Đà Nẵng
305367,Khách sạn Quốc Cường Center Đà Nẵng do Haviland vận hành (Quoc Cuong Center Da Nang Hotel by Haviland),"322-324 Hòang Diệu Hải Châu, Đà Nẵng, Việt Nam",Đà Nẵng
66975380,Khách sạn Mata Love (Mata Love hotel),"125 Nguyễn Ch Thanh Hải Châu, Đà Nẵng, Việt Nam",Đà Nẵng
300021,Khách Sạn Tarasa Đà Nẵng (Tarasa Hotel Da Nang),"191 Đống Đa. quận Hải Châu Hải Châu, Phường Thạch Thang, Đà Nẵng, Việt Nam",Đà Nẵng
2646007,Khách sạn Platinum Đà Nẵng (Platinum Danang Hotel),"81 Lê Quang Đạo Phước Mỹ, Đà Nẵng, Việt Nam",Đà Nẵng
5828738,Khách sạn Hana Đà Nẵng (Hana Hotel Da Nang),"261 Nguyen Cong Trứ Son Tra, Đà Nẵng, Việt Nam",Đà Nẵng
6428461,Khách Sạn Cordial (Cordial Hotel),"Số 30 Đường Loseby, Phường An Hải Bắc, Quận Sơn Trà, Việt Nam",Đà Nẵng
569663,A La Carte Da Nang Beach Hotel,"200 Vo Nguyen Giap Da Nang City, An Hai Phường, Đà Nẵng, Việt Nam",Đà Nẵng
46307904,Khách sạn Anh Đào Đà Nẵng (Anh Dao Hotel Da Nang),"20 Đỗ Bí Phước Mỹ, Đà Nẵng, Việt Nam",Đà Nẵng
302683,Brilliant Hotel Danang,"162 Bach Dang Hải Châu, Thành phố Da Nang, Việt Nam",Đà Nẵng
4435798,Hanami Hotel Danang,"61-63 Hoàng Kế Viêm Phước Mỹ, Phường Mỹ An, Quận Ngũ Hành Sơn, Việt Nam",Đà Nẵng
50599322,Khách sạn Sea Near Me Đà Nẵng (Sea Near Me Hotel Danang),"42 An Thượng 26 Phước Mỹ, Đà Nẵng, Việt Nam",Đà Nẵng
937111,Khách sạn Palmier (Palmier Hotel),"305 Trần Hưng Đạo quận Sơn Trà, Phường An Hải Bắc, Đà Nẵng, Việt Nam",Đà Nẵng
4974436,Flower Hotel (FLOWER HOTEL),"LÔ 33-34 Đường ĐỖ BÁ, Phường MỸ AN, Đà Nẵng, Việt Nam",Đà Nẵng
2486094,Khách sạn Dana Marina (Dana Marina Boutique Hotel),"47 - 49 Đường Võ Văn Kiệt, Đà Nẵng, Việt Nam",Đà Nẵng
1713002,Khách sạn Boutique White Sand (White Sand Boutique Hotel),"89 - 91 Vo Van Kiet St Son Tra District, Phuoc My Phường, Đà Nẵng, Việt Nam",Đà Nẵng
1155320,Khách sạn HADANA Boutique (Hadana Boutique Hotel),"Lô H1-04, Đà Nẵng, Việt Nam",Đà Nẵng
50202392,Nhà Jim (Jim's House),"51 Huynh Thuc Khang, Đà Nẵng, Việt Nam",Đà Nẵng
5056641,Biệt thự và Căn hộ Lahome Boutique (Lahome Boutique Villa and Apartment),"03 Võ Nghĩa Phước Mỹ, Phường Phước Mỹ, Quận Sơn Trà, Việt Nam",Đà Nẵng
9755468,Khách Sạn A25 - 137 Nguyễn Du - Đà Nẵng (A25 Hotel - 137 Nguyen Du - Da Nang),"137 Nguyen Du Phuong Hai Chau, Đà Nẵng, Việt Nam",Đà Nẵng
78365400,BRIO Urbano Apartment,"20 An Thượng 14 Phước Mỹ, Đà Nẵng, Việt Nam",Đà Nẵng
37710972,Khách sạn Golden Sun Đà Nẵng (Golden Sun Hotel Da Nang),"97 Vo Van Kiet Str Phước Mỹ, Đà Nẵng, Việt Nam",Đà Nẵng
3368028,Khách sạn Ritzy Boutique Đà Nẵng (Ritzy Boutique Hotel Da Nang),"23-25 Le Quang Dao Ngu Hanh Son District, My An Phường, Đà Nẵng, Việt Nam",Đà Nẵng
37871722,La Maison de Fleurs,"46 Võ Nghĩa Phước Mỹ, Đà Nẵng, Việt Nam",Đà Nẵng
339446,Princess Hotel Danang,"Lo E2-20 Phan Boi, Đà Nẵng, Việt Nam",Đà Nẵng
338255,Angsana Lang Co,"Thon Canh Đường, Đà Nẵng, Việt Nam",Đà Nẵng
5358951,Sepon Blue Hotel,"157-159 Vo Van Kiet Son Tra District, Đà Nẵng, Việt Nam",Đà Nẵng
182167,Khu nghỉ dưỡng Pullman Đà Nẵng (Pullman Danang Beach Resort),"101 Đường V Nguy n Gi p, Đà Nẵng, Việt Nam",Đà Nẵng
42158002,Hana Homestay Đà Nẵng (Hana Homestay Danang),"No 84, Phuoc My Phường, Đà Nẵng, Việt Nam",Đà Nẵng
61725997,Căn hộ Seacolor Đà Nẵng (Seacolor Apartment Da Nang),"446 Vo Nguyen Giap Khue My, Đà Nẵng, Việt Nam",Đà Nẵng
47603378,Khách sạn MyHotel (MyHotel),"34 Trần Văn Thành Khuê Mỹ, Đà Nẵng, Việt Nam",Đà Nẵng
59620000,Khách sạn và Spa Star Near Me Đà Nẵng (Star Near Me Hotel and Spa Danang),"40 Loseby An Hải Bắc, Đà Nẵng, Việt Nam",Đà Nẵng
237529,Khu nghỉ dưỡng TIA Wellness - Bao gồm spa (TIA Wellness Resort - Spa Inclusive),"109 Đường V Nguy n Gi p, Phường Ngũ H nh Sơn, Thành phố Đ Nẵng, Việt Nam",Đà Nẵng
10252091,Khách sạn Sofiana Mỹ Khê & Spa - Rooftop Pool Bar - Miễn phí Craft Beer và 20 phút Spa mỗi phòng (Sofiana My Khe Hotel & Spa - Rooftop Pool Bar - Free Craft Beer and 20 minute Spa per Room),"54 Phước Mỹ, Đà Nẵng, Việt Nam",Đà Nẵng
77041397,Khách sạn Sandals Stay (Sandals Stay Hotel),"119 Đường 3 Tháng 2, Đà Nẵng, Việt Nam",Đà Nẵng
2817614,Grandvrio Ocean Resort Danang,"Lạc Long Qu n, Phường Điện B n Đ ng, Đà Nẵng, Việt Nam",Đà Nẵng
47513791,Khách sạn Thanh Hiền HB (Thanh Hien HB Hotel),"52 Hà Bổng Phước Mỹ, Đà Nẵng, Việt Nam",Đà Nẵng
16360226,Khách sạn và Căn hộ Chi House Đà Nẵng (Chi House Da Nang Hotel and Apartment),"42 Lam Hoanh Phước Mỹ, Đà Nẵng, Việt Nam",Đà Nẵng
52495000,Khách sạn Hoài Cổ,"11 Xuân Hương Đường, Đà Nẵng, Việt Nam",Đà Nẵng
32355343,Khách sạn SeaForest by Haviland (SeaForest Hotel by Haviland),"20 Phước Trường 8 Phước Mỹ, Đà Nẵng, Việt Nam",Đà Nẵng
77068255,Khách sạn Natalie Indochine Đà Nẵng by Haviland (Natalie Indochine Hotel Danang by Haviland),"-7, Yên Bái, Việt Nam",Đà Nẵng
64860148,Khách sạn Đá Đỏ (Hotel Đá Đỏ),"Số 11 Hồ T ng Mậu, Phường H a Minh, Quận Li n Chiểu, Việt Nam",Đà Nẵng
56790458,Khách sạn & Căn hộ Quốc Cường Đà Nẵng by Haviland (Quoc Cuong Hotel & Aparttment Danang by Haviland),"324 Hoàng Diệu Bình Hiên, Đà Nẵng, Việt Nam",Đà Nẵng
42062279,Khách sạn May (May Hotel),"256 Ho Nghinh Son Tra, Phuoc My Phường, Đà Nẵng, Việt Nam",Đà Nẵng
6510802,John Boutique Villa,"64 Le Manh Trinh Phuoc My, Đà Nẵng, Việt Nam",Đà Nẵng
59786672,Khách sạn Blue Ocean Beachside Đà Nẵng (Blue Ocean Beachside Hotel Danang ),"Tran Bach Dang, Đà Nẵng, Việt Nam",Đà Nẵng
6890862,Khách Sạn Gold Boutique (Gold Boutique Hotel),"1357 Nguyen Tat Thanh Đường, Đà Nẵng, Việt Nam",Đà Nẵng
47129981,Khách sạn Đảo Ngọc Đà Nẵng (Dao Ngoc Hotel Da Nang ),"30 An Thuong 04, Đà Nẵng, Việt Nam",Đà Nẵng
38703429,Ruby Star Đà Nẵng Central Mỹ Khê Beach (RUBY STAR DA NANG CENTRAL MY KHE BEACH),"138 Nguyen Van Thoai Đường, Đà Nẵng, Việt Nam",Đà Nẵng
74991667,Corgi House Đà Nẵng - Gần cầu Rồng (Corgi House Danang - Steps from Dragon Bridge),"20 Trưng Nữ Vương Bình Hiên, Đà Nẵng, Việt Nam",Đà Nẵng
61753257,B&H Villa,"Lăng Cô, Đà Nẵng, Việt Nam",Đà Nẵng
298973,"Khách sạn Công Đoàn Thanh Bình, Đà Nẵng (Cong Doan Thanh Binh Hotel Danang)","233 Nguyễn Tất Thành Xuân Hà, Đà Nẵng, Việt Nam",Đà Nẵng
7031177,Căn hộ Han (Han Apartment),"14 Mai Hắc Đế An Hải Tây, Đà Nẵng, Việt Nam",Đà Nẵng
2275118,Nhà nghỉ Rom Casa Đà Nẵng (Rom Casa Hostel Da Nang),"47 An Thượng 4 Ngũ Hành Sơn, Đà Nẵng, Việt Nam",Đà Nẵng
4985702,Khách sạn Rosabella (ROSABELLA BOUTIQUE HOTEL),"39 Loseby An Hải Bắc, Đà Nẵng, Việt Nam",Đà Nẵng
9762187,Minh Boutique,"05 Nguyễn Cao Luyện An Hải Bắc, Đà Nẵng, Việt Nam",Đà Nẵng
280374,Khách sạn Song Thu - Đà Nẵng (Song Thu Hotel),"30 Tran Phu Hải Châu, Đà Nẵng, Việt Nam",Đà Nẵng
59068415,Khách sạn Lychee (Lychee Hotel),"435 Nguyễn Tất Thành Xuân Hà, Phường Thanh Kh, Thành phố Đ Nẵng, Việt Nam",Đà Nẵng
36703334,Khách sạn & Căn hộ Maison Vy Anh (Maison Vy Anh Hotel & Apartment),"121 Cao Bá Quát Phước Mỹ, Đà Nẵng, Việt Nam",Đà Nẵng
7928501,Wings House,"K34/30 Thi Sách, Phường Hòa Thuận Tây, Quận Hải Châu, Việt Nam",Đà Nẵng
11196190,Khách sạn Thành Nhàn (Thanh Nhan Hotel),"14 Le Dinh Ly Thanh Khe, Đà Nẵng, Việt Nam",Đà Nẵng
51906520,The Yen Residences Đà Nẵng (Theyenresidencesdanang),"12 H  224  Bổng Phước Mỹ, Đà Nẵng, Việt Nam",Đà Nẵng
5809022,Khách sạn biệt thự Anh (Anh Villa Hotel),"59 Hồ Sĩ Phấn Sơn Trà, Phường Nại Hiên Đông, Đà Nẵng, Việt Nam",Đà Nẵng
4891231,The Light House Đà Nẵng (The Light House Da Nang),"54 An Thuong 2 My An, Đà Nẵng, Việt Nam",Đà Nẵng
9848046,Hadiva Boutique Hotel,"137 Trần Ph Hải Châu, Đà Nẵng, Việt Nam",Đà Nẵng
59913728,Corgi House Beachstay Đà Nẵng (Corgi House Beachstay Danang),"123 To Hien Thanh, Đà Nẵng, Việt Nam",Đà Nẵng
8190193,Căn hộ K House bãi biển Đà Nẵng (K House Apartment Danang Beach),"44B Lâm Hoành Đà Nẵng, Phường Phước Mỹ, Quận Sơn Trà, Việt Nam",Đà Nẵng
443051,Azumaya Hotel Da Nang,"31 Nguyen Tat Thanh Quan Hai Chau, Đà Nẵng, Việt Nam",Đà Nẵng
29858225,Khách sạn và Spa Santori (Santori Hotel and Spa),"Lo 119-120 Tran Hung Dao, Đà Nẵng, Việt Nam",Đà Nẵng
67188500,Khách sạn RHM Asian Beach (RHM Asian Beach Hotel),"48a Đường Đỗ B, Đà Nẵng, Việt Nam",Đà Nẵng
5943721,Mai's Boutique,"104 To Hien Thanh Phước Mỹ, Đà Nẵng, Việt Nam",Đà Nẵng
40683832,Khách sạn Sea Front (Sea Front Hotel),"240 V  245  Nguy  234 n Gi  225 p Phước Mỹ, Đà Nẵng, Việt Nam",Đà Nẵng
10780234,Khách sạn và Căn hộ Sharon (Sharon Hotel and Apartment),"31 Phan Liem Bac My An, Đà Nẵng, Việt Nam",Đà Nẵng
72584789,CiCi Villa & Apartment,"1 An Đồn 5 An Hải Bắc, Đà Nẵng, Việt Nam",Đà Nẵng
58687863,Stars Central Đà Nẵng (Stars Central Danang),"11 Lê Hồng Phong StarsHotel, Đà Nẵng, Việt Nam",Đà Nẵng
76868006,Fuji House,"97/11 Tô Hiến Thành Phước Mỹ, Đà Nẵng, Việt Nam",Đà Nẵng
31052940,Khách sạn Bonny Boutique Đà Nẵng (Bonny Boutique Hotel Da Nang),"01-03 Đường Khuê Mỹ Đông 10, Phường Khuê Mỹ, Quận Ngũ Hành Sơn, Việt Nam",Đà Nẵng
67834990,Khách sạn Oday Stay Đà Nẵng (Oday Stay Hotel Da Nang),"477 Trần Hưng Đạo Phước Mỹ, Đà Nẵng, Việt Nam",Đà Nẵng
4034722,Khách sạn Hoàng Thịnh (Hotel Hoang Thinh),"K211/18 Nguyen Van Thoai Đường, Đà Nẵng, Việt Nam",Đà Nẵng
33705632,Khách sạn The Sail - Bãi biển Mỹ Khê (The Sail Hotel - My Khe Beach),"11 Do Ba Đường, My An Phường, Đà Nẵng, Việt Nam",Đà Nẵng
11656909,Net Việt Homestay (SPOT ON 806 Net Viet Homestay),"33 Dao Cam Moc, Đà Nẵng, Việt Nam",Đà Nẵng
21330679,Biệt thự Vernal Home Boutique (Vernal Home Boutique Villa),"27 Luu Quang Thuan Phước Mỹ, Đà Nẵng, Việt Nam",Đà Nẵng
51061524,Khách sạn & Căn hộ Taiyo (Taiyo Hotel & Apartment),"No. 44-46-48, Đà Nẵng, Việt Nam",Đà Nẵng
34652609,"Nhà riêng 33 m² 1 phòng ngủ, 1 phòng tắm riêng ở Phước Mỹ (DANATRI*KINGROOM*PrivateBalcony*Bathtub*MyKheBeach)","Phước Mỹ, Đà Nẵng, Việt Nam",Đà Nẵng
33046748,LIVIE Đà Nẵng An Thượng (LIVIE Da Nang An Thuong),"175 Lê Quang Đạo Phước Mỹ, Đà Nẵng, Việt Nam",Đà Nẵng
64088373,Khách sạn Harbor Sea View Đà Nẵng (Harbor Sea View Hotel Danang),"270 Tran Bạch Dang, My An Phường, Đà Nẵng, Việt Nam",Đà Nẵng
32360829,Khách sạn New Tourane (New Tourane Hotel),"15 Mỹ Khê 2 Phước Mỹ, Đà Nẵng, Việt Nam",Đà Nẵng
39921868,Nhà bình Homestay,"7 An Nhơn 2 An Hải Bắc, Đà Nẵng, Việt Nam",Đà Nẵng
79113346,Khách sạn & Căn hộ IS LAM (IS LAM Hotel & Apartment),"415 Đường Trần Hưng Đạo Phước Mỹ, Đà Nẵng, Việt Nam",Đà Nẵng
33907573,Khách sạn & Căn hộ Le Cap (Le Cap Hotel & Apartment ),"16 Đặng Vũ Hỷ Phước Mỹ, Đà Nẵng, Việt Nam",Đà Nẵng
78390386,Khách sạn & Căn hộ Sandy (Sandy Hotel & Apartment),"Sandy  Phước Mỹ, Đà Nẵng, Việt Nam",Đà Nẵng
50014373,"Khách sạn, Văn phòng và Căn hộ Emerald Dream (Emerald Dream Hotel, Office and Apartments)","14 Phuoc Truong 1 Phước Mỹ, Đà Nẵng, Việt Nam",Đà Nẵng
254884,Dai A Hotel,"51 Yên Bay Hải Châu, Đà Nẵng, Việt Nam",Đà Nẵng
336480,Khách sạn Mayana Da nang (Mayana Hotel Danang),"40 Nguyễn Thái Học TP Đa Nẵng, Quận Hải Châu, Việt Nam",Đà Nẵng
5859599,Khách sạn Jolia bãi biển Đà Nẵng (Jolia Hotel Danang Beach),"35-37 An Thượng 29 Phước Mỹ, Đà Nẵng, Việt Nam",Đà Nẵng
76887731,SUONG HOUzE,"28 Hoàng Kế Viêm Bắc Mỹ Phú, Đà Nẵng, Việt Nam",Đà Nẵng
42154397,Nhà dân Siro House Đà Nẵng (Siro House Da Nang Homestay),"K72/8 Nguyễn Văn Thoại, Quận Ngũ Hành Sơn, Việt Nam",Đà Nẵng
79887318,Căn hộ Ocean Beach Đà Nẵng (Ocean Apartment Beach Da Nang ),"Mỹ Khê 4, Đà Nẵng, Việt Nam",Đà Nẵng
33100210,Khách sạn Liberty Đà Nẵng (Liberty Hotel Da Nang),"26 Phạm Phú Thứ Hải Châu, Đà Nẵng, Việt Nam",Đà Nẵng
34389517,Khách sạn Sun City Đà Nẵng (Sun City Hotel Da Nang),"426 Đường 2 Tháng 9, Đà Nẵng, Việt Nam",Đà Nẵng
52272641,Căn hộ Laurel Đà Nẵng (Laurel Da Nang Apartment),"55 Khuê Mỹ Đông 14 và hầm Hòa Hải, Đà Nẵng, Việt Nam",Đà Nẵng
65011393,Fuji Hostel,"Room 03A, Đà Nẵng, Việt Nam",Đà Nẵng
9753073,Bao Tran Homestay,"16 Đường An My 6, Đà Nẵng, Việt Nam",Đà Nẵng
1001042,Khách Sạn San San (San San Hotel),"54 An Thuong 26 Phước Mỹ, Phường Mỹ An, Quận Ngũ Hành Sơn, Việt Nam",Đà Nẵng
64001271,Hani Homestay Near Beach Full Furniture Da Nang,"15 An Thượng 27 Phước Mỹ, Đà Nẵng, Việt Nam",Đà Nẵng
37465735,Phan Văn 2 (Phan Van 2),"97 Đường Trần Duy Chiến, Đà Nẵng, Việt Nam",Đà Nẵng
59580495,Khách sạn Saha Casa Boutique Đà Nẵng (Saha Casa Boutique Hotel Da Nang),"10 Morrison An Hai Bac, Đà Nẵng, Việt Nam",Đà Nẵng
5943447,City Hostel Da Nang,"Hải Châu, Phường Phước Ninh, Quận Hải Châu, Yên Bái, Việt Nam",Đà Nẵng
76074916,Khách sạn & Căn hộ Blue S (Blue S Hotel & Apartment),"47 Đường Đỗ Bá, Đà Nẵng, Việt Nam",Đà Nẵng
79100092,Samdi Premium - Gần sân bay quốc tế Đà Nẵng (Samdi Premium - Near Da Nang International Airport),"333A Đường Nguyễn Văn Linh, Đà Nẵng, Việt Nam",Đà Nẵng
47984700,Khách sạn May Beach do THG vận hành (May Beach Hotel By THG),"22 Do Ba Ngu Hanh Son, Đà Nẵng, Việt Nam",Đà Nẵng
42087609,Khách sạn và Căn hộ Tân Phương Nam (Tan Phuong Nam Hotel & Apartment),"494A Đường 2 Th  225 ng 9, Đà Nẵng, Việt Nam",Đà Nẵng
6496404,Khách Sạn & Spa Sunny Ocean (Sunny Ocean Hotel & Spa),"Tran Bach Dang, Đà Nẵng, Việt Nam",Đà Nẵng
50210157,Phu My Hai Hotel,"79 Nguyễn Tất Thành Xuân Hà, Đà Nẵng, Việt Nam",Đà Nẵng
5798038,Biệt Thự & Căn Hộ Moon Đà Nẵng (DaNang Moon Villa & Apartment),"39-41 Hoàng Kế Viêm Đà Nẵng, Phường Mỹ An, Quận Ngũ Hành Sơn, Việt Nam",Đà Nẵng
58397773,Khách sạn & Căn hộ Baan Taley Đà Nẵng (Baan Taley Đà Nẵng Hotel & Apartment),"8 An Thượng 31 Phước Mỹ, Đà Nẵng, Việt Nam",Đà Nẵng
5831386,"Chung cư 45 m² 1 phòng ngủ, 1 phòng tắm riêng ở Phước Mỹ (SEN Boutique Villa Apartment)","An Thuong 34 Đường, Đà Nẵng, Việt Nam",Đà Nẵng
42983503,Khách sạn Mộc Nhiên Đà Nẵng (MỘC NHIÊN HOTEL DA NANG),"18 Pham Van Gon Room 6, Đà Nẵng, Việt Nam",Đà Nẵng
49487316,Le's Apartment & Coffee,"Dương Đình Nghệ 252, Đà Nẵng, Việt Nam",Đà Nẵng
45083566,Khách sạn Charming Beauty (Charming beauty hotel),"53 An Thuong 3 Charming Beauty Hotel, Đà Nẵng, Việt Nam",Đà Nẵng
68061035,BOOHOSTEL,"38 Thạch Lam Phước Mỹ, Đà Nẵng, Việt Nam",Đà Nẵng
61166540,Khách sạn & Căn hộ Dragon (Dragon Hotel & Apartments Đà Nẵng),"K17/2 Ha Thi Than Đường, An Hai Phường, Đà Nẵng, Việt Nam",Đà Nẵng
62271846,Khách sạn & Căn hộ CEVA Đà Nẵng (CEVA Hotel & Apartment Danang),"90/6 Đống Đa Hải Châu, Đà Nẵng, Việt Nam",Đà Nẵng
67248846,Khách sạn & Căn hộ Le's (Le's Hotel & Apartment),"120 Phạm Văn Đồng An Hải, Đà Nẵng, Việt Nam",Đà Nẵng
51931977,Khách sạn & Căn hộ Mama (MAMA HOTEL & APARTMENT),"5 An Thượng 29 Phước Mỹ, Đà Nẵng, Việt Nam",Đà Nẵng
44498829,Khách sạn LUK Inn (LUK Inn Hotel),"12 An Thuong 4 Bac My Phu, Đà Nẵng, Việt Nam",Đà Nẵng
51970454,Flower Beachstay & Coffee (FLOWER BEACHSTAY & COFFEE),"72/27 Nguyen Van Thoai phuong My An, Đà Nẵng, Việt Nam",Đà Nẵng
43377873,Danatri Apt/MyKhe51/AnThuong Walk St/1min to Beach,"27 An Thượng 2 Phước Mỹ, Đà Nẵng, Việt Nam",Đà Nẵng
4121774,Essenza Hotel & Spa,"39 An Thượng 33 Đà nẵng, Phường Mỹ An, Quận Ngũ Hành Sơn, Việt Nam",Đà Nẵng
31317944,Khách sạn Minh Trường (Hotel Minh Truong),"743 Nguyễn Tất Thành Xuân Hà, Đà Nẵng, Việt Nam",Đà Nẵng
78378539,"Nhà riêng m² 2 phòng ngủ, 2 phòng tắm riêng ở An Hải Bắc (Luxury A La Carte By Beach 15-04)","Phước Mỹ, Đà Nẵng, Việt Nam",Đà Nẵng
2639416,Ruby Hotel DaNang,"34 an thuong 1 Đường, Đà Nẵng, Việt Nam",Đà Nẵng
55992553,"Căn hộ 35 m² 1 phòng ngủ, 1 phòng tắm riêng ở Điện Dương (Phuong Nam 2 Suburban Apartment Hotel)","Hòa Hải, Đà Nẵng, Việt Nam",Đà Nẵng
56852292,Khách sạn & Căn hộ ATP Galaxy Đà Nẵng (ATP Galaxy Hotel & Apartment Danang),"89 Tran Phuoc Thanh, Đà Nẵng, Việt Nam",Đà Nẵng
63691934,Khách sạn Horizon Front Beach Đà Nẵng (Horizon Front Beach Hotel Danang ),"110 Tran Bach Dang, Đà Nẵng, Việt Nam",Đà Nẵng
11295725,Khách sạn Euro Star (Euro Star Hotel),"Lo 22 Khu B2-1, Đà Nẵng, Việt Nam",Đà Nẵng
58579216,Căn hộ Saluton (Saluton Apartment),"283 Nguyen Cong Truc, Đà Nẵng, Việt Nam",Đà Nẵng
32313400,Khách sạn TA Boutique (TA Boutique Hotel ),"38 Hoàng Kế Viêm Phước Mỹ, Đà Nẵng, Việt Nam",Đà Nẵng
70870703,Khách sạn Dream (Dream Hotel),"410 Võ Nguyên Giáp Phước Mỹ, Đà Nẵng, Việt Nam",Đà Nẵng
33189390,Khách sạn & Căn hộ POTA Đà Nẵng (POTA Hotel & Apartment Da Nang),"121 Hoàng Văn Thụ Hải Châu, Đà Nẵng, Việt Nam",Đà Nẵng
11419138,Biệt Thự Mai Boutique (Mai Boutique Villa),"-09 Pham Van Dong, An Hai Bac Phường, Đà Nẵng, Việt Nam",Đà Nẵng
8189044,Benzen Boutique Stays,"59 Cao Ba Quat Phước Mỹ, Đà Nẵng, Việt Nam",Đà Nẵng
10608734,Khách Sạn Bridges Đà Nẵng (Bridges Danang Hotel),"No. 4 Phuoc Truong 11 Đường, Phuoc My Phường, Đà Nẵng, Việt Nam",Đà Nẵng
46767999,Khách sạn & Spa Bliss Luxury (Bliss Luxury Hotel & Spa),"30 An Đồn 6 An Hải Bắc, Đà Nẵng, Việt Nam",Đà Nẵng
36142162,Khách sạn Martin Ho By Medii (Martin Ho Hotel By Medii),"22 Phước Trường 9 Medii Boutique, Đà Nẵng, Việt Nam",Đà Nẵng
6812577,Casa Rosa Apartment Da Nang,"68 K 227 Nguyen Van Thoai Phước Mỹ, Đà Nẵng, Việt Nam",Đà Nẵng
161506,Khu nghỉ dưỡng & Spa Sơn Trà Đà Nẵng (Son Tra Resort & Spa Danang),"B  227 i Nam - B  227 i Con, Phường Thọ Quang, Quận Sơn Tr  224, Việt Nam",Đà Nẵng
16143218,Dolphin Hotel and Apartment,"09 Tân Thuận Phước Mỹ, Đà Nẵng, Việt Nam",Đà Nẵng
72591732,Sunshine Beach House - Trung tâm bãi biển (Sunshine Beach House - Center Of The Beach),"2 Loseby An Hải Bắc, Đà Nẵng, Việt Nam",Đà Nẵng
31265626,Biệt thự 7 Seven Sea (7 Seven Sea Villa),"98 Loseby Phước Mỹ, Đà Nẵng, Việt Nam",Đà Nẵng
6397130,Biệt thự Boutique Ponte (Ponte Boutique Villa),"104 Ho Nghinh Phước Mỹ, Đà Nẵng, Việt Nam",Đà Nẵng
75852436,Hampton Danang Luxury Apartment,"14 Đường Lê Lâm 11 căn hộ, Đà Nẵng, Việt Nam",Đà Nẵng
1203739,Khách Sạn Green Garden Residence (Green Garden Residence Hotel),"217-221 Bắc Mỹ An, Đà Nẵng, Việt Nam",Đà Nẵng
1603072,Ebisu Onsen Resort,"X amp  227  H amp  242 a Ph amp  250, Đà Nẵng, Việt Nam",Đà Nẵng
60748875,Khách sạn De L'amour Đà Nẵng (De L'amour hotel Da Nang),"44 Vo Nguyen Giap, Đà Nẵng, Việt Nam",Đà Nẵng
51975952,Khách sạn & Căn hộ AN House Đà Nẵng (AN House Hotel & Apartment Da Nang),"40 Lam Hoanh, Đà Nẵng, Việt Nam",Đà Nẵng
6498816,Nhà Nghỉ Cảnh Dương (Canh Duong Motel),"Thôn Cảnh Dương, Đà Nẵng, Việt Nam",Đà Nẵng
5866683,AVA Hotel & Apartment,"Lô 39 trần bạch đằng, Phường mỹ an, Đà Nẵng, Việt Nam",Đà Nẵng
3355835,Raon Danang Beach Hotel,"5-7 An Thượng 32 Phước Mỹ, Đà Nẵng, Việt Nam",Đà Nẵng
67884670,"Nhà riêng 1000 m² 9 phòng ngủ, 10 phòng tắm riêng ở Hải Châu (Biệt thự 9pn với không gian ấm cúng, hồ bơi và BBQ)","Phước Mỹ, Đà Nẵng, Việt Nam",Đà Nẵng
908594,Căn hộ cao cấp & Vườn Thiền Maha Mangala (Maha Mangala Zen Garden & Luxury Apartments),"The Ocean Suites, Đà Nẵng, Việt Nam",Đà Nẵng
61443725,Nhà Tigon (Tigon’s House),"103 Kim Đồng Hòa Hải, Đà Nẵng, Việt Nam",Đà Nẵng
59237813,Căn hộ Q Đà Nẵng (Q-Apartment Da Nang),"27 Hung Vuong, Đà Nẵng, Việt Nam",Đà Nẵng
10301968,Khách Sạn và Khu Căn Hộ Prana Boutique (Prana Boutique Hotel and Apartments),"11 Khue My Dong 2 Ngu Hanh Son Dist, Đà Nẵng, Việt Nam",Đà Nẵng
621308,Premier Village Đà Nẵng Resort được quản lý bởi Accor (Premier Village Danang Resort Managed by Accor),"101 Vo Nguyen Giap Ngu Hanh Son, Đà Nẵng, Việt Nam",Đà Nẵng
75174180,Arava Retreat Danang Oceanfront,"62 Trần Bạch Đằng Phước Mỹ, Đà Nẵng, Việt Nam",Đà Nẵng
6492769,Khách Sạn & Lữ Hành Codi Sea (Codisea Hotel & Travel),"217 Hồ Nghinh Phước Mỹ, Đà Nẵng, Việt Nam",Đà Nẵng
7262405,Khách sạn Capital O 215 An Đức Đà Nẵng (Capital O 215 An Duc Hotel Da Nang),"117 Minh Mang Khue My, Đà Nẵng, Việt Nam",Đà Nẵng
64523975,Khách sạn Hồng Phúc 5 (Hồng Phúc 5 Hotel),"38 Ha Bong, Đà Nẵng, Việt Nam",Đà Nẵng
42041477,Khách sạn Valentin (Valentin Hotel),"470 Nguyễn Lương Bằng Hoa Hiep Nam, Đà Nẵng, Việt Nam",Đà Nẵng
31187877,Khách sạn Nice (Nice Hotel),"16 Vo Van Tan Thanh Khe, Đà Nẵng, Việt Nam",Đà Nẵng
43424,Saigon Tourane Hotel,"5 Đống đa Hải Châu, Đà Nẵng, Việt Nam",Đà Nẵng
62083341,Căn hộ Seahorse Signature Đà Nẵng (Seahorse Signature Apartment Da nang),"05 Huynh Thuc Khang, Đà Nẵng, Việt Nam",Đà Nẵng
51973173,Khách sạn Central Boutique (CENTRAL BOUTIQUE HOTEL),"2/9 Đường, Binh Hien Phường, Đà Nẵng, Việt Nam",Đà Nẵng
55290781,Tan Hoa homestay (Tan Hoa Homestay),"No. 4/52 Dang Thuy Tram, Đà Nẵng, Việt Nam",Đà Nẵng
59486484,Khách sạn & Căn hộ Q Chợ Hàn Đà Nẵng (Q Hotel & Apartment Han Market Da Nang ),"62 Nguyen Thai Hoc Hải Châu, Đà Nẵng, Việt Nam",Đà Nẵng
42154401,Khách sạn Danang Beach 2 (Danang Beach 2 Hotel),"Lô 36, Đà Nẵng, Việt Nam",Đà Nẵng
44321032,Khách sạn Phương Linh (Phuong Linh Hotel),"107-109 Tran Quoc Hoan Ngu Hanh Son 5, Đà Nẵng, Việt Nam",Đà Nẵng
74648607,Sunrise Homestay with 4 Bedrooms,"Phước Mỹ, Đà Nẵng, Việt Nam",Đà Nẵng
2671030,Khách sạn Boutique Eco Green Đà Nẵng (Eco Green Boutique Hotel Da Nang),"1 An Thuong 3 Bac My Phu, Đà Nẵng, Việt Nam",Đà Nẵng
5477700,Cani Beach House,"06 Le Boi phuong Man Thai, Đà Nẵng, Việt Nam",Đà Nẵng
5100406,Khách sạn và Căn hộ Phương Trần (Phuong Tran Apartment and Hotel),"29 Ngô Gia Tự Hải Châu, Đà Nẵng, Việt Nam",Đà Nẵng
71552951,Khách sạn Kiến's Ocean (Kiến's Ocean Hotel),"L 34 Trần Bạch Đằng, Đà Nẵng, Việt Nam",Đà Nẵng
6853023,Oasis Hotel & Apartment,"10 Mỹ Khê 2 Phước Mỹ, Phường Phước Mỹ, Quận Sơn Trà, Việt Nam",Đà Nẵng
8262483,Khách Sạn Nagila Boutique (Nagila Boutique Hotel),"Lô 11-12 Khu H1, Phường An Hải Bắc, Đà Nẵng, Việt Nam",Đà Nẵng
4641269,Magnolia Hotel Da Nang,"06 Lê Lợi Thạch Thang, Đà Nẵng, Việt Nam",Đà Nẵng
47340508,Luxury Apartment with Ocean View - 1 minute to beach,"120 Võ Nguyên Giáp Phước Mỹ, Đà Nẵng, Việt Nam",Đà Nẵng
2235566,DaNa Home Hotel,"119 Nguyễn Du Hai Chau, Đà Nẵng, Việt Nam",Đà Nẵng
61224349,Chacahouse,"118 Ha Ky Ng, Đà Nẵng, Việt Nam",Đà Nẵng
31663577,Căn hộ & Khách sạn LAGOM (LAGOM APARTMENT & HOTEL),"08 An Thượng 28 Phước Mỹ, Đà Nẵng, Việt Nam",Đà Nẵng
267905,Biệt thự Ocean (Do Khu nghỉ dưỡng Ocean quản lý) (The Ocean Villas (Managed by The Ocean Resort)),"The Ocean Villas, Ngu Hanh Son Phường, Đà Nẵng, Việt Nam",Đà Nẵng
64258373,ELC Da Nang Hotel,"424 Võ Nguyên Giáp Bắc Mỹ An, Đà Nẵng, Việt Nam",Đà Nẵng
15906556,Khách sạn SeaSwan (SeaSwan Hotel),"An Thuong 29 - Phước Mỹ, Đà Nẵng, Việt Nam",Đà Nẵng
50611228,Khách sạn Golden House (Golden House Hotel ),"51 Dương Tự Minh Phước Mỹ, Đà Nẵng, Việt Nam",Đà Nẵng
46600816,Căn hộ May Home Đà Nẵng (May Home Apartment Da Nang),"07-09 Lý Văn Tố An Hải Bắc, Đà Nẵng, Việt Nam",Đà Nẵng
3362751,Căn hộ cao cấp sát biển - Hồ bơi tầng thượng (Beachfront Luxury Apartment - Rooftop pool - Da Nang),"120 Vo Nguyen Giap st Son Tra, Đà Nẵng, Việt Nam",Đà Nẵng
4965524,Sea Hai Yen Hotel,"số 01 vũ đình long, Đà Nẵng, Việt Nam",Đà Nẵng
16356346,Biệt thự và Căn hộ Sanayen (Sanayen Villa and Residences),"15 Do The Chap Phước Mỹ, Đà Nẵng, Việt Nam",Đà Nẵng
61708940,Căn hộ Đà Nẵng FBS Hạng Sang Sát Biển Mỹ Khê (Can ho Đa Nang FBS Hang Sang Sat Bien My Khe),"Võ Nguyên Giáp, Đà Nẵng, Việt Nam",Đà Nẵng
47646257,Khách sạn Emerald Boutique Đà Nẵng (Emerald Boutique Hotel DaNang),"223 Nguyễn Văn Thoại Phước Mỹ, Đà Nẵng, Việt Nam",Đà Nẵng
181788,Khách sạn Gold Coast Đà Nẵng (Gold Coast Da Nang Hotel),"27 Hồ Xuân Hương Phước Mỹ, Đà Nẵng, Việt Nam",Đà Nẵng
6558650,Căn Hộ Tropical House Đà Nẵng (Tropical House Apartment Da Nang),"01 Ta My Duat An Hải Bắc, Đà Nẵng, Việt Nam",Đà Nẵng
37662620,Khu nghỉ dưỡng Ocean (The Ocean Resort),"Trường Sa, Đà Nẵng, Việt Nam",Đà Nẵng
45967666,NT House,"Đường Tứ Ngân 01, Đà Nẵng, Việt Nam",Đà Nẵng
7616490,Biệt Thự Thi Boutique (Thi Boutique Villa),"16 Nguyen Cao Luyen An Hải Bắc, Đà Nẵng, Việt Nam",Đà Nẵng
338256,Banyan Tree Lang Co,"Thon Canh Đường, Đà Nẵng, Việt Nam",Đà Nẵng
47862307,Khách sạn Thiên Hân Phát (Thien Han Phat Hotel),"580 Nguyễn Hữu Thọ Nguyen Huu Tho, Đà Nẵng, Việt Nam",Đà Nẵng
62083469,Căn hộ Seahorse Tropical Đà Nẵng (Seahorse Tropical Apartment Da nang),"Hải Châu 1, Yên Bái, Việt Nam",Đà Nẵng
16359909,The NAVIS,"34 An Thượng 28 Phước Mỹ, Đà Nẵng, Việt Nam",Đà Nẵng
78381079,TN's House,"11 An Thượng 39 Phước Mỹ, Đà Nẵng, Việt Nam",Đà Nẵng
42942529,Khách sạn Tabii (Tabii hotel),"Lô 27, Đà Nẵng, Việt Nam",Đà Nẵng
572366,Khách sạn và Biệt thự Montgomerie Links (Montgomerie Links Hotel and Villas),"Đường ven biển, Phường Điện B n Đ ng, Thành phố Đ Nẵng, Việt Nam",Đà Nẵng
70823295,Khách sạn Gori (Gori Hotel),"8 Gò Lăng 2 Hòa Vang, Đà Nẵng, Việt Nam",Đà Nẵng
9168092,Dana Residence,"19 Võ Nghĩa Phước Mỹ, Đà Nẵng, Việt Nam",Đà Nẵng
76466232,La Retreat,"van thanh Đường, hoa ninh Phường, Đà Nẵng, Việt Nam",Đà Nẵng
68669574,Nhà nghỉ LUXURY (LUXURY Motel),"76 Đinh Công Trứ Thọ Quang, Đà Nẵng, Việt Nam",Đà Nẵng
58341030,Khách sạn & Căn hộ Hoàng Thịnh Đà Nẵng (Hoàng Thịnh Hotel & Apartment Danang),"376-378 2 September Đường, Đà Nẵng, Việt Nam",Đà Nẵng
1198039,Khách sạn Hoa Phong (Hoa Phong Hotel),"369-371 Nguyễn Tất Thành Đà Nẵng, Phường Thanh Bình, Quận Hải Châu, Việt Nam",Đà Nẵng
46758549,Căn hộ Louis Mo (Louis Mo Apartment),"20 An Thượng 28 Phước Mỹ, Đà Nẵng, Việt Nam",Đà Nẵng
1197964,DanaCiti Hotel,"80 Đông Kinh Nghĩa Thục Phước Mỹ, Phường An Hải Bắc, Quận Sơn Trà, Việt Nam",Đà Nẵng
239467,Khách Sạn Ánh Nguyệt Đà Nẵng (Anh Nguyet Hotel Da Nang),"8 Phan Đình Phùng Hải Châu, Quận Hải Châu, Việt Nam",Đà Nẵng
782655,Night Sky Hotel Da Nang,"65 Xuân Diệu Hải Châu, Đà Nẵng, Việt Nam",Đà Nẵng
1161258,Danang Han River Hotel,"14 Ly Tu Trong Hải Châu, Đà Nẵng, Việt Nam",Đà Nẵng
9373100,K Hotel Sauna and Massage,"50A Phan Ton Quan Ngu Hanh Son, Đà Nẵng, Việt Nam",Đà Nẵng
72706507,Căn hộ Eleva (Eleva Apartment),"50 An Thượng 17 Bắc Mỹ Phú, Đà Nẵng, Việt Nam",Đà Nẵng
64898392,Kim House Boutique Đà Nẵng (Kim House Boutique Da Nang),"28 Ngô Quang Huy Phước Mỹ, Đà Nẵng, Việt Nam",Đà Nẵng
50151569,Căn hộ cao cấp hướng đại dương Đà Nẵng (Da Nang Luxurious Ocean View Suites),"120 V  245  Nguy  234 n Gi  225 p Phước Mỹ, Đà Nẵng, Việt Nam",Đà Nẵng
65965130,Golden Bay Apartment Ocean View,"Phước Mỹ, Đà Nẵng, Việt Nam",Đà Nẵng
2409752,Forever Hotel,"1040 Ngo Quyen Phước Mỹ, Đà Nẵng, Việt Nam",Đà Nẵng
34879109,Khu nghỉ dưỡng Ocean Villas (Ocean Villas Resort),"The Ocean Villas, Đà Nẵng, Việt Nam",Đà Nẵng
65513437,"Căn hộ m² 3 phòng ngủ, 2 phòng tắm riêng ở An Hải Bắc (Mường Thanh Bien My Khe Apartment 3 bedrooms)","Phước Mỹ, Đà Nẵng, Việt Nam",Đà Nẵng
11295767,Biệt thự & Khu nghỉ dưỡng The Five Quảng Nam-Đà Nẵng (The Five Villas & Resort Quangnam-Danang),"LAC LONG QUAN Đường, DIEN BAN DONG Phường, Đà Nẵng, Việt Nam",Đà Nẵng
77646441,Khách sạn Boutique Tourane (Tourane Boutique Hotel),"116 Hồ Xuân Hương Khuê Mỹ, Đà Nẵng, Việt Nam",Đà Nẵng
5348378,RubyLand Apartments (Muong Thanh Apartment - Sea View),"Phước Mỹ, Đà Nẵng, Việt Nam",Đà Nẵng
54462504,Villa Đà nẵng Gần Biển - Biệt Thự Gần Biển (Villa Đa nang Gan Bien - Biet Thu Gan Bien),"Võ Nguyên Giáp, Đà Nẵng, Việt Nam",Đà Nẵng
75888898,Căn hộ cao cấp Louis (Louis Luxury Apartment),"41 Tống Phước Phổ Hoà Cường Bắc, Đà Nẵng, Việt Nam",Đà Nẵng
1985160,"Khu nghỉ dưỡng & spa Marriott Đà Nẵng, Biệt thự Bãi biển Non Nước (Danang Marriott Resort & Spa, Non Nuoc Beach Villas)","Số 23 Trường Sa, Phường Ngũ H nh Sơn, Đà Nẵng, Việt Nam",Đà Nẵng
71170803,Biệt thự De Mỹ Khê (Villas De Mykhe),"268 Võ Nguyên Giáp Bắc Mỹ Phú, Đà Nẵng, Việt Nam",Đà Nẵng
39783418,Khách sạn & Căn hộ Tashi Ocean Đà Nẵng (Tashi Ocean Hotel & Apartment Da Nang),"62 Ho Nghinh, Đà Nẵng, Việt Nam",Đà Nẵng
34738710,Căn hộ & Khách sạn SKY (SKY APARTMENT & HOTEL),"150 Đường Dinh Nghe, Đà Nẵng, Việt Nam",Đà Nẵng
47002988,"Nhà riêng 189 m² 1 phòng ngủ, 1 phòng tắm riêng ở Hòa Ninh (Family Home Villa Ba Na Hills Sun World)","Hòa Ninh, Đà Nẵng, Việt Nam",Đà Nẵng
48943635,Khách sạn Lena (HOTEL LENA ),"25 Tran Bach Dang Phuoc My   Phước Mỹ, Đà Nẵng, Việt Nam",Đà Nẵng
9780102,The Nang Suites,"74/31 Võ Văn Kiệt Phước Mỹ, Đà Nẵng, Việt Nam",Đà Nẵng
238037,KHÁCH SẠN VĨNH TRUNG PLAZA (VINH TRUNG PLAZA HOTEL),"255-257 Hùng Vương Hải Châu, Đà Nẵng, Việt Nam",Đà Nẵng
41406670,Carol Homestay & Apartment Đà Nẵng 4 (Carol Homestay & Apartment Đa Nang 4),"81 Hà Đặc Phước Mỹ, Đà Nẵng, Việt Nam",Đà Nẵng
68624873,BOO BEACH Hostel,"38 Thạch Lam Phước Mỹ, Đà Nẵng, Việt Nam",Đà Nẵng
28028370,EnjoyHome Đà Nẵng Apartment (EnjoyHome Da Nang Apartment),"K227/64 Nguyen Van Thoai, Phuoc My Phường, Đà Nẵng, Việt Nam",Đà Nẵng
61733407,Villa GR Gần Trung Tâm Đà Nẵng (Villa GR Gan Trung Tam Đa Nang),"Mỹ Đa Đông 12, Bà Huyện Thanh Quan, Việt Nam",Đà Nẵng
75967150,Căn hộ Soda (Soda Apartment),"44 Thạch Lam Phước Mỹ, Đà Nẵng, Việt Nam",Đà Nẵng
37726946,Mercury Beach DaNang,"160 Trương Định Phước Mỹ, Đà Nẵng, Việt Nam",Đà Nẵng
4972766,"Chung cư 70 m² 2 phòng ngủ, 2 phòng tắm riêng ở Phước Mỹ (Seaside Apartment at My Khe Da Nang 37)","Room 270, Đà Nẵng, Việt Nam",Đà Nẵng
76258670,Căn hộ The Salt Collections Sea View Đà Nẵng (The Salt Collections Apartment Sea View Da Nang),"88 Võ Nguyên Giáp Mân Thái, Đà Nẵng, Việt Nam",Đà Nẵng
22666493,Khách sạn Tasmania Đà Nẵng (Tasmania Hotel Danang),"26-28 Ha Chuong Phước Mỹ, Đà Nẵng, Việt Nam",Đà Nẵng
62980620,Khách sạn New Era Đà Nẵng (New Era Hotel Da Nang),"44 An Thượng 1 Bắc Mỹ An, Đà Nẵng, Việt Nam",Đà Nẵng
41607832,Nhà nghỉ Suối Đá OYO 1187 (OYO 1187 Suoi Da Motel),"26 Son Tra District, Tho Quang Phường, Quận Sơn Trà, Việt Nam",Đà Nẵng
394469,Khách sạn One Star Đà Nẵng (One Star Hotel Danang),"03 Phạm Phú Thứ Hải Châu, Đà Nẵng, Việt Nam",Đà Nẵng
9846077,Kaia Residence Da Nang,"132/15 Ly Tu Trong Đường, Phường Thuan Phuoc, Đà Nẵng, Việt Nam",Đà Nẵng
63345539,Khách sạn Sumo (Sumo Hotels),"11 An Trung Đông 3 An Hải Bắc, Đà Nẵng, Việt Nam",Đà Nẵng
51651397,Me Home,"Đường Đào Tấn 04, Đà Nẵng, Việt Nam",Đà Nẵng
7446058,Khu nghỉ dưỡng Point Đà Nẵng (The Point Resort Danang),"Truong Sa, Hoa Hai Phường, Đà Nẵng, Việt Nam",Đà Nẵng
78559224,Nhà BHA (The BHA House),"79 Mộc Sơn 5 Hoà Hải, Đà Nẵng, Việt Nam",Đà Nẵng
34564137,Biệt thự hồ bơi hạng sang hướng biển (Luxury Ocean Pool Villas),"Unnamed, Đà Nẵng, Việt Nam",Đà Nẵng
8681712,Biệt Thự Ocean Luxury Đà Nẵng (Ocean Luxury Villas Danang),"Truong Sa Đường, Hoa Hai Phường, Đà Nẵng, Việt Nam",Đà Nẵng
9823954,Căn hộ Seahorse Han Market Đà Nẵng của Haviland (Seahorse Han Market Danang Apartment by Haviland),"07 Nguyễn Thái Hoc Hải Châu, Đà Nẵng, Việt Nam",Đà Nẵng
31265492,Biệt thự Ocean Luxury Đà Nẵng (The Ocean Luxury Villa Da Nang),"Truong Sa, Đà Nẵng, Việt Nam",Đà Nẵng
79352175,Sujet Residence Service Da Nang,"01 Trần Quốc Toản Hải Châu, Đà Nẵng, Việt Nam",Đà Nẵng
78071005,Mik Stay,"Đường Nguyễn Tri Phương, Đà Nẵng, Việt Nam",Đà Nẵng
28123735,Khách sạn Yes Đà Nẵng (Yes Hotel Da Nang),"61 Loseby An Hải Bắc, Đà Nẵng, Việt Nam",Đà Nẵng
54892269,Lotus Rock Hotel Da Nang (Lotus Rock Hotel),"231 Đ Nguyễn Văn Linh Thạc Gián, Đà Nẵng, Việt Nam",Đà Nẵng
34247240,Khu nghỉ dưỡng Danang Ocean Beach (Danang Ocean Beach Resort),"The Ocean Villas, Đà Nẵng, Việt Nam",Đà Nẵng
66669588,55 bước là tới HOUSE - 55 steps to go (55 buoc la toi HOUSE - 55 steps to go),"672a/8 Trần Cao Vân Xuân Hà, Đà Nẵng, Việt Nam",Đà Nẵng
49440339,B&H Villa - Villa has swimming pool,"Nguyễn Văn, Đà Nẵng, Việt Nam",Đà Nẵng
46557306,Khách sạn Huy Hoàng Đà Nẵng (Huy Hoàng Hotel Đà Nẵng),"855 Nguyễn Tất Thành Xuân Hà, Đà Nẵng, Việt Nam",Đà Nẵng
79939317,"Căn hộ m² 2 phòng ngủ, 2 phòng tắm riêng ở An Hải Bắc (2 bedroom My Khe beach apartment)","Phước Mỹ, Đà Nẵng, Việt Nam",Đà Nẵng
64524229,Khách sạn Hồng Phúc 6 (Hồng Phúc 6 Hotel),"55 Loseby Phước Mỹ, Đà Nẵng, Việt Nam",Đà Nẵng
284531,Khách sạn Thanh Lan 2 (Thanh Lan 2 Hotel),"54 Đường 3 thang 2, Đà Nẵng, Việt Nam",Đà Nẵng
80251968,Rami Xanh Stay,"11 Nguyễn Trọng Nghĩa Mân Thái, Đà Nẵng, Việt Nam",Đà Nẵng
37662602,Khu nghỉ dưỡng bãi biển Ocean Villas (Ocean Villas Beach Resort),"Truong Sa Đường, Hoa Hai Phường, Đà Nẵng, Việt Nam",Đà Nẵng
73735558,"Biệt thự 200 m² 5 phòng ngủ, 6 phòng tắm riêng ở An Hải Bắc (CaMeo Private Pool Villa 5Bedrooms My Khe Beach )","Phước Mỹ, Đà Nẵng, Việt Nam",Đà Nẵng
9084149,Căn hộ và Cà phê Lem (Lem's Apartment & Coffee),"25 Phuoc My 1 Phuoc My, Đà Nẵng, Việt Nam",Đà Nẵng
28197449,Khách sạn Charming Đà Nẵng (Charming Danang Hotel),"203 Nguyen Van Thoai Phước Mỹ, Đà Nẵng, Việt Nam",Đà Nẵng
13565318,Khu nghỉ dưỡng The Ocean Estates Đà Nẵng (The Ocean Estates Resort Danang),"07 Truong sa The Ocean Estates Resort, Đà Nẵng, Việt Nam",Đà Nẵng
5925315,Khách Sạn Dreamy Beach Boutique (Dreamy Beach Boutique Hotel),"K2/4 Ha Bong, Phuoc My Phường, Đà Nẵng, Việt Nam",Đà Nẵng
66533014,Khách sạn & Căn hộ Bullani (Bullani Hotel & Apartment),"194 Chinh Huu, Đà Nẵng, Việt Nam",Đà Nẵng
3099129,Biệt thự 3 Phòng ngủ Sang trọng với Bữa sáng - Năm Sao (Villa 3 Bedrooms Luxury with BF - The Five Stars),"Hòa Hải, Đà Nẵng, Việt Nam",Đà Nẵng
1997204,Khách sạn Hồng Phúc 4 Đà Nẵng (Hong Phuc Hotel 4 Da Nang ),"14 Ha Chuong st Phước Mỹ, Đà Nẵng, Việt Nam",Đà Nẵng
73359010,Căn hộ cao cấp trong tòa nhà Sheraton - mặt biển (Luxury Apartment in Sheraton Building- Beach Front),"120 Vo Nguyen Giap Đường, Đà Nẵng, Việt Nam",Đà Nẵng
15850263,Nhà của Elly (Nha cua Elly),"K158/65 Ông Ích Đường, Đà Nẵng, Việt Nam",Đà Nẵng
2061825,Laguna Parkside Residences Lang Co,"Cu Du Village, Đà Nẵng, Việt Nam",Đà Nẵng
79795547,Carol Homestay & Apartment 5,"An Thượng 32, Đà Nẵng, Việt Nam",Đà Nẵng
37874664,Hold Amanda Boutique Hotel,"Lô A2-A2B, Đường 30 Tháng 4 Phường Hoà Cường Bắc, Quận Hải Châu, Việt Nam",Đà Nẵng
28816029,Bao Ngoc Hotel & Apt,"28e Dong Da Xuân Hà, Đà Nẵng, Việt Nam",Đà Nẵng
37890356,R11 Villa Resort Đà Nẵng,"107 Võ Nguyên Giáp Hòa Hải, Đà Nẵng, Việt Nam",Đà Nẵng
59217966,Khách sạn Minh Trường 2 Đà Nẵng (Minh Truong 2 Hotel Đa Nang),"1001 Nguyễn Tất Thành Xuân Hà, Đà Nẵng, Việt Nam",Đà Nẵng
11879450,Khách sạn & Căn hộ Pegasus (Pegasus Hotel & Apartment),"So 35/43 Đường Dinh Nghe (Thua dat so 179, Đà Nẵng, Việt Nam",Đà Nẵng
4998337,Orchidees Hotel,"Phước Mỹ, Đà Nẵng, Việt Nam",Đà Nẵng
68400251,Căn Hộ Đà nẵng FB - Ngay Biển Mỹ Khê (Can Ho Đa nang FB - Ngay Bien My Khe),"Đường Võ Nguyên Giáp, Đà Nẵng, Việt Nam",Đà Nẵng
66074995,"Biệt thự m² 2 phòng ngủ, 2 phòng tắm riêng ở An Hải Bắc (Beachfront Apartment My Khe 2 Bedrooms)","Phước Mỹ, Đà Nẵng, Việt Nam",Đà Nẵng
5956356,Emblem Sea 4 Bedroom Villas,"Hòa Hải, Đà Nẵng, Việt Nam",Đà Nẵng
52528551,Biệt thự The Ocean Đà Nẵng (The Ocean Villa Da Nang),"Trường Sa, Đà Nẵng, Việt Nam",Đà Nẵng
65647552,Khách sạn Phương Anh 7 Đà Nẵng (Phuong Anh 7 Hotel Da Nang),"30 -32 Nam Trân Hoà Minh, Đà Nẵng, Việt Nam",Đà Nẵng
4950509,Khách sạn Rose (Rose Hotel),"1089 Nguyễn Tất Thành Xuân Hà, Đà Nẵng, Việt Nam",Đà Nẵng
5481632,"Chung cư 150 m² 2 phòng ngủ, 2 phòng tắm riêng ở Hòa Hải (CITILUX Beachfront 2 bedroom flat in 5 star resort)","Hòa Hải, Đà Nẵng, Việt Nam",Đà Nẵng
10690962,Khu nghỉ dưỡng The Ocean - Pool Villas With Garden View (The Ocean Resort - Pool Villas With Garden View),"Truong Sa Đường, Đà Nẵng, Việt Nam",Đà Nẵng
49648459,Khu nghỉ dưỡng biệt thự Purama Đà Nẵng (Purama Resort Villa Da Nang),"107 Võ Nguyên Giáp St, Đà Nẵng, Việt Nam",Đà Nẵng
255225,Khách sạn Phương Đông - Orient Đà Nẵng (Phuong Dong - Orient Hotel Da Nang),"97 Phan Chu Trinh Hải Châu, Đà Nẵng, Việt Nam",Đà Nẵng
15849894,MyDungmotel,"Phú Xuân 3 03, Đà Nẵng, Việt Nam",Đà Nẵng
32766640,"Căn hộ 80 m² 2 phòng ngủ, 2 phòng tắm riêng ở Phước Mỹ (Beach Front - Deluxe Apartment in Sheraton)","Phước Mỹ, Đà Nẵng, Việt Nam",Đà Nẵng
45151650,Nest House Homestay,"Phước Mỹ, Phường Mỹ An, 101 Bà Huyện Thanh Quan, Việt Nam",Đà Nẵng
2233721,IDC White House Danang,"Đường Trường Sa, Phường Hòa Hải, Quận Ngũ Hành Sơn, Việt Nam",Đà Nẵng
545154,Kara Beachside Guesthouse,"354 Võ Nguyên Gíap Đà Nẵng, Quận Ngũ Hành Sơn, Việt Nam",Đà Nẵng
14496642,F.Home Modern & Art 3BR Near My Khe Beach,"Phước Mỹ, Đà Nẵng, Việt Nam",Đà Nẵng
63199167,"Nhà riêng 300 m² 5 phòng ngủ, 7 phòng tắm riêng ở An Hải Bắc (Biệt thự hồ bơi trung tâm biển Da Nang)","Phước Mỹ, Đà Nẵng, Việt Nam",Đà Nẵng
39920822,Rivera Suites,"60 Vo Van Kiet, Đà Nẵng, Việt Nam",Đà Nẵng
49686997,"Căn hộ 300 m² 5 phòng ngủ, 5 phòng tắm riêng ở Phước Mỹ (Modern & Charming Penthouse Apt* 5BRs in Center)","Hải Châu, Đà Nẵng, Việt Nam",Đà Nẵng
78456090,Full House,"308 Lưu Văn Lang Hòa Hải, Đà Nẵng, Việt Nam",Đà Nẵng
41592214,Homie Hava Homestay,"Lăng Cô - Huế, Đà Nẵng, Việt Nam",Đà Nẵng
78726280,HT Villa Đà Nẵng by Hometown (Hometown Bamboo Villa Da Nang),"13 Ng Cao L ng Thọ Quang, Đà Nẵng, Việt Nam",Đà Nẵng
2653836,Khách sạn & Căn hộ Annie Đà Nẵng (Annie Danang Hotel & Apartment),"191-193 Thanh Thuy St Thanh Binh, Đà Nẵng, Việt Nam",Đà Nẵng
38462721,Motel Minh Thảo (Motel Minh Thao),"Trương Định, Đà Nẵng, Việt Nam",Đà Nẵng
47850971,Luxury Apartment Ocean View Free Pool,"120 Võ Nguyên Giáp Phước Mỹ, Đà Nẵng, Việt Nam",Đà Nẵng
51235229,Khách sạn & Căn hộ Amis - cách bãi biển Mỹ Khê 50m (Amis Hotel & Apartment - 50m to My Khe Beach),"216 Trần Bạch Đằng Đa Nẵng, Phường Mỹ An, Quận Ngũ Hanh Sơn, Việt Nam",Đà Nẵng
71008764,Khách sạn Queen (Queen Hotel),"Dũng Sĩ Điện Ngọc, Đà Nẵng, Việt Nam",Đà Nẵng
73318393,Purama Villas Đà Nẵng (Purama Villas Danang),"107 V Nguy n Gi p Hòa Hải, Đà Nẵng, Việt Nam",Đà Nẵng
32720232,Khách sạn Sơn Trà Green (Sơn Trà Green Hotel),"116 Nguyễn Huy Chương Phước Mỹ, Đà Nẵng, Việt Nam",Đà Nẵng
64324170,Sun hotel,"08 Phạm Kiệt Hòa Hải, Đà Nẵng, Việt Nam",Đà Nẵng
2627359,Babylon Garden Đà Nẵng (Babylon Garden Da Nang),"30/2 Ha Bong Phuoc My, Đà Nẵng, Việt Nam",Đà Nẵng
72816826,Villa Đà nẵng Lavender Luxury (Villa Đa nang Lavender Luxury),"Đường Nguyễn Tuấn Thiện, Đà Nẵng, Việt Nam",Đà Nẵng
67292846,Biệt thự và Khu nghỉ dưỡng Dreamy Beach (Dreamy Beach Villas And Resort),"The Ocean Villa, Hoa Hai Phường, Đà Nẵng, Việt Nam",Đà Nẵng
71446663,N&N Modern House-3BRs-Mini Golf-Bida-5mins walk to My Khe Beach,"Phước Mỹ, Đà Nẵng, Việt Nam",Đà Nẵng
36953351,Mường Thanh Grand Seaview Đà Nẵng Apartment (Muong Thanh Grand Seaview Đa Nang Apartment),"51 Trần Bạch Đằng Phước Mỹ, Đà Nẵng, Việt Nam",Đà Nẵng
33945010,Căn hộ H&H (H&H Apartment),"97 Dinh Dat Phuoc My, Đà Nẵng, Việt Nam",Đà Nẵng
65721797,"Biệt thự 250 m² 6 phòng ngủ, 6 phòng tắm riêng ở An Hải Bắc (Korea Town Villa 6 Bedrooms Near My Khe Beach)","An Hải Bắc, Đà Nẵng, Việt Nam",Đà Nẵng
72812856,Villa Đà Nẵng LN View (Villa Đa Nang LN View),"Đường Nguyễn Đình Thi, Đà Nẵng, Việt Nam",Đà Nẵng
45887499,"Biệt thự 350 m² 3 phòng ngủ, 3 phòng tắm riêng ở Hòa Hải (Vila Hya.....tt Regencyy)","Hòa Hải, Đà Nẵng, Việt Nam",Đà Nẵng
36867255,MD Tropical Sea Apartment,"51 Trần Bạch Đằng Phước Mỹ, Đà Nẵng, Việt Nam",Đà Nẵng
2646633,Khách sạn Blue Summer (Blue Summer Hotel),"35 Tôn Thất Đạm Xuân Hà, Đà Nẵng, Việt Nam",Đà Nẵng
69926045,Anthome at Muong Thanh Apartments,"51 Trần Bạch Đằng Bắc Mỹ An, Đà Nẵng, Việt Nam",Đà Nẵng
13361127,OYO 962 Nhà Nghỉ Tulip (OYO 962 Tulip Motel),"192/64 To Hieu Lien Chieu District, Hoa Minh Phường, Đà Nẵng, Việt Nam",Đà Nẵng
70926469,Căn hộ Sea and Sun (Sea and Sun Apartments),"88 Vo Nguyen Giap Man Thai, Đà Nẵng, Việt Nam",Đà Nẵng
4915233,Toan Thang Hotel,"172-174 Nguyen Van Thoai Phước Mỹ, Đà Nẵng, Việt Nam",Đà Nẵng
1332521,An Binh Tai Hotel,"92 Tran Thanh Mai Son Tra, Đà Nẵng, Việt Nam",Đà Nẵng
34146478,Khách sạn The Gold Summer (The Gold Summer Hotel),"47 Phước Trường 11 Gold Summer 2, Đà Nẵng, Việt Nam",Đà Nẵng
68570201,Nhà nghỉ Việt Thương (Việt Thương Motel),"Th n ph sơn 1, Đà Nẵng, Việt Nam",Đà Nẵng
51523503,Kidona's House,"1 Phan Bội Châu Hải Châu, Đà Nẵng, Việt Nam",Đà Nẵng
545929,Khách sạn Đại Long (Dai Long Hotel Da Nang),"190-192-194 Ha Huy Tap phuong Hoa Khe, Đà Nẵng, Việt Nam",Đà Nẵng
46737711,Romantic APT with SeaView - Beachfont,"200 Võ Nguyên Giáp Phước Mỹ, Đà Nẵng, Việt Nam",Đà Nẵng
28139109,Vevy House,"k16/15 Hung Vuong St, Đà Nẵng, Việt Nam",Đà Nẵng
60814028,Riverside Suites,"16 Lý Thường Kiệt Hải Châu, Đà Nẵng, Việt Nam",Đà Nẵng
42073839,Nhà khách Gia Huy (Gia Huy Guesthouse),"1203 Nguyễn Tất Thành Thanh Khê Đông, Đà Nẵng, Việt Nam",Đà Nẵng
16346983,Nhà nghỉ My Little Pig (My Little Pig Home),"04 An Nhơn 1 Da Nang, Đà Nẵng, Việt Nam",Đà Nẵng
44883289,Khách sạn Carinae Đà Nẵng (Carinae Danang Hotel),"Trường Sa, Đà Nẵng, Việt Nam",Đà Nẵng
51214382,Nhà nghỉ Biển Xanh (Nha nghi Bien Xanh),"Thôn Cảnh Dương, Đà Nẵng, Việt Nam",Đà Nẵng
59054207,Khách sạn Phú Mỹ Thành (Phú Mỹ Thành Hotel),"419 Phu My Thanh Hotel, Đà Nẵng, Việt Nam",Đà Nẵng
31432641,"Căn hộ 250 m² 6 phòng ngủ, 6 phòng tắm riêng ở Hải Châu (AIRPORT HOMESTAY)","Hải Châu, Đà Nẵng, Việt Nam",Đà Nẵng
22236203,Biệt thự sang trọng - Khu nghỉ dưỡng The Ocean Đà Nẵng (Luxury Villas - The Ocean Resort Da Nang),"Truong Sa, Đà Nẵng, Việt Nam",Đà Nẵng
8620793,"Nhà mặt đất 220 m² 3 phòng ngủ, 4 phòng tắm riêng ở Xuân Hà (C33 Oc House)","Xuân Hà, Đà Nẵng, Việt Nam",Đà Nẵng
31734434,Homestay Da Nang Full House,"39 Tôn Đức Thắng Hòa Minh, Đà Nẵng, Việt Nam",Đà Nẵng
10298907,Căn Hộ Olga - Đà Nẵng Việt Nam (Olga Apartment - Danang Vietnam),"68 Nguyen Chi Thanh Đường, Đà Nẵng, Việt Nam",Đà Nẵng
56709014,ZORO HOME Deluxe Stunning-View Condominium Danang Center,"72 Hàm Nghi Hải Châu, Đà Nẵng, Việt Nam",Đà Nẵng
6748495,Khang Homestay,"152/4 Trung Nu Vuong Hải Châu, Đà Nẵng, Việt Nam",Đà Nẵng
2232508,Motel Tuan Phuong,"1755 Nguyen Tat Thanh Thanh Khe, Đà Nẵng, Việt Nam",Đà Nẵng
51662396,Khách sạn Smeraldo (Smeraldo Hotel),"54 Đinh Đạt Phước Mỹ, Đà Nẵng, Việt Nam",Đà Nẵng
6944390,"Chung cư 70 m² 2 phòng ngủ, 2 phòng tắm riêng ở Phước Mỹ (SEA HOME MY KHE BEACH *****MY KHE BEACH DA NANG)","51 Tran Bach Dang Ngu Hanh Son, Đà Nẵng, Việt Nam",Đà Nẵng
55641200,Biệt thự hồ bơi One River Đà Nẵng (One River Pool Villas Da Nang),"One River Villas, Đà Nẵng, Việt Nam",Đà Nẵng
64221226,"Căn hộ 120 m² 3 phòng ngủ, 2 phòng tắm riêng ở An Hải Bắc (3- Bedrom Monarchy apartment Da Nang)","Phước Mỹ, Đà Nẵng, Việt Nam",Đà Nẵng
59347393,Luxurious apartment facing My Khe beach with 2 large beds FP,"Phước Mỹ, Đà Nẵng, Việt Nam",Đà Nẵng
73993942,Bunk Beach Hostel (Bunk Beach Hostel ),"K227/76 Nguyễn Văn Thoại, Đà Nẵng, Việt Nam",Đà Nẵng
60995785,"Biệt thự 373 m² 3 phòng ngủ, 3 phòng tắm riêng ở Hòa Hải (Elegant Retreat 3 bedroom Ocean Villas)","Hòa Hải, Đà Nẵng, Việt Nam",Đà Nẵng
3719934,Emblem Sea 3 bedroom villas,"The Ocean Villas, Đà Nẵng, Việt Nam",Đà Nẵng
33492231,Khách sạn Pearl Sea (Pearl Sea Hotel),"55-57 Loseby An Hải Bắc, Đà Nẵng, Việt Nam",Đà Nẵng
60505162,ChamEco House Đà Nẵng ([NewOpen]ChamEco House Danang/3min to DragonBridge),"Hải Châu, Đà Nẵng, Việt Nam",Đà Nẵng
5908605,My Khe Beach Apartment Sea View,"Phước Mỹ, Đà Nẵng, Việt Nam",Đà Nẵng
10655416,Khách sạn Honey (Honey Hotel),"1064 Ngo Quyen An Hai Tay, Đà Nẵng, Việt Nam",Đà Nẵng
255299,Khách Sạn & Căn Hộ Sunny Beach (Sunny Beach Hotel & Apartment),"269-271-273 Dương Đình Nghệ An Hải Bắc, Quận Sơn Trà, Việt Nam",Đà Nẵng
77346534,Căn hộ & Khách sạn COCO villa 6 (COCO villa 6 Apartment & Hotel),"53a Lương Thế Vinh Phước Mỹ, Đà Nẵng, Việt Nam",Đà Nẵng
22590057,"Nhà riêng 90 m² 1 phòng ngủ, 1 phòng tắm riêng ở Hòa Hải (Lac Lac Booking|One bedroom Garden Front in Resort)","Hòa Hải, Đà Nẵng, Việt Nam",Đà Nẵng
33500482,Căn hộ Đức Hạnh (Duc Hanh Apartment),"K19A/29 Ha Huy Tap Đường, Đà Nẵng, Việt Nam",Đà Nẵng
62970462,"Căn hộ 40 m² 1 phòng ngủ, 1 phòng tắm riêng ở An Hải Bắc (May House Building, Room 202, 1 Bedroom Apartemnt)","Hải Châu, Đà Nẵng, Việt Nam",Đà Nẵng
76786853,"Nhà riêng m² 1 phòng ngủ, 4 phòng tắm riêng ở An Hải Bắc (Lagom Boutique - Private House in Central DaNang)","Hải Châu, Đà Nẵng, Việt Nam",Đà Nẵng
2601989,Biệt thự nghỉ dưỡng Ocean (Ocean Retreats Villas),"Trường Sa, Đà Nẵng, Việt Nam",Đà Nẵng
6382552,Apartments Sea View,"51 Trần Bạch Đằng Muong Thanh Luxury Phước Mỹ, Đà Nẵng, Việt Nam",Đà Nẵng
36907133,Haphan Hostel & Apartment (Haphan Hostel & Apartment ),"96 Mai Hắc Đế Phước Mỹ, Đà Nẵng, Việt Nam",Đà Nẵng
5943606,Bac Nam Hotel,"Phước Mỹ, Đà Nẵng, Việt Nam",Đà Nẵng
55897506,"Căn hộ 100 m² 1 phòng ngủ, 1 phòng tắm riêng ở Điện Dương (Khách sạn căn hộ ngoại ô Phương Nam 2)","Hòa Hải, Đà Nẵng, Việt Nam",Đà Nẵng
75822938,"Nhà riêng 30 m² 1 phòng ngủ, 1 phòng tắm riêng ở Hòa Hải (Studio villa in FPT urban area)","Hòa Hải, Đà Nẵng, Việt Nam",Đà Nẵng
78731889,Dao House Da Nang - Near My Khe Beach,"37/15 An Hải Đông 1 Phước Mỹ, Đà Nẵng, Việt Nam",Đà Nẵng
63096477,Khách sạn & Căn hộ Dana Boutique (Dana Boutique Hotel & Apartment),"231 - 233 Chinh Huu An Hải Bắc, Đà Nẵng, Việt Nam",Đà Nẵng
54313497,Mường Thanh Beach Apartment Đà Nẵng (Muong Thanh Beach Apartment Đa Nang),"51 Trần Bạch Đằng Phước Mỹ, Đà Nẵng, Việt Nam",Đà Nẵng
58351211,Red Diamond Hotel DN - by BAY LUXURY,"Lê Quý Đôn, Đà Nẵng, Việt Nam",Đà Nẵng
62516220,HSuites Riverside Hotel and Apartment,"7-9 Mai Hắc Đế Phước Mỹ, Đà Nẵng, Việt Nam",Đà Nẵng
77036116,Regal Victoria Villa Luxury BT5-8,"Hòa Hải, Đà Nẵng, Việt Nam",Đà Nẵng
58282030,"Nhà riêng 250 m² 7 phòng ngủ, 8 phòng tắm riêng ở An Hải Bắc (ML9- Pool Villa - 7Bedrooms)","An Hải Bắc, Đà Nẵng, Việt Nam",Đà Nẵng
67459902,BRIO Solviera Apartment,"21-23 Khuê Mỹ Đông 14 Hòa Hải, Đà Nẵng, Việt Nam",Đà Nẵng
46582631,Loka Home & Yoga,"55 Cao Bá Quát Loka Home   Yoga, Đà Nẵng, Việt Nam",Đà Nẵng
3121992,Khách Sạn Trang Ngân Đà Nẵng (Trang Ngan Hotel Da Nang),"Số 62 An Thượng 26, Đà Nẵng, Việt Nam",Đà Nẵng
76178644,Homestay PHƯỢNG HOÀNG (Homestay PHUONG HOANG),"Lộc Bình, Đà Nẵng, Việt Nam",Đà Nẵng
37663254,THE POINT GOLF RESORT,"Trường Sa, Đà Nẵng, Việt Nam",Đà Nẵng
32331552,Andy Home (Andy Home ),"An Thượng 4, Đà Nẵng, Việt Nam",Đà Nẵng
70213667,Leo Hotel & Apartment,"120 Trần Bạch Đằng Phước Mỹ, Đà Nẵng, Việt Nam",Đà Nẵng
53936586,Khách sạn Saluton (Saluton Hotel),"262 Nguyen Cong Tru Da Nang, Đà Nẵng, Việt Nam",Đà Nẵng
55811084,Căn Hộ Đà Nẵng - Sát Biển Đà Nẵng Ngay Trung Tâm (Can Ho Đa Nang - Sat Bien Đa Nang Ngay Trung Tam),"Võ Nguyên Giáp, Đà Nẵng, Việt Nam",Đà Nẵng
71448049,"Ami Foreign Center Da Nang 6 - Gorgeous View, Cozy, 3 Views, Quiet,Airy, Near Sea, Amenities","Phước Mỹ, Đà Nẵng, Việt Nam",Đà Nẵng
11414130,Khách sạn Duy Tùng Đà Nẵng (Duy Tung Hotel Da Nang),"90 To Hien Thanh Son Tra District, Phuoc My Phường, Đà Nẵng, Việt Nam",Đà Nẵng
64206107,DoCo Apartment Sea View With White Sand,"Phước Mỹ, Đà Nẵng, Việt Nam",Đà Nẵng
75329228,"Căn hộ 78 m² 2 phòng ngủ, 2 phòng tắm riêng ở Hải Châu (Monarchy apartment 2 bed, Dragon Bridge, Danang)","Phước Mỹ, Đà Nẵng, Việt Nam",Đà Nẵng
7316049,M.Y Suites Danang Beach,"K35/29 D. Đình Nghệ, Đà Nẵng, Việt Nam",Đà Nẵng
4930589,Summer Beach,"74 Lê Quang Đạo Ngũ Hành Sơn Phước Mỹ, Đà Nẵng, Việt Nam",Đà Nẵng
38856055,Danang Ocean Resort & Spa Non Nuoc Beach Villas,"The Ocean Villas, Đà Nẵng, Việt Nam",Đà Nẵng
9109810,"Chung cư 61 m² 2 phòng ngủ, 1 phòng tắm riêng ở Phước Mỹ (Can ho 1226 Chung cu Muong Thanh)","51 Tran Bach Dang My An, Đà Nẵng, Việt Nam",Đà Nẵng
7446954,Biệt thự sạch & yên tĩnh – The Point Resort (Clean & Quite Villa - The Point Resort),"Đường Truong Sa Phuong Hoa Hai Quan Ngu Hanh son Thanh Pho Da Nang The Point Resort, Đà Nẵng, Việt Nam",Đà Nẵng
50210227,Luxury Apartment with Ocean View,"120 Võ Nguyên Giáp Phước Mỹ, Đà Nẵng, Việt Nam",Đà Nẵng
47947503,"Căn hộ sang trọng một hoặc hai phòng ngủ tại 120 Võ Nguyên Giáp, bãi biển Mỹ Khê (Luxury One or Two Bedroom at 120 Vo Nguyen Giap, My Khe Beach Da Nang)","120 Võ Nguyên Giáp Altara Suite, Đà Nẵng, Việt Nam",Đà Nẵng
30752424,MD Ocean Apartment,"51 Trần Bạch Đằng Phước Mỹ, Đà Nẵng, Việt Nam",Đà Nẵng
64470327,"Căn hộ 110 m² 3 phòng ngủ, 2 phòng tắm riêng ở An Hải Bắc (3-bedrooms Monarchy apartment swing pool Da Nang)","Phước Mỹ, Đà Nẵng, Việt Nam",Đà Nẵng
4466326,Da Nang Daisy Apartment,"51 Tran Bach Dang Muong Thanh Luxury Da Nang, Đà Nẵng, Việt Nam",Đà Nẵng
10928861,"Biệt thự 400 m² 7 phòng ngủ, 7 phòng tắm riêng ở Phước Mỹ (Two MinWalk to Beach,4 Ensuite BR,Ocean Breeze 1)","Phước Mỹ, Đà Nẵng, Việt Nam",Đà Nẵng
9789660,"Chung cư 66 m² 2 phòng ngủ, 2 phòng tắm riêng ở Phước Mỹ (Apartment with sea view)","Phước Mỹ, Đà Nẵng, Việt Nam",Đà Nẵng
5727513,KUA CASA APARTMENT,"61 Le Tan Toan An Hải Bắc, Đà Nẵng, Việt Nam",Đà Nẵng
77570154,"Nhà riêng m² 1 phòng ngủ, 1 phòng tắm riêng ở An Hải Bắc (Studio Apartment - P403 - Ha Bong)","Phước Mỹ, Đà Nẵng, Việt Nam",Đà Nẵng
55849651,Căn hộ Mường Thanh Ocean View (Ocean View Muong Thanh Apartment),"357 Tran Bach Dang, Đà Nẵng, Việt Nam",Đà Nẵng
75607015,Sol Xưa,"37A Kiệt 63 Chế Lan Viên Bắc Mỹ An, Đà Nẵng, Việt Nam",Đà Nẵng
13596808,Khách Sạn Và Căn Hộ Phát Tài (Phat Tai Hotel And Apartment),"04 Ap Bac phuong Hoa Hai, Đà Nẵng, Việt Nam",Đà Nẵng
21904551,Sang Boutique Villa,"Nguyễn Hữu Thông, Đà Nẵng, Việt Nam",Đà Nẵng
47859207,"Biệt thự 225 m² 4 phòng ngủ, 4 phòng tắm riêng ở Phước Mỹ (Danang Beach Pool Villa - Free Airport Pick-up)","10 Dương Trí Trạch An Hải Bắc, Đà Nẵng, Việt Nam",Đà Nẵng
37729259,"Biệt thự 400 m² 7 phòng ngủ, 9 phòng tắm riêng ở Phước Mỹ (Beach front Pool Villa Đà Nẵng_7bedrooms )","Phước Mỹ, Đà Nẵng, Việt Nam",Đà Nẵng
47643481,Luxury Condo 2 bedrooms with free pool,"Phước Mỹ, Đà Nẵng, Việt Nam",Đà Nẵng
35050702,Resort Villas Đà Nẵng By Abogo,"107 Võ Nguyên Giáp Hòa Hải, Đà Nẵng, Việt Nam",Đà Nẵng
41607824,Nhà nghỉ Hương Mai (SPOT ON 1186 Nha Nghi Huong Mai),"402G Ngu Hanh Son, Đà Nẵng, Việt Nam",Đà Nẵng
31037801,Khách sạn Elly's Home 2 Đà Nẵng (Khách sạn Elly's Home 2),"261 Hồ Nghinh Khách sạn Elly s Home 2, Đà Nẵng, Việt Nam",Đà Nẵng
76052561,Thao Villas Da Nang,"831 Ng. Quyền An Hải Bắc, Đà Nẵng, Việt Nam",Đà Nẵng
36742130,"Nhà riêng 300 m² 4 phòng ngủ, 4 phòng tắm riêng ở Phước Mỹ (Sky House/Villa 4BR-MyKhe Beach/AnThuongWalkStreet)","Phước Mỹ, Đà Nẵng, Việt Nam",Đà Nẵng
75050241,"Nhà riêng 34 m² 1 phòng ngủ, 1 phòng tắm riêng ở Phước Mỹ (Wyndham Danang 5-Star Studio- Balcony + Gold Pool)","Phước Mỹ, Đà Nẵng, Việt Nam",Đà Nẵng
46614262,"Biệt thự 200 m² 6 phòng ngủ, 8 phòng tắm riêng ở Phước Mỹ (Pool Villa 6Beds Near My Khe)","Phước Mỹ, Đà Nẵng, Việt Nam",Đà Nẵng
44838945,"Căn hộ 100 m² 3 phòng ngủ, 2 phòng tắm riêng ở Phước Mỹ (Apartment in Da Nang 3 Bedrooms)","Phước Mỹ, Đà Nẵng, Việt Nam",Đà Nẵng
32342505,"Nhà riêng 400 m² 1 phòng ngủ, 1 phòng tắm riêng ở Phước Mỹ (Stargazer Hotel - Service Apartment)","Hải Châu, Đà Nẵng, Việt Nam",Đà Nẵng
72209481,"Aparthotel in A La Carte - 2 bedrooms, balcony, beachfront, rooftop pool, central","200 Vo Nguyen Giap Phước Mỹ, Đà Nẵng, Việt Nam",Đà Nẵng
47190720,Vernalhome Boutique Danang Hotel,"27 Luu Quang Thuan, Đà Nẵng, Việt Nam",Đà Nẵng
35672636,"Biệt thự 240 m² 5 phòng ngủ, 7 phòng tắm riêng ở Phước Mỹ (Pool villa 5 bedroom Private Near Beach)","Phước Mỹ, Đà Nẵng, Việt Nam",Đà Nẵng
30818805,Khách sạn Nguyễn Hương (Nguyen Huong Hotel),"18A Lý Tự Trọng Thạch Thang, Đà Nẵng, Việt Nam",Đà Nẵng
78328974,Diamond Boutique Hotel Da Nang,"Chinh Huu, Đà Nẵng, Việt Nam",Đà Nẵng
79926516,Zen Diamond căn hộ 2pn Đà Nẵng (Zen Diamond can ho 2pn Đa Nang),"Hải Châu, Đà Nẵng, Việt Nam",Đà Nẵng
46592761,"Căn hộ 58 m² 2 phòng ngủ, 2 phòng tắm riêng ở Phước Mỹ (căn 2 PN lớn View Kỳ quan Golden bay)","Phước Mỹ, Đà Nẵng, Việt Nam",Đà Nẵng
39572068,"Căn hộ 100 m² 1 phòng ngủ, 1 phòng tắm riêng ở Lăng Cô (Nhà Nghỉ ReLax Cảnh Dương)","Lăng Cô, Đà Nẵng, Việt Nam",Đà Nẵng
76698833,Suri Apartment & Hotel by ZUZU,"26 An Nong Hoa Hai, Đà Nẵng, Việt Nam",Đà Nẵng
67376056,LaBi Hotel n Apartment Danang,"10 Đường Doãn Khuê 08 - 10 Doãn Khuê, Đà Nẵng, Việt Nam",Đà Nẵng
65647534,Khách sạn Phương Anh 6 Đà Nẵng (Phương Anh 6 Hotel Đà Nẵng),"725 Nguyễn Tất Thành Xuân Hà, Đà Nẵng, Việt Nam",Đà Nẵng
65647523,Khách sạn Phương Anh 5 Đà Nẵng (Phương Anh 5 Hotel Đà Nẵng),"1015 Nguyễn Tất Thành Xuân Hà, Đà Nẵng, Việt Nam",Đà Nẵng
10240209,"Nhà mặt đất 15 m² 1 phòng ngủ, 1 phòng tắm riêng ở Hải Châu (FUJI BOUTIQUE #RIVERFRONT#CITYCENTER#4'HANMARKET#1)","Hải Châu, Đà Nẵng, Việt Nam",Đà Nẵng
46584468,Nhà nghỉ Hoàng Ngọc (Hoang Ngoc Motel),"Thon Canh Đường, Đà Nẵng, Việt Nam",Đà Nẵng
79103203,apartment,"42 Thạch Lam Phước Mỹ, Đà Nẵng, Việt Nam",Đà Nẵng
76166366,Tin Villa for rent,"Hòa Hải, Đà Nẵng, Việt Nam",Đà Nẵng
14495877,"Nhà mặt đất 34 m² 1 phòng ngủ, 1 phòng tắm riêng ở Phước Mỹ (Big studio - Separate kitchen - Big window)","Phước Mỹ, Đà Nẵng, Việt Nam",Đà Nẵng
75687312,Khách sạn & Căn hộ AM (AM Hotel & Apartment),"281 Nguyễn Công Trứ Phước Mỹ, Đà Nẵng, Việt Nam",Đà Nẵng
47432334,Kingdom Hotel,"234 Ho Nghinh Phuoc My, Đà Nẵng, Việt Nam",Đà Nẵng
76944585,Junly Apartment Suite Ocean View,"Mỹ Khê Căn 1607 51 trần bạch đằng, Đà Nẵng, Việt Nam",Đà Nẵng
65766273,Khách sạn Hà Bổng 2 Đà Nẵng (Ha Bong 2 Hotel Danang),"1 Đường H Bổng, Đà Nẵng, Việt Nam",Đà Nẵng
32735644,Khách sạn Phạm Gia Đà Nẵng (Pham Gia Hotel Da Nang),"530 Trần Quốc Hoàn Hòa Hải, Đà Nẵng, Việt Nam",Đà Nẵng
55649056,"Biệt thự 1000 m² 5 phòng ngủ, 5 phòng tắm riêng ở Hòa Hải (Experience the luxury vacation The Ocean Estates)","Hòa Hải, Đà Nẵng, Việt Nam",Đà Nẵng
74990603,Khách sạn Lavender II (Lavender II Hotel),"45 An Đồn 5 An Hải Bắc, Đà Nẵng, Việt Nam",Đà Nẵng
2179233,HUONG SON HOTEL,"174A Cach Mang Thang 8 st Cam Le district, Đà Nẵng, Việt Nam",Đà Nẵng
72074446,"Nhà riêng m² 1 phòng ngủ, 1 phòng tắm riêng ở An Hải Bắc (Apartment 2Pn 25 An Hai Dong 1)","Phước Mỹ, Đà Nẵng, Việt Nam",Đà Nẵng
72074433,"Nhà riêng m² 2 phòng ngủ, 1 phòng tắm riêng ở Điện Dương (2BR Royal Apartment)","Hòa Hải, Đà Nẵng, Việt Nam",Đà Nẵng
4640982,"Chung cư 54 m² 1 phòng ngủ, 1 phòng tắm riêng ở Hòa Hải (PARADISE Apartment in 5*resort/Pool/Private beach)","Hòa Hải, Đà Nẵng, Việt Nam",Đà Nẵng
8233195,"Biệt thự 500 m² 8 phòng ngủ, 8 phòng tắm riêng ở Hải Châu (Beautiful Riverside Villa w/ Pool and Free Pickup)","Hải Châu, Đà Nẵng, Việt Nam",Đà Nẵng
80254039,"Biệt thự m² 1 phòng ngủ, 3 phòng tắm riêng ở Xuân Hà (Sea Breeze Villa)","Xuân Hà, Đà Nẵng, Việt Nam",Đà Nẵng
76932150,Ocean Scent Stay - Mường Thanh Area (Ocean Scent Stay - Muong Thanh Area),"Phước Mỹ, Đà Nẵng, Việt Nam",Đà Nẵng
45031943,Dana Marina Hotel,"Vo Van Kiet, Đà Nẵng, Việt Nam",Đà Nẵng
78730270,Oyo Pegasus homestay (Oyo pegasus homestay),"32 H Chương Phước Mỹ, Đà Nẵng, Việt Nam",Đà Nẵng
42996263,"Nhà riêng 270 m² 4 phòng ngủ, 3 phòng tắm riêng ở Phước Mỹ (Renting the whole house - Sơn Trà)","Phước Mỹ, Đà Nẵng, Việt Nam",Đà Nẵng
14651413,"Biệt thự 450 m² 3 phòng ngủ, 4 phòng tắm riêng ở Hòa Hải (Villa Đà Nẵng)","Hòa Hải, Đà Nẵng, Việt Nam",Đà Nẵng
71447702,Tom and Jerry Hotel,"Đường sơn thuỷ đông 4, Phường Hoà Hải, Quận Ngũ Hành Sơn, Việt Nam",Đà Nẵng
80172070,"Khu nghỉ dưỡng thiên nhiên bên thác nước Toom Sara (Nature Retreat by the Waterfall, Toom Sara Village)","Phu Tuc, Đà Nẵng, Việt Nam",Đà Nẵng
76964989,The Golden Bay Hideout - Bay View,"Phước Mỹ, Đà Nẵng, Việt Nam",Đà Nẵng
61571911,Khách sạn và Căn hộ Starcity Han River (Starcity Han River Hotel and Apartment),"149A Tran Hung Dao St, Đà Nẵng, Việt Nam",Đà Nẵng
44368801,"Biệt thự 500 m² 3 phòng ngủ, 3 phòng tắm riêng ở Hòa Hải (Sunset Villa Hyaatt Regency Da Nang)","Hòa Hải, Đà Nẵng, Việt Nam",Đà Nẵng
78198189,Khách sạn ANDY Đà Nẵng (ANDY HOTEL DANANG),"133 Võ Văn Kiệt An Hải Bắc, Đà Nẵng, Việt Nam",Đà Nẵng
32342246,"Căn hộ 400 m² 1 phòng ngủ, 1 phòng tắm riêng ở Phước Mỹ (Stargazer Hotel - Standard room)","Hải Châu, Đà Nẵng, Việt Nam",Đà Nẵng
77596087,Lancelynk Homestay Danang,"74 Đặng Vũ Hỷ Phước Mỹ, Đà Nẵng, Việt Nam",Đà Nẵng
75208014,"Nhà riêng 250 m² 2 phòng ngủ, 2 phòng tắm riêng ở Hải Châu (House traditional Hội An lanterns near MyKhe Beach)","Phước Mỹ, Đà Nẵng, Việt Nam",Đà Nẵng
80467443,Bear Homestay,"22 An Thượng 30 Bắc Mỹ Phú, Đà Nẵng, Việt Nam",Đà Nẵng
995639,Ocean Apartment,"Hòa Hải, Đà Nẵng, Việt Nam",Đà Nẵng
47169677,"Căn hộ 100 m² 1 phòng ngủ, 1 phòng tắm riêng ở Phước Mỹ (Bên vịnh Đà Nẵng yên bình)","Phước Mỹ, Đà Nẵng, Việt Nam",Đà Nẵng
38783623,Căn hộ Baphu - cách bãi biển Mỹ Khê 5 phút đi bộ (Baphu Apartment - 5 min walk to My Khe beach),"Mỹ Khê 8, Đà Nẵng, Việt Nam",Đà Nẵng
42090673,Royal Family Hotel Da Nang,"No.39 Vo Van Kiet Đường, Đà Nẵng, Việt Nam",Đà Nẵng
53551483,"Biệt thự 250 m² 6 phòng ngủ, 7 phòng tắm riêng ở Phước Mỹ (May Villa 6Bedrooms Near Beach)","Phước Mỹ, Đà Nẵng, Việt Nam",Đà Nẵng
60236232,"Căn hộ 390 m² 3 phòng ngủ, 3 phòng tắm riêng ở An Hải Bắc (Villa 3 Standard - Villas Da Nang)","Hòa Hải, Đà Nẵng, Việt Nam",Đà Nẵng
45916380,H'Nami Urban Stay Hotel,"49 Hoàng Kế Viêm Phước Mỹ, Đà Nẵng, Việt Nam",Đà Nẵng
37498973,"Biệt thự 200 m² 4 phòng ngủ, 4 phòng tắm riêng ở Cẩm Lệ (Pool Villa 4BR Near Han River)","Hòa Hải, Đà Nẵng, Việt Nam",Đà Nẵng
69695051,Grand Sea View - a VIE collection,"121 Hoang Ke Viem Str Bac My An, Đà Nẵng, Việt Nam",Đà Nẵng
73573907,Lux Chillin APT - Căn Hộ Hướng Biển Đà Nẵng (Lux Chillin APT - Can Ho Huong Bien Đa Nang),"Đường Võ Nguyên Giáp, Đà Nẵng, Việt Nam",Đà Nẵng
60584430,"Biệt thự 1000 m² 8 phòng ngủ, 8 phòng tắm riêng ở Hòa Hải (Beachfront Eden: 8BR Luxury Events & Getaways)","Hòa Hải, Đà Nẵng, Việt Nam",Đà Nẵng
4641333,"Chung cư 56 m² 1 phòng ngủ, 1 phòng tắm riêng ở Hòa Hải (NICE Apartment in 5* resort/Golf/Pool and Beach)","Hòa Hải, Đà Nẵng, Việt Nam",Đà Nẵng
48279669,"Biệt thự 400 m² 3 phòng ngủ, 4 phòng tắm riêng ở Hòa Hải (Resort Fu ra ma - Villa 3 bedrooms)","Hòa Hải, Đà Nẵng, Việt Nam",Đà Nẵng
76682759,"Biệt thự m² 1 phòng ngủ, 7 phòng tắm riêng ở An Hải Bắc (Modern 6 bedrooms POOL villa - near Han bridge)","An Hải Bắc, Đà Nẵng, Việt Nam",Đà Nẵng
79824472,Carol Homestay & Apartment 6,"1 An Thượng 37 Bắc Mỹ Phú, Đà Nẵng, Việt Nam",Đà Nẵng
79787611,Nhà khách 258 - Sea Front (Nha Khach 258 - Sea Front),"2259 Nguyễn Tất Thành Hoà Hiệp Nam, Đà Nẵng, Việt Nam",Đà Nẵng
38685555,Khách sạn Dubai (Dubai Hotel),"68 Phan Tôn Dubai Hotel, Đà Nẵng, Việt Nam",Đà Nẵng
43319356,"Căn hộ 60 m² 2 phòng ngủ, 1 phòng tắm riêng ở Phước Mỹ (Mường Thanh - Căn Hộ Gia Đình)","Phước Mỹ, Đà Nẵng, Việt Nam",Đà Nẵng
58880308,"Căn hộ 100 m² 1 phòng ngủ, 1 phòng tắm riêng ở An Hải Bắc (18 Plus Hotel)","Xuân Hà, Đà Nẵng, Việt Nam",Đà Nẵng
34275516,Biệt thự biển Đà Nẵng trong khu nghỉ dưỡng 5 sao (Da Nang Beach Villas in 5-star Resort),"107 Vo Nguyen Giap Furama Villas, Đà Nẵng, Việt Nam",Đà Nẵng
50528699,"Biệt thự 100 m² 3 phòng ngủ, 4 phòng tắm riêng ở Hòa Hải (3 Bedroom Beachfront Villa Danang)","Hòa Hải, Đà Nẵng, Việt Nam",Đà Nẵng
61636884,Căn hộ Mercur Trung tâm Đà Nẵng (Mercur Apartment Danang Central),"No.127 Đường Nguyễn Văn Linh, Đà Nẵng, Việt Nam",Đà Nẵng
79287811,"Nhà riêng m² 1 phòng ngủ, 1 phòng tắm riêng ở An Hải Bắc (Sea front studio apartment)","Phước Mỹ, Đà Nẵng, Việt Nam",Đà Nẵng
79287810,"Nhà riêng m² 2 phòng ngủ, 2 phòng tắm riêng ở An Hải Bắc (Apartment 2bedroom near beach)","Phước Mỹ, Đà Nẵng, Việt Nam",Đà Nẵng
79287813,"Nhà riêng m² 1 phòng ngủ, 2 phòng tắm riêng ở An Hải Bắc (Apartment With Ocean View 1BedRoom)","Phước Mỹ, Đà Nẵng, Việt Nam",Đà Nẵng
34300086,POOL Seaview 3A - Deluxe Apartment BALCONY,"47 Lê Tấn Toán An Hải Bắc, Đà Nẵng, Việt Nam",Đà Nẵng
79287812,"Nhà riêng m² 1 phòng ngủ, 1 phòng tắm riêng ở An Hải Bắc (Studio apartment with sea)","Phước Mỹ, Đà Nẵng, Việt Nam",Đà Nẵng
79230585,Căn hộ Gold Center By Haviland (Gold Apartment Center By Haviland),"26 Núi Thành Hải Châu, Đà Nẵng, Việt Nam",Đà Nẵng
59789680,"Biệt thự 450 m² 5 phòng ngủ, 6 phòng tắm riêng ở An Hải Bắc (Phúc Villa)","Phước Mỹ, Đà Nẵng, Việt Nam",Đà Nẵng
61714764,"Nhà trệt 25 m² 1 phòng ngủ, 1 phòng tắm riêng ở Hải Châu (Căn Nhà Ấm Áp)","Hải Châu, Đà Nẵng, Việt Nam",Đà Nẵng
78231115,Biệt thự Suối Đá (Suoi Da Villa),"Ga Lăng C, Đà Nẵng, Việt Nam",Đà Nẵng
5141158,Brown Bean Hotel,"380 2/9 Đường Hai Chau District, Đà Nẵng, Việt Nam",Đà Nẵng
36393177,"Biệt thự 300 m² 7 phòng ngủ, 10 phòng tắm riêng ở Hải Châu (Unique Design Pool Villa 7 BR)","Hòa Hải, Đà Nẵng, Việt Nam",Đà Nẵng
10699351,"Biệt thự 200 m² 4 phòng ngủ, 4 phòng tắm riêng ở Phước Mỹ (BAU VILLA BEACH AND SWIMMING POOL @4BR GARDEN VIEW)","Phước Mỹ, Đà Nẵng, Việt Nam",Đà Nẵng
80392267,Khách sạn & Căn hộ Happy House (Happy House Hotel & Apartment),"K35/33 Dương Đình Nghê, Đà Nẵng, Việt Nam",Đà Nẵng
72097991,"Nhà riêng m² 1 phòng ngủ, 2 phòng tắm riêng ở An Hải Bắc (1 Bedroom Apartment in Luxury Building_ Nice view)","Phước Mỹ, Đà Nẵng, Việt Nam",Đà Nẵng
14677071,"Nhà mặt đất 17 m² 1 phòng ngủ, 1 phòng tắm riêng ở Phước Mỹ (Sena home 3*1*Looking Danang Dragon bridge*Han riv)","Phước Mỹ, Đà Nẵng, Việt Nam",Đà Nẵng
64018249,"Biệt thự 620 m² 5 phòng ngủ, 5 phòng tắm riêng ở Điện Dương (5BR Luxury Villa: Elite Services & Privacy)","Hòa Hải, Đà Nẵng, Việt Nam",Đà Nẵng
59111213,Châu Anh Hotel DN - by BAY LUXURY (Chau Anh Hotel DN - by BAY LUXURY),"Lê Thương, Đà Nẵng, Việt Nam",Đà Nẵng
67268785,CHAMECO ART Boutique Home Danang,"03 Hóa Quê Trung 1 CHAMECO ART APARTMENT Hải Châu, Đà Nẵng, Việt Nam",Đà Nẵng
51840942,"Biệt thự 400 m² 3 phòng ngủ, 4 phòng tắm riêng ở Hòa Hải (H.YAT.T Da Nang beachfront villa)","Hòa Hải, Đà Nẵng, Việt Nam",Đà Nẵng
79298563,"Căn hộ m² 2 phòng ngủ, 2 phòng tắm riêng ở An Hải Bắc (Dragon Bridge Aparment- Gần Biển & Trung Tâm)","Đường Trần Hưng Đạo, Đà Nẵng, Việt Nam",Đà Nẵng
64341781,"Biệt thự 420 m² 4 phòng ngủ, 4 phòng tắm riêng ở Hải Châu (Villa 4 Delux 2 - Villa Da Nang)","Hòa Hải, Đà Nẵng, Việt Nam",Đà Nẵng
64341780,"Biệt thự 420 m² 4 phòng ngủ, 4 phòng tắm riêng ở Hải Châu (Villa 4 Delux 3 - Villa Da Nang)","Hòa Hải, Đà Nẵng, Việt Nam",Đà Nẵng
64341783,"Biệt thự 390 m² 3 phòng ngủ, 3 phòng tắm riêng ở Hải Châu (HZ Villa 3 Delux 1 - Villa Da Nang)","Hòa Hải, Đà Nẵng, Việt Nam",Đà Nẵng
64341782,"Biệt thự 420 m² 4 phòng ngủ, 4 phòng tắm riêng ở Hải Châu (HZ Villa 4 Delux 1 - Villa Da Nang)","Hòa Hải, Đà Nẵng, Việt Nam",Đà Nẵng
64341777,"Biệt thự 315 m² 3 phòng ngủ, 3 phòng tắm riêng ở Hòa Hải (Villa 3 Standard - The Ocean Villa Da Nang)","Hòa Hải, Đà Nẵng, Việt Nam",Đà Nẵng
64341776,"Biệt thự 315 m² 3 phòng ngủ, 3 phòng tắm riêng ở Hòa Hải (Villa 3 Supper - The Ocean Villa Da Nang)","Hòa Hải, Đà Nẵng, Việt Nam",Đà Nẵng
78954609,Khách sạn & Căn hộ Fusia (Fusia Hotel & Apartment),"79 Nguyễn Đức Thuận Khu Mỹ, Đà Nẵng, Việt Nam",Đà Nẵng
64341779,"Biệt thự 1000 m² 4 phòng ngủ, 4 phòng tắm riêng ở Hải Châu (Villa 4 Beachfront - Villa Da Nang)","Hòa Hải, Đà Nẵng, Việt Nam",Đà Nẵng
65419049,"Biệt thự 315 m² 5 phòng ngủ, 6 phòng tắm riêng ở Hải Châu (Malem Villa 5Bedrooms near Han River My Khe Beach)","Hải Châu, Đà Nẵng, Việt Nam",Đà Nẵng
64341773,"Biệt thự 500 m² 4 phòng ngủ, 4 phòng tắm riêng ở Hòa Hải (Villa 5 Deluxe - The Ocean Villa Da Nang)","Hòa Hải, Đà Nẵng, Việt Nam",Đà Nẵng
79826970,Nhà Gỗ Villa (Nha Go Villa),"Hòa Hải, Đà Nẵng, Việt Nam",Đà Nẵng
64341772,"Biệt thự 500 m² 5 phòng ngủ, 5 phòng tắm riêng ở Hòa Hải (Villa 5 Seaview - The Ocean Villa Da Nang)","Hòa Hải, Đà Nẵng, Việt Nam",Đà Nẵng
79351907,Mie's Homestay,"Mie s Homestay 6, Đà Nẵng, Việt Nam",Đà Nẵng
64341774,Villa 4 Deluxe - The Ocean Villa Da Nang,"Trường Sa, Đà Nẵng, Việt Nam",Đà Nẵng
64341771,"Biệt thự 600 m² 5 phòng ngủ, 5 phòng tắm riêng ở Hòa Hải (Villa 5 Beachfront - The Ocean Villa Da Nang)","Hòa Hải, Đà Nẵng, Việt Nam",Đà Nẵng
77570175,"Nhà riêng m² 1 phòng ngủ, 1 phòng tắm riêng ở An Hải Bắc (Studio Apartment - P302 - Ha Bong)","Phước Mỹ, Đà Nẵng, Việt Nam",Đà Nẵng
77570172,"Nhà riêng m² 1 phòng ngủ, 1 phòng tắm riêng ở An Hải Bắc (Studio Apartment - P402 - Ha Bong)","Phước Mỹ, Đà Nẵng, Việt Nam",Đà Nẵng
64018232,"Biệt thự 1000 m² 6 phòng ngủ, 6 phòng tắm riêng ở Hòa Hải (Luxe 6BR Beachfront Villa: Group Getaway Haven)","Hòa Hải, Đà Nẵng, Việt Nam",Đà Nẵng
46216747,"Căn hộ 65 m² 2 phòng ngủ, 2 phòng tắm riêng ở Phước Mỹ (My Khe Ocean Opus Apartments )","Phước Mỹ, Đà Nẵng, Việt Nam",Đà Nẵng
77570161,"Nhà riêng m² 1 phòng ngủ, 1 phòng tắm riêng ở An Hải Bắc (Studio Apartment - P203 - Ha Bong)","Phước Mỹ, Đà Nẵng, Việt Nam",Đà Nẵng
908596,Khách sạn Mỹ Hạnh (Truong Tai),"12 Lâm Hoanh Phước Mỹ, Đà Nẵng, Việt Nam",Đà Nẵng
77570160,"Nhà riêng m² 1 phòng ngủ, 1 phòng tắm riêng ở An Hải Bắc (Studio Apartment - P303 - Ha Bong)","Phước Mỹ, Đà Nẵng, Việt Nam",Đà Nẵng
38643389,"Biệt thự 700 m² 4 phòng ngủ, 5 phòng tắm riêng ở Hòa Hải (Sekong Villa Da Nang Beach)","Hòa Hải, Đà Nẵng, Việt Nam",Đà Nẵng
38045367,"Nhà riêng 480 m² 6 phòng ngủ, 5 phòng tắm riêng ở Phước Mỹ (Biệt Thự Chu Huy Mân)","Phước Mỹ, Đà Nẵng, Việt Nam",Đà Nẵng
80072758,Monarchy Riverside Da Nang - Modern Stay & Pool,"Đường Trần Hưng Đạo, Đà Nẵng, Việt Nam",Đà Nẵng
78966848,Motel Mốt (Motel Mot),"Motel Mốt, Đà Nẵng, Việt Nam",Đà Nẵng
77570153,"Nhà riêng m² 1 phòng ngủ, 1 phòng tắm riêng ở An Hải Bắc (Studio Apartment - P503 - Ha Bong)","Phước Mỹ, Đà Nẵng, Việt Nam",Đà Nẵng
77570149,"Nhà riêng m² 1 phòng ngủ, 1 phòng tắm riêng ở An Hải Bắc (Beach view studio P601 - Ha Bong)","Phước Mỹ, Đà Nẵng, Việt Nam",Đà Nẵng
77570147,"Nhà riêng m² 1 phòng ngủ, 1 phòng tắm riêng ở An Hải Bắc (Beach view studio P501 - Ha Bong)","Phước Mỹ, Đà Nẵng, Việt Nam",Đà Nẵng
77570145,"Nhà riêng m² 1 phòng ngủ, 1 phòng tắm riêng ở An Hải Bắc (Studio Apartment - P301 - Ha Bong)","Phước Mỹ, Đà Nẵng, Việt Nam",Đà Nẵng
75526536,"Nhà riêng 113 m² 3 phòng ngủ, 2 phòng tắm riêng ở An Hải Bắc (Penhouse 3BRs River Fireworks Pool Son Tra Da Nang)","Phước Mỹ, Đà Nẵng, Việt Nam",Đà Nẵng
49727481,"Biệt thự 1000 m² 9 phòng ngủ, 10 phòng tắm riêng ở Phước Mỹ (Villa )","Phước Mỹ, Đà Nẵng, Việt Nam",Đà Nẵng
75776400,Lux Annam Regal Retreat (Lux Annam Regal Retreat ),"BT6-7 Regal Victoria, Phường Điện Ngọc, Thị xã Điện Bàn, Việt Nam",Đà Nẵng
55600711,Astana Villa Non Nuoc Beach,"The Ocean Suites, Đà Nẵng, Việt Nam",Đà Nẵng
76075432,"Nhà riêng m² 2 phòng ngủ, 2 phòng tắm riêng ở An Hải Bắc (Solara Homestay Da Nang)","Phước Mỹ, Đà Nẵng, Việt Nam",Đà Nẵng
65652417,Khách sạn Phương Anh 9 Đà Nẵng (Phương Anh 9 Hotel Đà Nẵng),"384 - 386 Nguyễn Lương Bằng Hoà Khánh Bắc, Đà Nẵng, Việt Nam",Đà Nẵng
60774069,"Nhà riêng 4000 m² 5 phòng ngủ, 5 phòng tắm riêng ở Hòa Hiệp Bắc (Suối Đá Homestay (Full area))","Lăng Cô, Đà Nẵng, Việt Nam",Đà Nẵng
74658113,"0 m² 4 phòng ngủ, 1 phòng tắm riêng ở Hải Châu (Mộc Phố House)","Hải Châu, Đà Nẵng, Việt Nam",Đà Nẵng
75874737,"Nhà riêng m² 1 phòng ngủ, 4 phòng tắm riêng ở An Hải Bắc (Aries's House - Luxury Villa 4BR Near the Sea)","An Hải Bắc, Đà Nẵng, Việt Nam",Đà Nẵng
62035598,Ocean Villa K3 in Front Of The Sea,"Trường Sa, Đà Nẵng, Việt Nam",Đà Nẵng
75841986,"Nhà riêng m² 1 phòng ngủ, 1 phòng tắm riêng ở An Hải Bắc (P801 Balcony Lavender)","An Hải Bắc, Đà Nẵng, Việt Nam",Đà Nẵng
64898702,"Biệt thự 350 m² 1 phòng ngủ, 6 phòng tắm riêng ở An Hải Bắc (Villa cách biển 1 phút đi bộ. 5 phòng ngủ)","Phước Mỹ, Đà Nẵng, Việt Nam",Đà Nẵng
75895263,"Căn hộ Mường Thanh 2 phòng ngủ, Đà Nẵng (Can ho Muong Thanh 2 phong ngu, Đa Nang)","Phước Mỹ, Đà Nẵng, Việt Nam",Đà Nẵng
50038688,"Biệt thự 1000 m² 9 phòng ngủ, 9 phòng tắm riêng ở Phước Mỹ (LUXURY VILLA RETREAT IN DANANG 9 BEDROOM)","Phước Mỹ, Đà Nẵng, Việt Nam",Đà Nẵng
80519568,"Nhà riêng m² 1 phòng ngủ, 2 phòng tắm riêng ở An Hải Bắc (Luxury 2 BR Seaview Condo – Haru APT)","Phước Mỹ, Đà Nẵng, Việt Nam",Đà Nẵng
62101229,"Biệt thự 440 m² 5 phòng ngủ, 5 phòng tắm riêng ở Hòa Hải (Beach Villa 5 Bedrooms ※ Ocean Danang )","Hòa Hải, Đà Nẵng, Việt Nam",Đà Nẵng
11064793,"Chung cư studio 25 m² có 0 phòng tắm riêng ở Phước Mỹ (Balcony Stu Apt by Beach, Free Pickup & Footbath)","Phước Mỹ, Đà Nẵng, Việt Nam",Đà Nẵng
51426914,"Biệt thự 200 m² 4 phòng ngủ, 4 phòng tắm riêng ở Cẩm Lệ (Phuc Villa)","Hòa Hải, Đà Nẵng, Việt Nam",Đà Nẵng
31642733,"Biệt thự 300 m² 7 phòng ngủ, 7 phòng tắm riêng ở Cẩm Lệ (FREE PICK UP- SUPER VILLA-2 indoor pools and Sauna)","Hòa Hải, Đà Nẵng, Việt Nam",Đà Nẵng
80101725,Mai River House,"393 Đường Trần Hưng Đạo, Đà Nẵng, Việt Nam",Đà Nẵng
78205237,Signature Luxury Villas Retreat Ocean (Signature Luxury Villas Retreat Ocean Da Nang),"78 Võ Nguyên Giáp Mân Thái, Đà Nẵng, Việt Nam",Đà Nẵng
77267206,Làng cao cấp Signature (Signature luxury village ),"88 V Nguy n Gi p Phước Mỹ, Đà Nẵng, Việt Nam",Đà Nẵng
73597438,"Căn hộ 100 m² 3 phòng ngủ, 2 phòng tắm riêng ở An Hải Bắc (Monarchy 3BR 2WC| Self Check-in| By Charm Homestay)","Phước Mỹ, Đà Nẵng, Việt Nam",Đà Nẵng
47933311,"Biệt thự 370 m² 4 phòng ngủ, 5 phòng tắm riêng ở Phước Mỹ (Big Pool Villa 5BR Near Beach)","Phước Mỹ, Đà Nẵng, Việt Nam",Đà Nẵng
39798769,"Nhà riêng 80 m² 2 phòng ngủ, 2 phòng tắm riêng ở Phước Mỹ (Modern 2BDR Condo|Rooftop Pool,Gym, Sauna)","Phước Mỹ, Đà Nẵng, Việt Nam",Đà Nẵng
11285763,LA MAISON DE ANH,"01 An Thượng 30, Phường Mỹ An, Quận Ngũ Hành Sơn, Việt Nam",Đà Nẵng
46634430,"Căn hộ 250 m² 6 phòng ngủ, 6 phòng tắm riêng ở Phước Mỹ (Chill Out Villa Pool 6Brs My Khe Beach)","Phước Mỹ, Đà Nẵng, Việt Nam",Đà Nẵng
583539,Khách sạn Thanh Lan 1 (Thanh Lan 1 Hotel Danang),"122 Đường 3/2, Đà Nẵng, Việt Nam",Đà Nẵng
78758704,"Căn hộ m² 2 phòng ngủ, 1 phòng tắm riêng ở An Hải Bắc (2 bedroom apartment My Khe beach)","Phước Mỹ, Đà Nẵng, Việt Nam",Đà Nẵng
38450629,"Biệt thự 350 m² 3 phòng ngủ, 3 phòng tắm riêng ở Hòa Hải (OCEAN RESORT VILLA BY JAM)","Hòa Hải, Đà Nẵng, Việt Nam",Đà Nẵng
62895151,"Nhà riêng m² 5 phòng ngủ, 5 phòng tắm riêng ở Xuân Hà (Cy’sea villa 3)","09 Đặng Huy Trứ Hoà Minh, Đà Nẵng, Việt Nam",Đà Nẵng
75150314,Family Apartment 2BR/2BA | By Charm Homestay,"Phước Mỹ, Đà Nẵng, Việt Nam",Đà Nẵng
78758693,"Căn hộ m² 2 phòng ngủ, 1 phòng tắm riêng ở An Hải Bắc (2 bedroom apartment My Khe beach)","Phước Mỹ, Đà Nẵng, Việt Nam",Đà Nẵng
71447518,Sweethome Villa,"Hòa Hải, Đà Nẵng, Việt Nam",Đà Nẵng
76780302,"Biệt thự m² 1 phòng ngủ, 7 phòng tắm riêng ở An Hải Bắc (T P Villa- New-3 mins walk to My Khe Beah-Full AC)","Phước Mỹ, Đà Nẵng, Việt Nam",Đà Nẵng
75150309,Modern 2 BR 2BR Apartment - Monarchy Building,"Phước Mỹ, Đà Nẵng, Việt Nam",Đà Nẵng
41780699,"Căn hộ 90 m² 2 phòng ngủ, 2 phòng tắm riêng ở Phước Mỹ (Alacarte Apartment Seaview 2 Bedroom 2 Bathroom)","Phước Mỹ, Đà Nẵng, Việt Nam",Đà Nẵng
52053169,Purama Resort Villa Đà Nẵng Luxurious Abogo (Purama Resort Villa Da Nang Luxurious Abogo),"27P3 G3 Ngũ Hành Sơn Hòa Hải, Đà Nẵng, Việt Nam",Đà Nẵng
4990969,"Biệt thự 90 m² 1 phòng ngủ, 1 phòng tắm riêng ở Hòa Hải (The Resort, 1 Bedroom Villa, Private Pool [Da Nang])","Hòa Hải, Đà Nẵng, Việt Nam",Đà Nẵng
5236729,Sunshine Home Facing My KheBeach Da Nang,"270 Võ Nguyên Giáp 3730 Muong Thanh Apartment Building Phước Mỹ, Đà Nẵng, Việt Nam",Đà Nẵng
50206003,Tận hưởng Biệt thự 5 phòng ngủ với hồ bơi riêng biệt (Tan huong Biet thu 5 phong ngu voi ho boi rieng biet),"Hòa Hải, Đà Nẵng, Việt Nam",Đà Nẵng
30643740,"Căn hộ 37 m² 1 phòng ngủ, 1 phòng tắm riêng ở Phước Mỹ (Lovely studio hotel room in central of Da Nang )","Phước Mỹ, Đà Nẵng, Việt Nam",Đà Nẵng
13575979,"Nhà mặt đất 17 m² 1 phòng ngủ, 1 phòng tắm riêng ở Phước Mỹ (Sena home 4th*Terrace Overooking Dragon bridge)","Phước Mỹ, Đà Nẵng, Việt Nam",Đà Nẵng
69469145,"Nhà riêng m² 2 phòng ngủ, 2 phòng tắm riêng ở An Hải Bắc (Apartment MuongThanh MK ĐaNang)","Phước Mỹ, Đà Nẵng, Việt Nam",Đà Nẵng
55145866,Nhật Quang House 2 (Nhat Quang House 2),"Sơn Thủy Đông 4, Đà Nẵng, Việt Nam",Đà Nẵng
44337836,"Biệt thự 300 m² 5 phòng ngủ, 5 phòng tắm riêng ở Phước Mỹ (Luxury villa with pool and jacuzzi in quiet area )","Phước Mỹ, Đà Nẵng, Việt Nam",Đà Nẵng
53553953,"Biệt thự 300 m² 6 phòng ngủ, 6 phòng tắm riêng ở Phước Mỹ (ML Pool Villa 6BR Near Beach)","Phước Mỹ, Đà Nẵng, Việt Nam",Đà Nẵng
64379903,"Nhà riêng 100 m² 2 phòng ngủ, 2 phòng tắm riêng ở Hòa Hải (2BRs Apt on 10th floor - Block B - Resort Da Nang)","Hòa Hải, Đà Nẵng, Việt Nam",Đà Nẵng
22210919,"Biệt thự 450 m² 3 phòng ngủ, 3 phòng tắm riêng ở Hòa Hải (Modern & Seaview - 3BR Villa, 5* Danang)","Hòa Hải, Đà Nẵng, Việt Nam",Đà Nẵng
38230642,"Căn hộ 100 m² 3 phòng ngủ, 2 phòng tắm riêng ở Phước Mỹ (Apartment with sea view 3 Bedrooms)","Phước Mỹ, Đà Nẵng, Việt Nam",Đà Nẵng
45427336,"Nhà riêng 100 m² 6 phòng ngủ, 8 phòng tắm riêng ở Hải Châu (Unique Villa Pool Garden Sauna 6BRs)","Hòa Hải, Đà Nẵng, Việt Nam",Đà Nẵng
31234456,"Biệt thự 200 m² 5 phòng ngủ, 5 phòng tắm riêng ở Phước Mỹ (Chill villa near beach, center beach )","Phước Mỹ, Đà Nẵng, Việt Nam",Đà Nẵng
60881903,"Nhà trệt 450 m² 5 phòng ngủ, 5 phòng tắm riêng ở Hải Châu (Sunrise Villa SUPER NEW and CHILL)","Xuân Hà, Đà Nẵng, Việt Nam",Đà Nẵng
60881904,"Nhà trệt 450 m² 5 phòng ngủ, 5 phòng tắm riêng ở Hải Châu (Sunset Villa Super Chill and Private)","Xuân Hà, Đà Nẵng, Việt Nam",Đà Nẵng
41343066,"Biệt thự 200 m² 5 phòng ngủ, 6 phòng tắm riêng ở Phước Mỹ (Pool Villa 5BR in centre)","Phước Mỹ, Đà Nẵng, Việt Nam",Đà Nẵng
3099167,Villa 5 Bedrooms + 1 Luxury with Breakfast,"Hòa Hải, Đà Nẵng, Việt Nam",Đà Nẵng
65685982,Khách sạn Phương Anh 4 Đà Nẵng (Phương Anh 4 Hotel Đà Nẵng),"1643 Nguyễn Tất Thành Thanh Khê Đông, Đà Nẵng, Việt Nam",Đà Nẵng
73793057,Khu nghỉ dưỡng Golden Beachside Đà Nẵng (Golden Beachside Resort Danang),"Ocean Beach Villas Danang, Đà Nẵng, Việt Nam",Đà Nẵng
52042060,"Biệt thự 350 m² 3 phòng ngủ, 3 phòng tắm riêng ở Phước Mỹ (Anemone garden villa - FU.RA.MA villa)","Hòa Hải, Đà Nẵng, Việt Nam",Đà Nẵng
38107171,Perfect Son Tra Beach Villa Da Nang with sea view,"Phước Mỹ, Đà Nẵng, Việt Nam",Đà Nẵng
68162241,Khách sạn Kiên Cường 2 Hotel,"16-17-18 Do Ba Đường, My An Phường, Đà Nẵng, Việt Nam",Đà Nẵng
9925261,OYO 415 Khách Sạn Nice House (OYO 415 Nice House Hotel),"25C My Khe 1 Phuoc My, Đà Nẵng, Việt Nam",Đà Nẵng
45032541,Dana Sea Muong Thanh Apartment,"51 Tran Bach Dang Da Nang, Đà Nẵng, Việt Nam",Đà Nẵng
45032537,Dreamy Sky Boutique Hotel,"Cong Vao San Bay Quoc Te, Đà Nẵng, Việt Nam",Đà Nẵng
35894561,"Biệt thự 280 m² 5 phòng ngủ, 7 phòng tắm riêng ở Phước Mỹ (Sea view Villa 5 Bedrooms near neach )","Phước Mỹ, Đà Nẵng, Việt Nam",Đà Nẵng
400023,Khách sạn Legend (Legend Hotel Danang),"169 Ho Nghinh Phước Mỹ, Đà Nẵng, Việt Nam",Đà Nẵng
7406822,Khách sạn Luxury Đà Nẵng (Luxury Hotel Da Nang),"167 Ton Dan Hoa An, Đà Nẵng, Việt Nam",Đà Nẵng
54625339,MTR Apartment & Hotel Da Nang,"115 Do Thuc Tinh Đường, Đà Nẵng, Việt Nam",Đà Nẵng
30895430,Nhật Quang House (Nhat Quang House),"78 Hải Triều 78 Hòa Hải, Đà Nẵng, Việt Nam",Đà Nẵng
583515,KHÁCH SẠN KIÊN CƯỜNG 2 (KIEN CUONG 2 HOTEL),"16-17-18 Đỗ Bá quận Ngũ Hành Sơn, Phường Mỹ An, Đà Nẵng, Việt Nam",Đà Nẵng
41235893,Vacation Home Ocean Villas,"The Ocean Villas, Đà Nẵng, Việt Nam",Đà Nẵng
73536415,Lyne Hotel,"115 Nguyen Van Thoai Phước Mỹ, Đà Nẵng, Việt Nam",Đà Nẵng
48032175,"Nhà riêng 400 m² 3 phòng ngủ, 3 phòng tắm riêng ở Phước Mỹ (lalahouses-3BR Ocean view Purama Villa Da Nang)","Hòa Hải, Đà Nẵng, Việt Nam",Đà Nẵng
48032168,"Căn hộ 120 m² 2 phòng ngủ, 2 phòng tắm riêng ở Hòa Hải (Lalahouses - 2BR Apt in Huyatt Da Nang beach view)","Hòa Hải, Đà Nẵng, Việt Nam",Đà Nẵng
48032169,"Nhà riêng 100 m² 3 phòng ngủ, 3 phòng tắm riêng ở Hòa Hải (lalahouse-3BR beachfont Villa Huatt Regency Danang)","Hòa Hải, Đà Nẵng, Việt Nam",Đà Nẵng
48032170,"Nhà riêng 600 m² 3 phòng ngủ, 3 phòng tắm riêng ở Hòa Hải (lalahouse-3BR Hyaatt Regency beachfont villa)","Hòa Hải, Đà Nẵng, Việt Nam",Đà Nẵng
48032164,"Nhà riêng 100 m² 1 phòng ngủ, 1 phòng tắm riêng ở Hòa Hải (Lalahouses-1BR Apt Huyatt Regency With Ocean View)","Hòa Hải, Đà Nẵng, Việt Nam",Đà Nẵng
38099260,"Căn hộ 100 m² 2 phòng ngủ, 2 phòng tắm riêng ở Phước Mỹ (Ocean View Altara suite 5 star 2 Bedrooms)","Phước Mỹ, Đà Nẵng, Việt Nam",Đà Nẵng
48032166,"Căn hộ 100 m² 3 phòng ngủ, 2 phòng tắm riêng ở Hòa Hải (Lalahouses-3BR Apt Huatt Regency Da Nang With Pool)","Hòa Hải, Đà Nẵng, Việt Nam",Đà Nẵng
48032167,"Nhà riêng 100 m² 2 phòng ngủ, 2 phòng tắm riêng ở Hòa Hải (Lalahouses - 2BR Ocean View Apt in Huyatt Regency)","Hòa Hải, Đà Nẵng, Việt Nam",Đà Nẵng
79597506,Carol Homestay & Apartment 4 (Carol Homestay & Apartment Đà Nẵng 4),"Phước Mỹ 3, Đà Nẵng, Việt Nam",Đà Nẵng
48032163,"Nhà riêng 100 m² 3 phòng ngủ, 3 phòng tắm riêng ở Hòa Hải (lalahouse-3BR Oceanview Villa Huatt Regency Danang)","Hòa Hải, Đà Nẵng, Việt Nam",Đà Nẵng
24345100,Abogo Villa Shilla Monogram Da Nang,"Lạc Long Quân Abogo Resort- The Five Villa, Đà Nẵng, Việt Nam",Đà Nẵng
43338002,Khách sạn Thiên Nam OYO 638 (OYO 638 Thien Nam Hotel),"05 Hoa Khanh Bac, Đà Nẵng, Việt Nam",Đà Nẵng
45030745,KOVA Diamond Hotel,"27 Vo Van Kiet Đường, Đà Nẵng, Việt Nam",Đà Nẵng
6540260,"Chung cư 60 m² 2 phòng ngủ, 1 phòng tắm riêng ở Phước Mỹ ( Daisy centre 29- 2 beds)","Phước Mỹ, Đà Nẵng, Việt Nam",Đà Nẵng
78311206,My Khe Beach Ocean Opus Apartments,"51 Trần Bạch Đằng Phước Mỹ, Đà Nẵng, Việt Nam",Đà Nẵng
41245157,"Căn hộ 70 m² 1 phòng ngủ, 1 phòng tắm riêng ở Phước Mỹ (Seaside Haven a cozy and comfortable apartment)","Hải Châu, Đà Nẵng, Việt Nam",Đà Nẵng
76259101,"Nhà riêng m² 2 phòng ngủ, 1 phòng tắm riêng ở Phước Mỹ (Beach Front * Sunrise Ocean view Suite ATP * 2BR)","Phước Mỹ, Đà Nẵng, Việt Nam",Đà Nẵng
8682268,"Nhà mặt đất 120 m² 4 phòng ngủ, 4 phòng tắm riêng ở Phước Mỹ (4BR AC Livingroom Full Modern Furnitures Nearbeach)","Phước Mỹ, Đà Nẵng, Việt Nam",Đà Nẵng
4643805,SUNRISE Apartment in 5* resort/ Golf/Pool/Beach,"Hòa Hải, Đà Nẵng, Việt Nam",Đà Nẵng
78477805,"Biệt thự m² 10 phòng ngủ, 11 phòng tắm riêng ở An Hải Bắc (Q Boutique Villa)","Phước Mỹ, Đà Nẵng, Việt Nam",Đà Nẵng
44367858,"Căn hộ 100 m² 2 phòng ngủ, 2 phòng tắm riêng ở Phước Mỹ (Muong Thanh Luxury Apartment Da Nang)","Phước Mỹ, Đà Nẵng, Việt Nam",Đà Nẵng
48152454,Khách sạn Smile Đà Nẵng (Khách Sạn Smile),"49 Tôn Thất Đạm Xuân Hà, Đà Nẵng, Việt Nam",Đà Nẵng
66756256,2-bedroom apartment with My Khe beach view,"51 Trần Bạch Đằng Bắc Mỹ An, Đà Nẵng, Việt Nam",Đà Nẵng
66756257,"Nhà riêng 67 m² 1 phòng ngủ, 2 phòng tắm riêng ở An Hải Bắc (2 bedrooms Apartment My Khe Beach)","Phước Mỹ, Đà Nẵng, Việt Nam",Đà Nẵng
22240271,"Biệt thự 500 m² 4 phòng ngủ, 4 phòng tắm riêng ở Hòa Hải (Luxury 4BR Villa, Ocean view, Ideal For Relaxing)","Hòa Hải, Đà Nẵng, Việt Nam",Đà Nẵng
34738035,"Biệt thự 260 m² 5 phòng ngủ, 7 phòng tắm riêng ở Phước Mỹ (Morden Villa Near Beach 6*bedrooms nearbeach)","Phước Mỹ, Đà Nẵng, Việt Nam",Đà Nẵng
74127617,"Biệt thự 315 m² 6 phòng ngủ, 7 phòng tắm riêng ở An Hải Bắc (Malem Villa near My Khe Beach )","An Hải Bắc, Đà Nẵng, Việt Nam",Đà Nẵng
22240319,Amazing Beachfront 8BR Villa_Ocean Villa Resort,"Hòa Hải, Đà Nẵng, Việt Nam",Đà Nẵng
41918216,Nhà nghỉ Hoa Cẩm SPOT ON 1188 (SPOT ON 1188 Motel Hoa Cam),"03 Nguyen Nhu Dai Hoa Tho Tay, Đà Nẵng, Việt Nam",Đà Nẵng
6057253,Chung cư studio 50 m² có 1 phòng tắm riêng ở Phước Mỹ (YOLO Apartment Homes),"Phước Mỹ, Đà Nẵng, Việt Nam",Đà Nẵng
47435605,Khách sạn Phú An (Phú An Hotel),"48 Đường 2 Tháng 9, Đà Nẵng, Việt Nam",Đà Nẵng
71604680,"Nhà riêng m² 1 phòng ngủ, 1 phòng tắm riêng ở Phước Mỹ (beautiful, high-class sea view apartment.)","Phước Mỹ, Đà Nẵng, Việt Nam",Đà Nẵng
5958000,Chung cư studio 50 m² có 1 phòng tắm riêng ở Phước Mỹ (YOLO Apartment Homes),"Phước Mỹ, Đà Nẵng, Việt Nam",Đà Nẵng
8468912,Modern Seaview Apt next to Walking St & My An Beach,"Mường Thanh Seaview, Đà Nẵng, Việt Nam",Đà Nẵng
77327633,Lavi home,"32 Hồ Xuân Hương Khuê Mỹ, Đà Nẵng, Việt Nam",Đà Nẵng
76930479,Monarchy Pearl Residence Luxury,"Phước Mỹ, Đà Nẵng, Việt Nam",Đà Nẵng
68701477,"Nhà riêng 50 m² 1 phòng ngủ, 1 phòng tắm riêng ở Phước Mỹ (Sim Apartment - Căn hộ view biển bán đảo Sơn Trà)","Phước Mỹ, Đà Nẵng, Việt Nam",Đà Nẵng
14694821,Wild house for you,"Phước Mỹ, Đà Nẵng, Việt Nam",Đà Nẵng
76045761,"Nhà riêng 30 m² 1 phòng ngủ, 1 phòng tắm riêng ở Phước Mỹ (The Sea Apartment 03 Big Window)","Phước Mỹ, Đà Nẵng, Việt Nam",Đà Nẵng
76045762,"Nhà riêng 30 m² 1 phòng ngủ, 1 phòng tắm riêng ở Phước Mỹ (The Sea Apartment 02Bancony View)","Phước Mỹ, Đà Nẵng, Việt Nam",Đà Nẵng
11999738,"Nhà mặt đất 300 m² 4 phòng ngủ, 4 phòng tắm riêng ở Phước Mỹ (Sky House♥️Free Airport ⭐Villa 4BR⭐MyKhe Beach♥️)","Phước Mỹ, Đà Nẵng, Việt Nam",Đà Nẵng
71507218,Minh Châu (Minh Chau),"83 Đường L Văn Hiến, Đà Nẵng, Việt Nam",Đà Nẵng
60590793,"Nhà riêng 60 m² 2 phòng ngủ, 2 phòng tắm riêng ở An Hải Bắc (MuongThanh apartment MyKhe Đà Nẵng)","Phước Mỹ, Đà Nẵng, Việt Nam",Đà Nẵng
59587299,Nhà Nghỉ Sông Xanh,"20 bau vang 2 hoa khanh bac, Đà Nẵng, Việt Nam",Đà Nẵng
34360163,"Căn hộ 70 m² 2 phòng ngủ, 2 phòng tắm riêng ở Hòa Hải (Deluxe Sea view flat fully equipped for family)","Hòa Hải, Đà Nẵng, Việt Nam",Đà Nẵng
78994892,Khách sạn Blue Star Đà Nẵng (Blue Star Hotel Danang),"17 Lê Bình An Hải Bắc, Đà Nẵng, Việt Nam",Đà Nẵng
8997128,Beachview 3BR Villa with private pool inside Hyattt Regency Danang,"5 Trường Sa Hòa Hải, Đà Nẵng, Việt Nam",Đà Nẵng
47840088,SPOT ON 1218 Nha Nghi Hung Thinh,"373 Dai Lo Hung Vuong, Đà Nẵng, Việt Nam",Đà Nẵng
75259390,Nhà Nghỉ Nắng Vàng (Nha Nghi Nang Vang),"Lộc Tiến, Đà Nẵng, Việt Nam",Đà Nẵng
78458169,"Biệt thự m² 1 phòng ngủ, 1 phòng tắm riêng ở Hải Châu (Danang's house302)","Hải Châu, Đà Nẵng, Việt Nam",Đà Nẵng
78458168,"Biệt thự m² 1 phòng ngủ, 1 phòng tắm riêng ở Hải Châu (Danang's house - 201)","Hải Châu, Đà Nẵng, Việt Nam",Đà Nẵng
36764262,Khách sạn Robin (ROBIN HOTEL),"Room 23, Nghia Tan Phường, Việt Nam",Đắk Nông
37845361,Laca homestay,"63 Lê Thị Hồng Gấm Gia Nghĩa, Việt Nam",Đắk Nông
49410915,EVA Village (EVA VILLAGE),"Vũ Ngọc Nhạ, Việt Nam",Đắk Nông
34187919,Tà Đùng May Farm,"Thôn 4, Việt Nam",Đắk Nông
77278074,Suoi Xanh Garden,"5 Nghia Trung Gia Nghĩa, Việt Nam",Đắk Nông
16067151,Khách sạn Hòa Yến (Hoa Yen Hotel),"157-159 Ton Duc Thang - To 7 - Phuong Nghia Thanh Gia Nghĩa, Việt Nam",Đắk Nông
64523861,Khu nghỉ dưỡng & Glamping Higg Farm (Higg Farm Resort & Glamping),"Dak Song District, Phường 4, Việt Nam",Đắk Nông
55948196,Khách sạn Hồng Ngọc 1 Tà Đùng (Hồng Ngọc 1 Hotel Ta Dung),"Dak Som, Việt Nam",Đắk Nông
61395116,Khu nghỉ dưỡng Đắk Nông Lodge (Đắk Nông Lodge Resort),"Nghia Trung Dak Nong Lodge Resort, Việt Nam",Đắk Nông
35486205,Tà Đùng Topview Homestay,"Thon 3, Việt Nam",Đắk Nông
56055601,Nins Farm Gia Nghĩa Đắk Nông (Nins Farm Gia Nghia Đak Nong),"Tổ 6 Nghĩa Tân Gia Nghĩa Đắk Nông, Việt Nam",Đắk Nông
71447676,Relax Home,"Relax Home, Việt Nam",Đắk Nông
8828968,Hotel Sai Gon Dak Nong,"161 ton duc thang nghia thanh gia nghia dak nong Gia Nghĩa, Việt Nam",Đắk Nông
30970975,Phuong Nam Gia Trang Farmstay,"Phuong Nam Gia Trang thôn Tân Bình Dak Rmoan, Việt Nam",Đắk Nông
32352480,MeGarden,"Quốc lộ 14, Việt Nam",Đắk Nông
60235849,Khách sạn Đức Lộc Phát (Hotel Duc Loc Phat),"Thon 6, Việt Nam",Đắk Nông
37283697,Ly's homestay,"82 đinh tiên hoàng tổ 3p nghĩa tân tp gia nghĩa Tỉnh dak nông Gia Nghĩa, Việt Nam",Đắk Nông
6508826,Nhà mặt đất studio 77 m² có 1 phòng tắm riêng ở Gia Nghĩa (MeGarden Valley),"Gia Nghĩa, Việt Nam",Đắk Nông
33469400,"Nhà riêng 4000 m² 4 phòng ngủ, 3 phòng tắm riêng ở Gia Nghĩa (Bobby Farm)","Gia Nghĩa, Việt Nam",Đắk Nông
64293510,"m² 1 phòng ngủ, 1 phòng tắm riêng ở Gia Nghĩa (Dory le's house)","Gia Nghĩa, Việt Nam",Đắk Nông
75980221,Casa Rosa Homestay,"Gia Nghĩa, Việt Nam",Đắk Nông
71446798,Cozy Hill Retreat,"Gia Nghĩa, Việt Nam",Đắk Nông
79825726,Nomia Garden Retreats - Khu nghỉ dưỡng hồ Trị An (Nomia Garden Retreats - Khu nghi duong ho Tri An),"Ấp bến Nôm, Đồng Nai, Việt Nam",Đồng Nai
64064247,Meeto Camping Hồ Trị An (Meeto Camping Ho Tri An),"Tổ 2 Ấp 6 Mã Đà, Đồng Nai, Việt Nam",Đồng Nai
4656903,Hapyson Hotel,"52 Pham The Hien Đồng Nai, Huyện Long Khánh, Việt Nam",Đồng Nai
45903330,Green Ville Hotel Đồng Nai (Green Ville Hotel Đong Nai),"Bệnh Viện Dầu Giây, Đồng Nai, Việt Nam",Đồng Nai
69125357,Khu nghỉ dưỡng Vịnh Bốn Mùa - 4 Seasons (Vịnh Bốn Mùa - 4 Seasons Resort ),"Ấp Mít Nài, Xã Gia Tân, Đồng Nai, Việt Nam",Đồng Nai
39634025,Bến Hồ Homestay (Ben Ho Homestay),"Ấp Dốc Mơ 3, Xã Gia Tân, Đồng Nai, Việt Nam",Đồng Nai
60678075,Hotel Quang Vinh 3,"Thị trấn Dầu Giây, Huyện Thống Nhất, Việt Nam",Đồng Nai
61341933,Khách sạn D&T (Hotel D&T),"27 QL1A thị trấn dầu gi y, Phường 10, Đồng Nai, Việt Nam",Đồng Nai
13577982,SPRING GARDEN HOTEL LK,"226 Nguyen Trai Đồng Nai, Huyện Long Khánh, Việt Nam",Đồng Nai
76893193,Làng gia đình Lumiere Long Khánh (Lumiere Family Village Long Khánh),"Long Khanh Farm, Hang Gon Phường, Huyện Long Khánh, Việt Nam",Đồng Nai
28915511,Khách sạn The Sky (The Sky Hotel),"Lô 1 Đường N5, Đồng Nai, Việt Nam",Đồng Nai
6760504,Motel Hoang Gia,"119/3 Thích Quảng Đức Đồng Nai, Huyện Long Khánh, Việt Nam",Đồng Nai
46299356,Làng Trường Thọ Farmstay (Lang Truong Tho Farmstay),"Đường Ấp 4, Đồng Nai, Việt Nam",Đồng Nai
16332700,Khách Sạn Today (Khach San Today),"Quốc lộ 20 91/4 Bạch Lâm, Xã Gia Tân, Đồng Nai, Việt Nam",Đồng Nai
7487954,Quốc Thanh Hotel (Quoc Thanh Hotel),"Nguyễn Thái Học Đối diện Phố đi bộ, Huyện Long Khánh, Việt Nam",Đồng Nai
64522614,Nha Trang Homestay (Nha Trang Homestay Đồng Nai),"QL20, Xã Gia Tân, Đồng Nai, Việt Nam",Đồng Nai
44654029,"Nhà riêng 300 m² 3 phòng ngủ, 4 phòng tắm riêng ở Gia Tân 2 (Family Garden House at Tri An Lake, Đồng Nai)","4148/1H Bến Nôm 2, Xã Gia Tân, Đồng Nai, Việt Nam",Đồng Nai
13507780,KHÁCH SẠN SPRING GARDEN (SPRING GARDEN HOTEL),"226 Nguyen Trai Xuan Hoa, Huyện Long Khánh, Việt Nam",Đồng Nai
60709408,"Nhà riêng 30 m² 4 phòng ngủ, 4 phòng tắm riêng ở Huyện Long Khánh (An Nhien Garden)","Đồng Nai, Huyện Long Khánh, Việt Nam",Đồng Nai
68784005,Meeto Camping,"Tổ 2 Ấp 6, Đồng Nai, Việt Nam",Đồng Nai
60570051,"Căn hộ m² 1 phòng ngủ, 1 phòng tắm riêng ở Ấp Nguyễn Thái Học (Hotel Quang Vinh 3)","Thống Nhất, Đồng Nai, Việt Nam",Đồng Nai
47861336,Nhà Nghỉ A&Em (Nha Nghi A&Em),"Đường Đồn Điền, Xã Gia Tân, Đồng Nai, Việt Nam",Đồng Nai
61453578,Nhà Nghỉ Vũ Hoàng (Nha Nghi Vu Hoang),"Ấp Lộc Lâm, Đồng Nai, Việt Nam",Đồng Nai
72816260,Camping Hồ Trị An - Meeto (Camping Ho Tri An - Meeto),"Ðông Nãi, Đồng Nai, Việt Nam",Đồng Nai
71719283,Homestay Tay,"Trang Bom, Xã Trảng Bôm, Đồng Nai, Việt Nam",Đồng Nai
78205317,Lumiere Family Village Long Khánh - Đồi Rìu (Lumiere Family Village Long Khanh - Đoi Riu),"125A Đường 11, Huyện Long Khánh, Việt Nam",Đồng Nai
78340350,Nha Nghi A&EM,"QL20 dinh quan, Đồng Nai, Việt Nam",Đồng Nai
44690473,Gạo Farmstay (Gao Farmstay),"Gia Tân 2, Xã Gia Tân, Đồng Nai, Việt Nam",Đồng Nai
51347147,"Căn hộ 18 m² 1 phòng ngủ, 1 phòng tắm riêng ở Gia Tân 2 (Nhà nghỉ A&Em)","Gia Tân 2, Xã Gia Tân, Đồng Nai, Việt Nam",Đồng Nai
61453571,Bà Hào Glamping (Ba Hao Glamping),"ấp 1, Đồng Nai, Việt Nam",Đồng Nai
63183979,"50 m² 4 phòng ngủ, 1 phòng tắm riêng ở Huyện Long Khánh (Eaglekamp)","Đồng Nai, Huyện Long Khánh, Việt Nam",Đồng Nai
60561343,"Căn hộ m² 1 phòng ngủ, 1 phòng tắm riêng ở Ấp Lộc Lâm (Nhà Nghỉ Quốc Hưng)","Ấp Lộc Lâm, Đồng Nai, Việt Nam",Đồng Nai
47819417,"Căn hộ 150 m² 1 phòng ngủ, 1 phòng tắm riêng ở Gia Tân 2 (Nhà nghỉ A&EM)","Gia Tân 2, Xã Gia Tân, Đồng Nai, Việt Nam",Đồng Nai
50629513,"Căn hộ 18 m² 1 phòng ngủ, 1 phòng tắm riêng ở Gia Tân 2 (Nhà nghỉ A&EM)","Gia Tân 2, Xã Gia Tân, Đồng Nai, Việt Nam",Đồng Nai
51248787,"Căn hộ 30 m² 1 phòng ngủ, 1 phòng tắm riêng ở Gia Tân 2 (Nhà nghỉ A&em)","Gia Tân 2, Xã Gia Tân, Đồng Nai, Việt Nam",Đồng Nai
60709417,An Nhien Garden,"05 Tổ 30B, Huyện Long Khánh, Đồng Nai, Việt Nam",Đồng Nai
79325917,"m² 3 phòng ngủ, 4 phòng tắm riêng ở Tỉnh Đồng Nai (Family Garden House at Tri An Lake, Đồng Nai)","Ðông Nãi, Đồng Nai, Việt Nam",Đồng Nai
64715528,"300 m² 2 phòng ngủ, 1 phòng tắm riêng ở Tỉnh Đồng Nai (HomeStay Hoang Anh)","Ðông Nãi, Đồng Nai, Việt Nam",Đồng Nai
59286905,"Nhà trệt m² 1 phòng ngủ, 1 phòng tắm riêng ở Huyện Long Khánh (Ghé nhà )","Đồng Nai, Huyện Long Khánh, Việt Nam",Đồng Nai
60485332,"Căn hộ m² 1 phòng ngủ, 1 phòng tắm riêng ở Sông Bé (Nghiêng Homestay - Nhà nguyên căn)","Sông Bé, Đồng Nai, Việt Nam",Đồng Nai
287616,Khách Sạn Chương Dương (Chuong Duong Hotel),"10 Đường 30 Tháng 4, Tiền Giang, Việt Nam",Long An
298371,Khách sạn Sông Tiền Annex (Song Tien Annex Hotel),"33 Thiên Hộ Dương Mỹ Tho, Tiền Giang, Việt Nam",Long An
299449,Khách sạn Sông Tiền (Song Tien Hotel),"101 Đường Trưng Trắc, Phường 1, Tiền Giang, Việt Nam",Long An
393956,Khách sạn Trung Lương 2 (Trung Luong Hotel 2),"Quốc lộ 50, Tiền Giang, Việt Nam",Long An
625091,Khu Nghỉ Dưỡng Mỹ Khánh (My Khanh Resort),"335 Lo Vong Cung My Khanh, Cần Thơ, Việt Nam",Hậu Giang
724074,Khách sạn Minh Kiều (Minh Kieu Hotel),"02 Thủ Khoa Huân, Phường 1, Tiền Giang, Việt Nam",Long An
810267,Khách sạn Minh Tài (Minh Tai Hotel),"01 Đường Nguyễn Huệ, Tiền Giang, Việt Nam",Long An
1120476,Royal Palace Hotel,"176A Đường Bình Thuận, Thành phố Tuyên Quang, Việt Nam",Tuyên Quang
1159818,Rang Dong Hotel,"Bờ Kè Sông Tiền, Phường 6, Tiền Giang, Việt Nam",Long An
1160655,Khách sạn Mekong Mỹ Tho (Mekong My Tho Hotel ),"1A Tết Mậu Thân TP Mỹ Tho, Phường 4, Tiền Giang, Việt Nam",Long An
1178512,Khách sạn MK Two (MK Two Hotel ),"Tỉnh Đồng Th p, Số 468  Phường Mỹ Phong, Tiền Giang, Việt Nam",Long An
1622072,Khách sạn Mường Thanh Grand Tuyên Quang (Muong Thanh Grand Tuyen Quang Hotel),"207 Đường Bình Thuận, Phường Tân Quang, Thành phố Tuyên Quang, Việt Nam",Yên Bái
2550938,Mekong Rustic Cần Thơ (Mekong Rustic Can Tho),"Nhơn Lộc 1, Cần Thơ, Việt Nam",Hậu Giang
2736984,Happy Farm Tien Giang Homestay,"35 Bo Xe Hamlet Thanh Phu Commune, Tiền Giang, Việt Nam",Long An
5161316,Khách sạn Cửu Long (Cuu Long Hotel My Tho),"81-83 Đường 30/4, Phường 1, Thành phố Mỹ Tho, Việt Nam",Long An
9357768,Thanh Bình Hostel (Thanh Binh Hostel),"C1, Cần Thơ, Việt Nam",Cần Thơ
9401533,Bình Minh EcoLodge (Binh Minh Eco Lodge),"My Hoa Hamlet, Cần Thơ, Việt Nam",Cần Thơ
9754877,MEKONG DANIEL HOMESTAY CAN THO,"AP NHON KHANH, Cần Thơ, Việt Nam",Cần Thơ
10776614,Pài Bjooc homestay (Pai Bjooc homestay),"huyện Yên Sơn, Xã Thái Bình, Việt Nam",Tuyên Quang
12782164,"Bungalow 72 m² 2 phòng ngủ, 2 phòng tắm riêng ở Ấp Nhơn Lộc (Mekong Daniel Resort(Family Bungalow))","Phong Điền, Cần Thơ, Việt Nam",Cần Thơ
13429241,Khách sạn và Quán cà phê TK (TK Hotel and Coffee),"Block A11-54, Cần Thơ, Việt Nam",Cần Thơ
14695806,Ecolodge Cần Thơ (Can Tho Ecolodge),"542 Area No.3, Ba Lang Phường, Cần Thơ, Việt Nam",Hậu Giang
15919314,"Bungalow 120 m² 4 phòng ngủ, 4 phòng tắm riêng ở Mỹ Tho (VIP ROOM)","Mỹ Tho, Tiền Giang, Việt Nam",Long An
22231631,โรงแรมฮั่นฟาด 9 - Hostel Hạnh Phát 9 (โรงแรมฮั่นฟาด 9 - Hostel Hanh Phat 9),"167-203 ĐT923, Cần Thơ, Việt Nam",Cần Thơ
28232285,Island Homestay,"18 le chan Mỹ Tho, Tiền Giang, Việt Nam",Long An
29531114,Khu nghỉ dưỡng Mekong Silt Ecolodge (Mekong Silt Ecolodge),"My Khanh commune, Cần Thơ, Việt Nam",Cần Thơ
32197928,Flower Boutique Lodge (Flower Boutique Lodge ),"RẠCH MƯƠNG ĐÌNH  ẤP NHƠN PHÚ 1, Cần Thơ, Việt Nam",Cần Thơ
32355557,Khách sạn Lạc Hồng Mỹ Tho (Khách Sạn Lạc Hồng Mỹ Tho ),"67 Đường 30/4, Phường 1, Thành phố Mỹ Tho, Việt Nam",Long An
32991276,Khu nghỉ dưỡng sinh thái Cantho (Cantho Eco Resort),"Cantho Eco Resort, Cần Thơ, Việt Nam",Cần Thơ
33593281,Khách Sạn Lạc Hồng Mỹ Tho - Lac Hong My Tho Hotel (Khach San Lac Hong My Tho - Lac Hong My Tho Hotel),"69 Đường 30/4, Phường 1, Tiền Giang, Việt Nam",Long An
35866068,Mekong Daniel Bungalow,"QL 61C Cai Rang, Việt Nam",Cần Thơ
35899523,Vamxang Rustic Home,"002 Nhon Loc 1 Hamlet Phong Dien District, Việt Nam",Hậu Giang
37355681,Coco Island,"Khu du lịch Cồn Phụng, Việt Nam",Bến Tre
37391790,"Căn hộ 200 m² 7 phòng ngủ, 7 phòng tắm riêng ở Tuyên Quang (Nhà nghỉ Tuấn Anh (Tuan Anh Hostel))","Tuyên Quang, Việt Nam",Tuyên Quang
37648014,Khu nghỉ dưỡng sinh thái Cần Thơ (Cantho Eco Resort),"61C National Highway Km7, Cần Thơ, Việt Nam",Cần Thơ
38107966,"Căn hộ 500 m² 15 phòng ngủ, 15 phòng tắm riêng ở Khu du lịch Phù Sa Cồn Ấu (Nhà nghỉ Thanh Xuân 2)","Khu du lịch Phù Sa Cồn Ấu, Cần Thơ, Việt Nam",Cần Thơ
38109880,"Căn hộ 500 m² 15 phòng ngủ, 15 phòng tắm riêng ở Khu du lịch Phù Sa Cồn Ấu (Nhà nghỉ Hồng Nhung)","Khu du lịch Phù Sa Cồn Ấu, Cần Thơ, Việt Nam",Cần Thơ
38597294,"Căn hộ 150 m² 5 phòng ngủ, 5 phòng tắm riêng ở Ấp Nhơn Lộc (Nhà nghỉ Anh Tuấn)","Phong Điền, Cần Thơ, Việt Nam",Cần Thơ
40356842,Gò Chanh Homestay (Go Chanh Homestay),"Đường Tỉnh 925, Cần Thơ, Việt Nam",Cần Thơ
41163611,Anh Anh Luxury Hotel,"15 Nguyễn Văn Linh Tuyên Quang, Việt Nam",Tuyên Quang
42018029,"Căn hộ 2000 m² 16 phòng ngủ, 16 phòng tắm riêng ở Tuyên Quang (Green Tung Duong House)","Tuyên Quang, Việt Nam",Tuyên Quang
43169421,Hotel Hồng Cẩm (Hotel Hong Cam),"7 Nguyễn Thị Thập Mỹ Tho, Tiền Giang, Việt Nam",Long An
45032802,Homestay Songngu Pisces,"So 113, Việt Nam",Cần Thơ
45142363,An Homestay Tuyên Quang (An Homestay Tuyen Quang),"Số nhà 27 - Đường Bình Thuận - Tp Tuyên Quang, Việt Nam",Tuyên Quang
46617758,ISLAND HOMESTAY TIỀN GIANG (ISLAND HOMESTAY TIEN GIANG),"18 Lê Chân Mỹ Tho, Tiền Giang, Việt Nam",Long An
46815516,Khách sạn Chương Dương (CHUONG DUONG HOTEL),"No. 10 Đường 30/4, Phường My Tho, Tiền Giang, Việt Nam",Long An
47564699,"Nhà riêng 100 m² 3 phòng ngủ, 3 phòng tắm riêng ở Mỹ Tho (TLH/ Nhà nguyên căn 3PN đầy đủ tiện nghi)","Mỹ Tho, Tiền Giang, Việt Nam",Long An
49699457,Cóc Retreat Mỹ Tho City (Coc Retreat My Tho City),"Tỉnh 3 Thiện, Tiền Giang, Việt Nam",Tiền Giang
51975308,Khách sạn Mai Lan Mini (Mai Lan Mini Hotel),"418B Huynh Thi No Đường, Cần Thơ, Việt Nam",Cần Thơ
55811320,Ánh Dương Motel (Anh Duong Motel),"Ä T750, Bình Dương, Việt Nam",Bình Dương
55963132,Na Tuệ An-Homestay 81 Võ Văn Kiệt (Na Tue An-Homestay 81 Vo Van Kiet),"Tuyên Quang, Việt Nam",Tuyên Quang
56231168,"Nhà riêng 60 m² 1 phòng ngủ, 1 phòng tắm riêng ở Mỹ Tho (""TLH"" Premium Riverside Suite 01 overlooking river)","Mỹ Tho, Tiền Giang, Việt Nam",Long An
56231226,"Căn hộ 60 m² 1 phòng ngủ, 1 phòng tắm riêng ở Mỹ Tho (Căn hộ đầy đủ tiện nghi cạnh bờ kè sông Mỹ Tho)","Mỹ Tho, Tiền Giang, Việt Nam",Long An
56383484,MekongEcoHome,"08A Đường Phạm Hùng, Cần Thơ, Việt Nam",Cần Thơ
59351250,M-Homey! Mini Resort,"Mỹ Tho, Tiền Giang, Việt Nam",Long An
60747804,Peach Peach Home,"Mỹ Tho, Tiền Giang, Việt Nam",Long An
60766710,"Nhà trệt 31 m² 1 phòng ngủ, 1 phòng tắm riêng ở Tân Thạch (S'Bungalow Bến Tre)","Tân Thạch, Việt Nam",Bến Tre
60812230,"Khu nghỉ dưỡng Cồn Phụng Mekong - Thiên nhiên, đưa đón thuyền & câu cá miễn phí (Cồn Phụng Resort Mekong - Nature Escape with Free Boat Shuttle & Fishing)","Unnamed, Việt Nam",Bến Tre
61278973,Onsen Cóc Retreat (Onsen Coc Retreat),"Đường Ba Thiện, Tiền Giang, Việt Nam",Long An
61615461,Khách sạn Central Plaza - Mỹ Tho (CENTRAL PLAZA HOTEL - MY THO),"15b - 19 Ba Mươi Th ng Tư Mỹ Tho, Tiền Giang, Việt Nam",Long An
63294831,"Căn hộ 140 m² 2 phòng ngủ, 1 phòng tắm riêng ở Cái Răng (1988 Homestay Cần Thơ)","Cái Răng, Cần Thơ, Việt Nam",Cần Thơ
64899794,Khách sạn Siri 2 (Siri 2 Hotel ),"No. 7/15, Tiền Giang, Việt Nam",Long An
66747312,68b hùng Vương (68b hung Vuong),"Mỹ Tho, Tiền Giang, Việt Nam",Long An
67097550,Bách Thảo Ngân,"465 Đường Lê Duẩn, Yên Bái, Việt Nam",Yên Bái
67395497,Bách Thảo Ngân Hotel Resort (Bach Thao Ngan Hotel Resort),"84 Tuyên Quang, Yên Bái, Việt Nam",Yên Bái
69988509,Khách sạn Lam Phương Luxury (Hotel Lam Phuong Luxury),"Nhà Nghỉ Lâm Phương, Phường 10, Tiền Giang, Việt Nam",Long An
70922994,Khách sạn Bamboo Riverside Boutique (Bamboo Riverside Boutique Hotel),"567 Tan An Thượng Tân Thạch, Việt Nam",Bến Tre
71170895,Khu nghỉ dưỡng sinh thái Phi Yến Cần Thơ (Phi Yen Eco Resort Can Tho),"090 ĐT923 Ấp Nhơn Lộc 1  Thị trấn Phong Điền, Cần Thơ, Việt Nam",Cần Thơ
73610815,"Nhà riêng 120 m² 3 phòng ngủ, 3 phòng tắm riêng ở Mỹ Tho (The Little House Lê Văn Phẩm)","Mỹ Tho, Tiền Giang, Việt Nam",Long An
74228293,Trung Lương homestay (TRUNG LUONG HOMESTAY),"199/3 Tết Mậu Th n Mỹ Tho, Phường 4, Tiền Giang, Việt Nam",Long An
76933401,Bến Tre Homestay,"ap 6b, Việt Nam",Bến Tre
78200408,Khách sạn Long Sơn (LONG SƠN HOTEL),"Ap Thoi Thanh, Tiền Giang, Việt Nam",Long An
78326351,Bình Minh hotel,"Đường NGUYEN THI MINH KHAI, Cần Thơ, Việt Nam",Cần Thơ
78341954,Phi Yen Eco Resort,"090 ÐT923 Nhon Loc 1 Hamlet Phong Điền, Cần Thơ, Việt Nam",Cần Thơ
78347143,Hotel Lam Phuong Luxury,"p10, Tiền Giang, Việt Nam",Tiền Giang
79827089,Nhà Nghỉ Quỳnh Thoa (Nha Nghi Quynh Thoa),"273 Lê Văn Phẩm Mỹ Tho Tiền Giang, Tiền Giang, Việt Nam",Tiền Giang
80540139,"Nhà riêng m² 1 phòng ngủ, 1 phòng tắm riêng ở Mỹ Tho (Chloe's Room)","Mỹ Tho, Tiền Giang, Việt Nam",Long An
80540140,"Nhà riêng m² 1 phòng ngủ, 1 phòng tắm riêng ở Mỹ Tho (CELINE's LOFT)","Mỹ Tho, Tiền Giang, Việt Nam",Long An
80986701,Khách sạn Thu Trang (Hotel Thu Trang),"ngõ 63 Đường Phạm Hùng, Việt Nam",Tuyên Quang
81051270,Hotel Thu Trang,"Tuyên Quang, Hotel thu trang số 11 ngõ 63 Đường phạm hùng Phường an tường thanh phố tuyên quang, Việt Nam",Tuyên Quang
