room_type_id,price_option_price,adults_number,children_number,bãi_đậu_xe,phòng_tập,wifi_miễn_phí,không_hoàn_tiền,miễn_phí_hủy,vào_hồ_bơi_miễn_phí,đã_kèm_bữa_sáng
1,289522.0,2,0,1,0,1,0,1,0,0
2,361111.0,2,0,1,0,1,0,1,0,0
3,601852.0,4,2,1,0,1,0,1,0,0
4,425926.0,2,0,1,0,0,0,1,0,0
5,1450000.0,2,0,0,0,1,0,0,0,0
5,1810000.0,2,0,0,0,1,0,0,0,1
5,1630000.0,1,0,0,0,1,0,0,0,1
6,1650000.0,2,0,0,0,1,0,0,0,0
6,2010000.0,2,0,0,0,1,0,0,0,1
6,1830000.0,1,0,0,0,1,0,0,0,1
7,1800000.0,2,0,0,0,1,0,0,0,0
7,2160000.0,2,0,0,0,1,0,0,0,1
7,1980000.0,1,0,0,0,1,0,0,0,1
8,1950000.0,2,0,0,0,1,0,0,0,0
8,2310000.0,2,0,0,0,1,0,0,0,1
8,2130000.0,1,0,0,0,1,0,0,0,1
9,2050000.0,2,0,0,0,1,0,0,0,0
9,2410000.0,2,0,0,0,1,0,0,0,1
9,2230000.0,1,0,0,0,1,0,0,0,1
10,2250000.0,4,0,0,0,1,0,0,0,0
10,2610000.0,2,0,0,0,1,0,0,0,1
11,557535.0,2,0,1,0,1,0,1,0,1
12,840956.0,2,0,1,0,1,0,1,0,1
12,853616.0,2,0,1,0,1,0,1,0,1
13,929657.0,3,0,1,0,1,0,1,0,1
13,941797.0,3,0,1,0,1,0,1,0,1
14,434262.0,2,0,0,0,1,0,1,0,0
14,745946.0,2,0,0,0,1,0,1,0,0
15,494856.0,2,0,0,0,1,0,1,0,0
16,494856.0,2,0,0,0,1,0,1,0,0
17,581065.0,2,0,0,0,1,0,1,0,0
18,741882.0,2,0,0,0,1,0,1,0,0
19,794595.0,2,0,0,0,1,0,1,0,0
20,810811.0,2,0,0,0,1,0,1,0,0
21,891892.0,2,0,0,0,1,0,1,0,0
22,1135136.0,2,0,0,0,1,0,1,0,0
23,335629.0,2,0,1,0,1,0,1,0,0
23,388889.0,2,0,1,0,1,0,1,0,0
24,468343.0,2,0,1,0,1,0,1,0,0
25,703704.0,2,0,1,0,1,0,1,0,0
26,703829.0,2,0,1,0,1,0,1,0,0
27,261977.0,2,0,1,0,1,0,1,0,0
27,284832.0,2,0,1,0,1,0,0,0,0
27,335097.0,2,0,1,0,1,0,1,0,0
28,277193.0,2,0,1,0,1,0,1,0,0
28,286631.0,2,0,1,0,1,0,0,0,0
28,337213.0,2,0,1,0,1,0,1,0,0
29,284151.0,2,0,1,0,1,0,1,0,0
29,293827.0,2,0,1,0,1,0,0,0,0
29,345679.0,2,0,1,0,1,0,1,0,0
30,376653.0,4,0,1,0,1,0,1,0,0
30,382575.0,4,0,1,0,1,0,0,0,0
30,450088.0,4,0,1,0,1,0,1,0,0
31,392593.0,4,0,1,0,1,0,1,0,0
31,398765.0,4,0,1,0,1,0,0,0,0
31,469136.0,4,0,1,0,1,0,1,0,0
32,1769306.0,2,0,1,1,1,1,0,0,1
33,1769306.0,2,0,1,1,1,1,0,0,1
34,1847428.0,2,0,1,1,1,1,0,0,0
34,2033053.0,2,0,1,1,1,1,0,0,1
34,2082836.0,2,0,1,1,1,0,1,0,0
34,2160996.0,2,0,1,1,1,0,1,0,1
35,1847428.0,2,0,1,1,1,1,0,0,0
35,2033053.0,2,0,1,1,1,1,0,0,1
35,2082836.0,2,0,1,1,1,0,1,0,0
35,2544080.0,2,0,1,1,1,0,1,0,1
36,1935617.0,2,0,1,1,1,0,0,0,0
36,1955315.0,2,0,1,1,1,0,1,0,0
36,2369977.0,2,0,1,1,1,1,0,0,1
36,2416572.0,2,0,1,1,1,0,1,0,1
37,2363688.0,2,0,1,1,1,1,0,0,1
37,2501832.0,2,0,1,1,1,0,1,0,0
37,2512786.0,2,0,1,1,1,0,1,0,1
37,3307556.0,2,1,1,1,1,0,1,0,1
38,2378491.0,2,0,1,1,1,0,1,0,0
38,2905556.0,2,0,1,1,1,0,1,0,1
39,2378491.0,2,0,1,1,1,0,1,0,0
39,2905556.0,2,0,1,1,1,0,1,0,1
40,2652114.0,2,0,1,1,1,1,0,0,1
40,2819932.0,2,0,1,1,1,0,1,0,1
40,2847959.0,2,0,1,1,1,0,1,0,0
40,3693889.0,2,1,1,1,1,0,1,0,1
41,2857294.0,2,0,1,1,1,0,1,0,0
41,3383868.0,2,0,1,1,1,0,1,0,1
42,1275045.0,2,0,1,0,1,1,0,0,1
43,1774567.0,2,0,1,0,1,1,0,0,1
43,2175926.0,2,0,1,0,1,0,0,0,1
44,1925594.0,2,0,1,0,1,1,0,0,1
44,1756679.0,1,0,1,0,1,1,0,0,1
45,2831756.0,2,0,1,0,1,1,0,0,1
45,3472222.0,2,0,1,0,1,0,0,0,1
45,2693574.0,1,0,1,0,1,1,0,0,1
45,3194444.0,1,0,1,0,1,0,0,0,1
46,1134248.0,2,0,1,1,1,1,0,0,0
47,1349678.0,2,0,1,1,1,1,0,0,0
47,1457200.0,2,1,1,1,1,0,1,1,0
47,1611111.0,2,0,1,1,1,0,1,0,0
48,1860332.0,2,0,1,1,1,1,0,0,0
48,1935994.0,2,0,1,1,1,0,1,1,0
49,1860332.0,2,0,1,1,1,1,0,0,0
49,1935994.0,2,1,1,1,1,0,1,1,0
49,2140476.0,2,0,1,1,1,0,1,0,0
50,2140476.0,2,0,1,1,1,0,1,0,0
51,3538914.0,2,1,1,1,1,0,1,1,0
51,3578773.0,2,0,1,1,1,1,0,0,0
52,737091.0,2,0,1,1,1,0,1,1,0
52,887778.0,2,1,1,1,1,0,1,0,0
53,928678.0,4,0,1,1,1,0,1,1,0
53,963000.0,2,0,1,1,1,0,1,0,0
53,1123889.0,4,1,1,1,1,0,1,0,0
54,1035856.0,4,0,1,1,1,0,1,1,0
55,806501.0,2,2,1,0,1,0,0,1,1
55,902116.0,2,2,1,0,1,0,0,1,1
55,972679.0,2,0,1,0,1,0,1,0,1
56,965756.0,2,2,1,0,1,0,0,1,1
56,969273.0,2,0,1,0,1,0,0,0,1
56,972679.0,2,0,1,0,1,0,1,0,1
56,1011464.0,2,2,1,0,1,0,0,1,1
57,997665.0,2,0,1,0,1,1,0,0,1
57,886492.0,1,1,1,0,1,0,0,1,1
57,902116.0,1,1,1,0,1,0,0,1,1
57,1527778.0,1,0,1,0,1,0,0,0,1
58,1017959.0,2,2,1,0,1,0,0,1,1
58,1020700.0,2,0,1,0,1,0,0,0,1
58,1024348.0,2,0,1,0,1,0,1,0,1
58,1066138.0,2,2,1,0,1,0,0,1,1
59,1037909.0,2,0,1,0,1,1,0,0,1
59,1805556.0,2,0,1,0,1,0,0,0,1
60,1102971.0,2,0,1,0,1,1,0,0,1
60,1048983.0,1,1,1,0,1,0,0,1,1
60,1066138.0,1,1,1,0,1,0,0,1,1
60,1805556.0,1,0,1,0,1,0,0,0,1
61,1258279.0,2,2,1,0,1,0,0,1,1
61,1312169.0,2,2,1,0,1,0,0,1,1
62,1276207.0,2,0,1,0,1,0,0,0,1
62,1280615.0,2,0,1,0,1,0,1,0,1
62,1291319.0,1,1,1,0,1,0,0,1,1
62,1312169.0,1,1,1,0,1,0,0,1,1
63,1527778.0,2,0,1,0,1,0,0,0,1
64,1680870.0,2,0,1,0,1,1,0,0,1
64,1895176.0,2,0,1,0,1,0,1,0,1
64,2050265.0,2,2,1,0,1,0,0,1,1
65,3472222.0,2,0,1,0,1,0,0,0,1
66,3936217.0,2,0,1,0,1,1,0,0,1
67,2500000.0,2,0,0,0,0,0,1,0,0
67,2900000.0,2,0,0,0,0,0,1,0,1
67,3050000.0,2,0,1,0,1,0,1,0,1
68,354507.0,2,0,1,0,1,0,1,0,0
68,343657.0,1,0,1,0,1,0,1,0,0
69,456619.0,2,0,1,0,1,0,1,0,0
69,507676.0,3,0,1,0,1,0,1,0,0
69,429572.0,1,0,1,0,1,0,1,0,0
70,1988952.0,2,0,1,1,1,1,0,0,1
71,315657.0,2,0,0,0,1,0,1,0,0
71,325251.0,2,0,1,0,1,0,1,0,0
72,420875.0,4,0,0,0,1,0,1,0,0
72,434546.0,4,0,1,0,1,0,1,0,0
73,2211436.0,2,0,1,1,1,1,0,0,0
73,2248361.0,2,0,1,1,1,0,1,0,0
73,2442096.0,2,0,1,1,1,1,0,0,1
73,2568794.0,2,0,1,1,1,0,1,0,1
74,2211436.0,2,0,1,1,1,1,0,0,0
74,2248361.0,2,0,1,1,1,0,1,0,0
74,2442096.0,2,0,1,1,1,1,0,0,1
74,2568794.0,2,0,1,1,1,0,1,0,1
75,2704385.0,2,0,1,1,1,1,0,0,0
75,2744082.0,2,0,1,1,1,0,1,0,0
75,2955574.0,2,0,1,1,1,1,0,0,1
75,3081584.0,2,0,1,1,1,0,1,0,1
76,2704385.0,2,0,1,1,1,1,0,0,0
76,2744082.0,2,0,1,1,1,0,1,0,0
76,2955574.0,2,0,1,1,1,1,0,0,1
76,3081584.0,2,0,1,1,1,0,1,0,1
77,2899900.0,2,0,1,1,1,1,0,0,0
77,2917551.0,2,0,1,1,1,0,1,0,0
77,3128135.0,2,0,1,1,1,1,0,0,1
77,3259568.0,2,0,1,1,1,0,1,0,1
78,2917551.0,2,0,1,1,1,0,1,0,0
78,2931151.0,2,0,1,1,1,0,1,0,0
78,3057806.0,2,0,1,1,1,1,0,0,1
78,3259568.0,2,0,1,1,1,0,1,0,1
79,633816.0,2,0,1,0,1,0,1,0,0
79,956665.0,2,1,1,0,1,0,0,0,0
80,633816.0,2,0,1,0,1,0,1,0,0
81,633816.0,2,0,1,0,1,0,1,0,0
82,717499.0,2,1,1,0,1,0,0,0,0
83,744474.0,2,1,1,0,1,0,1,0,0
84,744474.0,2,1,1,0,1,0,1,0,0
85,956665.0,2,0,1,0,1,0,0,0,0
86,406343.0,2,1,1,0,1,0,1,0,0
86,467372.0,2,1,1,0,1,1,0,0,0
87,460790.0,2,1,1,0,1,0,1,0,0
87,502645.0,2,1,1,0,1,1,0,0,0
88,460790.0,2,1,1,0,1,0,1,0,0
88,502645.0,2,1,1,0,1,1,0,0,0
89,496617.0,2,1,1,0,1,0,1,0,0
89,537919.0,2,1,1,0,1,1,0,0,0
90,496617.0,2,1,1,0,1,0,1,0,0
90,537919.0,2,1,1,0,1,1,0,0,0
91,592562.0,2,1,1,0,1,0,1,0,0
91,626102.0,2,1,1,0,1,1,0,0,0
92,729870.0,2,0,1,1,1,0,1,0,0
92,781250.0,2,0,1,1,1,0,1,0,0
92,703125.0,1,0,1,1,1,0,1,0,0
93,1011029.0,4,0,1,1,1,0,1,0,0
93,1044093.0,2,0,1,1,1,0,1,0,0
94,955853.0,2,0,1,1,1,0,1,0,0
94,1449743.0,2,1,1,1,1,1,0,0,0
94,1610825.0,2,1,1,1,1,0,1,0,0
95,2256015.0,2,1,1,1,1,0,1,0,0
95,2579824.0,3,1,1,1,1,0,1,0,0
95,2211278.0,1,1,1,1,1,0,1,0,0
96,588880.0,2,0,1,0,1,0,1,0,0
96,800000.0,2,1,1,0,1,0,0,0,0
96,597658.0,1,1,1,0,1,0,1,0,0
96,768000.0,1,1,1,0,1,0,0,0,0
97,678431.0,2,1,1,0,1,0,1,0,0
97,722037.0,3,1,1,0,1,0,1,0,0
97,906667.0,2,1,1,0,1,0,0,0,0
98,680584.0,2,0,1,0,1,0,1,0,0
98,866667.0,2,1,1,0,1,0,0,0,0
98,832000.0,1,1,1,0,1,0,0,0,0
99,843392.0,2,0,1,0,1,0,1,0,0
99,980000.0,2,0,1,0,1,0,0,0,0
99,847070.0,1,1,1,0,1,0,1,0,0
100,592935.0,2,0,1,1,1,1,0,0,1
100,1206877.0,2,0,1,1,1,0,1,0,1
100,1047503.0,1,1,1,1,1,1,0,0,1
101,1146212.0,2,0,1,1,1,1,0,0,1
101,2216483.0,2,0,1,1,1,0,1,0,1
101,1664034.0,1,1,1,1,1,1,0,0,1
102,370370.0,2,0,1,0,0,0,1,0,0
103,462963.0,4,0,1,0,0,0,1,0,0
104,398148.0,2,0,0,0,0,0,1,0,0
105,267915.0,2,0,1,0,1,0,1,0,0
105,342222.0,2,0,1,0,1,0,1,0,0
105,325111.0,1,0,1,0,1,0,1,0,0
106,351800.0,2,2,1,0,1,0,1,0,0
107,414622.0,2,0,1,0,1,0,1,0,0
108,327079.0,2,2,1,0,1,0,1,0,0
109,416667.0,2,0,1,0,1,1,0,0,0
110,229779.0,2,0,1,0,1,0,1,0,0
111,275736.0,2,0,1,0,1,0,1,0,0
112,413603.0,3,0,1,0,1,0,1,0,0
113,229779.0,1,0,1,0,1,0,1,0,0
114,335097.0,2,0,1,0,1,0,0,0,1
114,318342.0,1,0,1,0,1,0,0,0,1
115,423280.0,2,1,1,0,1,0,0,0,1
116,529101.0,3,1,1,0,1,0,0,0,1
117,599647.0,3,1,1,0,1,0,0,0,1
118,864198.0,2,1,1,0,1,0,0,0,1
119,1128748.0,6,1,1,0,1,0,0,0,1
120,291322.0,2,1,1,0,1,0,1,0,0
120,323119.0,1,1,1,0,1,0,1,0,0
121,507875.0,4,2,1,0,1,0,1,0,0
122,512077.0,2,1,1,0,1,0,1,0,0
123,192096.0,2,0,1,0,1,0,0,0,0
123,202206.0,2,0,1,0,1,0,1,0,0
124,266545.0,2,0,1,0,1,0,1,0,0
124,307905.0,3,0,1,0,1,0,1,0,0
125,367647.0,3,0,1,0,1,0,1,0,0
126,372414.0,2,0,0,0,1,0,0,0,0
126,555556.0,1,0,0,0,1,0,0,0,0
127,470172.0,2,0,0,0,1,0,0,0,0
127,537037.0,2,0,0,0,1,0,0,0,0
128,527318.0,2,0,0,0,1,1,0,0,0
128,774205.0,2,0,0,0,1,1,0,0,1
129,673884.0,4,0,0,0,1,1,0,0,0
129,1054684.0,4,0,0,0,1,1,0,0,1
130,765000.0,2,0,0,0,1,0,0,0,0
130,1093500.0,2,0,0,0,1,0,0,0,1
131,582080.0,2,1,0,0,0,1,0,0,0
131,795505.0,2,1,0,0,0,1,0,0,0
132,1200158.0,3,1,0,0,0,1,0,0,0
132,1495549.0,3,1,0,0,0,1,0,0,0
133,1519519.0,4,1,0,0,0,1,0,0,0
133,1893301.0,4,1,0,0,0,1,0,0,0
134,1679132.0,4,2,0,0,0,1,0,0,0
135,2092177.0,4,0,0,0,0,1,0,0,0
136,231481.0,2,0,1,0,1,0,1,0,0
137,506856.0,2,0,1,0,1,0,1,0,0
138,357400.0,2,0,1,0,1,0,0,0,0
138,410185.0,2,0,1,0,1,0,1,0,0
139,461237.0,2,0,1,0,1,0,0,0,0
139,505556.0,2,0,1,0,1,0,1,0,0
140,519641.0,2,0,1,0,1,0,0,0,0
140,564815.0,2,0,1,0,1,0,1,0,0
141,714937.0,4,0,1,0,1,0,0,0,0
142,751852.0,4,0,1,0,1,0,1,0,0
143,370370.0,2,0,0,0,0,0,1,0,1
144,555556.0,2,0,0,0,0,0,1,0,1
145,277778.0,2,1,1,0,1,0,1,0,0
146,324074.0,2,1,1,0,1,0,1,0,0
147,416667.0,2,2,1,0,1,0,1,0,0
147,462963.0,4,2,1,0,1,0,1,0,0
148,634194.0,2,0,0,0,1,0,1,0,0
148,864430.0,2,0,0,0,1,0,1,0,0
149,780643.0,2,0,0,0,1,0,1,0,0
149,1021599.0,2,0,0,0,1,0,1,0,0
150,897922.0,2,0,0,0,1,0,1,0,0
151,1178769.0,2,0,0,0,1,0,1,0,0
151,1178769.0,2,0,0,0,1,0,0,0,0
152,306394.0,2,1,1,0,1,0,1,0,0
152,368333.0,2,1,1,0,1,0,1,0,0
153,464150.0,4,1,1,0,1,0,1,0,0
153,525741.0,4,1,1,0,1,0,1,0,0
154,319655.0,2,0,1,0,1,1,0,0,0
155,351852.0,2,0,1,0,0,0,1,0,0
156,416667.0,2,0,1,0,1,0,1,0,0
157,601852.0,4,0,1,0,1,0,1,0,0
158,1338739.0,2,0,1,0,1,1,0,0,1
159,1469444.0,2,0,1,0,1,1,0,0,1
159,1554825.0,2,0,1,0,1,0,1,0,1
160,1503675.0,2,0,1,0,1,1,0,0,1
160,1684394.0,2,0,1,0,1,0,1,0,1
161,1650463.0,2,0,1,0,1,1,0,0,1
162,1697683.0,2,0,1,0,1,1,0,0,1
162,2177546.0,2,0,1,0,1,1,0,0,1
163,1940209.0,2,0,1,0,1,1,0,0,1
163,2764134.0,2,0,1,0,1,0,1,0,1
164,2418617.0,2,0,1,0,1,0,1,0,1
165,3289078.0,4,0,1,0,1,0,1,0,1
165,3460648.0,4,0,1,0,1,1,0,0,1
166,509259.0,2,0,1,0,1,0,1,0,0
167,694444.0,4,0,1,0,1,0,1,0,0
168,218052.0,2,1,1,0,1,0,1,0,0
169,236111.0,2,1,1,0,1,0,1,0,0
170,288056.0,2,1,1,0,1,0,1,0,0
170,316861.0,2,1,1,0,1,1,0,0,0
171,333704.0,2,1,1,0,1,0,1,0,0
171,367074.0,2,1,1,0,1,1,0,0,0
172,418704.0,2,1,1,0,1,0,1,0,0
172,460574.0,2,1,1,0,1,1,0,0,0
173,431296.0,4,2,1,0,1,0,1,0,0
173,474426.0,4,2,1,0,1,1,0,0,0
174,445718.0,2,0,0,0,0,1,0,0,0
175,624005.0,3,1,0,0,0,1,0,0,0
176,713149.0,4,2,0,0,0,1,0,0,0
177,285772.0,2,1,1,0,1,0,1,0,0
177,361574.0,2,1,1,0,1,0,0,0,0
178,590218.0,2,1,1,0,1,0,1,0,0
179,697685.0,2,1,1,0,1,0,0,0,0
180,840521.0,2,1,1,0,1,0,1,0,0
181,987963.0,2,1,1,0,1,0,0,0,0
182,324074.0,2,0,1,0,1,0,1,0,0
183,370370.0,2,0,1,0,1,0,1,0,0
184,431019.0,2,0,1,0,1,0,1,0,0
185,583333.0,3,0,1,0,1,0,1,0,0
186,748825.0,2,1,1,0,1,0,1,0,0
186,899884.0,3,1,1,0,1,0,1,0,0
187,361111.0,2,0,1,0,1,0,1,0,0
188,416667.0,3,0,1,0,1,0,1,0,0
189,280000.0,2,0,0,0,1,0,1,0,0
189,266000.0,1,0,0,0,1,0,1,0,0
190,357569.0,2,0,1,0,1,1,0,0,0
190,397299.0,2,0,1,0,1,0,1,0,0
191,472016.0,2,1,1,0,1,0,1,0,0
191,474999.0,2,0,1,0,1,1,0,0,0
191,527777.0,2,0,1,0,1,0,1,0,0
192,625777.0,4,1,1,0,1,0,1,0,0
193,711000.0,2,0,1,0,1,0,1,0,0
194,972000.0,2,0,1,0,1,0,1,0,0
195,1030500.0,2,0,1,0,1,0,1,0,0
196,1159200.0,3,0,1,0,1,0,1,0,0
197,500370.0,2,0,1,0,1,0,1,0,0
198,625463.0,2,0,1,0,1,0,1,0,0
199,750556.0,4,0,1,0,1,0,1,0,0
200,292871.0,2,0,1,0,1,0,0,0,0
200,321691.0,2,0,1,0,1,0,1,0,0
201,321691.0,2,0,1,0,1,0,1,0,0
202,413603.0,3,0,1,0,1,0,1,0,0
202,442741.0,2,0,1,0,1,0,0,0,0
203,459559.0,4,0,1,0,1,0,1,0,0
204,522969.0,2,0,1,0,1,0,0,0,0
205,752399.0,2,1,1,1,1,0,0,1,0
206,1075817.0,4,0,1,1,1,0,0,1,0
207,1271421.0,4,0,1,1,1,0,0,1,0
208,352734.0,2,0,1,0,1,0,1,0,0
209,440917.0,2,0,1,0,1,0,1,0,0
210,502646.0,2,0,1,0,1,0,1,0,0
210,477514.0,1,1,1,0,1,0,1,0,0
211,881835.0,3,1,1,0,1,0,1,0,0
212,955853.0,2,0,1,1,1,0,1,0,0
212,1449743.0,2,1,1,1,1,1,0,0,0
212,1610825.0,2,1,1,1,1,0,1,0,0
213,2256015.0,2,1,1,1,1,0,1,0,0
213,2579824.0,3,1,1,1,1,0,1,0,0
213,2211278.0,1,1,1,1,1,0,1,0,0
214,270440.0,2,0,1,0,1,1,0,0,0
215,909927.0,2,0,1,0,1,0,0,0,1
215,1123098.0,2,1,1,0,1,1,0,0,1
216,744486.0,1,0,1,0,1,0,0,0,1
216,867430.0,1,1,1,0,1,1,0,0,1
217,275000.0,2,0,0,0,1,1,0,0,0
217,305556.0,2,0,0,0,1,0,1,0,0
218,416667.0,3,0,0,0,1,0,1,0,0
219,462963.0,4,0,0,0,1,0,1,0,0
220,796041.0,2,0,1,0,1,0,1,0,0
221,929769.0,2,0,1,0,1,0,1,0,0
222,932235.0,2,0,1,0,1,0,1,0,0
223,1052917.0,2,0,1,0,1,0,1,0,0
224,1131680.0,4,0,1,0,1,0,1,0,0
225,1341667.0,4,0,1,0,1,0,1,0,0
226,1377697.0,4,0,1,0,1,0,1,0,0
227,1633333.0,4,0,1,0,1,0,1,0,0
228,388889.0,2,0,1,0,1,0,1,0,0
229,411111.0,2,0,1,0,1,0,1,0,0
230,475000.0,2,0,1,0,1,0,1,0,0
230,490000.0,3,0,1,0,1,0,1,0,0
231,481481.0,2,0,1,0,1,0,1,0,0
232,448919.0,2,1,1,0,1,0,1,0,0
233,563078.0,2,1,1,0,1,0,1,0,0
234,643768.0,2,0,1,0,1,0,1,0,0
234,668925.0,4,2,1,0,1,0,1,0,0
235,723683.0,2,0,1,0,1,0,1,0,0
235,751170.0,4,2,1,0,1,0,1,0,0
236,888415.0,4,2,1,0,1,0,1,0,0
237,398730.0,2,1,1,0,1,0,1,0,0
238,598765.0,1,0,1,0,1,1,0,0,0
239,696106.0,3,1,0,0,1,0,1,0,0
240,925926.0,4,0,0,0,0,0,1,0,0
241,495545.0,2,1,1,0,1,0,1,0,0
241,589963.0,2,1,1,0,1,0,1,0,0
242,578101.0,2,1,1,0,1,0,1,0,0
242,655444.0,2,1,1,0,1,0,1,0,0
243,1160495.0,4,1,1,0,1,0,1,0,0
243,1310574.0,4,1,1,0,1,0,1,0,0
244,277778.0,2,0,0,0,1,0,1,0,0
245,416667.0,4,0,0,0,1,0,1,0,0
246,837090.0,2,0,1,1,1,0,0,0,0
247,1740617.0,4,0,1,1,1,0,0,0,0
248,1740617.0,4,0,1,1,1,0,0,0,0
249,364174.0,2,1,1,0,1,0,1,0,0
249,390917.0,2,1,1,0,1,0,1,0,0
250,549831.0,5,1,1,0,1,0,1,0,0
250,557672.0,5,1,1,0,1,0,1,0,0
251,605213.0,2,1,1,0,1,0,1,0,0
251,615079.0,2,1,1,0,1,0,1,0,0
252,880641.0,2,1,1,0,1,0,1,0,0
252,893915.0,2,1,1,0,1,0,1,0,0
253,500000.0,2,0,1,0,1,0,1,0,0
254,597222.0,2,0,1,0,1,0,1,0,0
255,736111.0,4,0,1,0,1,0,1,0,0
256,277778.0,2,0,1,0,1,0,1,0,0
257,416667.0,2,0,1,0,1,0,1,0,0
258,416667.0,4,0,1,0,1,0,1,0,0
259,685185.0,2,0,0,0,0,0,1,0,0
260,745370.0,2,0,0,0,0,0,1,0,0
261,981481.0,2,0,0,0,0,0,1,0,0
262,1370370.0,4,0,0,0,0,0,1,0,0
263,324074.0,2,0,1,0,1,0,1,0,0
263,291667.0,1,0,1,0,1,0,1,0,0
264,370370.0,2,0,1,0,1,0,1,0,0
264,333333.0,1,0,1,0,1,0,1,0,0
265,509259.0,4,0,1,0,1,0,1,0,0
266,231481.0,2,0,1,0,1,0,1,0,0
267,277778.0,2,0,1,0,1,0,1,0,0
268,208041.0,2,0,1,0,1,0,1,0,0
268,231481.0,2,0,1,0,1,0,0,0,0
269,694444.0,2,0,0,0,1,0,1,0,0
270,1066177.0,4,0,0,0,1,0,0,0,0
271,722222.0,2,0,1,0,1,0,1,0,0
272,923000.0,2,0,1,0,1,0,1,0,0
273,259191.0,2,0,0,0,1,0,1,0,0
274,302390.0,2,0,0,0,1,0,1,0,0
275,388787.0,4,0,0,0,1,0,1,0,0
276,523208.0,2,0,1,0,1,0,1,0,0
276,517976.0,1,0,1,0,1,0,1,0,0
277,703126.0,4,0,1,0,1,0,1,0,0
278,324741.0,2,1,1,0,1,0,1,0,0
279,375571.0,2,1,1,0,1,0,1,0,0
280,506345.0,3,1,1,0,1,0,1,0,0
281,324074.0,1,0,1,0,1,0,1,0,0
282,604056.0,2,1,1,0,1,1,0,0,0
283,780423.0,2,1,1,0,1,1,0,0,0
283,702381.0,1,1,1,0,1,1,0,0,0
284,208333.0,2,1,1,0,1,0,1,0,0
285,254167.0,2,1,1,0,1,0,1,0,0
285,279583.0,2,1,1,0,1,1,0,0,0
286,361111.0,4,2,1,0,1,0,1,0,0
286,397222.0,4,2,1,0,1,1,0,0,0
287,299200.0,2,1,1,0,1,0,1,0,0
288,538267.0,4,0,1,0,1,0,1,0,0
289,305120.0,2,1,1,0,1,0,1,0,0
290,407593.0,4,0,1,0,1,0,1,0,0
291,329381.0,2,0,0,0,0,1,0,0,0
292,329381.0,2,0,0,0,0,1,0,0,0
293,417506.0,2,0,0,0,0,1,0,0,0
294,467009.0,2,0,0,0,0,1,0,0,0
295,9837963.0,2,0,0,0,1,0,1,0,0
296,223346.0,2,0,1,0,1,0,1,0,0
297,1474338.0,4,1,1,0,1,0,0,0,0
298,654871.0,2,0,1,0,0,0,1,0,0
298,689338.0,2,0,1,0,0,0,0,0,0
298,635226.0,1,0,1,0,0,0,1,0,0
298,668658.0,1,0,1,0,0,0,0,0,0
299,781250.0,2,0,1,0,0,0,0,0,0
300,353660.0,2,0,1,0,1,1,0,0,0
301,446876.0,2,1,1,0,1,0,1,0,0
302,637500.0,4,1,1,0,1,0,1,0,0
303,703125.0,2,1,1,0,1,0,1,0,0
304,1021875.0,2,1,1,0,1,0,1,0,0
305,1475192.0,7,1,0,0,1,0,0,0,0
306,500346.0,2,1,1,0,1,0,0,0,0
307,452431.0,4,1,1,0,1,1,0,0,0
308,576527.0,2,0,1,0,1,0,1,0,0
309,638889.0,2,0,1,0,1,0,1,0,0
310,870370.0,4,0,1,0,1,0,1,0,0
311,,0,0,0,0,0,0,0,0,0
312,495370.0,2,0,1,0,1,0,1,0,0
312,666667.0,3,0,1,0,1,0,1,0,0
312,470602.0,1,0,1,0,1,0,1,0,0
313,583333.0,2,0,1,0,1,0,1,0,0
313,565833.0,1,0,1,0,1,0,1,0,0
314,648148.0,2,0,1,0,1,0,1,0,0
314,628704.0,1,0,1,0,1,0,1,0,0
315,675926.0,2,0,1,0,1,0,1,0,0
315,608333.0,1,0,1,0,1,0,1,0,0
316,,0,0,0,0,0,0,0,0,0
317,,0,0,0,0,0,0,0,0,0
318,,0,0,0,0,0,0,0,0,0
319,,0,0,0,0,0,0,0,0,0
320,390442.0,2,0,1,0,1,1,0,0,0
321,440917.0,2,0,1,0,1,0,1,0,0
322,1040444.0,4,1,1,0,1,0,0,0,0
323,701392.0,2,1,1,1,1,0,0,0,0
323,826875.0,2,0,1,1,1,0,1,0,0
323,860615.0,2,1,1,1,1,0,0,0,0
323,964688.0,2,0,1,1,1,0,1,0,0
324,701392.0,2,1,1,1,1,0,0,0,0
324,826875.0,2,0,1,1,1,0,1,0,0
324,860615.0,2,1,1,1,1,0,0,0,0
324,964688.0,2,0,1,1,1,0,1,0,0
325,979249.0,2,1,1,1,1,0,0,0,0
325,1096988.0,2,0,1,1,1,0,1,0,0
326,979249.0,2,1,1,1,1,0,0,0,0
326,1096988.0,2,0,1,1,1,0,1,0,0
327,979249.0,2,1,1,1,1,0,0,0,0
327,1096988.0,2,0,1,1,1,0,1,0,0
328,1097573.0,2,1,1,1,1,0,0,0,0
328,1229288.0,2,0,1,1,1,0,1,0,0
329,1097573.0,2,1,1,1,1,0,0,0,0
329,1229288.0,2,0,1,1,1,0,1,0,0
330,1215697.0,2,1,1,1,1,0,0,0,0
330,1361588.0,2,0,1,1,1,0,1,0,0
331,1602819.0,3,1,1,1,1,0,0,0,0
331,1791563.0,3,0,1,1,1,0,1,0,0
332,1721181.0,3,1,1,1,1,0,0,0,0
332,1923863.0,3,0,1,1,1,0,1,0,0
333,,0,0,0,0,0,0,0,0,0
334,,0,0,0,0,0,0,0,0,0
335,185185.0,2,0,1,0,0,0,1,0,0
336,272727.0,1,0,1,0,0,0,1,0,0
337,318182.0,1,0,1,0,0,0,1,0,0
338,758346.0,2,1,0,0,1,0,1,0,0
339,1290448.0,2,1,0,0,1,0,1,0,0
340,370370.0,2,0,1,0,0,0,1,0,0
341,369679.0,2,1,1,0,1,0,1,0,0
342,555882.0,2,1,1,0,1,1,0,0,0
343,937071.0,2,0,0,0,0,0,1,0,0
344,940116.0,2,0,0,0,0,0,1,0,0
345,1077716.0,2,0,0,0,0,0,1,0,0
346,1329932.0,2,0,0,0,0,0,1,0,0
347,1467499.0,2,0,0,0,0,0,1,0,0
348,231172.0,2,1,1,0,1,0,1,0,0
349,791293.0,2,0,0,0,1,0,1,0,0
350,1370370.0,2,0,0,0,1,0,1,0,0
351,211345.0,2,1,1,0,1,0,1,0,0
352,275736.0,2,0,1,0,1,0,1,0,0
353,349265.0,4,0,1,0,1,0,1,0,0
354,1188301.0,2,1,0,0,1,0,1,0,0
355,241537.0,2,1,1,0,1,0,1,0,0
356,1539032.0,2,1,1,0,1,0,1,0,0
357,832782.0,2,0,1,0,1,1,0,0,0
358,1490553.0,2,0,0,0,0,0,0,0,0
359,409423.0,2,0,1,0,1,1,0,0,1
360,432870.0,2,0,1,0,1,0,1,0,1
361,530489.0,2,0,1,0,1,1,0,0,1
362,550926.0,2,0,1,0,1,0,1,0,1
363,585661.0,4,0,1,0,1,1,0,0,1
364,590278.0,2,0,1,0,1,0,1,0,1
365,664417.0,4,0,1,0,1,1,0,0,1
366,787037.0,4,0,1,0,1,0,1,0,1
367,1203649.0,2,1,0,0,1,0,1,0,0
368,359841.0,2,1,1,0,1,0,0,0,0
369,562462.0,4,1,1,0,1,0,0,0,0
370,615293.0,2,0,1,0,1,0,0,0,0
371,319820.0,2,0,1,0,1,0,1,0,0
372,373874.0,2,0,1,0,1,0,1,0,0
373,531532.0,4,0,1,0,1,0,1,0,0
374,345033.0,2,1,1,0,1,0,1,0,0
375,325887.0,2,1,0,0,0,0,1,0,0
375,405648.0,2,1,0,0,0,1,0,0,0
376,502177.0,4,2,0,0,0,0,1,0,0
376,569124.0,4,2,0,0,0,1,0,0,0
377,1561063.0,2,1,0,0,1,0,1,0,0
378,352757.0,2,0,0,0,0,0,1,0,0
379,352789.0,2,0,0,0,0,0,1,0,0
380,6466601.0,8,1,1,0,1,0,1,0,1
381,6888889.0,8,0,1,0,0,0,0,0,1
382,782262.0,3,1,1,0,1,1,0,0,0
383,1011029.0,2,0,1,0,0,0,0,0,0
384,305556.0,2,0,1,0,0,0,1,0,0
384,290278.0,1,0,1,0,0,0,1,0,0
385,9637958.0,2,1,0,0,0,0,1,0,0
386,4337081.0,2,1,0,0,0,0,1,0,0
387,2122119.0,2,1,0,0,1,0,1,0,0
388,505515.0,2,0,1,0,1,0,1,0,0
389,596508.0,2,0,1,0,1,0,1,0,0
390,596508.0,2,0,1,0,1,0,1,0,0
391,596508.0,2,0,1,0,1,0,1,0,0
392,596508.0,2,0,1,0,1,0,1,0,0
393,688419.0,2,0,1,0,1,0,1,0,0
394,137603.0,2,1,1,0,0,0,1,0,0
395,990251.0,2,0,0,0,1,0,1,0,0
396,765171.0,2,1,1,0,1,0,1,0,0
397,977922.0,2,0,0,0,0,1,0,0,0
398,311986.0,2,1,1,0,1,0,1,0,0
399,321304.0,2,1,1,0,1,0,1,0,0
400,9686148.0,2,1,0,0,0,0,1,0,0
401,1443952.0,2,1,0,0,1,0,1,0,0
402,310977.0,2,1,1,0,1,0,1,0,0
403,573337.0,2,1,1,0,1,0,1,0,0
404,766669.0,2,0,1,0,1,0,1,0,0
405,1214012.0,2,1,0,0,1,0,1,0,0
406,851351.0,2,0,1,0,1,0,1,0,0
406,852726.0,2,0,1,0,1,0,1,0,0
407,851351.0,2,0,1,0,1,0,1,0,0
407,852726.0,2,0,1,0,1,0,1,0,0
407,810811.0,1,0,1,0,1,0,1,0,0
408,1135136.0,2,0,1,0,1,0,1,0,0
408,1140540.0,2,1,1,0,1,0,1,0,0
409,1248649.0,2,0,1,0,1,0,1,0,0
410,1254594.0,2,1,1,0,1,0,1,0,0
411,256437.0,2,0,0,0,0,1,0,0,0
412,270452.0,2,0,0,0,0,1,0,0,0
413,324778.0,2,0,0,0,0,1,0,0,0
414,429503.0,2,0,0,0,0,1,0,0,0
415,439582.0,2,0,0,0,0,1,0,0,0
416,879630.0,3,0,0,0,1,0,0,0,0
417,1379209.0,4,1,0,0,1,0,0,0,0
418,2538598.0,2,1,0,0,0,1,0,0,0
418,2602249.0,2,1,0,0,0,0,1,0,0
419,2538598.0,2,1,0,0,0,1,0,0,0
419,2602249.0,2,1,0,0,0,0,1,0,0
420,2609894.0,4,2,0,0,0,1,0,0,0
420,2613651.0,4,2,0,0,0,0,1,0,0
421,2609894.0,4,2,0,0,0,1,0,0,0
421,2613651.0,4,2,0,0,0,0,1,0,0
422,2237309.0,6,1,1,0,1,0,0,0,0
423,725000.0,2,1,1,0,1,0,1,0,0
424,875000.0,2,1,1,0,1,0,1,0,0
425,1025000.0,2,1,1,0,1,0,1,0,0
426,1175000.0,2,1,1,0,1,0,1,0,0
427,1450000.0,2,1,1,0,1,0,1,0,0
428,1750000.0,2,1,1,0,1,0,1,0,0
429,824074.0,3,0,0,0,0,0,0,0,0
430,1122961.0,4,1,1,0,1,0,0,0,0
431,1529062.0,4,1,0,0,1,0,0,0,0
432,593479.0,2,1,1,0,1,1,0,0,0
433,647263.0,2,0,0,0,0,1,0,0,0
434,392752.0,2,0,1,0,1,1,0,0,0
435,431232.0,2,1,1,0,1,0,1,0,0
435,496000.0,2,1,1,0,1,0,1,0,0
436,459559.0,2,0,1,0,1,0,0,0,0
436,275736.0,1,0,1,0,1,0,0,0,0
437,505515.0,2,0,1,0,1,0,0,0,0
438,597427.0,2,0,1,0,1,0,0,0,0
439,500000.0,2,0,1,0,1,0,0,0,0
440,590909.0,2,0,1,0,1,0,0,0,0
441,200000.0,2,0,0,0,1,1,0,0,0
441,222222.0,2,0,0,0,1,0,1,0,0
442,257407.0,2,0,1,0,1,0,1,0,0
442,231667.0,1,0,1,0,1,0,1,0,0
443,477026.0,2,1,1,0,1,0,0,0,0
444,185185.0,2,0,1,0,1,0,1,0,0
445,267593.0,2,0,1,0,1,0,1,0,0
445,283333.0,3,0,1,0,1,0,1,0,0
445,251852.0,1,0,1,0,1,0,1,0,0
446,363327.0,2,0,1,0,1,0,1,0,0
446,542279.0,4,0,1,0,1,0,1,0,0
447,686415.0,4,1,1,0,1,0,0,0,0
448,483177.0,2,1,1,0,1,0,0,0,0
449,674603.0,2,0,1,0,1,0,0,0,0
450,855379.0,2,0,1,0,1,0,0,0,0
451,876601.0,2,0,0,0,0,0,1,0,0
451,805939.0,1,0,0,0,0,0,1,0,0
452,1081802.0,2,0,0,0,0,0,0,0,0
453,491003.0,2,1,1,0,1,0,0,0,0
454,185185.0,2,0,1,0,1,0,0,0,0
455,242974.0,2,2,1,0,1,0,1,0,0
455,264550.0,2,2,1,0,1,0,1,0,0
456,336845.0,5,4,1,0,1,0,1,0,0
456,342152.0,5,4,1,0,1,0,1,0,0
457,713198.0,10,6,1,0,1,0,1,0,0
457,723104.0,10,6,1,0,1,0,1,0,0
458,869921.0,7,4,1,0,1,0,1,0,0
458,881834.0,7,4,1,0,1,0,1,0,0
459,287224.0,2,2,1,0,1,0,1,0,0
459,374780.0,2,2,1,0,1,0,1,0,0
459,412257.0,2,2,1,0,1,0,0,0,0
460,339028.0,4,4,1,0,1,0,1,0,0
460,396825.0,4,4,1,0,1,0,1,0,0
460,436508.0,4,4,1,0,1,0,0,0,0
461,687670.0,7,4,1,0,1,0,1,0,0
461,771605.0,7,4,1,0,1,0,1,0,0
461,848765.0,7,4,1,0,1,0,0,0,0
462,1105165.0,9,6,1,0,1,0,1,0,0
462,1212522.0,9,6,1,0,1,0,1,0,0
462,1333774.0,9,6,1,0,1,0,0,0,0
463,653238.0,2,2,1,1,1,1,0,0,1
463,870000.0,2,2,1,1,1,1,0,0,1
464,880166.0,2,2,1,1,1,1,0,0,1
464,1100550.0,2,2,1,1,1,1,0,0,1
465,1043948.0,2,2,1,1,1,1,0,0,1
465,1283250.0,2,2,1,1,1,1,0,0,1
466,1047486.0,2,2,1,1,1,1,0,0,1
467,1238582.0,2,0,1,1,1,1,0,0,1
467,1522500.0,2,0,1,1,1,1,0,0,1
468,1589321.0,2,2,1,1,1,1,0,0,1
468,1953150.0,4,0,1,1,1,1,0,0,1
469,2035322.0,2,2,1,1,1,1,0,0,1
470,2501250.0,2,2,1,1,1,1,0,0,1
471,325324.0,4,2,1,0,1,0,1,0,0
471,330688.0,4,2,1,0,1,0,1,0,0
472,379545.0,4,2,1,0,1,0,1,0,0
472,385802.0,4,2,1,0,1,0,1,0,0
472,615741.0,2,2,1,0,1,1,0,0,0
473,433765.0,4,2,1,0,1,0,1,0,0
473,440917.0,4,2,1,0,1,0,1,0,0
474,487986.0,4,2,1,0,1,0,1,0,0
474,496032.0,4,2,1,0,1,0,1,0,0
475,925926.0,6,0,1,0,1,1,0,0,0
476,243067.0,2,0,1,0,1,1,0,0,0
477,276789.0,2,1,1,0,1,1,0,0,0
478,328046.0,2,0,1,0,1,1,0,0,0
479,374232.0,4,0,1,0,1,1,0,0,0
479,443056.0,2,0,1,0,1,0,1,0,0
480,379303.0,2,0,1,0,1,1,0,0,0
481,430560.0,2,0,1,0,1,1,0,0,0
482,449079.0,4,2,1,0,1,1,0,0,0
482,515972.0,2,2,1,0,1,0,1,0,0
482,519444.0,4,1,1,0,1,0,1,0,0
483,542058.0,4,0,1,0,1,1,0,0,0
484,977490.0,9,0,1,0,1,1,0,0,0
485,1184028.0,4,0,1,0,1,0,1,0,0
486,1303585.0,9,0,1,0,1,1,0,0,0
486,1313194.0,2,0,1,0,1,0,1,0,0
486,1316667.0,4,0,1,0,1,0,1,0,0
487,781298.0,2,2,1,0,1,1,0,0,0
487,1015328.0,2,2,1,1,1,0,0,1,0
488,781298.0,2,1,1,0,1,1,0,0,0
488,1015328.0,2,1,1,1,1,0,0,1,0
489,903722.0,2,2,1,0,1,1,0,0,0
489,1103618.0,2,2,1,1,1,0,0,1,0
490,2781823.0,2,2,1,1,1,0,0,1,0
490,3591000.0,2,1,1,0,1,1,0,0,0
491,174704.0,2,1,1,0,1,0,1,0,0
492,188954.0,2,2,1,0,1,0,1,0,0
493,253835.0,3,2,1,0,1,0,1,0,0
494,275469.0,3,2,1,0,1,0,1,0,0
495,243683.0,2,0,1,0,1,0,0,0,0
496,292916.0,2,0,1,0,1,0,0,0,0
497,312209.0,2,0,1,0,1,0,0,0,0
498,341703.0,4,0,1,0,1,0,0,0,0
499,346973.0,4,0,1,0,1,0,0,0,0
500,439206.0,4,0,1,0,1,0,0,0,0
501,593268.0,6,0,1,0,1,0,0,0,0
502,688158.0,9,0,1,0,1,0,0,0,0
503,166667.0,2,0,1,0,1,0,1,0,0
504,259259.0,4,0,1,0,1,0,1,0,0
505,242974.0,2,1,1,0,1,0,1,0,0
506,967990.0,2,1,1,1,1,1,0,0,0
506,1162978.0,2,1,1,1,1,0,0,1,1
507,1099617.0,2,1,1,1,1,1,0,0,0
507,1242907.0,2,1,1,1,1,0,0,1,1
508,1236580.0,2,1,1,1,1,1,0,0,0
508,1383121.0,2,1,1,1,1,0,0,1,1
509,1376816.0,2,1,1,1,1,1,0,0,0
509,1523032.0,2,1,1,1,1,0,0,1,1
510,1651394.0,2,1,1,1,1,1,0,0,0
510,1802855.0,2,1,1,1,1,0,0,1,1
511,1651394.0,2,1,1,1,1,1,0,0,0
511,1802855.0,2,1,1,1,1,0,0,1,1
512,1925973.0,2,1,1,1,1,1,0,0,0
512,2082677.0,2,1,1,1,1,0,0,1,1
513,2120504.0,2,0,1,1,1,1,0,0,0
513,2143072.0,2,0,1,1,1,1,0,0,1
514,3887249.0,2,1,1,1,1,1,0,0,0
514,4081407.0,2,1,1,1,1,0,0,1,1
515,4199886.0,2,0,1,1,1,1,0,0,1
516,4312685.0,2,0,1,1,1,1,0,0,0
516,4315325.0,2,0,1,1,1,1,0,0,1
517,10393397.0,2,1,1,1,1,0,0,1,1
517,12759259.0,2,1,1,1,1,1,0,0,1
518,15989841.0,2,1,1,1,1,0,0,1,1
518,19629630.0,2,1,1,1,1,1,0,0,1
519,785469.0,2,1,1,1,1,1,0,0,0
519,1223203.0,2,1,1,1,1,1,0,0,0
519,5081862.0,2,0,1,1,1,0,1,0,0
520,785469.0,2,1,1,1,1,1,0,0,0
520,1223203.0,2,1,1,1,1,1,0,0,0
520,5081862.0,2,0,1,1,1,0,1,0,0
521,974327.0,2,1,1,1,1,1,0,0,0
521,1364131.0,2,1,1,1,1,1,0,0,0
522,974327.0,2,1,1,1,1,1,0,0,0
522,1364131.0,2,1,1,1,1,1,0,0,0
522,5950513.0,2,0,1,1,1,0,1,0,0
523,2035539.0,2,0,1,1,1,1,0,0,0
523,2449348.0,2,0,1,1,1,1,0,0,0
524,3392553.0,2,0,1,1,1,1,0,0,0
524,3914490.0,2,0,1,1,1,1,0,0,0
525,268889.0,2,1,1,0,1,0,1,0,0
526,293333.0,2,1,1,0,1,0,1,0,0
527,293333.0,2,1,1,0,1,0,1,0,0
527,349498.0,2,1,1,0,1,0,1,0,0
528,310000.0,3,1,1,0,1,0,1,0,0
528,478948.0,3,1,1,0,1,0,1,0,0
529,316665.0,2,1,1,0,1,0,1,0,0
530,332963.0,3,1,1,0,1,0,1,0,0
530,522592.0,3,1,1,0,1,0,1,0,0
531,349498.0,2,1,1,0,1,0,1,0,0
532,378889.0,3,1,1,0,1,0,1,0,0
532,612084.0,3,1,1,0,1,0,1,0,0
533,522592.0,3,1,1,0,1,0,1,0,0
534,569014.0,3,1,1,0,1,0,1,0,0
535,886963.0,2,1,1,1,1,0,0,0,0
535,1146824.0,2,0,1,1,1,1,0,0,0
536,886963.0,2,1,1,1,1,0,0,0,0
536,1146824.0,2,0,1,1,1,1,0,0,0
537,1041873.0,2,1,1,1,1,0,0,0,0
537,1297399.0,2,0,1,1,1,1,0,0,0
538,1041873.0,2,1,1,1,1,0,0,0,0
538,1297399.0,2,0,1,1,1,1,0,0,0
539,1248343.0,2,1,1,1,1,0,0,0,0
539,1484657.0,2,0,1,1,1,1,0,0,0
540,1840132.0,2,0,1,1,1,1,0,0,0
540,1903434.0,4,0,1,1,1,0,0,0,0
541,542240.0,4,2,0,0,1,0,0,0,0
542,1301852.0,2,1,1,0,1,0,1,0,0
542,1442593.0,3,1,1,0,1,0,1,0,0
543,467595.0,2,0,0,0,1,0,1,0,0
544,553061.0,4,1,0,0,1,0,1,0,0
545,627056.0,2,1,1,1,1,0,0,0,0
545,745701.0,2,1,1,1,1,0,0,0,0
545,779167.0,2,1,1,1,1,1,0,0,0
546,627056.0,2,1,1,1,1,0,0,0,0
546,745701.0,2,1,1,1,1,0,0,0,0
546,779167.0,2,1,1,1,1,1,0,0,0
547,761737.0,2,1,1,1,1,0,0,0,0
547,849493.0,2,1,1,1,1,0,0,0,0
547,897222.0,2,1,1,1,1,1,0,0,0
548,761737.0,2,1,1,1,1,0,0,0,0
548,849493.0,2,1,1,1,1,0,0,0,0
548,897222.0,2,1,1,1,1,1,0,0,0
549,1167022.0,2,1,1,1,1,0,0,0,0
549,1253013.0,2,1,1,1,1,0,0,0,0
549,1345833.0,2,1,1,1,1,1,0,0,0
550,1167022.0,2,1,1,1,1,0,0,0,0
550,1253013.0,2,1,1,1,1,0,0,0,0
550,1345833.0,2,1,1,1,1,1,0,0,0
551,3139819.0,2,1,1,1,1,0,0,0,0
551,3395409.0,2,1,1,1,1,0,0,0,0
551,3612500.0,2,1,1,1,1,1,0,0,0
552,357508.0,4,2,1,0,1,0,1,0,0
552,879630.0,4,2,1,0,1,0,1,0,0
553,393259.0,4,2,1,0,1,0,1,0,0
554,566574.0,4,2,1,0,1,0,1,0,0
554,1462963.0,4,2,1,0,1,0,1,0,0
555,916667.0,4,2,1,0,1,0,1,0,0
556,268251.0,2,0,1,0,1,0,0,0,1
556,360503.0,2,1,1,0,1,0,1,0,1
557,316959.0,2,0,1,0,1,0,0,0,1
557,403660.0,2,1,1,0,1,0,1,0,1
558,390611.0,3,0,1,0,1,0,0,0,1
558,476647.0,3,1,1,0,1,0,1,0,1
559,433052.0,3,0,1,0,1,0,0,0,1
559,528436.0,3,1,1,0,1,0,1,0,1
560,407146.0,2,0,1,0,1,1,0,1,1
560,509259.0,2,0,1,0,1,0,1,0,1
561,472968.0,2,0,1,0,1,1,0,1,1
561,555556.0,2,1,1,0,1,0,1,0,1
562,692817.0,2,0,1,0,1,1,0,1,1
562,787037.0,2,1,1,0,1,0,1,0,1
563,811169.0,3,0,1,0,1,1,0,1,1
563,879630.0,3,1,1,0,1,0,1,0,1
564,896556.0,3,0,1,0,1,1,0,1,1
564,972222.0,3,1,1,0,1,0,1,0,1
565,953679.0,2,1,1,0,1,1,0,1,1
566,1064815.0,2,1,1,0,1,0,1,0,1
567,1083984.0,4,0,1,0,1,1,0,1,1
568,1157407.0,4,2,1,0,1,0,1,0,1
569,580650.0,2,1,1,0,1,0,0,0,1
569,1043697.0,2,1,1,0,1,0,0,0,1
570,732676.0,2,1,1,0,1,0,0,0,1
570,1239392.0,2,1,1,0,1,0,0,0,1
571,831544.0,2,0,1,0,1,1,0,0,1
571,870378.0,3,2,1,0,1,0,0,0,1
572,1181248.0,2,1,1,0,1,0,0,0,1
572,1956931.0,2,1,1,0,1,0,0,0,1
573,1358619.0,2,0,1,0,1,1,0,0,1
573,1425443.0,4,1,1,0,1,0,0,0,1
574,1358619.0,2,0,1,0,1,1,0,0,1
574,1425443.0,3,2,1,0,1,0,0,0,1
575,1417846.0,2,1,1,0,1,0,0,0,1
575,2348319.0,2,1,1,0,1,0,0,0,1
576,313419.0,2,0,0,0,1,0,0,0,0
576,361552.0,2,0,0,0,1,0,0,0,0
577,387325.0,4,0,0,0,1,0,0,0,0
577,405644.0,4,0,0,0,1,0,0,0,0
578,446266.0,4,0,0,0,1,0,0,0,0
578,467372.0,4,0,0,0,1,0,0,0,0
579,488366.0,4,0,0,0,1,0,0,0,0
579,511464.0,4,0,0,0,1,0,0,0,0
580,565575.0,4,0,0,0,1,0,0,0,0
580,582011.0,4,0,0,0,1,0,0,0,0
581,653156.0,2,0,1,1,1,0,0,1,0
581,740319.0,2,0,1,1,1,1,0,0,1
582,681554.0,2,0,1,1,1,0,0,1,0
582,766273.0,2,0,1,1,1,1,0,0,1
583,738350.0,2,0,1,1,1,0,0,1,0
583,884049.0,2,0,1,1,1,0,0,0,1
584,827014.0,2,0,1,1,1,0,0,1,0
584,933674.0,2,0,1,1,1,1,0,0,1
585,912567.0,2,0,1,1,1,0,0,1,0
585,1073183.0,2,0,1,1,1,0,0,0,1
586,1087685.0,2,0,1,1,1,0,0,1,0
586,1232710.0,2,0,1,1,1,0,0,0,1
587,1131193.0,2,0,1,1,1,0,0,1,0
587,1276217.0,2,0,1,1,1,0,0,0,1
588,2541093.0,2,0,1,1,1,0,0,0,0
589,2803861.0,2,0,1,1,1,0,0,0,0
590,205391.0,2,0,1,0,1,0,1,0,0
591,296296.0,2,0,1,0,1,0,1,0,0
592,351852.0,3,0,1,0,1,0,1,0,0
593,444444.0,4,0,1,0,1,0,1,0,0
594,476407.0,2,0,1,0,1,1,0,0,1
595,519316.0,2,0,1,0,1,0,1,0,0
595,526331.0,2,0,1,0,1,0,0,0,1
595,536939.0,2,0,1,0,1,0,1,0,1
596,740256.0,2,0,1,0,1,1,0,0,1
596,761498.0,2,1,1,0,1,0,0,0,1
596,793038.0,2,0,1,0,1,0,1,0,1
597,761498.0,2,1,1,0,1,0,0,0,1
597,793038.0,2,0,1,0,1,0,1,0,1
598,843712.0,2,0,1,0,1,0,1,0,1
599,843713.0,2,0,1,0,1,0,1,0,1
600,941341.0,2,1,1,0,1,0,0,0,1
600,987020.0,2,0,1,0,1,0,1,0,1
601,1344770.0,2,1,1,0,1,0,0,0,1
601,1410342.0,2,1,1,0,1,0,1,0,1
602,570370.0,2,2,1,0,1,1,0,0,0
602,692593.0,2,2,1,0,1,1,0,0,1
603,622222.0,2,2,1,0,1,1,0,0,0
603,755556.0,2,2,1,0,1,1,0,0,1
604,674074.0,2,2,1,0,1,1,0,0,0
604,818519.0,2,2,1,0,1,1,0,0,1
605,674074.0,2,2,1,0,1,1,0,0,0
605,818519.0,2,2,1,0,1,1,0,0,1
606,2074074.0,2,2,1,0,1,1,0,0,0
606,2518519.0,2,2,1,0,1,1,0,0,1
607,518519.0,1,1,1,0,1,1,0,0,0
607,629630.0,1,1,1,0,1,1,0,0,1
607,728533.0,1,1,1,0,1,1,0,0,1
608,570370.0,1,1,1,0,1,1,0,0,0
608,692593.0,1,1,1,0,1,1,0,0,1
608,801387.0,1,1,1,0,1,1,0,0,1
609,622222.0,1,0,1,0,1,1,0,0,0
609,755556.0,1,0,1,0,1,1,0,0,1
609,874418.0,1,0,1,0,1,1,0,0,1
610,272835.0,2,1,1,0,1,0,1,0,0
610,294445.0,2,1,1,0,1,0,1,0,0
611,373585.0,2,1,1,0,1,0,1,0,0
611,383333.0,2,1,1,0,1,0,1,0,0
612,373585.0,2,1,1,0,1,0,1,0,0
612,383333.0,2,1,1,0,1,0,1,0,0
613,424050.0,3,1,1,0,1,0,1,0,0
613,430556.0,3,1,1,0,1,0,1,0,0
614,533656.0,4,1,1,0,1,0,1,0,0
614,541667.0,4,1,1,0,1,0,1,0,0
615,208048.0,2,1,1,0,1,0,1,0,0
616,312362.0,4,1,1,0,1,0,1,0,0
617,284580.0,2,1,1,0,1,0,1,0,0
617,500556.0,2,1,1,0,1,0,1,0,1
617,523798.0,2,1,1,0,1,0,1,0,1
618,354176.0,2,1,1,0,1,0,1,0,0
618,550926.0,2,1,1,0,1,0,1,0,1
618,581493.0,2,1,1,0,1,0,1,0,1
619,403411.0,2,1,1,0,1,0,1,0,0
619,634658.0,2,1,1,0,1,0,1,0,1
620,403411.0,2,1,1,0,1,0,1,0,0
620,601296.0,2,1,1,0,1,0,1,0,1
620,634658.0,2,1,1,0,1,0,1,0,1
621,523798.0,2,1,1,0,1,0,1,0,0
621,702037.0,2,1,1,0,1,0,1,0,1
621,744510.0,2,1,1,0,1,0,1,0,1
622,620185.0,2,1,1,0,1,0,1,0,1
623,720680.0,4,1,1,0,1,0,1,0,0
623,1132660.0,4,1,1,0,1,0,1,0,1
624,720680.0,4,1,1,0,1,0,1,0,0
624,1132660.0,4,1,1,0,1,0,1,0,1
625,1001111.0,4,1,1,0,1,0,1,0,1
626,1001111.0,4,1,1,0,1,0,1,0,1
627,291125.0,2,2,1,0,1,0,1,0,0
627,340009.0,2,2,1,0,1,0,1,0,0
627,374780.0,2,2,1,0,1,0,1,0,0
628,362219.0,5,4,1,0,1,0,1,0,0
628,398441.0,5,4,1,0,1,0,1,0,0
628,418871.0,5,4,1,0,1,0,1,0,0
629,504167.0,4,0,1,0,1,0,0,0,0
630,695694.0,7,4,1,0,1,0,1,0,0
630,768650.0,7,4,1,0,1,0,1,0,0
630,771605.0,7,4,1,0,1,0,1,0,0
631,1117776.0,9,6,1,0,1,0,1,0,0
631,1212522.0,9,6,1,0,1,0,1,0,0
631,1333774.0,9,6,1,0,1,0,1,0,0
632,363611.0,2,1,1,0,1,0,1,0,0
632,440476.0,2,1,1,0,1,0,0,0,0
632,582407.0,2,1,1,0,1,0,1,0,1
633,377778.0,2,0,1,0,1,0,1,0,0
633,440476.0,2,0,1,0,1,0,0,0,0
633,613889.0,2,0,1,0,1,0,1,0,1
634,540148.0,2,1,1,0,1,0,0,0,0
634,567460.0,2,1,1,0,1,0,0,0,0
634,798281.0,2,1,1,0,1,0,0,0,1
635,651667.0,4,2,1,0,1,0,1,0,0
635,950741.0,4,2,1,0,1,0,1,0,1
636,674875.0,2,1,1,0,1,0,0,0,0
636,694444.0,2,1,1,0,1,0,0,0,0
636,921598.0,2,1,1,0,1,0,0,0,1
637,799630.0,2,2,1,0,1,0,1,0,0
637,1001111.0,2,2,1,0,1,0,1,0,1
638,799630.0,4,1,1,0,1,0,1,0,0
638,1007937.0,4,1,1,0,1,0,0,0,0
638,1101852.0,4,1,1,0,1,0,1,0,1
639,808910.0,4,1,1,0,1,0,0,0,0
639,821429.0,4,1,1,0,1,0,0,0,0
639,1181335.0,4,1,1,0,1,0,0,0,1
640,206168.0,2,0,1,0,1,1,0,0,0
640,221672.0,2,0,1,0,1,0,1,0,0
640,298148.0,2,1,1,0,1,0,1,0,0
641,232844.0,2,0,1,0,1,0,0,0,0
641,243944.0,2,0,1,0,1,0,1,0,0
641,324074.0,2,1,1,0,1,0,1,0,0
642,240479.0,2,0,1,0,1,0,1,0,0
642,352593.0,2,1,1,0,1,0,1,0,0
643,585926.0,4,0,1,0,1,0,1,0,0
644,702593.0,6,0,1,0,1,0,1,0,0
645,719323.0,2,2,1,0,1,0,0,1,1
645,819717.0,2,0,1,0,1,1,0,0,1
645,903825.0,2,2,1,0,1,0,1,1,1
645,969466.0,2,0,1,0,1,0,1,0,1
646,719323.0,2,2,1,0,1,0,0,1,1
646,873236.0,2,0,1,0,1,1,0,0,1
646,903825.0,2,2,1,0,1,0,1,1,1
646,1044004.0,2,0,1,0,1,0,1,0,1
647,1142100.0,3,0,1,0,1,0,0,1,1
647,1253263.0,2,0,1,0,1,1,0,0,1
647,1314173.0,3,0,1,0,1,0,1,1,1
647,1447782.0,2,0,1,0,1,0,1,0,1
648,1531581.0,2,2,1,0,1,0,0,1,1
648,1723207.0,2,0,1,0,1,1,0,0,1
648,1803377.0,2,2,1,0,1,0,1,1,1
648,1991051.0,2,0,1,0,1,0,1,0,1
649,953060.0,2,2,1,1,1,0,0,1,1
649,1090553.0,2,2,1,1,1,0,0,1,1
650,1228088.0,2,0,1,1,1,1,0,0,0
650,1254815.0,2,2,1,1,1,0,0,1,1
651,1254815.0,2,2,1,1,1,0,0,1,1
651,1356937.0,2,2,1,1,1,0,0,1,1
652,1500992.0,2,2,1,1,1,0,0,1,1
652,1622694.0,2,2,1,1,1,0,0,1,1
653,2239385.0,2,2,1,1,1,0,0,1,1
653,2420957.0,2,2,1,1,1,0,0,1,1
654,224010.0,2,0,1,0,1,0,0,0,0
654,324074.0,2,0,1,0,1,0,1,0,0
655,293562.0,2,0,1,0,1,0,0,0,0
655,370370.0,2,0,1,0,1,0,1,0,0
656,375000.0,2,0,1,0,1,1,0,0,0
656,416667.0,2,0,1,0,1,0,1,0,0
657,1734769.0,2,0,1,1,1,1,0,0,1
658,1734769.0,2,0,1,1,1,1,0,0,1
659,675511.0,2,0,1,1,1,1,0,0,0
660,675511.0,2,0,1,1,1,1,0,0,0
661,258611.0,2,1,1,0,1,0,1,0,0
661,412870.0,2,1,1,0,1,0,1,0,1
662,322130.0,2,1,1,0,1,0,1,0,0
662,505880.0,2,1,1,0,1,0,1,0,1
663,367500.0,2,1,1,0,1,0,1,0,0
663,551250.0,2,1,1,0,1,0,1,0,1
664,504519.0,4,1,1,0,1,0,1,0,0
664,780370.0,4,1,1,0,1,0,1,0,1
665,267239.0,2,0,0,0,1,0,0,0,0
666,347591.0,4,0,0,0,1,0,0,0,0
667,205185.0,2,1,1,0,1,0,1,0,0
668,296296.0,2,1,1,0,1,0,1,0,0
669,351852.0,3,1,1,0,1,0,1,0,0
670,444444.0,4,1,1,0,1,0,1,0,0
671,375039.0,3,1,1,0,1,0,0,0,0
671,378828.0,3,1,1,0,1,0,1,0,0
672,593157.0,6,0,1,0,1,0,0,0,0
672,599148.0,6,0,1,0,1,0,1,0,0
673,1017273.0,10,0,1,0,1,0,0,0,0
673,1027548.0,10,0,1,0,1,0,1,0,0
674,307209.0,2,0,1,0,1,0,0,0,0
674,388889.0,2,0,1,0,1,0,1,0,0
675,526333.0,4,0,1,0,1,0,0,0,0
675,601852.0,4,0,1,0,1,0,1,0,0
676,175008.0,2,0,0,0,1,0,0,0,0
677,269447.0,4,0,0,0,1,0,0,0,0
678,76985.0,1,0,0,0,1,0,0,0,0
679,169907.0,2,0,1,0,1,0,1,0,0
680,282784.0,4,0,1,0,1,0,1,0,0
681,741187.0,2,0,1,1,1,0,0,0,1
682,828821.0,2,0,1,1,1,0,0,0,1
683,828821.0,2,0,1,1,1,0,0,0,1
684,932946.0,2,0,1,1,1,0,0,0,1
685,932946.0,2,0,1,1,1,0,0,0,1
686,932946.0,2,0,1,1,1,0,0,0,1
687,1035610.0,2,0,1,1,1,0,0,0,1
688,1129313.0,2,0,1,1,1,0,0,0,1
689,334342.0,4,0,0,0,1,0,1,0,0
690,693757.0,6,0,0,0,1,0,1,0,0
691,1250044.0,8,0,0,0,1,0,1,0,0
692,290499.0,2,2,1,0,1,0,0,0,0
692,442203.0,2,0,1,0,1,0,1,0,0
693,290499.0,2,1,1,0,1,0,0,0,0
693,442203.0,2,0,1,0,1,0,1,0,0
693,486111.0,2,1,1,0,1,0,1,0,0
694,367631.0,2,2,1,0,1,0,0,0,0
694,583333.0,2,1,1,0,1,0,1,0,0
695,367631.0,2,1,1,0,1,0,0,0,0
695,583333.0,2,1,1,0,1,0,1,0,0
696,428903.0,2,1,1,0,1,0,0,0,0
696,680556.0,2,1,1,0,1,0,1,0,0
697,447421.0,4,2,1,0,1,0,0,0,0
697,620196.0,2,0,1,0,1,0,1,0,0
698,514772.0,3,2,1,0,1,0,0,0,0
698,777778.0,3,1,1,0,1,0,1,0,0
699,514772.0,4,2,1,0,1,0,0,0,0
699,777778.0,4,2,1,0,1,0,1,0,0
700,585315.0,4,2,1,0,1,0,0,0,0
700,797961.0,2,0,1,0,1,0,1,0,0
700,875000.0,4,2,1,0,1,0,1,0,0
701,250000.0,2,0,1,0,0,0,1,0,0
701,275000.0,2,0,1,0,0,1,0,0,0
702,450000.0,4,0,1,0,0,0,1,0,0
702,495000.0,4,0,1,0,0,1,0,0,0
702,427500.0,1,0,1,0,0,0,1,0,0
703,758200.0,2,2,1,0,1,0,0,0,1
703,988095.0,2,1,1,0,1,0,0,0,1
704,944788.0,2,0,1,0,1,1,0,0,1
704,1097884.0,2,1,1,0,1,0,0,0,1
705,1273545.0,2,1,1,0,1,0,0,0,1
705,2472817.0,2,0,1,0,1,0,0,0,1
706,379266.0,2,0,1,0,1,1,0,0,0
707,381717.0,4,0,1,0,1,0,0,0,0
707,393519.0,4,0,1,0,1,0,0,0,0
708,512361.0,6,0,1,0,1,0,0,0,0
708,524692.0,6,0,1,0,1,0,0,0,0
709,512361.0,4,0,1,0,1,0,0,0,0
709,524692.0,4,0,1,0,1,0,0,0,0
710,932872.0,2,0,1,1,1,1,0,0,1
711,932872.0,2,0,1,1,1,1,0,0,1
712,202657.0,2,1,1,0,1,0,0,0,0
712,283333.0,2,1,1,0,1,0,0,0,0
713,350569.0,2,1,1,0,1,0,0,0,0
713,409259.0,2,1,1,0,1,0,0,0,0
714,523887.0,4,1,1,0,1,0,0,0,0
714,613889.0,4,1,1,0,1,0,0,0,0
715,230000.0,2,0,1,0,1,0,0,0,0
715,269356.0,2,0,1,0,1,0,0,0,0
716,287500.0,2,1,1,0,1,0,0,0,0
716,336695.0,2,0,1,0,1,0,0,0,0
717,345000.0,2,1,1,0,1,0,0,0,0
717,404034.0,2,0,1,0,1,0,0,0,0
718,402500.0,4,2,1,0,1,0,0,0,0
718,491620.0,4,0,1,0,1,0,0,0,0
719,288117.0,3,0,1,0,1,0,1,0,0
720,336715.0,4,0,1,0,1,0,1,0,0
721,712930.0,10,0,1,0,1,0,1,0,0
722,712930.0,7,0,1,0,1,0,1,0,0
723,437520.0,2,0,0,0,1,0,0,0,0
724,542058.0,4,2,0,0,1,0,0,0,0
725,217646.0,2,2,1,0,1,0,1,0,0
726,364704.0,4,2,1,0,1,0,1,0,0
727,563295.0,5,0,1,0,1,0,1,0,0
728,308843.0,2,1,1,0,1,1,0,0,0
728,349225.0,2,2,1,0,1,0,0,0,0
729,408590.0,2,2,1,0,1,0,0,0,0
730,411574.0,3,0,1,0,1,1,0,0,0
731,463426.0,3,0,1,0,1,1,0,0,0
732,556321.0,3,2,1,0,1,0,0,0,0
733,618981.0,4,0,1,0,1,1,0,0,0
734,745946.0,4,2,1,0,1,0,0,0,0
735,245037.0,2,0,1,0,1,0,1,0,0
736,336975.0,4,0,1,0,1,0,1,0,0
737,713472.0,10,0,1,0,1,0,1,0,0
738,215700.0,2,0,1,1,1,0,0,0,0
739,276157.0,2,1,1,1,1,0,0,0,0
740,288030.0,3,1,1,1,1,0,0,0,0
741,442664.0,2,0,1,1,1,0,0,0,0
742,585591.0,4,2,1,1,1,0,0,0,0
743,319444.0,2,1,1,0,1,0,1,0,0
744,416667.0,4,0,1,0,1,0,1,0,0
745,416667.0,4,0,1,0,1,0,1,0,0
746,527778.0,5,0,1,0,1,0,1,0,0
747,356481.0,2,1,1,0,0,0,1,0,0
747,291667.0,1,1,1,0,0,1,0,0,0
747,324074.0,1,1,1,0,0,0,1,0,0
748,383333.0,2,0,1,0,0,1,0,0,0
748,425926.0,4,0,1,0,0,0,1,0,0
749,225000.0,3,0,1,0,0,1,0,0,0
749,250000.0,2,0,1,0,0,0,1,0,0
749,263889.0,3,0,1,0,0,0,1,0,0
750,305556.0,2,0,1,0,1,1,0,0,0
750,366095.0,2,0,1,0,1,1,0,0,0
751,370370.0,2,0,1,0,1,1,0,0,0
751,406772.0,2,1,1,0,1,1,0,0,0
752,509259.0,4,0,1,0,1,1,0,0,0
752,650886.0,4,0,1,0,1,1,0,0,0
753,2767502.0,2,0,0,0,0,1,0,0,0
753,2802348.0,2,0,0,0,0,1,0,0,1
753,3555949.0,2,0,0,0,0,0,1,0,1
753,4018462.0,2,0,0,0,0,0,1,0,1
753,4476148.0,2,0,1,0,1,0,0,0,1
754,4148607.0,2,0,0,0,0,1,0,0,0
754,4203523.0,2,0,0,0,0,1,0,0,1
754,4578990.0,2,0,0,0,0,0,1,0,1
754,6001256.0,2,0,0,0,0,0,1,0,1
754,6658270.0,3,0,1,0,1,0,0,0,1
755,4961748.0,2,0,0,0,0,1,0,0,0
755,5019956.0,2,0,0,0,0,1,0,0,1
755,5586156.0,2,0,0,0,0,0,1,0,1
755,7190931.0,3,0,0,0,0,0,1,0,1
755,8001114.0,4,0,1,0,1,0,0,0,1
756,203636.0,2,0,1,0,1,0,1,0,0
756,229091.0,2,0,1,0,1,1,0,0,0
757,363636.0,4,0,1,0,1,0,1,0,0
758,357496.0,2,1,1,1,1,0,0,1,1
758,477750.0,2,1,1,1,1,1,0,0,1
759,414907.0,2,1,1,1,1,0,0,1,1
759,525417.0,2,1,1,1,1,1,0,0,1
760,414907.0,2,1,1,1,1,0,0,1,1
760,525417.0,2,1,1,1,1,1,0,0,1
761,493665.0,2,1,1,1,1,0,0,1,1
761,620750.0,2,1,1,1,1,1,0,0,1
762,576361.0,2,1,1,1,1,0,0,1,1
762,716625.0,3,1,1,1,1,1,0,0,1
763,667012.0,2,1,1,1,1,0,0,1,1
763,811958.0,3,1,1,1,1,1,0,0,1
764,706169.0,2,2,1,1,1,0,0,1,1
764,859625.0,4,2,1,1,1,1,0,0,1
765,827540.0,2,1,1,1,1,0,0,1,1
765,1003167.0,4,1,1,1,1,1,0,0,1
766,181769.0,2,1,1,0,1,0,0,0,0
767,405424.0,3,2,1,0,1,0,0,0,0
768,300000.0,2,1,1,0,1,1,0,0,0
769,300000.0,2,1,1,0,1,1,0,0,0
770,333333.0,2,2,1,0,1,1,0,0,0
771,375000.0,3,1,1,0,1,1,0,0,0
771,333333.0,1,1,1,0,1,1,0,0,0
772,375000.0,2,1,1,0,1,1,0,0,0
773,412500.0,4,0,1,0,1,1,0,0,0
774,525000.0,6,3,1,0,1,1,0,0,0
775,259259.0,2,1,1,0,1,0,1,0,0
776,277778.0,2,1,1,0,1,0,1,0,0
777,305556.0,2,1,1,0,1,0,1,0,0
778,407407.0,2,0,1,0,1,0,1,0,0
779,444444.0,4,0,1,0,1,0,1,0,0
780,546296.0,4,0,1,0,1,0,1,0,0
781,722222.0,4,2,1,0,1,0,1,0,0
782,416720.0,4,0,1,0,1,0,1,0,0
782,423280.0,4,0,1,0,1,0,1,0,0
782,613889.0,4,2,1,0,1,0,1,0,0
783,468810.0,4,0,1,0,1,0,1,0,0
783,476190.0,4,0,1,0,1,0,1,0,0
784,755556.0,4,0,1,0,1,0,1,0,0
785,782786.0,6,0,1,0,1,0,1,0,0
785,793651.0,6,0,1,0,1,0,1,0,0
785,1416667.0,5,2,1,0,1,0,1,0,0
786,1149215.0,8,0,1,0,1,0,1,0,0
786,1164021.0,8,0,1,0,1,0,1,0,0
787,2125000.0,8,0,1,0,1,0,1,0,0
788,263126.0,2,0,1,0,1,0,1,0,0
788,317152.0,2,0,1,0,1,0,1,0,1
788,318060.0,2,0,1,0,1,0,0,0,0
789,399721.0,2,0,1,0,1,0,1,0,0
789,434429.0,2,0,1,0,1,0,0,0,0
789,454228.0,2,0,1,0,1,0,1,0,1
790,461838.0,2,0,1,0,1,0,1,0,0
790,501940.0,2,1,1,0,1,0,0,0,0
790,552065.0,2,0,1,0,1,0,1,0,1
791,475218.0,2,1,1,0,1,0,0,0,0
791,522218.0,2,1,1,0,1,0,0,0,1
791,527850.0,3,0,1,0,1,0,1,0,0
791,559080.0,3,0,1,0,1,0,0,0,0
791,580361.0,3,0,1,0,1,0,1,0,1
792,479520.0,2,0,1,0,1,0,1,0,0
792,521157.0,2,0,1,0,1,0,0,0,0
792,554519.0,2,0,1,0,1,0,1,0,1
793,579873.0,2,0,1,0,1,0,0,0,0
793,616115.0,3,0,1,0,1,0,0,0,0
793,637223.0,2,0,1,0,1,0,0,0,1
793,685394.0,4,0,1,0,1,0,1,0,0
793,753180.0,4,0,1,0,1,0,1,0,1
794,642490.0,2,1,1,0,1,0,0,0,0
794,682644.0,3,1,1,0,1,0,0,0,0
794,730102.0,2,1,1,0,1,0,0,0,1
794,759405.0,4,0,1,0,1,0,1,0,0
794,863127.0,4,0,1,0,1,0,1,0,1
795,793603.0,2,0,1,0,1,0,0,0,0
795,843203.0,3,0,1,0,1,0,0,0,0
795,901820.0,2,0,1,0,1,0,0,0,1
795,938197.0,4,0,1,0,1,0,1,0,0
795,1066987.0,4,0,1,0,1,0,1,0,1
796,308642.0,2,0,1,0,1,0,0,0,0
797,360081.0,2,0,1,0,1,0,0,0,0
798,360081.0,2,0,1,0,1,0,0,0,0
799,411522.0,2,0,1,0,1,0,0,0,0
800,462963.0,4,0,1,0,1,0,0,0,0
801,514403.0,4,0,1,0,1,0,0,0,0
802,244656.0,2,0,1,1,1,0,1,0,0
802,297812.0,2,0,1,1,1,0,1,0,0
803,343795.0,2,0,1,1,1,0,1,0,0
803,397083.0,2,0,1,1,1,0,1,0,0
804,504713.0,4,0,1,1,1,0,1,0,0
804,559094.0,4,0,1,1,1,0,1,0,0
805,568748.0,2,0,1,1,1,0,1,0,0
805,645260.0,2,0,1,1,1,0,1,0,0
806,641663.0,4,0,1,1,1,0,1,0,0
806,707306.0,4,0,1,1,1,0,1,0,0
807,788007.0,4,0,1,1,1,0,1,0,0
807,868619.0,4,0,1,1,1,0,1,0,0
808,386100.0,4,0,1,0,1,0,1,0,0
809,1309500.0,3,4,1,0,1,0,1,0,0
810,475738.0,2,1,1,0,1,0,0,0,0
810,564374.0,2,1,1,0,1,0,0,0,0
811,1012206.0,2,0,1,0,1,1,0,0,0
811,1015873.0,2,1,1,0,1,0,0,0,0
812,1404622.0,10,0,1,0,1,0,0,0,0
812,1552028.0,6,0,1,0,1,0,0,0,0
813,590602.0,2,1,1,0,1,0,1,1,0
813,661376.0,2,1,1,0,1,0,1,1,0
814,747865.0,2,1,1,0,1,0,1,1,0
814,793651.0,2,1,1,0,1,0,1,1,0
815,876204.0,2,1,1,0,1,0,1,1,0
815,925859.0,2,0,1,0,1,1,0,0,0
815,925926.0,2,1,1,0,1,0,1,1,0
816,876204.0,2,1,1,0,1,0,1,1,0
816,925859.0,2,0,1,0,1,1,0,0,0
816,925926.0,2,1,1,0,1,0,1,1,0
817,1089267.0,3,1,1,0,1,0,1,1,0
817,1109347.0,2,0,1,0,1,0,1,0,0
817,1111111.0,3,1,1,0,1,0,1,1,0
818,1218941.0,4,2,1,0,1,0,1,1,0
818,1243386.0,4,2,1,0,1,0,1,1,0
818,1250601.0,2,0,1,0,1,0,1,0,0
819,1478306.0,4,2,1,0,1,0,1,1,0
819,1505210.0,2,0,1,0,1,0,1,0,0
819,1507937.0,4,2,1,0,1,0,1,1,0
820,1607981.0,4,2,1,0,1,0,1,1,0
820,1640212.0,4,2,1,0,1,0,1,1,0
821,259259.0,2,0,1,0,1,1,0,0,0
822,259259.0,2,0,1,0,1,1,0,0,0
823,316667.0,2,0,1,0,1,1,0,0,0
823,334259.0,3,0,1,0,1,1,0,0,0
824,358333.0,2,0,1,0,1,1,0,0,0
824,378241.0,3,0,1,0,1,1,0,0,0
825,1574074.0,12,0,1,0,1,1,0,0,0
826,443254.0,2,0,1,0,1,0,1,0,1
826,572917.0,2,0,1,0,1,0,1,0,1
827,443254.0,2,0,1,0,1,0,1,0,1
827,572917.0,2,1,1,0,1,0,1,0,1
828,443254.0,2,0,1,0,1,0,1,0,1
829,443254.0,2,0,1,0,1,0,1,0,1
829,572917.0,2,1,1,0,1,0,1,0,1
830,572917.0,2,0,1,0,1,0,1,0,1
830,595012.0,2,0,1,0,1,1,0,0,1
830,606991.0,2,0,1,0,1,0,1,0,1
831,727074.0,3,0,1,0,1,0,1,0,1
832,772516.0,3,0,1,0,1,0,1,0,1
832,885417.0,2,1,1,0,1,0,1,0,1
832,937500.0,3,1,1,0,1,0,1,0,1
833,818125.0,3,0,1,0,1,0,1,0,1
834,843758.0,2,0,1,0,1,0,1,0,1
834,989583.0,2,1,1,0,1,0,1,0,1
835,863576.0,3,0,1,0,1,0,1,0,1
835,989583.0,2,1,1,0,1,0,1,0,1
836,1000552.0,3,0,1,0,1,0,1,0,1
836,1145833.0,2,1,1,0,1,0,1,0,1
837,1091733.0,3,0,1,0,1,0,1,0,1
837,1250000.0,2,1,1,0,1,0,1,0,1
838,1091733.0,3,0,1,0,1,0,1,0,1
838,1250000.0,3,1,1,0,1,0,1,0,1
839,1273689.0,4,0,1,0,1,0,1,0,1
839,1458333.0,3,1,1,0,1,0,1,0,1
840,1455659.0,5,0,1,0,1,0,1,0,1
840,1666667.0,4,1,1,0,1,0,1,0,1
841,337201.0,1,0,1,0,1,0,1,0,1
841,395833.0,1,0,1,0,1,0,1,0,1
842,4543593.0,2,0,1,0,1,1,0,0,1
843,243067.0,2,0,1,0,1,1,0,0,0
844,276789.0,2,0,1,0,1,1,0,0,0
845,374232.0,4,0,1,0,1,1,0,0,0
846,379303.0,2,0,1,0,1,1,0,0,0
847,430560.0,2,0,1,0,1,1,0,0,0
848,449079.0,4,0,1,0,1,1,0,0,0
849,542058.0,4,0,1,0,1,1,0,0,0
850,813914.0,8,0,1,0,1,1,0,0,0
851,1086321.0,4,1,1,0,1,1,0,0,0
852,185185.0,2,0,1,0,1,1,0,0,0
853,185185.0,2,0,1,0,1,1,0,0,0
854,208333.0,2,0,0,0,1,0,1,0,0
854,333333.0,4,1,0,0,1,0,1,0,0
855,208333.0,2,1,0,0,1,0,1,0,0
856,266667.0,3,1,0,0,1,0,1,0,0
857,333333.0,4,0,0,0,1,0,1,0,0
858,324074.0,2,0,1,0,1,0,1,0,0
858,555556.0,4,0,1,0,1,0,1,0,0
859,370370.0,2,0,1,0,1,0,1,0,0
860,679228.0,2,1,0,0,1,0,0,0,0
861,2633179.0,2,1,0,0,1,0,1,0,0
862,1435082.0,2,1,1,0,1,0,1,0,0
863,618133.0,2,1,1,0,1,1,0,0,0
864,373424.0,2,1,1,0,1,0,1,0,0
865,881310.0,2,0,1,0,1,0,1,0,0
866,820522.0,2,0,0,0,1,0,0,0,0
867,745881.0,2,1,1,0,1,0,1,0,0
868,677956.0,2,1,1,0,1,0,1,0,0
869,719183.0,2,1,1,0,1,0,0,0,0
870,1750463.0,3,0,1,0,1,0,0,0,0
871,5527778.0,6,0,1,0,1,0,0,0,0
872,1261013.0,2,1,1,0,1,0,1,0,0
873,324074.0,1,0,0,0,1,0,1,0,0
874,427869.0,2,1,1,0,1,1,0,0,0
875,240181.0,2,0,0,0,0,1,0,0,0
876,785614.0,2,1,1,0,1,1,0,0,0
877,427869.0,2,1,1,0,1,1,0,0,0
878,1579907.0,2,1,1,0,1,0,1,0,0
879,1753697.0,2,1,1,0,1,0,1,0,0
880,981000.0,2,0,1,0,1,0,1,0,0
881,1692479.0,2,2,1,0,1,0,1,0,0
882,1229942.0,2,1,1,0,1,0,1,0,0
883,1685234.0,2,1,1,0,1,0,1,0,0
884,2090436.0,2,1,1,0,1,0,1,0,0
885,1261771.0,2,1,1,0,1,0,1,0,0
886,1819831.0,2,1,0,0,1,0,0,0,0
887,603078.0,2,0,1,0,1,1,0,0,1
888,971604.0,2,1,1,0,1,0,1,0,0
889,2424110.0,2,0,1,0,1,1,0,0,0
890,781250.0,2,0,1,0,0,0,1,0,0
890,827206.0,3,0,1,0,0,0,1,0,0
890,735295.0,1,0,1,0,0,0,1,0,0
891,869921.0,12,1,1,0,1,0,1,0,0
892,1056099.0,2,1,1,0,1,0,1,0,0
893,1790561.0,2,1,0,0,1,0,1,0,0
894,473886.0,2,1,1,0,1,0,0,0,0
895,483796.0,4,0,1,0,1,0,1,0,0
895,499074.0,2,0,1,0,1,0,1,0,0
896,1644145.0,2,1,1,0,1,0,0,0,0
897,937656.0,2,1,0,0,1,0,1,0,0
898,1956496.0,2,1,0,0,1,0,1,0,0
899,1203704.0,2,1,1,0,1,1,0,0,0
900,1388889.0,4,0,1,0,1,1,0,0,0
901,1388889.0,3,1,1,0,1,1,0,0,0
902,845062.0,2,1,0,0,1,0,1,0,0
903,873277.0,2,0,1,0,1,0,1,0,0
904,370370.0,2,1,1,0,1,0,0,0,0
905,601852.0,4,1,1,0,1,0,0,0,0
906,613720.0,2,0,1,0,1,1,0,0,0
907,918268.0,4,1,1,0,0,0,1,0,0
908,1019293.0,2,0,1,0,0,0,1,0,0
908,1133749.0,3,0,1,0,0,0,1,0,0
908,939533.0,1,0,1,0,0,0,1,0,0
909,330000.0,2,0,1,0,1,1,0,0,0
910,1913443.0,2,1,1,0,1,0,1,0,0
911,1097695.0,2,0,1,0,1,0,1,0,0
912,462963.0,2,0,0,0,1,0,0,0,0
913,427869.0,2,1,1,0,1,1,0,0,0
914,253768.0,2,0,1,0,1,0,1,0,0
915,708332.0,2,0,0,0,0,1,0,0,0
915,787036.0,2,0,0,0,0,0,1,0,0
916,456051.0,4,0,0,0,1,0,0,0,0
917,666341.0,6,0,0,0,1,0,0,0,0
918,992222.0,2,1,0,0,1,0,0,0,0
918,1044444.0,4,1,0,0,1,0,0,0,0
919,708333.0,2,0,0,0,1,1,0,0,0
919,750000.0,3,0,0,0,1,1,0,0,0
919,666667.0,1,0,0,0,1,1,0,0,0
920,630667.0,4,0,1,0,1,0,1,0,0
921,878167.0,4,0,1,0,1,0,1,0,0
922,2085477.0,2,1,0,0,1,0,1,0,0
923,850523.0,2,0,1,0,1,0,0,0,0
924,456898.0,4,0,1,0,1,0,1,0,0
925,456898.0,4,0,1,0,1,0,1,0,0
926,456898.0,4,0,1,0,1,0,1,0,0
927,652148.0,4,0,1,0,1,0,1,0,0
928,782315.0,6,0,1,0,1,0,1,0,0
929,841587.0,2,1,1,0,1,0,1,0,0
930,1392226.0,5,1,0,0,0,0,1,0,0
931,1392226.0,5,1,0,0,0,0,1,0,0
932,850147.0,2,0,1,0,0,0,0,0,0
933,1001468.0,2,0,1,0,0,0,0,0,0
934,749472.0,2,0,0,0,0,1,0,0,0
935,749472.0,2,0,0,0,0,1,0,0,0
936,443715.0,2,1,1,0,1,0,1,0,0
937,967921.0,2,1,1,0,1,0,1,0,0
938,938595.0,2,0,0,0,1,0,1,0,0
939,1552522.0,2,1,1,0,1,0,1,0,0
940,416667.0,2,0,1,0,1,0,1,0,1
941,370370.0,1,0,1,0,1,0,1,0,1
942,449951.0,2,1,1,0,1,0,1,0,0
943,347065.0,4,1,1,0,0,0,1,0,0
944,347065.0,4,1,1,0,0,0,1,0,0
945,404909.0,4,1,1,0,0,0,1,0,0
946,404909.0,4,1,1,0,0,0,1,0,0
947,676104.0,8,1,1,0,0,0,1,0,0
948,917747.0,10,1,1,0,0,0,1,0,0
949,917747.0,10,1,1,0,0,0,1,0,0
950,1435082.0,2,1,1,0,1,0,1,0,0
951,494846.0,4,0,1,0,1,0,0,0,0
952,952313.0,2,5,1,0,1,0,0,0,0
953,1442391.0,2,5,1,0,1,0,0,0,0
954,259259.0,2,0,1,0,1,0,0,0,0
955,316667.0,2,1,1,0,1,0,0,0,0
955,334259.0,3,1,1,0,1,0,0,0,0
956,324074.0,2,0,1,0,1,0,0,0,0
957,601852.0,4,2,1,0,1,0,0,0,0
958,1266262.0,2,1,0,0,1,0,1,0,0
959,846046.0,2,1,1,0,1,0,0,0,0
960,527778.0,2,0,1,0,1,0,1,0,0
961,352114.0,2,0,0,0,0,1,0,0,0
962,552287.0,2,0,0,0,0,1,0,0,0
963,598998.0,2,0,0,0,0,1,0,0,0
964,874659.0,2,0,0,0,0,1,0,0,0
965,1111111.0,2,0,0,0,0,0,1,0,0
966,369444.0,2,0,1,0,1,0,1,0,0
967,3444198.0,2,0,1,0,1,0,1,0,0
968,187337.0,2,1,1,0,1,0,0,0,0
969,294822.0,2,0,0,0,0,1,0,0,0
970,413911.0,2,0,0,0,0,1,0,0,0
971,455929.0,2,0,0,0,0,1,0,0,0
972,622824.0,2,0,0,0,0,1,0,0,0
973,288032.0,2,0,0,0,0,1,0,0,0
974,365404.0,2,0,0,0,0,1,0,0,0
975,390987.0,2,0,0,0,0,1,0,0,0
976,642857.0,2,1,1,0,1,1,0,0,1
976,691526.0,2,1,1,0,1,1,0,0,1
977,691526.0,2,1,1,0,1,1,0,0,1
977,1053792.0,2,1,1,0,1,0,0,0,1
978,979051.0,2,1,1,0,1,1,0,0,1
978,1459436.0,2,1,1,0,1,0,0,0,1
979,1251576.0,2,1,1,0,1,1,0,0,1
979,1865079.0,2,1,1,0,1,0,0,0,1
980,1526746.0,2,1,1,0,1,1,0,0,1
980,2275132.0,2,1,1,0,1,0,0,0,1
981,844735.0,2,1,1,0,1,0,1,0,0
982,5166296.0,2,1,1,0,1,0,1,0,1
983,836219.0,2,0,1,0,1,0,1,0,0
984,1116785.0,2,0,1,0,1,0,1,0,0
985,1698659.0,2,1,1,0,1,0,1,0,0
986,1002330.0,2,1,1,0,1,0,0,0,0
987,435916.0,2,1,0,0,1,0,1,0,0
988,1134912.0,2,1,1,0,1,0,1,0,0
989,708333.0,4,1,0,0,0,0,0,0,0
990,925926.0,4,2,0,0,1,1,0,0,0
990,879630.0,1,3,0,0,1,1,0,0,0
991,569223.0,2,0,0,0,0,1,0,0,0
992,1109570.0,2,1,1,0,1,0,1,0,0
993,365000.0,2,1,1,0,1,0,1,0,0
994,468750.0,4,2,1,0,1,0,1,0,0
995,885439.0,2,1,1,0,1,0,0,0,0
996,580785.0,2,0,0,0,0,0,1,0,1
996,819856.0,2,0,0,0,0,1,0,0,1
997,322702.0,2,1,1,0,1,0,1,0,0
998,3444198.0,2,1,1,0,1,0,1,0,0
999,701286.0,2,1,1,0,1,0,1,0,0
1000,783197.0,2,1,1,0,1,1,0,0,0
1001,22305432.0,2,1,1,0,1,0,1,0,0
1002,1261013.0,2,0,1,0,1,0,1,0,0
1003,314966.0,2,1,1,0,1,0,1,0,0
1004,1715802.0,2,1,1,0,1,0,1,0,0
1005,697800.0,2,1,1,0,1,0,0,0,0
1006,924074.0,4,0,1,0,1,0,1,0,0
1007,1157407.0,5,0,1,0,1,0,1,0,0
1008,735563.0,2,0,0,0,1,0,1,0,0
1009,1288598.0,2,1,1,0,1,0,1,0,0
1010,929984.0,2,1,0,0,1,0,1,0,0
1011,7062611.0,2,1,1,0,1,0,1,0,0
1012,3138749.0,2,1,1,0,1,0,1,0,0
1013,725000.0,4,0,1,0,1,0,1,0,0
1014,218971.0,2,1,0,0,1,0,1,0,0
1015,390694.0,4,2,0,0,1,0,1,0,0
1016,266667.0,2,0,1,0,0,1,0,0,0
1017,410488.0,2,0,1,0,1,1,0,0,0
1017,492063.0,2,0,1,0,1,0,0,0,0
1018,602882.0,2,0,1,0,1,1,0,0,0
1018,664286.0,2,0,1,0,1,0,0,0,0
1019,686334.0,4,0,1,0,1,1,0,0,0
1019,738095.0,4,0,1,0,1,0,0,0,0
1020,3560946.0,2,0,1,1,1,1,0,0,0
1021,3667287.0,2,0,1,1,1,1,0,0,0
1021,3733385.0,2,0,1,1,1,1,0,0,0
1022,737933.0,2,0,0,0,1,0,0,0,0
1022,775564.0,2,0,0,0,1,0,0,0,0
1023,908373.0,2,0,0,0,1,0,0,0,0
1024,555556.0,2,0,1,0,0,0,0,0,0
1025,555556.0,2,0,1,0,0,0,0,0,0
1026,369109.0,4,2,1,0,1,0,1,0,0
1027,1178201.0,2,2,1,1,1,1,0,0,0
1028,1178201.0,2,0,1,1,1,1,0,0,0
1028,1225384.0,2,0,1,1,1,1,0,0,0
1029,322000.0,2,0,1,0,1,1,0,0,0
1030,446863.0,2,0,1,0,1,1,0,0,0
1031,645460.0,2,2,1,0,1,0,1,0,0
1031,719577.0,2,2,1,0,1,0,1,0,0
1032,361111.0,5,0,1,0,0,0,1,0,0
1033,579573.0,2,0,1,0,1,0,0,0,0
1034,579573.0,2,0,1,0,1,0,0,0,0
1035,185001.0,2,0,1,0,1,1,0,0,0
1035,273865.0,2,0,1,0,1,0,1,0,0
1036,225586.0,2,0,1,0,1,1,0,0,0
1036,227678.0,2,0,1,0,1,0,1,0,0
1037,281781.0,2,0,1,0,1,1,0,0,0
1037,419321.0,2,0,1,0,1,0,1,0,0
1038,311111.0,2,0,1,0,1,0,0,0,0
1038,351341.0,2,1,1,0,1,0,1,0,0
1039,372024.0,2,0,1,0,1,0,1,0,0
1039,407407.0,2,1,1,0,1,0,0,0,0
1040,1111111.0,2,0,0,0,0,0,1,0,0
1040,1180556.0,3,0,0,0,0,0,1,0,0
1041,1111111.0,2,0,0,0,0,0,1,0,0
1041,1180556.0,3,0,0,0,0,0,1,0,0
1042,250000.0,2,0,1,0,1,0,1,0,0
1043,361111.0,4,0,1,0,1,0,1,0,0
1044,370370.0,2,0,1,0,1,0,1,0,0
1045,505129.0,2,1,1,1,1,0,0,0,0
1045,600964.0,2,1,1,1,1,0,0,0,0
1045,724937.0,2,0,1,1,1,0,1,0,0
1045,725000.0,2,1,1,1,1,0,0,0,0
1045,805457.0,2,0,1,1,1,0,1,0,0
1046,505129.0,2,0,1,1,1,0,0,0,0
1046,600964.0,2,0,1,1,1,0,0,0,0
1046,724937.0,2,0,1,1,1,0,1,0,0
1046,805457.0,2,0,1,1,1,0,1,0,0
1047,641307.0,2,0,1,0,1,0,0,0,0
1047,751714.0,2,0,1,0,1,0,0,0,0
1047,900000.0,2,0,1,0,1,0,0,0,0
1048,641307.0,2,0,1,0,1,0,0,0,0
1048,751714.0,2,0,1,0,1,0,0,0,0
1048,900000.0,2,0,1,0,1,0,0,0,0
1049,277778.0,2,0,1,0,1,0,0,0,0
1050,416667.0,4,1,1,0,1,1,0,0,0
1051,462963.0,3,0,1,0,1,1,0,0,0
1052,944444.0,4,0,1,0,1,0,0,0,0
1053,303935.0,2,0,1,0,1,1,0,0,0
1053,300926.0,1,0,1,0,1,0,1,0,0
1054,379623.0,4,0,1,0,1,0,1,0,0
1054,383419.0,4,0,1,0,1,1,0,0,0
1055,429742.0,4,0,1,0,1,0,1,0,0
1055,436508.0,4,0,1,0,1,0,1,0,0
1056,606019.0,4,0,1,0,1,0,1,0,0
1057,233675.0,2,0,1,0,1,0,0,0,0
1058,346875.0,4,0,1,0,1,0,0,0,0
1059,1006764.0,2,1,1,1,1,0,1,0,0
1060,1226704.0,2,1,1,1,1,0,1,0,0
1061,388889.0,2,0,0,0,1,0,0,0,0
1061,740741.0,2,0,0,0,1,0,1,0,0
1062,648148.0,2,0,0,0,1,0,0,0,0
1062,1042265.0,4,0,1,0,1,1,0,1,0
1062,1111111.0,4,0,0,0,1,0,1,0,0
1063,398474.0,2,0,1,0,1,0,1,0,0
1063,444444.0,2,0,1,0,1,0,1,0,0
1064,478432.0,2,0,1,0,1,0,1,0,0
1064,518519.0,2,0,1,0,1,0,1,0,0
1065,333333.0,2,0,1,0,1,0,1,0,0
1066,333333.0,2,0,1,0,1,0,1,0,0
1067,166667.0,2,0,1,0,0,0,1,0,0
1068,185185.0,2,0,1,0,0,0,1,0,0
1069,231481.0,4,0,1,0,0,0,1,0,0
1070,899471.0,2,1,1,0,1,1,0,0,0
1071,952381.0,2,2,1,0,1,1,0,0,0
1071,961807.0,2,0,1,0,1,1,0,0,0
1072,314815.0,2,0,1,0,0,1,0,0,0
1073,370370.0,2,0,1,0,0,1,0,0,0
1074,368824.0,4,2,1,0,1,0,1,0,0
1075,429572.0,4,2,1,0,1,0,1,0,0
1076,462963.0,2,0,1,0,1,0,1,0,0
1077,462963.0,2,0,1,0,1,0,1,0,0
1078,509259.0,2,0,1,0,1,0,1,0,0
1079,266076.0,2,1,1,0,1,0,0,0,0
1080,291020.0,2,0,1,0,1,0,0,0,0
1081,277930.0,2,0,1,0,1,0,0,0,0
1082,420554.0,3,0,1,0,1,0,0,0,0
1083,559744.0,2,0,1,0,1,0,0,0,0
1084,391875.0,3,0,1,0,1,0,0,0,0
1085,142465.0,2,0,0,0,0,1,0,0,0
1085,149289.0,2,0,0,0,0,0,1,0,0
1086,287500.0,2,0,0,0,1,0,0,0,0
1086,321581.0,1,0,0,0,1,0,1,0,0
1087,388889.0,2,0,0,0,1,0,0,0,0
1087,350000.0,1,0,0,0,1,0,0,0,0
1088,358333.0,5,0,1,0,1,0,1,0,0
1089,708333.0,7,0,1,0,1,0,1,0,0
1090,272069.0,2,0,1,0,1,1,0,0,0
1090,277778.0,2,0,1,0,1,0,1,0,0
1091,462963.0,4,0,1,0,1,0,1,0,0
1091,480803.0,4,0,1,0,1,1,0,0,0
1092,324074.0,2,0,1,0,1,1,0,0,0
1093,462963.0,2,0,1,0,1,1,0,0,0
1094,555556.0,4,0,1,0,1,1,0,0,0
1095,166667.0,2,0,0,0,0,0,0,0,0
1096,266667.0,3,0,0,0,0,0,0,0,0
1097,416667.0,4,0,0,0,0,0,0,0,0
1098,280433.0,2,0,1,0,1,0,0,0,0
1098,364295.0,2,0,1,0,1,0,1,0,0
1099,328248.0,2,0,1,0,1,0,0,0,0
1099,400724.0,2,0,1,0,1,0,1,0,0
1100,427778.0,2,0,1,0,0,1,0,0,0
1100,655074.0,2,0,1,0,0,1,0,0,0
1100,826444.0,2,1,1,0,1,0,1,0,0
1101,499074.0,2,0,1,0,0,1,0,0,0
1101,754426.0,2,0,1,0,0,1,0,0,0
1101,969272.0,2,1,1,0,1,0,1,0,0
1102,373120.0,2,1,1,0,1,0,0,0,0
1102,394269.0,2,0,1,0,1,0,1,0,0
1102,507008.0,2,0,1,0,1,1,0,0,0
1102,557329.0,2,0,1,0,1,0,1,0,0
1103,509227.0,2,1,1,0,1,0,0,0,0
1103,547654.0,2,0,1,0,1,0,1,0,0
1103,700846.0,2,0,1,0,1,1,0,0,0
1103,771732.0,2,0,1,0,1,0,1,0,0
1104,554167.0,2,0,1,0,1,0,1,0,0
1105,554214.0,2,0,1,0,1,1,0,0,0
1106,1636364.0,4,0,1,0,0,0,1,0,0
1107,288889.0,2,0,0,0,1,0,1,0,0
1107,332506.0,2,0,0,0,1,1,0,0,0
1108,437037.0,4,0,0,0,1,0,1,0,0
1109,2314354.0,2,0,1,1,1,1,0,0,0
1109,2692372.0,2,0,1,1,1,1,0,0,0
1110,2422134.0,2,0,1,1,1,1,0,0,0
1111,750000.0,3,0,1,0,1,0,0,0,0
1112,313272.0,4,2,1,0,1,0,1,0,0
1112,341119.0,2,4,1,0,1,0,1,0,0
1113,314197.0,2,2,1,0,1,0,1,0,0
1113,342125.0,1,2,1,0,1,0,1,0,0
1114,197639.0,2,0,1,0,1,0,0,0,0
1115,231270.0,2,0,1,0,1,0,0,0,0
1116,479718.0,2,0,1,0,1,1,0,0,0
1116,564374.0,2,0,1,0,1,0,1,0,0
1117,539683.0,2,0,1,0,1,1,0,0,0
1117,634921.0,2,0,1,0,1,0,1,0,0
1118,260402.0,4,2,1,0,1,0,1,0,0
1119,453705.0,4,2,0,0,1,0,0,0,0
1120,481291.0,2,0,1,0,1,1,0,0,0
1121,231481.0,2,1,1,0,1,0,1,0,0
1122,277778.0,2,1,1,0,1,0,1,0,0
1123,324074.0,2,1,1,0,1,0,1,0,0
1124,203704.0,2,0,1,0,1,0,1,0,0
1124,250000.0,3,0,1,0,1,0,1,0,0
1125,277778.0,3,0,1,0,1,0,1,0,0
1126,166667.0,1,0,1,0,1,0,1,0,0
1127,417879.0,2,0,1,0,1,0,1,0,0
1128,342593.0,2,1,0,0,0,0,1,0,0
1129,416667.0,3,1,0,0,0,0,1,0,0
1130,264167.0,2,0,0,0,1,1,0,0,0
1131,304281.0,2,0,1,0,1,1,0,0,0
1132,317813.0,2,1,1,0,1,0,0,0,0
1132,370370.0,2,0,1,0,1,0,1,0,0
1133,351852.0,2,0,1,0,1,0,1,0,0
1134,483796.0,2,1,1,0,1,0,1,0,0
1135,233920.0,2,0,1,0,1,1,0,0,0
1135,325463.0,2,2,1,0,1,0,1,0,0
1136,299074.0,2,2,1,0,1,0,1,0,0
1136,314815.0,4,0,1,0,1,0,1,0,0
1137,352734.0,2,0,1,0,1,0,0,0,0
1138,440917.0,2,0,1,0,1,0,0,0,0
1139,529101.0,3,0,1,0,1,0,0,0,0
1140,408157.0,4,2,1,0,1,1,0,0,0
1141,493373.0,4,0,1,0,1,1,0,0,0
1142,269855.0,2,1,1,0,1,0,1,0,0
1142,350771.0,2,0,1,0,1,1,0,0,0
1143,433598.0,2,1,1,0,1,0,1,0,0
1144,7023563.0,4,0,1,0,1,0,0,0,0
1145,370370.0,2,1,1,0,1,0,1,0,0
1146,555556.0,3,1,1,0,1,0,1,0,0
1147,218971.0,2,0,1,0,1,0,1,0,0
1148,218971.0,2,0,1,0,1,0,1,0,0
1148,218789.0,1,0,1,0,1,0,1,0,0
1149,328183.0,4,0,1,0,1,0,1,0,0
1150,425926.0,2,0,1,0,1,0,1,0,0
1151,601852.0,2,0,1,0,1,0,1,0,0
1152,14395082.0,2,0,0,0,0,0,1,0,0
1152,15994535.0,2,0,0,0,0,1,0,0,0
1152,16299844.0,3,0,0,0,0,0,1,0,0
1153,25815974.0,4,0,0,0,0,0,1,0,0
1153,28684414.0,4,0,0,0,0,1,0,0,0
1154,239234.0,2,1,1,0,1,0,1,0,0
1154,322890.0,2,0,1,0,1,1,0,0,0
1155,303215.0,2,1,1,0,1,0,1,0,0
1155,389772.0,2,0,1,0,1,1,0,0,0
1156,410392.0,4,0,1,0,1,0,1,0,0
1157,416667.0,9,2,1,0,0,1,0,0,0
1158,909091.0,4,0,1,0,1,1,0,0,0
1159,351852.0,2,1,1,0,1,1,0,0,0
1159,2139725.0,2,1,1,0,1,0,1,0,0
1160,483796.0,2,1,1,0,1,1,0,0,0
1160,2084148.0,2,1,1,0,1,0,1,0,0
1161,432870.0,2,0,0,0,1,0,1,0,0
1162,550926.0,2,0,0,0,1,0,1,0,0
1163,382407.0,2,0,1,0,1,0,0,0,0
1164,437037.0,2,1,1,0,1,0,0,0,0
1165,437037.0,2,1,1,0,1,0,0,0,0
1166,250000.0,2,0,1,0,1,0,0,0,0
1167,389583.0,2,1,1,0,1,0,0,0,0
1167,400834.0,2,0,1,0,1,1,0,0,0
1168,547049.0,4,1,1,0,1,0,0,0,0
1169,388907.0,2,0,1,0,1,0,0,0,0
1170,427694.0,4,0,1,0,1,0,0,0,0
1170,504111.0,4,0,1,0,1,0,0,0,0
1171,257469.0,2,0,1,0,1,1,0,0,0
1171,276053.0,2,1,1,0,1,0,1,0,0
1172,303659.0,2,1,1,0,1,0,1,0,0
1173,416667.0,4,0,1,0,1,0,0,0,0
1174,509259.0,4,0,1,0,1,0,0,0,0
1175,277778.0,1,0,1,0,1,0,0,0,0
1176,234533.0,2,0,1,0,1,1,0,0,0
1177,258333.0,2,1,1,0,1,0,0,0,0
1177,389519.0,2,0,1,0,1,0,1,0,0
1177,440917.0,2,0,1,0,1,0,1,0,0
1178,230791.0,2,1,0,0,0,0,1,0,0
1178,256864.0,2,0,0,0,0,1,0,0,0
1179,355170.0,4,2,0,0,0,0,1,0,0
1179,358869.0,2,0,0,0,0,1,0,0,0
1180,370370.0,2,0,0,0,0,1,0,0,0
1181,462963.0,2,0,0,0,0,1,0,0,0
1182,422727.0,2,0,1,0,0,0,1,0,0
1183,509659.0,2,0,1,0,0,0,1,0,0
1183,443182.0,1,0,1,0,0,0,1,0,0
1184,552273.0,2,0,1,0,0,0,1,0,0
1184,613636.0,4,0,1,0,0,0,1,0,0
1185,629630.0,2,0,1,0,1,0,0,0,0
1185,655863.0,2,0,1,0,1,0,1,0,0
1186,703704.0,2,0,1,0,1,0,0,0,0
1186,733123.0,2,0,1,0,1,0,1,0,0
1186,668519.0,1,1,1,0,1,0,0,0,0
1187,410179.0,2,2,1,0,1,0,1,0,0
1187,520833.0,2,2,1,0,1,0,1,0,0
1188,556061.0,2,2,1,0,1,0,1,0,0
1188,659722.0,2,2,1,0,1,0,1,0,0
1189,405186.0,2,0,1,0,1,1,0,0,0
1190,421843.0,2,0,0,0,1,1,0,0,0
1191,284832.0,2,0,1,0,1,0,1,0,0
1192,284832.0,2,0,1,0,1,0,1,0,0
1193,243056.0,2,0,0,0,1,0,1,0,0
1194,277778.0,2,0,0,0,1,0,1,0,0
1195,288638.0,2,0,1,0,1,0,0,0,0
1195,300989.0,2,0,1,0,1,0,1,0,0
1196,416667.0,2,0,1,0,1,0,1,0,0
1197,481481.0,2,0,1,0,1,0,0,0,0
1197,601852.0,2,0,1,0,1,0,0,0,0
1198,503704.0,2,0,1,0,1,0,0,0,0
1198,629630.0,2,0,1,0,1,0,0,0,0
1199,282364.0,2,1,0,0,1,0,1,0,0
1199,324074.0,2,0,0,0,1,0,1,0,0
1200,282364.0,2,1,0,0,1,0,1,0,0
1201,465466.0,2,1,1,0,1,0,0,0,0
1202,650886.0,4,0,1,0,1,0,0,0,0
1203,308642.0,2,0,1,0,1,0,0,0,0
1204,396825.0,2,0,1,0,1,0,0,0,0
1205,338426.0,2,0,0,0,1,0,1,0,0
1206,432870.0,2,0,0,0,1,0,1,0,0
1207,400312.0,2,1,0,0,1,0,1,0,0
1208,568961.0,2,1,0,0,1,0,1,0,0
1208,498428.0,1,1,0,0,1,0,1,0,0
1209,254408.0,2,1,1,0,1,0,0,0,0
1210,309026.0,2,1,1,0,1,0,0,0,0
1211,481481.0,4,0,1,0,1,0,1,0,0
1212,277778.0,2,0,1,0,1,0,0,0,0
1212,324913.0,2,0,1,0,1,0,1,0,0
1212,396825.0,2,0,1,0,1,0,1,0,0
1213,317460.0,2,0,1,0,1,0,0,0,0
1214,431723.0,2,0,1,0,1,1,0,0,0
1215,491370.0,2,0,1,0,1,1,0,0,0
1216,710422.0,2,0,1,0,1,1,0,0,0
1217,290432.0,2,0,1,0,1,0,1,0,0
1218,468719.0,4,0,1,0,1,0,1,0,0
1219,547306.0,4,0,1,0,1,0,1,0,0
1220,514783.0,4,0,1,0,1,0,1,0,0
1221,900013.0,4,0,1,0,1,0,1,0,0
1222,438656.0,2,0,1,0,1,1,0,0,0
1223,287778.0,2,1,0,0,0,0,1,0,0
1224,349444.0,2,1,0,0,0,0,1,0,0
1225,1756868.0,6,1,1,0,1,0,0,0,0
1226,236111.0,2,0,0,0,1,0,0,0,0
1227,314815.0,2,0,0,0,1,0,0,0,0
1228,484896.0,4,0,0,0,1,0,1,0,0
1229,602083.0,2,0,1,0,1,1,0,0,0
1229,663567.0,2,1,1,0,1,0,1,0,0
1230,602083.0,2,0,1,0,1,1,0,0,0
1230,663567.0,2,1,1,0,1,0,1,0,0
1231,262500.0,2,0,1,0,1,0,0,0,0
1231,387339.0,2,1,1,0,1,0,1,0,0
1232,382921.0,2,0,1,0,1,1,0,0,0
1232,387339.0,2,0,1,0,1,0,1,0,0
1233,397500.0,3,0,1,0,1,0,0,0,0
1233,598968.0,3,0,1,0,1,0,1,0,0
1234,244093.0,3,1,1,0,1,0,0,0,0
1235,719287.0,8,1,1,0,1,0,0,0,0
1236,1203704.0,4,0,1,1,1,1,0,0,0
1237,220588.0,2,0,0,0,0,0,1,0,0
1237,248162.0,2,0,0,0,0,0,0,0,0
1237,198529.0,1,0,0,0,0,0,1,0,0
1237,223346.0,1,0,0,0,0,0,0,0,0
1238,413603.0,4,0,0,0,0,0,0,0,0
1238,459559.0,4,0,0,0,0,0,1,0,0
1239,486111.0,2,0,1,0,1,0,0,0,0
1240,578704.0,2,1,1,0,1,0,0,0,0
1241,338657.0,2,1,0,0,1,0,1,0,0
1242,541204.0,4,1,0,0,1,0,1,0,0
1243,546296.0,4,0,1,0,0,0,1,0,0
1244,956389.0,8,0,1,0,1,0,1,0,0
1245,325463.0,2,0,0,0,0,0,0,0,0
1246,378241.0,2,0,0,0,0,0,0,0,0
1247,499252.0,2,0,1,0,1,1,0,0,0
1248,221667.0,2,0,1,0,0,0,1,0,0
1249,221667.0,2,0,1,0,0,0,1,0,0
1250,277083.0,2,0,1,0,0,0,1,0,0
1251,683075.0,3,1,1,0,1,0,0,0,0
1252,351852.0,2,0,1,0,1,0,0,0,0
1253,393519.0,2,0,1,0,1,0,0,0,0
1254,509259.0,2,0,0,0,1,0,0,0,0
1255,824074.0,2,1,0,0,1,0,0,0,0
1255,741667.0,1,1,0,0,1,0,0,0,0
1256,1741766.0,9,1,1,0,1,0,0,0,0
1257,1035000.0,4,2,0,0,1,0,1,0,0
1257,1068750.0,2,2,0,0,1,0,1,0,0
1258,1035000.0,3,1,0,0,1,0,1,0,0
1258,1068750.0,2,1,0,0,1,0,1,0,0
1259,393881.0,4,0,1,0,1,0,1,0,0
1260,685677.0,6,0,1,0,1,0,1,0,0
1261,435600.0,4,1,1,0,1,0,1,0,0
1262,439560.0,4,2,1,0,1,0,1,0,0
1263,323148.0,2,0,1,0,0,1,0,0,0
1264,462037.0,4,0,1,0,0,1,0,0,0
1265,693519.0,6,0,1,0,0,1,0,0,0
1266,488889.0,4,0,1,0,1,0,1,0,0
1267,724074.0,4,0,1,0,1,0,1,0,0
1268,1279630.0,5,0,1,0,1,0,1,0,0
1269,300000.0,2,2,1,0,1,1,0,0,0
1270,300000.0,2,1,1,0,1,1,0,0,0
1271,246296.0,2,0,1,0,1,1,0,0,0
1271,259259.0,2,0,1,0,1,0,1,0,0
1272,2633179.0,8,1,1,0,1,0,0,0,0
1273,385467.0,2,1,1,0,0,0,0,0,0
1274,642426.0,2,0,1,0,1,1,0,0,0
1275,731944.0,8,0,0,0,1,0,0,0,0
1276,924074.0,4,0,1,0,1,0,1,0,0
1277,500000.0,3,0,1,0,1,1,0,0,0
1277,561111.0,3,0,1,0,1,0,1,0,0
1278,747922.0,2,0,1,0,1,0,1,0,0
1278,1023154.0,3,0,1,0,1,0,1,0,0
1279,390397.0,4,0,1,0,1,0,1,0,0
1280,417747.0,2,0,1,0,1,1,0,0,0
1280,439733.0,2,0,1,0,1,0,1,0,0
1280,453333.0,5,0,1,0,1,0,1,0,0
1281,1480556.0,2,0,0,0,1,0,1,0,0
1281,1628611.0,4,0,0,0,1,0,1,0,0
1282,265198.0,2,0,1,0,1,1,0,0,0
1282,396111.0,2,0,1,0,1,0,1,0,0
1282,344444.0,1,0,1,0,1,0,1,0,0
1283,231481.0,2,0,0,0,1,0,1,0,0
1284,370370.0,4,0,0,0,1,0,1,0,0
1285,597028.0,3,0,0,0,1,0,1,0,0
1286,308642.0,2,0,1,0,1,0,0,0,0
1287,370370.0,2,0,1,0,1,0,0,0,0
1288,2637933.0,4,1,0,0,1,0,0,0,0
1289,509259.0,4,0,1,0,1,0,1,0,0
1290,740741.0,6,0,1,0,1,0,1,0,0
1291,1474580.0,14,1,1,0,1,0,0,0,0
1292,346383.0,2,2,1,0,1,0,1,0,0
1293,868316.0,3,1,0,0,1,0,0,0,0
1294,1000000.0,3,0,0,0,0,0,1,0,0
1295,537037.0,2,0,1,0,1,0,0,0,0
1295,444444.0,1,1,1,0,1,0,0,0,0
1296,555556.0,2,0,1,0,1,0,0,0,0
1297,740741.0,4,0,0,0,1,1,0,0,0
1298,333333.0,10,2,1,0,1,0,0,0,0
1299,342593.0,2,0,1,0,0,0,1,0,0
1299,308333.0,1,0,1,0,0,0,1,0,0
1300,832946.0,2,0,0,0,0,1,0,0,0
1301,277778.0,2,0,1,0,1,0,0,0,0
1302,305556.0,2,0,0,0,1,0,1,0,0
1302,383492.0,2,0,0,0,1,0,1,0,0
1303,355556.0,2,0,0,0,1,0,1,0,0
1303,400000.0,3,0,0,0,1,0,1,0,0
1303,333333.0,1,0,0,0,1,0,1,0,0
1304,324074.0,2,0,0,0,0,1,0,0,0
1304,416667.0,4,0,0,0,0,1,0,0,0
1304,307870.0,1,1,0,0,0,1,0,0,0
1305,402778.0,4,0,0,0,0,1,0,0,0
1306,324074.0,2,0,1,0,1,0,1,0,0
1306,291667.0,1,0,1,0,1,0,1,0,0
1307,306227.0,2,0,1,0,1,0,1,0,0
1308,565250.0,3,1,0,0,1,1,0,0,0
1309,341181.0,2,0,0,0,1,0,1,0,0
1309,335278.0,1,0,0,0,1,0,1,0,0
1310,432674.0,2,0,0,0,1,0,1,0,0
1310,444480.0,4,0,0,0,1,0,1,0,0
1311,177273.0,2,0,1,0,1,0,1,0,0
1312,227273.0,2,0,1,0,1,0,1,0,0
1313,969850.0,6,1,1,0,1,0,0,0,0
1314,271190.0,2,2,1,0,1,0,1,0,0
1314,287143.0,3,2,1,0,1,0,1,0,0
1315,327857.0,3,3,1,0,1,0,1,0,0
1316,1301852.0,4,0,0,0,0,0,1,0,0
1317,623679.0,2,0,1,0,1,0,0,0,0
1318,838534.0,2,0,1,0,1,1,0,0,0
1318,1037963.0,2,1,1,0,1,1,0,0,0
1319,2152623.0,10,1,1,0,1,0,0,0,0
1320,320132.0,4,2,1,0,1,0,1,0,0
1320,348589.0,2,4,1,0,1,0,1,0,0
1321,321077.0,2,2,1,0,1,0,1,0,0
1321,349617.0,1,2,1,0,1,0,1,0,0
1322,277778.0,2,0,0,0,0,1,0,0,0
1322,319444.0,2,0,0,0,0,0,1,0,0
1323,370370.0,2,0,0,0,0,1,0,0,0
1323,425926.0,2,0,0,0,0,0,1,0,0
1324,370370.0,4,0,0,0,0,1,0,0,0
1324,425926.0,4,0,0,0,0,0,1,0,0
1325,655770.0,5,1,0,0,1,0,0,0,0
1326,860289.0,8,1,0,0,1,0,0,0,0
1327,296296.0,2,0,1,0,1,1,0,0,0
1328,435185.0,4,0,1,0,1,1,0,0,0
1329,1275000.0,6,0,0,0,1,0,1,0,0
1329,1500000.0,3,0,0,0,1,0,0,0,0
1330,1203704.0,3,0,1,0,1,0,1,0,0
1331,1203704.0,2,0,1,0,1,0,1,0,0
1331,1083333.0,1,0,1,0,1,0,1,0,0
1332,867884.0,5,1,1,0,1,0,0,0,0
1333,471952.0,2,1,1,0,1,0,1,0,0
1334,402963.0,2,0,1,0,0,0,1,0,0
1334,426667.0,3,0,1,0,0,0,1,0,0
1334,379259.0,1,0,1,0,0,0,1,0,0
1335,361111.0,5,0,1,0,0,0,1,0,0
1336,393519.0,4,0,1,0,1,0,0,0,0
1337,658333.0,4,0,1,0,0,0,0,0,0
1338,774984.0,4,1,1,0,1,0,0,0,0
1339,291196.0,2,1,1,0,1,0,0,0,0
1340,815000.0,6,0,1,0,1,0,0,0,0
1341,333333.0,2,0,0,0,1,1,0,0,0
1342,541667.0,4,0,0,0,1,1,0,0,0
1343,833333.0,6,0,0,0,1,1,0,0,0
1344,511574.0,3,3,1,0,1,0,0,0,0
1345,591339.0,6,1,1,0,1,0,0,0,0
1346,583333.0,2,0,0,0,0,1,0,0,0
1346,750000.0,3,0,0,0,0,1,0,0,0
1347,816667.0,2,0,0,0,0,1,0,0,0
1347,1050000.0,3,0,0,0,0,1,0,0,0
1348,1000000.0,2,0,0,0,0,1,0,0,0
1349,740741.0,4,0,0,0,1,0,1,0,0
1350,1060946.0,4,1,1,0,1,0,0,0,0
1351,389767.0,2,0,1,0,1,0,1,0,0
1352,722024.0,4,1,1,0,1,0,0,0,0
1352,1036891.0,4,1,1,0,0,0,0,0,0
1353,383681.0,2,0,1,0,1,0,1,0,0
1353,377778.0,1,0,1,0,1,0,1,0,0
1354,381825.0,4,0,1,0,1,0,0,0,0
1355,582815.0,4,0,1,0,1,0,0,0,0
1356,666667.0,2,0,1,0,1,0,0,0,0
1356,676854.0,2,1,1,0,1,0,0,0,0
1357,406821.0,4,1,0,0,1,0,0,0,0
1358,1225410.0,10,1,1,0,1,0,0,0,0
1359,299992.0,20,1,1,0,1,0,0,0,0
1360,1231481.0,6,0,1,0,1,0,0,0,0
1361,305960.0,2,0,1,0,1,1,0,0,0
1362,915741.0,4,0,1,0,1,0,1,0,0
1363,253807.0,2,0,0,0,0,1,0,0,0
1364,270519.0,2,1,1,0,1,0,0,0,0
1365,382321.0,4,1,1,0,1,0,0,0,0
1366,567766.0,5,0,1,0,1,0,1,0,0
1367,595238.0,2,0,1,0,1,0,1,0,0
1368,392169.0,4,1,1,0,1,0,1,0,0
1369,563333.0,2,6,1,0,0,0,0,0,0
1369,577417.0,3,5,1,0,0,0,0,0,0
1370,360185.0,5,0,1,0,0,0,1,0,0
1371,1328477.0,9,1,1,0,1,0,0,0,0
1372,412489.0,2,0,1,0,1,0,0,0,0
1373,278879.0,2,0,1,0,1,1,0,0,0
1374,277778.0,2,0,1,0,0,1,0,0,0
1375,370370.0,2,0,1,0,0,1,0,0,0
1376,509259.0,4,0,1,0,0,1,0,0,0
1377,324074.0,2,0,1,0,1,0,0,0,0
1378,555556.0,4,0,1,0,1,0,0,0,0
1378,472222.0,1,0,1,0,1,0,0,0,0
1379,370370.0,2,0,1,0,1,0,1,0,0
1380,370370.0,2,0,1,0,1,0,1,0,0
1381,3699325.0,2,0,1,0,1,0,0,0,0
1382,3699325.0,2,0,1,0,1,0,0,0,0
1383,184608988.0,2,0,1,0,1,0,0,0,0
1384,3014815.0,10,1,0,0,1,0,0,0,0
1385,255087.0,2,0,0,0,0,1,0,0,0
1386,841587.0,4,1,1,0,1,0,0,0,0
1387,244093.0,3,1,1,0,1,0,0,0,0
1388,427869.0,4,1,1,0,1,1,0,0,0
1389,708333.0,4,0,0,0,1,1,0,0,0
1390,1296296.0,2,0,1,0,1,0,0,0,0
1391,1944444.0,3,0,1,0,1,0,0,0,0
1392,236626.0,2,0,0,0,1,0,0,0,0
1393,288066.0,2,0,0,0,1,0,0,0,0
1394,411523.0,3,0,0,0,1,0,0,0,0
1395,1209197.0,4,0,0,0,1,0,0,0,0
1396,320133.0,4,2,0,0,1,0,1,0,0
1397,321077.0,3,1,0,0,1,0,1,0,0
1398,1208471.0,4,0,1,0,0,0,0,0,0
1399,427869.0,4,1,1,0,1,1,0,0,0
1400,2250000.0,4,0,1,0,0,0,1,0,0
1401,6961905.0,6,1,1,0,1,0,1,0,0
1402,1006788.0,4,0,1,0,1,0,0,0,0
1403,1674263.0,3,1,1,0,1,0,0,0,0
1404,740741.0,4,0,1,0,1,0,0,0,0
1405,1063729.0,2,0,0,0,0,1,0,0,0
1406,1112692.0,5,1,0,0,1,0,0,0,0
1407,1989981.0,4,1,1,0,1,0,0,0,0
1408,1049713.0,6,1,1,0,1,0,0,0,0
1409,2152623.0,8,1,1,0,1,0,0,0,0
1410,1666667.0,12,0,1,0,1,0,0,0,0
1411,409259.0,2,0,1,0,1,0,1,0,0
1412,547778.0,4,0,1,0,1,0,1,0,0
1413,273889.0,1,0,1,0,1,0,1,0,0
1414,4094621.0,4,1,0,0,1,0,0,0,0
1415,1121574.0,4,0,1,0,1,0,0,0,0
1416,427869.0,4,1,1,0,1,1,0,0,0
1417,3159814.0,6,1,1,0,1,0,0,0,0
1418,1240872.0,4,1,1,0,1,0,0,0,0
1419,1913443.0,2,1,1,0,1,0,0,0,0
1420,1336324.0,4,1,1,0,1,0,0,0,0
1421,1054875.0,4,0,1,0,1,0,0,0,0
1422,573691.0,4,0,1,0,1,0,0,0,0
1422,583333.0,4,1,1,0,1,0,0,0,0
1423,1149715.0,4,0,1,0,1,0,0,0,0
1423,1361111.0,4,1,1,0,1,0,0,0,0
1424,1151147.0,4,1,1,0,1,0,0,0,0
1425,576000.0,2,1,1,0,1,0,1,0,0
1426,648000.0,5,0,1,0,1,0,1,0,0
1427,1790561.0,4,0,0,0,1,0,0,0,0
1428,1674263.0,5,1,0,0,0,0,0,0,0
1429,8579012.0,4,1,0,0,1,0,0,0,0
1430,1215833.0,4,1,0,0,1,0,0,0,0
1431,1443519.0,4,0,1,0,1,0,0,0,0
1432,34441975.0,20,1,1,0,1,0,0,0,0
1433,389583.0,2,0,1,0,0,1,0,0,0
1433,412500.0,3,0,1,0,0,1,0,0,0
1433,366667.0,1,0,1,0,0,1,0,0,0
1434,234979.0,2,0,0,0,0,1,0,0,0
1435,251846.0,2,0,0,0,0,1,0,0,0
1436,336709.0,2,0,0,0,0,1,0,0,0
1437,1895888.0,4,0,1,0,1,0,0,0,0
1438,938595.0,4,1,1,0,1,0,0,0,0
1439,499778.0,4,1,1,0,1,1,0,0,0
1440,664113.0,4,1,1,0,1,1,0,0,0
1441,917279.0,4,0,1,0,1,0,1,0,0
1442,307130.0,2,1,1,0,1,0,1,0,0
1442,291773.0,1,1,1,0,1,0,1,0,0
1443,403574.0,3,2,1,0,1,0,1,0,0
1444,1435082.0,4,0,1,0,1,0,0,0,0
1445,779167.0,2,0,1,0,1,0,0,0,0
1445,865741.0,2,0,1,0,1,0,1,0,0
1446,871250.0,2,0,1,0,1,0,0,0,0
1446,968056.0,2,0,1,0,1,0,1,0,0
1447,325585.0,4,1,0,0,1,0,0,0,0
1448,403377.0,3,1,0,0,1,0,0,0,0
1449,10571772.0,4,1,1,0,1,0,0,0,0
1450,1530754.0,5,1,0,0,1,0,0,0,0
1451,758389.0,4,1,1,0,1,0,0,0,0
1452,1116785.0,10,1,1,0,1,0,0,0,0
1453,427869.0,2,1,1,0,1,1,0,0,0
1454,820370.0,4,0,1,0,1,0,1,0,0
1455,820370.0,4,0,1,0,1,0,1,0,0
1456,1036580.0,4,1,1,0,1,0,0,0,0
1457,379083.0,2,0,0,0,0,1,0,0,0
1457,621113.0,2,0,0,0,0,1,0,0,0
1458,379083.0,2,0,0,0,0,1,0,0,0
1458,621113.0,2,0,0,0,0,1,0,0,0
1459,560663.0,2,0,0,0,0,1,0,0,0
1460,1150350.0,2,0,0,0,0,1,0,0,0
1461,1722223.0,2,0,0,0,0,1,0,0,0
1462,1049969.0,4,1,1,0,1,0,0,0,0
1463,1411384.0,4,1,1,0,1,0,0,0,0
1464,1324064.0,4,1,1,0,1,0,0,0,0
1465,1123765.0,4,0,1,0,1,0,0,0,0
1466,1756868.0,6,0,1,0,1,0,0,0,0
1467,412971.0,2,1,1,0,1,0,0,0,0
1468,531227.0,4,0,1,0,1,0,0,0,0
1469,766815.0,6,0,1,0,1,0,0,0,0
1470,5355344.0,5,0,1,0,1,0,1,0,0
1471,794408.0,5,0,1,0,1,0,0,0,0
1472,2870164.0,10,0,0,0,1,0,0,0,0
1473,757103.0,4,1,0,0,1,0,0,0,0
1474,690509.0,2,0,0,0,1,1,0,0,0
1474,705046.0,3,0,0,0,1,1,0,0,0
1474,675972.0,1,0,0,0,1,1,0,0,0
1475,12037037.0,5,0,0,0,1,1,0,0,0
1476,814711.0,4,0,1,0,1,0,0,0,0
1477,891665.0,2,1,1,0,1,0,0,0,0
1478,1421916.0,4,0,1,0,1,0,0,0,0
1479,1135421.0,8,1,1,0,1,0,0,0,0
1480,564201.0,4,1,0,0,1,0,0,0,0
1481,1145420.0,4,1,1,0,1,0,0,0,0
1482,1160811.0,5,1,1,0,0,0,1,0,0
1483,1336324.0,2,1,1,0,0,0,1,0,0
1483,1451176.0,3,1,1,0,0,0,1,0,0
1483,1257546.0,1,1,1,0,0,0,1,0,0
1484,2106543.0,4,1,0,0,1,0,0,0,0
1485,948000.0,4,2,1,0,1,0,1,0,0
1486,929984.0,3,1,0,0,1,0,0,0,0
1487,376597.0,2,1,1,0,1,0,1,0,0
1488,391157.0,4,0,0,0,1,0,1,0,0
1489,456898.0,4,0,0,0,1,0,1,0,0
1490,1049969.0,5,0,0,0,1,0,0,0,0
1491,863507.0,4,0,1,0,1,0,0,0,0
1492,351852.0,5,0,1,0,0,0,1,0,0
1493,1629167.0,2,0,1,0,0,1,0,0,0
1493,1725000.0,4,0,1,0,0,1,0,0,0
1493,1533333.0,1,0,1,0,0,1,0,0,0
1494,488656.0,3,1,1,0,1,0,0,0,0
1495,1177015.0,4,1,1,0,1,0,0,0,0
1496,361111.0,5,0,1,0,0,0,1,0,0
1497,1626427.0,4,1,0,0,1,0,0,0,0
1498,1626427.0,5,1,1,0,1,0,0,0,0
1499,3159814.0,4,0,1,0,1,0,0,0,0
1500,1435082.0,4,1,1,0,1,0,0,0,0
1501,328464.0,2,1,1,0,1,0,0,0,0
1502,1397270.0,4,1,1,0,1,0,0,0,0
1503,23918039.0,5,0,0,0,1,0,0,0,0
1504,669878.0,4,1,1,0,1,1,0,0,0
1505,5171562.0,8,1,1,0,0,0,0,0,0
1506,1000000.0,9,0,1,0,1,1,0,0,0
1506,1111111.0,9,0,1,0,1,0,0,0,0
1507,1165855.0,5,1,1,0,1,0,0,0,0
1508,1685234.0,6,1,1,0,1,0,0,0,0
1509,845062.0,4,1,0,0,1,0,0,0,0
1510,1545105.0,4,0,1,0,1,0,0,0,0
1511,1240872.0,4,1,0,0,1,0,0,0,0
1512,323965.0,2,0,1,0,1,0,0,0,0
1513,670455.0,4,1,0,0,1,0,0,0,0
1514,380967.0,2,0,0,0,1,0,1,0,0
1515,573679.0,4,1,1,0,1,1,0,0,0
1515,583333.0,4,1,1,0,1,0,0,0,0
1516,1149692.0,6,1,1,0,1,1,0,0,0
1516,1361111.0,4,1,1,0,1,0,0,0,0
1517,541667.0,6,4,1,0,1,0,0,0,0
1518,842741.0,4,1,1,0,1,0,0,0,0
1519,552771.0,2,0,0,0,1,0,0,0,0
1519,648148.0,2,0,0,0,1,1,0,0,0
1519,729575.0,2,0,0,0,1,0,1,0,0
1519,764714.0,2,0,0,0,1,0,0,0,0
1519,935664.0,2,0,0,0,1,0,1,0,0
1520,552771.0,2,0,0,0,1,0,0,0,0
1520,648148.0,2,0,0,0,1,1,0,0,0
1520,729575.0,2,0,0,0,1,0,1,0,0
1520,764714.0,2,0,0,0,1,0,0,0,0
1520,935664.0,2,0,0,0,1,0,1,0,0
1521,607212.0,2,0,0,0,1,0,0,0,0
1521,666667.0,2,0,0,0,1,1,0,0,0
1521,748531.0,2,0,0,0,1,0,1,0,0
1521,781708.0,2,0,0,0,1,0,0,0,0
1521,957926.0,2,0,0,0,1,0,1,0,0
1522,607212.0,2,0,0,0,1,0,0,0,0
1522,666667.0,2,0,0,0,1,1,0,0,0
1522,748531.0,2,0,0,0,1,0,1,0,0
1522,781708.0,2,0,0,0,1,0,0,0,0
1522,957926.0,2,0,0,0,1,0,1,0,0
1523,637262.0,2,0,0,0,1,0,0,0,0
1523,694444.0,2,0,0,0,1,1,0,0,0
1523,780287.0,2,0,0,0,1,0,1,0,0
1523,810541.0,2,0,0,0,1,0,0,0,0
1523,989650.0,2,0,0,0,1,0,1,0,0
1524,804719.0,2,2,1,1,1,0,0,0,0
1524,1016667.0,2,0,1,1,1,0,1,0,0
1525,804719.0,2,2,1,1,1,0,0,0,0
1525,1016667.0,2,0,1,1,1,0,1,0,0
1526,1029526.0,2,2,1,1,1,0,0,0,0
1526,1220000.0,2,0,1,1,1,0,1,0,0
1527,4066667.0,2,0,1,1,1,0,1,0,0
1528,,0,0,0,0,0,0,0,0,0
1529,,0,0,0,0,0,0,0,0,0
1530,606663.0,2,0,1,0,1,1,0,0,0
1531,607407.0,2,0,1,0,1,0,1,0,0
1532,681481.0,2,0,1,0,1,0,1,0,0
1533,,0,0,0,0,0,0,0,0,0
1534,,0,0,0,0,0,0,0,0,0
1535,,0,0,0,0,0,0,0,0,0
1536,,0,0,0,0,0,0,0,0,0
1537,314815.0,2,0,1,0,1,0,1,0,0
1538,351852.0,2,0,1,0,1,0,1,0,0
1539,416667.0,2,0,1,0,1,0,1,0,0
1540,555556.0,4,0,1,0,1,0,1,0,0
1541,712963.0,6,0,1,0,1,0,1,0,0
1542,296296.0,2,0,1,0,0,0,1,0,0
1543,370370.0,2,0,1,0,0,0,1,0,0
1544,416667.0,3,0,1,0,0,0,1,0,0
1545,462963.0,4,0,1,0,0,0,1,0,0
1546,259743.0,2,0,1,0,1,0,1,0,0
1547,305086.0,2,0,1,0,1,0,1,0,0
1548,344731.0,4,0,1,0,1,0,1,0,0
1548,518519.0,4,0,1,0,1,0,1,0,0
1549,370370.0,1,0,1,0,1,0,1,0,0
1550,693891.0,2,0,1,0,1,0,1,0,0
1550,869630.0,2,0,1,0,1,0,1,0,0
1551,956593.0,2,0,1,0,1,0,1,0,0
1551,1305489.0,2,0,1,0,1,0,1,0,0
1552,1044180.0,2,0,1,0,1,0,1,0,0
1552,1479570.0,2,0,1,0,1,0,1,0,0
1553,1044180.0,2,0,1,0,1,0,1,0,0
1553,1479570.0,2,0,1,0,1,0,1,0,0
1554,1740670.0,2,0,1,0,1,0,1,0,0
1554,1851852.0,2,0,1,0,1,0,0,0,0
1555,2777778.0,4,0,1,0,1,0,0,0,0
1556,275128.0,2,0,1,0,1,0,1,0,0
1556,277778.0,1,0,1,0,1,0,0,0,0
1557,330325.0,3,1,1,0,1,0,1,0,0
1558,382482.0,4,0,1,0,1,0,1,0,0
1559,,0,0,0,0,0,0,0,0,0
1560,591466.0,2,0,1,0,1,1,0,0,0
1561,627630.0,2,0,1,0,1,1,0,0,0
1561,940289.0,2,0,1,0,1,0,1,0,0
1562,795051.0,2,0,1,0,1,0,1,0,0
1563,1147029.0,2,0,1,0,1,0,1,0,0
1564,1417281.0,2,0,1,0,1,0,1,0,0
1564,1469374.0,2,0,1,0,1,1,0,0,0
1565,,0,0,0,0,0,0,0,0,0
1566,,0,0,0,0,0,0,0,0,0
1567,305556.0,2,0,1,0,1,0,1,0,0
1568,458333.0,4,0,1,0,1,0,1,0,0
1569,509259.0,4,0,1,0,1,0,1,0,0
1570,712963.0,6,0,1,0,1,0,1,0,0
1571,601373.0,2,0,1,0,1,1,0,0,0
1572,602168.0,2,0,1,0,1,1,0,0,0
1572,604138.0,2,0,1,0,1,1,0,0,0
1573,621693.0,2,0,1,0,1,1,0,0,0
1574,759990.0,2,0,1,0,1,1,0,0,0
1574,765701.0,2,0,1,0,1,1,0,0,0
1575,820784.0,2,0,1,0,1,1,0,0,0
1575,886243.0,2,0,1,0,1,1,0,0,0
1576,1679894.0,2,0,1,0,1,1,0,0,0
1577,,0,0,0,0,0,0,0,0,0
1578,,0,0,0,0,0,0,0,0,0
1579,139530.0,2,0,1,0,1,0,0,0,0
1580,162963.0,2,0,1,0,1,0,1,0,0
1580,146667.0,1,0,1,0,1,0,1,0,0
1581,232962.0,2,0,1,0,1,0,1,0,0
1581,274073.0,4,0,1,0,1,0,1,0,0
1582,496296.0,8,0,1,0,1,0,1,0,0
1582,565287.0,2,0,1,0,1,0,0,0,0
1583,457748.0,2,1,1,0,1,0,1,0,0
1583,460466.0,2,0,1,0,1,1,0,0,0
1584,578021.0,2,2,1,0,1,0,1,0,0
1584,596679.0,2,0,1,0,1,1,0,0,0
1585,870510.0,2,0,1,0,1,1,0,0,0
1585,878884.0,4,1,1,0,1,0,1,0,0
1586,963925.0,2,0,1,0,1,1,0,0,0
1586,977133.0,4,1,1,0,1,0,1,0,0
1587,,0,0,0,0,0,0,0,0,0
1588,850000.0,2,0,0,0,1,0,1,0,0
1589,850000.0,2,0,0,0,1,0,1,0,0
1590,850000.0,2,0,0,0,1,0,1,0,0
1591,1205000.0,2,1,0,0,1,0,1,0,0
1591,1400000.0,3,0,0,0,1,0,1,0,0
1592,514394.0,2,0,1,0,1,0,0,0,0
1592,691749.0,2,1,1,0,1,0,0,0,0
1593,764565.0,2,1,1,0,1,0,0,0,0
1594,886624.0,2,1,1,0,1,0,0,0,0
1595,699424.0,2,0,1,1,1,1,0,0,0
1595,2442875.0,2,0,1,1,1,0,1,0,0
1596,699714.0,2,0,1,1,1,1,0,0,0
1596,830511.0,2,0,1,1,1,0,1,0,0
1596,2478472.0,2,0,1,1,1,0,1,0,0
1597,805945.0,2,1,1,1,1,0,0,0,0
1597,920459.0,2,0,1,1,1,0,1,0,0
1597,2707466.0,2,0,1,1,1,0,1,0,0
1598,805945.0,2,0,1,1,1,0,0,0,0
1598,920459.0,2,0,1,1,1,0,1,0,0
1599,1505606.0,2,0,1,1,1,0,0,0,0
1599,1679012.0,2,0,1,1,1,0,1,0,0
1600,,0,0,0,0,0,0,0,0,0
1601,439869.0,2,0,1,0,1,0,0,0,0
1602,439869.0,2,0,1,0,1,0,0,0,0
1603,507964.0,2,0,1,0,1,0,0,0,0
1604,507964.0,2,0,1,0,1,0,0,0,0
1605,514404.0,2,0,0,0,1,0,1,0,0
1606,514404.0,2,0,0,0,1,0,1,0,0
1607,578704.0,2,0,0,0,1,0,1,0,0
1607,1780258.0,2,0,0,0,1,1,0,0,0
1608,578704.0,2,0,0,0,1,0,1,0,0
1609,657349.0,2,0,1,0,1,0,0,0,0
1610,685274.0,3,0,1,0,1,0,0,0,0
1611,733025.0,3,0,0,0,1,0,1,0,0
1612,733025.0,2,0,0,0,1,0,1,0,0
1613,,0,0,0,0,0,0,0,0,0
1614,906639.0,2,0,1,1,1,1,0,0,0
1614,1142857.0,2,1,1,1,1,0,1,0,0
1614,1353766.0,2,0,1,1,1,0,1,0,0
1615,906639.0,2,0,1,1,1,1,0,0,0
1615,1142857.0,2,1,1,1,1,0,1,0,0
1615,1353766.0,2,0,1,1,1,0,1,0,0
1616,1945662.0,2,1,1,1,1,1,0,0,0
1616,2047619.0,2,1,1,1,1,0,1,0,0
1616,2423723.0,2,0,1,1,1,0,1,0,0
1617,578259.0,2,0,1,1,1,0,0,0,0
1618,652294.0,2,0,1,1,1,0,0,0,0
1619,652294.0,2,0,1,1,1,0,0,0,0
1620,696585.0,2,0,1,1,1,0,0,0,0
1621,,0,0,0,0,0,0,0,0,0
1622,,0,0,0,0,0,0,0,0,0
1623,636966.0,2,0,1,0,1,0,1,0,0
1623,832407.0,2,0,1,0,1,0,1,0,0
1624,748600.0,2,0,1,0,1,0,1,0,0
1624,1017593.0,2,0,1,0,1,0,1,0,0
1625,383009.0,2,1,1,0,1,0,0,0,0
1625,478956.0,2,0,0,0,0,0,1,0,0
1626,420509.0,2,1,1,0,1,0,0,0,0
1626,513468.0,2,0,0,0,0,0,1,0,0
1627,,0,0,0,0,0,0,0,0,0
1628,1047830.0,2,1,1,1,1,0,0,0,0
1628,1088586.0,2,0,1,1,1,0,1,0,0
1628,1324074.0,2,1,1,1,1,0,1,0,0
1629,1289637.0,2,1,1,1,1,0,0,0,0
1629,1337993.0,2,0,1,1,1,0,1,0,0
1630,1483455.0,2,1,1,1,1,0,0,0,0
1630,1525185.0,2,0,1,1,1,0,1,0,0
1631,1545421.0,2,0,1,1,1,0,1,0,0
1632,1874074.0,2,1,1,1,1,0,1,0,0
1632,1629630.0,1,1,1,1,1,0,1,0,0
1633,,0,0,0,0,0,0,0,0,0
1634,,0,0,0,0,0,0,0,0,0
1635,313681.0,2,1,1,0,1,0,1,0,0
1635,399815.0,2,1,1,0,1,0,1,0,0
1636,348300.0,2,1,1,0,1,0,1,0,0
1636,440741.0,2,1,1,0,1,0,1,0,0
1637,378154.0,2,1,1,0,1,0,1,0,0
1637,478519.0,2,1,1,0,1,0,1,0,0
1638,442838.0,2,1,1,0,1,0,1,0,0
1638,560370.0,2,1,1,0,1,0,1,0,0
1639,335859.0,2,0,1,0,1,0,1,0,0
1640,458754.0,4,0,1,0,1,0,1,0,0
1641,658961.0,2,1,0,0,1,1,0,0,0
1642,,0,0,0,0,0,0,0,0,0
1643,500000.0,2,0,1,0,0,0,1,0,0
1644,462963.0,1,0,1,0,0,0,1,0,0
1645,938036.0,2,1,0,0,1,0,0,0,0
1646,354382.0,2,1,0,0,1,0,0,0,0
1647,354382.0,2,1,0,0,1,0,0,0,0
1647,450185.0,2,1,0,0,1,0,1,0,0
1648,396520.0,2,1,0,0,1,0,0,0,0
1648,499926.0,2,1,0,0,1,0,1,0,0
1649,450185.0,2,2,0,0,1,0,1,0,0
1650,555556.0,2,0,1,0,1,0,0,0,0
1650,740741.0,2,0,1,0,1,0,0,0,1
1651,555556.0,2,0,1,0,1,0,0,0,0
1651,740741.0,2,0,1,0,1,0,0,0,1
1652,888889.0,2,0,1,0,1,0,0,0,0
1652,1037037.0,2,0,1,0,1,0,0,0,1
1653,1185185.0,2,0,1,0,1,0,0,0,0
1653,1333333.0,2,0,1,0,1,0,0,0,1
1654,1407407.0,4,0,1,0,1,0,0,0,1
1655,1851852.0,7,0,1,0,1,0,0,0,1
1656,2148148.0,9,0,1,0,1,0,0,0,1
1657,229779.0,2,0,1,0,0,0,0,0,0
1658,367647.0,4,0,1,0,0,0,0,0,0
1659,367647.0,4,0,1,0,0,0,0,0,0
1660,222222.0,2,0,1,0,1,0,1,0,0
1661,259259.0,2,0,1,0,1,0,1,0,0
1662,370370.0,3,0,1,0,1,0,1,0,0
1663,370370.0,2,0,1,0,1,0,1,0,0
1664,509259.0,3,0,1,0,1,0,1,0,0
1665,740741.0,6,0,1,0,1,0,1,0,0
1666,289995.0,4,1,0,0,1,0,1,0,0
1667,434449.0,6,3,0,0,1,0,1,0,0
1668,185904.0,2,1,1,0,1,0,1,0,0
1668,196049.0,2,1,1,0,1,0,1,0,0
1669,619239.0,5,0,1,0,1,0,1,0,0
1669,627160.0,5,0,1,0,1,0,1,0,0
1670,116123.0,1,0,1,0,1,0,1,0,0
1670,117778.0,1,0,1,0,1,0,1,0,0
1671,139920.0,1,0,0,0,1,0,1,0,0
1672,111111.0,2,0,1,0,1,0,1,0,0
1672,166667.0,2,0,1,0,1,1,0,0,0
1672,105556.0,1,0,1,0,1,0,1,0,0
1672,158333.0,1,0,1,0,1,1,0,0,0
1673,250000.0,2,0,1,0,1,0,1,0,0
1673,277778.0,4,0,1,0,1,0,1,0,0
1674,324074.0,4,0,1,0,1,0,1,0,0
1675,370370.0,4,0,1,0,1,0,1,0,0
1676,925926.0,16,0,1,0,1,0,1,0,0
1677,183824.0,2,0,1,0,0,0,1,0,1
1677,413603.0,2,0,1,0,0,0,1,0,1
1677,156250.0,1,0,1,0,0,0,1,0,1
1677,289522.0,1,0,1,0,0,0,1,0,1
1678,252758.0,2,0,1,0,0,0,1,0,1
1678,404412.0,3,0,1,0,0,0,1,0,1
1678,151655.0,1,0,1,0,0,0,1,0,1
1679,340074.0,2,0,1,0,0,0,1,0,1
1679,569853.0,2,0,1,0,0,0,1,0,1
1679,289063.0,1,0,1,0,0,0,1,0,1
1679,398897.0,1,0,1,0,0,0,1,0,1
1680,340074.0,2,0,1,0,0,0,1,0,1
1680,569853.0,2,0,1,0,0,0,1,0,1
1680,289063.0,1,0,1,0,0,0,1,0,1
1680,398897.0,1,0,1,0,0,0,1,0,1
1681,1725376.0,11,1,1,0,1,0,1,0,1
1682,156250.0,1,0,1,0,0,0,1,0,1
1683,276852.0,4,0,1,0,1,0,1,0,0
1684,276852.0,2,0,1,0,1,0,1,0,0
1685,276852.0,4,0,1,0,1,0,1,0,0
1686,462037.0,4,0,1,0,1,0,1,0,0
1687,462037.0,4,0,1,0,1,0,1,0,0
1688,276852.0,1,0,1,0,1,0,1,0,0
1689,276852.0,1,0,1,0,1,0,1,0,0
1690,462037.0,1,0,1,0,1,0,1,0,0
1691,166667.0,2,0,1,0,0,1,0,0,0
1692,183333.0,2,0,1,0,0,1,0,0,0
1692,146667.0,1,0,1,0,0,1,0,0,0
1693,250000.0,2,0,1,0,0,1,0,0,0
1694,333333.0,4,0,1,0,0,1,0,0,0
1695,416667.0,6,0,1,0,0,1,0,0,0
1696,166667.0,1,0,1,0,0,1,0,0,0
1697,149704.0,2,0,0,0,0,1,0,0,0
1697,159259.0,2,0,0,0,0,0,1,0,0
1698,268519.0,4,0,0,0,0,0,1,0,0
1699,277778.0,4,0,0,0,0,0,1,0,0
1700,112434.0,3,0,1,0,1,0,1,0,0
1701,119929.0,2,0,1,0,1,0,1,0,0
1702,299824.0,5,0,1,0,1,0,1,0,0
1703,82451.0,1,0,1,0,1,0,1,0,0
1704,93519.0,2,0,0,0,0,0,1,0,1
1704,149074.0,3,0,0,0,0,0,1,0,1
1705,308642.0,3,1,1,0,1,0,0,0,0
1706,226352.0,2,0,0,0,0,1,0,0,1
1707,226352.0,2,0,0,0,0,1,0,0,1
1708,229167.0,2,1,1,0,1,1,0,0,0
1708,231481.0,2,1,1,0,1,0,1,0,0
1709,229167.0,2,1,1,0,1,1,0,0,0
1709,231481.0,2,1,1,0,1,0,1,0,0
1710,256667.0,4,1,1,0,1,1,0,0,0
1710,259259.0,4,1,1,0,1,0,1,0,0
1711,296296.0,4,1,1,0,1,0,1,0,0
1712,203704.0,2,0,1,0,1,1,0,0,0
1712,173148.0,1,0,1,0,1,1,0,0,0
1713,222222.0,2,0,1,0,1,1,0,0,0
1713,296296.0,3,0,1,0,1,1,0,0,0
1713,148148.0,1,0,1,0,1,1,0,0,0
1714,222222.0,2,0,1,0,1,1,0,0,0
1714,259259.0,3,0,1,0,1,1,0,0,0
1714,185185.0,1,0,1,0,1,1,0,0,0
1715,250000.0,2,0,1,0,1,1,0,0,0
1715,212500.0,1,0,1,0,1,1,0,0,0
1716,259259.0,2,0,1,0,1,1,0,0,0
1716,220370.0,1,0,1,0,1,1,0,0,0
1717,416667.0,6,0,1,0,1,1,0,0,0
1718,166667.0,1,0,1,0,1,1,0,0,0
1719,166667.0,1,0,1,0,1,1,0,0,0
1720,148148.0,2,0,1,0,1,1,0,0,0
1721,277778.0,4,0,1,0,1,1,0,0,0
1722,370370.0,4,0,1,0,1,1,0,0,0
1723,185185.0,2,0,0,0,0,0,0,0,0
1724,231481.0,2,0,0,0,0,0,0,0,0
1725,231481.0,2,0,0,0,0,0,0,0,0
1726,231481.0,2,0,0,0,0,0,0,0,0
1726,185185.0,1,0,0,0,0,0,0,0,0
1727,240741.0,2,0,0,0,0,0,0,0,0
1728,259259.0,4,0,0,0,0,0,0,0,0
1729,416667.0,6,0,0,0,0,0,0,0,0
1730,425926.0,6,0,0,0,0,0,0,0,0
1731,138889.0,1,0,0,0,0,0,0,0,0
1732,166667.0,1,0,0,0,0,0,0,0,0
1733,367647.0,12,0,0,0,0,0,0,0,0
1734,203704.0,2,0,0,0,1,0,1,0,0
1735,231481.0,2,0,0,0,1,0,1,0,0
1736,296296.0,3,0,0,0,1,0,1,0,0
1737,127857.0,2,0,0,0,0,1,0,0,0
1737,166160.0,2,0,0,0,0,1,0,0,1
1738,263654.0,2,0,0,0,0,1,0,0,0
1738,301918.0,2,0,0,0,0,1,0,0,1
1739,111111.0,2,0,1,0,1,0,1,0,0
1739,166667.0,2,0,1,0,1,0,1,0,1
1739,77778.0,1,0,1,0,1,0,1,0,0
1740,273540.0,2,0,1,0,1,0,1,0,0
1741,490909.0,2,0,1,0,1,0,1,0,0
1741,545455.0,3,0,1,0,1,0,1,0,0
1741,436364.0,1,0,1,0,1,0,1,0,0
1742,321691.0,2,0,1,0,1,0,1,0,0
1742,386029.0,2,0,1,0,1,0,1,0,1
1742,257353.0,1,0,1,0,1,0,1,0,0
1742,308824.0,1,0,1,0,1,0,1,0,1
1743,330883.0,2,0,1,0,1,0,1,0,0
1743,349265.0,3,0,1,0,1,0,1,0,0
1743,496324.0,4,0,1,0,1,0,1,0,1
1744,231481.0,2,0,1,0,0,1,0,0,0
1745,333333.0,4,0,1,0,0,1,0,0,0
1746,333333.0,4,0,1,0,0,1,0,0,0
1747,167484.0,2,1,1,0,1,0,1,0,1
1748,206268.0,2,1,1,0,1,0,1,0,0
1749,156250.0,2,0,1,0,0,0,1,0,0
1749,165441.0,3,0,1,0,0,0,1,0,0
1749,147059.0,1,0,1,0,0,0,1,0,0
1750,321691.0,2,0,1,0,0,0,1,0,0
1750,344669.0,3,0,1,0,0,0,1,0,0
1750,298714.0,1,0,1,0,0,0,1,0,0
1751,906923.0,2,0,1,1,1,0,1,0,1
1752,906923.0,2,0,1,1,1,0,1,0,1
1753,1088878.0,2,0,1,1,1,0,1,0,1
1754,1088878.0,2,0,1,1,1,0,1,0,1
1755,1215492.0,2,1,1,1,1,0,1,0,1
1756,1225412.0,2,1,1,0,1,0,0,0,1
1756,1519535.0,2,1,1,0,1,0,1,0,1
1756,1594691.0,2,0,1,0,1,0,1,0,0
1757,1225412.0,2,1,1,0,1,0,0,0,1
1757,1519535.0,2,1,1,0,1,0,1,0,1
1757,1594691.0,2,0,1,0,1,0,1,0,0
1758,1750207.0,3,0,1,0,1,0,0,0,1
1758,1773464.0,2,0,1,0,1,1,0,0,1
1758,2044057.0,3,0,1,0,1,0,1,0,1
1758,2104937.0,2,0,1,0,1,0,1,0,1
1759,2798410.0,2,1,1,0,1,0,0,0,1
1759,3221870.0,2,1,1,0,1,0,1,0,1
1760,1270370.0,2,0,1,0,1,0,1,0,1
1761,1542593.0,2,0,1,0,1,0,1,0,1
1762,1911325.0,2,2,1,1,1,0,0,0,1
1762,2361111.0,2,2,1,1,1,1,0,0,1
1762,1918159.0,1,2,1,1,1,0,0,0,1
1762,2222222.0,1,2,1,1,1,1,0,0,1
1763,1365639.0,2,0,1,1,1,0,1,1,1
1764,1365639.0,2,0,1,1,1,0,1,1,1
1765,1365639.0,2,0,1,1,1,0,1,1,1
1766,1365639.0,2,0,1,1,1,0,1,1,1
1767,1714511.0,2,0,1,1,1,0,1,1,1
1767,2291667.0,2,0,1,1,1,1,0,0,1
1767,2750000.0,2,0,1,1,1,0,1,0,1
1768,1714511.0,2,0,1,1,1,0,1,1,1
1768,2291667.0,2,0,1,1,1,1,0,0,1
1768,2750000.0,2,0,1,1,1,0,1,0,1
1769,710622.0,2,0,1,0,1,0,1,0,1
1770,839246.0,2,0,1,0,1,0,1,0,1
1771,1051372.0,4,0,1,0,1,0,1,0,1
1772,1154314.0,2,0,1,0,1,0,1,0,1
1773,1570333.0,2,0,1,0,1,1,0,0,1
1773,1675485.0,2,0,1,0,1,1,0,0,1
1774,3968254.0,2,1,1,0,1,1,0,0,1
1775,13095238.0,2,1,1,0,1,1,0,0,1
1776,837809.0,2,0,0,0,0,1,0,0,1
1777,837841.0,2,0,0,0,0,1,0,0,1
1778,1003629.0,2,0,0,0,0,1,0,0,1
1779,1030082.0,2,0,0,0,0,1,0,0,1
1780,456370.0,2,0,1,0,1,0,1,0,0
1781,607043.0,2,0,1,0,1,0,1,0,0
1782,679364.0,2,0,1,0,1,0,1,0,0
1783,973047.0,2,0,1,0,1,0,1,0,0
1784,555556.0,2,0,1,0,1,0,1,0,0
1785,648148.0,2,0,1,0,1,0,1,0,0
1786,677313.0,2,0,1,0,1,1,0,0,0
1787,677313.0,2,1,1,0,1,1,0,0,0
1788,2241049.0,2,0,1,0,1,1,0,0,1
1789,2265877.0,2,0,1,0,1,1,0,0,1
1789,2388299.0,2,1,1,1,1,0,1,0,1
1790,2406854.0,2,0,1,0,1,1,0,0,1
1790,2440476.0,2,1,1,0,1,0,1,0,1
1790,1993056.0,1,1,1,0,1,0,1,0,1
1791,2488264.0,2,0,1,0,1,1,0,0,1
1791,2684524.0,2,2,1,0,1,0,1,0,1
1791,3128968.0,3,2,1,0,1,0,1,0,1
1792,2627129.0,2,2,1,1,1,0,1,0,1
1793,3374103.0,2,0,1,0,1,1,0,0,1
1793,3432197.0,2,1,1,1,1,0,1,0,1
1793,3611111.0,2,0,1,0,1,0,1,0,1
1794,3952750.0,2,0,1,0,1,1,0,0,1
1794,4073377.0,2,2,1,1,1,0,1,0,1
1794,4285714.0,2,2,1,0,1,0,1,0,1
1794,4730159.0,3,2,1,0,1,0,1,0,1
1795,3174603.0,1,1,1,0,1,0,1,0,1
1796,496324.0,2,0,1,0,1,1,0,0,0
1796,551471.0,2,0,1,0,1,0,1,0,0
1796,446691.0,1,0,1,0,1,1,0,0,0
1796,496324.0,1,0,1,0,1,0,1,0,0
1797,990741.0,2,2,1,1,1,0,1,0,1
1798,981481.0,2,0,1,0,0,1,0,0,0
1799,1041069.0,2,1,1,0,1,0,0,0,0
1800,1179630.0,2,0,1,0,0,1,0,0,0
1800,1191667.0,3,0,1,0,0,1,0,0,0
1800,1167593.0,1,0,1,0,0,1,0,0,0
1801,811356.0,2,0,1,0,1,0,1,0,0
1802,542321.0,2,0,1,0,1,0,1,0,1
1803,701414.0,2,0,1,0,1,0,1,0,1
1804,778570.0,2,0,1,0,1,0,1,0,1
1805,844444.0,2,0,1,0,1,0,1,0,1
1806,686111.0,1,0,1,0,1,0,1,0,1
1807,747685.0,1,0,1,0,1,0,1,0,1
1808,844444.0,1,0,1,0,1,0,1,0,1
1809,2085597.0,2,0,1,1,1,1,0,0,1
1809,2386894.0,2,1,1,1,1,0,0,0,1
1809,3404160.0,2,1,1,1,1,0,1,1,1
1809,5164933.0,2,1,1,1,1,0,1,1,1
1810,2085597.0,2,0,1,1,1,1,0,0,1
1811,2337955.0,2,1,1,1,1,1,0,1,1
1811,3279439.0,2,1,1,1,1,0,1,1,1
1811,5164933.0,2,1,1,1,1,0,1,1,1
1812,2386894.0,2,1,1,1,1,0,1,0,1
1812,1821035.0,1,1,1,1,1,0,1,0,1
1813,2541362.0,2,0,1,1,1,1,0,0,1
1813,2901310.0,2,1,1,1,1,0,1,0,1
1813,2335452.0,1,1,1,1,1,0,1,0,1
1814,2862378.0,2,1,1,1,1,0,0,1,1
1814,4080412.0,2,1,1,1,1,1,0,1,1
1814,4137816.0,2,1,1,1,1,0,1,1,1
1814,5842278.0,2,1,1,1,1,0,1,1,1
1815,2862378.0,2,2,1,1,1,0,0,1,1
1815,4080412.0,2,2,1,1,1,0,0,1,1
1815,4137816.0,2,2,1,1,1,0,1,1,1
1815,5842278.0,2,2,1,1,1,0,1,1,1
1816,2901310.0,2,1,1,1,1,0,0,0,1
1816,2335452.0,1,1,1,1,1,0,0,0,1
1817,4181914.0,2,1,1,1,1,1,0,1,1
1817,4238794.0,2,1,1,1,1,0,1,0,1
1817,5987608.0,2,1,1,1,1,0,1,1,1
1817,7731572.0,2,1,1,1,1,0,1,1,1
1818,6351762.0,2,2,1,1,1,1,0,1,1
1818,6502227.0,2,2,1,1,1,0,1,0,1
1818,9184875.0,2,2,1,1,1,0,1,1,1
1818,10928839.0,2,2,1,1,1,0,1,1,1
1819,9065087.0,2,0,1,1,1,1,0,0,1
1819,11876001.0,4,4,1,1,1,0,0,1,1
1819,16799017.0,4,4,1,1,1,0,1,1,1
1819,18579831.0,4,4,1,1,1,0,1,1,1
1820,10253183.0,2,0,1,1,1,1,0,0,1
1820,13704060.0,6,1,1,1,1,0,1,0,1
1820,19767041.0,6,1,1,1,1,0,1,1,1
1820,21547856.0,6,1,1,1,1,0,1,1,1
1821,11646394.0,4,2,1,1,1,0,1,0,1
1822,304000.0,2,0,1,0,1,0,1,0,0
1823,373185.0,2,0,0,0,0,0,1,0,0
1824,436403.0,2,0,0,0,0,0,1,0,0
1825,468028.0,2,0,0,0,0,0,1,0,0
1826,562905.0,2,0,0,0,0,0,1,0,0
1827,386685.0,2,0,1,0,1,0,1,0,0
1828,505329.0,8,0,1,0,1,0,1,0,0
1829,614543.0,2,0,1,0,1,0,1,0,0
1830,854783.0,2,0,1,0,1,0,1,0,1
1831,966540.0,2,1,1,0,1,0,1,0,1
1832,988849.0,2,0,1,0,1,0,1,0,1
1833,947202.0,2,0,1,0,1,0,1,0,1
1834,1030895.0,2,0,1,0,1,0,1,0,1
1835,349852.0,2,0,1,0,1,0,1,0,0
1836,452748.0,2,0,1,0,1,0,1,0,0
1837,859874.0,2,0,0,0,0,1,0,0,1
1838,859874.0,2,0,0,0,0,1,0,0,1
1839,393261.0,2,0,1,0,1,1,0,0,0
1840,535904.0,2,1,1,0,1,0,1,0,0
1841,922944.0,4,2,1,0,1,0,1,0,0
1842,629691.0,2,0,1,0,1,1,0,0,0
1842,653328.0,2,0,1,0,1,0,1,0,0
1843,639920.0,2,0,1,0,1,0,0,0,0
1843,652786.0,2,0,1,0,1,0,0,0,0
1843,829741.0,2,0,1,0,1,0,1,0,0
1844,617348.0,2,0,0,0,0,0,1,0,1
1845,617348.0,2,0,0,0,0,0,1,0,1
1846,397222.0,2,0,1,0,0,0,1,0,0
1847,488889.0,3,0,1,0,0,0,1,0,0
1848,488889.0,2,0,1,0,0,0,1,0,0
1849,580556.0,2,0,1,0,0,0,1,0,0
1850,580556.0,2,0,1,0,0,0,1,0,0
1850,522500.0,1,0,1,0,0,0,1,0,0
1851,779167.0,3,0,1,0,0,0,1,0,0
1852,1851852.0,2,0,1,0,0,1,0,0,0
1853,1731657.0,2,0,1,0,1,0,1,0,1
1854,773870.0,2,0,1,1,1,1,0,0,1
1855,404038.0,2,1,1,0,1,0,1,0,0
1856,1023148.0,2,0,0,0,1,0,1,0,1
1856,1874143.0,2,0,0,0,1,0,1,0,1
1857,1180556.0,2,0,0,0,1,0,1,0,1
1858,1180556.0,2,0,0,0,1,0,1,0,1
1858,1703740.0,2,0,0,0,1,0,1,0,1
1859,325086.0,2,0,1,0,1,0,1,0,0
1859,390540.0,3,0,1,0,1,0,1,0,0
1859,312432.0,1,0,1,0,1,0,1,0,0
1860,367647.0,4,0,1,0,1,0,1,0,0
1861,275736.0,1,0,1,0,1,0,1,0,0
1862,769582.0,2,0,1,0,1,0,1,0,0
1863,865035.0,2,0,1,0,1,0,1,0,0
1864,1856478.0,2,0,1,0,1,1,0,0,1
1865,597495.0,2,0,1,1,1,0,0,1,1
1866,759710.0,2,0,1,1,1,0,0,1,1
1866,944000.0,2,0,1,0,1,0,0,0,1
1867,784000.0,2,0,1,0,1,0,0,0,1
1868,591582.0,2,0,1,0,1,0,1,0,0
1869,643332.0,2,0,1,0,1,0,1,0,0
1870,830808.0,2,0,1,0,1,0,0,0,0
1871,902443.0,3,0,1,0,1,0,0,0,0
1872,925926.0,2,0,1,0,1,1,0,0,0
1872,694444.0,1,0,1,0,1,1,0,0,0
1873,663040.0,2,0,1,0,1,0,1,0,1
1874,788702.0,2,0,1,0,1,0,1,0,1
1875,848534.0,2,0,1,0,1,0,1,0,1
1876,848534.0,2,0,1,0,1,0,1,0,1
1877,450000.0,3,0,0,0,0,0,1,0,0
1878,501258.0,2,0,0,0,0,1,0,0,0
1879,506987.0,2,0,0,0,0,0,1,0,0
1880,551249.0,2,0,0,0,0,1,0,0,0
1881,1067807.0,2,1,0,0,1,0,0,0,0
1882,1087406.0,2,0,0,0,0,1,0,0,1
1883,1087406.0,2,0,0,0,0,1,0,0,1
1884,1155666.0,2,0,0,0,0,1,0,0,1
1885,749611.0,2,0,0,0,0,0,1,0,1
1886,749644.0,2,0,0,0,0,0,1,0,1
1887,837841.0,2,0,0,0,0,0,1,0,1
1888,881907.0,2,0,0,0,0,0,1,0,1
1889,489418.0,2,0,1,0,1,0,0,0,0
1890,759946.0,2,0,1,0,1,0,1,0,0
1891,,0,0,0,0,0,0,0,0,0
1892,,0,0,0,0,0,0,0,0,0
1893,,0,0,0,0,0,0,0,0,0
1894,1302989.0,2,0,0,0,0,0,1,0,0
1895,1401204.0,2,0,0,0,0,0,1,0,0
1896,930218.0,2,1,0,0,1,0,0,0,0
1897,913336.0,2,1,1,0,1,0,0,0,0
1898,266545.0,2,0,1,0,0,0,1,0,0
1898,253217.0,1,0,1,0,0,0,1,0,0
1899,1075549.0,4,1,1,0,1,0,0,0,0
1900,1097486.0,2,1,0,0,1,0,0,0,0
1901,877778.0,2,0,0,0,0,0,0,0,0
1902,1024964.0,2,1,0,0,1,0,1,0,0
1902,978990.0,1,1,0,0,1,0,1,0,0
1903,1119676.0,2,0,0,0,0,0,0,0,0
1903,1185648.0,3,0,0,0,0,0,0,0,0
1903,1053704.0,1,0,0,0,0,0,0,0,0
1904,941834.0,2,0,1,0,1,1,0,0,1
1904,1014109.0,2,0,1,0,1,1,0,0,1
1905,941834.0,2,0,1,0,1,1,0,0,1
1905,1014109.0,2,0,1,0,1,1,0,0,1
1906,1028274.0,2,0,1,0,1,1,0,0,1
1906,1102293.0,2,0,1,0,1,1,0,0,1
1907,1028274.0,2,0,1,0,1,1,0,0,1
1907,1102293.0,2,0,1,0,1,1,0,0,1
1908,1192798.0,2,0,1,0,1,1,0,0,1
1908,1278660.0,2,0,1,0,1,1,0,0,1
1909,1604503.0,2,0,1,0,1,1,0,0,1
1909,1719578.0,2,0,1,0,1,1,0,0,1
1910,925926.0,2,1,1,1,1,1,0,0,1
1911,1102293.0,2,1,1,1,1,1,0,0,1
1912,1378316.0,2,1,1,1,1,1,0,0,1
1912,1500000.0,2,0,1,1,1,1,0,0,1
1913,1539119.0,2,1,1,1,1,1,0,0,1
1913,1675000.0,2,0,1,1,1,1,0,0,1
1914,1539119.0,2,1,1,1,1,1,0,0,1
1914,1675000.0,2,0,1,1,1,1,0,0,1
1915,1539119.0,2,1,1,1,1,1,0,0,1
1915,1675000.0,2,0,1,1,1,1,0,0,1
1916,1701760.0,2,1,1,1,1,1,0,0,1
1916,1852000.0,2,0,1,1,1,1,0,0,1
1917,2548501.0,4,0,1,1,1,1,0,0,1
1918,3383122.0,4,2,1,1,1,1,0,0,1
1918,3527337.0,4,0,1,1,1,1,0,0,1
1919,727797.0,2,1,1,0,1,1,0,0,1
1919,745442.0,2,1,1,0,1,0,1,0,1
1920,727797.0,2,1,1,0,1,1,0,0,1
1920,745442.0,2,1,1,0,1,0,1,0,1
1921,2579365.0,2,1,1,0,1,1,0,0,1
1922,361111.0,2,0,1,0,0,0,1,0,0
1923,388889.0,2,0,1,0,0,0,1,0,0
1924,388889.0,2,0,1,0,0,0,1,0,0
1925,509259.0,3,0,1,0,0,0,1,0,0
1926,555556.0,2,0,1,0,0,0,1,0,0
1927,221295.0,2,0,1,0,1,0,1,0,0
1928,407406.0,4,0,1,0,1,0,1,0,0
1929,509258.0,3,0,1,0,1,0,1,0,0
1930,537036.0,4,0,1,0,1,0,1,0,0
1931,555555.0,6,0,1,0,1,0,1,0,0
1932,129630.0,2,0,1,0,1,0,1,0,0
1933,157407.0,2,0,1,0,1,0,1,0,0
1934,116667.0,2,0,1,0,1,0,1,0,0
1934,105000.0,1,0,1,0,1,0,1,0,0
1935,183750.0,3,0,1,0,1,0,1,0,0
1936,277778.0,2,0,1,0,1,0,1,0,0
1937,296296.0,2,0,1,0,1,0,1,0,0
1938,416667.0,3,0,1,0,1,0,1,0,0
1939,555556.0,4,0,1,0,1,0,1,0,0
1940,259259.0,1,0,1,0,1,0,1,0,0
1941,251852.0,2,0,1,0,1,0,0,0,1
1942,338426.0,2,0,1,0,1,0,0,0,1
1943,188889.0,1,0,1,0,1,0,0,0,1
1944,188889.0,1,0,1,0,1,0,0,0,1
1945,212500.0,1,0,1,0,1,0,0,0,1
1946,180000.0,2,0,0,0,0,0,0,0,0
1947,255000.0,2,1,0,0,0,0,0,0,0
1947,270000.0,3,1,0,0,0,0,0,0,0
1947,240000.0,1,1,0,0,0,0,0,0,0
1948,277778.0,2,0,0,0,0,0,1,0,1
1948,379630.0,3,0,0,0,0,0,1,0,1
1948,194444.0,1,0,0,0,0,0,1,0,1
1949,282407.0,2,1,0,0,0,0,1,0,1
1949,375000.0,3,0,0,0,0,0,1,0,1
1949,189815.0,1,1,0,0,0,0,1,0,1
1950,287037.0,2,0,0,0,0,0,1,0,1
1950,194444.0,1,0,0,0,0,0,1,0,1
1951,333333.0,2,0,0,0,0,0,1,0,1
1951,250000.0,1,0,0,0,0,0,1,0,1
1952,356481.0,2,0,0,0,0,0,1,0,1
1952,263889.0,1,0,0,0,0,0,1,0,1
1953,370370.0,2,1,0,0,0,0,1,0,1
1953,462963.0,3,1,0,0,0,0,1,0,1
1953,277778.0,1,1,0,0,0,0,1,0,1
1954,444444.0,2,0,0,0,0,0,1,0,1
1954,537037.0,3,0,0,0,0,0,1,0,1
1954,324074.0,1,0,0,0,0,0,1,0,1
1955,481481.0,2,0,0,0,0,0,1,0,1
1955,574074.0,3,0,0,0,0,0,1,0,1
1955,351852.0,1,0,0,0,0,0,1,0,1
1956,509259.0,2,0,0,0,0,0,1,0,1
1956,583333.0,3,0,0,0,0,0,1,0,1
1956,407407.0,1,0,0,0,0,0,1,0,1
1957,695643.0,2,0,1,0,1,1,0,0,1
1958,540277.0,2,1,1,0,1,0,0,0,0
1958,655444.0,2,1,1,0,1,0,1,0,0
1959,693328.0,4,1,1,0,1,0,0,0,0
1959,786407.0,4,1,1,0,1,0,1,0,0
1960,511378.0,2,0,0,0,1,0,0,0,0
1961,766667.0,4,0,0,0,1,1,0,0,0
1961,958333.0,4,0,0,0,1,0,1,0,1
1961,1054167.0,4,0,0,0,1,0,1,0,0
1962,791667.0,2,0,0,0,1,0,0,0,1
1963,858890.0,4,0,0,0,1,0,0,0,0
1964,875000.0,3,0,0,0,1,0,1,0,1
1964,962500.0,3,0,0,0,1,0,1,0,0
1965,875000.0,3,0,0,0,1,0,1,0,1
1965,962500.0,3,0,0,0,1,0,1,0,0
1966,396825.0,2,0,1,0,1,0,1,0,1
1967,537919.0,3,0,1,0,1,0,1,0,1
1967,273369.0,1,0,1,0,1,0,1,0,1
1968,617284.0,2,0,1,0,1,0,1,0,1
1969,881834.0,2,0,1,0,1,0,1,0,1
1970,1146384.0,2,0,1,0,1,0,1,0,1
1971,273369.0,1,0,1,0,1,0,1,0,1
1972,440571.0,2,1,1,0,1,0,1,0,0
1973,474462.0,2,0,1,0,1,0,1,0,0
1974,504688.0,2,1,1,0,1,1,0,0,0
1974,560764.0,2,1,1,0,1,0,1,0,0
1974,593750.0,3,1,1,0,1,0,1,0,0
1975,545564.0,2,1,1,0,1,0,1,0,0
1976,475000.0,1,0,1,0,1,0,1,0,0
1977,1157407.0,2,1,1,0,1,0,1,0,1
1977,1273148.0,3,0,1,0,1,0,1,0,0
1977,1620370.0,3,0,1,0,1,0,1,0,1
1978,1342593.0,2,0,1,0,1,0,1,0,1
1978,1476852.0,2,0,1,0,1,0,1,0,0
1979,1435185.0,2,1,1,0,1,0,1,0,1
1979,1578704.0,3,0,1,0,1,0,1,0,0
1979,2009259.0,3,0,1,0,1,0,1,0,1
1980,1620370.0,2,1,1,0,1,0,1,0,1
1980,1782407.0,3,0,1,0,1,0,1,0,0
1980,2268519.0,3,0,1,0,1,0,1,0,1
1981,509259.0,2,0,1,0,1,0,1,0,1
1982,1018519.0,4,0,1,0,1,0,1,0,1
1983,2361111.0,3,0,1,0,1,0,1,0,1
1984,412768.0,2,1,1,0,1,0,1,0,0
1985,1357179.0,2,0,1,0,1,0,1,0,1
1985,1661225.0,2,0,1,0,1,1,0,0,1
1986,369539.0,2,2,1,0,1,0,0,0,0
1987,521041.0,2,2,1,0,1,0,0,0,0
1988,803031.0,6,3,1,0,1,0,0,0,0
1989,367795.0,2,0,1,0,1,0,1,0,0
1989,469820.0,1,0,1,0,1,0,1,0,0
1990,448656.0,2,0,1,0,1,0,1,0,0
1991,222221.0,2,0,1,0,0,1,0,0,0
1991,246913.0,2,0,1,0,0,0,1,0,0
1992,416666.0,4,0,1,0,0,0,1,0,0
1993,509258.0,3,0,1,0,0,0,1,0,0
1994,537036.0,4,0,1,0,0,0,1,0,0
1995,555555.0,6,0,1,0,0,0,1,0,0
1996,818934.0,2,0,1,0,1,0,0,0,1
1996,737040.0,1,0,1,0,1,0,0,0,1
1997,827206.0,2,0,1,0,1,0,0,0,1
1997,744486.0,1,0,1,0,1,0,0,0,1
1998,541667.0,2,0,1,0,1,1,0,0,0
1999,284120.0,2,0,1,0,1,0,1,0,0
1999,317546.0,3,0,1,0,1,0,1,0,0
2000,334259.0,2,0,1,0,1,0,1,0,0
2000,359329.0,3,0,1,0,1,0,1,0,0
2001,833333.0,2,0,1,0,1,1,0,0,1
2002,1208333.0,2,0,1,0,1,0,0,0,1
2002,2592593.0,6,0,1,0,1,1,0,0,1
2003,1666667.0,4,0,1,0,1,0,0,0,1
2004,1944444.0,4,0,1,0,1,1,0,0,1
2004,2314815.0,4,0,1,0,1,1,0,0,0
2005,459559.0,2,1,1,0,1,0,0,0,0
2005,367647.0,1,1,1,0,1,0,0,0,0
2006,546876.0,2,1,1,0,1,0,0,0,0
2006,625000.0,3,1,1,0,1,0,0,0,0
2007,551471.0,2,1,1,0,1,0,0,0,0
2007,597427.0,3,1,1,0,1,0,0,0,0
2008,643383.0,2,1,1,0,1,0,0,0,0
2008,689338.0,3,1,1,0,1,0,0,0,0
2009,202206.0,1,0,1,0,1,0,0,0,0
2010,296296.0,2,0,1,0,1,0,1,0,0
2011,407407.0,2,0,1,0,1,0,1,0,0
2012,564815.0,4,0,1,0,1,0,1,0,0
2013,833333.0,6,0,1,0,1,0,1,0,0
2014,93607.0,2,0,1,0,1,0,0,0,0
2015,157782.0,2,0,1,0,1,0,0,0,0
2016,167467.0,4,0,1,0,1,0,0,0,0
2017,217739.0,2,0,1,0,1,0,0,0,0
2018,231105.0,4,0,1,0,1,0,0,0,0
2019,1250000.0,2,1,1,0,1,0,0,0,1
2020,1250000.0,2,1,1,0,1,0,0,0,1
2021,1435185.0,2,1,1,0,1,0,0,0,1
2022,211397.0,2,0,1,0,1,0,1,0,0
2023,395220.0,4,0,1,0,1,0,1,0,0
2024,505514.0,3,0,1,0,1,0,1,0,0
2025,533088.0,4,0,1,0,1,0,1,0,0
2026,551470.0,6,0,1,0,1,0,1,0,0
2027,750000.0,2,0,1,0,1,0,0,0,1
2028,851852.0,2,0,1,0,1,0,0,0,1
2029,539130.0,2,0,0,0,0,0,0,0,1
2029,512174.0,1,0,0,0,0,0,0,0,1
2030,580161.0,2,0,0,0,1,0,0,0,1
2031,847304.0,2,0,0,0,0,0,0,0,1
2031,864957.0,3,0,0,0,0,0,0,0,1
2032,1014246.0,3,0,0,0,0,0,0,0,1
2032,1243871.0,6,0,0,0,1,0,0,0,1
2033,1017368.0,4,1,0,0,0,0,0,0,1
2034,325362.0,1,0,0,0,0,0,0,0,1
2035,700000.0,2,0,1,0,1,0,1,0,1
2035,665000.0,1,0,1,0,1,0,1,0,1
2036,275736.0,2,0,1,0,1,0,1,0,0
2036,248162.0,1,0,1,0,1,0,1,0,0
2037,367647.0,4,0,1,0,1,0,1,0,0
2038,413603.0,5,0,1,0,1,0,1,0,0
2039,346568.0,2,1,1,0,1,0,1,0,1
2040,452117.0,2,1,1,0,1,0,1,0,1
2041,578534.0,4,1,1,0,1,0,1,0,1
2042,403827.0,2,0,1,0,1,0,1,0,0
2043,833333.0,2,0,1,0,1,1,0,0,1
2043,925926.0,2,0,1,0,1,0,1,0,1
2044,925926.0,2,0,1,0,1,0,1,0,1
2045,1777778.0,3,0,1,0,1,0,1,0,1
2046,567347.0,2,1,1,0,1,0,1,0,0
2047,447324.0,2,1,1,0,1,0,1,0,0
2048,688889.0,2,0,1,0,1,0,0,0,1
2048,654444.0,1,0,1,0,1,0,0,0,1
2049,1082667.0,2,0,1,0,1,0,0,0,1
2049,1105222.0,3,0,1,0,1,0,0,0,1
2050,1295981.0,3,0,1,0,1,0,0,0,1
2051,415741.0,1,0,1,0,1,0,0,0,1
2052,222222.0,2,1,1,0,1,0,1,0,0
2053,192761.0,2,0,1,0,1,0,1,0,1
2053,226515.0,2,0,1,0,1,1,0,0,1
2053,209596.0,1,0,1,0,1,0,1,0,1
2054,251684.0,2,0,1,0,1,0,1,0,1
2054,276852.0,2,0,1,0,1,1,0,0,1
2054,209596.0,1,0,1,0,1,0,1,0,1
2055,256932.0,2,0,1,0,1,1,0,0,1
2055,268687.0,2,0,1,0,1,0,1,0,1
2055,295556.0,3,0,1,0,1,0,1,0,1
2056,601852.0,2,0,1,0,1,1,0,0,1
2057,243897.0,2,0,1,0,1,1,0,0,1
2057,256734.0,2,0,1,0,1,0,1,0,1
2057,231061.0,1,1,1,0,1,0,1,0,1
2058,263889.0,2,0,1,0,1,1,0,0,1
2058,277778.0,2,0,1,0,1,0,1,0,1
2058,250000.0,1,1,1,0,1,0,1,0,1
2059,673401.0,3,10,1,0,1,0,1,0,1
2059,606061.0,1,12,1,0,1,0,1,0,1
2060,706397.0,2,4,1,0,1,0,1,0,1
2060,750547.0,3,3,1,0,1,0,1,0,1
2060,662247.0,1,5,1,0,1,0,1,0,1
2061,942172.0,2,6,1,0,1,0,1,0,1
2061,1009470.0,3,5,1,0,1,0,1,0,1
2062,413603.0,2,0,1,0,0,0,0,0,0
2062,459559.0,2,0,1,0,0,0,1,0,0
2063,324074.0,2,0,1,0,0,0,0,0,0
2064,370370.0,2,0,1,0,0,0,0,0,0
2065,509259.0,2,0,1,0,0,0,0,0,0
2066,708333.0,2,1,1,0,1,0,1,0,1
2066,787037.0,3,0,1,0,1,0,1,0,1
2066,629630.0,1,1,1,0,1,0,1,0,1
2067,1259259.0,2,0,1,0,1,0,1,0,1
2067,1337963.0,3,0,1,0,1,0,1,0,1
2067,1180556.0,1,0,1,0,1,0,1,0,1
2068,1470588.0,2,0,1,0,1,0,0,0,1
2069,307323.0,2,0,1,0,1,0,0,0,0
2070,446019.0,3,0,1,0,1,0,0,0,0
2071,571598.0,4,0,1,0,1,0,0,0,0
2072,458640.0,2,0,1,0,1,0,1,0,1
2072,435708.0,1,0,1,0,1,0,1,0,1
2073,919118.0,4,0,1,0,1,0,1,0,1
2074,857143.0,2,2,1,0,1,1,0,0,0
2074,952381.0,2,2,1,0,1,1,0,0,1
2074,1047619.0,2,2,1,0,1,0,1,0,0
2075,1185714.0,3,2,1,0,1,1,0,0,0
2075,1428571.0,3,2,1,0,1,1,0,0,1
2075,1449206.0,3,2,1,0,1,0,1,0,0
2076,1433333.0,4,4,1,0,1,1,0,0,1
2077,1547619.0,4,4,1,0,1,1,0,0,1
2078,351852.0,2,0,1,0,0,0,1,0,0
2078,316667.0,1,0,1,0,0,0,1,0,0
2079,464352.0,2,0,1,0,0,0,1,0,0
2079,491667.0,3,0,1,0,0,0,1,0,0
2079,437037.0,1,0,1,0,0,0,1,0,0
2080,277778.0,2,0,0,0,1,0,1,0,1
2080,222222.0,1,0,0,0,1,0,1,0,1
2081,347222.0,2,0,0,0,1,0,1,0,1
2081,370370.0,3,0,0,0,1,0,1,0,1
2081,324074.0,1,0,0,0,1,0,1,0,1
2082,602083.0,2,0,1,0,1,1,0,0,0
2082,668981.0,2,0,1,0,1,0,1,0,0
2083,340083.0,2,1,1,0,1,0,1,0,0
2083,393519.0,2,1,1,0,1,0,1,0,0
2084,536687.0,4,1,1,0,1,0,1,0,0
2084,590278.0,4,1,1,0,1,0,1,0,0
2085,211390.0,2,0,1,0,0,0,1,0,0
2086,505514.0,3,0,1,0,0,0,1,0,0
2087,523897.0,4,0,1,0,0,0,1,0,0
2088,551470.0,6,0,1,0,0,0,1,0,0
2089,2083333.0,2,0,1,0,1,1,0,0,0
2089,2314815.0,2,0,1,0,1,0,1,0,0
2090,509259.0,2,0,1,0,1,0,1,0,1
2091,740741.0,4,0,1,0,1,0,1,0,1
2092,1111111.0,6,0,1,0,1,0,1,0,1
2093,293927.0,2,1,1,0,1,0,1,0,0
2094,415293.0,2,1,0,0,1,0,1,0,1
2095,548148.0,2,0,0,0,1,0,0,0,0
2095,575556.0,2,0,0,0,1,0,0,0,1
2096,560000.0,2,0,0,0,1,0,0,0,1
2096,533333.0,1,0,0,0,1,0,0,0,0
2097,1074074.0,4,0,0,0,1,0,0,0,0
2097,1127778.0,4,0,0,0,1,0,0,0,1
2098,276852.0,2,0,0,0,1,0,1,0,1
2098,249167.0,1,1,0,0,1,0,1,0,1
2099,304630.0,2,0,0,0,1,0,1,0,1
2099,274167.0,1,1,0,0,1,0,1,0,1
2100,2036111.0,16,0,0,0,1,0,1,0,1
2101,202703.0,2,0,1,0,0,0,1,0,0
2102,1684893.0,2,1,1,0,1,0,1,0,0
2103,1154156.0,2,1,1,0,1,0,1,0,0
2104,272729.0,4,0,1,0,0,0,1,0,0
2105,363638.0,4,0,1,0,0,0,1,0,0
2106,474825.0,2,1,1,0,1,1,0,0,0
2107,987661.0,2,1,1,0,0,0,1,0,0
2108,999192.0,3,1,1,0,0,0,1,0,0
2109,1520988.0,3,1,1,0,0,0,1,0,0
2110,370370.0,2,0,1,0,1,0,0,0,0
2111,462963.0,2,0,1,0,1,0,0,0,0
2112,555556.0,2,0,1,0,1,0,0,0,0
2113,521591.0,2,0,1,0,1,1,0,0,0
2113,579545.0,2,0,1,0,1,0,1,0,0
2114,436364.0,2,0,1,0,1,0,1,0,1
2114,490909.0,3,0,1,0,1,0,1,0,1
2114,381818.0,1,0,1,0,1,0,1,0,1
2115,436364.0,2,0,1,0,1,0,1,0,1
2115,490909.0,3,0,1,0,1,0,1,0,1
2115,381818.0,1,0,1,0,1,0,1,0,1
2116,352219.0,2,0,0,0,0,1,0,0,0
2117,477683.0,2,0,0,0,0,1,0,0,0
2117,918419.0,2,0,0,0,0,1,0,0,1
2118,496816.0,2,0,0,0,0,1,0,0,0
2118,718522.0,2,0,0,0,0,1,0,0,1
2119,362675.0,4,1,1,0,1,1,0,0,0
2120,590586.0,2,0,0,0,0,1,0,0,1
2121,648221.0,2,0,0,0,0,1,0,0,1
2122,1242204.0,2,0,0,0,0,1,0,0,1
2123,740741.0,2,1,1,0,1,0,1,0,1
2124,1203704.0,4,2,1,0,1,0,1,0,1
2125,1574074.0,4,2,1,0,1,0,1,0,1
2126,191461.0,2,1,1,0,1,0,1,0,0
2127,580883.0,2,0,1,0,0,0,0,0,0
2127,638971.0,2,0,1,0,0,0,0,0,1
2127,522795.0,1,0,1,0,0,0,0,0,0
2128,614256.0,2,1,1,0,1,0,1,0,0
2129,416250.0,2,0,1,0,0,0,1,0,0
2130,703125.0,2,0,1,0,0,0,0,0,0
2130,781250.0,2,0,1,0,0,0,1,0,0
2131,2833333.0,2,0,1,0,1,1,0,0,0
2131,3148148.0,2,0,1,0,1,0,1,0,0
2132,255896.0,2,0,0,0,0,1,0,0,0
2133,291652.0,2,0,0,0,0,1,0,0,0
2134,581304.0,2,0,0,0,0,1,0,0,0
2135,613076.0,2,0,0,0,0,1,0,0,0
2136,634660.0,2,0,0,0,0,1,0,0,0
2137,3083333.0,2,0,1,0,1,1,0,0,0
2137,3425926.0,2,0,1,0,1,0,1,0,0
2138,582272.0,2,0,1,0,1,1,0,0,1
2139,912895.0,2,0,1,0,1,0,0,0,1
2139,1161951.0,2,0,1,0,1,0,1,0,1
2139,1353750.0,2,0,1,0,1,0,1,0,1
2140,912895.0,2,0,1,0,1,0,0,0,1
2140,1161951.0,2,0,1,0,1,0,1,0,1
2141,1609231.0,2,0,1,0,1,0,0,0,1
2141,1746692.0,2,0,1,0,1,0,1,0,1
2141,2075833.0,2,0,1,0,1,0,1,0,1
2142,10078167.0,2,0,1,0,1,0,1,0,1
2142,12544971.0,2,0,1,0,1,1,0,0,1
2143,12535001.0,2,0,1,0,1,0,1,0,1
2143,15102099.0,4,0,1,0,1,0,1,0,1
2143,18131205.0,2,0,1,0,1,0,1,0,1
2143,18530001.0,4,0,1,0,1,0,1,0,1
2144,245370.0,2,0,0,0,1,0,1,0,0
2144,324074.0,4,0,0,0,1,0,1,0,0
2145,245370.0,2,0,0,0,1,0,1,0,0
2145,304630.0,4,0,0,0,1,0,1,0,0
2146,787037.0,6,0,0,0,1,0,1,0,0
2147,432407.0,2,0,1,0,1,0,1,0,0
2147,509259.0,3,0,1,0,1,0,1,0,0
2147,396296.0,1,0,1,0,1,0,1,0,0
2148,509259.0,3,0,1,0,1,0,1,0,0
2148,396296.0,1,0,1,0,1,0,1,0,0
2149,381327.0,2,0,1,0,1,0,1,0,0
2149,420635.0,2,0,1,0,1,0,1,0,0
2150,438871.0,2,0,1,0,1,0,1,0,0
2150,460317.0,2,0,1,0,1,0,1,0,0
2150,490741.0,2,0,1,0,1,0,1,0,0
2151,438871.0,2,0,1,0,1,0,1,0,0
2151,460317.0,2,0,1,0,1,0,1,0,0
2151,462963.0,2,0,1,0,1,0,1,0,0
2152,541667.0,2,1,1,0,1,0,1,0,0
2152,547044.0,3,1,1,0,1,0,1,0,0
2152,555556.0,3,1,1,0,1,0,1,0,0
2153,704050.0,3,1,1,0,1,0,1,0,0
2153,714286.0,3,1,1,0,1,0,1,0,0
2154,740741.0,3,0,1,0,1,0,1,0,0
2154,983909.0,2,0,1,0,1,1,0,0,0
2155,938914.0,4,1,1,0,1,0,1,0,0
2155,952381.0,4,1,1,0,1,0,1,0,0
2156,1018519.0,4,0,1,0,1,0,1,0,0
2157,800717.0,2,0,1,0,1,1,0,0,1
2158,809630.0,2,0,1,0,1,0,1,0,1
2158,974427.0,2,0,1,0,1,0,1,0,1
2159,1035095.0,2,0,1,0,1,1,0,0,1
2159,1354628.0,2,0,1,0,1,0,1,0,1
2159,1375661.0,2,0,1,0,1,0,1,0,1
2160,324074.0,2,0,1,0,1,1,0,0,0
2161,351852.0,2,0,1,0,1,1,0,0,0
2162,370370.0,2,0,1,0,1,1,0,0,0
2163,504630.0,2,0,1,0,1,1,0,0,0
2164,694444.0,6,0,1,0,1,1,0,0,0
2165,740741.0,4,0,1,0,1,1,0,0,0
2166,129630.0,1,0,1,0,1,1,0,0,0
2167,490741.0,2,0,1,0,1,1,0,0,0
2168,652778.0,2,0,1,0,1,1,0,0,0
2168,587500.0,1,0,1,0,1,1,0,0,0
2169,1531250.0,2,1,1,0,1,0,1,0,1
2169,1621324.0,3,1,1,0,1,0,1,0,1
2170,709584.0,2,0,1,0,1,1,0,0,0
2170,1208333.0,2,0,1,0,1,1,0,0,0
2171,709584.0,2,0,1,0,1,1,0,0,0
2171,1208333.0,2,0,1,0,1,1,0,0,0
2172,850030.0,2,0,1,0,1,1,0,0,0
2173,850030.0,2,0,1,0,1,1,0,0,0
2173,1416667.0,2,0,1,0,1,1,0,0,0
2174,329204.0,2,0,1,0,1,0,1,0,1
2175,329204.0,2,0,1,0,1,0,1,0,1
2176,499981.0,2,1,1,0,1,0,1,0,1
2177,343035.0,2,1,1,0,1,1,0,0,0
2177,346500.0,2,1,1,0,1,0,1,0,0
2178,371250.0,4,2,1,0,1,1,0,0,0
2178,375000.0,4,2,1,0,1,0,1,0,0
2179,464063.0,4,2,1,0,1,1,0,0,0
2179,468750.0,4,2,1,0,1,0,1,0,0
2180,259259.0,2,0,1,0,1,0,1,0,0
2181,277778.0,2,0,1,0,1,0,1,0,0
2181,325926.0,3,0,1,0,1,0,1,0,0
2182,293750.0,2,0,1,0,1,0,1,0,0
2182,341667.0,3,0,1,0,1,0,1,0,0
2183,535185.0,5,0,1,0,1,0,1,0,0
2184,237037.0,2,0,1,0,0,0,1,0,0
2184,213333.0,1,0,1,0,0,0,1,0,0
2185,101852.0,1,0,1,0,0,0,1,0,0
2186,101852.0,1,0,1,0,0,0,1,0,0
2187,202661.0,2,1,1,0,1,0,1,0,0
2187,304444.0,3,1,1,0,1,0,1,0,0
2187,110131.0,1,1,1,0,1,0,1,0,0
2187,112568.0,1,0,1,0,1,0,0,0,0
2188,252445.0,2,0,1,0,1,0,0,0,0
2188,257937.0,2,1,1,0,1,0,1,0,0
2189,252445.0,2,0,1,0,1,0,0,0,0
2190,299050.0,2,1,1,0,1,0,0,0,0
2190,305556.0,2,1,1,0,1,0,1,0,0
2191,249302.0,2,1,1,0,1,0,1,0,0
2192,281790.0,2,1,1,0,1,0,1,0,0
2193,430696.0,4,2,1,0,1,0,1,0,0
2194,615646.0,6,3,1,0,1,0,1,0,0
2195,269132.0,2,1,1,0,1,0,0,0,1
2195,351019.0,2,1,1,0,1,0,1,0,1
2196,404156.0,2,1,1,0,1,0,0,0,1
2196,500556.0,2,1,1,0,1,0,1,0,1
2197,649952.0,3,1,1,0,1,0,0,0,1
2197,760278.0,3,1,1,0,1,0,1,0,1
2198,163049.0,1,0,1,0,1,0,0,0,1
2198,193611.0,1,0,1,0,1,0,1,0,1
2199,259259.0,2,0,1,0,1,0,1,0,0
2200,291667.0,2,0,1,0,1,0,1,0,0
2201,411667.0,4,0,1,0,1,0,1,0,0
2202,92593.0,1,0,1,0,1,0,1,0,0
2203,288889.0,2,0,1,0,1,1,0,0,0
2203,332222.0,3,0,1,0,1,1,0,0,0
2204,289033.0,2,2,1,0,1,1,0,0,0
2204,332222.0,3,1,1,0,1,1,0,0,0
2205,277778.0,2,0,1,0,1,0,1,0,0
2205,347222.0,3,0,1,0,1,0,1,0,0
2206,282407.0,2,1,1,0,1,0,0,0,0
2206,268287.0,1,1,1,0,1,0,0,0,0
2207,300926.0,2,0,1,0,1,0,0,0,0
2207,307870.0,1,0,1,0,1,0,0,0,0
2208,324074.0,2,0,1,0,1,0,0,0,0
2208,307870.0,1,0,1,0,1,0,0,0,0
2209,361111.0,2,0,1,0,1,0,0,0,0
2209,388889.0,3,0,1,0,1,0,0,0,0
2210,393519.0,2,0,1,0,1,1,0,0,0
2211,459630.0,2,1,1,0,1,1,0,0,0
2212,459630.0,2,1,1,0,1,1,0,0,0
2213,525741.0,3,1,1,0,1,1,0,0,0
2214,657963.0,4,2,1,0,1,1,0,0,0
2215,853148.0,5,2,1,0,1,1,0,0,0
2216,416667.0,4,0,1,0,1,0,1,0,0
2217,370370.0,2,0,1,0,1,0,0,0,0
2217,444444.0,3,0,1,0,1,0,0,0,0
2218,290123.0,2,0,1,0,1,1,0,0,0
2219,343034.0,2,0,1,0,1,1,0,0,0
2220,395944.0,4,0,1,0,1,1,0,0,0
2221,583333.0,2,0,1,0,1,0,1,0,0
2221,641667.0,2,0,1,0,1,0,1,0,0
2222,333333.0,2,0,1,0,1,0,0,0,0
2222,287037.0,1,0,1,0,1,0,0,0,0
2223,333333.0,2,0,1,0,1,0,0,0,0
2223,287037.0,1,0,1,0,1,0,0,0,0
2224,333333.0,2,0,1,0,1,0,0,0,0
2224,287037.0,1,0,1,0,1,0,0,0,0
2225,509259.0,3,0,1,0,1,0,0,0,0
2226,555556.0,3,0,1,0,1,0,0,0,0
2227,555556.0,3,0,1,0,1,0,0,0,0
2228,555556.0,3,0,1,0,1,0,0,0,0
2229,216224.0,2,1,1,0,1,0,1,0,0
2229,238095.0,2,1,1,0,1,0,1,0,0
2229,259259.0,2,1,1,0,1,1,0,0,0
2230,390444.0,3,0,1,0,1,0,1,0,0
2230,396825.0,3,0,1,0,1,0,1,0,0
2230,416667.0,3,0,1,0,1,1,0,0,0
2231,429489.0,4,2,1,0,1,0,1,0,0
2231,436508.0,4,2,1,0,1,0,1,0,0
2231,509259.0,4,2,1,0,1,1,0,0,0
2232,507578.0,4,2,1,0,1,0,1,0,0
2232,515873.0,4,2,1,0,1,0,1,0,0
2232,601852.0,4,2,1,0,1,1,0,0,0
2233,658861.0,2,0,1,0,1,1,0,0,0
2234,694763.0,2,1,1,0,1,1,0,0,0
2234,782000.0,2,0,1,0,1,1,0,0,0
2235,694763.0,2,1,1,0,1,1,0,0,0
2235,782000.0,2,0,1,0,1,1,0,0,0
2236,830617.0,2,1,1,0,1,1,0,0,0
2236,977500.0,2,0,1,0,1,1,0,0,0
2237,1006428.0,3,0,1,0,1,1,0,0,0
2237,1173000.0,3,0,1,0,1,1,0,0,0
2238,459630.0,2,1,1,0,1,0,1,0,0
2239,657963.0,4,1,1,0,1,0,1,0,0
2240,787037.0,6,1,1,0,1,0,1,0,0
2241,262694.0,2,0,1,0,1,0,1,0,0
2242,363391.0,3,0,1,0,1,0,1,0,0
2242,370741.0,3,0,0,0,1,0,0,0,0
2243,404050.0,4,0,1,0,1,0,1,0,0
2243,412222.0,4,0,0,0,1,0,0,0,0
2244,444710.0,4,0,1,0,1,0,1,0,0
2244,453704.0,4,0,0,0,1,0,0,0,0
2245,254630.0,2,0,1,0,1,0,1,0,0
2245,280093.0,1,1,1,0,1,1,0,0,0
2246,328704.0,2,0,1,0,1,0,1,0,0
2246,361574.0,1,1,1,0,1,1,0,0,0
2247,400231.0,3,1,1,0,1,0,1,0,0
2247,463426.0,4,0,1,0,1,1,0,0,0
2248,449661.0,2,0,1,0,1,0,1,0,0
2248,462963.0,2,0,1,0,1,0,1,0,0
2249,493974.0,2,1,1,0,1,0,1,0,0
2249,555556.0,2,0,1,0,1,0,1,0,0
2250,675926.0,4,0,1,0,1,0,1,0,0
2250,694441.0,4,1,1,0,1,0,1,0,0
2251,781246.0,3,1,1,0,1,0,1,0,0
2251,787037.0,3,0,1,0,1,0,1,0,0
2252,781246.0,4,1,1,0,1,0,1,0,0
2252,787037.0,4,0,1,0,1,0,1,0,0
2253,416667.0,2,0,1,0,0,0,1,0,0
2253,375000.0,1,0,1,0,0,0,1,0,0
2254,518519.0,2,0,0,0,1,0,1,0,0
2255,592593.0,3,0,0,0,1,0,1,0,0
2256,740741.0,4,0,0,0,1,0,1,0,0
2257,446379.0,2,1,1,0,1,0,1,0,0
2257,529101.0,2,1,1,0,1,0,1,0,0
2258,558184.0,2,1,1,0,1,0,1,0,0
2259,742470.0,3,1,1,0,1,0,1,0,0
2260,793651.0,3,1,1,0,1,0,1,0,0
2261,988764.0,2,1,1,0,1,0,1,0,0
2261,1058201.0,2,1,1,0,1,0,1,0,0
2262,483333.0,2,0,1,0,0,1,0,0,0
2262,537037.0,2,0,1,0,0,0,1,0,0
2262,483333.0,1,0,1,0,0,0,1,0,0
2263,537037.0,2,0,1,0,0,0,1,0,0
2264,566667.0,2,0,1,0,0,1,0,0,0
2264,629630.0,2,0,1,0,0,0,1,0,0
2264,510000.0,1,0,1,0,0,1,0,0,0
2264,566667.0,1,0,1,0,0,0,1,0,0
2265,648148.0,3,0,1,0,0,0,1,0,0
2266,833333.0,4,0,1,0,0,0,1,0,0
2267,286364.0,2,0,0,0,0,0,1,0,0
2267,257727.0,1,0,0,0,0,0,1,0,0
2268,382500.0,2,0,0,0,0,0,1,0,0
2268,405000.0,3,0,0,0,0,0,1,0,0
2268,360000.0,1,0,0,0,0,0,1,0,0
2269,392727.0,2,0,0,0,0,0,1,0,0
2269,417273.0,3,0,0,0,0,0,1,0,0
2270,415077.0,2,0,0,0,0,1,0,0,0
2271,494937.0,2,0,0,0,0,1,0,0,0
2272,561327.0,2,0,0,0,0,1,0,0,0
2273,631705.0,2,0,0,0,0,1,0,0,0
2274,408889.0,2,1,1,0,1,0,1,0,0
2274,449778.0,2,1,1,0,1,1,0,0,0
2274,408886.0,1,1,1,0,1,0,1,0,0
2274,449775.0,1,1,1,0,1,1,0,0,0
2275,432593.0,2,1,1,0,1,0,1,0,0
2275,475852.0,2,1,1,0,1,1,0,0,0
2276,432593.0,2,1,1,0,1,0,1,0,0
2276,475852.0,2,1,1,0,1,1,0,0,0
2276,432590.0,1,1,1,0,1,0,1,0,0
2276,475849.0,1,1,1,0,1,1,0,0,0
2277,471111.0,2,1,1,0,1,0,1,0,0
2277,518222.0,2,1,1,0,1,1,0,0,0
2278,471111.0,2,1,1,0,1,0,1,0,0
2278,518222.0,2,1,1,0,1,1,0,0,0
2278,471108.0,1,1,1,0,1,0,1,0,0
2278,518219.0,1,1,1,0,1,1,0,0,0
2279,678519.0,3,1,1,0,1,0,1,0,0
2279,746370.0,3,1,1,0,1,1,0,0,0
2280,466948.0,2,0,0,0,1,0,1,0,0
2281,538306.0,2,0,0,0,1,0,1,0,0
2282,623314.0,2,0,0,0,1,0,1,0,0
2283,664889.0,3,0,0,0,1,0,1,0,0
2284,743111.0,4,0,0,0,1,0,1,0,0
2285,243056.0,2,0,1,0,1,0,1,0,0
2285,278704.0,3,0,1,0,1,0,1,0,0
2285,207407.0,1,0,1,0,1,0,1,0,0
2286,190660.0,2,0,1,0,1,0,1,0,0
2286,152528.0,1,1,1,0,1,0,1,0,0
2287,224306.0,2,0,1,0,1,0,1,0,0
2288,306991.0,4,0,1,0,1,0,1,0,0
2289,333380.0,5,0,1,0,1,0,1,0,0
2290,328704.0,2,0,1,0,1,0,1,0,0
2291,263889.0,2,0,1,0,1,0,1,0,0
2292,541852.0,4,0,1,0,1,0,1,0,0
2293,541852.0,2,0,1,0,1,0,1,0,0
2294,596296.0,2,1,1,0,1,0,1,0,0
2295,222222.0,2,0,1,0,1,0,1,0,0
2296,277778.0,2,0,1,0,1,0,1,0,0
2297,315000.0,2,0,0,0,1,0,0,0,0
2297,283500.0,1,0,0,0,1,0,0,0,0
2298,315000.0,2,0,0,0,1,0,0,0,0
2298,283500.0,1,0,0,0,1,0,0,0,0
2299,324000.0,2,0,0,0,1,0,0,0,0
2299,360000.0,3,0,0,0,1,0,0,0,0
2299,288000.0,1,0,0,0,1,0,0,0,0
2300,413603.0,2,1,1,0,1,0,0,0,0
2301,597427.0,3,2,1,0,1,0,0,0,0
2302,1838236.0,4,2,1,0,1,0,0,0,0
2303,294676.0,2,0,0,0,1,0,1,0,0
2303,155093.0,1,0,0,0,1,0,1,0,0
2304,324074.0,2,0,0,0,1,0,1,0,0
2304,526620.0,3,0,0,0,1,0,1,0,0
2305,405875.0,2,1,1,0,1,0,0,0,0
2306,490280.0,3,1,1,0,1,0,0,0,0
2307,666467.0,2,1,1,0,1,0,0,0,0
2308,402959.0,2,1,1,0,1,0,1,0,0
2308,522652.0,3,1,1,0,1,0,1,0,0
2308,347164.0,1,1,1,0,1,0,1,0,0
2309,402959.0,2,1,1,0,1,0,1,0,0
2309,499916.0,3,1,1,0,1,0,1,0,0
2309,347164.0,1,1,1,0,1,0,1,0,0
2310,402959.0,2,1,1,0,1,0,1,0,0
2310,499916.0,3,1,1,0,1,0,1,0,0
2310,347164.0,1,1,1,0,1,0,1,0,0
2311,416667.0,2,0,1,0,1,0,1,0,0
2311,395833.0,1,0,1,0,1,0,1,0,0
2312,740741.0,4,0,1,0,1,0,1,0,0
2313,277348.0,2,0,1,0,1,0,1,0,0
2313,360569.0,2,0,1,0,1,1,0,0,0
2314,486111.0,2,0,1,0,1,0,1,0,0
2315,240741.0,2,0,1,0,1,0,1,0,0
2316,273148.0,2,0,1,0,1,0,1,0,0
2317,357001.0,2,1,1,0,1,0,1,0,0
2318,428930.0,2,1,1,0,1,0,1,0,0
2319,428930.0,2,1,1,0,1,0,1,0,0
2320,180004.0,4,0,0,0,1,1,0,0,0
2320,216667.0,3,0,0,0,1,0,1,0,0
2320,240722.0,2,0,0,0,1,0,1,0,0
2321,241635.0,2,0,0,0,1,1,0,0,0
2322,254116.0,2,1,0,0,1,0,0,0,0
2323,296878.0,2,1,0,0,1,1,0,0,0
2324,390532.0,4,1,0,0,1,0,0,0,0
2324,415800.0,4,1,0,0,1,1,0,0,0
2325,436861.0,2,1,1,0,0,0,0,0,0
2326,416667.0,2,0,0,0,1,0,1,0,0
2326,509259.0,3,0,0,0,1,0,1,0,0
2326,333333.0,1,0,0,0,1,0,1,0,0
2327,416667.0,2,0,0,0,1,0,1,0,0
2327,509259.0,3,0,0,0,1,0,1,0,0
2327,333333.0,1,0,0,0,1,0,1,0,0
2328,451852.0,2,0,0,0,1,0,1,0,0
2328,555556.0,3,0,0,0,1,0,1,0,0
2328,370370.0,1,0,0,0,1,0,1,0,0
2329,277778.0,2,0,1,0,0,0,1,0,0
2330,370370.0,3,0,1,0,0,0,1,0,0
2331,462963.0,2,0,1,0,1,0,1,0,0
2331,416667.0,1,0,1,0,1,0,1,0,0
2332,330883.0,2,0,1,0,0,0,1,0,0
2333,300709.0,2,0,1,0,1,0,0,0,0
2333,385019.0,2,0,1,0,1,0,1,0,0
2334,590985.0,2,0,1,0,1,0,0,0,0
2334,705815.0,2,0,1,0,1,0,1,0,0
2335,277778.0,2,1,1,0,1,1,0,0,0
2336,324074.0,2,1,1,0,1,1,0,0,0
2337,432870.0,2,0,1,0,1,0,1,0,0
2337,458333.0,3,0,1,0,1,0,1,0,0
2337,407407.0,1,0,1,0,1,0,1,0,0
2338,290130.0,2,0,1,0,1,0,1,0,0
2338,390560.0,3,0,1,0,1,0,1,0,0
2338,234336.0,1,0,1,0,1,0,1,0,0
2339,343136.0,2,0,1,0,1,0,1,0,0
2339,273392.0,1,0,1,0,1,0,1,0,0
2340,328704.0,2,0,1,0,1,0,1,0,0
2341,1700317.0,16,1,0,0,1,0,0,0,0
2342,275000.0,4,0,1,0,0,0,1,0,0
2343,321691.0,3,0,1,0,1,0,1,0,0
2344,137868.0,1,0,1,0,1,0,1,0,0
2345,1141576.0,4,1,0,0,1,0,0,0,0
2346,251896.0,2,1,0,0,1,0,0,0,0
2346,296878.0,2,1,0,0,1,1,0,0,0
2347,387419.0,4,1,0,0,1,0,0,0,0
2347,415800.0,4,1,0,0,1,1,0,0,0
2348,358211.0,2,0,1,0,1,0,1,0,0
2348,322390.0,1,0,1,0,1,0,1,0,0
2349,202139.0,2,0,0,0,0,1,0,0,0
2350,227273.0,2,0,1,0,0,0,1,0,0
2351,454545.0,4,0,1,0,0,0,1,0,0
2352,1063851.0,2,2,1,1,1,0,0,0,0
2352,1166667.0,2,1,1,1,1,1,0,0,0
2352,1195299.0,2,2,1,1,1,0,1,0,0
2352,1238096.0,2,1,1,1,1,0,1,0,0
2353,1063851.0,2,2,1,1,1,0,0,0,0
2353,1166667.0,2,1,1,1,1,1,0,0,0
2353,1195299.0,2,2,1,1,1,0,1,0,0
2353,1238096.0,2,1,1,1,1,0,1,0,0
2354,992182.0,2,1,1,1,1,0,0,0,0
2355,248818.0,2,1,1,0,1,0,0,0,0
2356,330653.0,2,1,1,0,1,0,0,0,0
2357,502701.0,2,0,1,0,1,0,0,0,0
2358,743152.0,2,0,1,0,1,0,0,0,0
2359,962907.0,2,0,1,0,1,0,0,0,0
2360,759665.0,2,0,1,0,1,1,0,0,0
2361,822240.0,2,0,1,0,1,1,0,0,0
2361,972222.0,2,1,1,0,1,1,0,0,0
2362,238333.0,2,0,1,0,1,1,0,0,0
2362,240741.0,2,0,1,0,1,0,1,0,0
2363,240741.0,2,0,1,0,1,0,1,0,0
2364,444444.0,2,0,1,0,1,0,1,0,0
2365,509259.0,2,0,1,0,1,0,1,0,0
2366,291005.0,2,0,1,0,1,1,0,0,0
2367,335097.0,3,0,1,0,1,1,0,0,0
2368,582011.0,4,0,1,0,1,1,0,0,0
2369,203704.0,2,0,0,0,0,0,1,0,0
2370,277778.0,2,0,0,0,0,0,1,0,0
2371,324074.0,4,0,0,0,0,0,1,0,0
2372,290000.0,2,0,1,0,1,0,0,0,0
2373,340000.0,3,0,1,0,1,0,0,0,0
2374,390000.0,4,0,1,0,1,0,0,0,0
2375,268519.0,2,0,1,0,0,0,1,0,0
2376,519820.0,2,0,1,0,0,0,1,0,0
2377,689189.0,3,0,1,0,0,0,1,0,0
2378,376348.0,2,0,0,0,0,0,0,0,0
2379,648148.0,2,0,1,0,1,0,1,0,0
2380,790741.0,2,0,1,0,1,0,1,0,0
2381,309482.0,2,0,1,0,1,0,1,0,0
2382,487727.0,2,0,1,0,1,1,0,0,0
2382,490162.0,2,0,1,0,1,0,1,0,0
2383,611112.0,2,0,1,0,1,0,1,0,0
2384,817268.0,2,0,1,0,1,1,0,0,0
2384,916898.0,3,0,1,0,1,0,1,0,0
2385,4354806.0,2,1,1,0,1,0,0,0,0
2386,222222.0,2,0,1,0,1,0,1,0,0
2386,200000.0,1,0,1,0,1,0,1,0,0
2387,231481.0,2,0,1,0,1,0,1,0,0
2387,208333.0,1,0,1,0,1,0,1,0,0
2388,305556.0,2,0,0,0,1,0,1,0,0
2389,351852.0,3,0,0,0,1,0,1,0,0
2390,740741.0,2,0,1,0,1,0,1,0,0
2391,231481.0,2,0,1,0,1,0,1,0,0
2392,277778.0,2,0,1,0,1,0,1,0,0
2392,250000.0,1,0,1,0,1,0,1,0,0
2393,351852.0,2,0,1,0,1,0,1,0,0
2393,387037.0,3,0,1,0,1,0,1,0,0
2393,316667.0,1,0,1,0,1,0,1,0,0
2394,268519.0,2,1,0,0,0,0,1,0,0
2395,509259.0,2,0,1,0,0,0,1,0,0
2395,458333.0,1,0,1,0,0,0,1,0,0
2396,555556.0,2,0,1,0,0,0,1,0,0
2396,625000.0,3,0,1,0,0,0,1,0,0
2396,486111.0,1,0,1,0,0,0,1,0,0
2397,331578.0,2,0,1,0,1,1,0,0,0
2398,317027.0,7,0,1,0,1,0,0,0,0
2399,379167.0,4,0,1,0,1,0,0,0,0
2400,243053.0,30,1,1,0,1,0,0,0,0
2401,266309.0,2,0,1,0,1,1,0,0,0
2402,292553.0,2,0,1,0,1,0,0,0,0
2403,275736.0,2,0,1,0,1,0,1,0,0
2404,459559.0,4,0,1,0,1,0,1,0,0
2405,198570.0,2,0,0,0,0,0,0,0,0
2406,206208.0,2,0,0,0,0,0,1,0,0
2407,250000.0,2,0,1,0,1,0,1,0,0
2408,258333.0,2,0,1,0,1,0,1,0,0
2408,310630.0,2,0,1,0,1,0,1,0,0
2409,291667.0,2,0,1,0,1,0,1,0,0
2410,377659.0,2,1,1,1,1,0,1,0,0
2411,423349.0,2,1,1,1,1,0,1,0,0
2412,476884.0,2,1,1,0,1,0,0,0,0
2412,505026.0,2,0,0,0,1,0,1,0,0
2412,575000.0,2,0,0,0,1,0,1,0,0
2413,611711.0,2,1,0,0,1,0,0,0,0
2414,314815.0,2,0,1,0,0,0,1,0,0
2415,361111.0,2,0,1,0,0,0,1,0,0
2416,407407.0,2,0,1,0,0,0,1,0,0
2417,185738.0,2,0,1,0,1,0,1,0,0
2417,212963.0,2,0,1,0,1,0,1,0,0
2418,202624.0,2,0,1,0,1,0,1,0,0
2418,233333.0,2,0,1,0,1,0,1,0,0
2419,270165.0,2,0,1,0,1,0,1,0,0
2419,277778.0,2,0,1,0,1,0,1,0,0
2420,928409.0,2,0,1,1,1,1,0,0,0
2420,984251.0,2,1,1,1,1,0,0,1,0
2420,1244286.0,2,1,1,1,1,0,1,0,0
2420,1245385.0,2,0,1,1,1,0,1,0,0
2421,928409.0,2,0,1,1,1,1,0,0,0
2421,984251.0,2,1,1,1,1,0,0,1,0
2421,1244286.0,2,1,1,1,1,0,1,0,0
2422,255482.0,2,0,1,0,1,1,0,0,0
2423,260580.0,2,0,1,0,1,0,0,0,0
2423,326720.0,2,0,1,0,1,0,1,0,0
2423,527778.0,3,0,1,0,1,0,1,0,0
2424,409690.0,2,0,1,0,1,1,0,0,0
2424,460758.0,2,1,1,0,1,0,1,0,0
2424,502646.0,3,1,1,0,1,0,1,0,0
2425,1783369.0,2,0,1,1,1,1,0,0,0
2425,3645062.0,2,0,1,1,1,1,0,0,0
2426,1857853.0,2,0,1,1,1,1,0,0,0
2426,2098958.0,2,1,1,1,1,1,0,0,0
2427,1017640.0,2,1,1,1,1,1,0,0,0
2427,1111111.0,2,0,1,1,1,1,0,0,0
2428,1272174.0,2,0,1,1,1,1,0,0,0
2428,1370370.0,2,0,1,1,1,1,0,0,0
2428,1116174.0,1,0,1,1,1,1,0,0,0
2428,1185185.0,1,0,1,1,1,1,0,0,0
2429,1052152.0,2,0,1,1,1,0,0,0,0
2429,1188272.0,2,0,1,1,1,1,0,0,0
2429,1768365.0,2,0,1,1,1,0,1,0,0
2430,1052152.0,2,0,1,1,1,0,0,0,0
2430,1188272.0,2,0,1,1,1,1,0,0,0
2430,1768365.0,2,0,1,1,1,0,1,0,0
2431,239477.0,2,0,1,0,1,0,0,0,0
2431,318182.0,2,0,1,0,1,0,1,0,0
2432,458182.0,2,0,1,0,1,0,1,0,0
2433,416667.0,2,0,1,0,0,0,1,0,0
2434,509259.0,2,0,1,0,0,0,1,0,0
2435,527778.0,2,0,1,0,0,0,1,0,0
2436,163559.0,2,1,1,0,1,0,1,0,0
2436,187315.0,2,1,1,0,1,0,1,0,0
2437,305550.0,4,1,1,0,1,0,1,0,0
2437,345981.0,4,1,1,0,1,0,1,0,0
2438,351852.0,2,0,1,0,0,0,1,0,0
2439,453704.0,2,0,1,0,0,0,1,0,0
2440,481481.0,2,0,1,0,0,0,1,0,0
2441,196364.0,2,0,1,0,1,1,0,0,0
2441,218182.0,2,0,1,0,1,0,1,0,0
2442,231405.0,2,0,1,0,1,0,1,0,0
2442,229091.0,1,0,1,0,1,0,1,0,0
2443,788118.0,2,1,1,0,1,1,0,0,0
2443,890310.0,2,1,1,0,1,1,0,0,0
2443,919609.0,2,0,1,0,1,1,0,0,0
2444,714745.0,2,2,1,0,1,1,0,0,0
2444,1111111.0,2,2,1,0,1,1,0,0,0
2445,828289.0,2,2,1,0,1,1,0,0,0
2445,1269841.0,2,2,1,0,1,1,0,0,0
2446,135857.0,2,1,1,0,1,0,0,0,0
2446,154545.0,2,1,1,0,1,0,1,0,0
2447,235495.0,4,1,1,0,1,0,0,0,0
2447,254714.0,4,1,1,0,1,0,1,0,0
2448,481481.0,2,0,1,0,1,0,1,0,0
2449,611111.0,2,0,1,0,1,0,1,0,0
2450,629630.0,2,0,1,0,1,0,1,0,0
2451,574074.0,2,0,1,0,1,0,1,0,0
2452,601852.0,2,0,1,0,1,0,1,0,0
2453,1573593.0,2,0,1,0,1,1,0,0,0
2454,1638527.0,2,1,1,0,1,0,0,0,0
2455,2200000.0,2,0,0,0,1,0,1,0,0
2455,2580000.0,2,0,1,0,1,0,0,0,0
2455,2580000.0,2,0,0,0,0,0,1,0,0
2455,3080000.0,3,0,0,0,0,0,1,0,0
2456,2300000.0,2,0,0,0,1,0,1,0,0
2456,2680000.0,2,0,1,0,1,0,0,0,0
2457,351852.0,2,1,1,0,0,0,1,0,0
2457,361111.0,2,1,1,0,0,1,0,0,0
2458,416667.0,2,1,1,0,0,0,1,0,0
2459,453704.0,2,1,1,0,0,0,1,0,0
2460,323149.0,2,1,1,0,1,1,0,0,0
2460,1096887.0,2,1,1,0,1,0,1,0,0
2461,388657.0,2,1,1,0,1,1,0,0,0
2461,1307827.0,2,1,1,0,1,0,1,0,0
2462,769218.0,2,0,1,1,1,1,0,0,0
2463,783764.0,2,1,1,1,1,0,0,0,0
2463,1304598.0,2,1,1,1,1,0,1,0,0
2464,673401.0,2,0,1,0,1,0,1,0,0
2464,745915.0,2,0,1,0,1,1,0,0,0
2464,770161.0,2,1,1,0,1,0,1,0,0
2465,745915.0,2,0,1,0,1,1,0,0,0
2465,770161.0,2,1,1,0,1,0,1,0,0
2465,782628.0,2,1,1,0,1,0,1,0,0
2466,774067.0,2,0,1,1,1,0,0,0,0
2467,877270.0,2,0,1,1,1,0,0,0,0
2467,1371310.0,2,2,1,1,1,0,1,0,0
2468,355556.0,2,0,0,0,1,0,0,0,0
2469,417130.0,2,1,0,0,1,0,0,0,0
2470,434259.0,2,1,0,0,1,0,0,0,0
2470,521111.0,3,0,0,0,1,0,0,0,0
2471,628787.0,2,1,1,0,1,0,1,0,0
2471,787500.0,2,0,1,0,1,1,0,0,0
2472,815385.0,3,1,1,0,1,0,1,0,0
2473,922435.0,2,1,1,0,1,0,1,0,0
2473,1050000.0,2,0,1,0,1,1,0,0,0
2474,324074.0,2,0,1,0,0,0,1,0,0
2475,370370.0,2,0,1,0,0,0,1,0,0
2476,462963.0,3,0,1,0,0,0,1,0,0
2477,548413.0,2,0,1,0,1,0,0,0,0
2477,692593.0,2,0,1,0,1,1,0,0,0
2478,940238.0,4,0,1,0,1,0,0,0,0
2478,1174074.0,4,0,1,0,1,1,0,0,0
2479,191667.0,2,0,1,0,1,1,0,0,0
2479,212963.0,2,0,1,0,1,0,1,0,0
2480,208333.0,2,0,1,0,1,1,0,0,0
2480,231481.0,2,0,1,0,1,0,1,0,0
2481,250000.0,2,0,1,0,1,1,0,0,0
2481,277778.0,2,0,1,0,1,0,1,0,0
2482,266796.0,2,0,0,0,1,0,1,0,0
2483,266796.0,2,0,0,0,1,0,1,0,0
2483,312500.0,2,0,0,0,1,0,0,0,0
2483,237500.0,1,0,0,0,1,0,0,0,0
2484,251852.0,2,0,1,0,0,0,1,0,0
2485,281481.0,2,0,1,0,0,0,1,0,0
2486,194004.0,2,0,1,0,1,0,1,0,0
2486,327513.0,2,0,1,0,1,0,0,0,0
2486,174603.0,1,1,1,0,1,0,1,0,0
2487,246913.0,2,0,1,0,1,0,1,0,0
2487,277777.0,3,0,1,0,1,0,1,0,0
2488,282187.0,2,3,1,0,1,0,1,0,0
2488,299824.0,3,2,1,0,1,0,1,0,0
2489,268519.0,2,0,1,0,1,0,1,0,0
2490,296296.0,2,0,1,0,1,0,1,0,0
2491,314605.0,2,0,1,0,1,0,0,0,0
2491,402778.0,2,0,1,0,1,1,0,0,0
2492,314605.0,2,0,1,0,1,0,0,0,0
2492,402778.0,2,0,1,0,1,1,0,0,0
2493,231481.0,2,0,1,0,1,0,1,0,0
2494,281481.0,2,0,1,0,1,0,1,0,0
2495,296296.0,2,0,1,0,1,0,1,0,0
2496,189394.0,2,0,0,0,0,0,1,0,0
2497,212121.0,2,0,0,0,0,0,1,0,0
2498,227273.0,2,0,0,0,0,0,1,0,0
2499,226204.0,2,1,1,0,1,0,0,0,0
2499,530652.0,2,1,1,0,1,0,1,0,0
2500,226204.0,2,0,1,0,1,0,0,0,0
2500,530652.0,2,0,1,0,1,0,1,0,0
2501,293524.0,2,1,1,0,1,0,0,0,0
2501,682370.0,2,1,1,0,1,0,1,0,0
2502,129240.0,2,1,1,0,1,0,0,0,0
2503,240486.0,4,1,1,0,1,0,0,0,0
2504,278434.0,2,0,0,0,1,0,1,0,0
2504,398148.0,2,0,0,0,1,0,1,0,0
2505,296198.0,2,0,0,0,1,0,1,0,0
2505,316667.0,2,0,0,0,1,0,1,0,0
2505,269167.0,1,0,0,0,1,0,1,0,0
2505,297141.0,1,0,0,0,1,0,1,0,0
2506,968695.0,2,0,1,1,1,1,0,0,0
2507,1031746.0,2,0,1,1,1,1,0,0,0
2507,1307105.0,2,0,1,1,1,0,0,0,0
2508,453704.0,2,0,1,0,0,0,1,0,0
2509,481481.0,2,0,1,0,0,0,1,0,0
2510,1562500.0,7,0,1,0,1,0,0,0,0
2511,244657.0,2,1,0,0,0,0,0,0,0
2511,259259.0,2,1,0,0,0,0,1,0,0
2512,284331.0,2,1,0,0,0,0,0,0,0
2512,318519.0,2,1,0,0,0,0,1,0,0
2513,259903.0,2,2,1,0,1,0,1,0,0
2513,455556.0,2,0,1,0,1,0,1,0,0
2513,1111784.0,2,0,1,0,1,1,0,0,0
2514,373734.0,3,2,1,0,1,0,1,0,0
2514,497857.0,2,1,1,0,1,0,1,0,0
2514,553175.0,3,0,1,0,1,0,1,0,0
2515,250000.0,2,0,1,0,1,0,1,0,0
2516,263716.0,2,0,1,0,1,0,1,0,0
2516,273148.0,2,0,1,0,1,0,1,0,0
2517,1111111.0,6,0,1,0,1,0,0,0,0
2518,216797.0,2,0,0,0,0,0,0,0,0
2518,218750.0,2,0,0,0,0,0,1,0,0
2518,247917.0,3,0,0,0,0,0,1,0,0
2519,264387.0,2,1,0,0,0,0,0,0,0
2519,277778.0,2,0,0,0,0,0,1,0,0
2520,200576.0,2,0,1,0,1,0,1,0,0
2520,203704.0,2,0,1,0,1,0,1,0,0
2521,268519.0,2,0,1,0,1,0,1,0,0
2522,899188.0,2,0,1,1,1,0,0,0,0
2522,963333.0,2,0,1,1,1,1,0,0,0
2523,1118837.0,2,0,1,1,1,0,0,0,0
2523,1177407.0,2,0,1,1,1,1,0,0,0
2524,207167.0,2,0,1,0,1,0,1,0,0
2525,224213.0,2,0,1,0,1,0,1,0,0
2526,235614.0,2,0,1,0,1,0,1,0,0
2527,481481.0,2,0,0,0,1,0,1,0,0
2528,527778.0,2,0,0,0,1,0,1,0,0
2529,401852.0,2,0,1,0,1,0,0,0,0
2530,474074.0,2,0,1,0,1,0,0,0,0
2531,506481.0,2,0,1,0,1,0,0,0,0
2532,297680.0,2,0,1,0,1,0,1,0,0
2532,440741.0,2,0,1,0,1,1,0,0,0
2533,386066.0,2,0,1,0,1,0,1,0,0
2533,505556.0,2,0,1,0,1,1,0,0,0
2534,131183.0,2,1,0,0,1,0,0,0,0
2534,159926.0,2,1,0,0,1,0,0,0,0
2535,177685.0,2,0,1,0,1,1,0,0,0
2536,227498.0,2,0,1,0,1,1,0,0,0
2536,267490.0,2,0,1,0,1,1,0,0,0
2537,139506.0,2,0,1,0,1,0,1,0,0
2537,159091.0,2,0,1,0,1,0,1,0,0
2538,151505.0,2,0,1,0,1,0,1,0,0
2538,171717.0,2,0,1,0,1,0,1,0,0
2539,166667.0,2,0,0,0,1,0,0,0,0
2540,185185.0,2,0,0,0,1,0,0,0,0
2541,353135.0,2,1,1,0,1,0,0,0,0
2542,598329.0,4,1,1,0,1,0,0,0,0
2543,654808.0,2,0,1,0,1,1,0,0,0
2543,666520.0,2,1,1,0,1,0,1,0,0
2543,796296.0,2,0,1,0,1,0,1,0,0
2544,991608.0,2,1,1,0,1,0,1,0,0
2544,1053889.0,2,0,1,0,1,1,0,0,0
2544,1175926.0,2,0,1,0,1,0,1,0,0
2545,479898.0,2,0,0,0,1,1,0,0,0
2545,529101.0,2,1,0,0,1,0,0,0,0
2546,655064.0,2,0,0,0,1,1,0,0,0
2546,705467.0,2,1,0,0,1,0,0,0,0
2547,368012.0,2,0,0,0,1,0,0,0,0
2548,376538.0,2,0,0,0,1,0,0,0,0
2548,437500.0,2,0,0,0,1,0,1,0,0
2549,121892.0,2,1,0,0,1,1,0,0,0
2549,150167.0,2,1,0,0,1,0,1,0,0
2550,139132.0,2,1,0,0,1,1,0,0,0
2550,170000.0,2,1,0,0,1,0,1,0,0
2551,256132.0,4,1,0,0,1,1,0,0,0
2551,300019.0,4,1,0,0,1,0,1,0,0
2552,204167.0,2,1,1,0,1,0,1,0,0
2553,216667.0,2,1,1,0,1,0,1,0,0
2554,351852.0,2,0,0,0,0,1,0,0,0
2555,453704.0,2,1,0,0,0,1,0,0,0
2556,500000.0,2,0,1,0,1,1,0,0,0
2556,555556.0,2,0,1,0,1,0,1,0,0
2557,225000.0,2,0,1,0,1,0,1,0,0
2557,237500.0,1,1,1,0,1,0,1,0,0
2558,712500.0,2,0,1,0,1,0,1,0,0
2558,727500.0,3,0,1,0,1,0,1,0,0
2559,220811.0,2,0,1,0,1,0,0,0,0
2560,246914.0,2,0,1,0,1,0,0,0,0
2561,416667.0,2,0,1,0,1,0,0,0,0
2562,527519.0,2,0,1,0,1,0,0,0,0
2563,541667.0,2,0,1,0,1,0,1,0,0
2563,799294.0,2,0,1,0,1,1,0,0,0
2564,335992.0,2,1,1,0,1,0,1,0,0
2565,335992.0,2,1,1,0,1,0,1,0,0
2565,440917.0,2,0,1,0,1,0,1,0,0
2566,240937.0,2,0,1,0,1,0,0,0,0
2567,331268.0,2,1,1,0,1,0,0,0,0
2568,199064.0,2,0,1,0,1,0,1,0,0
2569,217499.0,2,0,1,0,1,0,1,0,0
2570,217593.0,2,0,1,0,1,0,1,0,0
2571,705595.0,2,1,1,0,1,0,1,0,0
2571,958552.0,2,1,1,0,1,0,1,0,0
2572,905968.0,2,1,1,0,1,0,1,0,0
2572,1179756.0,2,1,1,0,1,0,1,0,0
2573,75000.0,1,0,1,0,0,0,1,0,0
2574,242407.0,2,0,1,0,1,0,1,0,0
2574,246296.0,2,0,1,0,0,0,1,0,0
2575,259722.0,2,0,1,0,1,0,1,0,0
2575,281481.0,2,0,1,0,0,0,1,0,0
2576,850000.0,2,0,0,0,1,0,1,0,0
2576,850000.0,2,0,0,0,0,0,1,0,0
2577,850000.0,2,0,0,0,1,0,1,0,0
2577,850000.0,2,0,0,0,0,0,1,0,0
2578,333333.0,2,0,1,0,1,0,1,0,0
2578,330000.0,1,1,1,0,1,0,1,0,0
2579,388889.0,2,0,1,0,1,0,1,0,0
2579,381111.0,1,1,1,0,1,0,1,0,0
2580,368044.0,2,0,1,0,1,0,1,0,0
2581,438822.0,2,0,1,0,1,0,1,0,0
2582,204861.0,2,0,1,0,1,0,1,0,0
2582,208333.0,2,0,1,0,1,1,0,0,0
2583,340278.0,2,0,1,0,1,0,1,0,0
2583,347222.0,2,0,1,0,1,1,0,0,0
2584,364627.0,2,0,1,0,1,0,0,0,0
2584,676757.0,2,0,1,0,1,0,0,0,0
2585,405141.0,2,0,1,0,1,0,0,0,0
2585,799827.0,2,0,1,0,1,0,0,0,0
2586,227362.0,2,1,1,0,1,0,1,0,0
2586,259259.0,2,0,1,0,1,0,1,0,0
2587,291667.0,2,0,1,0,1,1,0,0,0
2587,324074.0,2,0,1,0,1,0,1,0,0
2588,292180.0,2,0,0,0,1,0,1,0,0
2588,330928.0,2,0,0,0,1,0,1,0,0
2589,309358.0,2,1,0,0,1,0,1,0,0
2589,348392.0,2,0,0,0,1,0,1,0,0
2590,2607570.0,2,1,1,1,1,0,1,1,0
2590,2660036.0,2,0,1,1,1,1,0,0,0
2590,5855152.0,2,1,1,1,1,0,1,0,0
2590,5855152.0,2,1,1,1,1,0,1,0,0
2591,2607570.0,2,1,1,1,1,0,1,1,0
2591,2660036.0,2,0,1,1,1,1,0,0,0
2591,5855152.0,2,1,1,1,1,0,1,0,0
2591,5855152.0,2,1,1,1,1,0,1,0,0
2592,233636.0,2,1,1,0,1,0,0,0,0
2592,285000.0,2,0,1,0,1,0,1,0,0
2593,271640.0,2,1,1,0,1,0,0,0,0
2593,271806.0,2,1,1,0,1,0,1,0,0
2594,326279.0,2,0,1,0,1,0,1,0,0
2594,370446.0,2,0,1,0,1,1,0,0,0
2595,396825.0,2,0,1,0,1,0,1,0,0
2595,434004.0,2,0,1,0,1,1,0,0,0
2596,391051.0,2,1,1,0,1,0,0,0,0
2596,406250.0,2,1,1,0,1,0,1,0,0
2597,432070.0,2,0,1,0,1,0,0,0,0
2597,476667.0,2,0,1,0,1,0,1,0,0
2598,350000.0,2,0,0,0,1,0,1,0,0
2599,452779.0,2,0,0,0,1,1,0,0,0
2599,500000.0,2,0,0,0,1,0,1,0,0
2599,760000.0,3,0,0,0,1,0,1,0,0
2600,437593.0,2,0,1,0,1,0,0,0,0
2600,514815.0,4,0,1,0,1,0,0,0,0
2601,356338.0,2,0,1,0,1,0,0,0,0
2601,370370.0,2,0,1,0,1,0,1,0,0
2602,364437.0,2,0,1,0,1,0,0,0,0
2603,277778.0,2,0,1,0,1,0,1,0,0
2604,166667.0,2,0,1,0,1,0,1,0,0
2604,168333.0,2,0,1,0,1,1,0,0,0
2605,222222.0,2,0,1,0,1,0,1,0,0
2605,224444.0,2,0,1,0,1,1,0,0,0
2606,388889.0,4,0,1,0,1,0,1,0,0
2606,392778.0,4,0,1,0,1,1,0,0,0
2607,351852.0,2,0,0,0,0,0,1,0,0
2608,351852.0,2,0,0,0,0,0,1,0,0
2609,338082.0,2,1,1,0,1,0,1,0,0
2610,355947.0,2,0,1,0,1,0,1,0,0
2610,379630.0,2,0,1,0,1,0,1,0,0
2611,328371.0,2,1,1,0,1,0,0,0,0
2611,652273.0,2,0,1,0,1,0,1,0,0
2612,397303.0,2,0,1,0,1,0,0,0,0
2612,821970.0,2,0,1,0,1,0,1,0,0
2613,325926.0,2,1,1,0,1,0,1,0,0
2614,392593.0,2,1,1,0,1,0,1,0,0
2614,488889.0,4,0,1,0,1,0,1,0,0
2615,577778.0,4,0,1,0,1,0,1,0,0
2616,356131.0,2,0,1,0,1,0,0,0,0
2616,453704.0,2,0,1,0,1,0,1,0,0
2617,405840.0,2,0,1,0,1,0,0,0,0
2617,509259.0,2,0,1,0,1,0,1,0,0
2618,416667.0,2,0,1,0,1,0,1,0,0
2619,450000.0,4,0,1,0,1,0,1,0,0
2620,259259.0,2,0,1,0,1,0,0,0,0
2621,324074.0,2,1,1,0,1,0,0,0,0
2622,222145.0,2,0,0,0,1,0,1,0,0
2622,231103.0,2,0,0,0,1,0,1,0,0
2623,301737.0,4,0,0,0,1,1,0,0,0
2623,311069.0,2,0,0,0,1,0,1,0,0
2624,401256.0,2,1,1,0,1,0,0,0,0
2624,881834.0,2,1,1,0,1,1,0,0,0
2625,531234.0,2,2,1,0,1,0,0,0,0
2625,1146384.0,2,0,1,0,1,1,0,0,0
2626,749559.0,2,0,1,0,1,0,1,0,0
2626,761182.0,2,0,1,0,1,1,0,0,0
2627,793651.0,2,0,1,0,1,0,1,0,0
2627,862776.0,2,0,1,0,1,1,0,0,0
2628,273374.0,2,1,1,0,1,0,0,0,0
2629,290395.0,2,0,1,0,1,0,0,0,0
2630,337233.0,2,1,1,0,1,0,0,0,0
2631,379637.0,2,0,1,0,1,0,0,0,0
2632,381372.0,2,0,1,0,1,0,0,0,0
2632,476190.0,2,0,1,0,1,0,1,0,0
2632,524691.0,2,0,1,0,1,0,0,0,0
2633,361111.0,2,0,1,0,1,0,1,0,0
2634,437500.0,3,0,1,0,1,0,0,0,0
2635,221387.0,2,0,0,0,1,0,1,0,0
2635,245417.0,2,0,0,0,1,0,1,0,0
2636,190148.0,2,1,1,0,1,0,1,0,0
2637,199907.0,2,1,1,0,1,0,1,0,0
2638,291096.0,2,0,1,0,1,0,1,0,0
2639,330972.0,2,0,1,0,1,0,0,0,0
2639,348392.0,2,0,1,0,1,0,1,0,0
2640,620874.0,2,0,1,0,1,1,0,0,0
2641,621889.0,2,0,1,0,1,0,1,0,0
2641,721962.0,2,0,1,0,1,1,0,0,0
2642,631427.0,2,0,1,0,1,1,0,0,0
2642,734493.0,2,1,1,0,1,0,1,0,0
2643,288223.0,2,0,0,0,0,1,0,0,0
2644,288223.0,2,0,0,0,0,1,0,0,0
2645,288223.0,2,0,0,0,0,1,0,0,0
2646,185185.0,2,0,1,0,1,0,1,0,0
2647,185185.0,2,0,1,0,1,0,1,0,0
2648,324074.0,4,0,1,0,1,0,1,0,0
2649,367647.0,2,0,1,0,1,0,0,0,0
2650,367647.0,2,0,1,0,1,0,0,0,0
2651,453704.0,2,0,0,0,1,0,1,0,0
2651,499074.0,2,0,0,0,1,0,1,0,0
2651,408333.0,1,0,0,0,1,0,1,0,0
2652,361111.0,1,0,0,0,1,0,1,0,0
2653,335019.0,2,0,1,0,0,0,0,0,0
2653,409467.0,2,0,1,0,0,0,1,0,0
2654,205762.0,2,0,1,0,1,0,1,0,0
2654,164609.0,1,0,1,0,1,0,1,0,0
2655,102881.0,1,0,1,0,1,0,1,0,0
2656,531736.0,2,0,0,0,1,0,1,0,0
2656,586642.0,2,0,0,0,1,0,0,0,0
2657,586641.0,2,0,0,0,1,0,0,0,0
2657,818056.0,3,0,0,0,1,0,1,0,0
2657,899861.0,2,0,0,0,1,0,1,0,0
2658,315208.0,2,1,1,0,1,0,1,0,0
2658,330688.0,2,1,1,0,1,0,0,0,0
2659,342857.0,2,1,1,0,1,0,1,0,0
2660,275000.0,2,0,1,0,1,0,1,0,0
2660,250000.0,1,0,1,0,1,0,1,0,0
2661,275000.0,2,0,1,0,1,0,1,0,0
2661,247500.0,1,0,1,0,1,0,1,0,0
2662,324074.0,2,0,1,0,1,0,1,0,0
2663,372222.0,2,0,0,0,1,0,1,0,0
2664,383333.0,3,0,0,0,1,0,1,0,0
2665,471367.0,2,0,0,0,1,0,1,0,0
2666,495833.0,2,0,0,0,1,0,1,0,0
2667,416667.0,2,0,1,0,0,0,1,0,0
2668,639134.0,2,1,1,0,1,1,0,0,0
2669,315817.0,2,0,1,0,1,0,1,0,0
2669,425926.0,2,0,1,0,1,0,1,0,0
2670,384464.0,3,0,1,0,1,0,1,0,0
2670,453704.0,3,0,1,0,1,0,1,0,0
2671,413505.0,2,0,1,0,1,0,0,0,0
2671,480000.0,2,0,1,0,1,0,0,0,0
2672,582698.0,2,0,1,0,1,0,0,0,0
2673,654514.0,2,0,1,0,1,0,0,0,0
2673,720000.0,2,0,1,0,1,0,0,0,0
2674,455556.0,2,0,1,0,1,0,1,0,0
2675,778788.0,3,0,1,0,1,0,1,0,0
2676,689228.0,2,0,1,0,1,0,0,0,0
2676,793500.0,2,1,1,0,1,1,0,0,0
2677,995894.0,2,0,1,0,1,0,0,0,0
2677,1133333.0,2,1,1,0,1,1,0,0,0
2678,226852.0,2,0,1,0,1,0,1,0,0
2679,246296.0,2,0,1,0,1,0,1,0,0
2680,866667.0,2,0,1,0,1,0,0,0,0
2680,1076383.0,2,1,1,0,1,0,1,0,0
2681,4365055.0,2,0,1,1,1,0,0,0,0
2682,5140415.0,2,0,1,1,1,0,0,0,0
2683,334294.0,2,1,1,0,1,0,1,0,0
2683,376984.0,2,1,1,0,1,0,1,0,0
2684,400259.0,4,2,1,0,1,0,1,0,0
2684,428373.0,4,2,1,0,1,0,1,0,0
2685,365127.0,2,1,1,0,1,0,0,0,0
2685,462963.0,2,0,1,0,1,1,0,0,0
2686,490270.0,2,1,1,0,1,0,0,0,0
2686,601852.0,2,0,1,0,1,1,0,0,0
2687,176768.0,2,0,1,0,1,0,1,0,0
2687,150253.0,1,0,1,0,1,0,1,0,0
2687,176776.0,1,0,1,0,1,1,0,0,0
2688,214646.0,2,0,1,0,1,0,1,0,0
2688,227273.0,3,0,1,0,1,0,1,0,0
2688,202020.0,1,0,1,0,1,0,1,0,0
2689,395833.0,2,0,1,0,1,0,1,0,0
2689,415625.0,2,0,1,0,1,1,0,0,0
2690,404630.0,2,0,1,0,1,0,1,0,0
2691,220588.0,2,0,1,0,1,0,1,0,0
2691,198529.0,1,0,1,0,1,0,1,0,0
2692,238971.0,2,0,1,0,1,0,1,0,0
2693,321691.0,4,0,1,0,1,0,1,0,0
2694,652546.0,4,0,0,0,1,0,1,0,0
2694,694444.0,4,0,0,0,1,0,1,0,0
2695,212963.0,2,0,0,0,1,0,1,0,0
2696,231481.0,2,0,0,0,1,0,1,0,0
2697,111777.0,2,0,1,0,1,0,1,0,0
2698,102609.0,1,0,1,0,1,0,1,0,0
2699,323728.0,2,0,1,0,1,0,0,0,0
2699,342593.0,2,0,1,0,1,1,0,0,0
2700,344600.0,2,0,1,0,1,0,0,0,0
2701,384194.0,2,0,1,0,1,0,0,0,0
2701,433333.0,2,0,1,0,1,1,0,0,0
2702,207490.0,2,1,1,0,1,0,1,0,0
2702,270111.0,2,1,1,0,1,0,1,0,0
2703,232447.0,2,1,1,0,1,0,1,0,0
2703,300019.0,2,1,1,0,1,0,1,0,0
2704,323653.0,3,1,1,0,1,0,1,0,0
2704,399815.0,3,1,1,0,1,0,1,0,0
2705,317460.0,2,1,0,0,1,0,1,0,0
2706,317460.0,2,1,0,0,1,0,1,0,0
2707,365206.0,2,0,1,0,1,0,0,0,0
2708,683618.0,4,0,1,0,1,0,0,0,0
2709,929900.0,6,0,1,0,1,0,0,0,0
2710,486225.0,2,0,1,0,1,0,1,0,0
2710,513862.0,1,1,1,0,1,0,1,0,0
2711,691001.0,2,1,1,0,1,0,1,0,0
2711,722042.0,3,1,1,0,1,0,1,0,0
2711,722040.0,1,1,1,0,1,0,1,0,0
2712,353175.0,2,0,1,0,1,0,0,0,0
2712,415500.0,2,0,1,0,1,0,0,0,0
2712,645750.0,4,0,1,0,1,1,0,0,0
2713,472388.0,3,0,1,0,1,1,0,0,0
2713,555750.0,3,0,1,0,1,1,0,0,0
2714,357143.0,2,0,1,0,1,1,0,0,0
2714,485009.0,2,0,1,0,1,0,1,0,0
2714,339506.0,1,0,1,0,1,0,1,0,0
2715,351865.0,2,1,1,0,1,0,1,0,0
2715,363636.0,2,0,1,0,1,0,1,0,0
2716,359432.0,2,1,1,0,1,0,1,0,0
2717,382726.0,2,0,1,0,1,0,1,0,0
2717,344454.0,1,0,1,0,1,0,1,0,0
2718,225407.0,2,0,0,0,1,0,1,0,0
2718,262500.0,2,0,0,0,1,0,1,0,0
2719,244639.0,2,0,0,0,1,0,1,0,0
2719,283333.0,2,0,0,0,1,0,1,0,0
2720,175926.0,2,0,1,0,1,1,0,0,0
2721,305556.0,4,0,1,0,1,1,0,0,0
2722,246089.0,2,1,1,0,1,0,0,0,0
2722,370370.0,2,1,1,0,1,0,0,0,0
2723,258886.0,2,0,1,0,1,0,0,0,0
2723,267058.0,2,0,1,0,1,1,0,0,0
2723,389630.0,2,0,1,0,1,0,0,0,0
2724,672917.0,2,0,1,0,1,1,0,0,0
2724,747685.0,2,0,1,0,1,0,1,0,0
2725,1029167.0,2,2,1,0,1,0,1,0,0
2725,1143519.0,4,0,1,0,1,0,1,0,0
2726,417781.0,2,0,1,0,1,1,0,0,0
2727,422631.0,2,0,1,0,1,0,0,0,0
2728,351852.0,2,0,0,0,1,1,0,0,0
2729,388889.0,2,0,1,0,1,0,1,0,0
2730,388889.0,2,0,1,0,1,0,1,0,0
2731,203704.0,2,0,1,0,1,0,1,0,0
2731,305556.0,3,0,1,0,1,0,1,0,0
2731,101852.0,1,0,1,0,1,0,1,0,0
2732,203704.0,2,0,1,0,1,0,1,0,0
2733,478461.0,2,1,1,0,1,0,0,0,0
2734,285185.0,2,1,1,0,1,0,1,0,0
2735,307222.0,4,2,1,0,1,0,1,0,0
2735,686534.0,4,2,1,0,1,0,1,0,0
2736,514376.0,2,0,0,0,1,1,0,0,0
2737,387573.0,2,1,1,0,1,0,0,0,0
2738,305556.0,2,0,0,0,0,0,1,0,0
2739,416667.0,3,0,0,0,0,0,1,0,0
2740,509259.0,4,0,0,0,0,0,1,0,0
2741,270000.0,3,0,1,0,1,1,0,0,0
2741,333333.0,3,0,1,0,1,0,0,0,0
2742,1117647.0,2,0,1,0,1,0,1,0,0
2742,1187500.0,3,0,1,0,1,0,1,0,0
2742,1047795.0,1,0,1,0,1,0,1,0,0
2743,453833.0,2,0,1,0,0,1,0,0,0
2744,462963.0,2,1,1,0,0,1,0,0,0
2745,694444.0,3,1,1,0,0,1,0,0,0
2746,170176.0,2,1,1,0,1,0,1,0,0
2747,170176.0,2,0,1,0,1,0,1,0,0
2748,269513.0,2,0,1,0,1,1,0,0,0
2749,301266.0,2,0,1,0,1,0,0,0,0
2749,301266.0,1,0,1,0,1,0,0,0,0
2750,370343.0,2,0,1,0,1,1,0,0,0
2750,408566.0,2,0,1,0,1,0,0,0,0
2751,290707.0,2,0,0,0,1,0,1,0,0
2752,249177.0,2,1,1,0,1,0,0,0,0
2753,388889.0,2,1,1,0,1,0,1,0,0
2754,231111.0,2,0,0,0,1,0,1,0,0
2755,360000.0,3,0,0,0,1,0,1,0,0
2756,1598561.0,2,0,0,0,1,1,0,0,0
2757,1614796.0,2,1,0,0,1,1,0,0,0
2757,1784554.0,2,1,0,0,1,1,0,0,0
2758,854454.0,2,0,1,0,1,1,0,0,0
2759,873016.0,2,0,1,0,1,0,1,0,0
2760,425000.0,4,0,1,0,1,1,0,0,0
2760,472222.0,4,0,1,0,1,0,0,0,0
2761,525703.0,2,0,1,0,1,0,0,0,0
2762,525703.0,2,1,1,0,1,0,0,0,0
2762,563492.0,2,0,1,0,1,1,0,0,0
2763,447222.0,2,0,1,0,0,1,0,0,0
2763,43029982.0,2,1,1,0,1,0,1,0,0
2764,544444.0,2,0,1,0,0,1,0,0,0
2765,421296.0,2,0,1,0,1,0,1,0,0
2765,387593.0,1,0,1,0,1,0,1,0,0
2766,421296.0,2,0,1,0,1,0,1,0,0
2766,400231.0,1,0,1,0,1,0,1,0,0
2767,631944.0,3,0,1,0,1,0,1,0,0
2768,700648.0,3,0,1,0,1,0,1,0,0
2769,1154514.0,3,0,1,0,1,0,1,0,0
2770,1458333.0,4,1,1,0,1,0,1,0,0
2771,275463.0,1,1,1,0,1,0,1,0,0
2772,421296.0,1,0,1,0,1,0,1,0,0
2773,324074.0,2,0,1,0,0,0,1,0,0
2774,370370.0,2,0,1,0,0,0,1,0,0
2775,416667.0,2,0,1,0,0,0,1,0,0
2776,416667.0,2,0,1,0,0,0,1,0,0
2777,648148.0,5,0,1,0,0,0,1,0,0
2778,425926.0,3,0,1,0,1,0,1,0,0
2778,814815.0,3,0,1,0,1,0,1,0,1
2779,555556.0,3,2,1,0,1,0,1,0,0
2779,888889.0,3,2,1,0,1,0,1,0,1
2780,720741.0,6,3,1,0,1,0,1,0,0
2781,361111.0,2,0,1,0,1,0,0,0,0
2782,416667.0,2,0,1,0,1,0,0,0,0
2783,416667.0,2,0,1,0,1,0,0,0,0
2784,444444.0,2,0,1,0,1,0,0,0,0
2785,537037.0,3,0,1,0,1,0,0,0,0
2786,666667.0,4,0,1,0,1,0,0,0,0
2787,335495.0,2,0,1,0,1,0,1,0,0
2787,412698.0,2,0,1,0,1,0,1,0,0
2787,462537.0,2,0,1,0,1,1,0,0,1
2788,435723.0,2,0,1,0,1,0,1,0,0
2788,531746.0,2,0,1,0,1,0,1,0,0
2788,740741.0,2,0,1,0,1,0,0,0,1
2789,573278.0,2,1,1,0,1,0,1,0,0
2789,674603.0,2,1,1,0,1,0,1,0,0
2790,614386.0,3,0,1,0,1,0,1,0,0
2790,690476.0,3,0,1,0,1,0,1,0,0
2790,784832.0,3,0,1,0,1,0,0,0,1
2791,705484.0,4,1,1,0,1,0,1,0,0
2791,792857.0,4,1,1,0,1,0,1,0,0
2792,793651.0,4,0,1,0,1,0,0,0,0
2792,1058201.0,4,0,1,0,1,0,0,0,1
2793,618286.0,2,0,0,0,0,0,1,0,0
2793,507526.0,1,0,0,0,0,0,1,0,0
2794,618286.0,2,0,0,0,1,0,1,0,0
2794,507526.0,1,0,0,0,1,0,1,0,0
2795,780683.0,2,0,0,0,0,0,1,0,0
2795,938905.0,3,0,0,0,0,0,1,0,0
2796,507526.0,1,0,0,0,0,0,1,0,0
2797,308642.0,2,2,0,0,1,0,1,0,0
2797,277778.0,1,2,0,0,1,0,1,0,0
2798,416667.0,4,0,0,0,1,0,1,0,0
2799,254630.0,2,0,1,0,1,0,1,0,0
2800,277778.0,2,0,1,0,1,0,1,0,0
2801,347222.0,3,0,1,0,1,0,1,0,0
2802,553280.0,2,1,1,0,1,0,1,0,0
2803,1388889.0,2,0,1,0,1,0,1,0,0
2804,1714814.0,2,0,1,0,1,0,0,0,1
2805,2032286.0,2,0,1,0,1,0,0,0,1
2806,2576069.0,4,0,1,0,1,0,0,0,1
2807,3432594.0,4,0,1,0,1,0,0,0,1
2808,5148890.0,6,0,1,0,1,0,0,0,1
2809,783333.0,2,0,0,0,0,0,1,0,0
2810,783333.0,2,0,0,0,0,0,1,0,0
2811,370555.0,2,1,1,0,1,0,1,0,0
2812,449735.0,2,0,1,0,1,0,0,0,0
2813,449735.0,2,1,1,0,1,0,0,0,0
2814,416667.0,2,0,0,0,1,0,1,0,0
2815,601852.0,3,0,0,0,1,0,1,0,0
2816,277778.0,2,0,1,0,1,0,0,0,0
2817,370370.0,2,0,1,0,1,0,0,0,0
2818,416667.0,4,0,1,0,1,0,0,0,0
2819,222222.0,2,0,0,0,0,0,0,0,0
2820,333333.0,4,0,0,0,0,0,0,0,0
2821,207648.0,2,1,1,0,1,0,1,0,0
2822,2096190.0,2,0,0,0,1,1,0,0,0
2823,601852.0,2,0,1,0,1,1,0,0,0
2824,601852.0,2,0,1,0,1,1,0,0,0
2825,601852.0,2,0,1,0,1,1,0,0,0
2826,601852.0,2,0,1,0,1,1,0,0,0
2827,601852.0,2,0,1,0,1,1,0,0,0
2828,601852.0,2,0,1,0,1,1,0,0,0
2829,819444.0,2,0,1,0,1,1,0,0,0
2830,819444.0,2,0,1,0,1,1,0,0,0
2831,819444.0,2,0,1,0,1,1,0,0,0
2832,819444.0,2,0,1,0,1,1,0,0,0
2833,819444.0,2,0,1,0,1,1,0,0,0
2834,819444.0,2,0,1,0,1,1,0,0,0
2835,819444.0,2,0,1,0,1,1,0,0,0
2836,928704.0,2,0,1,0,1,1,0,0,0
2837,928704.0,2,0,1,0,1,1,0,0,0
2838,928704.0,2,0,1,0,1,1,0,0,0
2839,928704.0,2,0,1,0,1,1,0,0,0
2840,928704.0,2,0,1,0,1,1,0,0,0
2841,264550.0,2,0,1,0,1,1,0,0,0
2842,317460.0,2,0,1,0,1,1,0,0,0
2843,370370.0,3,0,1,0,1,1,0,0,0
2844,467372.0,4,0,1,0,1,1,0,0,0
2845,385019.0,2,1,1,0,1,0,1,0,0
2846,449241.0,2,1,1,0,1,0,1,0,0
2847,641593.0,4,2,1,0,1,0,1,0,0
2848,350000.0,2,0,0,0,1,0,1,0,0
2849,450000.0,4,0,0,0,1,0,1,0,0
2850,300000.0,1,0,0,0,1,0,1,0,0
2851,193758.0,2,1,1,0,1,0,1,0,0
2851,246914.0,2,1,1,0,1,0,1,0,0
2851,283333.0,1,1,1,0,1,0,1,0,0
2852,290661.0,2,1,1,0,1,0,1,0,0
2852,366843.0,2,1,1,0,1,0,1,0,0
2853,290661.0,2,1,1,0,1,0,1,0,0
2853,342361.0,2,1,1,0,1,0,1,0,0
2853,366843.0,2,1,1,0,1,0,1,0,0
2854,385648.0,2,1,1,0,1,0,1,0,0
2854,366366.0,1,1,1,0,1,0,1,0,0
2855,409259.0,4,0,1,0,1,0,1,0,0
2856,649984.0,4,2,1,0,1,0,1,0,0
2856,747795.0,4,2,1,0,1,0,1,0,0
2857,668981.0,4,2,1,0,1,0,1,0,0
2858,824074.0,2,0,1,0,0,0,0,0,1
2858,782870.0,1,0,1,0,0,0,0,0,1
2859,1194444.0,4,0,1,0,0,0,0,0,1
2860,206816.0,2,1,1,0,1,0,0,0,0
2860,237667.0,2,1,1,0,1,0,1,0,0
2861,237062.0,2,1,1,0,1,0,0,0,0
2862,414560.0,4,1,1,0,1,0,0,0,0
2863,414560.0,4,1,1,0,1,0,0,0,0
2863,452083.0,4,1,1,0,1,0,1,0,0
2864,583917.0,2,0,1,0,1,1,0,0,0
2864,589815.0,2,0,1,0,1,0,1,0,0
2865,302944.0,2,0,1,0,1,0,1,0,0
2865,287797.0,1,0,1,0,1,0,1,0,0
2866,432019.0,4,0,1,0,1,0,1,0,0
2867,190909.0,4,0,1,0,1,0,1,0,0
2868,154545.0,1,0,1,0,1,0,1,0,0
2869,537037.0,2,0,1,0,1,0,1,0,0
2870,991667.0,3,0,1,0,1,0,1,0,0
2871,156286.0,2,0,1,0,1,0,0,0,0
2871,199907.0,2,0,1,0,1,1,0,0,0
2872,288157.0,4,0,1,0,1,0,0,0,0
2872,350074.0,4,0,1,0,1,1,0,0,0
2873,411505.0,9,0,1,0,1,0,0,0,0
2873,499926.0,9,0,1,0,1,1,0,0,0
2874,1232320.0,8,1,1,0,1,1,0,0,0
2875,1286765.0,8,0,1,0,0,0,1,0,0
2876,469167.0,2,0,0,0,1,0,1,0,0
2876,828750.0,4,0,0,0,1,0,1,0,0
2876,422250.0,1,0,0,0,1,0,1,0,0
2877,626591.0,2,1,1,0,1,0,0,0,0
2877,694444.0,2,0,1,0,1,0,1,0,0
2878,835899.0,2,1,1,0,1,0,0,0,0
2878,907407.0,2,0,1,0,1,0,1,0,0
2879,546296.0,2,0,0,0,1,0,1,0,0
2880,638889.0,2,0,0,0,1,0,1,0,0
2881,731481.0,4,0,0,0,1,0,1,0,0
2882,450000.0,2,0,1,0,1,0,1,0,0
2883,470652.0,2,0,1,0,1,0,1,0,0
2884,525000.0,2,0,1,0,1,0,1,0,0
2885,555996.0,2,0,1,0,1,0,1,0,0
2886,566667.0,2,0,1,0,1,0,1,0,0
2887,598765.0,2,0,1,0,1,0,1,0,0
2888,683333.0,2,0,1,0,1,0,1,0,0
2888,737311.0,2,0,1,0,1,0,1,0,0
2889,750000.0,4,0,1,0,1,0,1,0,0
2890,766667.0,2,0,1,0,1,0,1,0,0
2891,808337.0,4,0,1,0,1,0,1,0,0
2892,824221.0,2,0,1,0,1,0,1,0,0
2893,191667.0,1,0,1,0,1,0,1,0,0
2894,208216.0,1,0,1,0,1,0,1,0,0
2895,250124.0,2,1,1,0,1,0,1,0,0
2896,595833.0,2,0,1,0,1,1,0,0,0
2896,601852.0,2,0,1,0,1,0,1,0,0
2897,203495.0,2,1,0,0,1,0,1,0,0
2898,261636.0,2,1,1,0,1,0,1,0,0
2899,408148.0,2,0,0,0,1,0,1,0,0
2900,907407.0,2,0,0,0,1,0,0,0,0
2901,277778.0,2,1,1,0,1,0,1,0,0
2901,607228.0,2,1,1,0,1,0,1,0,0
2902,324074.0,2,1,1,0,1,0,1,0,0
2903,370370.0,2,1,1,0,1,0,1,0,0
2904,416667.0,3,1,1,0,1,0,1,0,0
2904,870247.0,3,1,1,0,1,0,1,0,0
2905,509259.0,4,1,1,0,1,0,1,0,0
2906,694681.0,2,1,1,0,1,0,1,0,0
2907,1388889.0,12,0,1,0,1,0,1,0,0
2907,2612513.0,12,2,1,0,1,0,1,0,0
2908,413646.0,4,1,0,0,1,1,0,0,0
2908,458333.0,4,1,0,0,1,0,1,0,0
2909,254630.0,2,0,1,0,0,0,1,0,0
2909,241898.0,1,0,1,0,0,0,1,0,0
2910,268519.0,2,0,1,0,0,0,1,0,0
2910,255093.0,1,0,1,0,0,0,1,0,0
2911,314628.0,2,1,1,0,1,0,1,0,0
2912,321065.0,3,0,1,0,0,0,1,0,0
2913,324074.0,2,0,1,0,0,0,1,0,0
2913,307870.0,1,0,1,0,0,0,1,0,0
2914,1108130.0,2,1,1,0,1,0,0,0,0
2914,1203704.0,2,1,1,0,0,0,1,0,0
2915,222222.0,2,0,1,0,0,0,1,0,0
2916,250278.0,2,1,0,0,1,0,1,0,0
2917,302222.0,2,1,0,0,1,0,1,0,0
2918,420278.0,2,1,0,0,1,0,1,0,0
2919,2345976.0,2,1,1,0,1,0,1,0,0
2920,1759259.0,2,0,1,0,1,0,0,0,0
2921,194444.0,40,0,1,0,0,0,1,0,0
2922,325761.0,2,1,1,0,1,1,0,0,0
2923,457019.0,4,2,1,0,1,1,0,0,0
2924,263889.0,2,0,1,0,1,1,0,0,0
2925,395833.0,3,0,1,0,1,1,0,0,0
2926,439815.0,4,0,1,0,1,1,0,0,0
2927,615741.0,6,0,1,0,1,1,0,0,0
2928,658737.0,2,1,1,0,1,0,1,0,0
2928,680354.0,3,1,1,0,1,0,1,0,0
2928,640333.0,1,1,1,0,1,0,1,0,0
2929,703704.0,4,0,1,0,1,1,0,0,0
2929,712963.0,2,2,1,0,1,1,0,0,0
2929,666667.0,1,3,1,0,1,1,0,0,0
2930,300000.0,2,0,1,0,1,1,0,0,0
2930,333333.0,2,0,1,0,1,0,1,0,0
2931,466667.0,4,0,1,0,1,1,0,0,0
2931,518519.0,4,0,1,0,1,0,1,0,0
2932,694194.0,2,1,1,0,1,0,1,0,0
2933,2777778.0,2,0,1,0,1,0,1,0,0
2934,309963.0,2,0,1,0,0,0,1,0,0
2935,405904.0,4,0,1,0,0,0,1,0,0
2936,1527778.0,3,0,1,0,1,0,0,0,1
2937,416667.0,2,0,1,0,1,0,0,0,0
2938,537037.0,2,0,1,0,1,0,0,0,0
2939,740741.0,4,0,1,0,1,0,0,0,0
2940,263897.0,2,0,1,0,1,0,1,0,0
2941,370370.0,2,0,1,0,1,0,1,0,0
2942,416667.0,2,0,1,0,1,0,1,0,0
2943,694444.0,4,0,1,0,1,0,1,0,0
2944,925926.0,6,0,1,0,1,0,1,0,0
2945,328704.0,2,0,1,0,1,0,1,0,0
2946,458333.0,2,0,1,0,1,0,1,0,0
2947,356115.0,2,1,1,0,0,0,1,0,0
2948,521132.0,4,1,1,0,0,0,1,0,0
2949,241898.0,2,0,1,0,1,0,1,0,0
2950,255093.0,2,0,1,0,1,0,1,0,0
2951,255093.0,2,0,1,0,1,0,1,0,0
2951,249991.0,1,0,1,0,1,0,1,0,0
2952,290278.0,2,0,1,0,1,0,1,0,0
2953,334259.0,2,0,1,0,1,0,1,0,0
2954,351852.0,3,0,1,0,1,0,1,0,0
2955,395833.0,4,0,1,0,1,0,1,0,0
2956,278210.0,3,1,1,0,1,0,0,0,0
2957,477205.0,5,1,1,0,1,0,0,0,0
2958,254368.0,2,1,1,0,1,0,1,0,0
2959,212963.0,2,0,1,0,0,0,1,0,0
2960,217592.0,2,0,1,0,0,0,1,0,0
2961,222222.0,2,0,1,0,0,0,1,0,0
2962,277778.0,2,0,1,0,0,0,1,0,0
2963,370370.0,2,0,1,0,1,0,1,0,0
2963,351852.0,1,0,1,0,1,0,1,0,0
2964,595833.0,2,0,1,0,1,1,0,0,0
2964,601852.0,2,0,1,0,1,0,1,0,0
2965,256434.0,2,0,1,0,1,0,1,0,0
2966,430741.0,2,0,1,0,1,0,1,0,0
2967,434308.0,4,0,1,0,1,0,1,0,0
2968,521339.0,4,0,1,0,1,0,1,0,0
2969,293612.0,2,1,1,0,1,0,1,0,0
2970,3375137.0,2,1,1,0,1,0,1,0,0
2971,308642.0,2,0,1,0,1,0,0,0,0
2972,308642.0,2,0,1,0,1,0,0,0,0
2973,396825.0,2,0,1,0,1,0,0,0,0
2974,573192.0,4,0,1,0,1,0,0,0,0
2975,269256.0,2,1,1,0,1,0,1,0,0
2976,539806.0,2,1,0,0,1,1,0,0,0
2977,1092593.0,2,0,1,0,1,1,0,0,1
2977,1037963.0,1,0,1,0,1,1,0,0,1
2978,368210.0,2,0,0,0,0,1,0,0,0
2979,350306.0,2,0,0,0,0,1,0,0,1
2980,325431.0,2,0,0,0,0,1,0,0,0
2981,279167.0,2,0,1,0,1,0,1,0,0
2982,325000.0,2,0,1,0,1,0,1,0,0
2983,367647.0,2,0,1,0,1,0,1,0,0
2984,211640.0,2,2,1,0,1,0,1,0,0
2984,214450.0,2,0,1,0,1,0,0,0,0
2985,291005.0,3,3,1,0,1,0,1,0,0
2985,295153.0,2,0,1,0,1,0,0,0,0
2986,388007.0,3,0,1,0,1,0,1,0,0
2987,1527778.0,6,0,1,0,0,0,0,0,0
2988,370370.0,2,0,1,0,1,0,1,0,0
2989,370370.0,2,0,1,0,1,0,1,0,0
2990,370370.0,2,0,1,0,1,0,1,0,0
2991,1527778.0,4,0,0,0,1,0,1,0,0
2992,324074.0,2,0,0,0,1,0,1,0,0
2993,324074.0,2,0,0,0,1,0,1,0,0
2994,306000.0,2,0,1,0,1,0,1,0,0
2994,306000.0,2,0,1,0,1,0,0,0,0
2995,229500.0,1,0,1,0,1,0,1,0,0
2995,229500.0,1,0,1,0,1,0,0,0,0
2996,621283.0,2,1,1,0,1,0,0,0,0
2997,274038.0,2,1,1,0,1,0,0,0,0
2998,297867.0,2,0,1,0,1,0,0,0,0
2999,1042328.0,6,1,1,0,1,0,0,0,0
3000,493637.0,2,1,0,0,1,0,0,0,0
3001,267751.0,30,1,1,0,1,0,0,0,0
3002,273046.0,2,0,0,0,0,0,1,0,0
3002,273875.0,2,0,0,0,0,0,0,0,0
3003,355431.0,2,0,0,0,0,0,1,0,0
3003,356509.0,2,0,0,0,0,0,0,0,0
3004,440468.0,2,0,0,0,0,0,1,0,0
3004,441804.0,2,0,0,0,0,0,0,0,0
3005,296296.0,2,1,1,0,1,0,1,0,0
3006,361111.0,2,1,1,0,1,0,1,0,0
3007,581636.0,2,0,0,0,0,1,0,0,0
3008,204081.0,2,0,0,0,0,0,1,0,0
3008,207897.0,2,0,0,0,0,0,0,0,0
3009,626062.0,4,1,0,0,1,0,0,0,0
3010,1278611.0,6,1,1,0,1,0,0,0,0
3011,798469.0,3,1,1,0,1,0,0,0,0
3012,717068.0,3,0,1,0,0,0,1,0,0
3013,717068.0,3,0,1,0,0,0,1,0,0
3014,2709690.0,4,1,1,0,1,0,0,0,0
3015,576514.0,4,0,1,0,1,0,0,0,0
3016,242549.0,2,0,1,0,1,0,0,0,0
3017,1303175.0,11,1,1,0,1,0,0,0,0
3018,338338.0,4,1,1,0,1,0,0,0,0
3019,342593.0,3,0,1,0,1,0,1,0,0
3020,442442.0,2,0,1,0,1,0,1,0,0
3020,541949.0,3,0,1,0,1,0,1,0,0
3020,361182.0,1,0,1,0,1,0,1,0,0
3021,1113281.0,5,0,1,0,0,0,1,0,0
3022,305432.0,3,1,1,0,1,0,0,0,0
3023,780968.0,7,1,1,0,1,0,0,0,0
3024,1062732.0,10,1,0,0,1,0,0,0,0
3025,416416.0,3,1,1,0,0,0,0,0,0
3026,2510980.0,20,1,1,0,1,0,0,0,0
3027,743157.0,3,1,1,0,1,0,0,0,0
3028,699463.0,4,1,1,0,1,0,0,0,0
3029,3824397.0,3,1,1,0,1,0,0,0,0
3030,266545.0,2,0,1,0,1,0,1,0,0
3030,258548.0,1,0,1,0,1,0,1,0,0
3031,198578.0,30,1,1,0,1,0,0,0,0
3032,264771.0,4,1,1,0,1,0,0,0,0
3033,299074.0,4,0,1,0,1,0,0,0,0
3034,296296.0,2,0,1,0,1,1,0,0,0
3035,993438.0,2,0,1,0,1,0,1,0,0
3035,1051875.0,3,0,1,0,1,0,1,0,0
3035,1062500.0,2,0,1,0,1,0,0,0,0
3036,271390.0,5,1,1,0,1,0,0,0,0
3037,472805.0,10,1,1,0,1,0,0,0,0
3038,579396.0,14,1,1,0,1,0,0,0,0
3039,261659.0,3,1,1,0,1,0,0,0,0
3040,264771.0,2,1,1,0,1,0,0,0,0
3041,522845.0,4,1,1,0,1,0,0,0,0
3042,29080009.0,20,1,0,0,1,0,0,0,0
3043,530423.0,2,0,0,0,0,1,0,0,0
3044,214372.0,2,0,0,0,0,1,0,0,0
3045,214372.0,2,0,0,0,0,1,0,0,0
3046,435556.0,3,0,1,0,1,0,0,0,0
3047,694321.0,6,1,0,0,1,0,0,0,0
3048,663944.0,4,1,1,0,1,0,0,0,0
3049,456162.0,4,1,1,0,1,0,0,0,0
3050,605340.0,2,1,1,0,1,0,0,0,0
3051,231481.0,2,0,1,0,1,0,1,0,0
3052,531034.0,4,1,0,0,1,0,0,0,0
3053,522162.0,2,1,1,0,1,0,0,0,0
3054,603130.0,3,1,1,0,1,0,0,0,0
3055,588044.0,3,1,1,0,1,0,0,0,0
3056,3039907.0,25,1,1,0,1,0,0,0,0
3057,247917.0,2,1,0,0,1,0,1,0,0
3057,275463.0,3,0,0,0,1,0,1,0,0
3057,234144.0,1,2,0,0,1,0,1,0,0
3058,291667.0,2,0,0,0,1,0,1,0,0
3059,2584263.0,8,1,1,0,1,0,0,0,0
3060,320233.0,2,0,0,0,0,1,0,0,0
3061,324074.0,2,0,1,0,1,0,1,0,0
3062,324074.0,2,0,1,0,1,0,1,0,0
3063,370370.0,2,0,1,0,1,0,1,0,0
3063,370611.0,2,0,1,0,1,0,0,0,0
3064,555556.0,2,0,1,0,1,0,1,0,0
3065,605340.0,4,1,1,0,1,0,0,0,0
3066,381552.0,4,1,1,0,1,0,0,0,0
3067,370370.0,4,0,1,0,1,0,1,0,0
3068,370370.0,4,0,1,0,1,0,1,0,0
3069,462963.0,2,0,1,0,1,0,1,0,0
3069,416667.0,1,0,1,0,1,0,1,0,0
3070,740741.0,2,0,1,0,1,0,1,0,0
3070,833333.0,3,0,1,0,1,0,1,0,0
3070,648148.0,1,0,1,0,1,0,1,0,0
3071,513339.0,2,1,1,0,1,0,0,0,0
3072,269028.0,2,0,0,0,0,1,0,0,0
3073,382972.0,3,1,1,0,1,0,0,0,0
3074,329167.0,2,0,1,0,1,1,0,0,0
3075,1302950.0,6,1,1,0,1,0,0,0,0
3076,656571.0,2,0,0,0,1,1,0,0,0
3077,374169.0,2,0,0,0,1,0,0,0,0
3078,490577.0,4,0,0,0,1,0,0,0,0
3079,513339.0,4,1,1,0,1,0,0,0,0
3080,211973.0,16,1,1,0,1,0,0,0,0
3081,601483.0,2,1,1,0,1,1,0,0,0
3082,550119.0,2,1,1,0,1,1,0,0,0
3083,237834.0,2,1,1,0,1,0,0,0,0
3084,356250.0,2,0,1,0,1,0,1,0,0
3084,627000.0,4,0,1,0,1,0,1,0,0
3084,320625.0,1,0,1,0,1,0,1,0,0
3085,593750.0,4,0,1,0,1,0,1,0,0
3086,950000.0,7,0,1,0,1,0,1,0,0
3087,560049.0,4,1,1,0,1,0,0,0,0
3088,551471.0,2,0,0,0,1,0,1,0,0
3088,496324.0,1,0,0,0,1,0,1,0,0
3089,1865961.0,5,1,1,0,1,0,1,0,0
3090,365000.0,2,0,1,0,1,0,1,0,0
3090,346750.0,1,0,1,0,1,0,1,0,0
3091,521250.0,4,0,1,0,1,0,1,0,0
3092,728750.0,4,0,1,0,1,0,1,0,0
3093,528982.0,2,1,0,0,1,1,0,0,0
3094,574742.0,4,1,0,0,1,1,0,0,0
3095,528982.0,2,1,0,0,1,1,0,0,0
3096,569673.0,2,1,0,0,1,1,0,0,0
3097,629630.0,4,0,1,0,1,1,0,0,0
3098,370370.0,2,0,1,0,0,0,1,0,0
3098,333333.0,1,0,1,0,0,0,1,0,0
3099,8680600.0,4,1,0,0,1,0,0,0,0
3100,314815.0,4,0,1,0,1,0,0,0,0
3101,1742027.0,2,0,0,0,0,1,0,0,0
3102,1610242.0,10,1,1,0,1,0,0,0,0
3103,569673.0,2,1,1,0,1,1,0,0,0
3104,3723943.0,8,1,1,0,1,0,0,0,0
3105,234039.0,2,0,1,0,1,0,1,0,0
3106,300213.0,2,0,1,0,1,0,1,0,0
3107,206802.0,2,0,1,0,1,0,1,0,0
3108,301517.0,3,0,1,0,1,0,1,0,0
3108,316407.0,2,0,1,0,1,0,1,0,0
3108,268015.0,1,0,1,0,1,0,1,0,0
3109,285480.0,4,0,1,0,0,0,0,0,0
3110,416667.0,3,0,1,0,1,1,0,0,0
3110,462963.0,3,0,1,0,1,0,0,0,0
3111,489867.0,2,1,1,0,1,0,1,0,0
3112,733333.0,3,0,1,0,1,0,1,0,0
3113,340420.0,3,1,1,0,1,0,0,0,0
3114,498561.0,6,1,0,0,1,0,0,0,0
3115,1303175.0,15,1,1,0,1,0,0,0,0
3116,312448.0,4,1,1,0,1,0,0,0,0
3117,568333.0,2,0,1,0,1,1,0,0,0
3117,574074.0,2,0,1,0,1,0,0,0,0
3118,585000.0,2,0,1,0,1,1,0,0,0
3118,590909.0,2,0,1,0,1,0,0,0,0
3119,595833.0,2,0,1,0,1,1,0,0,0
3119,601852.0,2,0,1,0,1,0,0,0,0
3120,22808.0,4,1,0,0,0,0,0,0,0
3121,3908056.0,10,1,1,0,1,0,0,0,0
3122,227273.0,1,0,1,0,1,0,1,0,0
3123,176878.0,2,0,0,0,0,1,0,0,0
3124,842268.0,4,1,1,0,1,1,0,0,0
3125,322908.0,2,1,1,0,1,1,0,0,0
3126,430544.0,3,1,1,0,1,1,0,0,0
3127,364865.0,2,0,0,0,1,0,1,0,0
3127,328379.0,1,0,0,0,1,0,1,0,0
3128,372973.0,2,0,0,0,1,0,1,0,0
3128,335676.0,1,0,0,0,1,0,1,0,0
3129,544806.0,5,1,1,0,1,0,0,0,0
3130,288101.0,2,0,0,0,0,1,0,0,0
3131,288101.0,2,0,0,0,0,1,0,0,0
3132,288101.0,2,0,0,0,0,1,0,0,0
3133,195321.0,1,0,1,0,1,0,1,0,0
3134,583333.0,6,4,1,0,1,0,0,0,0
3135,520005.0,4,1,0,0,1,1,0,0,0
3136,1203130.0,2,0,1,0,1,0,0,0,0
3136,1249714.0,2,2,1,0,1,0,1,0,0
3136,1388889.0,2,1,1,0,1,0,1,0,0
3137,1567850.0,2,0,1,0,1,0,0,0,0
3137,1627914.0,3,2,1,0,1,0,1,0,0
3137,1775663.0,2,0,1,0,1,0,1,0,0
3137,1805556.0,3,1,1,0,1,0,1,0,0
3138,730040.0,2,1,1,0,1,0,0,0,0
3138,767857.0,2,1,1,0,1,0,0,0,0
3138,967500.0,2,0,1,0,1,1,0,0,0
3139,730040.0,2,1,1,0,1,0,0,0,0
3139,767857.0,2,1,1,0,1,0,0,0,0
3139,967500.0,2,0,1,0,1,1,0,0,0
3140,1512796.0,2,0,0,0,0,0,1,0,0
3140,1520000.0,2,0,1,1,0,0,1,1,0
3140,1592417.0,2,0,0,0,0,0,1,0,0
3140,1966635.0,2,0,0,0,0,0,1,0,0
3140,1976000.0,2,0,1,1,0,0,1,1,0
3141,1682986.0,2,0,0,0,0,0,1,0,0
3141,1691000.0,2,0,1,1,0,0,1,1,0
3141,1771564.0,2,0,0,0,0,0,1,0,0
3141,2136825.0,2,0,0,0,0,0,1,0,0
3141,2147000.0,2,0,1,1,0,0,1,1,0
3142,924210.0,2,1,1,0,1,0,0,0,0
3142,1157407.0,2,0,1,0,1,0,1,0,0
3143,1097596.0,2,0,1,0,1,0,1,0,0
3143,1104701.0,2,0,1,0,1,1,0,0,0
3144,470183.0,2,0,1,0,1,0,1,0,0
3145,471419.0,2,1,1,0,1,0,1,0,0
3145,544662.0,2,1,1,0,1,0,1,0,0
3145,571894.0,2,1,1,0,1,0,1,0,0
3146,1302533.0,2,0,1,0,1,0,1,0,0
3147,1302533.0,2,0,1,0,1,0,1,0,0
3148,555556.0,2,0,1,0,1,1,0,0,0
3149,648148.0,2,0,1,0,1,1,0,0,0
3150,342377.0,2,0,0,0,0,1,0,0,0
3151,752604.0,2,0,1,1,1,0,0,0,0
3151,822963.0,2,0,1,1,1,1,0,0,0
3151,1083118.0,2,0,1,1,1,0,1,0,0
3151,1385185.0,2,0,1,1,1,1,0,0,0
3152,752604.0,2,0,1,1,1,0,0,0,0
3152,822963.0,2,0,1,1,1,1,0,0,0
3152,1083118.0,2,0,1,1,1,0,1,0,0
3152,1385185.0,2,0,1,1,1,1,0,0,0
3153,381205.0,2,1,1,0,1,0,1,0,0
3153,459000.0,2,1,1,0,1,1,0,0,0
3154,463015.0,4,1,1,0,1,0,1,0,0
3154,524481.0,4,1,1,0,1,1,0,0,0
3155,298501.0,2,0,1,0,1,0,1,0,0
3156,309481.0,2,0,1,0,1,0,1,0,0
3157,317216.0,2,0,1,0,1,0,1,0,0
3157,328884.0,2,0,1,0,1,0,1,0,0
3158,565710.0,2,1,1,0,1,0,1,0,0
3159,571558.0,2,0,1,0,1,0,1,0,0
3159,586407.0,2,0,1,0,1,0,1,0,0
3160,1301853.0,2,1,0,1,1,0,0,0,0
3160,1343169.0,2,0,0,1,1,1,0,0,0
3161,1343169.0,2,0,0,1,1,1,0,0,0
3161,1433324.0,2,1,0,1,1,0,0,0,0
3162,1957329.0,2,1,0,1,1,0,0,0,0
3162,2300488.0,2,1,0,1,1,0,0,0,0
3163,4218853.0,4,1,0,1,1,0,0,0,0
3163,5325642.0,2,0,0,1,1,1,0,0,0
3164,5009316.0,4,0,0,1,1,1,0,0,0
3165,675625.0,2,1,1,0,1,1,0,0,0
3166,675625.0,2,1,1,0,1,1,0,0,0
3167,733611.0,2,1,1,0,1,1,0,0,0
3167,954074.0,2,1,1,0,1,1,0,0,0
3168,369444.0,2,0,0,0,1,0,1,0,0
3169,462362.0,2,0,1,0,1,0,1,0,0
3169,648148.0,2,0,1,0,1,0,1,0,0
3170,530718.0,2,0,1,0,1,0,1,0,0
3171,538523.0,2,0,1,0,1,0,1,0,0
3171,666667.0,2,0,1,0,1,0,1,0,0
3172,213620.0,2,0,1,0,1,0,1,0,0
3172,246032.0,2,0,1,0,1,0,1,0,0
3173,698143.0,2,1,1,0,1,0,1,0,0
3173,765432.0,2,1,1,0,1,0,1,0,0
3174,751632.0,2,1,0,0,1,0,1,0,0
3174,1777778.0,2,0,0,0,1,0,1,0,0
3175,976012.0,2,1,0,0,1,0,1,0,0
3175,1482720.0,2,0,0,0,1,0,0,0,0
3176,509704.0,2,0,0,0,1,1,0,0,0
3176,510663.0,2,0,0,0,1,0,1,0,0
3177,539837.0,2,1,1,0,1,0,1,0,0
3177,628715.0,2,0,0,0,1,0,1,0,0
3178,838113.0,3,1,1,0,1,0,1,0,0
3178,1103441.0,3,1,1,0,1,0,1,0,0
3178,1233333.0,3,1,1,0,1,0,1,0,0
3179,1798018.0,2,1,0,1,1,0,0,0,0
3179,1813572.0,2,1,0,1,1,0,0,0,0
3179,1840044.0,2,1,0,1,1,0,0,0,0
3179,1840829.0,2,1,0,1,1,0,1,0,0
3179,2336861.0,2,1,0,1,1,0,1,0,0
3180,2153189.0,2,1,0,1,1,0,0,0,0
3180,2153189.0,2,1,0,1,1,0,0,0,0
3180,2185550.0,2,1,0,1,1,0,0,0,0
3180,2185551.0,2,1,0,1,1,0,1,0,0
3180,2774471.0,2,1,0,1,1,0,1,0,0
3181,2820866.0,2,1,0,1,1,0,0,0,0
3181,2820866.0,2,1,0,1,1,0,0,0,0
3181,2875248.0,2,1,0,1,1,0,0,0,0
3181,2875248.0,2,1,0,1,1,0,1,0,0
3181,3650794.0,2,1,0,1,1,0,1,0,0
3182,1632060.0,4,2,1,1,1,0,1,0,0
3183,706498.0,2,2,1,0,1,0,0,0,0
3183,759259.0,2,2,1,0,1,0,0,0,0
3183,778750.0,2,2,1,0,1,0,0,0,0
3184,542991.0,2,1,0,0,1,0,0,0,0
3185,542991.0,2,1,0,0,1,0,0,0,0
3185,566418.0,2,0,0,0,1,0,1,0,0
3185,604572.0,2,0,0,0,1,0,0,0,0
3186,1764780.0,4,0,0,0,1,0,0,0,0
3186,1945682.0,2,0,0,0,1,1,0,0,0
3186,2524074.0,4,0,0,0,1,1,0,0,0
3187,1877425.0,4,1,0,0,1,0,0,0,0
3187,2119347.0,2,0,0,0,1,1,0,0,0
3187,2685185.0,4,1,0,0,1,1,0,0,0
3188,416667.0,2,0,1,0,1,0,1,0,0
3189,509259.0,2,0,1,0,1,0,1,0,0
3190,282315.0,2,0,0,0,1,0,1,0,0
3190,317526.0,2,0,0,0,1,0,1,0,0
3191,300311.0,2,0,0,0,1,0,1,0,0
3191,338078.0,2,0,0,0,1,0,1,0,0
3192,290432.0,2,1,0,0,1,0,1,0,0
3192,361111.0,2,1,0,0,1,0,1,0,0
3193,336467.0,2,1,0,0,1,0,1,0,0
3193,415278.0,2,1,0,0,1,0,1,0,0
3194,222222.0,2,0,1,0,1,0,1,0,0
3194,555556.0,2,0,1,0,1,1,0,0,0
3195,281481.0,3,0,1,0,1,0,1,0,0
3195,703704.0,3,0,1,0,1,1,0,0,0
3196,445598.0,2,0,0,0,1,0,1,0,0
3196,450185.0,2,0,0,0,1,1,0,0,0
3197,470159.0,2,1,0,0,1,0,1,0,0
3197,539506.0,2,0,0,0,1,0,1,0,0
3198,513889.0,2,0,0,0,0,0,1,0,0
3199,521981.0,2,1,0,0,1,0,0,0,0
3200,420511.0,2,2,1,0,1,0,1,0,0
3200,440917.0,2,0,1,0,0,1,0,0,0
3201,485009.0,2,0,1,0,0,1,0,0,0
3202,508048.0,2,2,1,0,1,0,1,0,0
3202,739821.0,2,0,1,0,0,1,0,0,0
3202,529101.0,1,1,1,0,0,1,0,0,0
3203,294839.0,2,0,1,0,1,0,1,0,0
3203,298964.0,2,0,1,0,1,0,1,0,0
3204,304081.0,2,0,1,0,1,0,1,0,0
3204,308336.0,2,0,1,0,1,0,1,0,0
3205,702992.0,2,0,1,0,1,0,0,0,0
3206,833333.0,2,1,1,0,1,1,0,0,0
3206,863083.0,2,0,1,0,1,0,0,0,0
3207,2638875.0,2,1,0,0,1,0,1,0,0
3207,2891281.0,2,0,0,0,1,1,0,0,0
3207,3350970.0,2,1,0,0,1,0,1,0,0
3208,876375.0,2,1,0,0,1,0,1,0,0
3209,971974.0,2,1,0,0,1,0,1,0,0
3209,1604167.0,2,0,0,0,1,0,1,0,0
3210,189885.0,2,0,0,0,0,0,1,0,0
3211,229519.0,2,0,0,0,0,0,1,0,0
3211,255732.0,2,0,0,0,0,0,1,0,0
3212,538205.0,2,1,1,1,1,0,1,0,0
3212,551146.0,2,1,1,1,1,0,1,0,0
3212,992063.0,2,0,1,1,1,0,1,0,0
3213,575397.0,2,0,1,1,1,0,1,0,0
3213,829416.0,2,0,1,1,1,0,1,0,0
3214,338963.0,2,1,0,0,1,0,1,0,0
3215,402319.0,2,0,0,0,1,1,0,0,0
3215,435185.0,2,0,0,0,1,1,0,0,0
3216,446716.0,2,0,0,0,1,0,1,0,0
3216,527778.0,2,0,0,0,1,0,1,0,0
3217,490741.0,2,0,0,0,1,1,0,0,0
3217,352666.0,1,0,0,0,1,0,1,0,0
3217,400794.0,1,0,0,0,1,0,1,0,0
3218,3201446.0,2,0,1,1,1,0,0,1,0
3218,3426184.0,2,0,1,1,1,0,1,1,0
3219,573192.0,2,0,1,0,1,0,1,0,0
3220,647266.0,2,0,1,0,1,0,1,0,0
3220,1058201.0,6,0,1,0,1,0,1,0,0
3221,434339.0,2,0,1,0,1,1,0,0,0
3221,491431.0,2,0,1,0,1,0,1,0,0
3221,1166667.0,2,0,1,0,1,0,1,0,0
3222,536698.0,2,0,1,0,1,0,1,0,0
3222,2041667.0,4,0,1,0,1,0,1,0,0
3223,558333.0,2,0,0,0,1,0,1,0,0
3224,558333.0,2,0,0,0,1,0,1,0,0
3225,2564769.0,2,0,0,0,1,0,0,0,0
3225,3064815.0,2,0,0,0,1,1,0,0,0
3226,3298437.0,3,1,0,0,1,0,0,0,0
3226,3805556.0,2,1,0,0,1,1,0,0,0
3226,3805556.0,3,1,0,0,1,1,0,0,0
3227,370370.0,2,0,1,0,0,0,1,0,0
3227,409136.0,2,0,1,0,1,0,0,0,0
3228,450049.0,2,0,1,0,1,0,0,0,0
3228,462963.0,2,0,1,0,0,0,1,0,0
3229,494397.0,2,0,1,0,1,0,0,0,0
3229,555556.0,2,0,1,0,0,0,1,0,0
3230,3051342.0,2,0,0,0,1,1,0,0,0
3231,324696.0,2,0,1,0,1,0,1,0,0
3231,488889.0,2,0,1,0,1,0,1,0,0
3231,657948.0,2,0,1,0,1,0,1,0,0
3231,805115.0,2,0,1,0,1,0,1,0,0
3231,814286.0,2,0,1,0,1,0,1,0,0
3232,402322.0,2,0,1,0,1,1,0,0,0
3232,405838.0,2,0,1,0,1,0,1,0,0
3232,410159.0,2,1,1,0,1,0,1,0,0
3232,542857.0,2,1,1,0,1,0,1,0,0
3232,884392.0,2,2,1,0,1,0,1,0,0
3233,1406821.0,2,1,0,0,1,0,1,0,0
3233,2254000.0,2,0,0,0,1,1,0,0,0
3234,1802547.0,2,1,0,0,1,0,1,0,0
3234,2056742.0,2,0,0,0,1,0,1,0,0
3234,2861600.0,2,0,0,0,1,1,0,0,0
3235,412500.0,2,0,1,0,1,0,1,0,0
3235,426716.0,2,1,1,0,1,0,1,0,0
3236,547228.0,3,1,1,0,1,0,1,0,0
3236,595833.0,3,0,1,0,1,0,1,0,0
3237,480501.0,2,1,1,0,1,0,1,0,0
3237,593750.0,2,1,1,0,1,0,1,0,0
3238,812500.0,2,0,1,0,1,0,1,0,0
3239,2200000.0,2,1,0,0,1,0,1,0,0
3239,2500000.0,2,1,0,0,1,0,1,0,0
3240,2200000.0,2,1,0,0,1,0,1,0,0
3240,2500000.0,2,1,0,0,1,0,1,0,0
3241,1456488.0,2,1,1,0,1,0,1,0,0
3241,1747369.0,2,0,1,0,1,1,0,0,0
3241,1756236.0,2,1,1,0,1,0,1,0,0
3241,2107483.0,3,1,1,0,1,0,1,0,0
3242,1786137.0,2,1,1,0,1,0,1,0,0
3242,2139480.0,2,0,1,0,1,1,0,0,0
3243,300146.0,2,0,0,0,1,0,0,0,0
3244,322610.0,2,0,0,0,1,0,0,0,0
3245,356656.0,2,0,0,0,1,0,1,0,0
3245,360518.0,2,0,0,0,1,0,1,0,0
3246,1978892.0,2,1,1,1,1,1,0,1,0
3246,2496394.0,2,1,1,1,1,1,0,0,0
3246,2611744.0,2,0,1,1,1,0,1,0,0
3246,3078691.0,2,0,1,1,1,0,1,0,0
3247,2417917.0,2,1,1,1,1,1,0,1,0
3247,2902132.0,2,1,1,1,1,1,0,0,0
3247,3191975.0,2,0,1,1,1,0,1,0,0
3247,3597289.0,2,0,1,1,1,0,1,0,0
3248,2450467.0,2,0,0,0,1,1,0,0,0
3248,2592000.0,2,0,0,0,0,0,1,0,0
3248,2848000.0,2,0,0,0,0,0,1,0,0
3248,2987911.0,2,0,0,0,1,0,1,0,0
3248,8100000.0,2,0,0,0,0,0,0,0,0
3249,2450467.0,2,0,0,0,1,1,0,0,0
3249,2592000.0,2,0,0,0,0,0,1,0,0
3249,2848000.0,2,0,0,0,0,0,1,0,0
3249,2987911.0,2,0,0,0,1,0,1,0,0
3249,8100000.0,2,0,0,0,0,0,0,0,0
3250,320705.0,2,0,1,0,1,0,1,0,0
3250,367989.0,2,0,1,0,1,0,1,0,0
3251,385946.0,2,0,1,0,1,0,1,0,0
3251,442849.0,2,0,1,0,1,0,1,0,0
3251,366649.0,1,0,1,0,1,0,1,0,0
3252,360120.0,2,0,1,0,1,0,1,0,1
3253,793990.0,2,0,1,0,1,0,0,0,1
3253,1141877.0,2,1,1,0,1,0,1,0,1
3253,1194444.0,2,1,1,0,1,0,1,0,1
3254,844780.0,2,0,1,0,1,1,0,0,1
3254,991343.0,3,1,1,0,1,0,1,0,1
3254,1413302.0,3,1,1,0,1,0,1,0,1
3255,2178057.0,2,2,1,0,1,0,1,0,1
3255,2277778.0,2,2,1,0,1,0,1,0,1
3256,597849.0,2,1,1,0,1,0,1,0,0
3256,701609.0,2,0,1,0,1,0,1,0,0
3257,637127.0,2,1,1,0,1,0,1,0,0
3257,765006.0,2,0,1,0,1,1,0,0,0
3258,724312.0,2,1,1,0,1,0,1,0,0
3258,765006.0,2,0,1,0,1,1,0,0,0
3259,2185822.0,2,0,0,0,1,1,0,0,0
3259,2372130.0,2,1,0,0,1,0,1,0,0
3259,2777778.0,2,1,0,0,1,0,1,0,0
3260,4153637.0,2,0,0,0,1,1,0,0,0
3260,4487464.0,2,1,0,0,1,0,1,0,0
3260,5277778.0,2,1,0,0,1,0,1,0,0
3261,289638.0,2,0,0,0,1,1,0,0,0
3262,306126.0,2,0,0,0,1,0,0,0,0
3262,318543.0,2,0,0,0,1,0,1,0,0
3262,358630.0,2,0,0,0,1,0,1,0,0
3263,332440.0,2,0,0,0,1,0,0,0,0
3264,389457.0,2,0,0,0,1,0,1,0,0
3265,423545.0,2,1,1,0,1,0,1,0,0
3265,440917.0,2,1,1,0,1,0,1,0,0
3266,515370.0,2,1,1,0,1,0,1,0,0
3266,529101.0,2,1,1,0,1,0,1,0,0
3267,596191.0,2,1,1,0,1,0,1,0,0
3267,606261.0,2,1,1,0,1,0,1,0,0
3268,890119.0,2,1,1,0,1,0,0,0,1
3268,1141204.0,2,1,1,0,1,1,0,0,1
3269,1021598.0,2,1,1,0,1,0,0,0,1
3270,1182903.0,2,1,1,0,1,0,0,0,1
3270,1476852.0,2,1,1,0,1,1,0,0,1
3271,1275463.0,2,0,1,0,1,1,0,0,1
3272,1398333.0,2,1,1,0,1,0,0,0,1
3273,1850469.0,3,1,1,0,1,0,0,0,1
3273,2215278.0,3,1,1,0,1,1,0,0,1
3274,2074768.0,3,1,1,0,1,0,0,0,1
3274,2483796.0,3,1,1,0,1,1,0,0,1
3275,2467292.0,4,2,1,0,1,0,0,0,1
3275,2953704.0,3,1,1,0,1,1,0,0,1
3276,414524.0,2,0,0,0,1,0,1,0,0
3276,416746.0,2,0,0,0,1,0,1,0,0
3276,431746.0,2,0,0,0,1,0,1,0,0
3277,416746.0,2,0,0,0,1,0,1,0,0
3277,427478.0,2,0,0,0,1,0,1,0,0
3277,445238.0,2,0,0,0,1,0,1,0,0
3278,453385.0,2,0,0,0,1,0,1,0,0
3278,472222.0,2,0,0,0,1,0,1,0,0
3278,483849.0,2,0,0,0,1,0,1,0,0
3279,483849.0,2,0,0,0,1,0,1,0,0
3279,521663.0,2,0,0,0,1,0,1,0,0
3279,539683.0,2,0,0,0,1,0,1,0,0
3280,277334.0,2,0,1,0,1,0,0,0,0
3280,305556.0,2,0,1,0,1,0,0,0,0
3281,291438.0,2,1,1,0,1,0,0,0,0
3281,318651.0,2,1,1,0,1,0,0,0,0
3282,454193.0,3,1,1,0,1,0,0,0,0
3282,475794.0,3,1,1,0,1,0,0,0,0
3283,246971.0,2,0,1,0,1,0,1,0,0
3283,285822.0,2,0,1,0,1,0,1,0,0
3283,304762.0,2,1,1,0,1,0,1,0,0
3284,318717.0,2,0,1,0,1,1,0,0,0
3284,322358.0,2,0,1,0,1,0,1,0,0
3284,359896.0,2,1,1,0,1,0,1,0,0
3285,301034.0,2,0,0,0,0,0,0,0,0
3285,305685.0,2,1,0,0,0,0,1,0,0
3285,316878.0,2,0,0,0,0,0,1,0,0
3286,301034.0,2,0,0,0,0,0,0,0,0
3286,305685.0,2,1,0,0,0,0,1,0,0
3286,316878.0,2,0,0,0,0,0,1,0,0
3287,741275.0,3,0,0,0,0,0,0,0,0
3287,751036.0,2,0,0,0,0,0,1,0,0
3287,780289.0,3,0,0,0,0,0,1,0,0
3288,245831.0,2,0,0,0,1,0,1,0,0
3289,261470.0,2,1,0,0,1,0,1,0,0
3290,488283.0,4,1,0,0,1,0,1,0,0
3291,746909.0,2,1,0,0,1,1,0,0,1
3291,873780.0,2,1,0,0,1,0,1,0,1
3291,888448.0,2,1,0,0,1,0,1,0,1
3292,817781.0,2,1,0,0,1,1,0,0,1
3292,944246.0,2,1,0,0,1,0,1,0,1
3292,960097.0,2,1,0,0,1,0,1,0,1
3292,1097917.0,2,0,0,0,1,0,1,0,1
3293,2285005.0,4,1,0,0,1,1,0,0,1
3293,2405684.0,2,0,0,0,1,1,0,0,1
3293,2543976.0,4,1,0,0,1,0,1,0,1
3293,2579365.0,4,1,0,0,1,0,1,0,1
3293,3187500.0,4,0,0,0,1,0,1,0,1
3294,2497152.0,2,1,0,0,1,0,0,0,0
3294,3361238.0,3,0,0,0,0,1,0,0,0
3295,7190255.0,2,0,1,1,1,1,0,1,0
3295,8357059.0,2,0,1,1,1,1,0,0,1
3295,10016730.0,2,0,1,1,1,0,1,0,0
3295,11941892.0,2,0,1,1,1,0,1,0,1
3296,8049438.0,2,0,1,1,1,1,0,0,0
3297,349720.0,2,0,0,0,1,0,1,0,0
3297,358333.0,2,0,0,0,1,0,1,0,0
3297,351792.0,1,0,0,0,1,0,1,0,0
3298,352255.0,2,1,0,0,1,0,1,0,0
3299,385199.0,2,1,0,0,1,0,1,0,0
3300,400405.0,2,1,0,0,1,0,1,0,0
3301,400405.0,2,0,0,0,1,0,1,0,0
3302,400405.0,2,0,0,0,1,0,1,0,0
3302,406886.0,1,0,0,0,1,0,1,0,0
3303,466902.0,2,0,0,0,1,0,1,0,0
3303,494548.0,3,0,0,0,1,0,1,0,0
3303,463958.0,1,0,0,0,1,0,1,0,0
3304,392947.0,2,2,1,0,1,0,1,0,0
3304,412257.0,2,2,1,0,1,0,1,0,0
3304,462963.0,2,0,1,0,1,0,0,0,0
3305,431796.0,2,2,1,0,1,0,1,0,0
3305,449735.0,2,2,1,0,1,0,1,0,0
3305,509259.0,2,0,1,0,1,0,0,0,0
3306,479501.0,3,2,1,0,1,0,1,0,0
3306,487213.0,3,2,1,0,1,0,1,0,0
3306,509259.0,3,0,1,0,1,0,0,0,0
3307,393383.0,2,1,1,0,1,0,1,0,0
3308,483531.0,2,1,1,0,1,0,1,0,0
3309,582981.0,3,2,1,0,1,0,1,0,0
3310,647757.0,3,2,1,0,1,0,1,0,0
3311,472003.0,2,0,1,1,1,0,0,0,0
3311,473812.0,2,0,1,1,1,0,1,0,0
3311,564942.0,2,0,1,1,1,1,0,0,1
3312,479718.0,2,0,1,1,1,1,0,0,0
3312,564374.0,2,0,1,1,1,1,0,0,1
3312,702828.0,2,1,1,1,1,0,1,0,1
3313,539683.0,2,0,1,1,1,1,0,0,0
3313,634921.0,2,0,1,1,1,1,0,0,1
3313,770099.0,2,0,1,1,1,0,1,0,1
3314,839506.0,3,0,1,1,1,1,0,0,0
3314,949936.0,3,1,1,1,1,0,1,0,1
3314,949936.0,3,1,1,1,1,0,1,0,0
3314,987654.0,3,0,1,1,1,1,0,0,1
3315,899471.0,4,0,1,1,1,1,0,0,0
3315,1058201.0,4,0,1,1,1,1,0,0,1
3315,1226578.0,4,0,1,1,1,0,1,0,1
3316,667153.0,1,0,1,1,1,0,1,0,1
3316,667153.0,1,0,1,1,1,0,1,0,0
3317,504583.0,2,0,0,0,1,0,0,0,0
3317,653241.0,2,0,0,0,1,1,0,0,0
3317,621759.0,1,0,0,0,1,1,0,0,0
3318,539989.0,2,1,0,0,1,0,0,0,0
3318,619574.0,2,0,0,0,1,0,1,0,0
3319,578786.0,2,1,0,0,1,0,0,0,0
3320,584519.0,2,0,0,0,1,0,1,0,0
3320,586123.0,2,0,0,0,1,1,0,0,0
3321,614713.0,2,1,0,0,1,0,0,0,0
3321,771296.0,2,1,0,0,1,1,0,0,0
3321,739815.0,1,1,0,0,1,1,0,0,0
3322,646076.0,2,1,0,0,1,0,0,0,0
3323,677439.0,2,1,0,0,1,0,0,0,0
3323,850000.0,2,1,0,0,1,1,0,0,0
3323,818519.0,1,1,0,0,1,1,0,0,0
3324,683704.0,2,0,0,0,1,1,0,0,0
3324,1070370.0,2,1,0,0,1,1,0,0,0
3324,1038889.0,1,1,0,0,1,1,0,0,0
3325,731944.0,2,1,0,0,1,1,0,0,0
3325,700463.0,1,1,0,0,1,1,0,0,0
3326,893957.0,3,1,0,0,1,0,0,0,0
3327,1903673.0,2,0,1,0,1,1,0,0,1
3327,2323060.0,2,1,1,0,1,0,1,0,1
3327,3176853.0,2,0,1,0,1,0,1,0,1
3328,1995008.0,2,0,1,0,1,1,0,0,1
3328,2401808.0,2,1,1,0,1,0,1,0,1
3328,3284539.0,2,0,1,0,1,0,1,0,1
3329,2205628.0,2,0,1,0,1,1,0,0,1
3329,2598677.0,2,1,1,0,1,0,1,0,1
3329,3553756.0,2,0,1,0,1,0,1,0,1
3330,7829411.0,2,0,0,0,0,1,0,0,0
3330,8387795.0,2,0,0,0,0,1,0,0,1
3331,3838685.0,4,0,0,1,1,1,0,0,0
3331,4118575.0,4,0,0,1,1,0,0,0,1
3332,771680.0,2,0,0,0,1,0,0,0,1
3332,989010.0,2,0,0,0,1,0,1,0,1
3333,1281396.0,2,0,0,0,1,0,0,0,1
3333,1597766.0,2,0,0,0,1,0,1,0,1
3334,1281396.0,2,0,0,0,1,0,0,0,1
3334,1597766.0,2,0,0,0,1,0,1,0,1
3335,272372.0,2,0,0,0,1,1,0,0,0
3336,296907.0,2,0,0,0,1,0,1,0,0
3337,305941.0,2,0,0,0,1,0,1,0,0
3337,324501.0,2,0,0,0,1,0,0,0,0
3338,348354.0,2,0,0,0,1,0,1,0,0
3339,413876.0,2,0,0,0,1,1,0,0,0
3340,413876.0,2,0,0,0,1,1,0,0,0
3341,416776.0,2,0,0,0,1,1,0,0,0
3341,592593.0,2,1,0,0,1,0,1,0,0
3342,419633.0,2,0,0,0,1,1,0,0,0
3342,592593.0,2,1,0,0,1,0,1,0,0
3343,585398.0,2,0,0,0,1,1,0,0,0
3343,814815.0,2,1,0,0,1,0,1,0,0
3344,665595.0,2,0,0,0,1,1,0,0,0
3344,925926.0,4,2,0,0,1,0,1,0,0
3345,777778.0,2,1,0,0,1,0,1,0,0
3346,925926.0,4,2,0,0,1,0,1,0,0
3347,984040.0,2,0,0,0,1,0,0,0,1
3347,1791667.0,2,1,0,0,1,1,0,0,1
3348,1060322.0,2,0,0,0,1,0,0,0,1
3348,1930556.0,2,0,0,0,1,1,0,0,1
3349,1128430.0,2,0,0,0,1,1,0,0,1
3350,1378790.0,2,0,0,0,1,1,0,0,1
3351,1518437.0,2,0,0,0,1,0,0,0,1
3351,2763889.0,2,0,0,0,1,1,0,0,1
3352,1518437.0,2,0,0,0,1,0,0,0,1
3353,1677248.0,2,0,0,0,1,1,0,0,1
3354,2763889.0,2,0,0,0,1,1,0,0,1
3355,400000.0,2,0,1,0,1,0,1,0,0
3355,566667.0,1,0,1,0,1,0,1,0,0
3356,433333.0,2,0,1,0,1,0,1,0,0
3356,656156.0,2,1,1,0,1,0,1,0,0
3357,481039.0,2,1,1,0,1,0,1,0,0
3358,500000.0,3,1,1,0,1,0,1,0,0
3358,685785.0,4,2,1,0,1,0,1,0,0
3359,666666667.0,2,0,1,0,1,0,1,0,0
3360,454489.0,2,1,1,0,1,0,1,0,0
3360,479718.0,2,1,1,0,1,0,1,0,0
3361,528727.0,2,1,1,0,1,0,1,0,0
3361,550265.0,2,1,1,0,1,0,1,0,0
3362,832957.0,2,2,1,0,1,0,1,0,0
3362,846561.0,2,2,1,0,1,0,1,0,0
3363,4950000.0,4,0,0,0,1,0,1,0,0
3363,4950000.0,4,0,0,0,0,0,1,0,0
3363,5550000.0,4,0,0,0,0,0,1,0,1
3364,581802.0,2,0,1,0,1,0,1,0,1
3364,760648.0,2,0,1,0,1,1,0,0,1
3364,912778.0,2,0,1,0,1,0,1,0,1
3365,701570.0,2,1,1,0,1,0,1,0,1
3365,725034.0,2,0,1,0,1,1,0,0,1
3366,701570.0,2,1,1,0,1,0,1,0,1
3366,883333.0,2,0,1,0,1,1,0,0,1
3366,1060000.0,2,0,1,0,1,0,1,0,1
3367,846413.0,2,0,1,0,1,1,0,0,1
3367,859240.0,2,1,1,0,1,0,1,0,1
3368,859240.0,2,1,1,0,1,0,1,0,1
3368,971667.0,2,0,1,0,1,1,0,0,1
3368,1295556.0,2,0,1,0,1,0,1,0,1
3369,1433245.0,2,2,1,0,1,0,1,0,1
3369,1864815.0,4,0,1,0,1,1,0,0,1
3369,2237778.0,4,0,1,0,1,0,1,0,1
3370,1812963.0,2,0,1,0,1,1,0,0,1
3370,2175556.0,2,0,1,0,1,0,1,0,1
3371,148148.0,1,0,0,0,1,0,1,0,0
3372,148148.0,1,0,0,0,1,0,1,0,0
3373,148148.0,1,0,0,0,1,0,1,0,0
3374,148148.0,1,0,0,0,1,0,1,0,0
3375,1371680.0,2,0,1,0,1,0,0,0,0
3376,1760107.0,2,1,1,0,1,0,0,0,0
3377,1864626.0,2,1,1,0,1,0,0,0,0
3378,296816.0,2,0,0,0,1,0,0,0,0
3379,343810.0,3,0,0,0,1,0,0,0,0
3380,343810.0,3,0,0,0,1,0,0,0,0
3381,383506.0,4,0,0,0,1,0,0,0,0
3382,370370.0,2,0,1,0,1,0,1,0,0
3382,409136.0,2,0,1,0,1,0,0,0,0
3383,450049.0,2,0,1,0,1,0,0,0,0
3383,462963.0,2,0,1,0,1,0,1,0,0
3384,494397.0,2,0,1,0,1,0,0,0,0
3384,555556.0,2,0,1,0,1,0,1,0,0
3385,583235.0,2,0,1,0,1,0,0,0,0
3385,925926.0,2,0,1,0,1,0,1,0,0
3386,680628.0,2,0,1,0,1,0,0,0,0
3386,833333.0,2,0,1,0,1,0,1,0,0
3387,589000.0,2,1,1,0,1,1,0,0,0
3388,674277.0,2,1,1,0,1,1,0,0,0
3389,674277.0,2,1,1,0,1,1,0,0,0
3390,797067.0,2,0,1,0,1,1,0,0,0
3391,797067.0,2,1,1,0,1,1,0,0,0
3392,623155.0,3,0,1,0,1,0,0,0,0
3392,967593.0,2,0,1,0,1,1,0,0,0
3392,1015972.0,2,0,1,0,1,0,1,0,0
3393,683183.0,3,0,1,0,1,0,0,0,0
3393,1055556.0,2,0,1,0,1,1,0,0,0
3393,1108333.0,2,0,1,0,1,0,1,0,0
3394,345629.0,2,0,1,0,1,0,1,0,0
3394,361552.0,2,0,1,0,1,0,1,0,0
3394,355879.0,1,0,1,0,1,0,1,0,0
3394,361552.0,1,0,1,0,1,0,1,0,0
3395,671016.0,2,1,1,1,1,1,0,0,1
3395,997894.0,2,1,1,1,1,1,0,0,1
3395,1296116.0,2,1,1,1,1,1,0,0,1
3396,671016.0,2,1,1,1,1,1,0,0,1
3396,997894.0,2,1,1,1,1,1,0,0,1
3396,1296116.0,2,1,1,1,1,1,0,0,1
3397,807255.0,2,1,1,1,1,1,0,0,1
3397,1156604.0,2,1,1,1,1,1,0,0,1
3397,1502257.0,2,1,1,1,1,1,0,0,1
3397,1638571.0,2,1,1,1,1,0,0,0,1
3398,1079592.0,2,1,1,1,1,1,0,0,1
3398,1473626.0,2,1,1,1,1,1,0,0,1
3398,1913489.0,2,1,1,1,1,1,0,0,1
3398,2150176.0,2,1,1,1,1,0,0,0,1
3399,1258988.0,2,1,1,1,1,1,0,0,0
3399,1511556.0,2,1,1,1,1,1,0,0,0
3400,1533467.0,4,2,1,1,1,1,0,0,1
3400,1896017.0,2,0,1,1,1,1,0,0,0
3400,2776959.0,4,2,1,1,1,1,0,0,1
3400,2918236.0,4,2,1,1,1,0,0,0,1
3401,1652077.0,2,1,1,1,1,1,0,0,0
3401,1925333.0,2,1,1,1,1,1,0,0,0
3402,345736.0,2,0,0,0,1,0,1,0,0
3403,408597.0,2,0,0,0,1,0,1,0,0
3404,1388889.0,4,0,1,0,1,0,1,0,0
3405,131505.0,1,0,1,0,1,0,1,0,0
3406,440917.0,2,1,1,0,1,0,1,0,0
3406,725794.0,2,0,1,0,1,1,0,0,0
3407,529101.0,2,1,1,0,1,0,1,0,0
3407,669500.0,2,0,1,0,1,1,0,0,0
3408,393519.0,2,0,1,0,0,0,1,0,0
3409,537037.0,2,0,1,0,0,0,1,0,0
3410,629630.0,4,0,1,0,0,0,1,0,0
3411,342540.0,2,1,1,0,1,0,1,0,0
3411,353571.0,2,1,1,0,1,0,1,0,0
3412,352734.0,2,1,1,0,1,0,1,0,0
3412,477067.0,4,1,1,0,1,0,1,0,0
3412,484524.0,4,1,1,0,1,0,1,0,0
3413,384829.0,2,1,1,0,1,0,1,0,0
3413,397222.0,2,1,1,0,1,0,1,0,0
3413,485009.0,3,1,1,0,1,0,1,0,0
3414,399806.0,2,1,0,0,0,0,0,0,0
3414,462963.0,2,0,0,0,0,0,1,0,0
3415,486884.0,2,1,0,0,0,0,0,0,0
3415,509259.0,2,0,0,0,0,0,1,0,0
3416,555556.0,2,0,0,0,0,0,1,0,0
3416,670610.0,2,1,0,0,0,0,0,0,0
3417,574469.0,2,1,0,0,0,0,0,0,0
3418,833333.0,2,0,0,0,0,0,1,0,0
3419,515949.0,2,1,0,0,1,0,0,0,0
3420,574304.0,2,1,0,0,1,0,0,0,0
3421,942710.0,2,1,0,0,1,0,0,0,0
3422,1358282.0,4,1,0,0,1,0,0,0,0
3423,262438.0,1,0,1,0,1,0,1,0,0
3423,266817.0,1,0,1,0,1,0,1,0,0
3423,293951.0,1,0,1,0,1,1,0,0,0
3424,773131.0,2,1,1,0,1,0,1,0,0
3424,917108.0,2,1,1,0,1,0,1,0,0
3424,2129630.0,2,0,1,0,1,0,1,0,0
3425,4833333.0,2,0,1,0,1,1,0,0,0
3425,5370370.0,3,0,1,0,1,0,1,0,0
3426,709278.0,2,0,1,0,1,1,0,0,0
3427,725826.0,2,0,1,0,1,0,1,0,0
3427,738536.0,2,0,1,0,1,0,1,0,0
3427,800582.0,2,0,1,0,1,0,1,0,0
3428,3074513.0,2,2,0,0,1,0,0,0,0
3428,3568806.0,2,2,0,0,1,0,0,0,0
3429,3775738.0,2,0,0,0,1,1,0,0,0
3429,4243850.0,2,0,0,0,1,1,0,0,0
3430,486045.0,2,0,0,0,1,0,1,0,0
3430,514636.0,2,0,0,0,1,1,0,0,0
3431,513864.0,2,0,0,0,1,0,1,0,0
3432,513864.0,2,0,0,0,1,0,1,0,0
3433,654503.0,2,0,0,0,1,0,0,0,0
3433,892000.0,2,0,0,0,1,0,1,0,0
3434,689325.0,2,0,0,0,1,0,0,0,0
3435,483022.0,2,1,1,0,1,0,1,0,0
3436,530598.0,2,1,1,0,1,0,1,0,0
3437,869533.0,2,0,0,0,0,0,0,0,0
3437,884680.0,2,0,0,0,0,0,1,0,0
3438,1276142.0,2,0,0,0,1,1,0,0,0
3438,1323522.0,2,0,0,0,1,1,0,0,0
3439,1400726.0,2,0,0,0,1,1,0,0,0
3439,1697917.0,2,1,0,0,1,1,0,0,0
3440,852655.0,2,0,1,0,0,0,1,0,0
3440,879219.0,2,0,1,0,0,0,0,0,0
3440,1166667.0,2,1,1,0,1,0,0,0,0
3441,872720.0,2,0,1,0,0,0,1,0,0
3441,911500.0,2,0,1,0,0,0,0,0,0
3441,1209877.0,2,1,1,0,1,0,0,0,0
3442,1951852.0,2,0,1,1,1,1,0,0,0
3443,1634921.0,2,0,1,1,1,0,1,1,0
3443,2043651.0,2,0,1,1,1,0,1,0,0
3443,2089947.0,2,0,1,1,1,0,1,0,0
3443,2580423.0,2,0,1,1,1,0,1,0,0
3444,1738624.0,2,0,1,1,1,0,1,1,0
3444,2173280.0,2,0,1,1,1,0,1,0,0
3444,2193651.0,2,0,1,1,1,0,1,0,0
3444,2684127.0,2,0,1,1,1,0,1,0,0
3445,1775367.0,2,0,0,0,1,1,0,0,0
3446,1855368.0,2,1,0,0,1,0,0,0,0
3447,1543604.0,2,1,0,0,1,1,0,0,0
3448,1728044.0,2,1,0,0,1,1,0,0,0
3448,1974000.0,2,0,0,0,0,1,0,0,0
3448,2193333.0,2,0,0,0,0,0,1,0,0
3449,1422000.0,2,0,0,0,1,1,0,0,0
3449,1580000.0,2,0,0,0,1,1,0,0,0
3449,1668951.0,2,1,0,0,1,0,1,0,0
3449,1791997.0,2,1,0,0,1,0,1,0,0
3450,1458000.0,3,0,0,0,1,1,0,0,0
3450,1620000.0,3,0,0,0,1,1,0,0,0
3450,1723837.0,3,1,0,0,1,0,1,0,0
3450,1851341.0,3,1,0,0,1,0,1,0,0
3451,2288976.0,2,0,0,0,0,1,0,0,0
3452,2331727.0,2,0,0,0,0,0,0,0,0
3452,2358877.0,2,0,0,0,0,0,1,0,0
3453,549674.0,2,0,1,0,1,0,0,0,0
3453,550000.0,2,0,1,0,1,1,0,0,0
3453,495000.0,1,0,1,0,1,1,0,0,0
3454,694907.0,2,0,1,0,1,1,0,0,0
3454,731481.0,4,0,1,0,1,1,0,0,0
3455,769951.0,2,1,0,0,1,0,1,0,0
3455,983205.0,2,0,0,0,1,1,0,0,0
3456,803820.0,2,1,0,0,1,0,1,0,0
3456,909764.0,2,0,0,0,1,1,0,0,0
3457,1296296.0,2,0,0,0,1,1,0,0,0
3458,1851852.0,4,0,0,0,1,1,0,0,0
3459,885985.0,2,0,0,0,1,0,0,0,0
3460,600000.0,2,0,0,0,1,0,1,0,0
3460,602685.0,2,0,0,0,1,0,1,0,0
3461,708333.0,2,0,0,0,1,0,1,0,0
3461,712237.0,2,0,0,0,1,0,1,0,0
3462,703704.0,2,0,1,0,1,0,1,0,0
3462,957087.0,3,0,1,0,1,0,1,0,0
3463,814815.0,2,0,1,0,1,0,1,0,0
3463,955186.0,2,0,1,0,1,0,1,0,0
3464,759000.0,2,1,1,0,1,0,1,0,0
3464,783750.0,3,1,1,0,1,0,1,0,0
3465,862500.0,2,1,1,0,1,0,1,0,0
3465,890625.0,3,1,1,0,1,0,1,0,0
3466,574475.0,2,0,0,0,1,1,0,0,0
3467,614951.0,2,0,0,0,1,0,1,0,0
3467,906464.0,2,0,0,0,1,1,0,0,0
3468,5850000.0,2,4,0,0,1,0,1,0,0
3468,5850000.0,2,4,0,0,0,0,1,0,0
3468,6350000.0,2,4,1,1,1,0,1,1,0
3468,6350000.0,2,4,0,0,0,0,1,0,0
3468,6350000.0,4,4,0,0,0,0,1,0,0
3469,268169.0,2,0,1,0,1,0,1,0,0
3470,419511.0,2,0,1,0,1,0,1,0,0
3471,638682.0,2,0,1,0,1,0,0,0,0
3472,976597.0,2,1,1,0,1,0,1,0,0
3472,1157407.0,2,1,1,0,1,0,1,0,0
3473,1645133.0,4,1,1,0,1,0,1,0,0
3473,1944444.0,3,1,1,0,1,0,1,0,0
3474,935550.0,2,1,0,0,1,0,1,0,0
3474,1039500.0,3,0,0,0,1,0,1,0,0
3475,953211.0,3,1,0,0,1,0,1,0,0
3476,548970.0,2,1,1,0,1,0,1,0,0
3477,651065.0,2,1,1,0,1,0,1,0,0
3478,440917.0,2,0,0,0,1,0,1,0,0
3478,504075.0,2,0,0,0,1,0,1,0,0
3479,749559.0,3,0,0,0,1,0,1,0,0
3480,1050000.0,2,0,0,0,1,0,1,0,0
3480,1071664.0,2,0,0,0,1,1,0,0,0
3480,985480.0,1,0,0,0,1,0,1,0,0
3481,494993.0,2,0,1,0,1,1,0,0,0
3482,565092.0,2,1,1,0,1,0,1,0,0
3482,591429.0,2,1,1,0,1,0,1,0,0
3483,370370.0,2,0,1,0,0,0,1,0,0
3484,416667.0,2,0,1,0,0,0,1,0,0
3485,1491533.0,2,0,1,0,1,1,0,0,0
3486,1539038.0,2,0,1,0,1,1,0,0,0
3486,1967006.0,2,0,1,0,1,1,0,0,0
3487,602838.0,2,0,1,0,1,0,1,0,0
3488,500000.0,1,0,1,0,1,0,1,0,0
3488,583333.0,1,0,1,0,1,1,0,0,0
3489,533151.0,2,1,1,0,1,0,1,0,0
3489,606702.0,2,1,1,0,1,0,1,0,0
3490,659091.0,2,1,1,0,1,0,1,0,0
3490,726631.0,2,1,1,0,1,0,1,0,0
3491,437400.0,2,1,1,0,1,0,1,0,0
3491,494572.0,2,0,1,0,1,1,0,0,0
3492,543501.0,2,1,1,0,1,0,1,0,0
3492,573783.0,2,0,1,0,1,1,0,0,0
3493,737830.0,2,0,1,1,1,0,1,1,0
3493,763889.0,2,0,1,1,1,0,0,0,0
3493,767250.0,2,0,1,1,1,0,1,0,0
3494,759761.0,2,0,1,1,1,0,1,1,0
3494,867919.0,2,0,1,1,1,0,1,0,0
3495,674343.0,2,0,1,1,1,1,0,0,0
3495,801588.0,2,0,1,1,1,1,0,0,0
3496,687738.0,2,1,1,1,1,0,0,0,0
3496,829046.0,2,1,1,1,1,0,0,0,0
3497,2206822.0,2,0,0,0,1,1,0,0,0
3497,3100000.0,2,1,0,0,1,1,0,0,0
3498,732197.0,2,0,1,0,1,0,0,0,0
3498,758094.0,2,0,1,0,1,0,1,0,0
3498,1724074.0,2,1,1,0,1,1,0,0,0
3499,732197.0,2,0,1,0,1,0,0,0,0
3499,758094.0,2,0,1,0,1,0,1,0,0
3499,1724074.0,2,1,1,0,1,1,0,0,0
3500,1026623.0,2,0,0,0,1,1,0,0,0
3501,1515918.0,2,0,0,0,1,1,0,0,0
3501,2691324.0,3,0,0,0,1,0,0,0,0
3502,1534485.0,2,0,0,0,1,1,0,0,0
3502,1627315.0,2,0,0,0,1,1,0,0,0
3503,904235.0,2,1,1,0,1,1,0,0,0
3503,1360000.0,2,1,1,0,1,1,0,0,0
3503,1600000.0,2,1,1,0,1,0,1,0,0
3503,2017432.0,2,1,1,0,1,0,1,0,0
3504,1258586.0,2,0,1,0,1,1,0,0,0
3505,2258350.0,2,0,1,0,1,1,0,0,0
3505,2660041.0,2,0,1,0,1,1,0,0,0
3506,969605.0,2,0,0,0,1,1,0,0,0
3506,1215500.0,2,1,0,0,1,1,0,0,0
3507,1077262.0,2,0,0,0,1,1,0,0,0
3507,1346584.0,2,1,0,0,1,1,0,0,0
3508,3448192.0,2,0,0,0,1,1,0,0,0
3509,489801.0,2,1,0,0,1,0,1,0,0
3509,666667.0,2,1,0,0,1,1,0,0,0
3510,620834.0,4,2,0,0,1,0,1,0,0
3511,662563.0,2,1,1,0,1,0,0,0,0
3511,740741.0,2,1,1,0,1,0,0,0,0
3512,377721.0,2,0,1,0,1,0,1,0,0
3513,526325.0,2,1,0,0,1,0,0,0,0
3514,588883.0,2,1,0,0,1,0,0,0,0
3515,526832.0,2,0,1,0,1,0,1,0,0
3515,634982.0,2,1,1,0,1,0,1,0,0
3516,1230118.0,2,0,1,0,1,1,0,0,0
3516,2084407.0,2,0,1,0,1,1,0,0,0
3517,1304670.0,2,0,1,0,1,1,0,0,0
3517,2354169.0,2,0,1,0,1,0,1,0,0
3517,1239437.0,1,0,1,0,1,1,0,0,0
3518,1540156.0,2,0,0,0,1,1,0,0,0
3518,2000000.0,2,0,0,0,1,1,0,0,0
3518,2211754.0,2,1,0,0,1,0,1,0,0
3518,2248677.0,2,1,0,0,1,0,1,0,0
3519,2034401.0,2,0,0,0,1,1,0,0,0
3519,4000000.0,2,1,0,0,1,1,0,0,0
3519,4497354.0,2,1,0,0,1,0,1,0,0
3520,2250170.0,2,0,1,0,1,1,0,0,0
3520,2375754.0,4,1,1,0,1,1,0,0,0
3521,3141534.0,4,1,1,0,1,1,0,0,0
3522,3990064.0,2,1,1,1,1,1,0,0,0
3522,4604868.0,2,0,1,1,1,1,0,0,0
3523,1719056.0,2,0,1,1,1,1,0,0,0
3523,1782749.0,2,0,1,1,1,0,0,0,0
3524,2989695.0,4,2,1,1,1,1,0,0,0
3524,3145958.0,4,1,1,1,1,0,0,0,0
3525,427778.0,2,0,1,0,1,0,1,0,0
3525,429130.0,2,0,1,0,1,0,1,0,0
3526,570370.0,2,1,1,0,1,0,1,0,0
3526,665861.0,2,0,1,0,1,0,1,0,0
3527,2388898.0,2,1,0,1,1,0,0,1,0
3527,2513228.0,2,1,0,1,1,1,0,0,0
3528,3463018.0,2,1,0,1,1,0,0,1,0
3528,3659612.0,2,1,0,1,1,1,0,0,0
3528,5123457.0,3,0,0,1,1,1,0,0,0
3529,493154.0,2,0,1,0,1,0,1,0,0
3529,1023148.0,2,0,1,0,1,0,1,0,0
3530,387615.0,1,0,1,0,1,0,1,0,0
3530,787037.0,1,1,1,0,1,0,1,0,0
3531,592026.0,2,0,0,0,1,0,1,0,0
3531,639702.0,2,0,0,0,1,1,0,0,0
3532,567901.0,2,0,0,0,1,0,1,0,0
3532,578136.0,2,0,0,0,1,0,1,0,0
3533,601261.0,2,0,0,0,1,0,1,0,0
3533,663593.0,2,0,0,0,1,0,1,0,0
3534,2045292.0,2,0,1,1,1,1,0,0,0
3535,2047672.0,2,0,1,1,1,1,0,0,0
3535,2077729.0,2,0,1,1,1,0,1,0,0
3535,2179552.0,2,0,1,1,1,1,0,0,0
3535,2188820.0,2,0,1,1,1,0,1,0,0
3535,2281746.0,2,0,1,1,1,0,1,0,0
3536,4400000.0,2,1,0,0,1,0,1,0,0
3536,4400000.0,2,1,0,0,0,0,1,0,0
3536,5360000.0,2,1,0,0,1,0,1,0,0
3536,6360000.0,2,1,0,0,1,0,0,0,0
3536,8390000.0,3,0,0,0,1,0,0,0,0
3537,4400000.0,2,1,0,0,1,0,1,0,0
3537,4400000.0,2,1,0,0,0,0,1,0,0
3537,5360000.0,2,1,0,0,1,0,1,0,0
3537,6360000.0,2,1,0,0,1,0,0,0,0
3537,8390000.0,3,0,0,0,1,0,0,0,0
3538,2180915.0,2,1,1,0,1,1,0,0,0
3538,2685185.0,2,1,1,0,1,1,0,0,0
3539,1632161.0,2,0,1,1,1,0,0,0,0
3539,1632161.0,2,0,1,1,1,0,0,0,0
3539,1634130.0,2,0,1,1,1,0,1,0,0
3539,1704821.0,2,0,1,1,1,0,0,0,0
3540,1967468.0,2,0,1,1,1,0,0,0,0
3540,2215874.0,2,0,1,1,1,0,1,0,0
3540,2269116.0,2,1,1,1,1,0,0,0,0
3541,1019877.0,2,1,1,0,1,0,0,0,0
3541,1092725.0,2,1,1,0,1,0,0,0,0
3541,1234568.0,2,1,1,0,1,0,0,0,0
3542,1165573.0,2,0,1,0,1,0,0,0,0
3542,1238781.0,2,0,1,0,1,0,0,0,0
3542,1410935.0,2,0,1,0,1,0,0,0,0
3543,1062754.0,2,0,1,0,1,0,1,0,0
3544,1353187.0,2,0,1,0,1,1,0,0,0
3545,468575.0,2,1,1,0,1,0,0,0,0
3545,485406.0,2,1,1,0,1,0,1,0,0
3546,550265.0,2,0,1,0,1,1,0,0,0
3547,857646.0,2,1,1,0,1,0,1,0,0
3547,1333333.0,2,1,1,0,1,0,1,0,0
3547,2064513.0,2,1,1,0,1,0,1,0,0
3548,976012.0,2,1,1,0,1,0,1,0,0
3548,1481481.0,2,1,1,0,1,0,1,0,0
3548,2683835.0,2,1,1,0,1,0,1,0,0
3549,210581.0,2,0,0,0,1,1,0,0,0
3550,214837.0,2,0,0,0,1,1,0,0,0
3550,167917.0,1,0,0,0,1,1,0,0,0
3550,186574.0,1,0,0,0,1,0,1,0,0
3551,1156959.0,2,1,0,0,1,0,0,0,0
3552,1277797.0,2,1,0,0,1,0,0,0,0
3553,1141201.0,2,1,0,0,1,0,1,0,0
3553,1261023.0,2,1,0,0,1,0,1,0,0
3553,1261023.0,2,1,0,0,1,0,1,0,0
3554,2206300.0,2,0,1,1,1,0,1,1,0
3554,2272727.0,2,0,1,1,1,1,0,0,0
3555,2316615.0,2,0,1,1,1,0,1,1,0
3555,2386364.0,2,0,1,1,1,1,0,0,0
3555,2147727.0,1,1,1,1,1,1,0,0,0
3556,609099.0,2,0,1,0,1,1,0,0,0
3557,619360.0,2,0,1,0,1,1,0,0,0
3557,694444.0,2,1,1,0,1,0,1,0,0
3558,622472.0,2,0,1,0,1,1,0,0,0
3558,727455.0,2,0,1,0,1,0,1,0,0
3558,749559.0,2,0,1,0,1,0,1,0,0
3559,704313.0,2,0,1,0,1,1,0,0,0
3559,975694.0,2,0,1,0,1,0,1,0,0
3559,992063.0,2,0,1,0,1,0,1,0,0
3560,3630867.0,2,0,1,1,1,1,0,0,0
3560,4248533.0,2,0,1,1,1,1,0,0,0
3561,723628.0,2,0,0,0,1,1,0,0,0
3561,839841.0,2,0,0,0,1,1,0,0,0
3561,932870.0,2,0,0,0,1,1,0,0,0
3562,1201996.0,2,0,0,0,1,1,0,0,0
3562,1358126.0,3,0,0,0,1,1,0,0,0
3562,1407414.0,2,0,0,0,1,1,0,0,0
3563,476865.0,2,0,1,0,1,1,0,0,0
3563,573413.0,2,1,1,0,1,0,0,0,0
3563,663594.0,2,1,1,0,1,0,1,0,0
3564,476865.0,2,0,1,0,1,1,0,0,0
3564,556548.0,2,1,1,0,1,0,0,0,0
3564,644076.0,2,1,1,0,1,0,1,0,0
3565,3145816.0,2,0,0,1,1,0,0,0,0
3565,3500000.0,2,0,0,1,1,1,0,0,0
3565,3217993.0,1,1,0,1,1,1,0,0,0
3566,3332845.0,2,0,0,1,1,0,0,0,0
3566,3675000.0,2,0,0,1,1,1,0,0,0
3566,3392993.0,1,1,0,1,1,1,0,0,0
3567,2885253.0,2,0,0,1,1,1,0,0,0
3567,3308482.0,2,0,0,1,1,1,0,0,0
3568,3586559.0,2,1,0,1,1,0,0,0,0
3568,3827623.0,2,1,0,1,1,0,0,0,0
3568,4228578.0,2,1,0,1,1,0,0,0,0
3568,4503086.0,2,1,0,1,1,0,0,0,0
3569,1042147.0,2,0,0,0,1,0,0,0,0
3569,1105820.0,2,0,0,0,1,0,0,0,0
3569,3243972.0,2,0,0,0,1,0,1,0,0
3570,1042147.0,2,0,0,0,1,0,0,0,0
3570,1105820.0,2,0,0,0,1,0,0,0,0
3570,3243972.0,2,0,0,0,1,0,1,0,0
3571,3567660.0,2,0,0,0,1,1,0,0,0
3572,329003.0,2,0,1,0,1,1,0,0,0
3572,329564.0,2,1,1,0,1,0,1,0,0
3572,444444.0,2,0,1,0,1,0,1,0,0
3573,384714.0,2,0,1,0,1,0,0,0,0
3573,537037.0,2,1,1,0,1,0,1,0,0
3574,527179.0,2,0,1,0,1,0,0,0,0
3575,695740.0,2,1,1,0,1,0,1,0,0
3575,790833.0,2,0,1,0,1,0,1,0,0
3575,795684.0,2,0,1,0,1,1,0,0,0
3575,851667.0,2,0,1,0,1,0,1,0,0
3576,7000000.0,2,0,0,0,0,0,1,0,0
3576,7000000.0,2,0,0,0,0,0,1,0,0
3576,8000000.0,2,0,0,0,0,0,1,0,0
3576,8000000.0,2,0,0,0,0,0,1,0,0
3576,8200000.0,3,0,0,0,0,0,1,0,0
3577,7000000.0,2,0,0,0,0,0,1,0,0
3577,7000000.0,2,0,0,0,0,0,1,0,0
3577,8000000.0,2,0,0,0,0,0,1,0,0
3577,8000000.0,2,0,0,0,0,0,1,0,0
3577,8200000.0,3,0,0,0,0,0,1,0,0
3578,398044.0,2,0,1,0,1,1,0,0,0
3579,534990.0,2,0,1,0,1,0,1,0,0
3580,698856.0,2,0,1,0,1,1,0,0,0
3580,783012.0,2,0,1,0,1,0,1,0,0
3580,862671.0,2,0,1,0,1,1,0,0,0
3580,1393589.0,2,0,1,0,1,0,1,0,0
3581,2417744.0,2,0,0,0,1,0,1,0,0
3581,2696385.0,2,0,0,0,1,1,0,0,0
3582,2464551.0,2,2,0,0,1,0,1,0,0
3582,2611611.0,2,2,0,0,1,0,1,0,0
3583,890476.0,2,1,0,0,1,0,1,0,0
3583,1091514.0,2,0,0,0,1,1,0,0,0
3584,5711796.0,4,1,0,1,1,0,0,1,0
3584,6012417.0,4,1,0,1,1,0,0,1,0
3585,9329509.0,2,0,0,1,1,1,0,0,0
3586,639271.0,2,0,0,0,1,1,0,0,0
3586,710301.0,2,0,0,0,1,0,1,0,0
3587,248799.0,2,0,0,0,1,1,0,0,0
3587,276110.0,2,2,1,0,1,0,1,0,0
3588,285344.0,2,0,1,0,1,0,1,0,0
3589,748766.0,2,0,0,0,1,1,0,0,0
3590,839497.0,2,0,0,0,1,1,0,0,0
3591,1337178.0,2,1,0,0,1,0,0,0,0
3592,1628307.0,4,1,0,0,1,0,0,0,0
3593,1279401.0,2,1,0,0,1,0,0,0,1
3593,2612213.0,3,1,0,0,1,1,0,0,1
3594,1697849.0,2,0,0,0,1,0,0,0,1
3594,2357363.0,2,0,0,0,1,1,0,0,1
3595,1799188.0,2,1,0,0,1,0,0,0,1
3595,2484788.0,2,1,0,0,1,1,0,0,1
3596,1847663.0,2,1,0,0,1,1,0,0,1
3597,1900533.0,2,1,0,0,1,0,0,0,1
3598,2103233.0,2,1,0,0,1,0,0,0,1
3599,2496435.0,2,1,0,0,1,0,0,0,1
3599,3376764.0,4,0,0,0,1,1,0,0,1
3600,2867063.0,2,1,0,0,1,1,0,0,1
3601,648148.0,2,0,1,0,1,1,0,0,0
3601,712963.0,2,0,1,0,1,0,1,0,0
3602,666210.0,2,0,1,0,1,0,1,0,0
3603,694444.0,2,0,1,0,1,1,0,0,0
3603,721727.0,2,0,1,0,1,0,1,0,0
3603,763889.0,2,0,1,0,1,0,1,0,0
3604,832931.0,2,0,1,0,1,0,1,0,0
3604,937037.0,2,0,1,0,1,0,1,0,0
3605,879630.0,4,0,1,0,1,1,0,0,0
3605,918068.0,4,0,1,0,1,0,1,0,0
3605,967593.0,4,0,1,0,1,0,1,0,0
3606,3276597.0,2,0,0,1,1,1,0,0,0
3607,3981091.0,2,0,0,1,1,1,0,0,0
3607,4943122.0,2,1,0,1,1,1,0,0,0
3608,434782.0,2,1,0,0,1,1,0,0,0
3608,496647.0,2,1,0,0,1,0,1,0,0
3609,480688.0,2,1,0,0,1,1,0,0,0
3609,496696.0,2,0,0,0,1,0,1,0,0
3610,598552.0,2,1,0,0,1,1,0,0,0
3610,840754.0,2,1,0,0,1,0,1,0,0
3611,730501.0,2,0,0,0,1,0,1,0,0
3611,740581.0,2,1,0,0,1,1,0,0,0
3612,1347736.0,2,1,0,0,1,1,0,0,0
3612,1575530.0,2,1,0,0,1,0,1,0,0
3613,1430968.0,2,1,0,0,1,1,0,0,0
3613,1958764.0,2,1,0,0,1,0,1,0,0
3614,3199737.0,2,0,1,0,1,1,0,0,1
3614,3231181.0,2,0,1,0,1,1,0,0,1
3614,3801389.0,2,0,1,0,1,0,1,0,1
3615,4181528.0,2,1,1,0,1,1,0,0,1
3615,4919444.0,2,1,1,0,1,0,1,0,1
3616,4181528.0,2,1,1,0,1,1,0,0,1
3616,4919444.0,2,1,1,0,1,0,1,0,1
3617,4751736.0,3,1,1,0,1,1,0,0,1
3617,5590278.0,3,1,1,0,1,0,1,0,1
3618,6462361.0,2,0,1,0,1,1,0,0,1
3618,7602778.0,2,0,1,0,1,0,1,0,1
3619,6690444.0,4,2,1,0,1,1,0,0,1
3619,7871111.0,4,2,1,0,1,0,1,0,1
3620,487077.0,2,1,0,0,1,0,1,0,0
3621,541992.0,2,1,0,0,1,0,1,0,0
3622,563672.0,2,1,0,0,1,0,1,0,0
3623,761080.0,4,2,0,0,1,0,1,0,0
3624,826475.0,4,2,0,0,1,0,1,0,0
3625,805116.0,2,0,0,0,1,1,0,0,1
3625,925926.0,2,1,0,0,1,0,1,0,1
3625,907407.0,1,1,0,0,1,0,1,0,1
3626,881381.0,2,0,0,0,1,1,0,0,1
3626,1014109.0,1,1,0,0,1,0,1,0,1
3627,917114.0,2,0,0,0,1,1,0,0,1
3627,1102293.0,2,0,0,0,1,0,1,0,1
3627,1080247.0,1,0,0,0,1,0,1,0,1
3628,698160.0,2,2,1,0,1,0,0,0,0
3628,757363.0,2,2,1,0,1,0,0,0,0
3629,3461834.0,2,0,0,1,1,0,0,1,0
3629,4106473.0,2,1,0,1,1,1,0,0,0
3629,5656097.0,2,0,0,1,1,0,1,1,0
3630,3718039.0,2,0,0,1,1,0,0,1,0
3630,4371407.0,2,0,0,1,1,1,0,0,0
3630,6021007.0,2,0,0,1,1,0,1,1,0
3631,4624111.0,2,0,0,1,1,1,0,0,0
3632,1000713.0,2,0,0,0,1,1,0,0,1
3632,1140000.0,2,1,0,0,1,1,0,0,1
3633,1059520.0,2,0,0,0,1,1,0,0,1
3633,1206667.0,2,1,0,0,1,1,0,0,1
3634,1733333.0,4,0,0,0,1,1,0,0,1
3635,424128.0,2,0,1,0,1,0,1,0,0
3636,459868.0,2,0,1,0,1,0,1,0,0
3637,689488.0,4,0,1,0,1,0,1,0,0
3638,810391.0,4,0,1,0,1,0,1,0,0
3639,386152.0,2,0,1,0,1,0,0,0,0
3640,1742112.0,2,1,1,0,1,0,1,0,1
3640,1796371.0,2,0,1,0,1,1,0,0,1
3640,2132021.0,2,0,1,0,1,0,1,0,1
3641,2188807.0,2,1,1,0,1,0,1,0,1
3641,2258005.0,2,0,1,0,1,1,0,0,1
3641,2678694.0,2,0,1,0,1,0,1,0,1
3642,2327719.0,3,1,1,0,1,0,1,0,1
3642,2788028.0,3,0,1,0,1,0,1,0,1
3643,2635502.0,2,1,1,0,1,0,1,0,1
3643,3225366.0,2,0,1,0,1,0,1,0,1
3644,2966066.0,4,0,1,0,1,0,1,0,1
3645,3553369.0,4,0,1,0,1,0,1,0,1
3645,3941434.0,2,0,1,0,1,1,0,0,1
3646,1311643.0,2,0,0,0,1,1,0,0,1
3646,1540496.0,2,1,0,0,1,1,0,0,1
3646,2492944.0,2,1,0,0,1,0,1,0,1
3647,1311643.0,2,0,0,0,1,1,0,0,1
3647,1540496.0,2,1,0,0,1,1,0,0,1
3647,2492944.0,2,1,0,0,1,0,1,0,1
3648,3857627.0,2,0,0,1,1,1,0,0,1
3649,526547.0,2,1,1,0,1,0,1,0,0
3650,589073.0,2,1,1,0,1,0,1,0,0
3650,621728.0,4,1,1,0,1,0,1,0,0
3650,559198.0,1,1,1,0,1,0,1,0,0
3651,701250.0,2,1,1,0,1,1,0,0,0
3651,952315.0,4,0,1,0,1,0,1,0,0
3652,1000000.0,3,0,0,0,1,0,1,0,1
3652,1195952.0,2,0,0,0,1,1,0,0,1
3653,1000000.0,2,0,0,0,1,0,1,0,1
3653,1125659.0,2,0,0,0,1,1,0,0,1
3654,1000000.0,2,0,0,0,1,0,1,0,1
3654,1136672.0,2,0,0,0,1,1,0,0,1
3655,1111111.0,2,0,0,0,1,0,1,0,1
3655,1375806.0,2,0,0,0,1,1,0,0,1
3656,1277778.0,4,0,0,0,1,0,1,0,1
3656,1945911.0,2,0,0,0,1,1,0,0,1
3657,2063492.0,3,0,0,0,1,0,1,0,1
3658,138889.0,1,0,0,0,1,0,1,0,1
3659,150000.0,1,0,0,0,1,0,1,0,1
3660,161111.0,1,0,0,0,1,0,1,0,1
3661,222222.0,1,0,0,0,1,0,1,0,1
3662,1746920.0,2,0,1,1,1,1,0,0,1
3663,1767641.0,2,1,1,1,1,0,0,0,1
3664,1812757.0,2,0,1,1,1,1,0,0,1
3664,2210000.0,2,1,1,1,1,1,0,0,1
3664,1698632.0,1,1,1,1,1,0,0,0,1
3664,2036667.0,1,1,1,1,1,1,0,0,1
3665,160000.0,1,0,0,0,1,0,1,0,1
3666,200000.0,1,0,0,0,1,0,1,0,1
3667,224000.0,1,0,0,0,1,0,0,0,1
3668,1375000.0,2,0,0,0,1,0,1,0,1
3668,1422752.0,2,0,0,0,1,0,1,0,1
3669,1541667.0,2,0,0,0,1,0,1,0,1
3670,1615090.0,2,0,0,0,1,1,0,0,1
3670,1645547.0,2,0,0,0,1,0,1,0,1
3670,1975741.0,2,0,0,0,1,0,1,0,0
3671,1681100.0,2,0,0,0,1,0,1,0,1
3671,1764303.0,2,0,0,0,1,1,0,0,1
3671,2092854.0,2,0,0,0,1,0,1,0,0
3672,1741515.0,2,0,0,0,1,0,1,0,0
3672,1932170.0,2,0,0,0,1,0,1,0,1
3673,291035.0,2,0,0,0,1,1,0,0,0
3673,337231.0,2,0,0,0,1,0,0,0,1
3674,291035.0,2,0,0,0,1,1,0,0,0
3674,337231.0,2,0,0,0,1,0,0,0,1
3675,367131.0,4,0,0,0,1,1,0,0,0
3675,413023.0,4,0,0,0,1,0,0,0,1
3676,537056.0,2,0,0,0,1,0,1,0,0
3676,590278.0,2,0,0,0,1,0,1,0,0
3677,615043.0,2,1,0,0,1,0,1,0,0
3677,661111.0,2,1,0,0,1,0,1,0,0
3678,724872.0,2,1,0,0,1,0,1,0,0
3678,779167.0,2,1,0,0,1,0,1,0,0
3679,1321799.0,2,0,1,0,1,0,0,0,0
3679,2000000.0,2,0,1,0,1,1,0,0,0
3680,1688444.0,4,0,1,0,1,0,0,0,0
3681,1916667.0,2,0,1,0,1,1,0,0,0
3682,2240000.0,4,0,1,0,1,1,0,0,0
3683,2333333.0,4,0,1,0,1,1,0,0,0
3684,2349372.0,6,0,1,0,1,0,0,0,0
3685,3000000.0,6,0,1,0,1,1,0,0,0
3686,1549901.0,2,0,0,0,1,0,1,0,0
3686,1630865.0,2,0,0,0,1,0,1,0,0
3686,1891803.0,2,0,0,0,1,0,1,0,0
3686,2492649.0,2,0,0,0,1,0,1,0,0
3687,1644495.0,2,0,0,0,1,0,1,0,0
3687,1729231.0,3,0,0,0,1,0,1,0,0
3687,2005908.0,3,0,0,0,1,0,1,0,0
3687,2648229.0,3,0,0,0,1,0,1,0,0
3688,2021431.0,2,0,0,0,1,0,1,0,0
3688,2124786.0,2,0,0,0,1,0,1,0,0
3688,2464752.0,2,0,0,0,1,0,1,0,0
3688,3246877.0,2,1,0,0,1,0,1,0,0
3689,6261206.0,2,0,0,0,1,0,1,0,0
3689,10055009.0,2,1,0,0,1,0,1,0,0
3690,6581895.0,2,0,0,0,1,0,1,0,0
3690,7634998.0,2,0,0,0,1,0,1,0,0
3691,1466502.0,2,0,0,1,1,1,0,0,0
3691,1541470.0,2,0,0,1,1,1,0,0,1
3691,1757194.0,2,1,0,1,1,0,1,0,0
3691,2057764.0,2,1,0,1,1,0,1,0,1
3691,2091819.0,2,1,0,1,1,0,1,0,1
3692,1875692.0,2,0,0,1,1,1,0,0,1
3692,2439297.0,2,1,0,1,1,0,1,0,1
3692,2479666.0,2,1,0,1,1,0,1,0,1
3692,2812567.0,3,0,0,1,1,0,1,0,1
3692,4508483.0,2,1,0,1,1,0,1,0,1
3693,2195604.0,2,0,0,1,1,1,0,0,1
3693,2812414.0,2,1,0,1,1,0,1,0,1
3693,2859597.0,2,1,0,1,1,0,1,0,1
3693,3247761.0,3,0,0,1,1,0,1,0,1
3693,5199268.0,2,1,0,1,1,0,1,0,1
3694,692311.0,2,0,1,0,1,0,1,0,0
3694,748346.0,2,0,1,0,1,0,1,0,0
3695,758245.0,2,1,1,0,1,0,1,0,0
3696,870510.0,2,1,1,0,1,0,1,0,0
3697,870511.0,2,1,1,0,1,0,1,0,0
3697,1059099.0,4,0,1,0,1,0,1,0,0
3698,2600000.0,2,0,0,0,1,0,1,0,0
3698,2600000.0,2,0,0,0,0,0,1,0,0
3698,3260000.0,2,0,0,0,1,0,1,0,1
3698,3260000.0,2,0,0,0,0,0,1,0,1
3699,2600000.0,2,0,0,0,1,0,1,0,0
3699,2600000.0,2,0,0,0,0,0,1,0,0
3699,3260000.0,2,0,0,0,1,0,1,0,1
3699,3260000.0,2,0,0,0,0,0,1,0,1
3700,3300001.0,2,0,0,0,1,0,1,0,0
3700,3300001.0,2,0,0,0,0,0,1,0,0
3700,3960001.0,2,0,0,0,1,0,1,0,1
3700,3960001.0,2,0,0,0,0,0,1,0,1
3701,4150001.0,2,1,0,0,1,0,1,0,0
3701,4150001.0,2,1,0,0,0,0,1,0,0
3701,4810001.0,2,1,0,0,1,0,1,0,1
3701,4810001.0,2,1,0,0,0,0,1,0,1
3702,4750000.0,2,1,0,0,0,0,1,0,0
3702,5450000.0,2,1,0,0,0,0,1,0,1
3703,5250000.0,2,1,0,0,0,0,1,0,0
3703,5250000.0,2,1,0,0,0,0,1,0,0
3703,5950000.0,2,1,0,0,0,0,1,0,1
3703,5950000.0,2,1,0,0,0,0,1,0,1
3703,6062130.0,3,0,0,0,0,0,1,0,0
3704,5250000.0,2,0,0,0,0,0,1,0,0
3704,5250000.0,2,0,0,0,0,0,1,0,0
3704,5950000.0,2,0,0,0,0,0,1,0,1
3704,5950000.0,2,0,0,0,0,0,1,0,1
3704,6062130.0,3,0,0,0,0,0,1,0,0
3705,10250000.0,2,0,0,0,0,0,1,0,0
3706,14750000.0,2,0,0,0,0,0,1,0,0
3707,3124780.0,2,0,1,1,1,1,0,0,0
3708,3270925.0,2,1,1,1,1,1,0,0,0
3708,3661818.0,3,1,1,1,1,1,0,0,0
3708,3668430.0,2,1,1,1,1,0,0,0,0
3708,6622601.0,2,1,1,1,1,0,1,0,0
3708,7054674.0,2,1,1,1,1,0,1,0,0
3709,4114401.0,3,1,1,1,1,1,0,0,0
3709,4585538.0,3,1,1,1,1,0,0,0,0
3709,8381254.0,3,1,1,1,1,0,1,0,0
3709,8818342.0,3,1,1,1,1,0,1,0,0
3710,4303224.0,2,0,1,1,1,1,0,0,0
3711,3066685.0,4,0,1,0,1,1,0,0,0
3711,3210584.0,2,0,1,0,1,1,0,0,0
3712,3642407.0,4,0,1,0,1,1,0,0,0
3713,851155.0,2,0,0,0,1,0,1,0,0
3713,881834.0,2,0,0,0,1,0,1,0,0
3714,1029847.0,2,0,0,0,1,0,1,0,0
3714,1047178.0,2,0,0,0,1,0,1,0,0
3715,1170115.0,2,0,0,0,1,1,0,0,0
3716,1174919.0,2,0,0,0,1,1,0,0,0
3716,1340000.0,2,1,0,0,1,1,0,0,0
3717,1144453.0,2,0,0,0,1,1,0,0,0
3718,1144453.0,2,0,0,0,1,1,0,0,0
3719,1250955.0,2,1,0,0,1,1,0,0,0
3720,866667.0,2,0,1,0,1,0,1,0,0
3720,879882.0,2,1,1,0,1,0,1,0,0
3721,1053333.0,2,0,1,0,1,0,1,0,0
3721,1070275.0,2,1,1,0,1,0,1,0,0
3722,1318757.0,2,0,0,0,1,1,0,0,0
3722,2342419.0,2,1,0,0,1,1,0,0,0
3722,5566752.0,2,1,0,0,1,0,1,0,0
3723,802723.0,2,0,0,0,0,1,0,0,0
3724,802723.0,2,0,0,0,0,1,0,0,0
3725,456604.0,2,0,1,0,1,0,1,0,0
3725,596875.0,4,2,1,0,1,0,1,0,0
3725,726657.0,4,2,1,0,1,0,1,0,0
3726,564373.0,4,2,1,0,1,0,1,0,0
3726,687088.0,4,2,1,0,1,0,1,0,0
3727,591768.0,2,1,1,0,1,0,1,0,0
3727,726657.0,2,1,1,0,1,0,1,0,0
3728,2162861.0,2,2,0,0,1,0,0,0,0
3728,2592063.0,2,1,0,0,1,1,0,0,0
3729,2837499.0,2,2,0,0,1,0,0,0,0
3729,3385713.0,2,1,0,0,1,1,0,0,0
3730,1041312.0,2,0,1,1,1,0,1,0,0
3730,1441404.0,2,0,1,1,1,0,1,0,0
3731,2570475.0,2,1,1,1,1,0,1,0,0
3731,3350984.0,2,1,1,1,1,0,1,0,0
3732,3160316.0,2,1,1,1,1,0,1,0,0
3733,303941.0,2,0,0,0,1,1,0,0,0
3734,327708.0,2,0,0,0,1,0,1,0,0
3735,328801.0,2,1,0,0,1,0,1,0,0
3735,331809.0,2,0,0,0,1,0,1,0,0
3736,1464823.0,2,1,1,1,1,0,0,0,0
3736,1548728.0,2,0,1,1,1,0,1,0,0
3736,1548728.0,2,0,1,1,1,1,0,0,0
3737,1532955.0,2,1,1,1,1,0,0,0,0
3737,1620763.0,2,1,1,1,1,0,1,0,0
3737,1620763.0,2,1,1,1,1,1,0,0,0
3738,1458899.0,2,0,0,0,1,1,0,0,0
3739,1458899.0,2,0,0,0,1,1,0,0,0
3739,1763668.0,2,0,0,0,1,0,0,0,0
3740,678571.0,2,0,1,0,1,0,1,0,0
3740,684841.0,2,0,1,0,1,0,1,0,0
3740,705230.0,2,0,1,0,1,0,1,0,0
3740,726720.0,2,0,1,0,1,0,1,0,0
3741,814371.0,2,0,1,0,1,0,1,0,0
3741,835758.0,2,0,1,0,1,0,1,0,0
3742,2380876.0,3,1,1,0,1,1,0,0,0
3742,2682217.0,3,1,1,0,1,0,1,0,0
3743,587825.0,2,1,1,0,1,0,1,0,0
3743,637963.0,2,1,1,0,1,0,1,0,0
3744,620269.0,2,1,1,0,1,0,1,0,0
3744,662037.0,2,1,1,0,1,0,1,0,0
3745,1596897.0,2,1,0,0,1,0,1,0,0
3745,2282407.0,2,0,0,0,1,1,0,0,0
3746,1630572.0,4,2,0,0,1,0,1,0,0
3746,2754630.0,4,0,0,0,1,1,0,0,0
3747,1049586.0,2,0,1,0,1,1,0,0,0
3748,1169312.0,2,1,1,0,1,0,1,0,0
3749,3741892.0,2,1,0,1,1,1,0,0,0
3749,4239375.0,2,1,0,1,1,0,0,0,0
3750,4014539.0,2,1,0,1,1,1,0,0,0
3750,4508542.0,2,1,0,1,1,0,0,0,0
3751,3850279.0,2,0,0,1,1,1,0,0,0
3751,4075487.0,2,0,0,1,1,1,0,0,0
3752,4259358.0,2,0,0,1,1,1,0,0,0
3752,4483192.0,2,0,0,1,1,1,0,0,0
3753,2346855.0,2,0,0,0,1,1,0,0,0
3753,2558730.0,2,0,0,0,1,1,0,0,0
3754,3748973.0,2,0,0,0,1,1,0,0,0
3755,933333.0,4,0,0,0,1,1,0,0,0
3755,1166667.0,2,0,0,0,1,1,0,0,0
3756,1073231.0,4,0,0,0,1,0,0,0,0
3757,695233.0,3,0,0,0,1,0,0,0,0
3757,703704.0,2,0,0,0,1,0,1,0,0
3757,740741.0,3,0,0,0,1,0,1,0,0
3758,757227.0,2,0,0,0,1,1,0,0,0
3759,902800.0,2,0,0,0,1,1,0,0,0
3759,998299.0,2,0,0,0,1,1,0,0,0
3760,664650.0,2,0,0,0,1,1,0,0,0
3760,909091.0,2,0,0,0,1,1,0,0,0
3760,863636.0,1,0,0,0,1,1,0,0,0
3761,707071.0,2,0,0,0,1,1,0,0,0
3761,711452.0,2,0,0,0,1,1,0,0,0
3761,636364.0,1,0,0,0,1,1,0,0,0
3762,671113.0,2,0,1,0,1,0,1,0,0
3762,697000.0,2,0,1,0,1,0,1,0,0
3763,734597.0,2,0,1,0,1,0,1,0,0
3763,850000.0,2,0,1,0,1,0,1,0,0
3764,1614170.0,2,0,1,0,1,0,0,0,0
3764,2017637.0,2,0,1,0,1,0,0,0,0
3765,777778.0,2,0,1,0,1,1,0,0,0
3765,793535.0,2,0,1,0,1,0,1,0,0
3766,882716.0,2,0,1,0,1,1,0,0,0
3766,924827.0,2,0,1,0,1,0,1,0,0
3767,370120.0,2,0,0,0,0,1,0,0,0
3767,376160.0,2,1,0,0,0,0,1,0,0
3768,390531.0,2,1,0,0,0,0,1,0,0
3768,480777.0,2,0,0,0,0,1,0,0,0
3769,1265616.0,2,1,0,0,1,1,0,0,0
3769,1480314.0,2,1,0,0,1,0,1,0,0
3770,1499999.0,2,0,0,0,1,0,1,0,0
3771,128333.0,1,0,0,0,1,1,0,0,0
3771,160417.0,1,0,0,0,1,1,0,0,0
3772,205833.0,1,0,0,0,1,1,0,0,0
3772,243750.0,1,0,0,0,1,1,0,0,0
3773,2173544.0,2,0,0,1,1,1,0,0,0
3774,2488795.0,2,0,0,1,1,1,0,0,0
3774,2723244.0,3,1,0,1,1,1,0,0,0
3775,1969083.0,2,1,1,0,1,0,1,0,0
3775,2098765.0,2,1,1,0,1,0,1,0,0
3776,2320988.0,3,0,1,0,1,0,1,0,0
3776,2725556.0,3,1,1,0,1,0,1,0,0
3776,2912939.0,2,0,1,0,1,0,1,0,0
3777,1785802.0,2,0,1,0,1,1,0,0,0
3777,2002804.0,2,0,1,0,1,0,0,0,0
3778,2122008.0,2,1,1,0,1,1,0,0,0
3778,2357787.0,2,1,1,0,1,0,0,0,0
3779,2122008.0,2,1,1,0,1,1,0,0,0
3779,2357787.0,2,1,1,0,1,0,0,0,0
3780,963341.0,2,1,1,0,1,0,1,0,0
3780,963752.0,2,1,1,0,1,0,1,0,0
3781,1214269.0,2,0,0,0,1,0,0,0,0
3781,1567500.0,2,0,0,0,1,1,0,0,0
3782,1694696.0,2,0,0,0,1,0,0,0,0
3783,2299157.0,2,0,0,0,1,1,0,0,0
3783,2933333.0,2,0,0,0,1,1,0,0,0
3784,2352472.0,2,0,0,0,1,1,0,0,0
3784,3000000.0,2,0,0,0,1,1,0,0,0
3785,1409723.0,2,0,1,0,1,0,1,0,0
3786,2735444.0,2,1,1,1,1,0,1,0,0
3786,2777778.0,2,1,1,1,1,0,1,0,0
3786,3373333.0,2,0,1,0,1,1,0,0,0
3787,886724.0,2,0,1,0,1,0,0,0,0
3788,1429606.0,2,1,1,0,1,0,0,0,0
3788,1789718.0,2,1,1,0,1,1,0,0,0
3789,1431925.0,2,1,1,0,1,0,0,0,0
3790,813541.0,2,0,1,0,1,1,0,0,0
3790,917249.0,2,1,1,0,1,0,1,0,0
3790,932628.0,2,1,1,0,1,0,1,0,0
3791,955327.0,2,0,1,0,1,1,0,0,0
3791,1039165.0,2,1,1,0,1,0,1,0,0
3791,1055944.0,2,1,1,0,1,0,1,0,0
3792,2023987.0,2,0,0,0,1,1,0,0,0
3793,2051850.0,2,1,1,0,1,0,0,0,0
3793,2309632.0,2,0,0,0,1,0,1,0,0
3793,2568533.0,2,1,0,0,1,1,0,0,0
3794,1506300.0,2,0,0,0,1,1,0,0,0
3794,1627116.0,3,1,0,0,1,0,0,0,0
3794,1984127.0,3,1,0,0,1,1,0,0,0
3795,1584425.0,2,1,0,0,1,0,0,0,0
3795,1984127.0,2,1,0,0,1,1,0,0,0
3796,1679421.0,2,0,1,0,1,0,1,1,0
3796,1706746.0,2,0,1,0,1,0,1,1,0
3797,1832878.0,2,0,1,0,1,0,1,1,0
3797,1861905.0,2,0,1,0,1,0,1,1,0
3798,968016.0,2,2,1,0,1,0,1,0,0
3798,1094929.0,2,2,1,0,1,0,1,0,0
3799,1119919.0,2,2,1,0,1,0,1,0,0
3799,1254938.0,2,2,1,0,1,0,1,0,0
3800,1415686.0,2,1,1,0,1,0,1,0,0
3800,1570587.0,2,1,1,0,1,0,1,0,0
3801,1601084.0,2,1,1,0,1,0,1,0,0
3801,1761193.0,2,1,1,0,1,0,1,0,0
3802,667877.0,2,1,0,0,1,0,1,0,0
3803,713718.0,2,1,0,0,1,0,1,0,0
3804,1225000.0,2,0,0,0,1,0,1,0,0
3804,1762454.0,2,0,0,0,1,0,0,0,0
3804,2376840.0,2,0,0,0,1,0,1,0,0
3805,1315446.0,4,0,0,0,1,0,1,0,0
3805,1335397.0,4,0,0,0,1,0,1,0,0
3806,16550000.0,2,1,1,1,1,1,0,0,1
3806,17368038.0,2,0,1,1,1,1,0,0,1
3807,16550000.0,2,1,1,1,1,1,0,0,1
3807,17368038.0,2,0,1,1,1,1,0,0,1
3808,19310000.0,2,1,1,1,1,1,0,0,1
3808,20262064.0,2,0,1,1,1,1,0,0,1
3809,25650000.0,2,1,1,1,1,1,0,0,1
3809,26914110.0,2,0,1,1,1,1,0,0,1
3810,28410000.0,2,1,1,1,1,1,0,0,1
3810,29812015.0,2,0,1,1,1,1,0,0,1
3811,36410000.0,2,1,1,1,1,1,0,0,1
3811,38203684.0,2,0,1,1,1,1,0,0,1
3812,652044.0,2,0,1,0,1,0,1,0,0
3812,1386684.0,2,1,1,0,1,0,1,0,1
3813,732269.0,2,0,1,0,1,0,1,0,0
3813,1566578.0,2,1,1,0,1,0,1,0,1
3814,852655.0,2,0,1,0,1,0,1,0,0
3814,1544092.0,3,1,1,0,1,0,1,0,1
3815,876984.0,2,1,1,0,1,1,0,0,0
3815,1461640.0,2,1,1,0,1,0,1,0,1
3816,666746.0,2,0,1,0,1,0,1,0,1
3816,671856.0,2,0,1,0,1,1,0,0,1
3817,798611.0,2,0,1,0,1,0,1,0,1
3818,964007.0,2,0,1,0,1,1,0,0,1
3818,1132083.0,2,0,1,0,1,1,0,0,1
3818,1143519.0,2,0,1,0,1,0,1,0,1
3819,969833.0,2,0,1,0,1,1,0,0,1
3819,979630.0,2,0,1,0,1,0,1,0,1
3820,1022083.0,1,0,1,0,1,1,0,0,1
3820,1032407.0,1,0,1,0,1,0,1,0,1
3821,334128.0,2,1,0,0,1,0,1,0,0
3822,474336.0,2,1,0,0,1,0,1,0,0
3823,489637.0,2,0,0,0,1,0,1,0,0
3824,706974.0,4,1,0,0,1,0,1,0,0
3825,835821.0,2,1,0,0,1,0,0,0,0
3825,1041333.0,2,1,0,0,1,1,0,0,0
3826,1322114.0,2,0,1,1,1,0,1,0,0
3827,1322114.0,2,0,1,1,1,0,1,0,0
3828,1593197.0,2,0,1,1,1,0,1,0,0
3829,1674114.0,4,0,1,1,1,0,1,0,0
3830,2240000.0,2,1,0,0,0,0,1,0,1
3830,2240000.0,2,1,0,0,1,0,0,0,1
3830,2800000.0,2,1,1,0,1,0,1,0,1
3830,2900000.0,2,1,0,0,0,0,0,0,1
3830,2900000.0,2,1,0,0,1,0,0,0,1
3831,2384184.0,2,1,0,0,1,0,0,0,1
3831,2400000.0,2,1,0,0,0,0,1,0,1
3831,2999070.0,2,1,1,0,1,0,1,0,1
3831,3029900.0,2,1,0,0,1,0,0,0,1
3831,3050000.0,2,1,0,0,0,0,0,0,1
3832,6074893.0,4,2,0,0,1,0,0,0,1
3832,6080000.0,4,2,0,0,0,0,1,0,1
3832,7600000.0,4,2,1,0,1,0,1,0,1
3833,6874221.0,4,2,0,0,1,0,0,0,1
3833,6880000.0,4,2,0,0,0,0,1,0,1
3833,8600000.0,4,2,1,0,1,0,1,0,1
3834,7593616.0,6,2,0,0,1,0,0,0,1
3834,7600000.0,6,2,0,0,0,0,1,0,1
3834,9500000.0,6,2,1,0,1,0,1,0,1
3835,8113179.0,6,2,0,0,1,0,0,0,1
3835,8120000.0,6,2,0,0,0,0,1,0,1
3835,10150000.0,6,2,1,0,1,0,1,0,1
3836,15462906.0,8,4,0,0,1,0,0,0,1
3836,15560000.0,8,4,0,0,0,0,1,0,1
3836,19450000.0,8,4,1,0,1,0,1,0,1
3837,559527.0,2,0,1,0,1,0,1,0,0
3838,651052.0,2,0,1,0,1,0,1,0,0
3839,971577.0,2,0,0,0,1,0,0,0,1
3840,1215000.0,2,0,0,0,1,1,0,0,1
3841,1369425.0,3,0,0,0,1,0,0,0,1
3841,1620000.0,3,0,0,0,1,1,0,0,1
3842,2025000.0,4,0,0,0,1,1,0,0,1
3843,16200000.0,2,0,0,0,1,1,0,0,1
3844,2103574.0,2,0,1,0,1,1,0,0,0
3844,2313583.0,2,0,1,0,1,1,0,0,1
3845,2346946.0,2,0,1,0,1,1,0,0,0
3845,2537050.0,2,0,1,0,1,1,0,0,1
3845,3006382.0,2,1,1,0,1,0,1,0,0
3846,3066875.0,2,0,1,0,1,1,0,0,0
3846,3257012.0,2,0,1,0,1,1,0,0,1
3846,3926261.0,2,1,1,0,1,0,1,0,0
3847,3783564.0,2,0,1,0,1,1,0,0,0
3847,3973668.0,2,0,1,0,1,1,0,0,1
3847,4846139.0,2,0,1,0,1,0,1,0,0
3848,5295556.0,2,0,1,0,1,1,0,0,0
3848,5562222.0,2,0,1,0,1,1,0,0,1
3848,4893333.0,1,1,1,0,1,1,0,0,0
3848,5026667.0,1,1,1,0,1,1,0,0,1
3849,1697531.0,2,0,1,0,1,0,1,0,0
3850,2777778.0,2,0,1,0,1,0,1,0,0
3851,635536.0,2,0,1,0,1,1,0,0,0
3851,753333.0,2,0,1,0,1,0,1,0,0
3852,661961.0,2,0,1,0,1,0,0,0,0
3852,664777.0,2,0,1,0,1,0,1,0,0
3853,795168.0,2,0,1,0,1,1,0,0,0
3853,941481.0,2,0,1,0,1,0,1,0,0
3854,879259.0,2,0,1,0,1,0,1,0,0
3855,941481.0,3,0,1,0,1,0,1,0,0
3856,1015185.0,2,0,1,0,1,0,1,0,0
3856,1192593.0,4,0,1,0,1,0,1,0,0
3857,1129630.0,2,1,1,0,1,0,1,0,0
3858,2240840.0,2,0,0,0,1,1,0,0,0
3859,2285923.0,2,0,0,0,1,1,0,0,0
3859,3203241.0,2,0,0,0,1,1,0,0,0
3859,7839987.0,2,1,0,0,1,0,1,0,0
3860,2570021.0,2,0,0,0,1,1,0,0,0
3860,3289815.0,2,1,0,0,1,1,0,0,0
3860,8051878.0,2,1,0,0,1,0,1,0,0
3861,3056175.0,2,0,0,0,1,1,0,0,0
3861,3895833.0,2,0,0,0,1,1,0,0,0
3861,9535119.0,2,1,0,0,1,0,1,0,0
3862,5370321.0,2,0,0,0,1,1,0,0,0
3862,6060185.0,2,1,0,0,1,1,0,0,0
3862,14692438.0,2,1,0,0,1,0,1,0,0
3863,6060185.0,2,0,0,0,1,1,0,0,0
3864,736167.0,2,1,1,0,1,0,1,0,1
3864,955312.0,2,0,1,0,1,1,0,0,1
3865,822789.0,2,1,1,0,1,0,1,0,1
3866,897730.0,2,1,1,0,1,0,1,0,1
3866,1177663.0,2,0,1,0,1,1,0,0,1
3867,900853.0,2,0,1,0,1,0,1,0,1
3868,1409129.0,4,2,1,0,1,0,1,0,1
3869,1668843.0,2,1,1,0,1,0,1,0,1
3870,1781024.0,2,0,1,0,1,0,1,0,0
3870,2448009.0,2,1,1,0,1,0,1,0,0
3870,2472489.0,3,0,1,0,1,0,1,0,0
3871,906564.0,2,0,0,0,1,0,1,0,0
3871,936949.0,2,0,0,0,1,0,1,0,0
3871,1033333.0,2,1,0,0,1,1,0,0,0
3871,1573016.0,2,1,0,0,1,1,0,0,1
3872,1052732.0,3,1,1,0,1,0,1,0,0
3873,1120370.0,3,0,1,0,1,0,1,0,0
3874,1221517.0,4,2,1,0,1,0,1,0,0
3875,1300000.0,4,0,1,0,1,0,1,0,0
3876,748405.0,2,0,0,0,1,1,0,0,1
3877,748405.0,2,0,0,0,1,1,0,0,1
3877,834259.0,2,1,0,0,1,0,1,0,1
3878,789156.0,2,0,0,0,1,1,0,0,1
3878,881481.0,2,1,0,0,1,0,1,0,1
3879,834259.0,2,1,0,0,1,0,1,0,1
3880,844603.0,2,0,0,0,1,1,0,0,1
3880,944444.0,2,1,0,0,1,0,1,0,1
3881,928704.0,2,1,0,0,1,0,1,0,1
3882,944444.0,2,1,0,0,1,0,1,0,1
3883,1692447.0,2,0,0,0,1,1,0,0,1
3883,1888889.0,4,2,0,0,1,0,1,0,1
3884,774627.0,2,2,1,0,1,0,1,0,1
3885,774627.0,2,2,1,0,1,0,1,0,1
3886,897712.0,2,2,1,0,1,0,1,0,1
3887,1048773.0,3,2,1,0,1,0,1,0,1
3888,442593.0,2,0,1,0,1,0,1,0,0
3888,451444.0,2,0,1,0,1,0,1,0,0
3889,461806.0,2,0,1,0,1,1,0,0,0
3889,486111.0,2,0,1,0,1,0,1,0,0
3889,495833.0,2,0,1,0,1,0,1,0,0
3890,151281.0,1,0,1,0,1,0,1,0,0
3890,203879.0,1,0,1,0,1,0,1,0,0
3891,151281.0,1,0,1,0,1,0,1,0,0
3891,203879.0,1,0,1,0,1,0,1,0,0
3892,1194512.0,2,0,0,0,1,1,0,0,1
3892,1360000.0,2,1,0,0,1,1,0,0,1
3893,1369263.0,2,0,0,0,1,1,0,0,1
3893,1600000.0,2,1,0,0,1,1,0,0,1
3894,1457116.0,2,0,0,0,1,1,0,0,1
3894,1660000.0,2,1,0,0,1,1,0,0,1
3895,1573633.0,2,0,0,0,1,1,0,0,1
3895,1786667.0,3,1,0,0,1,1,0,0,1
3896,1833333.0,2,0,0,0,1,1,0,0,1
3897,2121649.0,2,0,0,0,1,0,0,0,0
3897,2204586.0,2,0,0,0,1,0,0,0,0
3898,2696389.0,2,1,0,0,1,0,0,0,0
3898,2777778.0,2,1,0,0,1,0,0,0,0
3899,4525690.0,4,1,0,0,1,0,0,0,0
3899,4761905.0,4,1,0,0,1,0,0,0,0
3900,5363781.0,4,1,0,0,1,0,0,0,0
3900,5643739.0,4,1,0,0,1,0,0,0,0
3901,1187302.0,3,1,0,0,1,0,1,0,0
3902,722415.0,2,0,1,0,1,0,1,0,0
3902,1377117.0,2,1,1,0,1,0,1,0,0
3903,879282.0,2,0,1,0,1,0,1,0,0
3904,1748736.0,2,1,1,0,1,0,1,0,0
3905,1156359.0,2,0,0,0,1,0,1,0,0
3905,1175926.0,2,0,0,0,1,0,1,0,0
3906,1253136.0,2,0,0,0,1,0,1,0,0
3906,1273810.0,2,0,0,0,1,0,1,0,0
3907,1735256.0,2,0,0,0,1,0,1,0,0
3907,1763668.0,2,0,0,0,1,0,1,0,0
3908,1738748.0,4,0,0,0,1,0,1,0,0
3908,1763668.0,4,0,0,0,1,0,1,0,0
3909,936844.0,2,0,1,0,1,1,0,0,0
3909,1031746.0,2,0,1,0,1,1,0,0,0
3910,1188791.0,2,0,1,0,1,1,0,0,0
3910,1392857.0,4,0,1,0,1,1,0,0,0
3911,1414286.0,4,0,1,0,1,1,0,0,0
3912,1417857.0,4,0,1,0,1,1,0,0,0
3913,1464286.0,5,0,1,0,1,1,0,0,0
3914,1566001.0,2,0,1,0,1,1,0,0,0
3914,2103175.0,6,0,1,0,1,1,0,0,0
3915,1083940.0,2,1,1,0,1,0,0,0,0
3915,1241623.0,2,1,1,0,1,1,0,0,0
3916,1376717.0,3,2,1,0,1,0,0,0,0
3917,191716.0,1,0,1,0,1,0,0,0,0
3918,197531.0,1,0,1,0,1,1,0,0,0
3919,1111940.0,2,0,0,0,1,1,0,0,1
3919,1231481.0,2,0,0,0,1,0,1,0,1
3919,1256793.0,2,1,1,0,1,0,1,0,1
3920,1355631.0,2,0,0,0,1,1,0,0,0
3921,1514802.0,2,0,0,0,1,1,0,0,0
3921,2028833.0,2,0,0,0,1,1,0,0,0
3922,1554199.0,2,0,0,0,1,0,0,0,0
3922,1699833.0,2,0,0,0,1,1,0,0,0
3923,1203704.0,2,1,1,0,1,0,1,0,0
3924,1444444.0,2,1,1,0,1,0,1,0,0
3925,1625000.0,2,1,1,0,1,0,1,0,0
3926,2046296.0,3,1,1,0,1,0,1,0,0
3927,453361.0,2,2,0,0,1,0,1,0,0
3927,587301.0,2,2,0,0,1,0,1,0,0
3927,944444.0,2,0,0,0,1,0,1,0,0
3928,453362.0,2,2,0,0,1,0,1,0,0
3928,587302.0,2,2,0,0,1,0,1,0,0
3929,453362.0,2,2,0,0,1,0,1,0,0
3929,587302.0,2,2,0,0,1,0,1,0,0
3929,944444.0,2,0,0,0,1,0,1,0,0
3930,2341357.0,2,5,1,0,1,0,1,0,1
3930,2666667.0,2,0,1,0,1,0,1,0,1
3931,1398596.0,2,0,1,0,1,0,0,1,1
3932,1575000.0,2,0,1,0,1,1,0,0,1
3932,1925000.0,2,0,1,0,1,0,1,0,1
3933,1856766.0,2,0,1,0,1,0,0,1,1
3933,2250000.0,2,0,1,0,1,1,0,0,1
3933,2750000.0,2,0,1,0,1,0,1,0,1
3934,2272681.0,2,0,1,0,1,0,0,1,1
3934,2625000.0,2,0,1,0,1,1,0,0,1
3934,3208333.0,2,0,1,0,1,0,1,0,1
3935,1214069.0,2,0,1,1,1,1,0,0,1
3936,620071.0,2,1,1,0,1,1,0,0,0
3936,868902.0,2,1,1,0,1,0,0,0,0
3937,713266.0,2,1,1,0,1,1,0,0,0
3937,1155765.0,2,1,1,0,1,0,0,0,0
3938,713266.0,2,1,1,0,1,1,0,0,0
3939,713266.0,2,1,1,0,1,1,0,0,0
3940,851331.0,2,1,1,0,1,1,0,0,0
3941,851331.0,2,1,1,0,1,1,0,0,0
3942,947933.0,2,0,1,0,1,1,0,0,0
3942,985310.0,2,0,1,0,1,0,0,0,0
3943,985310.0,2,0,1,0,1,0,0,0,0
3944,1411615.0,2,0,1,1,1,0,1,0,0
3945,1523812.0,4,0,1,1,1,0,1,0,0
3945,1900000.0,4,0,1,1,1,0,1,0,0
3946,1578234.0,4,0,1,1,1,0,1,0,0
3946,2068093.0,2,2,1,1,1,0,1,0,0
3946,2159291.0,1,2,1,1,1,0,1,0,0
3947,1650000.0,2,0,1,1,1,0,1,0,0
3948,1658333.0,2,0,1,1,1,0,1,0,0
3948,1492500.0,1,0,1,1,1,0,1,0,0
3949,1908333.0,4,0,1,1,1,0,1,0,0
3950,2285718.0,6,0,1,1,1,0,1,0,0
3950,2825000.0,6,0,1,1,1,0,1,0,0
3950,3394833.0,1,2,1,1,1,0,1,0,0
3951,1466717.0,2,0,1,0,1,1,0,0,0
3951,1523231.0,2,0,1,0,1,0,1,0,0
3951,1911107.0,2,1,1,0,1,0,1,0,0
3951,2690274.0,3,1,1,0,1,0,1,0,0
3952,1625658.0,2,1,1,1,1,1,0,1,0
3952,1783700.0,2,1,1,0,1,0,1,0,0
3952,1786720.0,2,1,1,1,1,0,1,1,0
3953,1713126.0,2,0,1,0,1,1,0,0,0
3953,1777188.0,2,0,1,0,1,0,1,0,0
3953,2229625.0,2,0,1,0,1,0,1,0,0
3953,3008792.0,3,0,1,0,1,0,1,0,0
3954,2055788.0,2,0,1,0,1,1,0,0,0
3954,2132524.0,2,0,1,0,1,0,1,0,0
3954,2675550.0,2,1,1,0,1,0,1,0,0
3954,3454717.0,3,1,1,0,1,0,1,0,0
3955,715355.0,2,0,1,0,1,0,0,0,0
3956,773330.0,2,0,1,0,1,0,0,0,0
3957,807694.0,2,0,1,0,1,0,0,0,0
3958,849114.0,2,0,1,0,1,0,0,0,0
3958,1161111.0,2,0,0,0,1,1,0,0,0
3959,917536.0,2,0,0,0,1,0,1,0,0
3959,926450.0,2,0,0,0,1,1,0,0,0
3960,1054167.0,2,0,0,0,1,1,0,0,0
3961,1074537.0,2,0,0,0,1,1,0,0,0
3962,748815.0,2,0,0,0,1,1,0,0,0
3963,885513.0,2,1,1,0,1,0,0,0,1
3964,967407.0,2,0,1,0,1,1,0,0,1
3965,1237796.0,2,1,1,0,1,0,0,0,1
3966,1433970.0,2,0,1,0,1,1,0,0,1
3966,1561000.0,4,0,1,0,1,0,0,0,1
3967,1752352.0,2,1,1,0,1,0,0,0,1
3968,1920030.0,4,0,1,0,1,0,0,0,1
3968,2860040.0,2,0,1,0,1,1,0,0,1
3969,1319382.0,2,0,1,0,1,1,0,0,0
3970,1418089.0,2,0,1,0,1,1,0,0,0
3970,1882157.0,2,1,1,0,1,1,0,0,0
3971,1539760.0,2,0,1,0,1,1,0,0,0
3971,2195850.0,2,1,1,0,1,1,0,0,0
3972,1539760.0,2,0,1,0,1,1,0,0,0
3973,2111783.0,2,0,1,0,1,1,0,0,0
3973,2962063.0,3,1,1,0,1,1,0,0,0
3974,2331450.0,2,0,1,0,1,1,0,0,0
3974,3320703.0,3,1,1,0,1,1,0,0,0
3975,3266243.0,3,1,1,0,1,1,0,0,0
3975,3689669.0,3,1,1,0,1,0,0,0,0
3976,2158255.0,1,1,1,0,1,1,0,0,0
3976,2193750.0,1,1,1,0,1,1,0,0,0
3977,989968.0,2,0,0,0,1,0,0,0,0
3977,1111111.0,2,0,0,0,1,1,0,0,0
3978,1014564.0,2,0,0,0,1,1,0,0,1
3978,1973993.0,2,1,0,1,1,0,1,1,1
3979,1920642.0,2,1,0,1,1,0,1,1,1
3979,2202175.0,2,0,0,0,1,1,0,0,1
3980,1084742.0,2,0,1,1,1,1,0,0,1
3980,1313744.0,2,0,1,1,1,0,1,0,1
3980,1335714.0,2,1,1,1,1,0,1,0,1
3981,1187083.0,2,0,1,1,1,1,0,0,1
3981,1393347.0,2,0,1,1,1,0,1,0,1
3981,1416667.0,2,1,1,1,1,0,1,0,1
3982,1394272.0,2,0,1,1,1,1,0,0,1
3982,1592420.0,2,0,1,1,1,0,1,0,1
3982,1619048.0,2,1,1,1,1,0,1,0,1
3983,1577854.0,2,0,1,1,1,1,0,0,1
3983,1791460.0,2,0,1,1,1,0,1,0,1
3983,1821429.0,2,1,1,1,1,0,1,0,1
3984,1619048.0,2,1,1,1,1,0,1,0,1
3984,1811390.0,2,1,1,1,1,0,0,0,1
3984,1558333.0,1,1,1,1,1,0,1,0,1
3985,417011.0,2,1,0,0,1,0,1,0,0
3985,449821.0,2,1,0,0,1,0,1,0,0
3986,621674.0,3,1,0,0,1,0,1,0,0
3986,633082.0,3,1,0,0,1,0,1,0,0
3987,709179.0,4,1,0,0,1,0,1,0,0
3987,721936.0,4,1,0,0,1,0,1,0,0
3988,721991.0,2,0,0,0,1,0,1,0,0
3988,842593.0,4,1,0,0,1,0,1,0,0
3989,545233.0,2,0,1,0,1,1,0,0,0
3989,670194.0,2,0,1,0,1,1,0,0,0
3989,941126.0,2,2,1,0,1,0,1,0,0
3990,645046.0,2,0,1,0,1,1,0,0,0
3990,740741.0,2,0,1,0,1,1,0,0,0
3990,1012483.0,2,2,1,0,1,0,1,0,0
3991,866383.0,2,0,1,0,1,1,0,0,0
3991,868227.0,2,0,1,0,1,0,1,0,0
3992,1106458.0,2,2,1,0,1,0,1,0,0
3993,1196170.0,2,0,1,0,1,0,1,0,0
3994,870370.0,3,0,0,0,1,0,1,0,0
3995,870370.0,3,0,0,0,1,0,1,0,0
3996,2297799.0,2,0,0,0,1,1,0,0,0
3997,2379549.0,2,0,0,0,1,1,0,0,0
3997,2408904.0,2,0,0,0,1,1,0,0,0
3998,5506766.0,2,0,0,0,1,1,0,0,0
3999,1131962.0,8,0,0,0,1,1,0,0,0
4000,127333.0,1,0,0,0,1,1,0,0,0
4001,140067.0,1,0,0,0,1,1,0,0,0
4002,1296296.0,2,0,1,0,1,0,0,0,1
4002,1562190.0,2,0,1,0,1,0,1,0,0
4003,1405971.0,2,0,1,0,1,0,1,0,0
4004,1417500.0,2,0,1,0,1,0,0,0,1
4005,1874629.0,2,0,1,0,1,0,1,0,0
4006,2108957.0,2,0,1,0,1,0,1,0,0
4007,568942.0,2,0,0,0,1,0,1,0,0
4008,1150476.0,2,0,1,0,1,0,1,0,0
4008,1380000.0,2,1,1,0,1,0,1,0,0
4008,1311000.0,1,1,1,0,1,0,1,0,0
4009,2591759.0,2,1,0,1,1,1,0,0,0
4009,2879733.0,2,1,0,1,1,1,0,0,0
4009,2879733.0,2,1,0,1,1,0,1,0,0
4009,3199703.0,2,1,0,1,1,0,1,0,0
4010,2792824.0,2,1,0,1,1,1,0,0,0
4010,3103138.0,2,1,0,1,1,1,0,0,0
4010,3103138.0,2,1,0,1,1,0,1,0,0
4010,3447930.0,2,1,0,1,1,0,1,0,0
4011,2998367.0,2,1,0,1,1,1,0,0,0
4011,3331519.0,2,1,0,1,1,1,0,0,0
4011,3331519.0,2,1,0,1,1,0,1,0,0
4011,3701688.0,2,1,0,1,1,0,1,0,0
4011,4045805.0,3,0,0,1,1,0,1,0,0
4012,4973535.0,2,1,0,1,1,1,0,0,0
4012,5526150.0,2,1,0,1,1,1,0,0,0
4012,5526150.0,2,1,0,1,1,0,1,0,0
4012,6140167.0,2,1,0,1,1,0,1,0,0
4012,6240436.0,3,0,0,1,1,0,1,0,0
4013,5276232.0,3,1,0,1,1,1,0,0,0
4013,5862480.0,3,1,0,1,1,1,0,0,0
4013,5862480.0,3,1,0,1,1,0,1,0,0
4013,6513867.0,3,1,0,1,1,0,1,0,0
4014,5692450.0,4,1,0,1,1,1,0,0,0
4014,6324944.0,4,1,0,1,1,1,0,0,0
4014,6324944.0,4,1,0,1,1,0,1,0,0
4014,7027716.0,4,1,0,1,1,0,1,0,0
4015,583333.0,2,0,1,0,1,1,0,0,0
4016,648148.0,2,0,1,0,1,1,0,0,0
4016,583333.0,1,1,1,0,1,1,0,0,0
4017,777778.0,2,0,1,0,1,1,0,0,0
4018,907407.0,3,0,1,0,1,1,0,0,0
4019,1037037.0,4,0,1,0,1,1,0,0,0
4020,802511.0,2,0,1,0,1,0,1,0,0
4020,884722.0,2,1,1,0,1,0,1,0,0
4021,902800.0,2,0,1,0,1,0,1,0,0
4021,1080247.0,2,1,1,0,1,0,1,0,0
4022,948133.0,2,1,1,0,1,0,1,0,0
4022,962963.0,2,1,1,0,1,0,1,0,0
4023,1263889.0,2,1,1,0,1,0,1,0,0
4024,898333.0,2,0,1,0,0,1,0,0,0
4024,916667.0,2,0,1,0,0,0,1,0,0
4024,1320079.0,2,0,1,0,1,0,1,0,0
4025,1248425.0,2,0,1,0,1,0,1,0,0
4025,1320079.0,2,0,1,0,1,0,1,0,0
4026,1342593.0,4,0,1,0,0,0,1,0,0
4027,1768230.0,4,0,1,0,1,0,1,0,0
4027,1805034.0,4,0,1,0,1,0,1,0,0
4028,1904352.0,4,0,1,0,1,0,1,0,0
4028,1943990.0,4,0,1,0,1,0,1,0,0
4029,1904352.0,4,0,1,0,1,0,1,0,0
4029,1943990.0,4,0,1,0,1,0,1,0,0
4030,2448842.0,6,0,1,0,0,0,1,0,0
4030,2499813.0,6,0,1,0,0,0,1,0,0
4031,578917.0,2,0,1,0,1,0,1,0,0
4031,595238.0,2,0,1,0,1,0,1,0,0
4032,578917.0,2,1,1,0,1,0,1,0,0
4032,595238.0,2,1,1,0,1,0,1,0,0
4033,640084.0,2,1,1,0,1,0,1,0,0
4033,650353.0,2,1,1,0,1,0,1,0,0
4034,663095.0,2,1,1,0,1,0,1,0,0
4034,735979.0,2,1,1,0,1,0,1,0,0
4035,1298678.0,2,0,1,0,1,1,0,0,0
4035,1857143.0,2,1,1,0,1,0,1,0,0
4036,1494330.0,2,0,1,0,1,1,0,0,0
4036,2142857.0,2,1,1,0,1,0,1,0,0
4037,15123081.0,2,0,1,0,1,1,0,0,0
4037,20952381.0,2,1,1,0,1,0,1,0,0
4038,15123081.0,2,0,1,0,1,1,0,0,0
4038,20952381.0,4,1,1,0,1,0,1,0,0
4039,15152667.0,2,0,1,0,1,1,0,0,0
4039,20952381.0,4,1,1,0,1,0,1,0,0
4040,920429.0,2,0,0,0,1,1,0,0,0
4041,1199074.0,2,0,0,0,1,1,0,0,0
4041,1274927.0,2,1,0,0,1,0,1,0,0
4042,631719.0,2,0,0,0,1,0,0,0,0
4042,806928.0,3,0,0,0,1,0,0,0,0
4043,762728.0,2,0,0,0,1,1,0,0,0
4043,926169.0,3,0,0,0,1,1,0,0,0
4044,783157.0,2,0,0,0,1,1,0,0,0
4045,1322483.0,2,0,1,0,1,0,1,0,1
4045,1506498.0,2,0,1,0,1,0,0,0,1
4045,1666667.0,2,0,1,0,1,1,0,0,1
4046,2100000.0,2,0,1,0,1,1,0,0,1
4046,1890000.0,1,0,1,0,1,1,0,0,1
4047,3281326.0,3,0,0,0,1,0,0,0,1
4048,351119.0,2,0,1,0,1,0,1,0,0
4048,512733.0,2,0,1,0,1,1,0,0,0
4049,671290.0,2,0,1,0,1,0,1,0,0
4049,984011.0,4,0,1,0,1,0,1,0,0
4050,1209506.0,4,0,0,0,1,0,1,0,0
4051,1209506.0,4,0,0,0,1,0,1,0,0
4051,1629630.0,4,1,0,0,1,1,0,0,0
4052,1385892.0,4,0,0,0,1,0,1,0,0
4053,1422222.0,4,1,0,0,1,1,0,0,0
4054,1422222.0,4,1,0,0,1,1,0,0,0
4055,894418.0,2,0,1,0,1,1,0,0,0
4056,1075715.0,2,0,1,0,1,1,0,0,1
4056,1420714.0,2,1,1,0,1,0,0,0,1
4057,1092857.0,2,1,1,0,1,0,0,0,0
4058,2610031.0,2,0,1,0,1,1,0,0,1
4058,3060000.0,4,0,1,0,1,0,0,0,1
4059,2975000.0,3,1,1,0,1,0,0,0,1
4060,1230159.0,2,0,0,0,1,1,0,0,0
4060,1366843.0,2,0,0,0,1,1,0,0,1
4061,1587302.0,3,1,0,0,1,1,0,0,0
4061,1763668.0,3,1,0,0,1,1,0,0,1
4062,1355896.0,2,1,0,0,1,0,0,0,0
4062,1865079.0,2,0,0,0,1,1,0,0,0
4063,1889540.0,2,0,0,0,1,1,0,0,0
4063,2539683.0,2,0,0,0,1,1,0,0,0
4064,2099286.0,2,0,0,0,1,1,0,0,0
4064,2619048.0,2,0,0,0,1,1,0,0,0
4065,3262089.0,2,0,0,0,1,1,0,0,0
4065,4007936.0,4,0,0,0,1,1,0,0,0
4066,482481.0,2,1,0,0,1,1,0,0,0
4067,553952.0,2,1,0,0,1,1,0,0,0
4068,592757.0,2,1,0,0,1,1,0,0,0
4069,780714.0,4,2,0,0,1,1,0,0,0
4070,943555.0,6,1,0,0,1,1,0,0,0
4071,1415210.0,2,1,1,0,1,1,0,0,0
4071,1634963.0,3,1,1,0,1,1,0,0,0
4071,1692099.0,2,1,1,0,1,0,1,0,0
4071,1911852.0,3,1,1,0,1,0,1,0,0
4072,495810.0,2,0,0,0,1,1,0,0,0
4073,645111.0,2,0,0,0,1,0,0,0,0
4074,805692.0,2,0,0,0,1,1,0,0,0
4075,1054543.0,2,0,0,0,1,0,1,0,0
4075,1250000.0,2,0,0,0,1,0,1,0,0
4076,1211288.0,2,0,0,0,1,0,1,0,0
4076,1333333.0,2,0,0,0,1,0,1,0,0
4077,1641283.0,2,0,0,0,1,0,1,0,0
4078,1777778.0,2,0,0,0,1,0,1,0,0
4079,296551.0,2,0,1,0,1,1,0,0,0
4079,429058.0,2,0,1,0,1,0,0,0,1
4079,627866.0,2,0,1,0,1,0,0,0,1
4080,296551.0,2,0,1,0,1,1,0,0,0
4080,429058.0,2,0,1,0,1,0,0,0,1
4080,627866.0,2,0,1,0,1,0,0,0,1
4081,296551.0,2,0,1,0,1,1,0,0,0
4081,429058.0,2,0,1,0,1,0,0,0,1
4081,627866.0,2,0,1,0,1,0,0,0,1
4082,399161.0,2,0,1,0,1,1,0,0,0
4082,632059.0,2,0,1,0,1,0,0,0,1
4082,910053.0,2,0,1,0,1,0,0,0,1
4083,494709.0,2,0,1,0,1,1,0,0,0
4083,584215.0,2,0,1,0,1,0,1,0,0
4083,749559.0,2,0,1,0,1,0,0,0,1
4084,494709.0,2,0,1,0,1,1,0,0,0
4084,584215.0,2,0,1,0,1,0,1,0,0
4084,749559.0,2,0,1,0,1,0,0,0,1
4085,494709.0,2,0,1,0,1,1,0,0,0
4085,584215.0,2,0,1,0,1,0,1,0,0
4085,749559.0,2,0,1,0,1,0,0,0,1
4086,494709.0,2,0,1,0,1,0,0,0,0
4086,749559.0,2,0,1,0,1,0,0,0,1
4087,7246308.0,2,0,0,0,0,1,0,0,0
4087,8036904.0,2,0,0,0,0,0,1,0,0
4087,8044194.0,2,1,0,0,0,0,1,0,0
4087,8300436.0,2,0,0,0,0,1,0,0,0
4087,9091032.0,2,0,0,0,0,0,1,0,0
4088,8263914.0,3,0,0,0,0,1,0,0,0
4088,9091032.0,3,0,0,0,0,0,1,0,0
4088,9559442.0,3,0,0,0,0,1,0,0,0
4088,10408314.0,3,0,0,0,0,0,1,0,0
4089,9397378.0,2,0,0,0,0,1,0,0,0
4089,9468505.0,2,1,0,0,0,1,0,0,0
4089,10161832.0,2,0,0,0,0,0,1,0,0
4089,10233224.0,2,1,0,0,0,0,1,0,0
4090,10156414.0,2,0,0,0,0,1,0,0,0
4090,10233224.0,2,1,0,0,0,1,0,0,0
4090,10996086.0,2,0,0,0,0,0,1,0,0
4090,11077251.0,2,1,0,0,0,0,1,0,0
4091,11624333.0,3,0,0,0,0,1,0,0,0
4091,12463515.0,3,0,0,0,0,0,1,0,0
4092,12383498.0,3,0,0,0,0,1,0,0,0
4092,13306863.0,3,0,0,0,0,0,1,0,0
4093,1396561.0,2,1,0,0,1,0,0,0,0
4093,1405065.0,2,0,0,0,1,0,1,0,0
4093,1731481.0,2,1,0,0,1,0,1,0,0
4094,1538030.0,2,1,0,0,1,0,0,0,0
4094,1608307.0,2,0,0,0,1,0,1,0,0
4094,1888889.0,2,1,0,0,1,0,1,0,0
4095,1542719.0,2,0,1,0,1,1,0,0,1
4095,1650464.0,2,0,1,0,1,1,0,0,0
4095,1606031.0,1,2,1,0,1,1,0,0,1
4096,1542719.0,2,0,1,0,1,1,0,0,1
4096,1970108.0,2,1,1,0,1,1,0,0,1
4097,1652044.0,2,0,1,0,1,1,0,0,1
4097,1970108.0,2,2,1,0,1,1,0,0,1
4098,1675242.0,2,0,1,0,1,1,0,0,1
4098,2175442.0,2,0,1,0,1,1,0,0,1
4099,1675242.0,2,0,1,0,1,1,0,0,1
4099,2175442.0,2,2,1,0,1,1,0,0,1
4099,2456105.0,3,0,1,0,1,1,0,0,1
4100,1840895.0,2,0,1,0,1,1,0,0,1
4100,2157356.0,3,1,1,0,1,1,0,0,1
4101,2252330.0,2,2,1,0,1,1,0,0,1
4101,3234307.0,2,2,1,0,1,1,0,0,1
4102,960344.0,2,0,1,0,1,1,0,0,0
4102,1055913.0,2,0,1,0,1,1,0,0,1
4103,1284613.0,2,0,1,0,1,1,0,0,1
4103,1750000.0,2,0,1,0,1,1,0,0,1
4104,2583333.0,2,0,1,0,1,1,0,0,0
4105,2753716.0,3,2,1,0,1,0,0,0,0
4105,3500000.0,3,0,1,0,1,1,0,0,0
4106,3416667.0,2,0,1,0,1,1,0,0,1
4107,702189.0,2,0,1,0,1,0,1,0,1
4108,702484.0,2,0,1,0,1,1,0,0,1
4108,726728.0,2,0,1,0,1,0,1,0,1
4108,749559.0,2,0,1,0,1,0,1,0,1
4109,702484.0,2,0,1,0,1,1,0,0,1
4109,726728.0,2,0,1,0,1,0,1,0,1
4109,749559.0,2,0,1,0,1,0,1,0,1
4109,818519.0,2,1,1,0,1,1,0,0,1
4110,835653.0,2,0,1,0,1,1,0,0,1
4110,962963.0,2,0,1,0,1,1,0,0,1
4111,1219498.0,2,0,0,0,1,0,0,0,1
4111,1494253.0,2,0,0,0,1,1,0,0,1
4112,1313306.0,2,0,0,0,1,0,0,0,1
4112,1609195.0,2,0,0,0,1,1,0,0,1
4113,1407455.0,2,0,0,0,1,0,0,0,1
4113,1724138.0,2,0,0,0,1,1,0,0,1
4114,657417.0,2,0,0,0,1,1,0,0,0
4114,1206841.0,2,0,0,0,1,1,0,0,0
4115,704196.0,2,0,1,0,1,1,0,0,0
4115,760560.0,2,0,1,0,1,1,0,0,1
4115,1249453.0,2,0,1,0,1,0,0,0,1
4116,732745.0,2,0,1,0,1,1,0,0,0
4116,783970.0,2,0,1,0,1,1,0,0,1
4116,1287910.0,2,0,1,0,1,0,0,0,1
4117,821954.0,2,0,1,0,1,1,0,0,0
4117,878358.0,2,0,1,0,1,1,0,0,1
4117,1422901.0,2,0,1,0,1,0,0,0,1
4118,185328.0,2,0,0,0,0,0,1,0,0
4118,202500.0,2,0,0,0,0,0,1,0,0
4119,207411.0,2,0,0,0,0,0,1,0,0
4119,217500.0,2,0,0,0,0,0,1,0,0
4120,246140.0,3,0,0,0,0,0,1,0,0
4120,262500.0,3,0,0,0,0,0,1,0,0
4121,281303.0,4,0,0,0,0,0,1,0,0
4121,352500.0,5,0,0,0,0,0,1,0,0
4122,351629.0,6,0,0,0,0,0,1,0,0
4122,450000.0,6,0,0,0,0,0,1,0,0
4123,77358.0,1,0,0,0,1,0,1,0,0
4123,82500.0,1,0,0,0,0,0,1,0,0
4124,175814.0,1,0,0,0,0,0,1,0,0
4124,187500.0,1,0,0,0,0,0,1,0,0
4125,712322.0,2,0,0,0,1,0,0,0,0
4125,1000000.0,2,0,0,0,1,1,0,0,0
4126,747938.0,2,0,0,0,1,0,0,0,0
4126,1050000.0,2,1,0,0,1,1,0,0,0
4127,903238.0,2,0,0,0,1,0,0,0,0
4127,1250000.0,2,1,0,0,1,1,0,0,0
4128,1523691.0,4,0,0,0,1,0,0,0,0
4128,1655821.0,2,0,0,0,1,1,0,0,0
4129,3336290.0,8,0,0,0,1,0,0,0,0
4129,3642753.0,2,0,0,0,1,1,0,0,0
4130,1064624.0,2,0,0,0,1,1,0,0,1
4130,1365000.0,2,1,0,0,1,1,0,0,1
4131,1234206.0,2,0,0,0,1,1,0,0,1
4131,1474688.0,2,1,0,0,1,1,0,0,1
4132,1234206.0,2,0,0,0,1,1,0,0,1
4132,1474688.0,2,1,0,0,1,1,0,0,1
4133,1327277.0,2,0,0,0,1,1,0,0,1
4133,1633125.0,2,1,0,0,1,1,0,0,1
4134,1568427.0,2,0,0,0,1,1,0,0,1
4134,2010938.0,3,0,0,0,1,1,0,0,1
4135,2228335.0,2,1,0,0,1,0,1,0,0
4135,2311503.0,2,1,0,0,1,0,1,0,0
4135,2406543.0,2,1,0,0,1,0,1,0,0
4135,2417258.0,2,1,0,0,1,0,1,0,0
4135,2480153.0,2,1,0,0,1,0,1,0,0
4135,2986570.0,2,1,0,0,1,0,0,0,0
4136,2334011.0,2,1,0,0,1,0,1,0,0
4136,2400407.0,2,1,0,0,1,0,1,0,0
4136,2492808.0,2,1,0,0,1,0,1,0,0
4136,2510229.0,2,1,0,0,1,0,1,0,0
4136,2569057.0,2,1,0,0,1,0,1,0,0
4136,3101438.0,2,1,0,0,1,0,0,0,0
4137,3051304.0,3,1,0,0,1,0,1,0,0
4137,3111638.0,3,1,0,0,1,0,1,0,0
4137,3254001.0,3,1,0,0,1,0,1,0,0
4137,3299038.0,3,1,0,0,1,0,1,0,0
4137,3364614.0,3,1,0,0,1,0,1,0,0
4137,4193658.0,3,1,0,0,1,0,0,0,0
4138,333572.0,2,0,1,0,1,0,1,0,0
4139,333572.0,2,0,1,0,1,0,1,0,0
4140,360649.0,2,1,0,0,1,0,0,0,0
4140,910000.0,2,0,0,0,1,0,1,0,0
4141,405461.0,2,1,0,0,1,0,0,0,0
4141,958750.0,2,0,0,0,1,0,1,0,0
4142,412452.0,2,1,0,0,1,0,0,0,0
4143,438490.0,3,1,0,0,1,0,0,0,0
4143,1365000.0,3,0,0,0,1,0,1,0,0
4144,913143.0,2,0,0,1,1,1,0,0,1
4144,1002022.0,2,1,0,1,1,0,0,0,1
4145,1060559.0,2,0,0,1,1,0,0,0,1
4145,1228833.0,2,0,0,1,1,1,0,0,1
4146,1065312.0,2,0,0,1,1,1,0,0,1
4146,1170747.0,2,0,0,1,1,0,0,0,1
4147,184704.0,2,0,0,0,0,0,0,0,0
4148,211801.0,2,1,0,0,1,0,0,0,0
4149,551722.0,2,0,0,0,0,0,1,0,0
4149,685062.0,2,0,0,0,0,1,0,0,0
4150,701222.0,2,0,0,0,0,0,0,0,0
4150,670833.0,1,0,0,0,0,0,1,0,0
4151,701222.0,2,0,0,0,0,0,0,0,0
4152,702189.0,2,0,0,0,0,0,1,0,0
4152,825000.0,2,0,0,0,0,0,1,0,0
4153,727935.0,2,1,0,0,0,0,0,0,0
4154,763506.0,2,0,0,0,0,1,0,0,0
4154,902159.0,3,0,0,0,1,0,0,0,0
4155,775000.0,2,0,0,0,0,0,1,0,0
4155,838307.0,2,1,0,0,1,0,0,0,0
4156,825000.0,2,0,0,0,0,0,1,0,0
4156,742500.0,1,0,0,0,0,0,1,0,0
4157,838307.0,2,0,0,0,0,0,0,0,0
4158,1018804.0,2,0,0,0,0,0,0,0,0
4158,1625000.0,4,0,0,0,0,0,1,0,0
4159,1041667.0,3,0,0,0,0,0,1,0,0
4160,1354352.0,4,0,0,0,0,0,0,0,0
4160,1546757.0,2,0,0,0,0,1,0,0,0
4161,1416133.0,2,0,0,1,1,0,0,0,1
4161,1777778.0,2,0,0,1,1,0,1,0,1
4162,1416133.0,2,0,0,1,1,0,0,0,1
4162,1777778.0,2,0,0,1,1,0,1,0,1
4163,1416133.0,2,0,0,1,1,0,0,0,1
4163,1777778.0,2,0,0,1,1,0,1,0,1
4164,1475139.0,2,0,0,1,1,0,0,0,1
4164,1851852.0,2,0,0,1,1,0,1,0,1
4165,1770167.0,2,0,0,1,1,0,0,0,1
4165,2222222.0,2,0,0,1,1,0,1,0,1
4166,2937160.0,2,0,0,1,1,0,0,0,1
4166,3703704.0,2,0,0,1,1,0,1,0,1
4167,3450000.0,2,0,0,0,0,0,1,0,0
4167,3714875.0,2,0,0,0,0,0,1,0,1
4167,3650000.0,1,1,0,0,0,0,1,0,1
4168,3450000.0,2,0,0,0,0,0,1,0,0
4168,3714875.0,2,0,0,0,0,0,1,0,1
4168,3650000.0,1,0,0,0,0,0,1,0,1
4169,3811366.0,2,0,0,0,0,0,1,0,0
4169,4197327.0,2,0,0,0,0,0,1,0,1
4169,4004346.0,1,1,0,0,0,0,1,0,1
4170,4293817.0,2,1,0,0,0,0,1,0,0
4170,4679778.0,2,1,0,0,0,0,1,0,1
4170,4486798.0,1,1,0,0,0,0,1,0,1
4171,4486798.0,2,1,0,0,0,0,1,0,0
4171,4872759.0,2,1,0,0,0,0,1,0,1
4171,4679778.0,1,1,0,0,0,0,1,0,1
4172,4583288.0,2,1,0,0,0,0,1,0,0
4172,4969249.0,2,1,0,0,0,0,1,0,1
4172,4776268.0,1,1,0,0,0,0,1,0,1
4173,5065739.0,2,1,0,0,0,0,1,0,0
4173,5451700.0,2,1,0,0,0,0,1,0,1
4173,5258720.0,1,1,0,0,0,0,1,0,1
4174,5258720.0,2,1,0,0,0,0,1,0,0
4174,5644681.0,2,1,0,0,0,0,1,0,1
4174,5451700.0,1,1,0,0,0,0,1,0,1
4175,6513093.0,2,1,0,0,0,0,1,0,0
4175,6899054.0,2,1,0,0,0,0,1,0,1
4175,6706074.0,1,1,0,0,0,0,1,0,1
4176,1421996.0,2,0,1,0,1,1,0,0,1
4177,2085494.0,2,2,1,0,1,0,0,0,1
4177,2377870.0,2,0,1,0,1,1,0,0,0
4178,286609.0,2,0,1,0,1,0,0,0,0
4178,291212.0,2,0,1,0,1,0,1,0,0
4179,287906.0,2,0,1,0,1,0,1,0,0
4180,295594.0,2,0,1,0,1,0,0,0,0
4180,316677.0,2,0,1,0,1,0,1,0,0
4181,318455.0,2,1,0,0,0,0,0,0,0
4182,361024.0,2,0,0,0,0,0,0,0,0
4183,460652.0,4,0,0,0,0,0,0,0,0
4184,509259.0,4,0,0,0,0,0,1,0,0
4185,554111.0,4,0,0,0,0,0,0,0,0
4185,601852.0,4,0,0,0,0,0,1,0,0
4186,596735.0,4,1,0,0,0,0,0,0,0
4187,370370.0,1,0,0,0,0,0,1,0,0
4188,416667.0,1,0,0,0,0,0,1,0,0
4189,504933.0,2,0,0,0,1,0,0,0,0
4190,504933.0,2,1,0,0,1,0,0,0,0
4191,643468.0,2,1,0,0,1,0,0,0,0
4192,1152130.0,4,1,0,0,1,0,0,0,0
4193,1386127.0,4,1,0,0,1,0,0,0,0
4194,1577648.0,2,1,0,0,1,0,0,0,0
4194,1743227.0,2,1,0,0,1,0,1,0,0
4195,1816807.0,2,0,0,0,1,0,0,0,0
4195,1989829.0,2,0,0,0,1,0,1,0,0
4196,755630.0,2,0,0,0,1,1,0,0,0
4196,773381.0,2,0,0,0,1,0,1,0,0
4196,882148.0,2,0,0,0,1,1,0,0,1
4196,898858.0,2,0,0,0,1,0,1,0,1
4197,851946.0,2,0,0,0,1,0,0,0,0
4197,862196.0,2,0,0,0,1,0,1,0,0
4197,894180.0,2,0,0,0,1,0,1,0,0
4197,986639.0,2,0,0,0,1,0,0,0,1
4197,998349.0,2,0,0,0,1,0,1,0,1
4198,894180.0,2,1,0,0,1,0,1,0,0
4198,1207143.0,2,1,0,0,1,0,1,0,1
4199,1077601.0,3,0,0,0,1,0,1,0,0
4199,1454762.0,3,0,0,0,1,0,1,0,1
4200,1146384.0,2,1,0,0,1,0,1,0,0
4200,1547619.0,2,1,0,0,1,0,1,0,1
4201,1788360.0,4,0,0,0,1,0,1,0,0
4201,2414286.0,4,0,0,0,1,0,1,0,1
4202,575016.0,2,1,0,0,1,0,0,0,0
4203,608553.0,2,1,0,0,1,0,0,0,0
4204,637532.0,2,1,0,0,1,0,0,0,0
4205,1702922.0,4,0,0,0,1,0,0,0,0
4206,1745341.0,2,0,0,0,1,1,0,0,0
4206,1888696.0,5,1,0,0,1,0,0,0,0
4207,1950620.0,6,1,0,0,1,0,0,0,0
4208,2429907.0,2,1,0,0,1,0,0,0,0
4208,2738042.0,2,1,0,0,1,0,0,0,0
4208,2765778.0,2,0,0,0,1,0,0,0,0
4209,1186631.0,2,0,0,0,1,1,0,0,0
4210,1191836.0,2,1,0,0,1,0,1,0,0
4210,1212522.0,2,1,0,0,1,0,1,0,0
4210,1271759.0,2,0,0,0,1,0,1,0,0
4211,1124916.0,2,0,1,0,1,0,1,0,0
4211,1188579.0,2,0,1,0,1,0,1,0,0
4212,395808.0,2,0,0,0,1,0,0,0,0
4213,541667.0,3,0,0,0,1,0,1,0,0
4213,598997.0,2,0,0,0,1,0,0,0,0
4214,440213.0,2,1,1,0,1,1,0,0,0
4214,610740.0,2,0,1,0,1,1,0,0,0
4215,2800001.0,2,0,0,0,1,1,0,0,0
4215,2950000.0,2,0,1,1,1,0,1,1,0
4215,3400001.0,2,0,0,0,1,1,0,0,0
4215,3550000.0,2,0,1,0,1,0,1,0,0
4216,398148.0,2,0,1,0,0,1,0,0,0
4217,509259.0,4,0,1,0,0,1,0,0,0
4218,397201.0,2,1,1,0,1,0,0,0,0
4218,547308.0,2,1,1,0,1,0,0,0,0
4218,841270.0,2,1,1,0,1,1,0,0,0
4219,472132.0,2,1,1,0,1,0,0,0,0
4219,630600.0,2,1,1,0,1,0,0,0,0
4220,665405.0,2,0,1,0,1,0,0,0,0
4220,700000.0,2,0,1,0,1,0,1,0,0
4221,779951.0,2,0,1,0,1,0,0,0,0
4221,840000.0,2,0,1,0,1,0,1,0,0
4222,1920090.0,2,1,0,0,1,0,0,0,0
4222,1957819.0,2,1,0,0,1,0,0,0,0
4222,2179048.0,2,1,0,0,1,0,0,0,0
4223,2745000.0,2,2,1,1,1,1,0,1,0
4223,3050000.0,2,2,1,1,1,0,1,1,0
4223,3050000.0,2,2,0,0,0,0,1,0,0
4223,3345000.0,2,2,1,1,1,1,0,1,0
4223,3650000.0,2,2,1,1,1,0,1,1,0
4224,433181.0,2,0,1,0,1,1,0,0,0
4224,540487.0,2,0,1,0,1,0,1,0,0
4224,578042.0,2,0,1,0,1,0,1,0,0
4225,436295.0,2,0,1,0,1,1,0,0,0
4225,630000.0,4,1,1,0,1,0,1,0,0
4225,630000.0,2,0,1,0,1,0,1,0,0
4226,399806.0,2,0,1,0,1,0,0,0,0
4226,462963.0,2,0,1,0,1,0,1,0,0
4227,443162.0,2,0,1,0,1,0,0,0,0
4227,555556.0,2,0,1,0,1,0,1,0,0
4228,422760.0,2,0,1,0,1,0,1,0,0
4228,478636.0,2,0,1,0,1,0,1,0,0
4229,546920.0,2,0,1,0,1,0,1,0,0
4230,4070285.0,2,0,1,1,1,1,0,0,0
4230,4174966.0,2,1,1,1,1,0,1,1,0
4230,5286098.0,2,0,1,1,1,1,0,0,0
4230,5402349.0,2,1,1,1,1,0,1,0,0
4231,795769.0,2,0,0,0,1,0,0,0,0
4232,920550.0,2,0,0,0,1,0,0,0,0
4233,2063261.0,2,1,1,0,1,1,0,1,0
4233,2700000.0,2,1,1,0,1,1,0,0,0
4234,1096646.0,2,1,1,0,1,0,0,0,0
4234,1635802.0,2,0,1,0,1,1,0,0,0
4235,2374366.0,2,1,0,1,1,1,0,0,0
4235,2489115.0,2,1,0,1,1,1,0,0,0
4235,2901797.0,2,1,0,1,1,1,0,0,0
4236,2808615.0,2,0,0,1,1,1,0,1,0
4236,3402976.0,2,0,0,0,1,0,1,1,0
4236,4402282.0,2,0,0,0,1,1,0,0,0
4236,4797100.0,2,0,0,0,1,0,1,0,0
4237,1020643.0,2,0,0,0,1,1,0,0,0
4237,1092656.0,2,0,0,0,1,0,1,0,0
4237,1111111.0,2,0,0,0,1,0,1,0,0
4237,1222222.0,2,0,0,0,1,0,1,0,0
4238,3449066.0,2,1,1,0,1,0,1,0,0
4238,3428042.0,1,1,1,0,1,0,1,0,0
4239,566043.0,2,1,0,0,1,0,1,0,0
4239,644684.0,2,1,0,0,1,0,1,0,0
4239,1203704.0,2,0,0,0,1,1,0,0,0
4240,2124744.0,2,1,0,1,1,1,0,1,0
4240,2791543.0,2,1,0,1,1,1,0,1,0
4240,3069765.0,2,0,0,1,1,0,1,0,0
4240,3818827.0,2,0,0,1,1,0,1,0,0
4241,1222075.0,4,1,1,1,1,0,0,1,0
4241,1234828.0,2,0,1,1,1,0,1,0,0
4241,1250794.0,4,1,1,1,1,0,0,1,0
4241,1350859.0,2,1,1,1,1,0,0,0,0
4241,1403068.0,2,0,1,1,1,0,1,0,0
4242,1268441.0,2,0,0,0,1,1,0,0,0
4242,1321308.0,2,0,0,0,1,1,0,0,0
4243,1615844.0,2,0,0,0,1,1,0,0,0
4244,1280860.0,2,1,1,0,1,0,0,0,0
4244,1410342.0,1,1,1,0,1,0,0,0,0
4245,483582.0,2,1,1,0,1,0,1,0,0
4245,543210.0,2,1,1,0,1,0,1,0,0
4246,1985340.0,2,1,0,0,1,1,0,0,0
4246,2595926.0,2,1,0,0,1,0,1,0,0
4246,2466130.0,1,1,0,0,1,0,1,0,0
4247,2213715.0,2,1,0,0,1,1,0,0,0
4247,2894537.0,2,1,0,0,1,0,1,0,0
4247,2749810.0,1,1,0,0,1,0,1,0,0
4248,4000000.0,2,0,0,0,1,0,1,0,0
4248,4900000.0,2,0,0,0,1,0,1,0,0
4248,4450000.0,1,0,0,0,1,0,1,0,0
4249,263798.0,2,1,1,0,1,0,1,0,0
4249,321111.0,2,1,1,0,1,1,0,0,0
4250,333483.0,2,1,1,0,1,0,1,0,0
4250,385648.0,2,1,1,0,1,1,0,0,0
4251,333333.0,2,0,0,0,1,0,0,0,0
4252,333333.0,2,0,0,0,1,0,0,0,0
4253,424196.0,2,0,1,0,1,0,1,0,0
4253,462963.0,2,0,1,0,1,0,1,0,0
4254,555556.0,2,0,1,0,1,0,1,0,0
4254,693757.0,2,6,1,0,1,0,1,0,0
4255,1195657.0,2,0,0,0,1,0,0,0,0
4256,1483892.0,2,0,0,0,1,0,0,0,0
4257,842015.0,2,0,0,0,1,0,0,0,0
4257,1041532.0,2,0,0,0,1,1,0,0,0
4258,879457.0,2,1,0,0,1,1,0,0,0
4258,885328.0,2,1,0,0,1,0,1,0,0
4258,975000.0,2,1,0,0,1,0,1,0,0
4258,1495142.0,2,0,0,0,1,0,1,0,0
4259,2517519.0,2,0,1,1,1,0,0,0,0
4259,3181911.0,2,0,1,1,1,0,1,0,0
4260,612981.0,2,0,0,0,1,1,0,0,0
4261,679690.0,2,0,0,0,1,0,1,0,0
4262,325996.0,2,0,0,0,1,0,1,0,0
4262,395833.0,2,0,0,0,1,0,1,0,0
4263,359997.0,2,0,0,0,1,0,1,0,0
4263,416667.0,2,0,0,0,1,0,1,0,0
4264,2035193.0,2,1,0,0,1,1,0,0,0
4264,2409750.0,2,1,0,0,1,1,0,0,0
4265,1298657.0,2,1,1,0,1,0,1,0,0
4265,2291667.0,2,0,1,0,1,1,0,0,0
4266,254907.0,2,0,0,0,1,0,0,0,0
4267,323022.0,2,0,0,0,1,0,0,0,0
4268,774365.0,2,0,0,0,1,1,0,0,0
4269,845673.0,2,1,0,0,1,0,1,0,0
4269,1000000.0,2,0,0,0,1,0,1,0,0
4270,2992000.0,2,0,0,0,1,1,0,0,0
4270,3230000.0,2,0,0,0,1,0,1,0,0
4270,3230000.0,2,0,0,0,0,0,1,0,0
4271,567390.0,2,0,1,0,1,0,1,0,0
4271,1018519.0,2,0,1,0,1,1,0,0,0
4271,967593.0,1,0,1,0,1,1,0,0,0
4272,722177.0,2,0,1,0,1,0,1,0,0
4272,1203704.0,2,0,1,0,1,1,0,0,0
4272,1143519.0,1,0,1,0,1,1,0,0,0
4273,3144969.0,2,0,0,0,1,1,0,0,0
4273,3382937.0,2,0,0,0,1,1,0,0,0
4274,1109464.0,2,0,0,1,1,0,0,0,0
4274,1274250.0,2,0,0,1,1,0,0,0,0
4274,1425587.0,2,0,0,1,1,0,1,0,0
4274,1537645.0,2,0,0,1,1,0,0,0,0
4274,1870015.0,2,0,0,1,1,0,1,0,0
4275,357218.0,2,0,0,0,1,0,1,0,0
4276,2006173.0,2,1,0,0,1,0,1,0,0
4276,2159885.0,2,0,0,0,1,0,1,0,0
4277,850000.0,2,0,0,0,1,0,1,0,1
4278,850000.0,2,0,0,0,1,0,1,0,1
4279,850000.0,2,0,0,0,1,0,1,0,1
4280,1766348.0,2,0,1,1,1,0,0,1,1
4280,1766348.0,2,0,1,1,1,0,0,1,1
4281,1766348.0,2,0,1,1,1,0,0,1,1
4281,1766348.0,2,0,1,1,1,0,0,1,1
4282,1999572.0,2,0,1,1,1,0,0,1,1
4282,1999572.0,2,0,1,1,1,0,0,1,1
4283,1999572.0,2,0,1,1,1,0,0,1,1
4283,1999572.0,2,0,1,1,1,0,0,1,1
4284,2051734.0,2,0,1,1,1,0,0,1,1
4284,2051734.0,2,0,1,1,1,0,0,1,1
4285,2051734.0,2,0,1,1,1,0,0,1,1
4285,2051734.0,2,0,1,1,1,0,0,1,1
4286,2190835.0,2,0,1,1,1,0,0,1,1
4286,2190835.0,2,0,1,1,1,0,0,1,1
4287,2190835.0,2,0,1,1,1,0,0,1,1
4287,2190835.0,2,0,1,1,1,0,0,1,1
4288,2816788.0,2,0,1,1,1,0,0,1,1
4288,2816788.0,2,0,1,1,1,0,0,1,1
4289,2990664.0,2,0,1,1,1,0,0,1,1
4289,2990664.0,2,0,1,1,1,0,0,1,1
4290,4625096.0,2,2,1,1,1,0,0,1,1
4290,4625096.0,2,2,1,1,1,0,0,1,1
4291,4903297.0,2,2,1,1,1,0,0,1,1
4291,5112754.0,2,0,1,1,1,1,0,0,1
4292,5390150.0,2,2,1,1,1,0,0,1,1
4292,5390150.0,2,2,1,1,1,0,0,1,1
4293,5433165.0,2,0,1,1,1,1,0,0,1
4293,5975787.0,2,2,1,1,1,0,0,1,1
4294,10083333.0,6,3,1,1,1,1,0,0,1
4295,1783559.0,2,0,1,0,1,1,0,0,1
4295,1959738.0,2,0,1,0,1,1,0,0,1
4296,1783559.0,2,0,1,0,1,1,0,0,1
4296,1999597.0,2,0,1,0,1,1,0,0,1
4297,1783559.0,2,0,1,0,1,1,0,0,1
4297,1963167.0,2,0,1,0,1,1,0,0,1
4298,2179131.0,2,0,1,0,1,1,0,0,1
4298,2275934.0,2,0,1,0,1,1,0,0,1
4299,2742700.0,2,0,1,0,1,1,0,0,1
4299,3040027.0,2,0,1,0,1,1,0,0,1
4300,3447160.0,2,0,1,0,1,1,0,0,1
4300,3669448.0,2,0,1,0,1,1,0,0,1
4301,4161014.0,2,0,1,0,1,1,0,0,1
4301,4341510.0,2,0,1,0,1,1,0,0,1
4302,13235114.0,4,0,1,0,1,1,0,0,1
4302,13586045.0,2,0,1,0,1,1,0,0,1
4303,719320.0,2,0,1,0,1,0,1,0,0
4303,886088.0,2,1,1,0,1,1,0,0,1
4303,1062037.0,1,1,1,0,1,1,0,0,1
4304,970398.0,2,1,1,0,1,0,1,0,0
4305,1067133.0,2,0,1,0,1,0,1,0,0
4306,1069178.0,3,1,1,0,1,0,1,0,0
4307,1165901.0,4,1,1,0,1,0,1,0,0
4307,1679127.0,4,1,1,0,1,1,0,0,1
4308,1165901.0,4,1,1,0,1,0,1,0,0
4309,1297411.0,2,0,1,0,1,1,0,0,1
4310,1297411.0,3,0,1,0,1,1,0,0,1
4311,1383744.0,4,1,1,0,1,0,1,0,0
4311,1414781.0,4,1,1,0,1,1,0,0,1
4312,1414781.0,2,0,1,0,1,1,0,0,1
4313,2666706.0,4,1,1,0,1,0,1,0,0
4313,3235596.0,4,1,1,0,1,1,0,0,1
4314,3296781.0,10,1,1,0,1,0,1,0,0
4315,730512.0,2,1,1,0,1,0,0,0,1
4316,989303.0,2,1,1,0,1,0,0,0,1
4317,1401273.0,4,1,1,0,1,0,0,0,1
4318,1500950.0,2,1,1,0,1,0,0,0,1
4319,123943.0,2,1,1,0,1,0,1,0,0
4320,123943.0,2,1,1,0,1,0,1,0,0
4320,138889.0,2,1,1,0,1,0,1,0,0
4321,216795.0,2,1,1,0,1,0,1,0,0
4322,216795.0,2,1,1,0,1,0,1,0,0
4323,216795.0,2,0,1,0,1,0,1,0,0
4323,231481.0,2,0,1,0,1,0,1,0,0
4324,231481.0,2,1,1,0,1,0,1,0,0
4325,2777778.0,25,0,1,0,1,0,1,0,0
4326,3485750.0,30,2,1,0,1,0,1,0,0
4326,3703704.0,50,0,1,0,1,0,1,0,0
4327,3485750.0,30,0,1,0,1,0,1,0,0
4328,3703704.0,45,0,1,0,1,0,1,0,0
4329,916667.0,2,0,1,0,1,1,0,0,1
4330,1009259.0,2,0,1,0,1,1,0,0,1
4331,1009259.0,2,0,1,0,1,1,0,0,1
4331,2490741.0,4,0,1,0,1,1,0,0,1
4332,1564815.0,4,0,1,0,1,1,0,0,1
4333,1564815.0,4,1,1,0,1,1,0,0,1
4334,1657407.0,2,0,1,0,1,1,0,0,1
4335,2768519.0,4,0,1,0,1,1,0,0,1
4336,751632.0,2,0,1,0,1,0,1,0,1
4336,789771.0,2,0,1,0,1,1,0,0,1
4337,938305.0,2,0,1,0,1,0,1,0,1
4337,963838.0,2,0,1,0,1,1,0,0,1
4338,940152.0,3,0,1,0,1,0,1,0,1
4338,963838.0,2,0,1,0,1,1,0,0,1
4339,973649.0,2,0,1,0,1,0,1,0,1
4340,975536.0,3,0,1,0,1,0,1,0,1
4340,1014594.0,2,0,1,0,1,1,0,0,1
4341,1319444.0,3,0,1,0,1,1,0,0,1
4342,1759259.0,2,0,1,0,1,1,0,0,1
4342,2086836.0,2,0,1,0,1,0,1,0,1
4343,3478060.0,2,0,1,0,1,0,1,0,1
4344,176367.0,2,0,1,0,1,0,1,0,0
4345,176367.0,2,0,1,0,1,0,1,0,0
4346,1135095.0,2,0,1,0,1,1,0,0,1
4346,1456000.0,2,1,1,0,1,1,0,0,1
4347,1378323.0,2,0,1,0,1,1,0,0,1
4347,1768000.0,2,1,1,0,1,1,0,0,1
4348,1424933.0,2,0,1,0,1,1,0,0,1
4348,1924000.0,2,1,1,0,1,1,0,0,1
4349,1463458.0,2,0,1,0,1,1,0,0,1
4349,1976000.0,4,1,1,0,1,1,0,0,1
4350,1612000.0,2,1,1,0,1,1,0,0,1
4350,2885086.0,2,0,1,0,1,0,0,0,1
4351,3120000.0,13,0,1,0,1,1,0,0,1
4351,5595272.0,14,0,1,0,1,0,0,0,1
4352,625384.0,3,0,1,0,1,0,0,0,1
4352,634921.0,3,0,1,0,1,0,0,0,1
4352,1018519.0,3,0,1,0,1,1,0,0,1
4353,1968750.0,2,0,1,0,1,0,1,0,1
4353,2084559.0,3,0,1,0,1,0,1,0,1
4353,1852941.0,1,0,1,0,1,0,1,0,1
4354,6204044.0,10,0,1,0,1,0,1,0,1
4355,813750.0,2,1,1,0,1,0,0,0,1
4356,1029028.0,2,0,1,0,1,0,0,0,1
4357,1029028.0,2,1,1,0,1,0,0,0,1
4358,1219907.0,3,1,1,0,1,0,0,0,1
4359,1446667.0,4,0,1,0,1,0,0,0,1
4360,1554306.0,2,0,1,0,1,0,0,0,1
4361,1554306.0,2,0,1,0,1,0,0,0,1
4362,2007824.0,2,0,1,0,1,0,0,0,1
4363,2007824.0,2,0,1,0,1,0,0,0,1
4364,6573148.0,16,0,1,0,1,0,0,0,1
4365,823641.0,2,0,1,0,1,0,0,0,1
4366,848854.0,2,0,1,0,1,0,0,0,1
4366,2548501.0,2,0,1,0,1,1,0,0,0
4367,857259.0,2,0,1,0,1,0,0,0,1
4368,864198.0,2,0,1,0,1,1,0,0,0
4369,899471.0,2,0,1,0,1,1,0,0,0
4370,890653.0,1,0,1,0,1,1,0,0,0
4371,459559.0,2,0,1,0,0,0,0,0,0
4372,198611.0,6,0,1,0,1,0,1,0,0
4372,361111.0,2,0,1,0,1,0,0,0,0
4373,198611.0,12,0,1,0,1,0,1,0,0
4373,361111.0,2,0,1,0,1,0,0,0,0
4374,562685.0,2,0,1,0,1,0,0,0,0
4374,600926.0,4,0,1,0,1,0,1,0,0
4374,600926.0,3,0,1,0,1,0,0,0,0
4375,641272.0,2,1,1,0,1,0,0,0,1
4376,304241.0,2,1,1,0,1,0,0,0,1
4377,925926.0,2,0,0,0,0,0,0,0,1
4378,925926.0,2,0,0,0,0,0,0,0,1
4379,2041139.0,2,0,0,0,0,1,0,0,1
4380,2041139.0,2,0,0,0,0,1,0,0,1
4381,2041139.0,2,0,0,0,0,1,0,0,1
4382,1083333.0,2,1,1,0,1,1,0,0,1
4382,1245833.0,5,1,1,0,1,1,0,0,1
4382,758333.0,1,1,1,0,1,1,0,0,1
4383,1145833.0,2,0,1,0,1,1,0,0,1
4383,1317708.0,3,0,1,0,1,1,0,0,1
4383,973958.0,1,0,1,0,1,1,0,0,1
4384,1270833.0,2,0,1,0,1,1,0,0,1
4384,1461458.0,3,0,1,0,1,1,0,0,1
4384,1080208.0,1,0,1,0,1,1,0,0,1
4385,1317500.0,3,0,1,0,1,1,0,0,1
4386,1395833.0,2,1,1,0,1,1,0,0,1
4386,1605208.0,3,1,1,0,1,1,0,0,1
4386,1186458.0,1,1,1,0,1,1,0,0,1
4387,220459.0,2,0,0,0,1,1,0,0,0
4388,308642.0,3,0,0,0,1,0,0,0,0
4389,1263445.0,4,1,1,0,1,0,0,0,1
4389,1386759.0,4,1,1,0,1,0,0,0,1
4390,1566309.0,2,1,1,0,1,0,0,0,1
4390,1800741.0,2,1,1,0,1,0,0,0,1
4391,2525507.0,8,2,1,0,1,0,0,0,1
4392,2771944.0,8,2,1,0,1,0,0,0,1
4392,3031756.0,10,2,1,0,1,0,0,0,1
4393,296296.0,2,0,1,0,1,1,0,0,0
4393,266667.0,1,0,1,0,1,1,0,0,0
4394,509259.0,4,0,1,0,1,1,0,0,0
4394,458333.0,1,0,1,0,1,1,0,0,0
4395,648148.0,2,0,1,0,1,1,0,0,0
4395,583333.0,1,0,1,0,1,1,0,0,0
4396,1090909.0,2,0,1,0,1,1,0,0,1
4397,1090909.0,2,0,1,0,1,1,0,0,1
4398,1090909.0,2,0,1,0,1,1,0,0,1
4399,1090909.0,2,0,1,0,1,1,0,0,1
4400,1768451.0,2,0,1,0,1,1,0,0,1
4401,2441880.0,2,0,1,0,1,1,0,0,1
4402,5086162.0,2,0,1,0,1,1,0,0,1
4403,5993705.0,4,0,1,0,1,1,0,0,1
4404,6685789.0,6,0,1,0,1,1,0,0,1
4405,8997087.0,8,0,1,0,1,1,0,0,1
4406,608803.0,2,1,1,0,1,0,0,0,1
4407,407147.0,2,1,1,0,1,0,1,0,1
4408,485009.0,3,0,1,0,1,0,1,0,0
4409,582011.0,4,0,1,0,1,0,1,0,0
4410,9215168.0,2,0,1,0,1,0,1,0,0
4411,436508.0,1,0,1,0,1,0,1,0,0
4412,723107.0,2,1,1,0,0,0,1,0,1
4413,980222.0,2,1,1,0,0,0,1,0,1
4413,739657.0,1,1,1,0,0,0,1,0,1
4414,1088779.0,4,1,1,0,0,0,1,0,1
4415,2663889.0,2,1,1,0,1,0,0,0,0
4415,3025625.0,3,1,1,0,1,0,0,0,0
4416,3492647.0,12,0,1,0,1,0,0,0,0
4417,6232485.0,2,1,1,0,1,1,0,0,0
4418,4157848.0,2,1,1,0,1,0,0,0,0
4419,368730.0,2,1,1,0,1,0,1,0,1
4420,2346654.0,4,0,1,0,1,0,0,0,1
4421,3694415.0,2,1,1,0,1,0,0,0,0
4422,4156217.0,2,0,1,0,1,0,0,0,0
4423,2288951.0,2,1,1,0,1,0,0,0,1
4424,1285844.0,2,1,1,0,1,0,0,0,1
4425,5177571.0,2,1,1,0,1,0,1,0,0
4426,349564.0,2,0,0,0,0,1,0,0,1
4427,5589220.0,2,0,1,0,1,0,1,0,0
4428,993287.0,2,1,1,0,1,0,1,0,1
4429,3898531.0,2,1,1,0,1,1,0,0,0
4430,367647.0,2,0,1,0,0,0,1,0,0
4430,330882.0,1,0,1,0,0,0,1,0,0
4431,275735.0,1,0,1,0,0,0,1,0,0
4432,2146296.0,6,0,0,0,0,0,0,0,0
4433,741074.0,2,0,1,0,1,1,0,0,1
4433,1114344.0,2,1,1,0,1,0,0,0,1
4434,779206.0,2,0,1,0,1,1,0,0,1
4434,1172232.0,2,1,1,0,1,0,0,0,1
4435,1035297.0,2,0,1,0,1,1,0,0,1
4435,1244188.0,3,0,1,0,1,0,0,0,1
4436,1567800.0,1,1,1,0,1,0,0,0,1
4437,1351945.0,2,1,1,1,1,1,0,1,1
4437,1375880.0,2,1,1,1,1,0,0,1,1
4438,1351945.0,2,1,1,1,1,1,0,1,1
4438,1375880.0,2,1,1,1,1,0,0,1,1
4439,1517059.0,2,1,1,1,1,1,0,1,1
4439,1532230.0,2,1,1,1,1,0,0,1,1
4440,1877243.0,2,0,1,1,1,1,0,0,1
4441,1956019.0,2,1,1,1,1,1,0,0,1
4442,2315528.0,2,1,1,1,1,1,0,1,1
4442,2338684.0,2,1,1,1,1,0,0,1,1
4443,2315528.0,2,1,1,1,1,1,0,1,1
4443,2338684.0,2,1,1,1,1,0,0,1,1
4444,2985524.0,2,1,1,1,1,1,0,0,1
4445,3077941.0,4,2,1,1,1,1,0,1,1
4445,3108720.0,4,2,1,1,1,0,0,1,1
4446,329055.0,2,1,1,0,1,0,1,0,0
4446,490741.0,2,0,1,0,1,0,1,0,0
4447,374059.0,2,1,1,0,1,0,1,0,0
4447,564815.0,2,0,1,0,1,0,1,0,0
4448,740741.0,2,0,1,0,1,0,0,0,0
4448,814815.0,2,0,1,0,1,0,1,0,0
4448,666667.0,1,0,1,0,1,0,0,0,0
4449,787037.0,2,0,1,0,1,0,0,0,0
4449,865741.0,2,0,1,0,1,0,1,0,0
4450,925926.0,2,0,1,0,1,0,0,0,0
4450,1018519.0,2,0,1,0,1,0,1,0,0
4451,793050.0,2,1,1,0,1,1,0,0,0
4452,494503.0,2,1,0,0,1,0,1,0,0
4453,1433070.0,12,0,1,0,1,0,1,0,0
4454,464926.0,2,0,0,0,1,0,1,0,0
4455,718108.0,2,1,1,0,1,1,0,0,0
4456,289045.0,2,1,1,0,1,1,0,0,0
4457,314881.0,2,0,1,0,1,0,0,0,0
4457,370370.0,2,0,1,0,1,1,0,0,0
4458,462963.0,2,0,1,0,1,1,0,0,0
4458,546114.0,4,0,1,0,1,0,0,0,0
4459,545056.0,2,0,1,0,1,0,0,0,0
4459,555556.0,2,0,1,0,1,1,0,0,0
4460,2084201.0,2,0,1,1,1,0,1,0,0
4461,2570084.0,3,0,1,1,1,0,1,0,0
4462,814815.0,3,0,1,0,1,1,0,0,0
4463,580259.0,2,0,1,0,1,0,1,0,0
4463,689491.0,2,1,1,0,1,1,0,0,0
4463,1131299.0,2,0,1,0,1,0,1,0,0
4464,781429.0,2,0,1,0,1,0,1,0,0
4464,925046.0,2,1,1,0,1,1,0,0,0
4464,1518240.0,2,0,1,0,1,0,1,0,0
4465,1312631.0,2,0,1,1,1,0,1,0,0
4465,1320945.0,2,0,1,1,1,1,0,0,0
4465,1530854.0,2,1,1,1,1,0,1,1,0
4465,1555335.0,2,1,1,1,1,0,1,1,0
4465,1658025.0,2,0,1,1,1,0,1,0,0
4466,1523029.0,2,0,1,1,1,0,1,0,0
4466,1532691.0,2,0,1,1,1,1,0,0,0
4466,1855035.0,2,1,1,1,1,0,1,1,0
4466,1884700.0,2,1,1,1,1,0,1,1,0
4466,2009136.0,2,1,1,1,1,0,1,0,0
4467,959933.0,2,1,1,1,1,0,1,0,0
4467,1125000.0,2,1,1,1,1,0,1,0,0
4468,1250000.0,2,1,1,1,1,0,1,0,0
4468,1386512.0,2,0,1,1,1,1,0,0,0
4468,1388435.0,2,0,1,1,1,0,1,0,0
4469,221967.0,2,2,1,0,1,0,1,0,0
4470,250197.0,3,3,1,0,1,0,1,0,0
4471,601852.0,3,0,1,0,0,0,0,0,0
4472,659722.0,2,0,1,0,1,0,1,0,0
4473,516296.0,2,0,1,0,1,0,1,0,0
4473,567926.0,2,0,1,0,1,1,0,0,0
4473,511133.0,1,0,1,0,1,0,1,0,0
4473,562246.0,1,0,1,0,1,1,0,0,0
4474,516296.0,2,1,1,0,1,0,1,0,0
4474,567926.0,2,1,1,0,1,1,0,0,0
4475,642222.0,3,1,1,0,1,0,1,0,0
4475,706444.0,3,1,1,0,1,1,0,0,0
4476,727364.0,2,0,1,0,1,0,1,0,0
4476,624064.0,1,0,1,0,1,0,1,0,0
4477,611111.0,2,1,0,0,0,0,0,0,0
4478,891835.0,2,0,1,1,1,0,1,0,0
4478,1091437.0,2,0,1,1,1,1,0,0,0
4478,1337627.0,2,1,1,1,1,0,1,0,0
4478,1358025.0,2,1,1,1,1,0,1,0,0
4479,991993.0,2,0,1,1,1,0,1,0,0
4479,1428844.0,2,0,1,1,1,0,1,0,0
4479,1450617.0,2,0,1,1,1,0,1,0,0
4480,217972.0,2,0,1,0,1,1,0,0,0
4480,217972.0,2,0,1,0,1,1,0,0,0
4481,459559.0,3,0,0,0,1,0,0,0,0
4482,1675485.0,2,0,0,0,1,1,0,0,0
4483,1190476.0,1,0,0,0,1,1,0,0,0
4484,601852.0,2,0,1,0,0,0,0,0,0
4485,617284.0,3,1,0,0,0,0,0,0,0
4486,1000000.0,2,0,1,0,1,0,1,0,0
4486,814815.0,1,0,1,0,1,0,1,0,0
4487,574074.0,1,0,1,0,1,0,1,0,0
4488,745787.0,2,0,1,0,1,0,1,0,0
4488,926859.0,2,0,1,0,1,1,0,0,0
4489,756952.0,2,1,1,0,1,0,1,0,0
4489,791332.0,2,0,1,0,1,1,0,0,0
4489,848765.0,2,1,1,0,1,0,1,0,0
4490,742379.0,2,1,1,0,1,1,0,0,0
4490,762233.0,2,0,1,0,1,0,1,0,0
4490,786719.0,2,1,1,0,1,0,0,0,0
4490,865391.0,2,1,1,0,1,0,1,0,0
4491,760123.0,2,0,1,0,1,0,1,0,0
4492,413990.0,3,1,1,0,1,0,0,0,0
4493,410280.0,2,0,0,0,1,0,1,0,0
4493,444129.0,1,0,0,0,1,0,1,0,0
4494,511746.0,2,1,0,0,0,0,1,0,0
4494,534666.0,1,1,0,0,0,0,1,0,0
4495,653343.0,2,1,0,0,1,1,0,0,0
4496,804250.0,2,1,1,0,1,0,0,0,0
4496,879630.0,2,0,1,0,0,1,0,0,0
4497,853975.0,4,1,1,0,1,0,0,0,0
4498,1523474.0,2,0,0,0,0,1,0,0,0
4499,2200000.0,2,0,0,0,0,0,1,0,0
4499,2596000.0,2,0,0,0,0,0,0,0,0
4500,2300000.0,2,0,0,0,0,0,1,0,0
4500,2714000.0,2,0,0,0,0,0,0,0,0
4501,1664442.0,2,0,1,0,1,1,0,0,0
4501,1787826.0,2,0,0,0,0,0,1,0,0
4501,2201642.0,2,0,1,0,1,1,0,0,0
4501,2268683.0,2,0,0,0,0,0,1,0,0
4502,1664442.0,2,0,1,0,1,1,0,0,0
4502,1787826.0,2,0,0,0,0,0,1,0,0
4502,2117500.0,2,1,0,0,0,0,1,0,0
4502,2201642.0,2,0,1,0,1,1,0,0,0
4502,2268683.0,2,0,0,0,0,0,1,0,0
4503,1163410.0,2,0,1,0,1,1,0,0,0
4503,1246667.0,2,1,1,0,1,1,0,0,0
4503,1251171.0,2,0,1,0,1,0,1,0,0
4504,1292678.0,2,0,1,0,1,1,0,0,0
4504,1385185.0,2,1,1,0,1,1,0,0,0
4504,1390540.0,2,0,1,0,1,0,1,0,0
4505,331741.0,2,0,1,0,1,1,0,0,0
4506,332407.0,2,0,1,0,1,0,1,0,0
4507,2469826.0,2,1,0,0,1,0,1,0,0
4507,2640000.0,2,1,0,0,0,0,1,0,0
4507,3146520.0,2,1,0,0,1,0,1,0,0
4507,3220000.0,2,1,0,0,0,0,1,0,0
4507,3440000.0,3,1,0,0,0,0,1,0,0
4508,2695585.0,2,1,0,0,1,0,1,0,0
4508,2740000.0,2,1,0,0,0,0,1,0,0
4508,3244238.0,2,1,0,0,1,0,1,0,0
4508,3320000.0,2,1,0,0,0,0,1,0,0
4508,3540000.0,3,1,0,0,0,0,1,0,0
4509,1128393.0,2,0,1,0,1,0,1,0,0
4509,1264327.0,2,0,1,0,1,1,0,0,0
4510,1302642.0,2,0,1,0,1,0,1,0,0
4511,381640.0,2,0,1,0,1,1,0,0,0
4511,427637.0,2,0,1,0,1,0,1,0,0
4512,389114.0,2,0,1,0,1,0,0,0,0
4512,546296.0,2,0,1,0,1,0,1,0,0
4513,873276.0,2,0,1,0,1,0,1,0,0
4513,892416.0,2,0,1,0,1,0,1,0,0
4513,1000546.0,2,0,1,0,1,1,0,0,0
4514,1032131.0,2,0,1,0,1,0,1,0,0
4514,1319224.0,3,0,1,0,1,0,1,0,0
4514,1415975.0,2,0,1,0,1,1,0,0,0
4515,517361.0,2,0,0,0,1,0,1,0,0
4516,411667.0,2,1,1,0,1,0,1,0,0
4517,585833.0,2,1,1,0,1,0,1,0,0
4518,534951.0,2,1,0,0,1,0,1,0,0
4518,592593.0,2,1,0,0,1,0,1,0,0
4519,668406.0,2,2,0,0,1,0,1,0,0
4519,687831.0,2,2,0,0,1,0,1,0,0
4520,290335.0,2,0,1,0,1,0,1,0,0
4520,293636.0,2,1,1,0,1,1,0,0,0
4521,338724.0,2,0,1,0,1,0,1,0,0
4522,966260.0,2,0,1,0,1,1,0,0,0
4522,1062704.0,2,0,1,0,1,0,1,0,0
4523,966260.0,2,0,1,0,1,1,0,0,0
4523,1062704.0,2,0,1,0,1,0,1,0,0
4524,458210.0,2,0,1,0,1,0,0,0,0
4524,703241.0,2,0,1,0,1,0,1,0,0
4525,334207.0,2,1,1,0,1,0,0,0,0
4525,566667.0,2,1,1,0,1,0,1,0,0
4526,453229.0,2,1,1,0,1,0,0,0,0
4526,643750.0,2,1,1,0,1,0,1,0,0
4527,1018519.0,2,0,1,0,1,0,1,0,0
4527,879630.0,1,0,1,0,1,0,1,0,0
4528,1183333.0,2,0,1,0,1,0,1,0,0
4528,1044444.0,1,1,1,0,1,0,1,0,0
4529,1235428.0,2,0,1,1,1,1,0,0,0
4529,1664241.0,2,0,1,1,1,1,0,0,0
4530,1261908.0,2,0,1,1,1,1,0,0,0
4530,1316747.0,2,0,1,1,1,0,1,0,0
4530,1328000.0,2,1,1,1,1,0,1,0,0
4530,1700008.0,2,0,1,1,1,1,0,0,0
4530,1769285.0,2,0,1,1,1,0,1,0,0
4531,875000.0,2,0,1,0,1,1,0,0,0
4531,884670.0,3,0,1,0,1,0,0,0,0
4532,1000000.0,3,0,1,0,1,1,0,0,0
4532,1111111.0,2,0,1,0,1,0,0,0,0
4533,1000000.0,2,0,1,0,1,1,0,0,0
4533,1062396.0,4,0,1,0,1,0,0,0,0
4533,1000000.0,1,0,1,0,1,0,0,0,0
4534,591667.0,2,1,1,0,1,1,0,0,0
4535,591667.0,2,1,1,0,1,1,0,0,0
4535,544333.0,1,1,1,0,1,1,0,0,0
4536,1080054.0,2,0,1,1,1,1,0,0,0
4536,1185185.0,2,0,1,1,1,1,0,0,0
4537,1080054.0,2,1,1,1,1,1,0,0,0
4537,1185185.0,2,1,1,1,1,1,0,0,0
4538,648148.0,2,0,0,0,1,1,0,0,0
4539,648148.0,2,0,0,0,1,1,0,0,0
4540,357483.0,2,0,1,0,1,1,0,0,0
4541,387917.0,2,0,1,0,1,1,0,0,0
4541,408333.0,2,0,1,0,1,0,1,0,0
4541,368520.0,1,0,1,0,1,1,0,0,0
4541,387917.0,1,0,1,0,1,0,1,0,0
4542,2100772.0,2,0,1,0,1,0,0,0,0
4542,2751323.0,2,1,1,0,1,1,0,0,0
4543,2100772.0,2,0,1,0,1,0,0,0,0
4543,2751323.0,2,1,1,0,1,1,0,0,0
4544,348363.0,2,0,1,0,1,0,1,0,0
4544,451389.0,2,0,1,0,1,0,1,0,0
4545,433912.0,2,0,1,0,1,0,1,0,0
4546,1401672.0,2,0,1,1,1,0,1,0,0
4546,1599327.0,2,0,1,1,1,0,1,0,0
4546,1627667.0,2,0,1,1,1,0,1,0,0
4546,1989647.0,2,0,1,1,1,0,1,0,0
4547,541875.0,2,0,1,0,1,0,0,0,0
4547,562948.0,2,0,1,0,1,0,1,0,0
4548,659175.0,2,0,1,0,1,0,1,0,0
4548,665833.0,3,0,1,0,1,0,1,0,0
4549,934490.0,2,0,1,0,1,1,0,0,0
4550,1048984.0,2,0,1,0,1,0,1,0,0
4550,1229167.0,2,0,1,0,1,0,1,0,0
4551,293146.0,2,1,1,0,1,0,0,0,0
4551,342857.0,2,1,1,0,1,0,0,0,0
4551,371429.0,2,1,1,0,1,0,1,0,0
4552,361092.0,2,1,1,0,1,0,0,0,0
4552,400000.0,2,1,1,0,1,0,0,0,0
4552,433333.0,2,1,1,0,1,0,1,0,0
4553,324074.0,2,0,1,0,1,0,1,0,0
4554,462963.0,4,0,1,0,1,0,1,0,0
4555,535743.0,2,0,1,0,1,1,0,0,0
4555,631107.0,2,0,1,0,1,1,0,0,0
4555,740741.0,2,0,1,0,1,0,1,0,0
4556,582743.0,2,1,1,0,1,0,1,0,0
4557,1819103.0,2,1,1,1,1,0,1,1,0
4557,1914845.0,2,1,0,0,0,0,1,0,0
4557,2294103.0,2,1,1,1,1,0,1,1,0
4557,2414845.0,2,1,0,0,0,0,1,0,0
4558,1819103.0,2,1,1,1,1,0,1,1,0
4558,1914845.0,2,1,0,0,0,0,1,0,0
4558,2294103.0,2,1,1,1,1,0,1,1,0
4558,2414845.0,2,1,0,0,0,0,1,0,0
4559,462963.0,2,1,0,0,1,1,0,0,0
4560,574074.0,2,1,0,0,1,1,0,0,0
4561,299824.0,2,0,0,0,0,0,1,0,0
4562,458907.0,4,0,0,0,0,0,1,0,0
4563,755830.0,2,1,1,0,1,0,1,0,0
4563,876490.0,2,0,1,0,1,1,0,0,0
4564,830205.0,2,1,1,0,1,0,1,0,0
4564,998148.0,2,0,1,0,1,0,1,0,0
4565,1438121.0,2,0,1,1,1,1,0,0,0
4565,1851852.0,2,0,1,1,1,0,1,0,0
4566,487688.0,2,0,0,0,1,0,1,0,0
4567,1746682.0,2,0,0,0,0,0,0,0,0
4567,1940758.0,2,0,0,0,0,0,1,0,0
4567,2176635.0,2,0,0,0,0,0,0,0,0
4567,2418483.0,2,0,0,0,0,0,1,0,0
4567,2430000.0,2,0,1,1,1,0,0,1,0
4568,3251517.0,2,0,0,0,0,0,0,0,0
4568,3266935.0,2,0,1,1,0,0,0,1,0
4568,3612796.0,2,0,0,0,0,0,1,0,0
4568,3630000.0,2,0,1,1,1,0,0,1,0
4569,399151.0,2,0,1,0,1,0,0,0,0
4569,442989.0,2,0,1,0,1,0,0,0,0
4570,1240556.0,2,0,1,0,1,0,1,0,0
4570,1625150.0,2,0,1,0,1,1,0,0,0
4571,1259148.0,2,0,1,0,1,0,1,0,0
4571,1303704.0,2,0,1,0,1,0,1,0,0
4572,143519.0,1,0,1,0,1,0,1,0,0
4573,970018.0,2,0,1,0,1,1,0,0,0
4574,1058201.0,2,0,1,0,1,1,0,0,0
4575,799453.0,2,1,1,1,1,0,1,0,0
4576,895405.0,2,1,1,1,1,0,1,0,0
4577,537771.0,2,0,1,0,1,1,0,0,0
4578,583333.0,2,0,1,0,1,0,1,0,0
4579,976661.0,2,0,1,0,1,1,0,0,0
4580,1025154.0,2,0,1,0,1,0,1,0,0
4580,1064815.0,2,0,1,0,1,0,1,0,0
4581,518519.0,2,0,1,0,1,0,1,0,0
4582,583333.0,3,0,1,0,1,0,1,0,0
4583,432530.0,2,0,1,0,1,0,1,0,0
4584,456563.0,6,2,1,0,1,0,1,0,0
4585,889922.0,2,0,0,0,1,1,0,0,0
4586,889922.0,2,0,0,0,1,1,0,0,0
4587,726950.0,2,0,1,0,1,0,1,0,0
4587,751178.0,2,0,1,0,1,1,0,0,0
4588,758392.0,2,1,1,0,1,0,1,0,0
4589,319213.0,2,2,1,0,1,0,0,0,0
4589,370370.0,2,2,1,0,1,0,0,0,0
4590,319213.0,2,1,1,0,1,0,0,0,0
4590,370370.0,2,0,1,0,1,0,0,0,0
4591,2292769.0,2,1,1,1,1,0,1,0,1
4591,2470564.0,2,1,1,1,1,0,1,0,1
4591,2699824.0,3,1,1,1,1,0,1,0,1
4592,318429.0,2,0,1,0,1,0,1,0,0
4592,387037.0,2,0,1,0,1,0,1,0,0
4593,435786.0,2,0,1,0,1,0,1,0,0
4593,503148.0,2,0,1,0,1,0,1,0,0
4594,8285860.0,8,2,1,0,1,0,1,0,0
4595,9521111.0,8,8,1,0,1,0,1,0,0
4596,1091962.0,2,1,1,1,1,1,0,0,0
4596,1490766.0,2,1,1,1,1,1,0,0,1
4596,1565335.0,2,1,1,1,1,0,1,1,0
4596,2181845.0,2,1,1,1,1,0,1,1,1
4597,1091962.0,2,1,1,1,1,1,0,0,0
4597,1490766.0,2,1,1,1,1,1,0,0,1
4597,1583949.0,2,1,1,1,1,0,1,1,0
4597,2181845.0,2,1,1,1,1,0,1,1,1
4598,1281830.0,2,0,1,1,1,1,0,0,0
4598,1756582.0,2,0,1,1,1,1,0,0,1
4598,1871807.0,2,0,1,1,1,0,1,1,0
4598,2519665.0,2,0,1,1,1,0,1,1,1
4599,2088909.0,2,0,1,1,1,1,0,0,1
4599,2677090.0,2,0,1,1,1,0,0,1,1
4599,3080790.0,2,0,1,1,1,0,1,1,1
4600,2753424.0,2,0,1,1,1,1,0,0,1
4600,3626848.0,2,0,1,1,1,0,0,1,1
4600,4174902.0,2,0,1,1,1,0,1,1,1
4601,778819.0,2,1,0,0,1,0,0,0,0
4602,2000000.0,4,0,1,0,1,0,0,0,1
4602,2000000.0,4,0,0,0,0,1,0,0,1
4602,2500000.0,4,0,1,0,1,0,1,0,0
4602,2500000.0,4,0,0,0,0,0,1,0,0
4603,2120000.0,4,0,1,0,1,0,0,0,1
4603,2120000.0,4,0,0,0,0,1,0,0,1
4603,2650000.0,4,0,1,0,1,0,1,0,0
4603,2650000.0,4,0,0,0,0,0,1,0,0
4604,2520000.0,6,0,1,0,1,0,0,0,1
4604,2520000.0,6,0,0,0,0,1,0,0,1
4604,3150000.0,6,0,1,0,1,0,1,0,0
4604,3150000.0,6,0,0,0,0,0,1,0,0
4605,285267.0,2,2,1,0,1,0,1,0,0
4605,327381.0,2,2,1,0,1,0,1,0,0
4606,350330.0,3,2,1,0,1,0,1,0,0
4606,371032.0,3,2,1,0,1,0,1,0,0
4607,420396.0,3,2,1,0,1,0,1,0,0
4607,445238.0,3,2,1,0,1,0,1,0,0
4608,641177.0,2,1,1,0,1,0,1,0,1
4608,723165.0,2,0,1,0,1,1,0,0,1
4608,687007.0,1,1,1,0,1,1,0,0,1
4609,641177.0,2,1,1,0,1,0,1,0,1
4609,681760.0,2,0,1,0,1,1,0,0,1
4610,714222.0,2,1,1,0,1,0,1,0,1
4610,765551.0,2,0,1,0,1,1,0,0,1
4611,854040.0,3,1,1,0,1,0,1,0,1
4611,862662.0,2,0,1,0,1,1,0,0,1
4612,1359375.0,4,1,1,0,1,0,1,0,1
4613,1528716.0,4,0,1,0,1,1,0,0,1
4614,429688.0,2,1,1,0,1,0,0,0,0
4614,515917.0,2,1,1,0,1,0,0,0,0
4615,468750.0,2,1,1,0,1,0,0,0,0
4616,507813.0,2,1,1,0,1,0,0,0,0
4616,578300.0,2,1,1,0,1,0,0,0,0
4617,549385.0,2,1,1,0,1,0,0,0,0
4618,277778.0,4,0,1,0,1,0,1,0,0
4619,277778.0,4,0,1,0,1,0,1,0,0
4620,277778.0,2,0,1,0,1,0,1,0,0
4621,458333.0,3,1,1,0,1,1,0,0,0
4621,462963.0,2,2,1,0,1,0,1,0,0
4622,550000.0,3,1,1,0,1,1,0,0,0
4622,555556.0,2,2,1,0,1,0,1,0,0
4623,550000.0,3,1,1,0,1,1,0,0,0
4623,555556.0,2,2,1,0,1,0,1,0,0
4624,460072.0,2,1,1,0,1,0,1,0,0
4624,579896.0,2,1,1,0,1,0,1,0,0
4624,550902.0,1,1,1,0,1,0,1,0,0
4625,496510.0,2,1,1,0,1,0,0,0,0
4626,571270.0,2,0,1,0,1,1,0,0,0
4626,609167.0,2,1,1,0,1,0,1,0,0
4627,1296283.0,2,1,1,1,1,1,0,0,0
4628,1296283.0,2,1,1,1,1,1,0,0,0
4628,1460317.0,2,1,1,1,1,1,0,0,0
4629,1577636.0,2,1,1,1,1,1,0,0,0
4630,1577636.0,2,1,1,1,1,1,0,0,0
4630,1784832.0,2,1,1,1,1,1,0,0,0
4631,2266059.0,2,1,1,1,1,1,0,0,0
4631,2300408.0,2,0,1,1,1,1,0,0,0
4632,3311489.0,2,1,1,1,1,1,0,0,0
4632,3466151.0,2,0,1,1,1,1,0,0,0
4633,363375.0,2,0,1,0,1,0,0,0,0
4633,327038.0,1,0,1,0,1,0,0,0,0
4634,288846.0,2,1,1,0,1,0,1,0,0
4635,288846.0,2,1,1,0,1,0,1,0,0
4635,340278.0,2,0,1,0,1,0,1,0,0
4636,324074.0,2,0,1,0,1,0,0,0,0
4636,340278.0,2,0,1,0,1,0,1,0,0
4637,391008.0,3,0,1,0,1,0,1,0,0
4638,628704.0,4,0,0,0,1,0,1,0,0
4639,399235.0,2,0,1,0,1,0,1,0,0
4640,509259.0,2,0,1,0,1,0,0,0,0
4641,431603.0,2,0,1,0,1,0,0,0,0
4641,480600.0,2,0,1,0,1,0,1,0,0
4642,499643.0,2,0,1,0,1,0,0,0,0
4642,524691.0,2,0,1,0,1,0,1,0,0
4643,547562.0,2,1,1,0,1,0,0,0,0
4643,568783.0,2,1,1,0,1,0,1,0,0
4644,547562.0,2,0,1,0,1,0,0,0,0
4644,568783.0,2,0,1,0,1,0,1,0,0
4645,762135.0,2,0,1,0,1,1,0,0,1
4645,781002.0,2,1,1,0,1,0,1,0,1
4646,1014892.0,2,2,1,0,1,0,1,0,1
4646,1042047.0,2,0,1,0,1,1,0,0,1
4647,1158473.0,3,2,1,0,1,0,1,0,1
4648,1215839.0,2,2,1,0,1,0,1,0,1
4648,1231113.0,2,0,1,0,1,1,0,0,1
4649,1096593.0,2,1,1,1,1,0,1,0,1
4649,1435185.0,2,0,1,1,1,0,1,0,1
4650,1203704.0,2,0,1,1,1,0,1,0,1
4651,1236759.0,2,1,1,1,1,0,1,0,1
4652,1426106.0,2,1,1,1,1,0,1,0,1
4653,1564815.0,2,0,1,1,1,0,1,0,1
4654,2012057.0,2,0,1,1,1,1,0,0,1
4654,2104177.0,2,0,1,1,1,0,1,0,1
4654,2314815.0,2,0,1,1,1,0,1,0,1
4655,2060847.0,2,1,1,1,1,0,1,0,1
4656,2638889.0,4,0,1,1,1,0,1,0,1
4657,640861.0,2,2,1,1,1,0,1,0,0
4658,728437.0,2,2,1,1,1,0,1,0,0
4658,729908.0,1,2,1,1,1,0,1,0,0
4659,819658.0,2,2,1,1,1,0,1,0,0
4660,825730.0,2,2,1,1,1,0,1,0,0
4660,930816.0,3,2,1,1,1,0,1,0,0
4660,723829.0,1,2,1,1,1,0,1,0,0
4661,870833.0,2,0,1,1,1,0,1,0,0
4662,950000.0,2,0,1,1,1,0,1,0,0
4663,1092500.0,2,0,1,1,1,0,1,0,0
4664,1098042.0,2,2,1,1,1,0,1,0,0
4664,1155833.0,4,0,1,1,1,0,1,0,0
4665,462963.0,2,0,1,0,1,1,0,0,0
4665,509259.0,4,0,1,0,1,1,0,0,0
4665,416667.0,1,0,1,0,1,1,0,0,0
4666,601852.0,6,0,1,0,1,1,0,0,0
4667,270926.0,2,0,1,0,1,0,0,0,0
4668,252407.0,1,0,1,0,1,0,0,0,0
4669,789174.0,2,0,1,0,1,0,1,0,0
4669,1111163.0,3,0,1,0,1,0,1,0,0
4670,1038436.0,4,0,1,0,1,0,1,0,0
4670,1526175.0,5,0,1,0,1,0,1,0,0
4671,332658.0,2,1,1,0,1,0,0,0,0
4671,398148.0,2,1,1,0,1,0,0,0,0
4672,442585.0,2,1,1,0,1,0,0,0,0
4672,444444.0,2,1,1,0,1,0,0,0,0
4673,549343.0,4,1,1,0,1,0,0,0,0
4673,555556.0,4,1,1,0,1,0,0,0,0
4674,375798.0,2,0,1,0,1,0,1,0,0
4674,388889.0,2,0,1,0,1,0,0,0,0
4675,450957.0,2,0,1,0,1,0,1,0,0
4675,481481.0,2,0,1,0,1,0,0,0,0
4676,555556.0,3,1,1,0,1,0,0,0,0
4676,585929.0,4,0,1,0,1,0,1,0,0
4677,296296.0,2,0,1,0,1,1,0,0,0
4678,398148.0,4,0,1,0,1,1,0,0,0
4679,646087.0,2,0,1,0,1,0,1,0,0
4680,732236.0,2,0,1,0,1,0,1,0,0
4680,874485.0,2,0,1,0,1,0,1,0,0
4681,771605.0,2,0,1,0,1,0,1,0,0
4682,675000.0,2,0,0,0,1,1,0,0,0
4683,1013269.0,2,0,1,0,1,0,1,0,1
4683,1064148.0,2,0,1,0,1,0,1,0,1
4684,1254815.0,2,0,1,0,1,0,1,0,1
4684,1383601.0,2,1,1,0,1,0,0,0,1
4685,1378422.0,2,0,1,0,1,0,1,0,1
4685,1442222.0,2,0,1,0,1,0,1,0,1
4686,1806074.0,2,1,1,0,1,0,0,0,1
4687,1637778.0,1,1,1,0,1,0,1,0,1
4688,801594.0,2,0,1,1,1,0,1,0,1
4689,343425.0,2,1,1,0,1,0,0,0,0
4690,402619.0,2,1,1,0,1,0,0,0,0
4691,449887.0,2,1,1,0,1,1,0,0,0
4692,598803.0,3,1,1,0,1,0,0,0,0
4693,693947.0,4,2,1,0,1,0,0,0,0
4694,799800.0,4,1,1,0,1,1,0,0,0
4695,545955.0,2,0,1,0,1,1,0,0,0
4696,662500.0,2,0,1,0,1,0,0,0,0
4696,693532.0,2,1,1,0,1,0,0,0,0
4697,249074.0,2,0,1,0,0,0,1,0,0
4697,224167.0,1,0,1,0,0,0,1,0,0
4698,1041667.0,2,0,1,0,1,0,0,0,1
4698,766667.0,1,0,1,0,1,0,0,0,1
4699,1431162.0,2,1,1,0,1,0,1,0,1
4699,1551833.0,2,0,1,0,1,0,0,0,1
4699,1175607.0,1,1,1,0,1,0,1,0,1
4700,1525000.0,2,0,1,0,1,0,0,0,1
4700,1250000.0,1,0,1,0,1,0,0,0,1
4701,1657654.0,2,0,1,0,1,0,0,0,1
4701,1916667.0,2,0,1,0,1,0,0,0,1
4701,2191667.0,3,0,1,0,1,0,0,0,1
4702,1798728.0,2,1,1,0,1,0,1,0,1
4702,1916667.0,2,0,1,0,1,0,0,0,1
4703,1798728.0,2,1,1,0,1,0,1,0,1
4703,1543667.0,1,1,1,0,1,0,1,0,1
4704,1065884.0,1,0,1,0,1,0,1,0,1
4704,1133333.0,1,0,1,0,1,0,0,0,1
4705,724944.0,2,1,0,0,1,0,0,0,0
4706,833333.0,2,0,0,0,0,0,0,0,0
4706,666667.0,1,0,0,0,0,0,0,0,0
4707,303333.0,2,0,1,0,1,1,0,0,0
4707,513172.0,2,1,1,0,1,0,0,0,0
4707,300300.0,1,1,1,0,1,1,0,0,0
4708,356481.0,2,0,1,0,1,0,0,0,0
4708,352917.0,1,0,1,0,1,0,0,0,0
4709,555556.0,2,0,1,0,1,0,0,0,0
4710,925926.0,4,0,1,0,1,0,0,0,0
4711,762963.0,4,0,1,0,1,0,0,0,0
4712,879630.0,2,0,1,0,1,0,0,0,0
4712,925926.0,4,0,1,0,1,0,0,0,0
4713,879630.0,2,0,1,0,1,0,0,0,0
4713,925926.0,4,0,1,0,1,0,0,0,0
4714,925807.0,2,0,1,0,1,0,1,0,0
4715,541667.0,2,0,1,0,1,0,0,0,0
4716,336600.0,2,0,1,0,1,1,0,0,0
4716,356400.0,1,0,1,0,1,0,0,0,0
4717,440000.0,2,0,1,0,1,1,0,0,0
4718,513333.0,3,0,1,0,1,0,0,0,0
4719,509259.0,2,0,1,0,1,0,0,0,0
4719,462963.0,1,0,1,0,1,0,0,0,0
4720,509259.0,2,0,1,0,1,0,0,0,0
4721,611111.0,2,0,1,0,1,0,0,0,0
4721,555556.0,1,0,1,0,1,0,0,0,0
4722,611111.0,2,0,1,0,1,0,0,0,0
4722,555556.0,1,0,1,0,1,0,0,0,0
4723,740741.0,3,0,1,0,1,0,0,0,0
4724,814815.0,3,0,1,0,1,0,0,0,0
4725,814815.0,4,0,1,0,1,0,0,0,0
4726,248441.0,2,1,1,0,1,1,0,0,0
4726,361552.0,2,1,1,0,1,0,0,0,0
4727,281432.0,2,1,1,0,1,1,0,0,0
4727,388007.0,2,1,1,0,1,0,0,0,0
4728,364583.0,2,1,1,0,1,1,0,0,0
4728,502646.0,2,1,1,0,1,0,0,0,0
4729,480843.0,3,1,1,0,1,1,0,0,0
4729,634921.0,3,1,1,0,1,0,0,0,0
4730,512453.0,2,1,1,0,1,0,0,0,0
4730,583333.0,2,1,1,0,1,1,0,0,0
4731,571382.0,2,1,1,0,1,1,0,0,0
4732,657023.0,2,1,1,0,1,1,0,0,0
4732,666667.0,2,1,1,0,1,1,0,0,0
4733,715198.0,2,1,1,0,1,0,0,0,0
4733,833333.0,2,1,1,0,1,1,0,0,0
4734,482811.0,2,0,1,0,1,0,0,0,0
4734,536456.0,3,0,1,0,1,0,0,0,0
4734,429165.0,1,0,1,0,1,0,0,0,0
4735,305556.0,2,0,1,0,1,0,1,0,0
4736,185185.0,2,0,1,0,1,0,0,0,0
4737,277778.0,3,0,1,0,1,0,0,0,0
4738,417676.0,2,1,1,0,1,0,0,0,0
4739,497624.0,2,1,1,0,1,0,0,0,0
4740,637654.0,2,1,1,0,1,0,0,0,0
4741,710956.0,2,1,1,0,1,0,0,0,0
4742,990905.0,6,1,1,0,1,0,0,0,0
4743,749934.0,2,0,0,0,0,1,0,0,0
4744,841206.0,2,0,0,0,0,1,0,0,0
4745,981732.0,2,0,0,0,0,1,0,0,0
4746,529465.0,2,1,1,0,1,0,0,0,0
4747,824537.0,2,0,0,0,0,1,0,0,0
4748,437424.0,2,1,1,0,1,0,0,0,0
4749,1018519.0,4,0,1,0,1,0,0,0,0
4750,673079.0,2,1,1,0,1,0,0,0,0
4751,637631.0,2,0,1,0,1,0,0,0,0
4752,339897.0,2,1,1,0,0,1,0,0,0
4753,820697.0,2,1,1,0,1,0,0,0,0
4754,727273.0,2,0,1,0,0,0,0,0,0
4755,727273.0,2,0,1,0,0,0,0,0,0
4756,502646.0,2,0,1,0,1,0,0,0,0
4757,759163.0,2,0,1,0,1,0,0,0,0
4758,907500.0,4,0,1,0,1,0,0,0,0
4759,3666667.0,2,0,1,0,1,0,0,0,0
4760,1430976.0,4,0,0,0,1,1,0,0,0
4761,555938.0,2,1,1,0,1,0,0,0,0
4762,370370.0,2,1,1,0,1,1,0,0,0
4763,972973.0,2,0,1,0,1,0,0,0,0
4764,1054054.0,2,0,1,0,1,0,0,0,0
4765,589226.0,2,0,0,0,0,1,0,0,0
4766,2330543.0,5,1,1,0,1,0,0,0,0
4767,842333.0,2,1,1,0,1,0,0,0,0
4768,486700.0,3,0,1,0,1,0,0,0,0
4769,818519.0,5,0,0,0,1,1,0,0,0
4770,1112122.0,2,1,1,0,1,0,0,0,0
4771,1630215.0,10,1,1,0,1,0,0,0,0
4772,609081.0,4,1,1,0,1,0,0,0,0
4773,469106.0,2,1,0,0,1,1,0,0,0
4774,340407.0,1,0,1,0,1,1,0,0,0
4775,680210.0,2,1,1,0,1,0,0,0,0
4776,658963.0,2,0,0,0,0,1,0,0,0
4777,654993.0,2,1,1,0,1,0,0,0,0
4778,1010101.0,2,0,0,0,1,1,0,0,0
4779,1240172.0,2,0,0,0,0,1,0,0,0
4780,1240172.0,2,0,0,0,0,1,0,0,0
4781,1240172.0,2,0,0,0,0,1,0,0,0
4782,1423296.0,4,1,1,0,1,0,0,0,0
4783,1664674.0,4,1,1,0,1,0,0,0,0
4784,437424.0,2,1,1,0,1,0,0,0,0
4785,680210.0,2,1,1,0,1,0,0,0,0
4786,403680.0,2,1,1,0,1,0,0,0,0
4787,815226.0,4,1,1,0,1,0,0,0,0
4788,819771.0,2,1,1,0,1,0,0,0,0
4789,992772.0,5,1,0,0,1,1,0,0,0
4790,616607.0,2,1,0,0,1,0,0,0,0
4791,996550.0,4,1,0,0,0,0,0,0,0
4792,735875.0,8,1,0,0,1,0,0,0,0
4793,1144781.0,3,0,0,0,0,1,0,0,0
4794,1144781.0,3,0,0,0,0,1,0,0,0
4795,1042615.0,3,1,1,0,1,1,0,0,0
4796,1238631.0,4,1,1,0,1,0,0,0,0
4797,1019050.0,2,1,0,0,0,1,0,0,0
4798,1333321.0,4,1,0,0,1,0,0,0,0
4799,1126593.0,8,5,0,0,1,0,0,0,0
4800,456867.0,2,1,1,0,1,0,0,0,0
4801,1574074.0,2,0,1,0,1,0,1,0,0
4802,1441138.0,4,1,0,0,1,0,0,0,0
4803,1000000.0,4,0,1,0,1,1,0,0,0
4804,522023.0,2,1,1,0,1,0,0,0,0
4805,763426.0,2,0,1,0,1,1,0,0,0
4806,1212387.0,5,1,0,0,1,0,0,0,0
4807,680873.0,4,1,1,0,0,1,0,0,0
4808,532407.0,6,0,0,0,1,1,0,0,0
4809,1102135.0,2,0,1,0,0,1,0,0,0
4810,1116101.0,2,0,1,0,0,1,0,0,0
4811,681096.0,2,0,0,0,0,1,0,0,0
4812,740741.0,4,0,1,0,0,1,0,0,0
4813,929709.0,10,1,1,0,1,0,0,0,0
4814,448850.0,2,1,0,0,1,0,0,0,0
4815,436483.0,2,1,1,0,1,0,0,0,0
4816,365320.0,2,0,0,0,0,1,0,0,0
4817,530303.0,4,0,0,0,0,1,0,0,0
4818,821799.0,2,1,1,0,1,0,0,0,0
4819,890952.0,4,1,1,0,1,0,0,0,0
4820,824956.0,2,0,1,0,1,0,0,0,0
4821,522530.0,2,0,1,0,1,1,0,0,0
4822,722762.0,2,0,1,0,1,1,0,0,0
4823,1234568.0,3,1,1,0,1,1,0,0,0
4824,268519.0,2,8,0,0,1,1,0,0,0
4825,504156.0,2,0,0,0,1,1,0,0,0
4825,585648.0,2,0,0,0,1,1,0,0,0
4826,515322.0,2,0,0,0,1,0,0,0,0
4827,566854.0,2,0,0,0,1,0,0,0,0
4828,325600.0,2,1,1,0,1,0,0,0,0
4828,409142.0,2,1,1,0,1,1,0,0,0
4829,550446.0,3,1,1,0,1,0,0,0,0
4829,627836.0,3,1,1,0,1,1,0,0,0
4830,1395946.0,2,0,1,1,1,1,0,0,0
4831,572222.0,2,0,1,0,1,0,1,0,0
4831,515000.0,1,1,1,0,1,0,1,0,0
4832,788889.0,2,2,1,0,1,0,1,0,0
4832,907222.0,3,1,1,0,1,0,1,0,0
4832,710000.0,1,2,1,0,1,0,1,0,0
4833,385688.0,2,0,1,0,1,0,0,0,0
4833,381831.0,1,1,1,0,1,0,0,0,0
4834,525938.0,3,1,1,0,1,0,0,0,0
4835,690367.0,2,0,1,0,1,1,0,0,0
4836,734547.0,2,0,1,0,1,1,0,0,0
4836,752104.0,2,0,1,0,1,0,1,0,0
4836,789815.0,2,1,1,0,1,0,1,0,0
4837,837743.0,2,0,1,0,1,0,0,0,0
4838,1049383.0,2,0,1,0,1,0,0,0,0
4839,320063.0,2,0,0,0,1,0,0,0,0
4840,320063.0,2,0,0,0,1,0,0,0,0
4841,310909.0,2,0,1,0,1,0,1,0,0
4842,384545.0,4,0,1,0,1,0,1,0,0
4843,102462.0,1,0,0,0,1,0,0,0,0
4843,177778.0,1,0,0,0,1,1,0,0,0
4844,158148.0,1,0,0,0,1,0,0,0,0
4845,375000.0,2,0,1,0,1,0,0,0,0
4845,416667.0,4,0,1,0,1,1,0,0,0
4846,1568898.0,2,0,0,0,0,1,0,0,0
4846,1824339.0,2,0,0,0,0,1,0,0,0
4847,3017160.0,2,0,0,0,0,1,0,0,0
4847,3432655.0,2,0,0,0,0,1,0,0,0
4848,1106713.0,2,2,1,0,1,1,0,0,0
4849,1511806.0,5,3,1,0,1,1,0,0,0
4850,810427.0,2,0,1,0,1,1,0,0,0
4851,936676.0,2,0,1,0,1,1,0,0,0
4852,1064815.0,2,0,1,0,1,1,0,0,0
4852,1054167.0,1,0,1,0,1,1,0,0,0
4853,1406481.0,2,0,1,0,1,1,0,0,0
4853,1420833.0,3,0,1,0,1,1,0,0,0
4853,1392130.0,1,0,1,0,1,1,0,0,0
4854,841023.0,2,1,1,0,1,1,0,0,0
4854,846344.0,2,1,1,0,1,0,0,0,0
4855,841023.0,2,1,1,0,1,1,0,0,0
4855,846615.0,2,1,1,0,1,0,0,0,0
4856,398044.0,2,0,1,0,1,0,1,0,0
4856,421458.0,2,0,1,0,1,1,0,0,0
4856,358240.0,1,0,1,0,1,0,1,0,0
4856,379313.0,1,0,1,0,1,1,0,0,0
4857,508426.0,4,0,1,0,1,0,1,0,0
4858,770000.0,2,0,1,0,0,0,0,0,0
4859,770000.0,2,0,1,0,0,0,0,0,0
4860,354167.0,2,0,1,0,1,0,1,0,0
4861,481667.0,2,0,1,0,1,0,1,0,0
4862,678878.0,2,0,0,0,1,0,1,0,0
4862,783087.0,3,0,0,0,1,0,1,0,0
4862,608469.0,1,0,0,0,1,0,1,0,0
4863,313683.0,7,1,0,0,1,0,0,0,0
4864,994421.0,2,1,1,0,1,0,0,0,0
4864,1000013.0,2,0,1,0,1,0,1,0,0
4865,1155046.0,2,1,1,0,1,0,0,0,0
4865,1161281.0,2,0,1,0,1,0,1,0,0
4866,264550.0,2,0,1,0,1,1,0,0,0
4866,667422.0,2,1,1,0,1,0,0,0,0
4867,720721.0,1,0,1,0,1,0,0,0,0
4868,810811.0,1,0,1,0,1,0,0,0,0
4869,399736.0,2,0,1,0,1,1,0,0,0
4870,444444.0,2,1,1,0,1,1,0,0,0
4870,458503.0,2,0,1,0,1,0,1,0,0
4871,625000.0,2,0,0,0,1,1,0,0,0
4872,396825.0,2,0,1,0,1,0,1,0,0
4873,396825.0,2,0,1,0,1,0,1,0,0
4873,436508.0,2,0,1,0,1,1,0,0,0
4874,965438.0,2,1,1,0,1,0,0,0,0
4874,965438.0,2,1,1,0,1,0,0,0,0
4875,965438.0,2,1,1,0,1,0,0,0,0
4875,965438.0,2,1,1,0,1,0,0,0,0
4876,670559.0,2,1,1,0,1,0,0,0,0
4877,858472.0,2,1,1,0,1,1,0,0,0
4877,772625.0,1,1,1,0,1,1,0,0,0
4878,440917.0,2,0,1,0,1,0,1,0,0
4878,442290.0,2,0,1,0,1,1,0,0,0
4879,529101.0,2,0,1,0,1,0,1,0,0
4880,1082510.0,2,0,1,0,1,0,0,0,0
4881,413603.0,4,0,0,0,0,0,0,0,0
4881,459559.0,4,0,0,0,0,0,1,0,0
4882,248162.0,1,0,0,0,0,0,0,0,0
4882,275736.0,1,0,0,0,0,0,1,0,0
4883,625000.0,2,1,1,0,0,0,0,0,0
4884,730000.0,2,1,1,0,0,0,0,0,0
4885,451257.0,2,0,0,0,0,0,0,0,0
4886,573319.0,2,0,0,0,0,0,0,0,0
4887,675764.0,2,0,0,0,0,0,0,0,0
4888,530561.0,2,0,1,0,1,0,0,0,0
4888,604938.0,2,0,1,0,1,0,0,0,0
4889,530561.0,2,0,1,0,1,0,0,0,0
4889,604938.0,2,0,1,0,1,0,0,0,0
4890,539815.0,2,0,0,0,1,0,0,0,0
4891,600000.0,2,0,0,0,1,0,0,0,0
4892,1851852.0,2,0,1,0,0,0,1,0,0
4893,231000.0,2,0,1,0,1,1,0,0,0
4893,220894.0,1,0,1,0,1,1,0,0,0
4894,315563.0,2,0,1,0,1,1,0,0,0
4894,330000.0,3,0,1,0,1,1,0,0,0
4894,280500.0,1,0,1,0,1,1,0,0,0
4895,141838.0,2,0,1,0,1,1,0,0,0
4896,262709.0,2,2,1,0,1,0,0,0,0
4897,458481.0,2,0,0,0,1,0,0,0,0
4898,520691.0,2,0,1,0,1,0,0,0,0
4899,545224.0,2,0,1,0,1,0,0,0,0
4900,793651.0,2,0,1,0,1,0,0,0,0
4901,970018.0,2,0,1,0,1,0,0,0,0
4902,1464006.0,2,0,1,0,1,1,0,0,0
4902,1812408.0,2,0,1,0,1,0,0,0,0
4902,1895944.0,2,0,1,0,1,0,0,0,0
4903,1812408.0,2,0,1,0,1,0,0,0,0
4903,1895944.0,2,0,1,0,1,0,0,0,0
4904,530303.0,2,0,0,0,0,1,0,0,0
4905,810662.0,2,0,1,0,0,0,0,0,0
4905,770129.0,1,0,1,0,0,0,0,0,0
4906,893383.0,2,0,1,0,0,0,0,0,0
4906,933585.0,1,0,1,0,0,0,0,0,0
4907,333333.0,2,0,1,0,1,1,0,0,0
4908,379630.0,2,0,1,0,1,1,0,0,0
4909,734913.0,2,1,1,0,1,0,0,0,0
4909,781674.0,1,1,1,0,1,0,0,0,0
4910,949688.0,2,1,1,0,1,0,0,0,0
4910,955574.0,4,1,1,0,1,0,0,0,0
4910,955548.0,1,1,1,0,1,0,0,0,0
4911,370370.0,2,0,1,0,1,0,0,0,0
4912,281358.0,2,0,0,0,0,1,0,0,0
4913,356282.0,2,0,0,0,0,1,0,0,0
4914,694444.0,2,0,1,0,1,0,1,0,0
4915,750000.0,2,0,1,0,1,0,1,0,0
4916,919118.0,2,0,0,0,1,0,1,0,0
4916,827206.0,1,0,0,0,1,0,1,0,0
4917,953314.0,2,1,0,0,1,0,0,0,0
4917,860183.0,1,1,0,0,1,0,0,0,0
4918,802222.0,2,0,1,0,1,0,0,0,0
4918,722000.0,1,0,1,0,1,0,0,0,0
4919,519077.0,2,1,0,0,1,1,0,0,0
4919,648148.0,2,1,0,0,1,0,0,0,0
4920,659373.0,3,1,0,0,1,1,0,0,0
4921,652971.0,2,1,1,0,1,0,0,0,0
4922,888889.0,2,0,1,0,1,0,1,0,0
4922,888889.0,4,0,1,0,1,0,1,0,0
4923,888889.0,2,0,1,0,1,0,1,0,0
4923,888889.0,2,0,1,0,1,0,1,0,0
4924,601852.0,2,0,0,0,1,0,1,0,0
4925,595658.0,2,1,1,0,1,0,0,0,0
4926,803928.0,4,2,1,0,1,0,0,0,0
4927,471190.0,2,0,1,0,1,0,0,0,0
4928,569701.0,2,0,1,0,1,0,0,0,0
4929,740741.0,2,0,0,0,1,1,0,0,0
4930,773579.0,2,1,0,0,1,0,0,0,0
4931,333333.0,2,0,1,0,1,0,1,0,0
4932,379630.0,2,1,1,0,1,0,1,0,0
4933,518519.0,4,0,1,0,1,0,1,0,0
4934,229779.0,2,0,1,0,0,0,0,0,0
4935,367647.0,2,0,1,0,0,0,0,0,0
4936,382518.0,2,1,1,0,1,0,0,0,0
4937,386123.0,2,0,1,0,1,0,0,0,0
4938,532259.0,2,0,1,0,1,1,0,0,0
4939,698934.0,2,0,1,0,1,0,0,0,0
4940,952778.0,3,0,1,0,1,0,1,0,0
4941,431313.0,6,1,1,0,1,0,0,0,0
4942,1111111.0,2,0,1,0,1,0,0,0,0
4943,1111111.0,2,0,1,0,1,0,0,0,0
4944,559167.0,2,0,1,0,1,0,1,0,0
4944,621296.0,3,0,1,0,1,0,1,0,0
4944,497037.0,1,0,1,0,1,0,1,0,0
4945,882396.0,2,0,1,1,1,1,0,0,0
4946,388007.0,2,0,1,0,1,0,1,0,0
4946,530912.0,2,0,1,0,1,0,1,0,0
4947,485009.0,2,1,1,0,1,0,1,0,0
4947,628028.0,2,0,1,0,1,0,1,0,0
4948,485009.0,2,1,1,0,1,0,1,0,0
4948,530912.0,2,0,1,0,1,0,1,0,0
4949,434259.0,2,0,0,0,1,0,0,0,0
4950,1080227.0,4,1,1,0,1,1,0,0,0
4951,418502.0,2,0,1,0,1,0,0,0,0
4952,562383.0,3,0,1,0,1,0,0,0,0
4953,558549.0,2,1,0,0,1,1,0,0,0
4954,396825.0,2,0,1,0,1,0,0,0,0
4955,396825.0,2,0,1,0,1,0,0,0,0
4956,518652.0,2,1,1,0,1,0,0,0,0
4957,396825.0,2,0,1,0,1,0,1,0,0
4958,608466.0,2,0,1,0,1,0,1,0,0
4959,333833.0,2,1,1,0,1,0,0,0,0
4959,428267.0,2,1,1,0,1,1,0,0,0
4960,629574.0,4,1,1,0,1,0,0,0,0
4960,733333.0,4,1,1,0,1,1,0,0,0
4961,507380.0,2,1,1,0,1,0,0,0,0
4962,645757.0,3,0,1,0,1,0,0,0,0
4963,490833.0,2,0,0,0,1,1,0,0,0
4963,461383.0,1,0,0,0,1,1,0,0,0
4964,545370.0,2,0,0,0,1,1,0,0,0
4965,542578.0,2,1,1,0,1,0,1,0,0
4966,682593.0,2,0,1,0,1,0,0,0,0
4966,987963.0,4,0,1,0,1,0,0,0,0
4966,889167.0,1,0,1,0,1,0,0,0,0
4967,948241.0,2,0,1,0,1,0,0,0,0
4967,987963.0,4,0,1,0,1,0,0,0,0
4967,970000.0,1,0,1,0,1,0,0,0,0
4968,312375.0,2,0,1,0,0,1,0,0,0
4968,347083.0,2,0,1,0,0,0,1,0,0
4968,341381.0,1,0,1,0,0,1,0,0,0
4969,423938.0,4,0,1,0,0,1,0,0,0
4969,471042.0,4,0,1,0,0,0,1,0,0
4970,740741.0,2,0,1,0,1,1,0,0,0
4970,666667.0,1,0,1,0,1,1,0,0,0
4971,907500.0,2,0,1,0,1,1,0,0,0
4972,392731.0,2,0,1,0,0,1,0,0,0
4973,409700.0,2,0,1,0,1,0,0,0,0
4973,462963.0,2,0,1,0,0,0,1,0,0
4973,416667.0,1,0,1,0,0,0,1,0,0
4974,615741.0,2,0,1,0,0,0,0,0,0
4975,681531.0,2,1,1,0,1,0,0,0,0
4976,982407.0,4,0,1,0,1,0,1,0,0
4977,648148.0,2,2,1,0,1,1,0,0,0
4978,844060.0,2,2,1,0,1,1,0,0,0
4978,879630.0,2,0,1,0,1,0,1,0,0
4979,844060.0,2,2,1,0,1,1,0,0,0
4979,879630.0,2,0,1,0,1,0,1,0,0
4980,330439.0,2,0,1,0,1,1,0,0,0
4981,370370.0,2,0,1,0,1,0,1,0,0
4981,333333.0,1,0,1,0,1,0,1,0,0
4982,1168185.0,2,1,1,0,1,0,0,0,0
4983,190258.0,2,0,1,0,0,0,0,0,0
4983,211397.0,3,0,1,0,0,0,0,0,0
4983,169118.0,1,0,1,0,0,0,0,0,0
4984,1111111.0,2,4,1,0,0,0,1,0,0
4984,1388889.0,4,2,1,0,0,0,1,0,0
4985,948944.0,2,0,1,0,1,0,0,0,0
4986,1013376.0,1,0,1,0,1,0,0,0,0
4987,706228.0,2,0,1,0,1,0,0,0,0
4987,1011574.0,2,0,1,0,1,0,1,0,0
4988,788280.0,2,0,1,0,1,0,0,0,0
4989,405556.0,2,1,1,0,1,0,1,0,0
4990,694444.0,4,2,1,0,1,0,1,0,0
4991,370370.0,2,0,1,0,1,1,0,0,0
4991,333333.0,1,0,1,0,1,1,0,0,0
4992,1102655.0,4,1,1,0,1,0,0,0,0
4993,503126.0,2,1,0,0,1,0,0,0,0
4994,395238.0,2,0,0,0,0,0,1,0,0
4994,465933.0,2,0,0,0,0,0,0,0,0
4995,436508.0,2,0,0,0,0,0,1,0,0
4995,545563.0,2,0,0,0,0,1,0,0,0
4996,473872.0,2,1,1,0,1,0,0,0,0
4997,1235128.0,2,0,0,0,0,1,0,0,0
4998,724725.0,4,2,0,0,1,0,0,0,0
4999,436741.0,2,1,1,0,1,0,0,0,0
5000,544296.0,2,1,1,0,1,0,0,0,0
5001,474765.0,2,1,1,0,1,0,0,0,0
5002,312381.0,2,1,1,0,1,0,0,0,0
5002,393204.0,2,1,1,0,1,1,0,0,0
5003,457910.0,4,1,1,0,1,0,0,0,0
5003,524481.0,4,1,1,0,1,1,0,0,0
5004,220370.0,2,0,1,0,1,0,0,0,0
5005,283333.0,4,0,1,0,1,0,0,0,0
5005,300000.0,2,0,1,0,1,0,0,0,0
5005,266667.0,1,0,1,0,1,0,0,0,0
5006,425926.0,2,0,1,0,1,0,0,0,0
5007,532407.0,2,0,1,0,1,0,0,0,0
5008,655350.0,2,0,1,0,1,0,1,0,0
5008,712813.0,2,0,1,0,1,1,0,0,0
5009,666667.0,2,0,1,0,1,0,1,0,0
5010,1250000.0,15,0,1,0,1,1,0,0,0
5011,954499.0,5,0,1,0,1,0,0,0,0
5012,1018519.0,4,0,1,0,0,0,1,0,0
5012,1120370.0,5,0,1,0,0,1,0,0,0
5012,814815.0,1,0,1,0,0,0,1,0,0
5013,277778.0,2,0,0,0,0,0,1,0,0
5013,250000.0,1,0,0,0,0,0,1,0,0
5014,324074.0,2,0,0,0,0,0,1,0,0
5014,291667.0,1,0,0,0,0,0,1,0,0
5015,321691.0,2,0,1,0,0,0,0,0,0
5015,418199.0,3,0,1,0,0,0,0,0,0
5016,321691.0,2,0,1,0,0,0,0,0,0
5017,275019.0,2,0,1,0,1,0,0,0,0
5017,320484.0,2,0,1,0,1,0,0,0,0
5018,469106.0,2,0,1,0,1,1,0,0,0
5019,1083333.0,5,0,0,0,1,1,0,0,0
5020,410538.0,2,0,0,0,1,1,0,0,0
5021,525000.0,2,1,0,0,1,0,1,0,0
5022,750226.0,5,1,1,0,1,0,0,0,0
5023,1936027.0,6,0,0,0,1,1,0,0,0
5024,1140728.0,5,1,1,0,1,0,0,0,0
5025,462685.0,2,0,1,0,1,0,1,0,0
5026,573519.0,2,0,1,0,1,0,1,0,0
5027,1018519.0,2,0,1,0,1,0,0,0,0
5027,814815.0,1,0,1,0,1,0,0,0,0
5028,1222222.0,2,0,1,0,1,0,0,0,0
5028,1018519.0,1,0,1,0,1,0,0,0,0
5029,1578704.0,3,0,1,0,1,0,0,0,0
5030,1578704.0,2,0,1,0,1,0,0,0,0
5030,2240741.0,4,0,1,0,1,0,0,0,0
5031,442535.0,2,0,1,0,0,0,0,0,0
5032,571878.0,2,0,1,0,0,0,0,0,0
5033,623615.0,4,0,1,0,0,0,0,0,0
5034,458333.0,2,0,1,0,1,0,0,0,0
5035,550926.0,2,0,1,0,1,0,0,0,0
5036,601852.0,2,0,1,0,1,0,0,0,0
5037,638889.0,4,0,1,0,1,0,0,0,0
5038,662037.0,2,0,1,0,1,1,0,0,0
5038,529630.0,1,0,1,0,1,1,0,0,0
5039,1080227.0,2,1,1,0,1,0,0,0,0
5040,229779.0,2,0,1,0,0,0,0,0,1
5041,266545.0,2,0,1,0,0,0,0,0,1
5042,919118.0,2,0,1,0,1,0,0,0,0
5043,655556.0,2,0,0,0,0,1,0,0,0
5043,1111111.0,4,0,0,0,0,1,0,0,0
5043,611111.0,1,0,0,0,0,1,0,0,0
5044,413603.0,2,0,1,0,1,0,0,0,0
5044,537684.0,3,0,1,0,1,0,0,0,0
5045,740741.0,1,0,1,0,0,0,1,0,0
5046,740741.0,1,0,1,0,0,0,1,0,0
5047,925926.0,2,0,1,0,1,1,0,0,0
5048,1328874.0,4,2,1,0,1,0,0,0,0
5049,1328874.0,4,2,1,0,1,0,0,0,0
5050,509259.0,2,0,1,0,0,1,0,0,0
5051,555556.0,2,0,1,0,0,1,0,0,0
5052,694444.0,2,0,1,0,0,1,0,0,0
5053,708333.0,2,0,1,0,0,1,0,0,0
5054,787037.0,2,0,1,0,0,1,0,0,0
5054,708333.0,1,0,1,0,0,1,0,0,0
5055,649432.0,2,1,0,0,1,0,0,0,0
5056,416667.0,2,0,0,0,0,0,1,0,0
5056,375000.0,1,0,0,0,0,0,1,0,0
5057,462963.0,2,0,0,0,0,0,1,0,0
5057,416667.0,1,0,0,0,0,0,1,0,0
5058,1324074.0,2,0,1,0,0,1,0,0,0
5059,2407407.0,9,0,1,0,0,1,0,0,0
5060,1018519.0,1,0,1,0,0,1,0,0,0
5061,607639.0,2,1,0,0,1,1,0,0,0
5062,742130.0,2,1,0,0,1,1,0,0,0
5063,810185.0,2,1,0,0,1,1,0,0,0
5064,878241.0,2,1,0,0,1,1,0,0,0
5065,944676.0,2,1,0,0,1,1,0,0,0
5066,672243.0,2,2,1,0,1,0,0,0,1
5067,750349.0,2,2,1,0,1,0,0,0,1
5068,945068.0,3,2,1,0,1,0,0,0,1
5069,2124113.0,2,2,1,0,1,0,0,0,1
5070,357143.0,2,1,1,0,1,1,0,0,0
5071,357143.0,2,1,1,0,1,1,0,0,0
5072,357143.0,2,1,1,0,1,1,0,0,0
5073,357143.0,2,1,1,0,1,1,0,0,0
5074,357143.0,2,1,1,0,1,1,0,0,0
5075,357143.0,2,1,1,0,1,1,0,0,0
5076,396825.0,2,1,1,0,1,1,0,0,0
5077,396825.0,2,1,1,0,1,1,0,0,0
5078,396825.0,2,1,1,0,1,1,0,0,0
5079,436508.0,2,3,1,0,1,1,0,0,0
5080,436508.0,2,3,1,0,1,1,0,0,0
5081,1171171.0,2,0,1,0,1,0,0,0,0
5082,1441442.0,3,0,1,0,1,0,0,0,0
5083,1531532.0,4,0,1,0,1,0,0,0,0
5084,1531532.0,3,0,1,0,1,0,0,0,0
5085,1057068.0,2,0,1,0,1,0,1,0,1
5086,1305080.0,2,1,1,0,1,0,1,0,1
5087,1484444.0,2,1,1,0,1,0,1,0,1
5088,400000.0,2,0,1,0,1,0,0,0,0
5089,500000.0,2,0,1,0,1,0,0,0,0
5090,600000.0,3,0,1,0,1,0,0,0,0
5091,700000.0,2,0,1,0,1,0,0,0,0
5092,731786.0,2,1,1,0,1,0,0,0,0
5093,996550.0,2,1,1,0,1,0,0,0,0
5094,1308189.0,2,1,1,0,1,0,0,0,0
5094,1416667.0,2,1,1,0,0,1,0,0,0
5095,908222.0,2,1,1,0,1,0,0,0,0
5096,716896.0,2,1,0,0,1,0,0,0,0
5097,405000.0,2,0,1,0,1,0,0,0,0
5097,384750.0,1,0,1,0,1,0,0,0,0
5098,498750.0,2,0,1,0,1,0,0,0,0
5098,525000.0,3,0,1,0,1,0,0,0,0
5099,1531217.0,2,1,0,0,1,0,0,0,0
5100,436111.0,2,0,1,0,0,1,0,0,0
5101,540741.0,2,0,1,0,0,1,0,0,0
5102,591667.0,4,0,1,0,0,1,0,0,0
5103,428572.0,2,0,0,0,1,0,0,0,0
5103,761905.0,4,0,0,0,1,0,0,0,0
5104,619048.0,2,0,0,0,1,0,0,0,0
5105,857143.0,4,0,0,0,1,0,0,0,0
5106,1209747.0,2,1,1,0,1,0,0,0,0
5107,4923750.0,2,0,0,0,1,1,0,0,0
5108,4923750.0,4,0,0,0,1,1,0,0,0
5109,272065.0,2,1,1,0,1,0,0,0,0
5110,955390.0,4,1,0,0,1,1,0,0,0
5111,1285185.0,4,0,0,0,0,0,0,0,0
5112,723955.0,2,0,1,0,1,0,0,0,0
5113,1143519.0,2,0,0,0,0,1,0,0,0
5113,1203704.0,4,0,0,0,0,1,0,0,0
5113,1083333.0,1,0,0,0,0,1,0,0,0
5114,2172884.0,4,1,0,0,1,0,0,0,0
5115,509228.0,2,1,1,0,1,0,0,0,0
5116,1037037.0,2,0,1,0,0,1,0,0,0
5116,1101852.0,3,0,1,0,0,1,0,0,0
5116,972222.0,1,0,1,0,0,1,0,0,0
5117,614365.0,2,0,1,0,1,0,0,0,1
5117,680556.0,2,0,1,0,1,0,0,0,1
5118,879098.0,4,0,1,0,1,0,0,0,1
5118,906944.0,4,0,1,0,1,0,0,0,1
5119,1132222.0,2,0,1,0,1,0,0,0,1
5120,300000.0,2,0,1,0,1,0,1,0,0
5121,375000.0,3,0,1,0,1,0,1,0,0
5122,510658.0,2,0,1,0,1,0,1,0,0
5123,696032.0,2,0,1,0,1,0,1,0,0
5124,880848.0,2,0,1,0,1,0,1,0,0
5125,880848.0,2,0,1,0,1,0,1,0,0
5126,637963.0,2,1,0,0,0,1,0,0,0
5126,574167.0,1,1,0,0,0,1,0,0,0
5127,675000.0,2,2,0,0,0,1,0,0,0
5127,607500.0,1,2,0,0,0,1,0,0,0
5128,243104.0,2,1,1,0,1,0,0,0,0
5129,1163321.0,2,1,0,0,1,0,0,0,0
5130,1037037.0,2,0,0,0,1,1,0,0,0
5130,1166667.0,3,0,0,0,1,1,0,0,0
5130,907407.0,1,0,0,0,1,1,0,0,0
5131,1037037.0,2,0,0,0,1,1,0,0,0
5131,1185185.0,3,0,0,0,1,1,0,0,0
5131,888889.0,1,0,0,0,1,1,0,0,0
5132,1111111.0,2,0,0,0,1,1,0,0,0
5132,1333333.0,3,0,0,0,1,1,0,0,0
5132,888889.0,1,0,0,0,1,1,0,0,0
5133,1185185.0,2,0,0,0,1,1,0,0,0
5133,1333333.0,3,0,0,0,1,1,0,0,0
5133,1037037.0,1,0,0,0,1,1,0,0,0
5134,1481481.0,4,0,0,0,1,1,0,0,0
5135,636106.0,2,1,1,0,1,1,0,0,0
5136,416667.0,2,0,1,0,1,1,0,0,0
5136,370370.0,1,0,1,0,1,1,0,0,0
5137,324074.0,1,0,1,0,1,1,0,0,0
5138,507937.0,2,1,1,0,0,0,0,0,0
5139,547619.0,2,1,1,0,0,0,0,0,0
5140,1329345.0,2,1,1,1,1,0,1,0,1
5140,1396825.0,2,1,1,1,1,0,1,0,1
5141,1495370.0,2,0,1,1,1,1,0,0,1
5141,1589593.0,2,1,1,1,1,0,1,0,1
5141,1615079.0,2,1,1,1,1,0,1,0,1
5142,866400.0,2,1,1,0,1,0,0,0,0
5143,462963.0,2,0,0,0,1,1,0,0,0
5143,439815.0,1,0,0,0,1,1,0,0,0
5144,555556.0,2,0,1,0,0,1,0,0,0
5145,925926.0,2,0,1,0,0,1,0,0,0
5146,294646.0,2,1,1,0,1,0,0,0,0
5147,11350.0,2,1,1,0,1,1,0,0,0
5148,14377.0,2,1,1,0,1,1,0,0,0
5149,16774.0,2,1,1,0,1,1,0,0,0
5150,19170.0,2,1,1,0,1,1,0,0,0
5151,22518.0,4,1,1,0,1,1,0,0,0
5152,23962.0,2,1,1,0,1,1,0,0,0
5153,27522.0,4,1,1,0,1,1,0,0,0
5154,330883.0,2,0,1,0,1,0,0,0,0
5154,297795.0,1,0,1,0,1,0,0,0,0
5155,367647.0,3,0,1,0,1,0,0,0,0
5156,1387228.0,2,1,0,0,1,0,0,0,0
5157,294646.0,2,1,1,0,1,0,0,0,0
5158,310154.0,2,0,1,0,1,0,0,0,0
5159,387734.0,2,0,1,0,1,1,0,0,1
5160,681733.0,2,1,1,0,1,0,0,0,1
5161,885417.0,2,0,1,0,0,1,0,0,1
5161,937500.0,3,0,1,0,0,1,0,0,1
5161,833333.0,1,0,1,0,0,1,0,0,1
5162,1069774.0,4,1,1,0,1,1,0,0,1
5163,1067778.0,2,0,1,0,1,1,0,0,0
5164,1097917.0,2,0,1,0,0,1,0,0,0
5164,1158912.0,4,0,1,0,0,1,0,0,0
5165,1412139.0,2,1,1,0,1,0,0,0,0
5165,1527972.0,3,1,1,0,1,0,0,0,0
5165,1302124.0,1,1,1,0,1,0,0,0,0
5166,638889.0,2,0,1,0,1,1,0,0,0
5167,992772.0,2,1,1,0,1,0,0,0,0
5168,324074.0,2,0,0,0,1,1,0,0,0
5169,462963.0,4,0,0,0,1,1,0,0,0
5170,1082221.0,2,1,1,0,1,0,0,0,0
5170,1291667.0,2,1,1,0,0,0,1,0,0
5171,750000.0,2,0,1,0,0,1,0,0,0
5171,791667.0,3,0,1,0,0,1,0,0,0
5171,708333.0,1,0,1,0,0,1,0,0,0
5172,833581.0,4,1,1,0,1,0,0,0,0
5173,340500.0,2,0,1,0,1,0,0,0,1
5174,431319.0,2,0,1,0,1,0,0,0,1
5175,450367.0,4,0,1,0,1,0,0,0,1
5176,780595.0,4,0,1,0,1,0,0,0,1
5177,1291667.0,3,0,1,0,1,1,0,0,0
5178,1136200.0,2,1,0,0,1,0,0,0,0
5179,816614.0,2,1,1,0,1,1,0,0,0
5180,190698.0,2,0,0,0,0,1,0,0,1
5181,190698.0,2,0,0,0,0,1,0,0,1
5182,9556200.0,2,9,1,0,1,1,0,0,0
5183,833333.0,2,2,0,0,0,1,0,0,0
5183,879630.0,3,2,0,0,0,1,0,0,0
5183,787037.0,1,2,0,0,0,1,0,0,0
5184,930394.0,2,1,0,0,1,0,0,0,0
5184,1051346.0,3,1,0,0,1,0,0,0,0
5184,896794.0,1,1,0,0,1,0,0,0,0
5185,557157.0,2,1,0,0,1,0,0,0,0
5186,557157.0,2,1,0,0,1,0,0,0,0
5187,777616.0,2,1,0,0,1,0,0,0,0
5187,1111111.0,2,0,0,0,0,0,0,0,0
5188,777616.0,2,1,0,0,1,0,0,0,0
5189,1018519.0,2,0,0,0,0,0,0,0,0
5190,253377.0,2,1,0,0,1,0,0,0,0
5190,290417.0,2,0,0,0,0,0,0,0,0
5190,392917.0,2,0,0,0,0,0,0,0,1
5191,274410.0,2,1,0,0,1,0,0,0,0
5191,369444.0,2,0,0,0,0,0,0,0,0
5191,424861.0,2,0,0,0,0,0,0,0,1
5192,363665.0,4,1,0,0,1,0,0,0,0
5192,376991.0,4,0,0,0,0,0,0,0,0
5193,503074.0,6,1,0,0,0,0,0,0,0
5193,537715.0,5,1,0,0,1,0,0,0,0
5194,263493.0,2,1,0,0,1,0,0,0,0
5194,305556.0,2,0,0,0,0,1,0,0,0
5194,275000.0,1,1,0,0,0,1,0,0,0
5195,427334.0,4,1,0,0,1,0,0,0,0
5195,444444.0,4,0,0,0,0,1,0,0,0
5196,389365.0,2,1,0,0,1,0,0,0,0
5196,416667.0,2,0,0,0,0,0,0,0,0
5196,375000.0,1,1,0,0,0,0,0,0,0
5197,638889.0,4,0,0,0,0,0,0,0,0
5198,376419.0,2,1,1,0,1,0,0,0,0
5199,782326.0,2,1,1,0,1,1,0,0,0
5200,338526.0,2,1,1,0,0,1,0,0,0
5201,1492524.0,2,1,0,0,1,1,0,0,0
5202,1323513.0,2,1,0,0,1,1,0,0,0
5203,1834714.0,2,1,0,0,1,0,0,0,0
5204,778782.0,2,1,1,0,1,1,0,0,0
5205,1092930.0,2,0,1,0,1,1,0,0,0
5206,1493937.0,2,0,1,0,1,1,0,0,1
5207,514042.0,2,1,1,0,1,0,0,0,0
5207,656389.0,2,1,1,0,1,1,0,0,0
5208,416667.0,2,1,1,0,1,0,1,0,0
5209,657550.0,2,1,1,0,1,1,0,0,0
5210,464938.0,2,0,0,0,0,1,0,0,0
5211,2104377.0,2,0,0,0,1,1,0,0,0
5212,631392.0,2,1,1,0,1,0,0,0,0
5213,725558.0,2,1,1,0,1,0,0,0,0
5214,433779.0,2,1,1,0,1,0,0,0,0
5215,555556.0,2,0,1,0,1,1,0,0,0
5216,601852.0,2,0,1,0,1,1,0,0,0
5217,601852.0,3,0,1,0,1,1,0,0,0
5218,601852.0,2,1,1,0,1,1,0,0,0
5219,740741.0,1,1,1,0,1,1,0,0,0
5220,1121774.0,2,1,1,0,1,0,0,0,0
5221,787037.0,2,0,1,0,1,1,0,0,0
5222,774228.0,2,1,1,0,1,0,0,0,0
5223,657550.0,2,1,1,0,1,0,0,0,1
5224,1080227.0,2,1,0,0,1,0,0,0,0
5225,351214.0,2,0,1,0,1,0,0,0,0
5226,390238.0,2,1,1,0,1,0,0,0,0
5227,295562.0,2,0,0,0,0,1,0,0,0
5228,506617.0,2,1,1,0,1,0,0,0,0
5229,462963.0,3,0,1,0,0,0,0,0,0
5230,582751.0,2,0,1,0,0,0,1,0,0
5231,582751.0,2,0,1,0,0,0,1,0,0
5232,583777.0,2,0,1,0,0,0,1,0,0
5233,583777.0,2,0,1,0,0,0,1,0,0
5234,609171.0,2,0,1,0,0,0,1,0,0
5235,813095.0,2,0,1,0,0,0,1,0,0
5236,812646.0,2,0,0,0,0,1,0,0,0
5237,372340.0,2,1,1,0,1,0,0,0,0
5238,2080842.0,2,1,1,0,1,0,0,0,0
5239,1738624.0,4,1,1,0,1,0,0,0,0
5240,1236472.0,2,1,1,0,1,0,0,0,0
5241,860759.0,2,0,1,0,1,0,0,0,0
5242,833333.0,2,0,0,0,1,1,0,0,0
5243,930114.0,2,1,1,0,1,1,0,0,0
5244,996550.0,2,1,0,0,1,0,0,0,0
5245,243244.0,2,0,1,0,1,0,0,0,0
5246,283784.0,4,0,1,0,1,0,0,0,0
5247,283784.0,3,0,1,0,1,0,0,0,0
5248,486487.0,6,0,1,0,1,0,0,0,0
5249,462963.0,2,0,1,0,0,0,1,0,0
5249,416667.0,1,0,1,0,0,0,1,0,0
5250,462963.0,2,0,1,0,0,0,1,0,0
5250,416667.0,1,0,1,0,0,0,1,0,0
5251,714348.0,2,1,0,0,1,1,0,0,0
5252,901748.0,2,0,1,0,1,1,0,0,0
5253,864198.0,3,0,1,0,1,1,0,0,1
5254,864198.0,3,0,1,0,1,1,0,0,1
5255,970018.0,4,0,1,0,1,1,0,0,1
5256,1119929.0,2,0,1,0,1,1,0,0,1
5257,1322751.0,3,0,1,0,1,1,0,0,1
5258,1410935.0,2,0,1,0,1,1,0,0,1
5259,1763668.0,2,0,1,0,1,1,0,0,1
5260,825000.0,2,2,1,0,1,1,0,0,0
5260,870833.0,3,1,1,0,1,1,0,0,0
5261,420335.0,2,1,1,0,1,0,0,0,0
5262,1492524.0,2,1,1,0,1,0,0,0,0
5263,1387228.0,2,1,0,0,1,0,0,0,0
5264,459630.0,2,1,1,0,1,1,0,0,0
5265,590278.0,4,0,1,0,1,1,0,0,0
5266,656389.0,4,0,1,0,1,1,0,0,0
5267,778782.0,2,1,1,0,1,1,0,0,0
5268,1181818.0,4,0,1,0,1,1,0,0,1
5269,1181818.0,2,0,1,0,1,1,0,0,1
5270,1181818.0,4,0,1,0,1,1,0,0,1
5271,10000000.0,16,0,1,0,1,1,0,0,1
5272,778782.0,2,1,1,0,1,1,0,0,0
5273,911585.0,2,1,1,0,1,0,0,0,1
5274,458333.0,2,1,0,0,0,0,0,0,0
5274,412500.0,1,1,0,0,0,0,0,0,0
5275,559778.0,2,1,0,0,0,0,0,0,0
5276,611111.0,3,1,0,0,0,0,0,0,0
5277,712556.0,4,2,0,0,0,0,0,0,0
5278,1524181.0,2,1,1,0,1,0,0,0,0
5279,529465.0,2,1,1,0,1,0,0,0,0
5280,1374501.0,2,1,0,0,1,0,0,0,0
5281,1084319.0,2,1,1,0,1,0,0,0,0
5282,1055556.0,2,0,0,0,1,1,0,0,0
5283,1203704.0,2,0,1,0,1,1,0,0,0
5284,877778.0,2,0,1,0,0,1,0,0,0
5285,1204799.0,2,1,1,0,1,0,0,0,0
5286,694444.0,2,1,1,0,1,1,0,0,0
5287,983333.0,6,0,1,0,1,1,0,0,0
5288,383485.0,2,0,1,0,0,0,0,0,0
5288,379688.0,1,0,1,0,0,0,0,0,0
5289,492188.0,3,0,1,0,0,0,0,0,0
5290,593065.0,2,1,1,0,1,0,0,0,0
5291,425926.0,2,0,1,0,0,1,0,0,0
5292,850000.0,2,0,0,0,1,1,0,0,0
5293,373848.0,2,1,1,0,1,0,0,0,0
5294,444444.0,2,0,1,0,0,0,0,0,0
5295,444444.0,2,0,1,0,0,0,0,0,0
5296,555556.0,3,0,1,0,0,0,0,0,0
5297,330883.0,2,0,1,0,0,0,0,0,1
5297,297795.0,1,0,1,0,0,0,0,0,1
5298,352941.0,2,0,1,0,0,0,0,0,1
5298,375000.0,3,0,1,0,0,0,0,0,1
5299,657550.0,2,1,1,0,1,0,0,0,0
5300,1236472.0,2,1,1,0,1,0,0,0,0
5301,695196.0,2,1,1,0,1,0,0,0,0
5302,774228.0,2,1,1,0,1,0,0,0,0
5303,1001854.0,2,0,0,0,0,1,0,0,1
5304,1122138.0,2,0,0,0,0,1,0,0,1
5305,911208.0,2,1,0,0,1,0,1,0,0
5306,3230012.0,2,1,1,0,1,0,0,0,1
5307,680210.0,2,1,1,0,1,0,0,0,0
5308,608962.0,2,1,1,0,1,0,0,0,0
5309,749312.0,2,1,1,0,0,1,0,0,0
5310,996550.0,2,1,1,0,1,0,0,0,0
5311,1035376.0,2,1,1,0,1,0,1,0,0
5312,4037517.0,2,1,1,0,1,0,0,0,0
5313,429262.0,2,1,0,0,1,0,0,0,0
5314,1692291.0,2,0,0,0,0,1,0,0,0
5315,925000.0,5,0,0,0,1,1,0,0,0
5316,260159.0,3,1,1,0,1,0,0,0,0
5317,786407.0,2,1,1,0,1,0,0,0,0
5318,1310574.0,2,1,1,0,1,0,0,0,0
5319,1240499.0,2,0,0,0,0,1,0,0,0
5319,1712419.0,2,0,0,0,0,1,0,0,0
5320,1254343.0,2,0,0,0,0,1,0,0,0
5320,1712419.0,2,0,0,0,0,1,0,0,0
5321,1255426.0,2,0,0,0,0,1,0,0,0
5321,1540771.0,2,0,0,0,0,1,0,0,0
5322,400950.0,2,0,1,0,0,1,0,0,0
5322,380903.0,1,0,1,0,0,1,0,0,0
5323,507870.0,2,0,1,0,0,1,0,0,0
5323,534600.0,3,0,1,0,0,1,0,0,0
5323,481140.0,1,0,1,0,0,1,0,0,0
5324,366883.0,2,0,1,0,0,0,0,0,0
5324,579045.0,1,0,1,0,0,0,0,0,0
5325,497912.0,3,0,1,0,0,0,0,0,0
5326,564650.0,2,0,0,0,0,1,0,0,0
5327,608843.0,2,1,1,0,1,0,0,0,0
5328,926588.0,4,1,1,0,1,1,0,0,0
5329,1664674.0,4,1,1,0,1,0,0,0,0
5330,507492.0,2,1,1,0,1,0,0,0,0
5331,762683.0,4,1,0,0,1,1,0,0,0
5332,910856.0,2,1,0,0,1,0,0,0,0
5333,637654.0,2,1,1,0,1,0,0,0,0
5334,1163321.0,5,1,1,0,1,0,0,0,0
5335,1708575.0,2,0,0,0,1,1,0,0,0
5336,1976250.0,4,0,0,0,1,1,0,0,0
5337,1019445.0,4,1,1,0,1,0,0,0,0
5338,1629038.0,2,1,1,0,1,0,0,0,0
5339,407582.0,4,1,1,0,1,0,0,0,0
5340,390238.0,2,1,1,0,1,0,0,0,0
5341,307.0,30,1,1,0,1,0,0,0,0
5342,766667.0,6,0,0,0,1,1,0,0,0
5343,1388889.0,9,0,0,0,1,1,0,0,0
5344,313683.0,2,1,1,0,1,1,0,0,0
5345,1111111.0,4,2,1,0,1,1,0,0,0
5346,878794.0,6,1,0,0,1,1,0,0,0
5347,475000.0,2,0,1,0,1,1,0,0,0
5347,427500.0,1,0,1,0,1,1,0,0,0
5348,475000.0,2,0,1,0,1,1,0,0,0
5348,427500.0,1,0,1,0,1,1,0,0,0
5349,992772.0,4,1,1,0,1,0,0,0,0
5350,1229451.0,4,1,1,0,1,0,0,0,0
5351,819771.0,4,1,1,0,1,0,0,0,0
5352,608962.0,2,1,1,0,1,0,0,0,0
5353,349742.0,2,0,0,0,1,0,0,0,0
5353,295419.0,1,0,0,0,1,0,0,0,0
5354,424081.0,2,0,0,0,1,0,0,0,0
5354,369274.0,1,0,0,0,1,0,0,0,0
5355,533719.0,4,1,1,0,1,1,0,0,0
5356,680210.0,2,1,1,0,1,0,0,0,0
5357,1216186.0,4,1,0,0,1,0,0,0,0
5358,637654.0,2,1,1,0,1,0,0,0,0
5359,649432.0,2,1,1,0,1,0,0,0,0
5360,390607.0,2,1,1,0,1,1,0,0,0
5361,460608.0,2,1,1,0,1,0,0,0,0
5362,1296198.0,4,1,1,0,1,0,0,0,0
5363,508286.0,2,1,0,0,1,0,0,0,0
5364,1001026.0,4,1,0,0,1,0,0,0,0
5365,375000.0,2,0,0,0,1,0,1,0,0
5365,672917.0,3,0,0,0,1,0,1,0,0
5365,356250.0,1,0,0,0,1,0,1,0,0
5366,467083.0,2,0,0,0,1,0,1,0,0
5366,237500.0,1,0,0,0,1,0,1,0,0
5367,900000.0,2,0,0,0,1,0,1,0,0
5368,900000.0,2,0,0,0,1,0,1,0,0
5368,900000.0,2,0,0,0,0,0,1,0,0
5369,207207.0,2,0,1,0,1,0,0,0,0
5370,270270.0,4,0,1,0,1,0,0,0,0
5371,625000.0,2,0,1,0,1,1,0,0,0
5371,687500.0,2,0,1,0,1,1,0,0,0
5371,833333.0,3,0,1,0,1,1,0,0,0
5372,916667.0,2,0,0,0,1,0,1,0,0
5373,229779.0,2,0,1,0,0,0,0,0,0
5374,321691.0,4,0,1,0,0,0,0,0,0
5375,2178528.0,4,1,1,0,1,0,0,0,0
5376,675404.0,2,0,1,0,1,1,0,0,0
5377,509259.0,3,0,1,0,1,0,1,0,0
5378,428762.0,2,0,1,1,1,1,0,0,0
5378,634921.0,2,0,1,1,1,1,0,0,0
5379,529039.0,2,0,1,1,1,1,0,0,0
5379,634827.0,2,0,1,1,1,1,0,0,0
5380,536551.0,2,0,1,1,1,1,0,0,0
5380,748960.0,2,0,1,1,1,1,0,0,1
5381,626571.0,2,0,1,1,1,1,0,0,0
5381,736241.0,2,0,1,1,1,1,0,0,0
5382,1206601.0,2,0,1,1,1,1,0,0,0
5382,1445390.0,2,0,1,1,1,1,0,0,1
5383,2464184.0,2,0,1,1,1,1,0,0,1
5384,3436673.0,2,0,1,1,1,1,0,0,1
5384,3748165.0,4,0,1,1,1,0,0,0,1
5384,4351852.0,4,0,1,1,1,1,0,0,1
5385,4178805.0,4,0,1,1,1,0,0,0,1
5385,4851852.0,4,0,1,1,1,1,0,0,1
5386,5151733.0,6,0,1,1,1,0,0,0,1
5386,5981481.0,4,0,1,1,1,1,0,0,1
5387,5580847.0,6,0,1,1,1,0,0,0,1
5387,6481481.0,6,0,1,1,1,1,0,0,1
5388,204959.0,2,1,1,0,1,0,0,1,0
5388,208250.0,2,0,1,0,1,1,0,0,0
5389,229072.0,2,1,1,0,1,0,0,1,0
5389,232750.0,2,0,1,0,1,0,1,0,0
5390,293373.0,2,1,1,0,1,0,0,1,0
5390,298083.0,2,0,1,0,1,0,1,0,0
5391,321504.0,2,2,1,0,1,0,0,1,0
5391,326667.0,2,0,1,0,1,0,1,0,0
5392,365711.0,2,2,1,0,1,0,0,1,0
5392,371583.0,2,0,1,0,1,0,1,0,0
5393,409918.0,2,2,1,0,1,0,0,1,0
5393,416500.0,3,0,1,0,1,0,1,0,0
5394,559417.0,4,0,1,0,1,0,1,0,0
5394,560670.0,2,2,1,0,1,0,0,1,0
5395,229277.0,2,0,1,0,1,0,1,0,0
5396,308642.0,2,0,1,0,1,0,1,0,0
5396,396825.0,4,0,1,0,1,0,1,0,0
5397,1060582.0,2,0,1,1,1,1,0,0,1
5398,1064133.0,2,0,1,1,1,1,0,0,1
5398,1875000.0,2,0,1,1,1,0,1,0,1
5399,1064133.0,2,0,1,1,1,1,0,0,1
5399,1837500.0,2,0,1,1,1,0,1,0,1
5400,1130407.0,2,2,1,1,1,0,0,0,1
5401,1130407.0,2,2,1,1,1,0,0,0,1
5401,1653750.0,2,2,1,1,1,0,1,0,1
5402,1157890.0,2,0,1,1,1,1,0,0,1
5403,1157890.0,2,0,1,1,1,1,0,0,1
5404,1157890.0,2,0,1,1,1,1,0,0,1
5405,1176546.0,2,2,1,1,1,0,0,0,1
5406,1176546.0,2,2,1,1,1,0,0,0,1
5406,1687500.0,2,2,1,1,1,0,1,0,1
5407,1499920.0,2,0,1,1,1,1,0,0,1
5407,1617590.0,3,2,1,1,1,0,0,0,1
5408,1499920.0,2,0,1,1,1,1,0,0,1
5408,1617590.0,3,2,1,1,1,0,0,0,1
5408,2542500.0,3,2,1,1,1,0,1,0,1
5409,1499920.0,2,0,1,1,1,1,0,0,1
5409,2430000.0,2,2,1,1,1,0,1,0,1
5410,1632210.0,2,0,1,1,1,1,0,0,1
5411,1632210.0,2,0,1,1,1,1,0,0,1
5412,1632210.0,2,0,1,1,1,1,0,0,1
5413,1672219.0,2,0,1,1,1,1,0,0,1
5413,1969240.0,3,2,1,1,1,0,0,0,1
5413,2760750.0,3,2,1,1,1,0,1,0,1
5414,1819759.0,2,0,1,1,1,1,0,0,1
5415,2006637.0,2,0,1,1,1,1,0,0,1
5415,2156787.0,4,2,1,1,1,0,0,0,1
5415,3663750.0,4,2,1,1,1,0,1,0,1
5416,2222839.0,2,0,1,1,1,1,0,0,1
5417,2261373.0,2,2,1,1,1,0,0,0,1
5417,3989452.0,2,2,1,1,1,0,0,0,1
5418,2276246.0,2,0,1,1,1,0,0,0,1
5418,2766313.0,4,2,1,1,1,0,0,0,1
5419,2307524.0,2,2,1,1,1,0,0,0,1
5419,3375000.0,2,2,1,1,1,0,1,0,1
5420,2486934.0,2,0,1,1,1,1,0,0,1
5421,2492126.0,2,2,1,1,1,0,0,0,1
5422,3675000.0,2,0,1,1,1,0,1,0,1
5423,4050000.0,2,2,1,1,1,0,1,0,1
5424,8112276.0,2,2,1,1,1,0,0,0,1
5425,12150000.0,2,2,1,1,1,0,1,0,1
5426,171707.0,2,0,1,0,1,0,0,0,0
5426,228564.0,2,0,1,0,1,0,1,0,0
5427,171707.0,2,0,1,0,1,0,0,0,0
5427,228564.0,2,0,1,0,1,0,1,0,0
5427,231111.0,2,0,1,0,1,0,1,0,0
5428,255939.0,2,0,1,0,1,0,0,0,0
5429,255939.0,2,0,1,0,1,0,0,0,0
5429,308148.0,2,0,1,0,1,0,1,0,0
5429,431407.0,3,0,1,0,1,0,1,0,0
5430,338743.0,2,0,1,0,1,0,0,0,0
5431,392960.0,4,0,1,0,1,0,0,0,0
5431,476145.0,2,0,1,0,1,0,1,0,0
5432,433333.0,2,0,1,0,1,0,1,0,0
5432,602333.0,3,0,1,0,1,0,1,0,0
5433,481481.0,4,0,1,0,1,0,1,0,0
5434,495496.0,2,2,1,1,1,0,0,1,1
5435,495496.0,2,2,1,1,1,0,0,1,1
5436,663371.0,2,2,1,1,1,0,0,1,1
5437,737146.0,2,0,1,1,1,0,0,0,1
5437,816392.0,3,2,1,1,1,0,0,1,1
5438,1064659.0,4,4,1,1,1,0,0,1,1
5438,1859967.0,2,0,1,1,1,0,0,0,1
5439,1312255.0,4,4,1,1,1,0,0,1,1
5440,366345.0,2,1,1,1,1,1,0,0,0
5440,485512.0,2,1,1,1,1,0,1,0,0
5441,412660.0,2,1,1,1,1,1,0,0,0
5442,412660.0,2,1,1,1,1,1,0,0,0
5443,458511.0,2,1,1,1,1,1,0,0,0
5443,538157.0,2,1,1,1,1,0,1,0,0
5443,655148.0,3,1,1,1,1,0,1,0,0
5444,482392.0,3,1,1,1,1,1,0,0,0
5445,491361.0,2,2,1,1,1,0,1,0,0
5445,608352.0,3,1,1,1,1,0,1,0,0
5446,526458.0,2,2,1,1,1,0,1,0,0
5446,643449.0,3,1,1,1,1,0,1,0,0
5447,597984.0,3,1,1,1,1,1,0,0,0
5448,658058.0,2,1,1,1,1,1,0,0,0
5449,714689.0,3,1,1,1,1,0,1,0,0
5450,807236.0,2,2,1,1,1,0,1,0,0
5450,924227.0,3,1,1,1,1,0,1,0,0
5451,428750.0,2,2,1,0,1,0,0,0,0
5451,736917.0,2,0,1,0,1,0,0,0,1
5451,829136.0,2,2,1,0,1,0,0,0,1
5452,520178.0,2,2,1,0,1,0,0,0,0
5452,808407.0,2,2,1,0,1,0,0,0,1
5452,808407.0,2,2,1,0,1,0,0,0,1
5453,638889.0,2,0,1,0,1,1,0,0,0
5453,1388889.0,2,0,1,0,1,1,0,0,1
5453,633333.0,1,0,1,0,1,1,0,0,0
5453,1383333.0,1,0,1,0,1,1,0,0,1
5454,740095.0,2,2,1,0,1,0,0,0,0
5454,965797.0,2,2,1,0,1,0,0,0,1
5455,1000000.0,2,0,1,0,1,1,0,0,0
5455,1555556.0,2,0,1,0,1,1,0,0,1
5455,994444.0,1,0,1,0,1,1,0,0,0
5455,1550000.0,1,0,1,0,1,1,0,0,1
5456,1092229.0,2,2,1,0,1,0,0,0,0
5456,1265185.0,2,2,1,0,1,0,0,0,1
5456,1265185.0,2,2,1,0,1,0,0,0,1
5457,872584.0,2,0,0,1,1,1,0,0,0
5457,1344709.0,2,0,0,1,1,1,0,0,0
5458,1075942.0,2,2,0,1,1,0,0,1,0
5458,1429894.0,2,0,0,1,1,1,0,0,0
5459,1194982.0,2,2,0,1,1,0,0,1,0
5459,1588095.0,2,0,0,1,1,1,0,0,0
5460,1277395.0,2,0,0,1,1,0,0,1,0
5460,1697619.0,3,0,0,1,1,1,0,0,0
5461,1648663.0,2,2,0,1,1,1,0,0,0
5461,2190476.0,2,0,0,1,1,1,0,0,0
5462,195781.0,2,2,0,0,1,0,0,0,0
5462,224868.0,2,2,0,0,1,0,0,0,0
5463,240222.0,2,2,0,0,1,0,0,0,0
5463,262346.0,2,2,0,0,1,0,0,0,0
5464,240222.0,2,2,0,0,1,0,0,0,0
5464,262346.0,2,2,0,0,1,0,0,0,0
5465,253949.0,2,2,0,0,1,0,0,0,0
5465,277337.0,2,2,0,0,1,0,0,0,0
5466,1666667.0,2,0,1,0,0,1,0,0,0
5467,226018.0,2,0,1,0,1,1,0,0,0
5467,227022.0,2,0,0,0,1,0,1,0,0
5468,269453.0,4,0,1,0,1,1,0,0,0
5468,349265.0,4,0,0,0,1,0,1,0,0
5468,436581.0,2,0,0,0,1,0,1,0,0
5469,202206.0,2,0,1,0,0,0,1,0,0
5470,215993.0,2,0,1,0,0,0,1,0,0
5471,234375.0,2,0,1,0,0,0,1,0,0
5472,208333.0,2,0,1,1,1,0,1,0,0
5472,310533.0,2,0,1,1,1,0,1,0,0
5473,483333.0,2,1,1,0,1,0,1,0,0
5474,583333.0,2,1,1,0,1,0,1,0,0
5475,462963.0,2,0,1,0,1,1,0,0,0
5476,218594.0,2,0,1,0,1,0,1,0,0
5476,231481.0,1,0,1,0,1,0,1,0,0
5477,259259.0,2,0,1,0,1,0,1,0,0
5477,259730.0,2,0,1,0,1,0,1,0,0
5478,934593.0,2,1,1,0,1,0,0,1,0
5478,1058201.0,2,1,1,0,1,0,0,1,0
5478,1322581.0,2,0,1,0,1,0,1,0,0
5478,1349206.0,2,0,1,0,1,0,1,0,0
5479,1125610.0,2,1,1,0,1,0,0,1,0
5479,1190476.0,2,0,1,0,1,0,1,0,0
5479,1199295.0,2,1,1,0,1,0,0,1,0
5480,252252.0,2,0,1,0,1,0,1,0,0
5481,432432.0,4,0,1,0,1,0,1,0,0
5482,268519.0,2,0,1,0,0,0,1,0,0
5483,333333.0,2,0,1,0,0,0,1,0,0
5484,370370.0,4,0,1,0,0,0,1,0,0
5485,1048563.0,2,0,1,0,1,0,0,0,0
5486,1192494.0,2,0,1,0,1,0,0,0,0
5487,273148.0,2,0,1,0,1,0,1,0,0
5487,292916.0,2,1,1,0,1,0,1,0,0
5487,245833.0,1,1,1,0,1,0,1,0,0
5487,270417.0,1,1,1,0,1,1,0,0,0
5488,277778.0,2,0,1,0,1,0,1,0,0
5488,329530.0,2,1,1,0,1,0,1,0,0
5489,346032.0,2,1,1,0,1,0,1,0,0
5490,485798.0,2,1,1,0,1,0,1,0,0
5491,396204.0,2,0,1,0,1,0,1,0,0
5492,566111.0,4,0,1,0,1,0,1,0,0
5492,785488.0,2,0,1,0,1,0,1,0,0
5492,802381.0,3,0,1,0,1,0,1,0,0
5493,1049802.0,4,1,0,0,1,1,0,0,0
5494,980635.0,2,1,0,0,0,1,0,0,0
5495,1216370.0,4,1,0,0,0,1,0,0,0
5496,396825.0,2,0,1,0,1,1,0,0,0
5497,458554.0,2,0,1,0,1,1,0,0,0
5498,509259.0,2,0,1,0,0,0,1,0,0
5498,458333.0,1,0,1,0,0,0,1,0,0
5499,1666667.0,4,0,0,0,0,0,1,0,0
5500,1851852.0,4,0,0,0,0,0,1,0,0
5501,551769.0,2,0,1,1,1,0,1,0,0
5502,560202.0,2,0,1,1,1,0,1,0,0
5503,317460.0,2,1,1,0,1,0,0,0,0
5504,361552.0,2,1,1,0,1,0,0,0,0
5505,231481.0,2,0,1,0,1,0,1,0,0
5506,370370.0,3,3,1,0,1,0,1,0,0
5507,231481.0,2,0,1,0,1,0,0,0,0
5508,324074.0,4,0,1,0,1,0,0,0,0
5509,257407.0,2,0,1,0,1,0,1,0,0
5509,261208.0,2,0,1,0,1,0,1,0,0
5510,350000.0,2,0,1,0,1,0,1,0,0
5511,317329.0,2,1,1,0,1,0,0,0,0
5512,711976.0,4,2,1,0,1,0,0,0,0
5513,593021.0,2,1,1,1,1,0,1,1,0
5513,629630.0,2,1,1,1,1,0,1,0,0
5513,742266.0,2,1,1,1,1,0,1,1,0
5513,787037.0,2,1,1,1,1,0,1,0,0
5514,689871.0,2,1,1,1,1,0,1,1,0
5514,731481.0,2,1,1,1,1,0,1,0,0
5514,829750.0,2,1,1,1,1,0,1,1,0
5514,879630.0,2,1,1,1,1,0,1,0,0
5515,247214.0,2,1,1,0,1,0,1,0,0
5515,264550.0,2,1,1,0,1,0,1,0,0
5516,389028.0,4,2,1,0,1,0,1,0,0
5516,396825.0,4,2,1,0,1,0,1,0,0
5517,398331.0,2,0,1,0,1,0,1,0,0
5518,398331.0,2,0,1,0,1,0,1,0,0
5519,263889.0,2,1,1,0,1,0,1,0,0
5520,527778.0,4,2,1,0,1,0,1,0,0
5521,612455.0,2,0,0,0,1,0,0,0,0
5522,612455.0,2,0,0,0,1,0,0,0,0
5523,416667.0,2,0,1,0,0,1,0,0,0
5524,555556.0,4,0,1,0,0,1,0,0,0
5525,262500.0,2,1,0,0,1,0,1,0,0
5526,416667.0,4,1,0,0,1,0,1,0,0
5527,262500.0,1,1,0,0,1,0,1,0,0
5528,1457054.0,4,0,1,0,1,1,0,0,0
5528,1520556.0,4,0,1,0,1,1,0,0,0
5529,1561130.0,4,0,1,0,1,1,0,0,0
5529,1589449.0,2,0,1,0,1,1,0,0,0
5530,565574.0,2,0,1,0,1,0,0,0,0
5531,813449.0,2,0,1,0,1,0,0,0,0
5532,1104541.0,2,0,1,0,1,0,0,0,0
5533,1106012.0,2,0,1,0,1,1,0,0,0
5534,1268065.0,2,0,1,0,0,1,0,0,0
5535,916435.0,2,0,1,0,1,0,1,0,0
5536,916435.0,2,0,1,0,1,1,0,0,0
5537,916435.0,2,0,1,0,1,0,1,0,0
5538,469716.0,2,0,1,0,0,0,0,0,0
5539,50310933.0,4,0,0,0,1,0,0,0,0
5540,479630.0,2,0,1,0,1,0,0,0,1
5541,569444.0,2,0,1,0,1,0,0,0,1
5542,569444.0,2,0,1,0,1,0,0,0,1
5543,759259.0,2,0,1,0,1,0,0,0,1
5544,759259.0,3,0,1,0,1,0,0,0,1
5545,1150000.0,4,0,1,0,1,0,0,0,1
5546,420000.0,2,1,0,0,1,0,0,0,1
5547,450000.0,2,0,0,0,1,0,0,0,1
5548,550000.0,2,1,0,0,1,0,0,0,1
5549,550000.0,2,1,0,0,1,0,0,0,1
5550,650000.0,2,1,0,0,1,0,0,0,1
5551,755000.0,3,1,0,0,1,0,0,0,1
5552,1000000.0,4,2,0,0,1,0,0,0,1
5553,1250000.0,4,2,0,0,1,0,0,0,1
5554,241933.0,2,0,1,0,1,0,1,0,1
5554,253968.0,2,0,1,0,1,0,1,0,1
5555,440611.0,4,0,1,0,1,0,1,0,1
5555,461376.0,4,0,1,0,1,0,1,0,1
5556,604692.0,6,0,1,0,1,0,1,0,1
5556,632663.0,6,0,1,0,1,0,1,0,1
5557,185185.0,1,0,1,0,1,0,1,0,0
5558,231481.0,1,0,1,0,1,0,1,0,0
5559,250000.0,1,0,1,0,1,0,1,0,0
5560,305556.0,1,0,1,0,1,0,1,0,0
5561,221200.0,2,0,1,0,1,0,1,0,0
5561,305556.0,2,0,1,0,1,0,1,0,0
5561,275000.0,1,0,1,0,1,0,1,0,0
5562,258190.0,2,0,1,0,1,0,1,0,0
5562,324074.0,2,0,1,0,1,0,1,0,0
5562,291667.0,1,0,1,0,1,0,1,0,0
5563,325000.0,2,0,1,0,1,0,1,0,0
5563,361111.0,3,0,1,0,1,0,1,0,0
5564,332627.0,4,0,1,0,1,0,1,0,0
5564,354167.0,2,0,1,0,1,0,1,0,0
5564,375000.0,3,0,1,0,1,0,1,0,0
5565,554833.0,3,0,1,0,1,0,1,0,0
5566,226573.0,2,0,1,0,1,0,1,0,0
5566,230265.0,2,0,1,0,1,0,1,0,0
5567,450347.0,2,0,1,0,1,1,0,0,0
5567,453992.0,4,0,1,0,1,0,1,0,0
5567,460247.0,4,0,1,0,1,0,1,0,0
5568,505949.0,2,0,1,0,1,1,0,0,0
5568,510498.0,4,0,1,0,1,0,1,0,0
5568,517531.0,4,0,1,0,1,0,1,0,0
5569,505949.0,2,0,1,0,1,1,0,0,0
5569,510498.0,4,0,1,0,1,0,1,0,0
5569,517531.0,4,0,1,0,1,0,1,0,0
5570,514722.0,2,1,1,0,1,1,0,0,0
5571,505051.0,2,0,1,0,1,0,0,0,0
5571,420875.0,1,1,1,0,1,0,0,0,0
5572,335859.0,2,0,1,0,1,1,0,0,0
5572,353535.0,2,0,1,0,1,0,1,0,0
5573,251622.0,2,1,0,0,1,0,1,0,0
5573,217454.0,1,1,0,0,1,0,1,0,0
5574,434039.0,2,2,0,0,1,0,1,0,0
5574,565844.0,3,2,0,0,1,0,1,0,0
5574,391417.0,1,2,0,0,1,0,1,0,0
5575,599485.0,2,2,0,0,1,0,1,0,0
5575,609370.0,3,2,0,0,1,0,1,0,0
5576,141093.0,2,0,1,0,1,0,1,0,0
5577,264550.0,2,0,1,0,1,0,1,0,0
5578,485009.0,3,0,1,0,1,0,1,0,0
5579,1543210.0,10,0,1,0,1,0,1,0,0
5580,61728.0,1,0,1,0,1,0,1,0,0
5581,97002.0,1,0,1,0,1,0,1,0,0
5582,282187.0,2,0,1,0,1,0,1,0,0
5583,335097.0,2,0,1,0,1,0,1,0,0
5584,352734.0,3,0,1,0,1,0,1,0,0
5585,388007.0,4,0,1,0,1,0,1,0,0
5586,423280.0,4,0,1,0,1,0,1,0,0
5587,458554.0,6,0,1,0,1,0,1,0,0
5588,617354.0,2,0,1,0,1,0,1,0,1
5588,658089.0,2,0,1,0,1,1,0,0,1
5589,745970.0,2,0,1,0,1,0,1,0,1
5589,827775.0,2,0,1,0,1,1,0,0,1
5590,745970.0,2,0,1,0,1,0,1,0,1
5590,827775.0,2,0,1,0,1,1,0,0,1
5591,977478.0,3,0,1,0,1,0,1,0,1
5591,1306739.0,2,0,1,0,1,0,1,0,1
5592,1286155.0,2,0,1,0,1,0,1,0,1
5592,1621171.0,2,0,1,0,1,1,0,0,1
5593,283153.0,2,0,1,1,1,0,1,0,0
5594,321103.0,2,0,1,1,1,0,1,0,0
5595,411860.0,3,0,1,1,1,0,1,0,0
5596,329167.0,2,0,1,0,1,1,0,0,0
5596,322583.0,1,1,1,0,1,1,0,0,0
5597,391667.0,3,0,1,0,1,1,0,0,0
5598,400000.0,1,2,1,0,1,1,0,0,0
5599,229779.0,2,0,1,0,0,0,1,0,1
5600,382090.0,2,1,1,0,1,0,1,0,0
5600,459630.0,2,1,1,0,1,0,1,0,0
5601,440084.0,2,1,1,0,1,0,1,0,0
5601,525741.0,2,1,1,0,1,0,1,0,0
5602,1268390.0,2,0,1,1,1,1,0,0,1
5603,268182.0,2,0,1,0,1,0,1,0,0
5604,268182.0,2,0,1,0,1,0,1,0,0
5605,321818.0,3,0,1,0,1,0,1,0,0
5606,321818.0,4,0,1,0,1,0,1,0,0
5607,160909.0,1,0,1,0,1,0,1,0,0
5608,318182.0,2,0,1,0,1,0,1,0,0
5609,363636.0,2,0,1,0,1,0,1,0,0
5610,409091.0,3,0,1,0,1,0,1,0,0
5611,347426.0,2,0,1,0,0,0,1,0,0
5611,386029.0,3,0,1,0,0,0,1,0,0
5611,308824.0,1,0,1,0,0,0,1,0,0
5612,554286.0,2,1,1,0,1,0,1,0,0
5613,270270.0,15,0,1,0,1,0,1,0,1
5614,225225.0,1,0,1,0,1,0,1,0,1
5615,234234.0,1,0,1,0,1,0,1,0,1
5616,105765.0,2,1,1,0,1,0,1,0,0
5617,348300.0,2,0,1,0,0,0,0,0,0
5618,405580.0,3,0,1,0,0,0,0,0,0
5619,318182.0,2,0,1,0,1,0,1,0,0
5620,363636.0,2,0,1,0,1,0,1,0,0
5621,409091.0,3,0,1,0,1,0,1,0,0
5622,234375.0,2,0,1,0,0,0,0,0,0
5623,151529.0,12,0,1,0,1,0,1,0,0
5624,800000.0,2,0,0,0,1,0,1,0,0
5625,800000.0,2,0,0,0,1,0,1,0,0
5626,877171.0,2,1,1,0,1,1,0,0,0
5626,1285714.0,2,0,1,0,1,0,1,0,0
5626,1299047.0,2,0,1,0,1,0,1,0,0
5627,877171.0,2,1,1,0,1,1,0,0,0
5627,1285714.0,2,0,1,0,1,0,1,0,0
5627,1299047.0,2,0,1,0,1,0,1,0,0
5628,646830.0,2,0,1,0,1,0,1,0,0
5629,740741.0,2,1,1,0,1,0,1,0,0
5630,4060462.0,2,0,0,0,1,0,0,0,0
5630,4164021.0,2,0,0,0,0,1,0,0,0
5631,4749577.0,2,1,0,0,1,0,0,0,0
5631,4800705.0,2,1,0,0,0,1,0,0,0
5632,220459.0,2,0,1,0,1,0,1,0,0
5633,264550.0,3,0,1,0,1,0,1,0,0
5634,308642.0,3,0,1,0,1,0,1,0,0
5635,326840.0,2,0,1,0,1,0,1,0,0
5635,416667.0,2,0,1,0,1,0,0,0,0
5635,375000.0,1,0,1,0,1,0,0,0,0
5636,379930.0,2,0,1,0,1,1,0,0,0
5636,516667.0,3,0,1,0,1,0,0,0,0
5637,321624.0,2,0,1,0,1,1,0,0,0
5638,364858.0,2,0,1,0,1,0,1,0,0
5639,697632.0,2,0,1,1,1,1,0,0,0
5639,803951.0,2,0,1,1,1,1,0,0,0
5639,970018.0,2,0,1,1,1,0,0,0,0
5639,1044677.0,2,0,1,1,1,0,1,0,0
5640,1027091.0,2,0,1,1,1,1,0,0,0
5640,1081619.0,2,0,1,1,1,0,0,0,0
5640,1181658.0,2,0,1,1,1,0,0,0,0
5641,382808.0,2,0,1,0,1,1,0,0,0
5642,451941.0,2,0,1,0,1,0,1,0,0
5643,629630.0,2,0,1,0,1,1,0,0,0
5643,944444.0,4,0,1,0,1,1,0,0,0
5644,279103.0,2,0,1,0,1,1,0,0,0
5644,309524.0,2,0,1,0,1,0,1,0,0
5645,361356.0,2,0,1,0,1,1,0,0,0
5645,412698.0,3,0,1,0,1,0,1,0,0
5646,327272.0,2,1,1,0,1,1,0,0,0
5647,408915.0,2,1,1,0,1,1,0,0,0
5648,717686.0,2,2,1,1,1,0,1,1,0
5648,827160.0,2,2,1,1,1,0,0,1,0
5648,875794.0,2,2,1,1,1,0,1,1,0
5649,760372.0,2,2,1,1,1,0,1,1,0
5649,828924.0,2,2,1,1,1,0,0,1,0
5649,877419.0,2,2,1,1,1,0,1,1,0
5650,402745.0,2,0,1,0,1,0,1,0,0
5651,406431.0,2,1,1,0,1,0,0,0,0
5652,861942.0,2,0,1,0,1,0,1,0,0
5653,870608.0,2,0,1,0,1,1,0,0,0
5653,929183.0,2,0,1,0,1,0,1,0,0
5653,1022046.0,2,0,1,0,1,0,1,0,0
5654,498288.0,2,1,1,0,1,0,0,0,0
5654,635067.0,2,1,1,0,1,0,1,0,0
5655,498288.0,2,1,1,0,1,0,0,0,0
5655,635067.0,2,1,1,0,1,0,1,0,0
5656,229779.0,2,0,1,0,1,0,1,0,0
5657,229779.0,2,0,1,0,1,0,1,0,0
5658,564815.0,3,0,1,0,1,0,1,0,0
5659,564815.0,2,0,1,0,1,0,1,0,0
5660,572733.0,2,1,1,0,1,0,1,0,0
5661,572733.0,2,2,1,0,1,0,1,0,0
5662,741997.0,2,0,1,0,1,1,0,0,0
5662,865748.0,2,0,1,0,1,0,1,0,0
5663,886069.0,2,0,1,0,1,1,0,0,0
5663,1127446.0,2,1,1,0,1,0,1,0,0
5664,468762.0,2,0,1,0,1,0,1,0,0
5664,529101.0,2,0,1,0,1,0,1,0,0
5664,633507.0,2,1,1,0,1,0,1,0,0
5665,550605.0,2,1,1,0,1,0,1,0,0
5665,582011.0,2,1,1,0,1,0,1,0,0
5666,611020.0,2,0,1,0,1,1,0,0,0
5667,694444.0,2,0,1,0,1,0,1,0,0
5668,259259.0,2,0,1,0,1,0,1,0,0
5669,351852.0,2,0,1,0,1,0,1,0,0
5670,331667.0,2,0,1,0,1,1,0,0,0
5671,259259.0,2,0,1,0,0,0,1,0,0
5672,469953.0,2,1,0,0,1,0,1,0,0
5673,571525.0,2,1,0,0,1,0,1,0,0
5674,2136471.0,2,1,1,0,1,0,0,0,0
5674,2407407.0,2,0,1,0,1,1,0,0,0
5675,2812884.0,2,1,1,0,1,0,0,0,0
5675,3009259.0,2,0,1,0,1,1,0,0,0
5676,4517810.0,4,1,1,0,1,0,0,0,0
5676,4570867.0,2,0,1,0,1,1,0,0,0
5676,4814815.0,4,0,1,0,1,1,0,0,0
5677,208333.0,2,0,1,0,1,0,1,0,0
5678,219907.0,2,0,1,0,0,0,1,0,0
5679,277083.0,4,0,1,0,0,0,1,0,0
5680,440395.0,2,1,1,0,1,0,0,0,0
5680,503704.0,2,1,1,0,1,0,1,0,0
5681,520029.0,2,1,1,0,1,0,0,0,0
5681,560370.0,2,1,1,0,1,0,1,0,0
5682,304434.0,2,1,1,0,1,0,0,0,0
5682,393519.0,2,1,1,0,1,0,1,0,0
5683,390813.0,3,1,1,0,1,0,0,0,0
5683,459630.0,3,1,1,0,1,0,1,0,0
5684,350625.0,2,0,1,0,0,0,1,0,0
5684,315563.0,1,1,1,0,0,0,1,0,0
5685,375000.0,2,2,1,0,0,0,1,0,0
5685,318750.0,1,2,1,0,0,0,1,0,0
5686,555556.0,2,0,0,0,1,0,1,0,0
5687,276581.0,2,0,0,0,0,1,0,0,0
5688,609764.0,2,0,1,0,1,0,1,0,0
5688,653783.0,2,0,1,0,1,1,0,0,0
5689,673949.0,2,0,1,0,1,0,1,0,0
5689,718400.0,2,0,1,0,1,1,0,0,0
5690,349115.0,2,0,0,0,1,1,0,0,0
5691,387472.0,2,0,0,0,1,0,0,0,0
5692,537489.0,2,1,1,0,1,0,1,0,0
5692,635185.0,2,1,1,0,1,0,1,0,0
5693,687433.0,2,1,1,0,1,0,1,0,0
5693,760926.0,2,1,1,0,1,0,1,0,0
5694,333704.0,2,1,1,0,1,0,1,0,0
5695,557222.0,4,1,1,0,1,0,1,0,0
5696,272474.0,2,1,1,0,1,0,1,0,0
5697,380681.0,4,2,1,0,1,0,1,0,0
5698,277778.0,2,0,1,0,0,1,0,0,0
5699,351852.0,2,0,1,0,0,1,0,0,0
5699,370370.0,3,0,1,0,0,1,0,0,0
5700,211393.0,30,1,1,0,1,0,0,0,0
5701,253603.0,2,0,1,0,1,0,0,0,0
5702,330931.0,2,0,1,0,1,0,0,0,0
5703,411585.0,2,0,1,0,1,0,0,0,0
5703,411585.0,1,0,1,0,1,0,0,0,0
5704,1146384.0,2,1,1,1,1,1,0,0,0
5705,1146384.0,2,1,1,1,1,1,0,0,0
5705,1202204.0,2,0,1,1,1,1,0,0,0
5706,440476.0,2,0,0,0,0,1,0,0,0
5707,294099.0,2,0,0,0,0,1,0,0,0
5707,607114.0,2,0,0,0,0,1,0,0,0
5708,343706.0,2,0,0,0,1,1,0,0,0
5709,627748.0,2,0,0,0,1,1,0,0,0
5710,253603.0,2,0,0,0,1,0,0,0,0
5710,253603.0,1,0,0,0,1,0,0,0,0
5711,332594.0,4,0,0,0,1,0,0,0,0
5712,342891.0,2,0,1,0,0,1,0,0,0
5713,346452.0,2,0,1,0,0,0,0,0,0
5714,440687.0,3,0,1,0,0,0,0,0,0
5715,333548.0,2,0,1,0,1,1,0,0,0
5716,365833.0,2,0,1,0,1,1,0,0,0
5717,236640.0,2,0,0,0,0,1,0,0,0
5718,432373.0,2,0,1,0,1,0,0,0,0
5719,582040.0,3,0,1,0,1,0,0,0,0
5720,775862.0,2,0,1,0,1,0,0,0,0
5720,775862.0,1,0,1,0,1,0,0,0,0
5721,947542.0,3,0,1,0,1,0,0,0,0
5722,2314815.0,23,0,1,0,1,0,0,0,0
5723,1104840.0,2,0,1,0,1,0,1,0,0
5723,1159521.0,2,0,1,0,1,0,0,0,0
5723,1275132.0,2,0,1,0,1,0,1,0,0
5724,1104840.0,2,0,1,0,1,0,1,0,0
5724,1159521.0,2,0,1,0,1,0,0,0,0
5724,1275132.0,2,0,1,0,1,0,1,0,0
5725,980000.0,2,0,0,0,0,0,1,0,0
5725,980000.0,2,0,0,0,0,0,1,0,0
5725,1280000.0,2,0,0,0,0,0,1,0,0
5725,1780000.0,3,0,0,0,0,0,1,0,0
5725,2080000.0,3,0,0,0,0,0,1,0,0
5726,980000.0,2,0,0,0,0,0,1,0,0
5726,980000.0,2,0,0,0,0,0,1,0,0
5726,1280000.0,2,0,0,0,0,0,1,0,0
5726,1780000.0,3,0,0,0,0,0,1,0,0
5726,2080000.0,3,0,0,0,0,0,1,0,0
5727,707507.0,2,0,1,0,1,0,1,0,0
5728,707507.0,2,0,1,0,1,0,1,0,0
5729,259259.0,2,0,1,0,1,1,0,0,0
5730,259259.0,2,0,1,0,1,1,0,0,0
5730,233333.0,1,0,1,0,1,1,0,0,0
5731,375000.0,3,1,1,0,1,1,0,0,0
5732,872565.0,2,0,0,0,1,0,1,0,0
5732,880000.0,2,0,0,0,0,0,1,0,0
5733,872565.0,2,0,0,0,1,0,1,0,0
5734,545828.0,2,0,1,0,1,1,0,0,0
5735,562500.0,4,0,1,0,1,0,1,0,0
5736,303862.0,2,0,0,0,1,1,0,0,0
5737,335839.0,2,0,0,0,1,0,1,0,0
5737,462222.0,2,0,0,0,1,0,1,0,0
5738,176367.0,2,0,0,0,0,0,1,0,0
5738,246914.0,2,0,0,0,0,0,1,0,0
5738,141093.0,1,0,0,0,0,0,1,0,0
5739,324074.0,2,0,0,0,1,0,1,0,0
5740,351852.0,2,0,0,0,1,0,1,0,0
5740,337778.0,1,0,0,0,1,0,1,0,0
5741,416667.0,2,0,0,0,1,0,1,0,0
5741,462963.0,3,0,0,0,1,0,1,0,0
5741,398148.0,1,0,0,0,1,0,1,0,0
5742,500000.0,2,0,1,0,1,0,1,0,0
5743,169261.0,2,1,1,0,1,0,0,0,0
5744,73574.0,1,0,1,0,1,0,0,0,0
5745,666577.0,2,0,0,0,1,1,0,0,0
5746,692952.0,3,1,0,0,1,0,1,0,0
5746,740741.0,3,0,0,0,1,0,1,0,0
5747,1018519.0,4,0,0,0,1,0,1,0,0
5748,379688.0,2,0,1,0,1,0,0,0,0
5748,421875.0,2,0,1,0,1,0,1,0,0
5749,427874.0,2,0,1,0,1,0,0,0,0
5750,416667.0,3,0,1,0,0,0,1,0,0
5751,462963.0,5,0,1,0,0,0,1,0,0
5752,583333.0,2,0,1,0,0,1,0,0,0
5752,648148.0,2,0,1,0,0,0,1,0,0
5752,583333.0,1,0,1,0,0,0,1,0,0
5753,511414.0,2,1,1,0,1,0,1,0,0
5753,601852.0,2,0,1,0,1,0,1,0,0
5754,778976.0,4,1,1,0,1,0,1,0,0
5754,833333.0,4,0,1,0,1,0,1,0,0
5755,1977989.0,2,0,1,1,1,1,0,0,0
5755,2069040.0,2,0,1,1,1,0,1,0,0
5756,2457835.0,2,0,1,1,1,1,0,0,0
5756,2459425.0,2,0,1,1,1,0,1,0,0
5757,1289274.0,2,0,0,0,1,0,1,0,0
5757,1300000.0,2,0,0,0,0,0,1,0,0
5758,1690224.0,2,1,0,0,1,0,1,0,0
5758,1700000.0,2,1,0,0,0,0,1,0,0
5758,1986781.0,3,0,0,0,1,0,1,0,0
5758,1995000.0,3,0,0,0,0,0,1,0,0
5759,433544.0,2,2,1,0,1,0,1,0,0
5760,433544.0,2,2,1,0,1,0,1,0,0
5761,943015.0,2,0,1,0,1,0,1,0,0
5761,961292.0,2,0,1,0,1,0,1,0,0
5762,195185.0,2,1,1,0,0,0,1,0,0
5763,292778.0,4,2,1,0,0,0,1,0,0
5764,327407.0,6,3,1,0,0,0,1,0,0
5765,514583.0,2,0,1,0,1,1,0,0,0
5766,277778.0,4,0,0,0,0,0,1,0,0
5767,314815.0,6,0,0,0,0,0,1,0,0
5768,175926.0,1,0,0,0,0,0,1,0,0
5769,523004.0,10,1,1,0,0,1,0,0,0
5770,194444.0,2,0,1,0,1,0,1,0,0
5770,184722.0,1,0,1,0,1,0,1,0,0
5771,319444.0,2,0,1,0,0,0,1,0,0
5772,139008.0,2,1,0,0,1,0,0,0,0
5773,555556.0,2,0,1,0,1,0,1,0,0
5774,638889.0,2,0,1,0,1,0,1,0,0
5775,722222.0,2,0,1,0,1,0,1,0,0
5776,1676631.0,4,1,0,0,1,0,0,0,0
5777,436103.0,2,1,1,0,1,0,0,0,0
5778,546176.0,2,0,1,0,1,1,0,0,1
5779,549249.0,2,0,1,0,1,0,1,0,1
5779,554360.0,2,0,1,0,1,1,0,0,1
5779,642857.0,2,0,1,0,1,0,1,0,1
5780,730599.0,2,0,1,0,1,1,0,0,1
5780,747573.0,2,0,1,0,1,0,1,0,1
5780,857143.0,2,0,1,0,1,0,1,0,1
5781,740599.0,2,0,1,0,1,1,0,0,1
5781,747573.0,2,0,1,0,1,0,1,0,1
5781,857143.0,2,0,1,0,1,0,1,0,1
5782,1297014.0,2,0,1,0,1,1,0,0,1
5782,1385665.0,2,0,1,0,1,0,1,0,1
5782,1500000.0,2,2,1,0,1,0,1,0,1
5783,1316359.0,2,0,1,0,1,0,1,0,1
5784,6167263.0,2,0,1,0,1,0,1,0,1
5785,7285714.0,6,0,1,0,1,0,1,0,1
5786,509259.0,2,0,1,0,1,0,1,0,1
5787,541667.0,2,0,1,0,1,0,1,0,1
5788,1018519.0,2,0,1,0,1,0,1,0,1
5788,916667.0,1,0,1,0,1,0,1,0,1
5789,321691.0,2,0,1,0,0,0,1,0,0
5789,289522.0,1,0,1,0,0,0,1,0,0
5790,114335.0,2,1,1,0,1,0,1,0,0
5791,284415.0,2,1,1,0,1,0,1,0,0
5792,1145734.0,2,0,1,1,1,0,1,0,0
5792,1191195.0,2,0,1,1,1,0,0,0,0
5792,1428571.0,2,0,1,1,1,0,1,0,0
5793,1241212.0,2,0,1,1,1,0,1,0,0
5793,1289113.0,2,0,1,1,1,1,0,0,0
5793,1547619.0,2,0,1,1,1,0,1,0,0
5794,1336690.0,2,0,1,1,1,0,1,0,0
5794,1389063.0,2,0,1,1,1,1,0,0,0
5794,1666667.0,2,0,1,1,1,0,1,0,0
5795,1336690.0,2,0,1,1,1,0,1,0,0
5795,1389063.0,2,0,1,1,1,1,0,0,0
5795,1666667.0,2,0,1,1,1,0,1,0,0
5796,1718637.0,2,0,1,1,1,0,1,0,0
5796,1779632.0,2,0,1,1,1,0,0,0,0
5796,2142857.0,2,0,1,1,1,0,1,0,0
5797,2062364.0,2,0,1,1,1,0,1,0,0
5797,2144173.0,2,0,1,1,1,0,0,0,0
5797,2571429.0,2,0,1,1,1,0,1,0,0
5798,616132.0,2,0,1,0,1,0,1,0,1
5798,701720.0,2,0,1,0,1,1,0,0,1
5798,873017.0,2,0,1,0,1,0,1,0,1
5799,747470.0,3,0,1,0,1,0,1,0,1
5799,1014970.0,3,0,1,0,1,0,0,0,1
5800,747470.0,3,0,1,0,1,0,1,0,1
5800,886084.0,2,0,1,0,1,1,0,0,1
5800,1031747.0,3,0,1,0,1,0,1,0,1
5801,387568.0,2,0,0,0,0,0,0,0,1
5801,432099.0,2,0,0,0,0,0,0,0,1
5802,387568.0,2,0,0,0,0,0,0,0,1
5802,432099.0,2,0,0,0,0,0,0,0,1
5803,421152.0,2,0,0,0,0,0,1,0,1
5803,425328.0,2,0,0,0,0,1,0,0,1
5804,473608.0,2,0,0,0,0,0,0,0,1
5804,511464.0,2,0,0,0,0,0,0,0,1
5805,543164.0,3,0,0,0,0,0,0,0,1
5805,564374.0,3,0,0,0,0,0,0,0,1
5806,777086.0,2,0,0,0,0,0,0,0,1
5806,820106.0,2,0,0,0,0,0,0,0,1
5807,700181.0,2,0,1,0,1,0,1,0,0
5807,706876.0,2,0,1,0,1,1,0,0,0
5807,711112.0,2,1,1,0,1,0,1,0,0
5808,877729.0,3,0,1,0,1,0,1,0,0
5808,1388797.0,3,0,1,0,1,0,0,0,0
5809,888890.0,3,0,1,0,1,0,1,0,0
5810,1139682.0,2,0,1,0,1,0,1,0,0
5810,1155556.0,2,1,1,0,1,0,1,0,0
5811,396825.0,2,0,1,0,1,0,1,0,0
5812,485009.0,2,0,1,0,1,0,1,0,0
5813,595238.0,2,0,1,0,1,0,1,0,0
5814,661376.0,2,0,1,0,1,0,1,0,0
5815,896458.0,2,0,1,0,1,1,0,0,0
5815,900000.0,2,1,1,0,1,1,0,0,1
5815,1018811.0,2,1,1,0,1,0,1,0,1
5815,1428571.0,2,1,1,0,1,0,1,0,1
5816,898475.0,2,0,1,0,1,1,0,0,1
5817,1146411.0,2,0,1,0,1,1,0,0,0
5817,1150000.0,2,1,1,0,1,1,0,0,1
5817,1307379.0,2,2,1,0,1,0,1,0,1
5817,1825397.0,2,1,1,0,1,0,1,0,1
5818,1146411.0,2,0,1,0,1,1,0,0,0
5818,1150000.0,2,1,1,0,1,1,0,0,1
5818,1307379.0,2,1,1,0,1,0,1,0,1
5818,1825397.0,2,1,1,0,1,0,1,0,1
5819,2132810.0,2,0,1,0,1,1,0,0,0
5819,2150000.0,2,1,1,0,1,1,0,0,1
5819,2444811.0,2,2,1,0,1,0,1,0,1
5819,3412698.0,2,1,1,0,1,0,1,0,1
5820,218254.0,2,0,0,0,0,0,1,0,0
5821,293651.0,3,1,0,0,0,0,1,0,0
5822,293651.0,3,1,0,0,0,0,1,0,0
5823,223104.0,2,1,0,0,0,0,1,0,0
5824,304233.0,4,1,0,0,0,0,1,0,0
5825,304233.0,3,1,0,0,0,0,1,0,0
5826,344797.0,4,1,0,0,0,0,1,0,0
5827,676367.0,2,0,1,0,1,1,0,0,1
5827,684604.0,2,0,1,0,1,1,0,0,1
5827,716113.0,2,0,1,0,1,0,1,0,1
5828,676367.0,2,0,1,0,1,1,0,0,1
5828,684604.0,2,0,1,0,1,1,0,0,1
5828,704704.0,2,0,1,0,1,0,1,0,1
5829,780423.0,3,1,1,0,1,1,0,0,1
5829,789810.0,2,0,1,0,1,1,0,0,1
5829,863123.0,3,3,1,0,1,0,1,0,1
5830,832451.0,2,0,1,0,1,1,0,0,1
5830,842829.0,2,0,1,0,1,1,0,0,1
5830,885461.0,2,0,1,0,1,0,1,0,1
5831,1657848.0,2,0,1,0,1,1,0,0,1
5831,1687219.0,2,0,1,0,1,1,0,0,1
5831,1736455.0,2,0,1,0,1,0,1,0,1
5832,193122.0,2,0,1,0,1,0,1,0,0
5832,2138570.0,2,0,1,0,1,0,0,0,0
5833,210758.0,2,0,1,0,1,0,1,0,0
5834,228395.0,3,0,1,0,1,0,1,0,0
5834,2533937.0,3,0,1,0,1,0,0,0,0
5835,246032.0,4,0,1,0,1,0,1,0,0
5836,1078501.0,2,0,1,0,1,1,0,0,1
5836,1375000.0,2,0,1,0,1,1,0,0,1
5837,1078501.0,2,0,1,0,1,1,0,0,1
5837,1375000.0,2,0,1,0,1,1,0,0,1
5838,1147958.0,2,0,1,0,1,1,0,0,1
5839,1147958.0,2,0,1,0,1,1,0,0,1
5839,1450000.0,2,0,1,0,1,1,0,0,1
5840,2411193.0,2,0,1,0,1,1,0,0,1
5840,2580503.0,3,0,1,0,1,1,0,0,1
5841,2877570.0,3,0,1,0,1,1,0,0,1
5841,3500000.0,4,0,1,0,1,1,0,0,1
5842,3288652.0,4,0,1,0,1,1,0,0,1
5842,4000000.0,4,0,1,0,1,1,0,0,1
5843,391392.0,2,1,1,0,1,0,1,0,0
5843,405000.0,2,1,1,0,1,0,0,0,0
5844,592777.0,4,1,1,0,1,0,1,0,0
5844,601389.0,4,1,1,0,1,0,0,0,0
5845,231481.0,2,0,1,0,1,0,1,0,0
5846,862093.0,2,0,1,0,1,1,0,0,1
5846,863589.0,2,0,1,0,1,0,1,0,1
5847,863589.0,2,0,1,0,1,0,1,0,1
5848,975933.0,2,0,1,0,1,0,1,0,1
5849,975933.0,2,0,1,0,1,0,1,0,1
5850,2060763.0,2,0,1,0,1,0,1,0,1
5851,2386146.0,2,0,1,0,1,0,1,0,1
5852,12574454.0,6,0,1,0,1,0,1,0,1
5853,253788.0,2,0,0,0,1,0,1,0,0
5853,238636.0,1,0,0,0,1,0,1,0,0
5854,257576.0,2,0,0,0,1,0,1,0,0
5854,265152.0,3,0,0,0,1,0,1,0,0
5855,443182.0,3,0,0,0,1,0,1,0,0
5856,346170.0,2,1,1,0,1,0,1,0,0
5857,398709.0,2,1,1,0,1,0,1,0,0
5858,465160.0,2,1,1,0,1,0,1,0,0
5859,484914.0,4,1,1,0,1,0,1,0,0
5859,516517.0,2,0,1,0,1,0,1,0,0
5860,502232.0,3,1,1,0,1,0,1,0,0
5861,537765.0,4,2,1,0,1,0,1,0,0
5862,590119.0,4,2,1,0,1,0,1,0,0
5863,464337.0,2,0,1,0,0,1,0,0,0
5864,637037.0,2,0,1,0,0,1,0,0,0
5865,787037.0,3,0,1,0,0,1,0,0,0
5866,731533.0,2,1,1,0,1,0,0,0,1
5866,749559.0,2,1,1,0,1,1,0,0,1
5867,749559.0,2,1,1,0,1,1,0,0,1
5868,837742.0,2,0,1,0,1,1,0,0,1
5869,1234568.0,2,0,1,0,1,1,0,0,1
5870,1595334.0,2,0,1,0,1,1,0,0,1
5870,1366843.0,1,1,1,0,1,1,0,0,1
5871,690375.0,2,2,1,1,1,0,1,0,0
5871,700163.0,2,0,1,1,1,1,0,0,0
5871,797619.0,2,2,1,1,1,0,1,0,0
5872,769142.0,2,2,1,1,1,0,1,0,0
5872,792143.0,2,0,1,1,1,1,0,0,0
5872,886243.0,2,2,1,1,1,0,1,0,0
5873,927946.0,2,0,1,1,1,1,0,0,0
5873,930758.0,3,2,1,1,1,0,1,0,0
5873,1005019.0,2,0,1,1,1,0,1,0,0
5873,1033951.0,3,2,1,1,1,0,1,0,0
5874,1490790.0,2,2,1,1,1,0,1,0,0
5874,1497193.0,2,0,1,1,1,1,0,0,0
5874,1683862.0,2,2,1,1,1,0,1,0,0
5875,185185.0,2,0,1,0,1,0,1,0,0
5876,252525.0,4,0,1,0,1,0,1,0,0
5877,315315.0,2,1,1,0,1,0,1,0,0
5877,370370.0,2,1,1,0,1,0,1,0,0
5877,462963.0,2,1,1,0,1,0,1,0,0
5878,371022.0,2,1,1,0,1,0,1,0,0
5878,432099.0,2,1,1,0,1,0,1,0,0
5878,540123.0,2,1,1,0,1,0,1,0,0
5879,443778.0,3,1,1,0,1,0,1,0,0
5879,493827.0,3,1,1,0,1,0,1,0,0
5879,617284.0,3,1,1,0,1,0,1,0,0
5880,443778.0,4,1,1,0,1,0,1,0,0
5880,493827.0,4,1,1,0,1,0,1,0,0
5880,617284.0,4,1,1,0,1,0,1,0,0
5881,540475.0,2,1,1,0,1,0,1,0,0
5881,617284.0,2,1,1,0,1,0,1,0,0
5881,771605.0,2,1,1,0,1,0,1,0,0
5882,1350000.0,2,0,1,0,1,0,1,0,0
5883,481549.0,2,0,0,0,0,1,0,0,1
5884,328283.0,2,0,1,0,1,0,1,0,0
5884,352832.0,2,2,1,0,1,0,1,0,0
5885,353535.0,2,0,1,0,1,0,1,0,0
5885,360339.0,2,2,1,0,1,0,1,0,0
5886,437710.0,3,0,1,0,1,0,1,0,0
5886,476120.0,3,2,1,0,1,0,1,0,0
5887,833333.0,2,0,1,0,1,0,1,0,0
5887,850806.0,2,2,1,0,1,0,1,0,0
5888,502220.0,2,0,0,0,0,1,0,0,1
5889,502220.0,2,0,0,0,0,1,0,0,1
5890,270717.0,2,0,1,0,1,0,1,0,0
5891,275000.0,2,0,1,0,1,0,1,0,0
5891,277778.0,2,0,1,0,1,1,0,0,0
5892,366667.0,4,0,1,0,1,0,1,0,0
5892,369117.0,3,0,1,0,1,0,1,0,0
5892,370370.0,4,0,1,0,1,1,0,0,0
5893,281391.0,2,2,0,0,1,0,1,0,0
5894,297082.0,2,2,0,0,1,0,1,0,0
5895,310286.0,2,2,0,0,1,0,1,0,0
5896,325206.0,3,2,0,0,1,0,1,0,0
5897,229779.0,2,0,1,0,0,0,1,0,0
5897,206801.0,1,0,1,0,0,0,1,0,0
5898,321691.0,4,0,1,0,0,0,1,0,0
5898,257353.0,1,0,1,0,0,0,1,0,0
5899,321691.0,2,0,1,0,0,0,1,0,0
5899,289522.0,1,0,1,0,0,0,1,0,0
5900,330882.0,2,0,1,0,0,0,1,0,0
5900,351562.0,3,0,1,0,0,0,1,0,0
5900,310202.0,1,0,1,0,0,0,1,0,0
5901,358796.0,2,1,1,0,1,0,1,0,0
5902,479352.0,4,0,1,0,1,0,1,0,0
5903,303309.0,2,0,1,0,1,0,1,0,0
5904,349265.0,2,0,1,0,1,0,1,0,0
5904,314338.0,1,0,1,0,1,0,1,0,0
5905,395221.0,3,0,1,0,1,0,1,0,0
5906,532373.0,2,0,1,0,1,0,0,0,1
5907,583272.0,2,0,1,0,1,0,0,0,1
5908,637381.0,3,0,1,0,1,0,0,0,1
5909,808824.0,2,0,1,0,1,0,0,0,1
5909,849265.0,2,0,1,0,1,0,0,0,0
5910,351852.0,2,0,1,0,1,0,1,0,0
5911,370370.0,2,0,1,0,1,0,1,0,0
5912,1147095.0,2,0,1,0,1,1,0,0,1
5913,446952.0,2,0,1,0,1,0,1,0,0
5914,843370.0,2,0,1,1,1,0,0,1,1
5914,1296296.0,2,0,1,1,1,1,0,0,1
5914,1425926.0,2,0,1,1,1,0,1,0,1
5915,843370.0,2,0,1,1,1,0,0,1,1
5916,1163253.0,2,0,1,1,1,1,0,0,1
5917,1296296.0,2,0,1,1,1,1,0,0,1
5917,1425926.0,2,0,1,1,1,0,1,0,1
5918,3425926.0,2,0,1,1,1,1,0,0,1
5918,3768519.0,2,0,1,1,1,0,1,0,1
5919,353860.0,2,0,1,0,1,0,1,0,0
5919,289522.0,1,0,1,0,1,0,1,0,0
5920,844559.0,2,1,1,0,1,1,0,0,0
5921,288990.0,2,1,1,0,1,0,1,0,0
5922,1302725.0,2,1,1,0,1,0,1,0,0
5923,712209.0,2,1,1,0,1,1,0,0,0
5924,1712393.0,2,0,0,0,0,0,1,0,1
5924,1720548.0,2,0,0,0,0,0,1,0,1
5924,2309005.0,2,0,0,0,0,0,1,0,1
5924,2320000.0,2,0,0,0,0,0,1,0,1
5924,4859612.0,2,0,0,0,0,0,1,0,1
5925,1937718.0,2,0,0,0,0,1,0,0,1
5925,1946595.0,2,0,0,0,0,1,0,0,1
5925,2422148.0,2,0,0,0,0,0,1,0,1
5925,2433682.0,2,0,0,0,0,0,1,0,1
5925,3835737.0,2,0,0,0,0,0,1,0,1
5926,2179089.0,2,0,0,0,0,1,0,0,1
5926,2189072.0,2,0,0,0,0,1,0,0,1
5926,2723863.0,2,0,0,0,0,0,1,0,1
5926,2736833.0,2,0,0,0,0,0,1,0,1
5926,3608539.0,3,0,0,0,0,0,1,0,1
5927,2541147.0,2,0,0,0,0,1,0,0,1
5927,2552788.0,2,0,0,0,0,1,0,0,1
5927,3176435.0,2,0,0,0,0,0,1,0,1
5927,3191561.0,2,0,0,0,0,0,1,0,1
5927,4590025.0,2,0,0,0,0,0,1,0,1
5928,2661833.0,2,0,0,0,0,1,0,0,1
5928,2674028.0,2,0,0,0,0,1,0,0,1
5928,3327292.0,2,0,0,0,0,0,1,0,1
5928,3343137.0,2,0,0,0,0,0,1,0,1
5928,4211969.0,3,0,0,0,0,0,1,0,1
5929,2903205.0,2,0,0,0,0,1,0,0,1
5929,2916505.0,2,0,0,0,0,1,0,0,1
5929,3629007.0,2,0,0,0,0,0,1,0,1
5929,3646288.0,2,0,0,0,0,0,1,0,1
5929,4513684.0,3,0,0,0,0,0,1,0,1
5930,3906952.0,4,0,0,0,0,0,1,0,1
5930,3925556.0,2,0,0,0,0,0,1,0,1
5930,4986724.0,4,0,0,0,0,0,1,0,1
5930,5010470.0,2,0,0,0,0,0,1,0,1
5930,10087939.0,4,0,0,0,0,0,1,0,1
5931,955906.0,2,0,1,1,1,0,1,0,1
5931,995238.0,2,0,1,1,1,0,1,0,1
5932,955906.0,2,0,1,1,1,0,1,0,1
5932,995238.0,2,0,1,1,1,0,1,0,1
5933,1326984.0,3,0,1,1,1,0,1,0,1
5933,1337831.0,3,0,1,1,1,0,1,0,1
5933,1555728.0,2,0,1,1,1,0,1,0,1
5934,1572310.0,2,0,1,1,1,0,1,0,1
5934,1609524.0,2,0,1,1,1,0,1,0,1
5935,634921.0,2,1,1,0,1,1,0,0,1
5936,745403.0,2,1,1,0,1,0,1,0,0
5936,872667.0,2,1,1,0,1,0,0,0,0
5937,747252.0,4,1,1,0,1,0,1,0,0
5938,747252.0,4,1,1,0,1,0,1,0,0
5938,872667.0,4,1,1,0,1,0,0,0,0
5939,747252.0,3,1,1,0,1,0,1,0,0
5939,872667.0,3,1,1,0,1,0,0,0,0
5940,238095.0,2,1,1,0,1,0,1,0,0
5941,264550.0,2,1,1,0,1,0,1,0,0
5942,326139.0,2,0,1,0,1,0,1,0,0
5942,349265.0,2,0,1,0,1,0,0,0,0
5943,362377.0,2,0,1,0,1,0,1,0,0
5944,380013.0,4,0,1,0,1,0,1,0,0
5944,392923.0,4,0,1,0,1,0,0,0,0
5945,459450.0,4,0,1,0,1,0,1,0,0
5945,480239.0,4,0,1,0,1,0,0,0,0
5946,203274.0,4,1,1,0,1,0,0,0,0
5947,633519.0,2,1,1,0,1,0,0,0,0
5948,805423.0,2,0,1,0,1,1,0,0,1
5948,846517.0,2,0,1,0,1,0,1,0,1
5948,1940035.0,2,0,1,0,1,0,1,0,1
5949,805423.0,2,0,1,0,1,1,0,0,1
5949,846517.0,2,0,1,0,1,0,1,0,1
5949,1940035.0,2,0,1,0,1,0,1,0,1
5950,2256001.0,2,0,1,0,1,1,0,0,1
5950,3439153.0,2,0,1,0,1,0,1,0,1
5951,440252.0,2,1,1,0,1,0,0,0,0
5952,646713.0,2,1,1,0,1,0,0,0,1
5952,694444.0,2,0,1,0,1,1,0,0,1
5953,302762.0,1,1,1,0,1,0,0,0,0
5953,324074.0,1,1,1,0,1,0,0,0,0
5954,561867.0,2,0,1,0,1,1,0,0,0
5954,705467.0,2,2,0,0,0,1,0,0,1
5955,621664.0,2,0,1,0,1,1,0,0,0
5955,925926.0,2,2,0,0,0,1,0,0,1
5956,687213.0,2,0,1,0,1,1,0,0,0
5956,970018.0,2,1,0,0,0,1,0,0,1
5957,784230.0,2,0,1,0,1,1,0,0,0
5957,837742.0,2,2,0,0,0,1,0,0,1
5958,681045.0,2,0,1,0,0,0,1,0,0
5958,721107.0,2,0,1,0,0,0,0,0,0
5958,777193.0,1,0,1,0,0,0,1,0,0
5959,714139.0,2,0,1,0,0,0,1,0,0
5959,756148.0,2,0,1,0,0,0,0,0,0
5960,748975.0,2,0,1,0,0,0,1,0,0
5960,793033.0,2,0,1,0,0,0,0,0,0
5961,772914.0,2,0,1,0,0,0,0,0,0
5962,853484.0,3,0,1,0,0,0,1,0,0
5962,973975.0,2,0,1,0,0,0,1,0,0
5963,1097336.0,2,0,1,0,0,0,1,0,0
5963,1161885.0,2,0,1,0,0,0,0,0,0
5964,592135.0,2,0,1,0,1,0,1,0,0
5964,606261.0,2,0,1,0,1,0,1,0,0
5964,779167.0,2,1,1,0,1,0,1,0,0
5965,597410.0,3,0,1,0,1,0,1,0,0
5965,606261.0,3,0,1,0,1,0,1,0,0
5965,828750.0,2,1,1,0,1,0,1,0,0
5965,920833.0,3,1,1,0,1,0,1,0,0
5966,869991.0,4,0,1,0,1,0,1,0,0
5966,881834.0,4,0,1,0,1,0,1,0,0
5966,963333.0,2,1,1,0,1,0,1,0,0
5966,1020000.0,3,1,1,0,1,0,1,0,0
5967,276852.0,2,0,1,0,1,0,0,0,0
5968,369444.0,2,0,1,0,1,0,0,0,0
5968,415741.0,3,0,1,0,1,0,0,0,0
5969,369444.0,2,0,1,0,1,0,0,0,0
5969,415741.0,3,0,1,0,1,0,0,0,0
5970,334643.0,2,0,1,0,1,1,0,0,1
5970,360270.0,2,1,1,0,1,0,1,0,1
5970,379630.0,2,1,1,0,1,0,1,0,1
5971,618519.0,2,0,1,0,0,0,1,0,0
5972,711111.0,2,0,1,0,0,0,1,0,0
5972,640000.0,1,0,1,0,0,1,0,0,0
5973,803704.0,4,0,1,0,0,0,1,0,0
5974,983477.0,2,0,1,0,1,1,0,0,1
5975,1050000.0,3,0,1,0,1,0,1,0,1
5976,659206.0,2,2,1,0,1,0,1,0,0
5976,684661.0,4,0,1,0,1,0,1,0,0
5976,697346.0,4,0,1,0,1,0,1,0,0
5977,591939.0,2,1,1,0,1,0,1,0,1
5977,714643.0,2,0,1,0,1,0,1,0,1
5978,591939.0,2,1,1,0,1,0,1,0,1
5978,714643.0,2,1,1,0,1,0,1,0,1
5979,685649.0,2,2,1,0,1,0,1,0,1
5979,818214.0,2,2,1,0,1,0,1,0,1
5980,895918.0,4,1,1,0,1,0,1,0,1
5980,960107.0,2,1,1,0,1,0,1,0,1
5980,1013446.0,3,1,1,0,1,0,1,0,1
5981,328422.0,2,1,1,0,1,0,0,0,1
5981,465608.0,2,1,1,0,1,0,0,0,1
5982,495833.0,2,1,1,0,1,1,0,0,1
5982,496394.0,4,1,1,0,1,0,0,0,1
5982,634921.0,4,1,1,0,1,0,0,0,1
5983,561944.0,2,1,1,0,1,1,0,0,1
5983,567746.0,4,1,1,0,1,0,0,0,1
5983,719577.0,4,1,1,0,1,0,0,0,1
5984,159181.0,1,0,1,0,1,0,0,0,1
5984,165530.0,1,0,1,0,1,0,1,0,0
5984,211640.0,1,0,1,0,1,0,0,0,1
5984,211640.0,1,0,1,0,1,0,1,0,0
5985,667602.0,2,0,1,0,1,0,0,0,1
5985,677581.0,1,0,1,0,1,0,0,0,1
5986,699086.0,2,0,1,0,1,0,0,0,1
5987,699086.0,2,0,1,0,1,0,0,0,1
5988,1017188.0,3,0,1,0,1,0,0,0,1
5989,1278265.0,4,0,1,0,1,0,0,0,1
5990,1591325.0,6,0,1,0,0,0,0,0,1
5991,3428901.0,4,0,1,0,1,1,0,0,1
5991,5053360.0,2,0,1,0,1,1,0,0,1
5991,5683333.0,4,0,1,0,1,1,0,0,1
5992,1187542.0,2,1,1,0,1,0,0,0,0
5992,1252840.0,2,1,1,0,1,0,0,0,0
5993,1187542.0,2,1,1,0,1,0,0,0,0
5993,1252840.0,2,1,1,0,1,0,0,0,0
5994,1437618.0,2,1,1,0,1,0,0,0,0
5994,1503407.0,2,1,1,0,1,0,0,0,0
5995,1437618.0,2,1,1,0,1,0,0,0,0
5995,1503407.0,2,1,1,0,1,0,0,0,0
5996,1519210.0,2,0,1,0,1,1,0,0,0
5996,16900480.0,2,0,1,0,1,1,0,0,0
5997,2156427.0,2,1,1,0,1,0,0,0,0
5997,2255111.0,2,1,1,0,1,0,0,0,0
5998,2266616.0,2,0,1,0,1,1,0,0,0
5998,16900480.0,2,0,1,0,1,1,0,0,0
5999,2278931.0,2,0,1,0,1,1,0,0,0
6000,357546.0,2,0,1,0,1,0,1,0,0
6000,388889.0,2,0,1,0,1,0,0,0,0
6001,682851.0,4,0,1,0,1,0,1,0,0
6001,759259.0,4,0,1,0,1,0,0,0,0
6002,375328.0,2,1,1,0,1,0,0,0,0
6002,452194.0,2,1,1,0,1,0,0,0,1
6003,375328.0,2,1,1,0,1,0,0,0,0
6003,452194.0,2,1,1,0,1,0,0,0,1
6004,452194.0,2,1,1,0,1,0,0,0,0
6004,535864.0,2,1,1,0,1,0,0,0,1
6004,657407.0,2,1,1,0,1,0,1,0,1
6005,471759.0,2,0,1,0,1,1,0,0,0
6005,562458.0,2,0,1,0,1,1,0,0,1
6005,564815.0,2,1,1,0,1,0,1,0,1
6006,564815.0,2,1,1,0,1,0,1,0,1
6007,687734.0,4,1,1,0,1,0,0,0,0
6007,765886.0,4,1,1,0,1,0,0,0,1
6007,907407.0,4,1,1,0,1,0,1,0,1
6008,3103781.0,2,1,1,0,1,0,0,0,0
6008,3181540.0,2,1,1,0,1,0,0,0,1
6009,3773148.0,2,1,1,0,1,0,1,0,1
6010,531250.0,2,0,1,0,0,1,0,0,1
6010,562500.0,3,0,1,0,0,1,0,0,1
6010,590278.0,2,0,1,0,0,0,1,0,1
6010,625000.0,3,0,1,0,0,0,1,0,1
6011,555556.0,4,0,1,0,0,0,1,0,1
6011,611111.0,4,0,1,0,0,0,1,0,1
6012,1341923.0,2,0,1,0,1,0,0,0,0
6012,1552500.0,2,0,1,0,1,0,0,0,1
6013,1437500.0,2,0,1,0,1,0,0,0,1
6013,1450009.0,2,0,1,0,1,0,0,0,0
6014,1560279.0,4,0,1,0,1,0,0,0,0
6014,1667500.0,4,0,1,0,1,0,0,0,1
6015,304226.0,2,1,1,0,1,0,1,0,1
6015,607328.0,2,0,1,0,1,0,1,0,1
6015,273803.0,1,1,1,0,1,0,1,0,1
6016,392929.0,2,0,1,0,1,0,1,0,1
6016,607328.0,2,0,1,0,1,0,1,0,1
6016,353636.0,1,1,1,0,1,0,1,0,1
6017,442761.0,2,0,1,0,1,0,1,0,1
6017,695457.0,2,0,1,0,1,0,1,0,1
6017,398485.0,1,0,1,0,1,0,1,0,1
6017,626941.0,1,0,1,0,1,0,1,0,1
6018,562727.0,2,2,1,0,1,0,1,0,1
6018,593990.0,3,2,1,0,1,0,1,0,1
6018,970081.0,4,0,1,0,1,0,1,0,1
6019,351852.0,2,0,0,0,0,0,1,0,0
6020,425926.0,2,0,0,0,0,0,1,0,0
6021,555556.0,4,0,0,0,0,0,1,0,0
6022,115741.0,1,0,0,0,0,0,1,0,0
6023,544353.0,2,1,1,0,1,0,0,0,1
6023,670833.0,2,1,1,0,1,0,1,0,1
6024,614355.0,2,1,1,0,1,0,0,0,1
6024,740741.0,2,1,1,0,1,0,1,0,1
6025,680799.0,2,1,1,0,1,0,0,0,1
6026,742690.0,2,1,1,0,1,0,0,0,1
6026,888889.0,2,1,1,0,1,0,1,0,1
6027,791022.0,2,0,1,0,1,1,0,0,1
6027,938191.0,4,2,1,0,1,0,0,0,1
6028,814815.0,2,1,1,0,1,0,1,0,1
6029,938191.0,4,2,1,0,1,0,0,0,1
6030,1111111.0,4,2,1,0,1,0,1,0,1
6031,1111111.0,4,2,1,0,1,0,1,0,1
6032,1388889.0,2,0,1,0,1,0,1,0,1
6032,1409680.0,2,0,1,0,1,0,0,0,1
6033,1500313.0,2,0,1,0,1,0,1,0,1
6033,1697531.0,2,0,1,0,1,0,1,0,1
6034,793445.0,2,0,1,0,1,1,0,0,1
6035,2290479.0,4,0,1,0,1,1,0,0,1
6036,304767.0,2,2,1,0,1,1,0,0,0
6036,357143.0,2,0,1,0,1,0,1,0,1
6036,434380.0,2,0,1,0,1,0,1,0,0
6037,330164.0,2,0,1,0,1,1,0,0,0
6037,357143.0,2,0,1,0,1,0,1,0,1
6038,476190.0,3,0,1,0,1,0,1,0,1
6038,870203.0,2,0,1,0,1,0,1,0,0
6039,578518.0,4,2,1,0,1,1,0,0,0
6039,595238.0,4,0,1,0,1,0,1,0,1
6039,1064031.0,2,0,1,0,1,0,1,0,0
6040,203976.0,2,0,1,0,1,0,0,0,0
6040,224868.0,2,0,1,0,1,1,0,0,0
6041,203976.0,2,0,1,0,1,0,0,0,0
6041,224868.0,2,0,1,0,1,1,0,0,0
6042,242504.0,2,0,1,0,1,1,0,0,0
6042,251906.0,2,0,1,0,1,0,0,0,0
6043,242504.0,2,0,1,0,1,1,0,0,0
6044,251906.0,2,0,1,0,1,0,0,0,0
6045,105820.0,1,0,1,0,1,1,0,0,0
6045,111453.0,1,0,1,0,1,0,0,0,0
6046,149912.0,1,0,1,0,1,1,0,0,0
6047,157761.0,1,0,1,0,1,0,0,0,0
6048,578516.0,2,0,0,0,1,0,0,0,0
6048,633333.0,2,0,0,0,1,1,0,0,0
6048,696667.0,2,0,0,0,1,0,1,0,0
6049,816149.0,2,0,0,0,1,0,0,0,0
6049,888889.0,2,0,0,0,1,1,0,0,0
6049,977778.0,2,0,0,0,1,0,1,0,0
6050,347426.0,2,0,0,0,1,0,1,0,0
6050,625368.0,2,0,0,0,1,0,1,0,1
6051,380515.0,2,0,0,0,1,0,1,0,0
6051,684926.0,2,0,0,0,1,0,1,0,1
6052,468750.0,3,0,0,0,1,0,1,0,0
6052,843750.0,3,0,0,0,1,0,1,0,1
6053,606618.0,4,0,0,0,1,0,1,0,0
6053,1091912.0,4,0,0,0,1,0,1,0,1
6054,949672.0,2,1,1,0,1,0,0,0,1
6054,1112654.0,2,1,1,0,1,0,1,0,1
6055,1009453.0,2,1,1,0,1,0,0,0,1
6055,1162552.0,2,1,1,0,1,0,1,0,1
6055,1659529.0,2,0,1,0,1,0,1,0,1
6056,1109730.0,2,1,1,0,1,0,0,0,1
6056,1277778.0,2,1,1,0,1,0,1,0,1
6056,1824195.0,2,0,1,0,1,0,1,0,1
6057,1690541.0,2,1,1,0,1,0,0,0,1
6057,1946502.0,2,1,1,0,1,0,1,0,1
6058,4051918.0,4,0,1,0,1,0,1,0,1
6059,5341360.0,4,1,1,0,1,0,1,0,1
6060,304192.0,2,1,1,0,1,0,0,0,0
6060,370167.0,2,1,1,0,1,0,0,0,1
6060,416667.0,3,1,1,0,1,0,0,0,1
6061,521004.0,4,1,1,0,1,0,0,0,0
6062,601852.0,4,2,1,0,1,0,0,0,1
6063,78828.0,1,0,1,0,1,0,0,0,0
6064,91667.0,1,0,1,0,1,0,0,0,1
6065,346656.0,2,0,1,0,1,0,0,0,0
6065,462963.0,2,1,1,0,1,1,0,0,0
6066,424636.0,3,1,1,0,1,0,0,0,0
6066,648148.0,2,1,1,0,1,1,0,0,0
6067,767500.0,2,0,1,0,1,1,0,0,1
6067,911439.0,2,1,1,0,1,0,1,0,1
6067,925873.0,2,1,1,0,1,0,1,0,1
6068,1003750.0,2,0,1,0,1,1,0,0,1
6068,1192976.0,2,1,1,0,1,0,1,0,1
6068,1210873.0,2,1,1,0,1,0,1,0,1
6069,1476250.0,3,0,1,0,1,1,0,0,1
6069,1758024.0,3,1,1,0,1,0,1,0,1
6069,1780873.0,3,1,1,0,1,0,1,0,1
6070,1594167.0,2,0,1,0,1,1,0,0,1
6070,1894717.0,2,1,1,0,1,0,1,0,1
6070,1923122.0,2,1,1,0,1,0,1,0,1
6071,2029962.0,2,0,1,0,1,1,0,0,1
6071,2320215.0,4,1,1,0,1,0,1,0,1
6071,2350370.0,4,1,1,0,1,0,1,0,1
6072,522485.0,2,1,1,0,1,0,0,0,0
6072,650000.0,2,1,1,0,1,0,1,0,0
6073,589100.0,2,1,1,0,1,0,0,0,0
6073,594273.0,2,0,1,0,1,0,1,0,0
6073,722222.0,2,1,1,0,1,0,1,0,0
6074,616373.0,2,1,1,0,1,0,0,0,0
6075,758333.0,2,0,1,0,1,0,1,0,0
6076,974576.0,4,1,1,0,1,0,0,0,0
6077,1283543.0,2,1,1,0,1,0,0,0,1
6078,1473251.0,2,1,1,0,1,0,1,0,0
6079,1535324.0,3,0,1,0,1,0,0,0,1
6079,1723251.0,4,0,1,0,1,0,1,0,0
6080,293333.0,2,0,1,0,1,0,1,0,1
6080,421580.0,2,1,1,0,1,0,0,0,1
6081,391111.0,2,1,1,0,1,0,1,0,1
6081,440000.0,3,1,1,0,1,0,1,0,1
6082,576975.0,2,0,1,0,1,0,0,0,1
6082,695313.0,2,0,1,0,0,1,0,0,1
6082,772569.0,2,0,1,0,0,0,1,0,1
6083,640613.0,2,0,1,0,1,0,0,0,1
6083,859375.0,2,0,1,0,0,0,1,0,1
6084,1008384.0,4,0,1,0,1,0,0,0,1
6084,1076389.0,4,0,1,0,0,0,1,0,1
6085,2719599.0,2,0,1,0,1,0,0,0,1
6085,3055556.0,2,0,1,0,1,0,1,0,1
6086,3626131.0,2,0,1,0,1,0,0,0,1
6086,4074074.0,2,0,1,0,1,0,1,0,1
6087,547296.0,2,1,1,0,1,0,0,0,0
6087,617284.0,2,1,1,0,1,0,0,0,0
6088,655374.0,2,1,1,0,1,0,0,0,0
6088,716490.0,2,1,1,0,1,0,0,0,0
6089,963115.0,3,1,1,0,1,0,0,0,0
6089,992063.0,3,1,1,0,1,0,0,0,0
6090,1289603.0,4,1,1,0,1,0,0,0,0
6090,1322751.0,4,1,1,0,1,0,0,0,0
6091,851610.0,2,1,1,0,1,0,1,0,0
6091,879630.0,2,1,1,0,1,1,0,0,0
6092,851610.0,2,1,1,0,1,0,1,0,0
6092,879630.0,2,1,1,0,1,1,0,0,0
6093,896781.0,2,1,1,0,1,0,1,0,0
6093,1018519.0,2,1,1,0,1,1,0,0,0
6094,1157407.0,3,0,1,0,1,1,0,0,0
6094,1407786.0,3,0,1,0,1,0,1,0,0
6095,1435185.0,2,1,1,0,1,1,0,0,0
6095,1443998.0,2,1,1,0,1,0,1,0,0
6096,655602.0,2,1,1,0,1,1,0,0,0
6096,1475845.0,2,0,1,0,1,0,0,0,0
6097,719824.0,2,1,1,0,1,1,0,0,0
6098,789398.0,4,2,1,0,1,1,0,0,0
6098,1687746.0,4,0,1,0,1,0,0,0,0
6099,826861.0,4,2,1,0,1,1,0,0,0
6099,1727458.0,4,0,1,0,1,0,0,0,0
6100,1589372.0,2,0,1,0,1,0,0,0,0
6101,400231.0,2,1,1,0,1,1,0,0,0
6101,571759.0,2,1,1,0,1,1,0,0,1
6102,110833.0,1,0,1,0,1,1,0,0,0
6102,158333.0,1,0,1,0,1,1,0,0,1
6103,1049999.0,2,0,1,0,1,1,0,0,1
6104,1208333.0,2,0,1,0,1,1,0,0,1
6105,1216666.0,2,0,1,0,1,1,0,0,1
6106,1299999.0,2,0,1,0,1,1,0,0,1
6107,1383332.0,3,0,1,0,1,1,0,0,1
6108,316667.0,2,0,1,0,1,0,1,0,0
6108,300833.0,1,1,1,0,1,0,1,0,0
6109,343056.0,2,0,1,0,1,0,1,0,0
6109,325903.0,1,1,1,0,1,0,1,0,0
6110,417824.0,2,1,1,0,1,0,1,0,0
6110,439815.0,3,1,1,0,1,0,1,0,0
6110,395833.0,1,1,1,0,1,0,1,0,0
6111,448611.0,2,0,1,0,1,0,1,0,0
6112,501389.0,2,0,1,0,1,0,1,0,0
6113,439815.0,1,1,1,0,1,0,1,0,0
6114,562259.0,1,1,1,0,1,0,1,0,0
6115,1700000.0,2,0,0,0,0,1,0,0,1
6116,1700000.0,2,0,0,0,0,1,0,0,1
6116,1800000.0,2,0,1,0,1,0,1,0,1
6117,2361111.0,2,0,0,0,0,1,0,0,1
6117,2500000.0,2,0,1,0,1,0,1,0,1
6118,2738889.0,3,0,0,0,0,1,0,0,1
6118,2900000.0,3,0,1,0,1,0,1,0,1
6119,2990741.0,2,0,0,0,0,1,0,0,1
6119,3166667.0,2,0,1,0,1,0,1,0,1
6120,2990741.0,2,0,0,0,0,1,0,0,1
6120,3166667.0,2,0,1,0,1,0,1,0,1
6121,3557407.0,3,0,0,0,0,1,0,0,1
6121,3766667.0,3,0,1,0,1,0,1,0,1
6122,5351852.0,4,0,0,0,0,1,0,0,1
6122,8133333.0,12,0,1,0,1,0,1,0,1
6122,2990741.0,1,0,0,0,0,1,0,0,1
6123,7681481.0,8,0,0,0,0,1,0,0,1
6124,955021.0,3,0,1,0,1,0,0,0,1
6125,437500.0,1,0,1,0,1,0,0,0,1
6126,462963.0,2,0,1,0,1,0,1,0,1
6126,654106.0,2,1,1,0,1,0,1,0,1
6127,599238.0,2,0,1,0,1,0,1,0,1
6128,933295.0,3,1,1,0,1,0,1,0,1
6129,1141637.0,4,2,1,0,1,0,1,0,1
6130,495170.0,2,0,1,0,1,0,0,0,1
6130,592593.0,2,0,1,0,1,0,0,0,1
6131,495170.0,2,0,1,0,1,0,0,0,1
6131,592593.0,2,0,1,0,1,0,0,0,1
6132,833333.0,2,0,1,0,1,1,0,0,1
6132,740741.0,1,0,1,0,1,1,0,0,1
6133,1111111.0,2,1,1,0,1,1,0,0,1
6133,1203704.0,3,0,1,0,1,1,0,0,1
6133,1018519.0,1,1,1,0,1,1,0,0,1
6134,3138540.0,2,0,1,1,1,1,0,0,1
6135,416667.0,2,0,1,0,1,1,0,0,1
6135,462963.0,2,0,1,0,1,0,1,0,1
6135,509259.0,2,0,1,0,1,0,1,0,0
6136,648148.0,2,0,1,0,1,0,1,0,1
6136,712963.0,4,0,1,0,1,0,1,0,0
6137,1190094.0,4,0,1,0,1,0,0,0,1
6137,1337448.0,4,2,1,0,1,1,0,0,1
6138,399675.0,2,1,1,0,1,0,0,0,1
6138,444444.0,2,1,0,0,0,1,0,0,1
6139,517761.0,2,1,1,0,1,0,0,0,1
6140,536111.0,2,0,0,0,0,1,0,0,1
6140,643333.0,3,0,0,0,0,1,0,0,1
6141,633333.0,2,0,0,0,0,1,0,0,1
6141,666667.0,3,0,0,0,0,1,0,0,1
6142,659310.0,3,1,1,0,1,0,0,0,1
6142,666667.0,3,1,0,0,0,1,0,0,1
6143,763412.0,4,1,1,0,1,0,0,0,1
6143,767593.0,4,1,0,0,0,1,0,0,1
6144,366421.0,2,0,1,0,1,1,0,0,1
6145,396825.0,3,0,1,0,1,0,1,0,1
6146,440917.0,4,0,1,0,1,0,1,0,1
6147,97002.0,1,0,1,0,1,0,1,0,1
6148,747685.0,2,0,0,0,1,0,1,0,1
6148,787037.0,3,0,0,0,1,0,1,0,1
6149,759259.0,3,0,0,0,1,0,1,0,1
6150,354502.0,2,1,0,0,1,0,0,0,0
6150,380714.0,2,1,0,0,1,0,0,0,0
6150,353689.0,1,1,0,0,1,0,0,0,0
6150,361679.0,1,1,0,0,1,0,0,0,0
6151,393900.0,2,1,0,0,1,0,0,0,0
6151,419977.0,2,1,0,0,1,0,0,0,0
6152,545399.0,2,1,0,0,1,0,0,0,0
6152,571200.0,2,1,0,0,1,0,0,0,0
6153,636856.0,2,1,0,0,1,0,0,0,0
6153,653333.0,2,1,0,0,1,0,0,0,0
6154,367801.0,2,1,1,0,1,0,1,0,0
6155,597173.0,4,0,1,0,1,0,1,0,0
6156,676667.0,2,0,1,0,1,0,1,0,1
6156,748428.0,2,0,1,0,1,0,1,0,1
6156,642833.0,1,1,1,0,1,0,1,0,1
6157,748428.0,2,0,1,0,1,0,1,0,1
6157,875000.0,2,1,1,0,1,0,1,0,1
6158,751852.0,2,0,1,0,1,0,1,0,1
6159,945751.0,3,0,1,0,1,0,1,0,1
6160,977004.0,2,1,1,0,1,0,1,0,1
6161,1046759.0,4,0,1,0,1,0,1,0,1
6162,375000.0,2,0,1,0,1,1,0,0,0
6162,416667.0,2,0,1,0,1,0,1,0,0
6162,337500.0,1,0,1,0,1,1,0,0,0
6162,375000.0,1,0,1,0,1,0,1,0,0
6163,992641.0,2,2,1,0,1,0,0,0,0
6163,1041454.0,2,2,1,0,1,0,0,0,0
6163,1207877.0,2,2,1,0,1,0,0,0,1
6164,1011111.0,2,0,1,0,1,1,0,0,0
6164,1204733.0,2,0,1,0,1,1,0,0,1
6165,1032601.0,2,2,1,0,1,0,0,0,0
6165,1078716.0,2,2,1,0,1,0,0,0,0
6165,1278587.0,2,2,1,0,1,0,0,0,1
6166,1119989.0,2,0,1,0,1,1,0,0,0
6166,1196506.0,3,0,1,0,1,0,0,0,0
6166,1307266.0,2,0,1,0,1,1,0,0,1
6167,1307266.0,2,0,1,0,1,1,0,0,0
6167,1396839.0,4,0,1,0,1,0,0,0,0
6167,1495083.0,2,0,1,0,1,1,0,0,1
6168,1356838.0,3,0,1,0,1,1,0,0,0
6168,1584015.0,3,0,1,0,1,1,0,0,1
6169,421296.0,2,0,0,0,0,0,1,0,1
6169,786317.0,2,1,0,0,0,0,1,0,1
6169,435185.0,1,1,0,0,0,0,1,0,1
6170,518519.0,2,1,0,0,0,0,1,0,1
6170,539259.0,3,0,0,0,0,0,1,0,1
6170,1637062.0,3,1,0,0,0,0,1,0,1
6171,308642.0,2,0,1,0,1,0,1,0,1
6172,352734.0,3,0,1,0,1,0,1,0,1
6173,440917.0,4,0,1,0,1,0,1,0,1
6174,324074.0,2,1,1,0,1,1,0,0,0
6175,370370.0,2,1,1,0,1,1,0,0,0
6175,296296.0,1,1,1,0,1,1,0,0,0
6176,416667.0,2,0,1,0,1,1,0,0,0
6177,231481.0,1,1,1,0,1,1,0,0,0
6178,355926.0,2,0,1,0,1,1,0,0,1
6179,560296.0,2,0,1,0,1,1,0,0,1
6179,700370.0,4,0,1,0,1,1,0,0,1
6180,1345343.0,6,0,1,0,1,1,0,0,1
6181,1388791.0,2,0,1,0,1,0,0,0,1
6182,1492919.0,2,0,1,0,1,0,0,0,1
6183,1508682.0,2,0,1,0,1,0,0,0,1
6183,879319.0,1,0,1,0,1,1,0,0,0
6184,1595169.0,4,0,1,0,1,0,0,0,1
6185,200278.0,2,0,1,0,1,0,1,0,0
6185,296296.0,2,0,1,0,1,0,1,0,0
6185,266667.0,1,0,1,0,1,0,1,0,0
6186,301577.0,6,1,1,0,1,0,1,0,0
6187,400000.0,2,0,1,0,1,0,1,0,0
6187,422222.0,3,0,1,0,1,0,1,0,0
6187,355556.0,1,0,1,0,1,0,1,0,0
6188,740741.0,10,0,1,0,1,0,1,0,0
6189,20546737.0,3,0,1,0,1,1,0,0,1
6190,571759.0,2,0,1,0,1,0,1,0,1
6191,760440.0,2,0,1,0,1,0,1,0,1
6191,800463.0,3,0,1,0,1,0,1,0,1
6192,777593.0,2,0,1,0,1,0,1,0,1
6192,914815.0,4,0,1,0,1,0,1,0,1
6193,851880.0,2,0,1,0,1,0,0,0,1
6194,851880.0,2,0,1,0,1,0,0,0,1
6195,1095278.0,3,0,1,0,1,0,0,0,1
6196,793651.0,2,0,1,0,1,0,1,0,1
6196,881834.0,3,0,1,0,1,0,1,0,1
6196,705467.0,1,0,1,0,1,0,1,0,1
6197,1681381.0,2,1,1,0,1,0,0,0,1
6198,1949916.0,6,1,1,0,1,0,0,0,1
6199,484614.0,2,0,0,0,1,0,1,0,1
6199,493135.0,1,0,0,0,1,0,1,0,1
6200,632920.0,2,1,0,0,1,0,1,0,1
6200,673279.0,3,1,0,0,1,0,1,0,1
6200,631402.0,1,1,0,0,1,0,1,0,1
6201,526555.0,2,0,1,0,1,1,0,0,1
6202,617284.0,2,0,1,0,1,0,0,0,1
6203,617284.0,2,0,1,0,1,0,0,0,1
6203,648148.0,2,0,1,0,1,0,0,0,0
6204,617284.0,2,0,1,0,1,0,0,0,1
6205,837743.0,2,0,1,0,1,0,0,0,1
6205,970018.0,3,0,1,0,1,0,0,0,1
6206,791667.0,2,0,1,0,1,1,0,0,0
6206,851880.0,2,1,1,0,1,0,0,0,0
6207,875000.0,2,0,1,0,1,1,0,0,0
6207,946534.0,2,1,1,0,1,0,0,0,0
6208,1000000.0,2,0,1,0,1,1,0,0,0
6208,1040804.0,2,1,1,0,1,0,0,0,0
6209,1375000.0,4,0,1,0,1,1,0,0,0
6209,1477921.0,4,1,1,0,1,0,0,0,0
6210,1500000.0,4,0,1,0,1,1,0,0,0
6210,1564857.0,4,1,1,0,1,0,0,0,0
6211,1094907.0,4,0,1,0,1,1,0,0,0
6212,216435.0,1,0,1,0,1,1,0,0,0
6213,739964.0,2,0,1,0,1,0,0,0,1
6214,844081.0,2,0,1,0,1,0,0,0,1
6214,907639.0,3,0,1,0,1,0,0,0,1
6215,905352.0,2,0,1,0,1,0,0,0,1
6215,974872.0,3,0,1,0,1,0,0,0,1
6216,439294.0,2,0,1,0,1,1,0,0,1
6217,189750.0,1,0,1,0,1,0,1,0,1
6217,273125.0,1,0,1,0,1,1,0,0,1
6218,571676.0,2,1,1,0,1,0,0,0,0
6218,722222.0,2,1,1,0,0,0,1,0,0
6218,738722.0,2,1,1,0,1,0,0,0,1
6218,853535.0,2,1,1,0,0,0,1,0,1
6219,695897.0,2,1,1,0,1,0,0,0,0
6219,787879.0,2,1,1,0,0,0,1,0,0
6219,849285.0,2,1,1,0,1,0,0,0,1
6219,919192.0,2,1,1,0,0,0,1,0,1
6220,749428.0,2,0,1,0,1,0,0,0,0
6220,903037.0,2,0,1,0,1,0,0,0,1
6221,919192.0,2,1,1,0,0,0,1,0,0
6221,1050505.0,2,1,1,0,0,0,1,0,1
6222,1149575.0,4,2,1,0,1,0,0,0,0
6222,1456143.0,4,2,1,0,1,0,0,0,1
6223,1378788.0,4,1,1,0,0,0,1,0,0
6223,1641414.0,4,1,1,0,0,0,1,0,1
6224,852531.0,2,1,1,0,1,0,0,0,1
6224,1442130.0,2,0,1,0,1,1,0,0,1
6225,1001250.0,3,1,1,0,1,1,0,0,1
6225,1147387.0,4,2,1,0,1,0,0,0,1
6226,1216926.0,4,2,1,0,1,0,0,0,1
6227,314815.0,2,0,1,0,1,0,1,0,1
6227,334491.0,3,0,1,0,1,0,1,0,1
6227,295139.0,1,0,1,0,1,0,1,0,1
6228,413194.0,2,0,1,0,1,0,1,0,1
6228,442708.0,3,0,1,0,1,0,1,0,1
6228,383681.0,1,0,1,0,1,0,1,0,1
6229,489090.0,2,1,1,0,1,0,0,0,0
6229,537970.0,2,1,1,0,1,0,0,0,1
6230,548518.0,2,1,1,0,1,0,0,0,0
6230,580164.0,2,1,1,0,1,0,0,0,1
6231,743750.0,2,0,1,0,1,1,0,0,0
6232,799986.0,4,2,1,0,1,0,0,0,0
6232,878749.0,4,2,1,0,1,0,0,0,1
6233,878749.0,4,2,1,0,1,0,0,0,0
6233,950770.0,4,2,1,0,1,0,0,0,1
6234,1360000.0,4,1,1,0,1,1,0,0,0
6235,481481.0,2,1,0,0,1,1,0,0,1
6235,574074.0,3,0,0,0,1,1,0,0,1
6236,310172.0,2,0,1,0,1,1,0,0,0
6237,396825.0,2,2,1,0,1,0,1,0,0
6237,440917.0,3,2,1,0,1,0,1,0,0
6238,531198.0,2,1,1,0,1,0,0,0,1
6238,657870.0,2,1,1,0,1,0,1,0,1
6239,531198.0,2,1,1,0,1,0,0,0,1
6240,639722.0,2,0,1,0,1,0,1,0,1
6241,693032.0,2,0,1,0,1,0,1,0,1
6241,799653.0,3,0,1,0,1,0,1,0,1
6242,381409.0,2,1,1,0,1,0,1,0,0
6243,494885.0,3,2,1,0,1,0,1,0,0
6244,707528.0,2,1,1,0,1,0,1,0,0
6244,707528.0,3,0,1,0,1,1,0,0,0
6244,744766.0,3,0,1,0,1,0,1,0,0
6245,277778.0,2,0,1,0,1,0,1,0,0
6246,277778.0,2,0,1,0,1,0,1,0,0
6247,542017.0,2,2,1,0,1,0,1,0,0
6247,628592.0,2,2,1,0,1,0,1,0,0
6248,659691.0,2,2,1,0,1,0,1,0,0
6248,759259.0,2,1,1,0,1,1,0,0,0
6248,762186.0,2,2,1,0,1,0,1,0,0
6249,737571.0,2,0,1,0,1,1,0,0,0
6250,608664.0,2,0,1,0,1,1,0,0,0
6251,656583.0,2,0,1,0,1,0,1,0,0
6251,733686.0,2,0,1,0,1,0,1,0,0
6252,787037.0,2,0,1,0,0,0,1,0,0
6252,768519.0,1,0,1,0,0,0,1,0,0
6253,1111111.0,4,0,1,0,0,0,1,0,0
6254,2059207.0,2,1,1,0,1,0,1,0,0
6254,2395062.0,2,1,1,0,1,0,1,0,0
6255,170270.0,2,0,1,0,0,0,1,0,0
6255,153243.0,1,0,1,0,0,0,1,0,0
6256,255405.0,2,0,1,0,0,0,1,0,0
6256,229865.0,1,0,1,0,0,0,1,0,0
6257,277778.0,2,1,0,0,1,0,1,0,0
6258,370370.0,3,1,0,0,1,0,1,0,0
6259,352488.0,2,0,1,0,1,0,0,0,0
6259,412257.0,2,0,1,0,1,0,0,0,0
6260,1691667.0,2,0,1,0,1,1,0,0,0
6261,2285944.0,2,3,1,0,1,0,0,0,0
6262,660000.0,2,0,1,0,0,1,0,0,0
6263,490000.0,2,0,0,0,1,0,1,0,0
6263,738889.0,2,0,0,0,1,1,0,0,0
6263,441000.0,1,0,0,0,1,0,1,0,0
6264,576333.0,2,0,0,0,1,0,1,0,0
6264,606667.0,3,0,0,0,1,0,1,0,0
6265,992146.0,2,0,1,0,1,1,0,0,0
6266,1102293.0,2,0,1,0,1,1,0,0,0
6266,1235916.0,2,0,1,0,1,0,1,0,0
6266,1255732.0,2,0,1,0,1,0,1,0,0
6267,659722.0,2,0,1,0,1,0,0,0,0
6267,1518570.0,2,1,1,0,1,0,0,0,0
6267,1717467.0,1,1,1,0,1,0,0,0,0
6268,176367.0,2,0,1,0,1,0,1,0,0
6269,264550.0,2,0,1,0,1,0,1,0,0
6269,211640.0,1,0,1,0,1,0,1,0,0
6270,453628.0,2,0,1,0,1,1,0,0,0
6271,832510.0,2,0,1,0,1,0,1,0,0
6271,881481.0,3,0,1,0,1,0,1,0,0
6272,935699.0,2,0,1,0,1,0,1,0,0
6272,990741.0,3,0,1,0,1,0,1,0,0
6273,504409.0,2,0,1,0,1,1,0,0,0
6273,536301.0,2,0,1,0,1,0,0,0,0
6274,828547.0,2,1,1,0,1,0,0,0,0
6275,389246.0,2,0,1,0,1,0,0,0,0
6275,350322.0,1,0,1,0,1,0,0,0,0
6276,424632.0,2,0,1,0,1,0,0,0,0
6276,382169.0,1,0,1,0,1,0,0,0,0
6277,495404.0,2,0,1,0,1,0,0,0,0
6277,445864.0,1,0,1,0,1,0,0,0,0
6278,7685185.0,2,0,1,0,1,1,0,0,0
6279,7685185.0,2,0,1,0,1,1,0,0,0
6280,1701892.0,2,0,1,0,1,1,0,0,0
6280,1791465.0,2,0,1,0,1,0,1,0,0
6280,1701892.0,1,0,1,0,1,0,1,0,0
6281,513007.0,2,0,1,0,1,0,0,0,0
6281,605556.0,2,1,1,0,1,1,0,0,0
6282,944615.0,2,0,1,0,1,1,0,0,0
6282,967593.0,2,0,1,0,1,0,1,0,0
6282,1018519.0,3,0,1,0,1,0,1,0,0
6282,1036949.0,3,0,1,0,1,0,1,0,0
6283,1052469.0,2,0,1,0,1,0,1,0,0
6283,1075103.0,3,0,1,0,1,0,1,0,0
6283,1152400.0,4,0,1,0,1,0,1,0,0
6284,305000.0,2,0,1,0,1,0,1,0,0
6285,555556.0,2,0,1,0,1,0,1,0,0
6285,567888.0,2,0,1,0,1,1,0,0,0
6286,668386.0,2,0,1,0,1,0,1,0,0
6287,725486.0,2,1,1,1,1,0,0,0,0
6287,832844.0,2,1,1,1,1,0,1,0,0
6288,821036.0,2,1,1,1,1,0,0,0,0
6288,930825.0,2,1,1,1,1,0,1,0,0
6289,3938704.0,2,0,1,0,1,1,0,0,0
6290,6563333.0,2,1,1,0,1,1,0,0,0
6291,628676.0,2,0,0,0,1,0,0,0,0
6291,698529.0,2,0,0,0,1,0,1,0,0
6291,565809.0,1,0,0,0,1,0,0,0,0
6292,843359.0,2,0,0,0,1,0,1,0,0
6292,892969.0,3,0,0,0,1,0,1,0,0
6293,948022.0,2,0,1,0,1,0,1,0,0
6293,1003788.0,3,0,1,0,1,0,1,0,0
6294,109418.0,1,0,0,0,1,0,1,0,0
6294,185185.0,1,0,0,0,1,0,1,0,0
6295,128566.0,1,0,0,0,1,0,1,0,0
6296,694444.0,2,0,1,0,0,0,1,0,0
6297,120370.0,1,0,1,0,0,0,1,0,0
6298,1203704.0,2,0,1,0,0,0,1,0,0
6299,1574074.0,4,0,1,0,0,0,1,0,0
6300,537706.0,2,0,1,1,1,1,0,0,0
6301,370370.0,2,0,1,0,1,0,1,0,0
6301,428586.0,2,0,1,0,1,1,0,0,0
6302,555556.0,4,0,1,0,1,0,1,0,0
6303,1390005.0,2,1,1,0,1,0,0,0,0
6303,2018889.0,2,0,1,0,1,1,0,0,0
6304,1676955.0,2,1,1,0,1,0,0,0,0
6304,2415000.0,2,0,1,0,1,1,0,0,0
6305,536867.0,2,2,1,0,1,0,1,0,0
6305,555556.0,2,2,1,0,1,0,1,0,0
6306,730274.0,3,1,1,0,1,0,1,0,0
6306,740741.0,3,1,1,0,1,0,1,0,0
6307,288095.0,2,0,1,0,1,0,1,0,0
6307,301190.0,3,0,1,0,1,0,1,0,0
6307,261905.0,1,0,1,0,1,0,1,0,0
6308,341270.0,2,0,1,0,1,0,1,0,0
6308,307143.0,1,0,1,0,1,0,1,0,0
6309,317460.0,2,0,1,0,1,0,1,0,0
6310,397266.0,2,2,1,0,1,0,1,0,0
6310,420635.0,3,1,1,0,1,0,1,0,0
6311,793332.0,2,1,1,0,1,1,0,0,0
6311,1046758.0,3,1,1,0,1,1,0,0,0
6312,793332.0,2,1,1,0,1,1,0,0,0
6312,1046758.0,3,1,1,0,1,1,0,0,0
6313,500000.0,2,0,1,0,1,1,0,0,0
6313,555556.0,2,0,1,0,1,0,1,0,0
6313,500000.0,1,0,1,0,1,0,1,0,0
6314,324074.0,2,0,1,0,1,0,1,0,0
6314,310185.0,1,0,1,0,1,0,1,0,0
6315,1139435.0,2,0,1,0,1,0,1,0,0
6315,1147777.0,2,0,1,0,1,1,0,0,0
6316,1142857.0,2,1,1,0,1,1,0,0,0
6316,1340970.0,2,0,1,0,1,1,0,0,0
6316,1569358.0,2,0,1,0,1,0,1,0,0
6316,2857143.0,2,0,1,0,1,0,1,0,0
6317,365741.0,2,0,1,0,1,0,1,0,0
6317,458333.0,2,0,1,0,1,0,1,0,0
6317,329167.0,1,0,1,0,1,0,1,0,0
6317,412037.0,1,0,1,0,1,0,1,0,0
6318,412500.0,2,0,1,0,1,0,1,0,0
6318,458333.0,3,0,1,0,1,0,1,0,0
6318,580324.0,2,0,1,0,1,0,1,0,0
6318,656019.0,3,0,1,0,1,0,1,0,0
6319,500000.0,2,0,1,0,0,0,1,0,0
6319,475000.0,1,1,1,0,0,0,1,0,0
6320,574074.0,2,0,1,0,0,0,1,0,0
6320,545370.0,1,1,1,0,0,0,1,0,0
6321,257683.0,4,0,1,0,1,0,0,0,0
6322,601852.0,2,0,1,0,1,0,1,0,0
6323,495833.0,2,0,1,0,0,0,1,0,0
6323,637500.0,3,0,1,0,0,0,1,0,0
6323,425000.0,1,0,1,0,0,0,1,0,0
6324,495833.0,2,0,1,0,0,0,1,0,0
6324,637500.0,3,0,1,0,0,0,1,0,0
6324,425000.0,1,0,1,0,0,0,1,0,0
6325,705027.0,2,0,1,0,1,0,1,0,0
6326,300701.0,2,0,1,0,1,0,0,0,0
6327,317283.0,2,0,1,0,1,0,0,0,0
6327,335097.0,2,0,1,0,1,1,0,0,0
6328,427405.0,2,0,0,0,0,1,0,0,0
6329,427405.0,2,0,0,0,0,1,0,0,0
6330,437729.0,2,0,1,0,1,0,0,0,0
6330,525926.0,2,0,0,0,1,1,0,0,0
6330,473333.0,1,1,0,0,1,1,0,0,0
6331,791111.0,2,2,0,0,1,0,1,0,0
6331,879524.0,4,0,1,0,1,0,0,0,0
6331,890000.0,3,2,0,0,1,0,1,0,0
6332,458182.0,2,0,1,0,1,0,1,0,0
6332,636364.0,4,0,1,0,1,0,1,0,0
6333,509091.0,2,0,1,0,1,0,1,0,0
6333,458182.0,1,0,1,0,1,0,1,0,0
6334,572727.0,2,0,1,0,1,0,1,0,0
6334,636364.0,3,0,1,0,1,0,1,0,0
6334,509091.0,1,0,1,0,1,0,1,0,0
6335,881997.0,2,1,1,0,1,0,0,0,0
6336,1351389.0,2,0,1,0,1,1,0,0,0
6337,329472.0,2,1,1,0,1,0,0,0,0
6338,329472.0,2,1,1,0,1,0,0,0,0
6338,431296.0,2,1,1,0,1,1,0,0,0
6338,388167.0,1,1,1,0,1,1,0,0,0
6339,541667.0,2,0,1,0,0,0,1,0,0
6339,487500.0,1,0,1,0,0,0,1,0,0
6340,672917.0,2,0,1,0,0,0,1,0,0
6340,712500.0,3,0,1,0,0,0,1,0,0
6340,633333.0,1,0,1,0,0,0,1,0,0
6341,965074.0,2,0,0,0,1,0,1,0,0
6341,916820.0,1,0,0,0,1,0,1,0,0
6342,1029412.0,2,0,0,0,1,0,1,0,0
6342,926471.0,1,0,0,0,1,0,1,0,0
6343,3240741.0,5,0,1,0,1,0,1,0,0
6344,383333.0,2,0,0,0,1,1,0,0,0
6344,479926.0,2,0,0,0,1,0,1,0,0
6345,454216.0,2,0,0,0,1,0,1,0,0
6346,416250.0,2,0,1,0,1,0,0,0,0
6347,624583.0,3,0,1,0,1,0,0,0,0
6348,970192.0,2,1,1,1,1,0,0,1,0
6348,986458.0,2,1,1,1,1,0,0,1,0
6349,1058832.0,2,1,1,1,1,0,0,1,0
6349,1076136.0,2,1,1,1,1,0,0,1,0
6350,657448.0,2,0,1,0,1,1,0,0,0
6351,1234127.0,2,0,1,0,1,0,0,0,0
6352,314815.0,2,0,1,0,1,0,1,0,0
6352,333333.0,2,0,1,0,1,1,0,0,0
6352,283333.0,1,0,1,0,1,0,1,0,0
6352,300000.0,1,0,1,0,1,1,0,0,0
6353,321111.0,2,0,1,0,1,0,1,0,0
6353,340000.0,2,0,1,0,1,1,0,0,0
6353,888889.0,6,0,1,0,1,0,1,0,0
6354,583081.0,2,1,1,0,1,1,0,0,0
6355,602963.0,2,0,1,0,1,1,0,0,0
6356,1524069.0,2,1,1,0,1,0,1,0,0
6356,1547090.0,2,1,1,0,1,0,1,0,0
6356,1746032.0,2,0,1,0,1,0,0,0,0
6357,555556.0,2,0,1,0,1,0,1,0,0
6357,555556.0,2,0,1,0,1,1,0,0,0
6358,694444.0,2,1,1,0,1,0,1,0,0
6358,694444.0,2,1,1,0,1,1,0,0,0
6359,484399.0,2,1,1,0,1,0,1,0,0
6360,484399.0,2,1,1,0,1,0,1,0,0
6361,562329.0,3,1,1,0,1,0,1,0,0
6362,546667.0,2,0,0,0,1,0,1,0,0
6362,519333.0,1,0,0,0,1,0,1,0,0
6363,690833.0,2,0,0,0,1,0,1,0,0
6363,656292.0,1,0,0,0,1,0,1,0,0
6364,535797.0,2,0,0,0,1,0,0,0,0
6365,535797.0,2,0,0,0,1,0,0,0,0
6366,555556.0,2,0,1,0,0,0,1,0,0
6367,231481.0,1,0,1,0,0,0,1,0,0
6368,353860.0,2,0,1,0,0,0,1,0,0
6368,318474.0,1,0,1,0,0,0,1,0,0
6369,353860.0,2,0,1,0,0,0,1,0,0
6369,318474.0,1,0,1,0,0,0,1,0,0
6370,467716.0,2,1,1,0,1,0,0,0,0
6370,678519.0,2,1,1,0,1,0,1,0,0
6371,573295.0,3,1,1,0,1,0,0,0,0
6371,777185.0,3,1,1,0,1,0,1,0,0
6372,585900.0,2,0,1,0,1,0,1,0,0
6372,527310.0,1,0,1,0,1,0,1,0,0
6373,789750.0,2,1,1,0,1,0,1,0,0
6373,877500.0,3,1,1,0,1,0,1,0,0
6374,1190476.0,4,0,1,0,0,1,0,0,0
6375,638889.0,2,1,1,0,0,1,0,0,0
6375,546116.0,1,1,1,0,0,1,0,0,0
6376,5370370.0,6,0,1,0,1,0,0,0,0
6377,6166667.0,8,0,1,0,1,0,0,0,0
6377,7537037.0,8,0,1,0,1,0,1,0,0
6378,578042.0,2,0,1,0,1,1,0,0,0
6379,1014109.0,2,0,1,0,1,0,1,0,0
6380,1146384.0,2,0,1,0,1,0,1,0,0
6381,533295.0,2,0,1,0,1,0,0,0,0
6381,583333.0,2,0,1,0,0,1,0,0,0
6382,917368.0,2,0,1,0,1,1,0,0,0
6382,1071547.0,2,0,1,0,1,1,0,0,0
6383,360000.0,2,0,1,0,1,0,1,0,0
6383,377455.0,2,1,1,0,1,0,1,0,0
6384,450000.0,2,0,1,0,1,0,1,0,0
6384,471819.0,2,1,1,0,1,0,1,0,0
6385,898148.0,4,0,1,0,1,0,1,0,0
6386,898148.0,2,0,1,0,1,0,1,0,0
6387,1018875.0,2,0,1,0,1,0,1,0,0
6387,1072500.0,3,0,1,0,1,0,1,0,0
6387,965250.0,1,0,1,0,1,0,1,0,0
6388,1365000.0,4,0,1,0,1,0,1,0,0
6389,320833.0,2,0,1,0,1,0,1,0,0
6389,288750.0,1,0,1,0,1,0,1,0,0
6390,412500.0,4,0,1,0,1,0,1,0,0
6391,459559.0,2,0,1,0,1,0,0,0,0
6391,505515.0,2,0,1,0,1,0,1,0,0
6392,459559.0,2,0,1,0,1,0,1,0,0
6392,459559.0,2,0,1,0,1,0,0,0,0
6392,413603.0,1,0,1,0,1,0,1,0,0
6393,532740.0,2,0,1,0,1,0,1,0,0
6393,719199.0,3,0,1,0,1,0,1,0,0
6394,474000.0,2,0,1,0,1,0,1,0,0
6394,608300.0,2,0,1,0,1,0,1,0,0
6395,479400.0,2,0,1,0,1,0,1,0,0
6395,615230.0,2,0,1,0,1,0,1,0,0
6396,346256.0,2,0,1,0,1,0,0,0,0
6396,462963.0,2,0,1,0,1,0,1,0,0
6396,439815.0,1,1,1,0,1,0,1,0,0
6397,370370.0,2,0,1,0,1,0,1,0,0
6397,277778.0,1,0,1,0,1,0,1,0,0
6398,370370.0,2,0,1,0,1,0,1,0,0
6398,333333.0,1,0,1,0,1,0,1,0,0
6399,1032817.0,2,1,1,0,1,1,0,0,0
6399,1079343.0,4,1,1,0,1,0,1,0,0
6400,500000.0,2,0,1,0,1,0,1,0,0
6401,500000.0,2,0,1,0,1,0,1,0,0
6402,666667.0,2,0,1,0,1,1,0,0,0
6402,740741.0,2,0,1,0,1,0,1,0,0
6402,703704.0,1,0,1,0,1,0,1,0,0
6403,1125000.0,4,0,1,0,1,1,0,0,0
6403,1150000.0,2,0,1,0,1,0,1,0,0
6403,1187500.0,3,0,1,0,1,0,1,0,0
6404,1048333.0,2,0,0,0,1,0,1,0,0
6404,943500.0,1,1,0,0,1,0,1,0,0
6405,666667.0,2,0,1,0,1,1,0,0,0
6405,740741.0,2,0,1,0,1,0,1,0,0
6406,666667.0,2,1,1,0,1,1,0,0,0
6406,740741.0,2,1,1,0,1,0,1,0,0
6407,461429.0,2,0,1,0,1,0,1,0,0
6407,369143.0,1,1,1,0,1,0,1,0,0
6408,461429.0,2,0,1,0,1,0,1,0,0
6408,415286.0,1,0,1,0,1,0,1,0,0
6409,301620.0,2,0,0,0,1,1,0,0,0
6410,301620.0,2,0,0,0,1,1,0,0,0
6411,489815.0,2,0,1,0,1,0,1,0,0
6411,554630.0,2,0,1,0,1,0,1,0,0
6411,465324.0,1,1,1,0,1,0,1,0,0
6411,471435.0,1,1,1,0,1,0,1,0,0
6412,1011905.0,2,0,1,0,1,0,1,0,0
6413,644129.0,2,1,1,0,1,0,0,0,0
6413,552736.0,1,1,1,0,1,0,0,0,0
6414,648951.0,2,1,1,0,1,0,0,0,0
6415,867723.0,4,1,1,0,1,0,0,0,0
6416,712121.0,2,2,1,0,1,0,1,0,0
6416,818939.0,3,1,1,0,1,0,1,0,0
6417,949495.0,2,0,1,0,1,0,1,0,0
6418,666667.0,2,0,1,0,1,1,0,0,0
6418,740741.0,2,0,1,0,1,0,1,0,0
6418,829630.0,2,0,1,0,1,0,1,0,0
6419,694444.0,2,0,1,0,1,0,1,0,0
6419,777778.0,2,0,1,0,1,0,1,0,0
6420,626389.0,2,0,1,0,1,0,1,0,0
6421,835185.0,4,0,1,0,1,0,1,0,0
6422,509259.0,2,0,1,0,0,0,0,0,0
6423,324074.0,2,0,1,0,1,1,0,0,0
6423,291667.0,1,0,1,0,1,1,0,0,0
6424,370370.0,2,1,1,0,1,1,0,0,0
6424,296296.0,1,1,1,0,1,1,0,0,0
6425,507936.0,2,0,1,0,1,0,1,0,0
6425,492698.0,1,0,1,0,1,0,1,0,0
6426,525794.0,2,0,1,0,1,0,1,0,0
6426,510020.0,1,1,1,0,1,0,1,0,0
6427,614200.0,2,0,1,0,1,0,1,0,0
6428,127528.0,1,0,1,0,1,0,1,0,0
6429,275735.0,2,0,1,0,1,0,1,0,0
6430,367647.0,3,0,1,0,1,0,1,0,0
6431,367647.0,2,0,1,0,1,0,1,0,0
6432,729167.0,2,0,1,0,1,0,1,0,0
6433,861111.0,2,0,1,0,1,0,1,0,0
6433,1076389.0,4,0,1,0,1,0,1,0,0
6434,376136.0,2,1,1,0,1,1,0,0,0
6434,395221.0,2,1,1,0,1,0,0,0,0
6435,221296.0,2,0,1,0,1,0,1,0,0
6436,332407.0,3,0,1,0,1,0,1,0,0
6437,436111.0,2,0,1,0,1,1,0,0,0
6437,581481.0,3,0,1,0,1,1,0,0,0
6438,470556.0,2,0,1,0,1,1,0,0,0
6438,641667.0,3,0,1,0,1,1,0,0,0
6439,420344.0,2,0,1,0,1,0,1,0,0
6439,440917.0,2,0,1,0,1,0,1,0,0
6439,646447.0,1,0,1,0,1,0,1,0,0
6439,774912.0,1,0,1,0,1,0,1,0,0
6440,740992.0,2,1,1,0,1,0,0,0,0
6440,769630.0,2,1,1,0,1,0,0,0,0
6441,740992.0,2,1,1,0,1,0,0,0,0
6441,769630.0,2,1,1,0,1,0,0,0,0
6442,527778.0,2,0,1,0,1,1,0,0,0
6442,611111.0,2,0,1,0,1,0,1,0,0
6442,501389.0,1,1,1,0,1,1,0,0,0
6443,615741.0,2,0,1,0,1,1,0,0,0
6443,712963.0,2,0,1,0,1,0,1,0,0
6444,1143519.0,3,0,1,0,1,1,0,0,0
6445,2358917.0,2,0,1,0,1,1,0,0,0
6446,2433929.0,2,1,1,0,1,0,0,0,0
6446,2486772.0,2,1,1,0,1,0,0,0,0
6447,416667.0,2,0,0,0,1,0,1,0,0
6448,735294.0,2,0,1,0,1,0,1,0,0
6448,661765.0,1,0,1,0,1,0,1,0,0
6449,735294.0,2,0,1,0,1,0,1,0,0
6449,661765.0,1,0,1,0,1,0,1,0,0
6450,1336464.0,4,1,1,0,1,0,0,0,0
6450,1512056.0,4,1,1,0,1,0,1,0,0
6451,560296.0,2,1,1,0,1,1,0,0,0
6451,700370.0,4,1,1,0,1,1,0,0,0
6452,305556.0,2,0,1,0,1,0,1,0,0
6452,275000.0,1,0,1,0,1,0,1,0,0
6453,324074.0,2,0,1,0,1,0,1,0,0
6453,500000.0,3,0,1,0,1,0,1,0,0
6453,291667.0,1,0,1,0,1,0,1,0,0
6454,1243636.0,2,0,0,0,1,1,0,0,0
6454,1381818.0,2,0,0,0,1,1,0,0,0
6455,1403046.0,2,0,0,0,1,0,0,0,0
6455,1727273.0,2,0,0,0,1,1,0,0,0
6456,879630.0,2,0,1,0,1,0,1,0,0
6456,2202629.0,2,0,1,0,1,1,0,0,0
6457,1258340.0,2,0,1,0,1,1,0,0,0
6457,1333333.0,2,1,1,0,1,0,1,0,0
6458,1435185.0,2,0,1,0,1,0,1,0,0
6459,898911.0,2,0,1,0,1,1,0,0,0
6460,1085000.0,2,1,1,0,1,1,0,0,0
6460,1138553.0,2,0,1,0,1,1,0,0,0
6461,498287.0,2,1,1,0,1,0,1,0,0
6461,613333.0,2,0,1,0,1,0,1,0,0
6462,620739.0,2,1,1,0,1,0,1,0,0
6463,726572.0,2,0,1,0,1,0,0,1,0
6463,787037.0,2,0,1,0,1,0,1,0,0
6463,708333.0,1,0,1,0,1,0,1,0,0
6464,818925.0,2,0,1,0,1,0,0,1,0
6465,918697.0,2,0,1,0,1,0,1,0,0
6465,946111.0,2,0,1,0,1,0,1,0,0
6466,1041280.0,2,0,1,0,1,0,1,0,0
6466,1062152.0,2,0,1,0,1,0,1,0,0
6467,860160.0,2,0,0,0,1,1,0,0,0
6468,1024227.0,2,0,0,0,1,0,1,0,0
6468,1415640.0,2,0,0,0,1,0,1,0,0
6469,466667.0,2,1,0,0,0,1,0,0,0
6469,570370.0,2,1,0,0,0,0,1,0,0
6469,466667.0,1,1,0,0,0,1,0,0,0
6469,513333.0,1,1,0,0,0,0,1,0,0
6470,768519.0,2,0,1,0,1,0,1,0,0
6471,960648.0,2,0,1,0,1,0,1,0,0
6472,342593.0,2,0,1,0,1,1,0,0,0
6473,330882.0,2,0,1,0,1,0,1,0,0
6473,342296.0,2,0,1,0,1,0,1,0,0
6473,314338.0,1,0,1,0,1,0,1,0,0
6474,459559.0,3,0,1,0,1,0,1,0,0
6475,403941.0,2,0,1,1,1,1,0,0,0
6476,403941.0,2,0,1,1,1,1,0,0,0
6477,740741.0,2,0,1,0,1,1,0,0,0
6477,1500000.0,1,1,1,0,1,1,0,0,0
6478,1518519.0,4,1,1,0,1,1,0,0,0
6479,2785917.0,2,1,1,1,1,0,0,0,0
6479,2892416.0,2,1,1,1,1,0,0,0,0
6480,2892416.0,2,1,1,1,1,1,0,0,0
6481,306670.0,2,1,1,0,1,0,1,0,0
6481,320062.0,2,1,1,0,1,0,1,0,0
6482,395500.0,3,1,1,0,1,0,1,0,0
6482,401764.0,3,1,1,0,1,0,1,0,0
6483,316744.0,2,1,1,0,1,0,1,1,0
6484,866667.0,4,1,0,0,1,1,0,0,0
6485,866667.0,2,1,0,0,1,1,0,0,0
6486,490972.0,2,1,1,0,1,0,1,0,0
6487,577093.0,2,1,1,0,1,0,1,0,0
6488,504409.0,2,0,1,0,1,0,0,0,0
6488,609171.0,2,0,1,0,1,0,0,0,0
6488,453968.0,1,0,1,0,1,0,0,0,0
6488,548254.0,1,0,1,0,1,0,0,0,0
6489,616635.0,2,0,1,0,1,1,0,0,0
6489,648148.0,2,0,1,0,1,0,1,0,0
6490,642826.0,4,0,1,0,1,1,0,0,0
6490,787037.0,4,0,1,0,1,0,1,0,0
6491,211640.0,1,0,1,0,1,0,1,0,0
6492,475782.0,2,0,0,0,0,1,0,0,0
6493,493617.0,2,0,1,0,1,0,0,0,0
6493,601852.0,2,0,0,0,0,1,0,0,0
6494,493617.0,2,0,1,0,1,0,0,0,0
6494,601852.0,2,0,0,0,0,1,0,0,0
6495,600412.0,2,1,1,0,1,1,0,0,0
6495,875000.0,2,1,1,0,1,0,1,0,0
6495,831250.0,1,1,1,0,1,0,1,0,0
6496,875343.0,4,2,1,0,1,1,0,0,0
6496,1125000.0,2,2,1,0,1,0,1,0,0
6496,1250000.0,4,1,1,0,1,0,1,0,0
6497,916402.0,2,0,1,0,1,1,0,0,0
6498,595199.0,2,0,1,0,1,0,1,0,0
6498,727466.0,3,0,1,0,1,0,1,0,0
6499,1272288.0,2,0,1,0,1,0,0,0,0
6500,1436651.0,2,0,1,0,1,0,0,0,0
6501,735907.0,2,0,1,0,1,0,1,0,0
6501,1053241.0,2,0,1,0,1,0,1,0,0
6501,947917.0,1,0,1,0,1,0,1,0,0
6502,735907.0,2,0,1,0,1,0,1,0,0
6502,1053241.0,2,0,1,0,1,0,1,0,0
6502,947917.0,1,0,1,0,1,0,1,0,0
6503,714193.0,2,0,1,0,1,1,0,0,0
6503,833333.0,2,1,1,0,1,0,1,0,0
6504,894873.0,2,1,1,0,1,0,0,0,0
6504,931070.0,2,1,1,0,1,0,1,0,0
6505,972222.0,4,0,1,0,1,1,0,0,0
6505,1069444.0,4,0,1,0,1,0,1,0,0
6506,292337.0,2,1,1,0,1,0,0,0,0
6506,343736.0,2,1,1,0,1,0,0,0,0
6506,550210.0,2,1,0,0,0,0,1,0,0
6507,366477.0,2,1,1,0,1,0,0,0,0
6507,407672.0,2,1,1,0,1,0,0,0,0
6507,475618.0,2,1,0,0,0,0,1,0,0
6508,503321.0,2,1,1,0,1,0,0,0,0
6508,595833.0,2,1,1,0,1,0,0,0,0
6509,687500.0,2,0,1,0,1,0,0,0,0
6510,244444.0,2,0,1,0,1,0,1,0,0
6510,276263.0,1,0,1,0,1,0,1,0,0
6511,318519.0,2,0,1,0,1,0,1,0,0
6512,348148.0,2,0,1,0,1,0,1,0,0
6513,405412.0,2,0,1,0,1,0,0,0,0
6514,431282.0,2,1,1,0,1,0,1,0,0
6514,462963.0,2,1,1,0,1,0,1,0,0
6514,476077.0,2,0,1,0,1,1,0,0,0
6514,481481.0,2,0,1,0,1,0,1,0,0
6515,1037037.0,4,0,0,0,0,0,0,0,0
6516,477802.0,2,0,1,0,1,0,1,0,0
6517,525019.0,2,0,1,0,1,0,1,0,0
6517,635185.0,2,0,1,0,1,0,1,0,0
6518,259259.0,2,0,0,0,1,0,1,0,0
6519,259259.0,2,0,0,0,1,0,1,0,0
6520,1018182.0,2,0,1,0,0,0,1,0,0
6520,916364.0,1,0,1,0,0,0,1,0,0
6521,582500.0,2,0,1,0,1,1,0,0,0
6522,916667.0,4,0,1,0,1,1,0,0,0
6523,493056.0,2,0,1,0,0,1,0,0,0
6524,462254.0,2,1,0,0,1,0,1,0,0
6524,529101.0,2,1,0,0,1,0,1,0,0
6524,705467.0,2,1,0,0,1,0,1,0,0
6525,462254.0,2,1,0,0,1,0,1,0,0
6525,529101.0,2,1,0,0,1,0,1,0,0
6526,386029.0,2,0,1,0,1,0,1,0,0
6527,419118.0,2,0,1,0,1,0,1,0,0
6527,441176.0,3,0,1,0,1,0,1,0,0
6528,617026.0,2,0,1,0,1,1,0,0,0
6529,617026.0,2,0,1,0,1,1,0,0,0
6530,481250.0,2,0,1,0,1,0,0,0,0
6530,515625.0,3,0,1,0,1,0,0,0,0
6531,520833.0,2,0,1,0,1,0,0,0,0
6531,546875.0,2,0,1,0,1,1,0,0,0
6531,494792.0,1,0,1,0,1,0,0,0,0
6532,352734.0,2,0,0,0,0,1,0,0,0
6533,396825.0,2,0,0,0,0,1,0,0,0
6534,341667.0,2,0,1,0,1,0,1,0,0
6535,462037.0,2,0,1,0,1,0,1,0,0
6536,563444.0,2,0,1,0,1,0,1,0,0
6536,617284.0,2,0,1,0,1,0,1,0,0
6536,740741.0,2,0,1,0,1,0,0,0,0
6537,781976.0,3,0,1,0,1,0,1,0,0
6537,793651.0,3,0,1,0,1,0,1,0,0
6538,543704.0,2,0,1,0,1,0,1,0,0
6538,580741.0,3,0,1,0,1,0,1,0,0
6539,591196.0,2,0,1,0,1,0,1,0,0
6540,686125.0,2,0,1,0,1,0,0,0,0
6540,687514.0,2,0,1,0,1,0,1,0,0
6540,787037.0,2,0,1,0,1,0,1,0,0
6541,311448.0,2,0,1,0,1,0,1,0,0
6541,302104.0,1,0,1,0,1,0,1,0,0
6542,352273.0,3,0,1,0,1,0,1,0,0
6542,359848.0,2,0,1,0,1,0,1,0,0
6542,378779.0,1,0,1,0,1,0,1,0,0
6543,640151.0,2,0,1,0,1,1,0,0,0
6543,576136.0,1,1,1,0,1,1,0,0,0
6544,787878.0,2,0,1,0,1,1,0,0,0
6544,709091.0,1,1,1,0,1,1,0,0,0
6545,635513.0,2,0,1,0,1,1,0,0,0
6545,647372.0,2,1,1,0,1,0,1,0,0
6546,759365.0,2,1,1,0,1,0,1,0,0
6546,787882.0,2,0,1,0,1,1,0,0,0
6547,333446.0,2,0,1,0,1,1,0,0,0
6548,623446.0,2,1,1,0,1,0,1,0,0
6549,167269.0,1,0,1,0,1,0,1,0,0
6549,179822.0,1,1,1,0,1,0,1,0,0
6549,301082.0,1,0,1,0,1,1,0,0,0
6550,184226.0,1,1,1,0,1,0,1,0,0
6550,186093.0,1,0,1,0,1,0,1,0,0
6550,334966.0,1,0,1,0,1,1,0,0,0
6551,623333.0,2,0,1,0,1,0,1,0,0
6552,1132767.0,4,0,1,0,1,0,1,0,0
6553,1752534.0,2,0,1,0,1,0,0,0,0
6554,2244780.0,2,0,1,0,1,0,0,0,0
6554,2271445.0,2,0,1,0,1,0,1,0,0
6555,335513.0,2,0,0,0,1,1,0,0,0
6556,220370.0,2,0,1,0,0,0,1,0,0
6557,420260.0,2,1,1,0,1,0,1,0,0
6558,2072444.0,2,0,1,0,1,0,0,0,0
6558,3023849.0,2,0,1,0,1,0,0,0,0
6559,2343952.0,2,0,1,0,1,0,0,0,0
6559,3228856.0,2,0,1,0,1,0,0,0,0
6560,3706905.0,2,0,1,0,1,0,0,0,0
6560,4766407.0,2,0,1,0,1,0,0,0,0
6561,753968.0,2,1,0,0,1,1,0,0,0
6561,868517.0,2,0,0,0,1,1,0,0,0
6561,793651.0,1,2,0,0,1,1,0,0,0
6562,595284.0,2,0,1,0,1,1,0,0,0
6563,468744.0,2,1,0,0,1,0,1,0,0
6563,589963.0,3,1,0,0,1,0,1,0,0
6564,1385326.0,2,0,1,0,1,0,1,0,0
6564,1630244.0,3,0,1,0,1,0,1,0,0
6564,1837037.0,2,0,1,0,1,0,0,0,0
6565,390671.0,2,0,1,0,1,1,0,0,0
6566,857197.0,2,2,1,0,1,1,0,0,0
6566,1021591.0,3,1,1,0,1,1,0,0,0
6566,704545.0,1,3,1,0,1,1,0,0,0
6567,342191.0,2,0,1,0,1,1,0,0,0
6568,342191.0,2,0,1,0,1,1,0,0,0
6568,436508.0,2,0,1,0,1,0,1,0,0
6568,436468.0,1,0,1,0,1,0,1,0,0
6569,477941.0,2,0,1,0,1,0,1,0,0
6569,597426.0,2,0,1,0,1,0,1,0,0
6570,883114.0,2,1,1,0,1,0,1,0,0
6570,1361111.0,2,1,1,0,1,0,1,0,0
6571,1051771.0,2,1,1,0,1,0,1,0,0
6571,1530556.0,1,1,1,0,1,0,1,0,0
6572,648148.0,2,0,1,0,0,0,1,0,0
6572,583333.0,1,0,1,0,0,0,1,0,0
6573,916667.0,3,0,1,0,0,0,1,0,0
6574,646296.0,2,0,1,0,1,1,0,0,0
6574,549352.0,1,0,1,0,1,1,0,0,0
6575,650000.0,2,0,1,0,1,1,0,0,0
6576,2163175.0,2,0,1,0,1,0,0,0,0
6576,2648148.0,2,0,1,0,1,1,0,0,0
6577,2602363.0,2,0,1,0,1,0,0,0,0
6577,2792416.0,4,0,1,0,1,0,0,0,0
6578,462963.0,2,0,1,0,0,0,1,0,0
6578,416667.0,1,0,1,0,0,0,1,0,0
6579,509259.0,3,0,1,0,0,0,1,0,0
6580,1826078.0,2,0,1,0,1,1,0,0,0
6580,2111111.0,2,0,1,0,1,1,0,0,0
6581,3064815.0,2,0,1,0,1,1,0,0,0
6582,324074.0,2,0,0,0,1,0,1,0,0
6583,324074.0,2,1,0,0,1,0,1,0,0
6583,324074.0,2,1,0,0,1,1,0,0,0
6584,695960.0,2,0,1,0,1,0,1,0,0
6584,803030.0,3,0,1,0,1,0,1,0,0
6585,739731.0,2,0,1,0,1,0,1,0,0
6585,853535.0,3,0,1,0,1,0,1,0,0
6586,375000.0,4,0,1,0,1,0,1,0,0
6587,462963.0,2,1,1,0,1,1,0,0,0
6588,487949.0,2,0,1,0,1,1,0,0,0
6588,694444.0,2,0,1,0,1,1,0,0,0
6589,1237678.0,2,0,1,0,1,0,1,0,0
6589,1322065.0,2,0,1,0,1,1,0,0,0
6589,1189858.0,1,0,1,0,1,1,0,0,0
6590,2057867.0,3,0,1,0,1,0,1,0,0
6590,2198176.0,3,0,1,0,1,1,0,0,0
6591,866667.0,3,0,1,0,1,1,0,0,0
6591,962963.0,3,0,1,0,1,0,1,0,0
6592,791667.0,2,0,1,0,0,1,0,0,0
6592,879630.0,2,0,1,0,0,0,1,0,0
6592,712500.0,1,0,1,0,0,1,0,0,0
6592,791667.0,1,0,1,0,0,0,1,0,0
6593,879630.0,2,0,1,0,0,0,1,0,0
6594,545149.0,2,0,1,0,1,0,1,0,0
6594,555556.0,2,0,1,0,1,0,1,0,0
6594,571429.0,2,0,1,0,1,0,1,0,0
6595,640648.0,2,1,1,0,1,0,1,0,0
6595,681387.0,3,0,1,0,1,0,1,0,0
6595,736745.0,3,0,1,0,1,0,1,0,0
6596,839255.0,2,0,1,0,1,1,0,0,0
6597,370370.0,2,0,1,0,1,0,1,0,0
6597,407407.0,2,0,1,0,1,0,1,0,0
6598,566667.0,2,0,1,0,1,1,0,0,0
6598,600000.0,3,0,1,0,1,1,0,0,0
6598,629630.0,2,0,1,0,1,0,1,0,0
6598,666667.0,3,0,1,0,1,0,1,0,0
6599,601852.0,3,0,1,0,1,0,1,0,0
6599,662037.0,3,0,1,0,1,0,1,0,0
6600,410833.0,2,0,1,0,0,0,1,0,0
6601,683333.0,2,0,1,0,1,1,0,0,0
6601,615000.0,1,0,1,0,1,1,0,0,0
6602,731481.0,2,0,1,0,1,1,0,0,0
6603,666667.0,2,0,1,0,1,1,0,0,0
6603,740741.0,2,0,1,0,1,1,0,0,0
6603,666667.0,1,1,1,0,1,1,0,0,0
6604,257576.0,2,0,0,0,1,0,1,0,0
6605,265152.0,2,0,0,0,1,0,1,0,0
6606,296296.0,2,0,1,0,1,0,1,0,0
6606,287037.0,1,1,1,0,1,0,1,0,0
6607,300926.0,2,0,1,0,1,0,1,0,0
6608,448367.0,2,0,1,0,1,1,0,0,0
6608,480575.0,2,0,1,0,1,1,0,0,0
6609,421094.0,2,0,0,0,0,0,1,0,0
6609,427556.0,2,0,0,0,0,1,0,0,0
6609,475062.0,2,0,0,0,0,0,1,0,0
6610,743094.0,2,0,1,0,1,0,0,0,0
6610,1058201.0,2,1,1,0,1,1,0,0,0
6611,928138.0,2,0,1,0,1,0,0,0,0
6611,1234568.0,2,1,1,0,1,1,0,0,0
6612,700000.0,2,1,1,0,1,0,1,0,0
6613,907407.0,3,1,1,0,1,0,1,0,0
6614,601852.0,2,0,1,0,1,0,1,0,0
6615,2520000.0,2,1,1,0,1,0,1,0,0
6615,3155080.0,2,1,1,0,1,0,1,0,0
6616,2673000.0,2,1,1,0,1,0,1,0,0
6616,3368985.0,2,1,1,0,1,0,1,0,0
6617,505051.0,2,0,1,0,0,0,1,0,0
6617,454545.0,1,0,1,0,0,0,1,0,0
6618,643939.0,2,0,1,0,0,0,1,0,0
6618,681818.0,3,0,1,0,0,0,1,0,0
6618,606061.0,1,0,1,0,0,0,1,0,0
6619,535361.0,2,0,1,0,1,1,0,0,0
6620,712081.0,2,0,1,0,1,0,1,0,0
6620,824515.0,2,0,1,0,1,1,0,0,0
6620,824515.0,2,0,1,0,1,0,1,0,0
6621,525926.0,2,1,1,0,1,0,0,0,0
6622,3966667.0,3,0,1,0,1,0,1,0,0
6622,5666667.0,3,0,1,0,1,0,1,0,0
6623,4165000.0,3,0,1,0,1,0,1,0,0
6623,5950000.0,3,0,1,0,1,0,1,0,0
6624,574074.0,2,0,1,0,1,1,0,0,0
6625,918519.0,2,0,1,0,1,1,0,0,0
6625,826667.0,1,0,1,0,1,1,0,0,0
6626,513256.0,2,0,1,0,1,1,0,0,0
6626,865741.0,2,0,1,0,1,0,1,0,0
6627,441176.0,2,0,0,0,1,0,0,0,0
6627,529412.0,3,0,0,0,1,0,0,0,0
6627,397059.0,1,0,0,0,1,0,0,0,0
6628,511494.0,2,0,1,0,1,0,0,0,0
6629,480722.0,2,1,0,0,1,0,1,0,0
6630,632148.0,4,0,0,0,1,0,1,0,0
6631,885259.0,6,1,0,0,1,0,1,0,0
6632,351852.0,2,0,1,0,1,0,1,0,0
6632,342593.0,1,0,1,0,1,0,1,0,0
6633,513177.0,2,0,1,0,1,1,0,0,0
6634,462963.0,1,0,1,0,1,0,1,0,0
6635,772844.0,2,0,1,0,1,1,0,0,0
6635,1023392.0,4,2,1,0,1,1,0,0,0
6636,820048.0,4,1,1,0,1,1,0,0,0
6637,405644.0,2,0,1,0,1,0,1,0,0
6638,405644.0,2,1,1,0,1,0,1,0,0
6638,493827.0,3,0,1,0,1,0,1,0,0
6639,254850.0,2,0,1,0,1,0,1,0,0
6640,114638.0,1,0,1,0,1,0,1,0,0
6641,555590.0,2,0,1,0,1,0,1,0,0
6641,559500.0,2,0,1,0,1,1,0,0,0
6642,716912.0,2,1,1,0,1,0,0,0,0
6642,827206.0,3,0,1,0,1,0,0,0,0
6642,781250.0,1,2,1,0,1,0,0,0,0
6643,744485.0,2,0,1,0,1,0,0,0,0
6643,781250.0,2,0,1,0,1,0,0,0,0
6643,781250.0,1,1,1,0,1,0,0,0,0
6644,388889.0,2,0,1,0,0,0,1,0,0
6645,505556.0,3,0,1,0,0,0,1,0,0
6646,583333.0,3,0,1,0,0,0,1,0,0
6647,620112.0,2,0,1,0,1,1,0,0,0
6648,674795.0,2,0,1,0,1,0,1,0,0
6649,500919.0,2,0,1,0,1,0,1,0,0
6649,475873.0,1,0,1,0,1,0,1,0,0
6650,505515.0,2,0,1,0,1,0,1,0,0
6650,480239.0,1,0,1,0,1,0,1,0,0
6651,597826.0,2,0,1,0,1,0,1,0,0
6651,631039.0,3,0,1,0,1,1,0,0,0
6651,664251.0,3,0,1,0,1,0,1,0,0
6652,670290.0,2,0,1,0,1,0,1,0,0
6652,692633.0,3,0,1,0,1,0,1,0,0
6653,925000.0,2,0,1,0,1,0,1,0,0
6653,832500.0,1,0,1,0,1,0,1,0,0
6654,2453704.0,15,0,1,0,1,1,0,0,0
6655,1654074.0,4,0,1,0,1,1,0,0,0
6655,2282407.0,2,0,1,0,1,1,0,0,0
6655,2148148.0,1,0,1,0,1,1,0,0,0
6656,757576.0,2,1,1,0,1,0,1,0,1
6656,1515152.0,2,1,1,0,1,1,0,0,0
6657,808081.0,2,0,1,0,1,0,1,0,1
6658,808081.0,2,1,1,0,1,0,1,0,1
6658,1346801.0,2,1,1,0,1,1,0,0,0
6659,925926.0,2,1,1,0,1,0,1,0,1
6659,1936027.0,2,1,1,0,1,1,0,0,0
6660,925926.0,3,1,1,0,1,0,1,0,1
6660,1414141.0,3,1,1,0,1,1,0,0,0
6661,1262626.0,4,1,1,0,1,0,1,0,1
6661,1346801.0,4,1,1,0,1,1,0,0,0
6662,833333.0,2,1,1,0,1,1,0,0,1
6662,925926.0,3,1,1,0,1,1,0,0,1
6663,875000.0,2,1,1,0,1,1,0,0,1
6663,972222.0,3,1,1,0,1,1,0,0,1
6664,925926.0,2,1,1,0,1,1,0,0,1
6664,1041667.0,3,1,1,0,1,1,0,0,1
6665,388889.0,2,0,1,0,0,1,0,0,1
6665,345708.0,1,1,1,0,0,1,0,0,1
6666,504167.0,2,1,1,0,0,1,0,0,1
6666,560185.0,3,1,1,0,0,1,0,0,1
6666,448148.0,1,1,1,0,0,1,0,0,1
6667,590915.0,2,0,0,0,1,0,1,0,1
6667,644683.0,3,0,0,0,1,0,1,0,1
6668,632285.0,2,0,0,0,1,0,1,0,1
6668,716590.0,3,0,0,0,1,0,1,0,1
6669,644683.0,2,0,0,0,1,0,1,0,1
6669,698451.0,3,0,0,0,1,0,1,0,1
6670,857865.0,2,0,1,0,1,0,0,0,1
6670,989418.0,2,0,1,0,1,0,0,0,1
6671,1164021.0,2,0,1,0,1,1,0,0,1
6672,1201198.0,2,1,1,0,1,0,0,0,1
6672,1304233.0,2,1,1,0,1,0,0,0,1
6672,1534392.0,4,0,1,0,1,1,0,0,1
6673,2116402.0,4,0,1,0,1,1,0,0,1
6674,1357861.0,2,0,0,0,0,1,0,0,1
6675,1550926.0,2,0,1,0,1,0,1,0,1
6675,2140278.0,3,0,1,0,1,0,1,0,1
6676,553784.0,2,0,1,0,1,1,0,0,1
6676,563241.0,2,0,1,0,1,1,0,0,1
6676,3028938.0,2,1,1,0,1,0,1,1,1
6677,848426.0,2,0,1,0,1,1,0,0,1
6678,1135268.0,2,0,1,0,1,1,0,0,1
6678,919722.0,1,0,1,0,1,1,0,0,1
6679,1211324.0,4,0,1,0,1,1,0,0,1
6679,4973164.0,4,0,1,0,1,0,1,1,1
6680,4206481.0,12,0,1,0,1,1,0,0,1
6681,4318401.0,2,1,1,0,1,0,1,1,1
6682,4521058.0,3,0,1,0,1,0,1,1,1
6683,7686058.0,12,0,1,0,1,0,1,1,1
6684,455922.0,3,0,1,0,1,0,1,0,1
6684,455922.0,3,0,1,0,1,0,1,0,0
6685,517485.0,3,0,1,0,1,0,1,0,1
6685,517485.0,3,0,1,0,1,0,1,0,0
6686,566632.0,2,0,1,0,1,0,1,0,1
6686,566632.0,2,0,1,0,1,0,1,0,0
6687,694717.0,4,0,1,0,1,0,1,0,1
6687,694717.0,4,0,1,0,1,0,1,0,0
6688,1049216.0,6,0,1,0,1,0,1,0,1
6688,1049216.0,6,0,1,0,1,0,1,0,0
6689,3119293.0,5,0,1,0,1,0,1,0,1
6689,3119610.0,5,0,1,0,1,0,1,0,0
6690,514403.0,2,0,1,0,1,0,1,0,1
6691,805556.0,4,0,1,0,1,0,1,0,1
6692,433333.0,2,0,1,0,1,0,1,0,1
6692,487500.0,3,0,1,0,1,0,1,0,1
6692,379167.0,1,0,1,0,1,0,1,0,1
6693,625000.0,2,0,1,0,1,0,1,0,1
6693,562500.0,1,0,1,0,1,0,1,0,1
6694,448333.0,2,0,0,0,1,0,1,0,1
6695,610583.0,2,0,0,0,1,0,1,0,1
6695,646500.0,3,0,0,0,1,0,1,0,1
6696,613333.0,2,0,0,0,1,0,1,0,1
6696,664500.0,4,0,0,0,1,1,0,0,1
6696,688333.0,3,0,0,0,1,0,1,0,1
6697,320192.0,2,0,0,0,1,0,1,0,0
6698,507565.0,3,0,0,0,1,0,1,0,0
6699,524475.0,3,0,0,0,1,0,1,0,0
6700,509259.0,2,0,1,0,1,0,1,0,1
6700,483796.0,1,0,1,0,1,0,1,0,1
6701,825000.0,2,3,1,0,1,0,1,0,1
6701,916667.0,4,1,1,0,1,0,1,0,1
6701,779167.0,1,4,1,0,1,0,1,0,1
6702,1021543.0,2,0,1,0,1,1,0,0,1
6702,1280423.0,2,1,1,0,1,1,0,0,1
6702,1660462.0,2,1,1,0,1,0,1,1,1
6703,1107885.0,2,0,1,0,1,1,0,0,1
6703,1280423.0,2,1,1,0,1,1,0,0,1
6703,1660462.0,2,1,1,0,1,0,1,1,1
6704,1215972.0,2,0,1,0,1,1,0,0,1
6704,1425926.0,2,0,1,0,1,1,0,0,1
6704,1826508.0,2,0,1,0,1,0,1,1,1
6705,1215972.0,2,0,1,0,1,1,0,0,1
6705,1826508.0,2,2,1,0,1,0,1,1,1
6706,1425926.0,2,2,1,0,1,1,0,0,1
6707,509259.0,2,0,1,0,0,0,1,0,1
6707,509259.0,2,0,1,0,0,0,1,0,0
6707,462963.0,1,0,1,0,0,0,1,0,1
6708,626646.0,2,0,1,0,1,0,0,0,1
6708,749559.0,2,0,1,0,1,0,0,0,1
6708,2314815.0,2,1,1,0,1,0,1,0,1
6709,626646.0,2,0,1,0,1,0,0,0,1
6709,749559.0,2,0,1,0,1,0,0,0,1
6709,2314815.0,2,1,1,0,1,0,1,0,1
6710,324074.0,2,0,1,0,1,0,1,0,1
6711,333333.0,2,0,1,0,1,0,1,0,1
6711,416667.0,3,0,1,0,1,0,1,0,1
6712,333333.0,2,0,1,0,1,0,1,0,1
6712,416667.0,3,0,1,0,1,0,1,0,1
6713,333333.0,2,0,1,0,1,0,1,0,1
6713,416667.0,3,0,1,0,1,0,1,0,1
6714,276017.0,2,0,0,0,0,1,0,0,0
6715,768347.0,2,1,1,0,1,0,0,0,1
6716,885712.0,2,1,1,0,1,0,0,0,1
6717,620404.0,2,0,1,0,1,0,1,0,1
6717,607996.0,1,0,1,0,1,0,1,0,1
6718,620404.0,2,0,1,0,1,0,1,0,1
6718,587316.0,1,0,1,0,1,0,1,0,1
6719,416667.0,2,0,1,0,0,1,0,0,1
6719,370370.0,1,0,1,0,0,1,0,0,1
6720,625000.0,2,0,1,0,0,1,0,0,1
6720,708333.0,3,0,1,0,0,1,0,0,1
6720,541667.0,1,0,1,0,0,1,0,0,1
6721,441176.0,4,0,1,0,0,0,1,0,0
6722,367593.0,2,0,1,0,1,0,1,0,1
6723,601852.0,3,1,1,0,1,0,1,0,1
6724,812500.0,2,0,1,0,1,0,1,0,1
6724,857639.0,3,0,1,0,1,0,1,0,1
6724,767361.0,1,0,1,0,1,0,1,0,1
6725,1157407.0,1,0,1,0,1,0,1,0,1
6726,648148.0,4,0,1,0,0,0,1,0,1
6727,648148.0,3,0,1,0,0,0,1,0,1
6728,509259.0,1,0,1,0,0,0,1,0,1
6729,328704.0,2,0,1,0,1,0,1,0,0
6730,402778.0,2,0,1,0,1,0,1,0,0
6731,503704.0,2,0,1,0,1,0,1,0,0
6731,629630.0,4,0,1,0,1,0,1,0,0
6732,563659.0,2,0,1,0,1,0,0,0,1
6732,535477.0,1,1,1,0,1,0,0,0,1
6733,722586.0,2,1,1,0,1,0,0,0,1
6733,762729.0,3,1,1,0,1,0,0,0,1
6734,312500.0,2,0,1,0,1,0,1,0,1
6735,429687.0,3,0,1,0,1,0,1,0,1
6736,585937.0,4,0,1,0,1,0,1,0,1
6737,472222.0,3,0,0,0,0,1,0,0,1
6737,524691.0,2,0,0,0,0,0,1,0,1
6737,569665.0,3,0,0,0,0,0,1,0,1
6738,505952.0,2,0,0,0,0,0,1,0,1
6738,505952.0,2,0,0,0,0,1,0,0,1
6738,505952.0,1,0,0,0,0,0,1,0,1
6739,539683.0,2,0,0,0,0,0,1,0,1
6739,539683.0,2,0,0,0,0,1,0,0,1
6739,524691.0,1,0,0,0,0,0,1,0,1
6740,607143.0,4,0,0,0,0,1,0,0,1
6740,667857.0,2,0,0,0,0,0,1,0,1
6740,674603.0,3,0,0,0,0,0,1,0,1
6741,370370.0,2,0,1,0,0,0,1,0,1
6741,351852.0,1,1,1,0,0,0,1,0,1
6742,555556.0,2,0,1,0,0,0,1,0,1
6742,527778.0,1,1,1,0,0,0,1,0,1
6743,1002778.0,3,1,1,0,0,1,0,0,1
6743,1055556.0,3,1,1,0,0,0,1,0,1
6744,750000.0,2,0,0,0,1,0,1,0,0
6745,400000.0,2,0,1,0,1,0,0,0,1
6745,360000.0,1,1,1,0,1,0,0,0,1
6746,500000.0,2,1,1,0,1,1,0,0,1
6747,625000.0,2,1,1,0,1,0,0,0,1
6748,574543.0,2,0,1,0,1,1,0,0,1
6748,880390.0,2,0,1,0,1,0,1,0,1
6748,967593.0,2,0,1,0,1,0,0,0,1
6749,765093.0,2,0,1,0,1,0,0,0,1
6749,1040840.0,2,0,1,0,1,0,1,0,1
6749,1407407.0,2,1,1,0,1,0,0,0,1
6750,996176.0,3,0,1,0,1,0,0,0,1
6750,1308607.0,3,0,1,0,1,0,1,0,1
6750,1583333.0,2,1,1,0,1,0,0,0,1
6751,370081.0,2,0,1,0,1,1,0,0,0
6751,465557.0,2,0,1,0,1,1,0,0,1
6752,521759.0,2,1,1,0,1,0,1,0,0
6752,453931.0,1,1,1,0,1,0,1,0,0
6753,539907.0,2,1,1,0,1,0,1,0,0
6753,469719.0,1,1,1,0,1,0,1,0,0
6754,559190.0,2,1,1,0,1,0,1,0,0
6754,657870.0,3,1,1,0,1,0,1,0,0
6754,592083.0,1,1,1,0,1,0,1,0,0
6755,1146296.0,2,0,1,0,1,0,0,0,1
6756,1273148.0,2,0,1,0,1,0,0,0,1
6757,1587963.0,3,0,1,0,1,0,0,0,1
6758,1890741.0,2,0,1,0,1,0,0,0,1
6759,2041667.0,4,0,1,0,1,0,0,0,1
6760,2496296.0,4,0,1,0,1,0,0,0,1
6761,450450.0,2,0,1,0,1,0,1,0,0
6762,468468.0,2,2,1,0,1,0,1,0,0
6762,527027.0,3,1,1,0,1,0,1,0,0
6762,409910.0,1,3,1,0,1,0,1,0,0
6763,720721.0,6,0,1,0,1,0,1,0,0
6764,341912.0,2,0,1,0,0,0,1,0,0
6764,455882.0,3,0,1,0,0,0,1,0,0
6764,284926.0,1,0,1,0,0,0,1,0,0
6765,372243.0,2,0,1,0,0,0,1,0,0
6765,335018.0,1,0,1,0,0,0,1,0,0
6766,386029.0,2,0,1,0,0,0,1,0,0
6767,585586.0,4,0,1,0,1,0,0,0,0
6768,527469.0,4,1,1,0,1,0,0,0,0
6769,545455.0,2,2,1,0,1,0,1,0,0
6769,681818.0,4,2,1,0,1,0,1,0,0
6770,384323.0,2,0,0,0,0,1,0,0,0
6771,10404762.0,15,1,1,0,1,0,0,0,0
6772,666667.0,2,0,1,0,0,0,1,0,0
6773,675000.0,2,0,1,0,0,0,1,0,0
6774,1414141.0,3,0,1,0,0,0,1,0,0
6775,343683.0,2,0,0,0,0,1,0,0,0
6776,966003.0,2,0,0,0,0,1,0,0,0
6777,648148.0,2,0,1,0,1,1,0,0,0
6777,583333.0,1,0,1,0,1,1,0,0,0
6778,624180.0,2,1,1,0,1,0,0,0,0
6779,572439.0,2,0,0,0,0,1,0,0,0
6780,527469.0,2,1,1,0,1,0,0,0,0
6781,531945.0,4,1,1,0,1,0,0,0,0
6782,527778.0,2,0,1,0,1,1,0,0,0
6782,555556.0,2,0,1,0,1,0,1,0,0
6783,195945.0,30,1,1,0,1,0,0,0,0
6784,360000.0,2,0,1,0,1,1,0,0,0
6784,369630.0,2,0,1,0,1,0,1,0,0
6784,342000.0,1,0,1,0,1,1,0,0,0
6784,351148.0,1,0,1,0,1,0,1,0,0
6785,248162.0,2,0,1,0,0,0,1,0,0
6786,372243.0,3,0,1,0,0,0,1,0,0
6787,413603.0,3,0,1,0,0,0,1,0,0
6788,249177.0,4,1,1,0,1,0,0,0,0
6789,428753.0,2,0,1,0,1,1,0,0,0
6789,614834.0,2,0,1,0,1,1,0,0,0
6790,483700.0,2,0,1,0,1,1,0,0,0
6790,531101.0,2,0,1,0,1,1,0,0,0
6791,342935.0,2,0,1,0,1,0,1,0,0
6792,342935.0,2,0,1,0,1,0,1,0,0
6793,827206.0,2,0,1,0,1,0,0,0,0
6794,445483.0,2,0,0,0,0,1,0,0,0
6795,309659.0,2,0,0,0,0,1,0,0,0
6796,470909.0,2,0,1,0,1,1,0,0,0
6797,672727.0,4,0,1,0,1,1,0,0,0
6798,692236.0,3,0,1,0,1,1,0,0,0
6799,761262.0,2,0,1,0,1,1,0,0,0
6800,4053106.0,4,1,1,0,1,0,0,0,0
6801,4053106.0,4,1,0,0,1,0,0,0,0
6802,1652893.0,2,0,1,0,1,0,1,0,0
6803,2491582.0,2,0,0,0,1,1,0,0,0
6804,3737374.0,4,0,0,0,1,1,0,0,0
6805,585297.0,4,1,1,0,1,0,0,0,0
6806,392727.0,2,0,1,0,1,0,1,0,0
6806,370909.0,1,0,1,0,1,0,1,0,0
6807,328380.0,2,1,1,0,1,0,0,0,0
6808,707546.0,2,0,0,0,1,1,0,0,0
6809,1022361.0,3,0,0,0,1,1,0,0,0
6810,518523.0,8,1,1,0,1,0,0,0,0
6811,264863.0,2,1,1,0,1,0,0,0,0
6812,422361.0,3,1,1,0,1,0,0,0,0
6813,874050.0,4,1,1,0,1,0,0,0,0
6814,370906.0,2,0,0,0,0,1,0,0,0
6814,466629.0,2,0,0,0,0,1,0,0,0
6815,370906.0,2,0,0,0,0,1,0,0,0
6815,466629.0,2,0,0,0,0,1,0,0,0
6816,611111.0,2,1,1,0,1,0,1,0,0
6816,555556.0,1,1,1,0,1,0,1,0,0
6817,626984.0,2,1,1,0,1,0,1,0,0
6817,564286.0,1,1,1,0,1,0,1,0,0
6818,644061.0,2,0,0,0,0,1,0,0,0
6819,722067.0,2,0,0,0,0,1,0,0,0
6820,885404.0,2,0,0,0,0,1,0,0,0
6821,1737037.0,10,0,1,0,1,0,0,0,0
6822,396825.0,2,1,1,0,1,0,1,0,0
6823,300276.0,2,0,0,0,1,0,1,0,0
6823,278438.0,1,0,0,0,1,0,1,0,0
6824,502279.0,2,0,0,0,1,0,1,0,0
6824,524118.0,3,0,0,0,1,0,1,0,0
6825,757576.0,2,0,1,0,1,0,1,0,1
6825,757576.0,2,0,1,0,1,1,0,0,0
6825,606061.0,1,1,1,0,1,0,1,0,1
6825,606061.0,1,1,1,0,1,1,0,0,0
6826,1022727.0,2,1,1,0,1,0,1,0,1
6826,1136364.0,3,1,1,0,1,0,1,0,1
6827,1287879.0,2,1,1,0,1,0,1,0,1
6827,1363636.0,3,1,1,0,1,0,1,0,1
6828,883749.0,2,0,0,0,0,1,0,0,1
6829,1165921.0,2,0,0,0,0,1,0,0,1
6830,1440793.0,2,0,0,0,0,1,0,0,1
6831,1208333.0,2,0,1,0,1,0,1,0,1
6831,1208333.0,2,0,1,0,1,1,0,0,1
6832,473346.0,4,0,1,0,0,0,1,0,0
6833,556066.0,2,0,1,0,0,0,1,0,0
6833,252298.0,1,0,1,0,0,0,1,0,0
6834,735294.0,6,0,1,0,0,0,1,0,0
6835,643939.0,2,0,1,0,0,0,1,0,0
6836,862643.0,2,0,1,0,1,0,0,0,0
6837,1059595.0,2,0,1,0,1,0,0,0,0
6838,1274729.0,2,1,1,0,1,0,0,0,0
6839,2296917.0,2,0,0,0,0,1,0,0,1
6840,554714.0,2,0,0,0,1,1,0,0,1
6841,588384.0,2,0,0,0,1,1,0,0,1
6842,638889.0,2,0,0,0,1,1,0,0,1
6842,732887.0,3,0,0,0,1,1,0,0,1
6842,587778.0,1,0,0,0,1,1,0,0,1
6842,960654.0,1,0,0,0,1,0,0,0,1
6843,833333.0,2,0,1,0,1,1,0,0,0
6843,791667.0,1,0,1,0,1,1,0,0,0
6844,740741.0,2,0,1,0,1,0,1,0,1
6845,579044.0,2,0,1,0,0,0,0,0,1
6845,579044.0,2,0,1,0,0,0,0,0,0
6846,2310754.0,2,0,0,0,0,1,0,0,0
6847,3245945.0,2,0,0,0,0,1,0,0,0
6848,3708603.0,2,0,0,0,0,1,0,0,0
6849,4620821.0,2,0,0,0,0,1,0,0,0
6850,5546138.0,2,0,0,0,0,1,0,0,0
6851,1138690.0,3,2,1,0,1,0,1,0,1
6852,861067.0,2,0,0,0,0,1,0,0,1
6853,1533714.0,2,1,1,0,1,0,1,0,0
6854,352407.0,2,1,1,0,1,0,1,0,0
6855,772509.0,2,1,0,0,0,0,0,0,0
6855,820704.0,2,0,0,0,0,0,0,0,0
6855,943340.0,2,1,0,0,0,0,0,0,0
6856,996105.0,2,1,0,0,0,0,0,0,0
6856,1034081.0,2,0,0,0,0,0,0,0,0
6857,1048531.0,2,1,0,0,0,0,0,0,0
6857,2971803.0,2,0,0,0,0,0,0,0,0
6858,1100958.0,2,1,0,0,0,0,0,0,0
6858,1320676.0,2,1,0,0,0,0,0,0,0
6859,1313503.0,2,0,0,0,0,0,0,0,0
6859,1414804.0,2,0,0,0,0,0,0,0,0
6859,1509344.0,2,1,0,0,0,0,0,0,0
6860,441999.0,2,0,0,0,0,0,0,0,0
6860,879630.0,2,0,0,0,0,0,0,0,0
6861,449932.0,2,0,0,0,0,0,0,0,0
6861,465757.0,2,0,0,0,0,0,0,0,0
6861,833333.0,2,0,0,0,0,0,0,0,0
6862,489746.0,2,0,0,0,0,0,0,0,0
6862,963390.0,2,0,0,0,0,0,0,0,0
6862,1018519.0,2,0,0,0,0,0,0,0,0
6863,714866.0,4,0,0,0,0,0,0,0,0
6863,875020.0,2,0,0,0,0,0,0,0,0
6863,1203704.0,4,0,0,0,0,0,0,0,0
6864,933039.0,2,1,0,0,0,0,0,0,0
6864,1146384.0,2,0,0,0,0,0,0,0,0
6865,1033912.0,2,1,0,0,0,0,0,0,0
6865,1366843.0,2,0,0,0,0,0,0,0,0
6866,1222875.0,4,0,0,0,0,0,0,0,0
6866,1543210.0,4,0,0,0,0,0,0,0,0
6867,1222543.0,2,0,0,0,0,0,0,0,0
6867,1410097.0,2,0,0,0,0,0,0,0,0
6868,558106.0,2,0,0,0,0,0,0,0,0
6868,620667.0,2,1,0,0,0,0,0,0,0
6868,836582.0,2,0,0,0,0,0,0,0,0
6869,701865.0,2,0,0,0,0,0,0,0,0
6869,754833.0,2,1,0,0,0,0,0,0,0
6869,1031800.0,2,1,0,0,0,0,0,0,0
6870,706640.0,2,0,0,0,0,0,0,0,0
6870,813167.0,2,1,0,0,0,0,0,0,0
6870,1101800.0,2,1,0,0,0,0,0,0,0
6871,866450.0,2,0,0,0,0,0,0,0,0
6871,988167.0,2,1,0,0,0,0,0,0,0
6871,1311800.0,2,1,0,0,0,0,0,0,0
6872,953185.0,2,0,0,0,0,0,0,0,0
6872,999833.0,2,1,0,0,0,0,0,0,0
6872,1262667.0,2,1,0,0,0,0,0,0,0
6873,1170814.0,2,0,0,0,0,0,0,0,0
6873,1265250.0,2,1,0,0,0,0,0,0,0
6873,1566000.0,2,1,0,0,0,0,0,0,0
6874,1197497.0,2,0,0,0,0,0,0,0,0
6875,1279833.0,2,0,0,0,0,0,0,0,0
6875,1582667.0,2,0,0,0,0,0,0,0,0
6876,1414312.0,2,0,0,0,0,0,0,0,0
6876,1542333.0,2,1,0,0,0,0,0,0,0
6876,1717096.0,2,0,0,0,0,0,0,0,0
6877,1073580.0,4,0,0,0,0,0,0,0,0
6877,1273148.0,4,0,0,0,0,0,0,0,0
6878,1073580.0,4,0,0,0,0,0,0,0,0
6878,1273148.0,4,0,0,0,0,0,0,0,0
6879,346728.0,2,1,0,0,0,0,0,0,0
6879,440917.0,2,1,0,0,0,0,0,0,0
6879,509259.0,2,1,0,0,0,0,0,0,0
6880,419513.0,2,1,0,0,0,0,0,0,0
6880,529101.0,2,1,0,0,0,0,0,0,0
6880,578704.0,2,1,0,0,0,0,0,0,0
6881,570939.0,3,1,0,0,0,0,0,0,0
6881,661376.0,3,1,0,0,0,0,0,0,0
6882,625000.0,2,1,0,0,0,0,0,0,0
6883,763889.0,3,0,0,0,0,0,0,0,0
6884,764771.0,4,1,0,0,0,0,0,0,0
6884,881834.0,4,1,0,0,0,0,0,0,0
6885,891777.0,6,1,0,0,0,0,0,0,0
6885,1014109.0,6,1,0,0,0,0,0,0,0
6885,1157407.0,6,1,0,0,0,0,0,0,0
6886,1247279.0,2,1,0,0,0,0,0,0,0
6886,1527298.0,2,1,0,0,0,0,0,0,0
6887,1247279.0,2,1,0,0,0,0,0,0,0
6888,1258097.0,2,1,0,0,0,0,0,0,0
6889,675000.0,2,1,0,0,0,0,0,0,0
6889,715646.0,2,1,0,0,0,0,0,0,0
6889,750000.0,2,1,0,0,0,0,0,0,0
6890,805789.0,2,1,0,0,0,0,0,0,0
6890,842593.0,2,1,0,0,0,0,0,0,0
6890,851587.0,2,1,0,0,0,0,0,0,0
6891,921939.0,2,1,0,0,0,0,0,0,0
6891,974339.0,2,1,0,0,0,0,0,0,0
6892,953704.0,2,0,0,0,0,0,0,0,0
6892,1239815.0,3,0,0,0,0,0,0,0,0
6892,925093.0,1,0,0,0,0,0,0,0,0
6893,838601.0,2,0,0,0,0,0,0,0,0
6893,1129568.0,2,0,0,0,0,0,0,0,0
6894,840208.0,2,0,0,0,0,0,0,0,0
6894,860438.0,2,1,0,0,0,0,0,0,0
6894,1074939.0,2,0,0,0,0,0,0,0,0
6894,1112595.0,2,1,0,0,0,0,0,0,0
6894,1134722.0,2,0,0,0,0,0,0,0,0
6895,1030181.0,2,1,0,0,0,0,0,0,0
6895,1187500.0,2,0,0,0,0,0,0,0,0
6895,1195010.0,2,1,0,0,0,0,0,0,0
6896,844038.0,2,1,0,0,0,0,0,0,0
6896,857937.0,2,1,0,0,0,0,0,0,0
6896,1058730.0,2,1,0,0,0,0,0,0,0
6897,899073.0,2,1,0,0,0,0,0,0,0
6897,972328.0,2,1,0,0,0,0,0,0,0
6897,1199894.0,2,1,0,0,0,0,0,0,0
6898,1022505.0,2,1,0,0,0,0,0,0,0
6898,1086720.0,2,1,0,0,0,0,0,0,0
6898,1341058.0,2,1,0,0,0,0,0,0,0
6899,1137425.0,2,1,0,0,0,0,0,0,0
6899,1356875.0,2,1,0,0,0,0,0,0,0
6900,1264817.0,2,1,0,0,0,0,0,0,0
6900,1508845.0,2,1,0,0,0,0,0,0,0
6901,1356875.0,2,1,0,0,0,0,0,0,0
6902,456242.0,2,0,0,0,0,0,0,0,0
6902,582407.0,2,0,0,0,0,0,0,0,0
6903,457089.0,2,1,0,0,0,0,0,0,0
6904,557553.0,2,0,0,0,0,0,0,0,0
6904,621759.0,2,0,0,0,0,0,0,0,0
6905,180042.0,1,0,0,0,0,0,0,0,0
6905,220370.0,1,0,0,0,0,0,0,0,0
6906,180042.0,1,0,0,0,0,0,0,0,0
6906,220370.0,1,0,0,0,0,0,0,0,0
6907,1824807.0,2,0,0,0,0,0,0,0,0
6907,2250833.0,2,0,0,0,0,0,0,0,0
6908,1860636.0,2,0,0,0,0,0,0,0,0
6908,2374167.0,2,0,0,0,0,0,0,0,0
6909,477054.0,2,0,0,0,0,0,0,0,0
6910,494318.0,2,1,0,0,0,0,0,0,0
6910,514404.0,2,0,0,0,0,0,0,0,0
6911,628090.0,2,0,0,0,0,0,0,0,0
6912,661502.0,2,0,0,0,0,0,0,0,0
6912,812215.0,1,0,0,0,0,0,0,0,0
6913,661502.0,2,0,0,0,0,0,0,0,0
6913,812215.0,2,0,0,0,0,0,0,0,0
6914,744531.0,2,0,0,0,0,0,0,0,0
6915,744531.0,2,0,0,0,0,0,0,0,0
6916,1307462.0,4,1,0,0,0,0,0,0,0
6916,2116713.0,4,0,0,0,0,0,0,0,0
6917,2432895.0,6,1,0,0,0,0,0,0,0
6917,3322222.0,6,0,0,0,0,0,0,0,0
6918,760893.0,2,1,0,0,0,0,0,0,0
6918,906667.0,2,0,0,0,0,0,0,0,0
6919,849047.0,2,1,0,0,0,0,0,0,0
6919,1007407.0,2,0,0,0,0,0,0,0,0
6920,896006.0,2,0,0,0,0,0,0,0,0
6920,1062165.0,2,0,0,0,0,0,0,0,0
6921,1043019.0,2,0,0,0,0,0,0,0,0
6921,1283359.0,2,0,0,0,0,0,0,0,0
6922,1064879.0,2,0,0,0,0,0,0,0,0
6922,1310257.0,2,0,0,0,0,0,0,0,0
6923,570296.0,2,0,0,0,0,0,0,0,0
6923,591418.0,2,0,0,0,0,0,0,0,0
6923,633663.0,2,0,0,0,0,0,0,0,0
6924,698762.0,2,0,0,0,0,0,0,0,0
6924,978500.0,2,0,0,0,0,0,0,0,0
6924,880650.0,1,0,0,0,0,0,0,0,0
6925,804951.0,2,0,0,0,0,0,0,0,0
6925,1171700.0,2,0,0,0,0,0,0,0,0
6925,1301888.0,2,0,0,0,0,0,0,0,0
6926,3303909.0,2,0,0,0,0,0,0,0,0
6927,4428148.0,4,1,0,0,0,0,0,0,0
6928,594422.0,2,0,0,0,0,0,0,0,0
6928,686785.0,2,0,0,0,0,0,0,0,0
6929,780338.0,2,0,0,0,0,0,0,0,0
6929,961499.0,2,1,0,0,0,0,0,0,0
6930,847073.0,2,0,0,0,0,0,0,0,0
6930,1030178.0,2,1,0,0,0,0,0,0,0
6931,1142512.0,2,0,0,0,0,0,0,0,0
6932,576300.0,2,0,0,0,0,0,0,0,0
6932,679559.0,2,0,0,0,0,0,0,0,0
6933,1024849.0,2,0,0,0,0,0,0,0,0
6933,1180321.0,2,0,0,0,0,0,0,0,0
6934,1181408.0,2,0,0,0,0,0,0,0,0
6934,1360630.0,2,0,0,0,0,0,0,0,0
6935,1233873.0,2,0,0,0,0,0,0,0,0
6935,1417382.0,2,0,0,0,0,0,0,0,0
6936,322065.0,2,1,0,0,0,0,0,0,0
6936,340282.0,2,1,0,0,0,0,0,0,0
6937,365171.0,2,1,0,0,0,0,0,0,0
6937,375079.0,2,0,0,0,0,0,0,0,0
6937,518519.0,2,0,0,0,0,0,0,0,0
6938,421368.0,2,1,0,0,0,0,0,0,0
6938,425762.0,2,0,0,0,0,0,0,0,0
6938,578704.0,2,1,0,0,0,0,0,0,0
6939,1354747.0,2,1,0,0,0,0,0,0,0
6939,1464667.0,2,1,0,0,0,0,0,0,0
6940,1667381.0,2,1,0,0,0,0,0,0,0
6940,1802667.0,2,1,0,0,0,0,0,0,0
6941,1823698.0,2,1,0,0,0,0,0,0,0
6942,843531.0,2,1,0,0,0,0,0,0,0
6942,857143.0,2,1,0,0,0,0,0,0,0
6943,6841332.0,2,1,0,0,0,0,0,0,0
6943,7495591.0,4,1,0,0,0,0,0,0,0
6944,11173725.0,2,1,0,0,0,0,0,0,0
6944,12525909.0,2,0,0,0,0,0,0,0,0
6945,3408760.0,2,0,0,0,0,0,0,0,0
6945,3508019.0,1,1,0,0,0,0,0,0,0
6946,3837007.0,2,0,0,0,0,0,0,0,0
6946,3365244.0,1,1,0,0,0,0,0,0,0
6947,13728170.0,2,0,0,0,0,0,0,0,0
6947,15725439.0,4,0,0,0,0,0,0,0,0
6948,3392951.0,2,0,0,0,0,0,0,0,0
6948,3681307.0,2,0,0,0,0,0,0,0,0
6948,3787480.0,2,0,0,0,0,0,0,0,0
6948,4075733.0,2,0,0,0,0,0,0,0,0
6949,3392951.0,2,0,0,0,0,0,0,0,0
6949,3681307.0,2,0,0,0,0,0,0,0,0
6949,3787480.0,2,0,0,0,0,0,0,0,0
6949,4077794.0,2,0,0,0,0,0,0,0,0
6949,4838382.0,2,0,0,0,0,0,0,0,0
6950,3971594.0,2,0,0,0,0,0,0,0,0
6950,4259845.0,2,0,0,0,0,0,0,0,0
6950,4366123.0,2,0,0,0,0,0,0,0,0
6950,4654271.0,2,0,0,0,0,0,0,0,0
6951,3971594.0,2,1,0,0,0,0,0,0,0
6951,4259845.0,2,1,0,0,0,0,0,0,0
6951,4366123.0,2,1,0,0,0,0,0,0,0
6951,4548997.0,3,0,0,0,0,0,0,0,0
6951,4654271.0,2,1,0,0,0,0,0,0,0
6952,4050500.0,2,0,0,0,0,0,0,0,0
6952,4050500.0,1,1,0,0,0,0,0,0,0
6953,4050500.0,2,0,0,0,0,0,0,0,0
6953,4838382.0,2,0,0,0,0,0,0,0,0
6953,4049531.0,1,1,0,0,0,0,0,0,0
6953,4050500.0,1,1,0,0,0,0,0,0,0
6954,4050500.0,2,0,0,0,0,0,0,0,0
6954,4838382.0,2,0,0,0,0,0,0,0,0
6954,4049531.0,1,1,0,0,0,0,0,0,0
6954,4050500.0,1,1,0,0,0,0,0,0,0
6955,4366123.0,2,1,0,0,0,0,0,0,0
6955,4655774.0,2,1,0,0,0,0,0,0,0
6955,4760652.0,2,1,0,0,0,0,0,0,0
6955,4945020.0,3,0,0,0,0,0,0,0,0
6955,5050327.0,2,1,0,0,0,0,0,0,0
6955,5286691.0,2,1,0,0,0,0,0,0,0
6956,3461125.0,2,0,0,0,0,0,0,0,0
6956,3659795.0,2,0,0,0,0,0,0,0,0
6956,4114196.0,2,0,0,0,0,0,0,0,0
6957,3498878.0,2,0,0,0,0,0,0,0,0
6958,5562022.0,3,1,0,0,0,0,0,0,0
6958,7062095.0,2,0,0,0,0,0,0,0,0
6958,9708979.0,2,1,0,0,0,0,0,0,0
6959,1013577.0,2,0,0,0,0,0,0,0,0
6959,1031746.0,2,0,0,0,0,0,0,0,0
6959,1043888.0,2,0,0,0,0,0,0,0,0
6959,1227778.0,2,1,0,0,0,0,0,0,0
6960,1116518.0,2,0,0,0,0,0,0,0,0
6960,1140212.0,2,0,0,0,0,0,0,0,0
6960,1153972.0,2,0,0,0,0,0,0,0,0
6960,1356852.0,2,1,0,0,0,0,0,0,0
6961,1116518.0,2,1,0,0,0,0,0,0,0
6961,1140212.0,2,1,0,0,0,0,0,0,0
6961,1153972.0,2,0,0,0,0,0,0,0,0
6961,1356852.0,2,1,0,0,0,0,0,0,0
6961,1922695.0,3,0,0,0,0,0,0,0,0
6962,1266769.0,2,1,0,0,0,0,0,0,0
6962,1293651.0,2,1,0,0,0,0,0,0,0
6962,1311482.0,2,0,0,0,0,0,0,0,0
6962,1539444.0,2,1,0,0,0,0,0,0,0
6962,2105288.0,3,1,0,0,0,0,0,0,0
6963,1626869.0,2,0,0,0,0,0,0,0,0
6963,1661376.0,2,0,0,0,0,0,0,0,0
6963,1684536.0,2,0,0,0,0,0,0,0,0
6963,1977037.0,2,0,0,0,0,0,0,0,0
6964,1782134.0,4,0,0,0,0,0,0,0,0
6964,1870370.0,4,0,0,0,0,0,0,0,0
6964,2225741.0,4,0,0,0,0,0,0,0,0
6965,2309996.0,2,0,0,0,0,0,0,0,0
6965,2722779.0,2,1,0,0,0,0,0,0,0
6966,2388649.0,2,0,0,0,0,0,0,0,0
6966,2824144.0,2,0,0,0,0,0,0,0,0
6966,3425555.0,3,0,0,0,0,0,0,0,0
6967,2562775.0,2,1,0,0,0,0,0,0,0
6967,3232570.0,3,1,0,0,0,0,0,0,0
6967,2380630.0,1,0,0,0,0,0,0,0,0
6968,2975543.0,2,0,0,0,0,0,0,0,0
6968,3425309.0,2,1,0,0,0,0,0,0,0
6969,690936.0,2,0,0,0,0,0,0,0,0
6969,959833.0,2,0,0,0,0,0,0,0,0
6970,711258.0,2,0,0,0,0,0,0,0,0
6970,988000.0,2,0,0,0,0,0,0,0,0
6971,1246071.0,2,1,0,0,0,0,0,0,0
6971,1692708.0,3,0,0,0,0,0,0,0,0
6972,2949547.0,2,1,0,0,0,0,0,0,0
6972,3114126.0,2,1,0,0,0,0,0,0,0
6972,3360000.0,2,1,0,0,0,0,0,0,0
6973,912371.0,2,0,0,0,0,0,0,0,0
6973,1111111.0,2,1,0,0,0,0,0,0,0
6974,1115106.0,2,0,0,0,0,0,0,0,0
6974,1293651.0,2,1,0,0,0,0,0,0,0
6975,1297816.0,2,1,0,0,0,0,0,0,0
6975,1408333.0,2,1,0,0,0,0,0,0,0
6976,355302.0,2,0,0,0,0,0,0,0,0
6977,355302.0,2,0,0,0,0,0,0,0,0
6978,434257.0,2,0,0,0,0,0,0,0,0
6979,533993.0,2,0,0,0,0,0,0,0,0
6979,558333.0,2,1,0,0,0,0,0,0,0
6979,708995.0,2,1,0,0,0,0,0,0,0
6980,541490.0,2,1,0,0,0,0,0,0,0
6980,551146.0,2,1,0,0,0,0,0,0,0
6980,625000.0,2,1,0,0,0,0,0,0,0
6981,2625000.0,4,0,0,0,0,0,0,0,0
6982,574445.0,2,1,0,0,0,0,0,0,0
6982,632500.0,2,1,0,0,0,0,0,0,0
6983,708752.0,2,1,0,0,0,0,0,0,0
6983,774583.0,2,1,0,0,0,0,0,0,0
6984,882114.0,3,1,0,0,0,0,0,0,0
6984,1008333.0,3,1,0,0,0,0,0,0,0
6985,2142857.0,2,0,0,0,0,0,0,0,0
6985,2250000.0,2,1,0,0,0,0,0,0,0
6986,2722408.0,2,0,0,0,0,0,0,0,0
6986,2925000.0,2,1,0,0,0,0,0,0,0
6987,3141240.0,2,0,0,0,0,0,0,0,0
6987,3375000.0,2,1,0,0,0,0,0,0,0
6988,3769488.0,2,1,0,0,0,0,0,0,0
6988,4050000.0,2,1,0,0,0,0,0,0,0
6989,3978904.0,2,0,0,0,0,0,0,0,0
6989,4275000.0,2,1,0,0,0,0,0,0,0
6990,4188320.0,3,0,0,0,0,0,0,0,0
6991,5235400.0,4,0,0,0,0,0,0,0,0
6991,5625000.0,4,1,0,0,0,0,0,0,0
6992,535714.0,1,0,0,0,0,0,0,0,0
6992,937500.0,1,0,0,0,0,0,0,0,0
6993,750000.0,1,0,0,0,0,0,0,0,0
6993,1312500.0,1,0,0,0,0,0,0,0,0
6994,1924847.0,2,0,0,0,0,0,0,0,0
6995,416699.0,2,1,0,0,0,0,0,0,0
6996,456692.0,2,1,0,0,0,0,0,0,0
6997,501222.0,2,1,0,0,0,0,0,0,0
6998,648049.0,2,0,0,0,0,0,0,0,0
6998,769977.0,2,0,0,0,0,0,0,0,0
6998,769403.0,1,0,0,0,0,0,0,0,0
6999,743809.0,2,0,0,0,0,0,0,0,0
6999,950523.0,2,0,0,0,0,0,0,0,0
6999,949949.0,1,0,0,0,0,0,0,0,0
7000,1664482.0,2,0,0,0,0,0,0,0,0
7000,1759352.0,2,0,0,0,0,0,0,0,0
7001,2910741.0,4,0,0,0,0,0,0,0,0
7001,3007963.0,4,0,0,0,0,0,0,0,0
7002,3002306.0,4,0,0,0,0,0,0,0,0
7003,4577407.0,6,0,0,0,0,0,0,0,0
7003,4730185.0,6,0,0,0,0,0,0,0,0
7004,4717909.0,6,0,0,0,0,0,0,0,0
7005,1140741.0,2,0,0,0,0,0,0,0,0
7006,2025846.0,2,0,0,0,0,0,0,0,0
7006,2044962.0,2,0,0,0,0,0,0,0,0
7006,2750000.0,2,0,0,0,0,0,0,0,0
7007,2834686.0,2,0,0,0,0,0,0,0,0
7007,2853384.0,2,1,0,0,0,0,0,0,0
7007,3850000.0,2,1,0,0,0,0,0,0,0
7008,3814268.0,2,0,0,0,0,0,0,0,0
7008,3897743.0,2,1,0,0,0,0,0,0,0
7008,6050000.0,2,1,0,0,0,0,0,0,0
7009,1072500.0,2,0,0,0,0,0,0,0,0
7009,1095876.0,2,0,0,0,0,0,0,0,0
7009,1191667.0,2,0,0,0,0,0,0,0,0
7009,1390357.0,2,0,0,0,0,0,0,0,0
7010,1213254.0,2,0,0,0,0,0,0,0,0
7010,1300000.0,2,0,0,0,0,0,0,0,0
7010,1390357.0,2,0,0,0,0,0,0,0,0
7010,1444444.0,2,0,0,0,0,0,0,0,0
7011,1365000.0,2,1,0,0,0,0,0,0,0
7011,1397466.0,2,0,0,0,0,0,0,0,0
7011,1516667.0,2,1,0,0,0,0,0,0,0
7011,1772705.0,2,0,0,0,0,0,0,0,0
7012,1365000.0,2,1,0,0,0,0,0,0,0
7012,1516667.0,2,1,0,0,0,0,0,0,0
7012,1772705.0,2,1,0,0,0,0,0,0,0
7013,1397466.0,2,0,0,0,0,0,0,0,0
7013,1772705.0,2,0,0,0,0,0,0,0,0
7013,1911376.0,2,0,0,0,0,0,0,0,0
7014,1567790.0,2,0,0,0,0,0,0,0,0
7014,1592500.0,2,1,0,0,0,0,0,0,0
7014,1769444.0,2,1,0,0,0,0,0,0,0
7014,2016018.0,2,0,0,0,0,0,0,0,0
7015,1567790.0,2,0,0,0,0,0,0,0,0
7015,1592500.0,2,1,0,0,0,0,0,0,0
7015,1769444.0,2,1,0,0,0,0,0,0,0
7015,2016018.0,2,0,0,0,0,0,0,0,0
7016,2116517.0,2,0,0,0,0,0,0,0,0
7016,2145000.0,2,0,0,0,0,0,0,0,0
7016,2383333.0,2,0,0,0,0,0,0,0,0
7016,2542976.0,2,1,0,0,0,0,0,0,0
7017,980761.0,2,0,0,0,0,0,0,0,0
7017,1574537.0,2,0,0,0,0,0,0,0,0
7018,5500939.0,2,0,0,0,0,0,0,0,0
7018,5806349.0,2,0,0,0,0,0,0,0,0
7018,5303773.0,1,0,0,0,0,0,0,0,0
7018,5598236.0,1,0,0,0,0,0,0,0,0
7019,5786830.0,2,0,0,0,0,0,0,0,0
7019,6108113.0,2,0,0,0,0,0,0,0,0
7019,5589664.0,1,0,0,0,0,0,0,0,0
7019,5900000.0,1,0,0,0,0,0,0,0,0
7020,6644503.0,2,0,0,0,0,0,0,0,0
7020,7013404.0,2,0,0,0,0,0,0,0,0
7020,6422691.0,1,0,0,0,0,0,0,0,0
7020,6779277.0,1,0,0,0,0,0,0,0,0
7021,6930395.0,2,0,0,0,0,0,0,0,0
7021,7315168.0,2,0,0,0,0,0,0,0,0
7021,6733229.0,1,0,0,0,0,0,0,0,0
7021,7107055.0,1,0,0,0,0,0,0,0,0
7022,295340.0,2,0,0,0,0,0,0,0,0
7023,322852.0,2,0,0,0,0,0,0,0,0
7024,1051407.0,2,0,0,0,0,0,0,0,0
7024,1061304.0,2,1,0,0,0,0,0,0,0
7025,1566273.0,4,1,0,0,0,0,0,0,0
7025,1725000.0,4,0,0,0,0,0,0,0,0
7026,557553.0,2,0,0,0,0,0,0,0,0
7026,601852.0,2,1,0,0,0,0,0,0,0
7026,1344191.0,2,0,0,0,0,0,0,0,0
7027,608236.0,2,0,0,0,0,0,0,0,0
7027,648148.0,2,1,0,0,0,0,0,0,0
7027,846758.0,2,1,0,0,0,0,0,0,0
7028,658920.0,2,0,0,0,0,0,0,0,0
7028,694444.0,2,1,0,0,0,0,0,0,0
7028,925527.0,2,1,0,0,0,0,0,0,0
7029,812544.0,2,1,0,0,0,0,0,0,0
7029,911178.0,2,1,0,0,0,0,0,0,0
7030,850881.0,2,1,0,0,0,0,0,0,0
7030,1036674.0,2,1,0,0,0,0,0,0,0
7031,409746.0,2,0,0,0,0,0,0,0,0
7031,445988.0,2,0,0,0,0,0,0,0,0
7031,524691.0,1,0,0,0,0,0,0,0,0
7032,467894.0,2,0,0,0,0,0,0,0,0
7032,509700.0,2,0,0,0,0,0,0,0,0
7032,569665.0,1,0,0,0,0,0,0,0,0
7033,529253.0,2,1,0,0,0,0,0,0,0
7033,605269.0,2,0,0,0,0,0,0,0,0
7034,833092.0,2,1,0,0,0,0,0,0,0
7034,892895.0,2,1,0,0,0,0,0,0,0
7034,897222.0,2,1,0,0,0,0,0,0,0
7035,780191.0,2,0,0,0,0,0,0,0,0
7035,981020.0,2,0,0,0,0,0,0,0,0
7036,964943.0,2,0,0,0,0,0,0,0,0
7036,1025977.0,2,0,0,0,0,0,0,0,0
7037,1017391.0,2,0,0,0,0,0,0,0,0
7037,1255144.0,2,0,0,0,0,0,0,0,0
7038,1258538.0,2,0,0,0,0,0,0,0,0
7038,1621674.0,2,0,0,0,0,0,0,0,0
7039,1471167.0,2,0,0,0,0,0,0,0,0
7039,1548597.0,2,0,0,0,0,0,0,0,0
7040,2265496.0,2,0,0,0,0,0,0,0,0
7040,2486605.0,2,0,0,0,0,0,0,0,0
7041,2316406.0,2,0,0,0,0,0,0,0,0
7041,2544433.0,2,0,0,0,0,0,0,0,0
7042,2672776.0,2,0,0,0,0,0,0,0,0
7042,3083333.0,2,0,0,0,0,0,0,0,0
7043,3436427.0,2,0,0,0,0,0,0,0,0
7043,3964286.0,2,0,0,0,0,0,0,0,0
7044,7663863.0,2,0,0,0,0,0,0,0,0
7044,8160969.0,2,0,0,0,0,0,0,0,0
7045,7836184.0,2,0,0,0,0,0,0,0,0
7045,7941222.0,2,0,0,0,0,0,0,0,0
7046,9041771.0,2,0,0,0,0,0,0,0,0
7047,4091009.0,2,0,0,0,0,0,0,0,0
7048,1516868.0,2,0,0,0,0,0,0,0,0
7048,1724667.0,2,1,0,0,0,0,0,0,0
7049,1535924.0,2,1,0,0,0,0,0,0,0
7050,1557553.0,2,1,0,0,0,0,0,0,0
7050,1690000.0,2,1,0,0,0,0,0,0,0
7051,1156544.0,2,1,0,0,0,0,0,0,0
7052,1288889.0,2,0,0,0,0,0,0,0,0
7052,3947083.0,2,0,0,0,0,0,0,0,0
7053,1311111.0,2,0,0,0,0,0,0,0,0
7054,1331111.0,2,0,0,0,0,0,0,0,0
7054,3965273.0,2,0,0,0,0,0,0,0,0
7055,1353333.0,2,0,0,0,0,0,0,0,0
7056,1366667.0,2,0,0,0,0,0,0,0,0
7056,3637865.0,2,0,0,0,0,0,0,0,0
7057,1726032.0,2,0,0,0,0,0,0,0,0
7057,3346836.0,2,0,0,0,0,0,0,0,0
7058,2155556.0,2,0,0,0,0,0,0,0,0
7059,2465759.0,2,0,0,0,0,0,0,0,0
7059,4001652.0,2,0,0,0,0,0,0,0,0
7060,2794527.0,2,0,0,0,0,0,0,0,0
7060,4292681.0,2,0,0,0,0,0,0,0,0
7061,519003.0,2,1,0,0,0,0,0,0,0
7061,614250.0,2,0,0,0,0,0,0,0,0
7062,519003.0,2,1,0,0,0,0,0,0,0
7063,519003.0,2,1,0,0,0,0,0,0,0
7064,598603.0,2,1,0,0,0,0,0,0,0
7065,598603.0,2,0,0,0,0,0,0,0,0
7065,750750.0,2,0,0,0,0,0,0,0,0
7066,614250.0,2,0,0,0,0,0,0,0,0
7067,614250.0,2,0,0,0,0,0,0,0,0
7068,710948.0,2,1,0,0,0,0,0,0,0
7068,842887.0,2,0,0,0,0,0,0,0,0
7069,750750.0,2,0,0,0,0,0,0,0,0
7070,787512.0,2,1,0,0,0,0,0,0,0
7070,947574.0,4,1,0,0,0,0,0,0,0
7071,982800.0,2,0,0,0,0,0,0,0,0
7071,1105650.0,4,0,0,0,0,0,0,0,0
7072,2386120.0,2,0,0,0,0,0,0,0,0
7072,3383600.0,2,0,0,0,0,0,0,0,0
7072,2446284.0,1,1,0,0,0,0,0,0,0
7072,3114100.0,1,1,0,0,0,0,0,0,0
7073,539790.0,2,1,0,0,0,0,0,0,0
7073,602010.0,2,1,0,0,0,0,0,0,0
7074,549810.0,2,1,0,0,0,0,0,0,0
7074,652178.0,2,1,0,0,0,0,0,0,0
7075,897059.0,2,1,0,0,0,0,0,0,0
7075,916667.0,2,1,0,0,0,0,0,0,0
7075,1285037.0,2,0,0,0,0,0,0,0,0
7075,1296222.0,2,0,0,0,0,0,0,0,0
7075,1799875.0,2,0,0,0,0,0,0,0,0
7076,953125.0,2,1,0,0,0,0,0,0,0
7076,973958.0,2,1,0,0,0,0,0,0,0
7076,1357257.0,2,0,0,0,0,0,0,0,0
7076,1883203.0,2,1,0,0,0,0,0,0,0
7077,794911.0,2,0,0,0,0,0,0,0,0
7078,816667.0,2,1,0,0,0,0,0,0,0
7078,858607.0,2,1,0,0,0,0,0,0,0
7078,1020833.0,3,1,0,0,0,0,0,0,0
7079,933333.0,2,1,0,0,0,0,0,0,0
7079,1185333.0,3,1,0,0,0,0,0,0,0
7079,914667.0,1,5,0,0,0,0,0,0,0
7080,985916.0,2,1,0,0,0,0,0,0,0
7081,1257932.0,2,0,0,0,0,0,0,0,0
7081,1327675.0,2,0,0,0,0,0,0,0,0
7082,1353972.0,2,0,0,0,0,0,0,0,0
7083,2053314.0,2,0,0,0,0,0,0,0,0
7084,2227392.0,2,1,0,0,0,0,0,0,0
7084,2563786.0,2,1,0,0,0,0,0,0,0
7085,2420824.0,2,0,0,0,0,0,0,0,0
7086,86107134.0,2,0,0,0,0,0,0,0,0
7087,279806.0,2,0,0,0,0,0,0,0,0
7087,325926.0,2,0,0,0,0,0,0,0,0
7088,291060.0,2,0,0,0,0,0,0,0,0
7088,314815.0,2,0,0,0,0,0,0,0,0
7089,375240.0,4,0,0,0,0,0,0,0,0
7089,418519.0,4,0,0,0,0,0,0,0,0
7090,2009281.0,2,1,0,0,0,0,0,0,0
7091,2189025.0,4,1,0,0,0,0,0,0,0
7092,1639018.0,2,1,0,0,0,0,0,0,0
7092,1657646.0,2,1,0,0,0,0,0,0,0
7092,1826020.0,2,1,0,0,0,0,0,0,0
7093,638201.0,2,0,0,0,0,0,0,0,0
7094,692114.0,2,1,0,0,0,0,0,0,0
7095,945536.0,3,0,0,0,0,0,0,0,0
7095,1031263.0,2,0,0,0,0,0,0,0,0
7096,360185.0,2,1,0,0,0,0,0,0,0
7097,571967.0,2,1,0,0,0,0,0,0,0
7098,424396.0,2,1,0,0,0,0,0,0,0
7098,468804.0,2,0,0,0,0,0,0,0,0
7098,698704.0,2,1,0,0,0,0,0,0,0
7098,741026.0,2,0,0,0,0,0,0,0,0
7099,521200.0,2,0,0,0,0,0,0,0,0
7099,748108.0,2,1,0,0,0,0,0,0,0
7099,793422.0,2,0,0,0,0,0,0,0,0
7100,561387.0,2,1,0,0,0,0,0,0,0
7100,608527.0,2,0,0,0,0,0,0,0,0
7100,834032.0,2,1,0,0,0,0,0,0,0
7100,880749.0,2,0,0,0,0,0,0,0,0
7101,2329228.0,2,0,0,0,0,0,0,0,0
7102,2468275.0,2,0,0,0,0,0,0,0,0
7103,5335914.0,2,0,0,0,0,0,0,0,0
7104,7823248.0,2,1,0,0,0,0,0,0,0
7105,838441.0,2,0,0,0,0,0,0,0,0
7105,871252.0,2,0,0,0,0,0,0,0,0
7106,914484.0,2,1,0,0,0,0,0,0,0
7106,1008818.0,2,1,0,0,0,0,0,0,0
7107,1043909.0,2,0,0,0,0,0,0,0,0
7107,1146384.0,2,0,0,0,0,0,0,0,0
7108,2252965.0,2,1,0,0,0,0,0,0,0
7108,2582861.0,2,0,0,0,0,0,0,0,0
7109,2829375.0,2,1,0,0,0,0,0,0,0
7109,3243672.0,2,0,0,0,0,0,0,0,0
7110,4439346.0,2,1,0,0,0,0,0,0,0
7110,5089386.0,2,0,0,0,0,0,0,0,0
7111,1467067.0,2,0,0,0,0,0,0,0,0
7111,2226191.0,2,0,0,0,0,0,0,0,0
7111,2243408.0,2,0,0,0,0,0,0,0,0
7112,1525764.0,2,0,0,0,0,0,0,0,0
7112,2488095.0,2,0,0,0,0,0,0,0,0
7112,2507338.0,2,0,0,0,0,0,0,0,0
7113,1806825.0,2,0,0,0,0,0,0,0,0
7113,2946429.0,2,0,0,0,0,0,0,0,0
7113,2969216.0,2,0,0,0,0,0,0,0,0
7114,2153223.0,2,0,0,0,0,0,0,0,0
7114,3601191.0,2,1,0,0,0,0,0,0,0
7114,3629043.0,2,0,0,0,0,0,0,0,0
7115,749951.0,2,0,0,0,0,0,0,0,0
7115,1234433.0,2,0,0,0,0,0,0,0,0
7116,752539.0,2,0,0,0,0,0,0,0,0
7116,1244575.0,2,0,0,0,0,0,0,0,0
7117,801444.0,2,0,0,0,0,0,0,0,0
7117,1183759.0,2,0,0,0,0,0,0,0,0
7118,1054801.0,2,0,0,0,0,0,0,0,0
7119,1319295.0,2,0,0,0,0,0,0,0,0
7120,1402001.0,2,0,0,0,0,0,0,0,0
7120,1791921.0,2,0,0,0,0,0,0,0,0
7121,1473586.0,2,0,0,0,0,0,0,0,0
7122,1117190.0,2,1,0,0,0,0,0,0,0
7122,1318342.0,2,1,0,0,0,0,0,0,0
7122,1384259.0,2,1,0,0,0,0,0,0,0
7123,1217561.0,2,1,0,0,0,0,0,0,0
7123,1432981.0,2,1,0,0,0,0,0,0,0
7123,1504630.0,2,1,0,0,0,0,0,0,0
7124,1402603.0,2,1,0,0,0,0,0,0,0
7124,1719577.0,2,1,0,0,0,0,0,0,0
7125,1667577.0,3,1,0,0,0,0,0,0,0
7125,1948854.0,3,1,0,0,0,0,0,0,0
7125,2046296.0,3,1,0,0,0,0,0,0,0
7126,1805556.0,2,1,0,0,0,0,0,0,0
7127,419557.0,2,0,0,0,0,0,0,0,0
7127,435417.0,2,0,0,0,0,0,0,0,0
7128,458405.0,2,0,0,0,0,0,0,0,0
7128,483796.0,2,0,0,0,0,0,0,0,0
7128,532176.0,1,1,0,0,0,0,0,0,0
7129,514727.0,2,0,0,0,0,0,0,0,0
7129,532176.0,2,0,0,0,0,0,0,0,0
7130,628935.0,3,0,0,0,0,0,0,0,0
7130,691829.0,2,1,0,0,0,0,0,0,0
7131,709593.0,4,0,0,0,0,0,0,0,0
7131,725694.0,4,0,0,0,0,0,0,0,0
7132,709593.0,3,0,0,0,0,0,0,0,0
7133,725694.0,3,0,0,0,0,0,0,0,0
7134,390953.0,2,1,0,0,0,0,0,0,0
7134,442629.0,2,1,0,0,0,0,0,0,0
7135,402890.0,2,1,0,0,0,0,0,0,0
7135,562258.0,2,1,0,0,0,0,0,0,0
7136,417812.0,2,1,0,0,0,0,0,0,0
7136,657963.0,2,1,0,0,0,0,0,0,0
7136,967593.0,1,2,0,0,0,0,0,0,0
7137,432734.0,2,1,0,0,0,0,0,0,0
7137,717778.0,2,1,0,0,0,0,0,0,0
7138,447481.0,2,1,0,0,0,0,0,0,0
7138,550295.0,2,1,0,0,0,0,0,0,0
7139,466126.0,2,1,0,0,0,0,0,0,0
7139,747685.0,2,1,0,0,0,0,0,0,0
7140,472254.0,3,1,0,0,0,0,0,0,0
7140,705815.0,3,1,0,0,0,0,0,0,0
7141,375000.0,2,0,0,0,0,0,0,0,0
7141,381352.0,2,0,0,0,0,0,0,0,0
7142,434071.0,2,0,0,0,0,0,0,0,0
7142,438027.0,2,0,0,0,0,0,0,0,0
7142,450000.0,2,0,0,0,0,0,0,0,0
7143,1551654.0,2,0,0,0,0,0,0,0,0
7143,1587857.0,2,0,0,0,0,0,0,0,0
7144,1636597.0,2,0,0,0,0,0,0,0,0
7144,1762929.0,2,0,0,0,0,0,0,0,0
7145,1719750.0,2,0,0,0,0,0,0,0,0
7145,1852500.0,2,0,0,0,0,0,0,0,0
7146,1755000.0,2,0,0,0,0,0,0,0,0
7147,1948500.0,2,0,0,0,0,0,0,0,0
7148,2047500.0,2,0,0,0,0,0,0,0,0
7149,2417760.0,3,0,0,0,0,0,0,0,0
7149,2556857.0,3,0,0,0,0,0,0,0,0
7150,2826000.0,2,0,0,0,0,0,0,0,0
7151,1051843.0,2,1,0,0,0,0,0,0,0
7151,1965311.0,2,0,0,0,0,0,0,0,0
7152,1376557.0,2,1,0,0,0,0,0,0,0
7153,1581566.0,2,0,0,0,0,0,0,0,0
7153,2762058.0,2,0,0,0,0,0,0,0,0
7154,5144568.0,2,0,0,0,0,0,0,0,0
7154,5200000.0,2,0,0,0,0,0,0,0,0
7154,5304477.0,2,0,0,0,0,0,0,0,0
7154,5700000.0,2,0,0,0,0,0,0,0,0
7155,5144568.0,2,0,0,0,0,0,0,0,0
7155,5200000.0,2,0,0,0,0,0,0,0,0
7155,5304477.0,2,0,0,0,0,0,0,0,0
7155,5700000.0,2,0,0,0,0,0,0,0,0
7156,5862843.0,2,0,0,0,0,0,0,0,0
7156,5872190.0,1,0,0,0,0,0,0,0,0
7157,5862843.0,2,0,0,0,0,0,0,0,0
7157,6300000.0,2,0,0,0,0,0,0,0,0
7157,5872190.0,1,0,0,0,0,0,0,0,0
7157,6050000.0,1,0,0,0,0,0,0,0,0
7158,6300000.0,2,0,0,0,0,0,0,0,0
7158,6050000.0,1,0,0,0,0,0,0,0,0
7159,7100000.0,2,0,0,0,0,0,0,0,0
7159,6850000.0,1,0,0,0,0,0,0,0,0
7160,8100000.0,2,0,0,0,0,0,0,0,0
7160,7850000.0,1,0,0,0,0,0,0,0,0
7161,1008663.0,2,0,0,0,0,0,0,0,0
7161,1107617.0,2,0,0,0,0,0,0,0,0
7161,1365991.0,2,1,0,0,0,0,0,0,0
7162,1317829.0,2,1,0,0,0,0,0,0,0
7162,1631098.0,2,1,0,0,0,0,0,0,0
7163,1419279.0,2,1,0,0,0,0,0,0,0
7163,1752081.0,2,1,0,0,0,0,0,0,0
7164,1814500.0,2,0,0,0,0,0,0,0,0
7165,2890201.0,2,0,0,0,0,0,0,0,0
7166,4806607.0,5,0,0,0,0,0,0,0,0
7167,886441.0,2,1,0,0,0,0,0,0,0
7167,918827.0,2,0,0,0,0,0,0,0,0
7168,986275.0,2,1,0,0,0,0,0,0,0
7168,991922.0,2,0,0,0,0,0,0,0,0
7169,828889.0,2,1,0,0,0,0,0,0,0
7169,904762.0,2,0,0,0,0,0,0,0,0
7170,1509956.0,2,1,0,0,0,0,0,0,0
7170,1619048.0,2,0,0,0,0,0,0,0,0
7171,1068258.0,2,0,0,0,0,0,0,0,0
7171,1167677.0,2,0,0,0,0,0,0,0,0
7171,1169919.0,2,1,0,0,0,0,0,0,0
7172,1132497.0,2,0,0,0,0,0,0,0,0
7172,1332694.0,2,0,0,0,0,0,0,0,0
7172,1334907.0,2,1,0,0,0,0,0,0,0
7173,759398.0,2,0,0,0,0,0,0,0,0
7174,1302663.0,2,0,0,0,0,0,0,0,0
7175,1550000.0,6,1,0,0,0,0,0,0,0
7175,2221667.0,6,1,0,0,0,0,0,0,0
7176,3123557.0,2,1,0,0,0,0,0,0,0
7176,3607593.0,2,1,0,0,0,0,0,0,0
7177,3507087.0,2,1,0,0,0,0,0,0,0
7177,4050556.0,2,1,0,0,0,0,0,0,0
7178,3988623.0,3,1,0,0,0,0,0,0,0
7178,4218867.0,2,0,0,0,0,0,0,0,0
7179,4027872.0,2,0,0,0,0,0,0,0,0
7179,4412593.0,2,1,0,0,0,0,0,0,0
7180,559010.0,2,0,0,0,0,0,0,0,0
7180,853417.0,2,0,0,0,0,0,0,0,0
7180,809875.0,1,1,0,0,0,0,0,0,0
7181,950000.0,1,1,0,0,0,0,0,0,0
7182,4183257.0,5,0,0,0,0,0,0,0,0
7183,6797792.0,7,0,0,0,0,0,0,0,0
7184,7320699.0,7,0,0,0,0,0,0,0,0
7185,12549769.0,9,0,0,0,0,0,0,0,0
7186,13595583.0,9,0,0,0,0,0,0,0,0
7187,690252.0,2,0,0,0,0,0,0,0,0
7187,690326.0,2,1,0,0,0,0,0,0,0
7187,865000.0,2,1,0,0,0,0,0,0,0
7188,796806.0,2,1,0,0,0,0,0,0,0
7188,1000000.0,2,0,0,0,0,0,0,0,0
7189,815843.0,2,1,0,0,0,0,0,0,0
7189,1100000.0,2,0,0,0,0,0,0,0,0
7190,945228.0,2,1,0,0,0,0,0,0,0
7190,1231500.0,2,1,0,0,0,0,0,0,0
7191,1094004.0,2,1,0,0,0,0,0,0,0
7191,1430000.0,2,1,0,0,0,0,0,0,0
7192,1516502.0,2,0,0,0,0,0,0,0,0
7192,2037037.0,2,1,0,0,0,0,0,0,0
7192,2210229.0,2,0,0,0,0,0,0,0,0
7193,1668156.0,2,0,0,0,0,0,0,0,0
7193,2240741.0,2,1,0,0,0,0,0,0,0
7193,2351534.0,2,0,0,0,0,0,0,0,0
7194,2388486.0,2,0,0,0,0,0,0,0,0
7194,3208333.0,4,1,0,0,0,0,0,0,0
7194,3880071.0,4,0,0,0,0,0,0,0,0
7195,261580.0,2,1,0,0,0,0,0,0,0
7196,326608.0,2,1,0,0,0,0,0,0,0
7197,2042937.0,2,0,0,0,0,0,0,0,0
7197,2574668.0,2,0,0,0,0,0,0,0,0
7198,2235732.0,2,0,0,0,0,0,0,0,0
7198,2810493.0,2,0,0,0,0,0,0,0,0
7199,1983759.0,2,0,0,0,0,0,0,0,0
7199,2006574.0,2,0,0,0,0,0,0,0,0
7199,1921748.0,1,0,0,0,0,0,0,0,0
7199,1946389.0,1,0,0,0,0,0,0,0,0
7200,2251274.0,2,0,0,0,0,0,0,0,0
7200,2284630.0,2,0,0,0,0,0,0,0,0
7200,2405000.0,3,0,0,0,0,0,0,0,0
7201,699131.0,2,0,0,0,0,0,0,0,0
7201,714725.0,2,1,0,0,0,0,0,0,0
7202,1032230.0,2,0,0,0,0,0,0,0,0
7202,1047475.0,2,1,0,0,0,0,0,0,0
7203,1244023.0,2,0,0,0,0,0,0,0,0
7203,1264725.0,2,1,0,0,0,0,0,0,0
7204,1854511.0,2,1,0,0,0,0,0,0,0
7204,2015773.0,2,1,0,0,0,0,0,0,0
7204,4879303.0,2,1,0,0,0,0,0,0,0
7205,1968189.0,2,0,0,0,0,0,0,0,0
7205,2139336.0,2,0,0,0,0,0,0,0,0
7205,4391372.0,2,1,0,0,0,0,0,0,0
7206,2425817.0,2,1,0,0,0,0,0,0,0
7206,2636757.0,2,1,0,0,0,0,0,0,0
7206,4879303.0,2,1,0,0,0,0,0,0,0
7207,2973512.0,2,1,0,0,0,0,0,0,0
7207,3444444.0,2,1,0,0,0,0,0,0,0
7208,3438134.0,2,1,0,0,0,0,0,0,0
7208,5253840.0,2,0,0,0,0,0,0,0,0
7209,3438134.0,2,1,0,0,0,0,0,0,0
7209,4305556.0,2,1,0,0,0,0,0,0,0
7210,4305556.0,2,0,0,0,0,0,0,0,0
7210,4328792.0,2,0,0,0,0,0,0,0,0
7211,4469573.0,2,1,0,0,0,0,0,0,0
7211,6828356.0,2,0,0,0,0,0,0,0,0
7212,4469573.0,2,1,0,0,0,0,0,0,0
7212,5597222.0,2,1,0,0,0,0,0,0,0
7213,4813387.0,2,1,0,0,0,0,0,0,0
7213,7355382.0,2,0,0,0,0,0,0,0,0
7214,651230.0,2,0,0,0,0,0,0,0,0
7214,661376.0,2,0,0,0,0,0,0,0,0
7214,787037.0,2,0,0,0,0,0,0,0,0
7215,834092.0,2,0,0,0,0,0,0,0,0
7215,881834.0,2,0,0,0,0,0,0,0,0
7215,1018519.0,2,0,0,0,0,0,0,0,0
7216,883333.0,2,0,0,0,0,0,0,0,0
7216,981481.0,2,0,0,0,0,0,0,0,0
7217,1226425.0,2,1,0,0,0,0,0,0,0
7218,1226425.0,2,1,0,0,0,0,0,0,0
7219,1377317.0,2,1,0,0,0,0,0,0,0
7220,1377317.0,2,1,0,0,0,0,0,0,0
7221,917549.0,1,0,0,0,0,0,0,0,0
7222,999690.0,1,0,0,0,0,0,0,0,0
7223,570786.0,2,1,0,0,0,0,0,0,0
7224,570786.0,2,1,0,0,0,0,0,0,0
7225,3943930.0,2,0,0,0,0,0,0,0,0
7225,4178022.0,2,0,0,0,0,0,0,0,0
7226,4311640.0,2,0,0,0,0,0,0,0,0
7226,4590207.0,2,0,0,0,0,0,0,0,0
7227,4567372.0,2,0,0,0,0,0,0,0,0
7227,4844371.0,2,0,0,0,0,0,0,0,0
7228,5278307.0,2,0,0,0,0,0,0,0,0
7228,5585185.0,2,0,0,0,0,0,0,0,0
7228,5452205.0,1,0,0,0,0,0,0,0,0
7229,5336506.0,2,1,0,0,0,0,0,0,0
7229,5550948.0,2,1,0,0,0,0,0,0,0
7229,5551323.0,2,1,0,0,0,0,0,0,0
7230,885258.0,2,0,0,0,0,0,0,0,0
7231,1504444.0,2,1,0,0,0,0,0,0,0
7232,382704.0,2,0,0,0,0,0,0,0,0
7233,390931.0,2,0,0,0,0,0,0,0,0
7233,8717108.0,2,0,0,0,0,0,0,0,0
7234,16562506.0,2,0,0,0,0,0,0,0,0
7235,19194815.0,3,0,0,0,0,0,0,0,0
7236,862500.0,2,0,0,0,0,0,0,0,0
7236,958333.0,2,0,0,0,0,0,0,0,0
7236,776250.0,1,1,0,0,0,0,0,0,0
7236,862500.0,1,1,0,0,0,0,0,0,0
7237,975000.0,2,0,0,0,0,0,0,0,0
7237,1083333.0,2,0,0,0,0,0,0,0,0
7237,877500.0,1,1,0,0,0,0,0,0,0
7237,975000.0,1,1,0,0,0,0,0,0,0
7238,1046250.0,2,1,0,0,0,0,0,0,0
7238,1162500.0,2,1,0,0,0,0,0,0,0
7238,1291667.0,3,0,0,0,0,0,0,0,0
7239,1050000.0,2,0,0,0,0,0,0,0,0
7239,1166667.0,2,0,0,0,0,0,0,0,0
7239,945000.0,1,1,0,0,0,0,0,0,0
7239,1050000.0,1,1,0,0,0,0,0,0,0
7240,1312500.0,2,0,0,0,0,0,0,0,0
7240,1458333.0,2,0,0,0,0,0,0,0,0
7240,1181250.0,1,1,0,0,0,0,0,0,0
7240,1312500.0,1,1,0,0,0,0,0,0,0
7241,1434375.0,2,1,0,0,0,0,0,0,0
7241,1593750.0,2,1,0,0,0,0,0,0,0
7241,1687500.0,3,1,0,0,0,0,0,0,0
7242,2397222.0,2,1,0,0,0,0,0,0,0
7242,2466667.0,2,1,0,0,0,0,0,0,0
7243,17500000.0,2,1,0,0,0,0,0,0,0
7243,17500000.0,2,1,0,0,0,0,0,0,0
7243,19300000.0,2,1,0,0,0,0,0,0,0
7244,17500000.0,2,1,0,0,0,0,0,0,0
7244,17500000.0,2,1,0,0,0,0,0,0,0
7244,19300000.0,2,1,0,0,0,0,0,0,0
7245,4204253.0,2,0,0,0,0,0,0,0,0
7245,4858907.0,2,0,0,0,0,0,0,0,0
7245,6107667.0,2,0,0,0,0,0,0,0,0
7245,7003704.0,2,0,0,0,0,0,0,0,0
7246,4263864.0,2,0,0,0,0,0,0,0,0
7246,4726631.0,2,0,0,0,0,0,0,0,0
7246,4151372.0,1,0,0,0,0,0,0,0,0
7246,4594356.0,1,0,0,0,0,0,0,0,0
7247,4263864.0,2,0,0,0,0,0,0,0,0
7247,4726631.0,2,0,0,0,0,0,0,0,0
7247,5966865.0,2,0,0,0,0,0,0,0,0
7247,6842328.0,2,0,0,0,0,0,0,0,0
7248,4356988.0,2,1,0,0,0,0,0,0,0
7248,5035273.0,2,1,0,0,0,0,0,0,0
7248,6295405.0,2,1,0,0,0,0,0,0,0
7248,7218871.0,2,1,0,0,0,0,0,0,0
7249,4547907.0,2,1,0,0,0,0,0,0,0
7249,5255732.0,2,1,0,0,0,0,0,0,0
7249,6530077.0,2,1,0,0,0,0,0,0,0
7249,7487831.0,2,1,0,0,0,0,0,0,0
7250,5342132.0,2,1,0,0,0,0,0,0,0
7250,6172840.0,2,1,0,0,0,0,0,0,0
7250,7506311.0,2,1,0,0,0,0,0,0,0
7250,8606702.0,2,1,0,0,0,0,0,0,0
7251,5914890.0,2,1,0,0,0,0,0,0,0
7251,6834215.0,2,1,0,0,0,0,0,0,0
7251,5977720.0,1,1,0,0,0,0,0,0,0
7251,6613757.0,1,1,0,0,0,0,0,0,0
7252,7022222.0,2,1,0,0,0,0,0,0,0
7252,8112875.0,2,1,0,0,0,0,0,0,0
7252,7213895.0,1,1,0,0,0,0,0,0,0
7252,7980600.0,1,1,0,0,0,0,0,0,0
7253,742402.0,2,0,0,0,0,0,0,0,0
7254,742402.0,2,0,0,0,0,0,0,0,0
7254,879630.0,2,0,0,0,0,0,0,0,0
7255,792387.0,2,0,0,0,0,0,0,0,0
7255,972222.0,2,0,0,0,0,0,0,0,0
7256,4030875.0,2,0,0,0,0,0,0,0,0
7256,4932275.0,2,0,0,0,0,0,0,0,0
7257,4269645.0,2,0,0,0,0,0,0,0,0
7257,4594796.0,3,0,0,0,0,0,0,0,0
7258,5600000.0,6,1,0,0,0,0,0,0,0
7258,5732275.0,6,1,0,0,0,0,0,0,0
7259,6400000.0,6,0,0,0,0,0,0,0,0
7259,6532275.0,6,0,0,0,0,0,0,0,0
7260,2383812.0,6,0,0,0,0,0,0,0,0
7261,2732390.0,4,0,0,0,0,0,0,0,0
7262,844440.0,2,0,0,0,0,0,0,0,0
7263,907407.0,2,1,0,0,0,0,0,0,0
7263,963935.0,2,0,0,0,0,0,0,0,0
7263,881481.0,1,1,0,0,0,0,0,0,0
7264,985185.0,2,1,0,0,0,0,0,0,0
7264,959259.0,1,1,0,0,0,0,0,0,0
7265,1046558.0,2,0,0,0,0,0,0,0,0
7266,1109842.0,2,0,0,0,0,0,0,0,0
7266,1192593.0,2,1,0,0,0,0,0,0,0
7266,1166667.0,1,1,0,0,0,0,0,0,0
7267,1303258.0,2,0,0,0,0,0,0,0,0
7267,1400000.0,2,1,0,0,0,0,0,0,0
7267,1348148.0,1,1,0,0,0,0,0,0,0
7268,559142.0,2,0,0,0,0,0,0,0,0
7268,587085.0,2,0,0,0,0,0,0,0,0
7269,697948.0,2,0,0,0,0,0,0,0,0
7269,706257.0,2,0,0,0,0,0,0,0,0
7269,727576.0,1,0,0,0,0,0,0,0,0
7270,1065652.0,2,1,0,0,0,0,0,0,0
7271,847884.0,2,1,0,0,0,0,0,0,0
7272,2249554.0,2,0,0,0,0,0,0,0,0
7272,2856453.0,2,0,0,0,0,0,0,0,0
7273,2336020.0,2,1,0,0,0,0,0,0,0
7273,2360839.0,2,1,0,0,0,0,0,0,0
7274,1261272.0,2,0,0,0,0,0,0,0,0
7274,1585538.0,2,0,0,0,0,0,0,0,0
7275,184593.0,1,0,0,0,0,0,0,0,0
7275,238095.0,1,0,0,0,0,0,0,0,0
7276,693649.0,2,1,0,0,0,0,0,0,0
7276,1171733.0,2,1,0,0,0,0,0,0,0
7277,901333.0,2,1,0,0,0,0,0,0,0
7278,917888.0,2,1,0,0,0,0,0,0,0
7278,921011.0,2,0,0,0,0,0,0,0,0
7279,1062700.0,2,0,0,0,0,0,0,0,0
7279,1352000.0,2,1,0,0,0,0,0,0,0
7280,2589343.0,2,0,0,0,0,0,0,0,0
7280,2870370.0,2,0,0,0,0,0,0,0,0
7281,2774296.0,2,0,0,0,0,0,0,0,0
7281,3075397.0,2,0,0,0,0,0,0,0,0
7282,2774296.0,2,0,0,0,0,0,0,0,0
7282,3075397.0,2,0,0,0,0,0,0,0,0
7283,2774296.0,2,0,0,0,0,0,0,0,0
7283,3075397.0,2,0,0,0,0,0,0,0,0
7284,4439481.0,2,0,0,0,0,0,0,0,0
7285,1604749.0,2,1,0,0,0,0,0,0,0
7285,1624339.0,2,1,0,0,0,0,0,0,0
7286,1787410.0,2,1,0,0,0,0,0,0,0
7286,1815256.0,2,1,0,0,0,0,0,0,0
7287,2069609.0,2,1,0,0,0,0,0,0,0
7287,2101852.0,2,1,0,0,0,0,0,0,0
7288,2292778.0,2,1,0,0,0,0,0,0,0
7289,562500.0,2,0,0,0,0,0,0,0,0
7290,667500.0,3,0,0,0,0,0,0,0,0
7290,815833.0,3,0,0,0,0,0,0,0,0
7291,2037037.0,4,1,0,0,0,0,0,0,0
7292,1250000.0,2,0,0,0,0,0,0,0,0
7293,361111.0,1,0,0,0,0,0,0,0,0
7294,388889.0,1,0,0,0,0,0,0,0,0
7295,1018519.0,1,0,0,0,0,0,0,0,0
7296,653848.0,2,1,0,0,0,0,0,0,0
7297,713415.0,2,1,0,0,0,0,0,0,0
7298,771723.0,2,1,0,0,0,0,0,0,0
7299,830191.0,2,1,0,0,0,0,0,0,0
7300,952437.0,2,0,0,0,0,0,0,0,0
7300,1333334.0,2,0,0,0,0,0,0,0,0
7301,923241.0,2,1,0,0,0,0,0,0,0
7302,1194080.0,3,1,0,0,0,0,0,0,0
7303,1393860.0,2,1,0,0,0,0,0,0,0
7304,1715520.0,2,1,0,0,0,0,0,0,0
7305,2171076.0,4,1,0,0,0,0,0,0,0
7306,352341.0,2,0,0,0,0,0,0,0,0
7306,379352.0,2,0,0,0,0,0,0,0,0
7307,361550.0,2,0,0,0,0,0,0,0,0
7307,425787.0,2,0,0,0,0,0,0,0,0
7308,381355.0,2,0,0,0,0,0,0,0,0
7308,96402.0,1,0,0,0,0,0,0,0,0
7308,110972.0,1,0,0,0,0,0,0,0,0
7309,538499.0,2,0,0,0,0,0,0,0,0
7309,675926.0,2,0,0,0,0,0,0,0,0
7310,877190.0,2,0,0,0,0,0,0,0,0
7310,1018426.0,2,0,0,0,0,0,0,0,0
7311,801704.0,2,0,0,0,0,0,0,0,0
7311,928704.0,2,1,0,0,0,0,0,0,0
7312,899872.0,2,0,0,0,0,0,0,0,0
7312,1070370.0,2,1,0,0,0,0,0,0,0
7313,1297817.0,2,0,0,0,0,0,0,0,0
7313,1463889.0,2,1,0,0,0,0,0,0,0
7314,3042246.0,2,0,0,0,0,0,0,0,0
7315,3868433.0,3,1,0,0,0,0,0,0,0
7315,3968254.0,3,0,0,0,0,0,0,0,0
7315,4025573.0,3,1,0,0,0,0,0,0,0
7316,513782.0,2,0,0,0,0,0,0,0,0
7317,841851.0,2,0,0,0,0,0,0,0,0
7317,933621.0,3,0,0,0,0,0,0,0,0
7317,988074.0,2,0,0,0,0,0,0,0,0
7317,1106026.0,3,0,0,0,0,0,0,0,0
7318,2776042.0,2,0,0,0,0,0,0,0,0
7319,2170381.0,2,0,0,0,0,0,0,0,0
7320,4489630.0,3,1,0,0,0,0,0,0,0
7321,4725926.0,2,0,0,0,0,0,0,0,0
7321,4489630.0,1,0,0,0,0,0,0,0,0
7322,5224880.0,4,0,0,0,0,0,0,0,0
7323,10740741.0,5,1,0,0,0,0,0,0,0
7324,12057416.0,6,0,0,0,0,0,0,0,0
7325,800926.0,2,0,0,0,0,0,0,0,0
7326,2355468.0,2,0,0,0,0,0,0,0,0
7327,2476852.0,2,0,0,0,0,0,0,0,0
7327,2314815.0,1,0,0,0,0,0,0,0,0
7328,4166667.0,4,0,0,0,0,0,0,0,0
7329,6944444.0,2,0,0,0,0,0,0,0,0
7329,7222222.0,3,0,0,0,0,0,0,0,0
7330,7129630.0,2,0,0,0,0,0,0,0,0
7330,7486111.0,3,0,0,0,0,0,0,0,0
7331,8333333.0,5,0,0,0,0,0,0,0,0
7332,719071.0,2,0,0,0,0,0,0,0,0
7332,1000000.0,2,0,0,0,0,0,0,0,0
7333,845554.0,2,0,0,0,0,0,0,0,0
7333,1208333.0,2,0,0,0,0,0,0,0,0
7334,928254.0,2,0,0,0,0,0,0,0,0
7334,1291667.0,2,0,0,0,0,0,0,0,0
7335,1463008.0,4,0,0,0,0,0,0,0,0
7335,1579794.0,2,0,0,0,0,0,0,0,0
7335,1625565.0,4,0,0,0,0,0,0,0,0
7336,1473898.0,4,0,0,0,0,0,0,0,0
7337,1583991.0,4,0,0,0,0,0,0,0,0
7338,1620998.0,4,0,0,0,0,0,0,0,0
7339,1621101.0,4,0,0,0,0,0,0,0,0
7339,1745254.0,2,0,0,0,0,0,0,0,0
7340,1648942.0,4,0,0,0,0,0,0,0,0
7341,1766128.0,4,0,0,0,0,0,0,0,0
7342,1797377.0,4,1,0,0,0,0,0,0,0
7343,1828714.0,4,2,0,0,0,0,0,0,0
7344,1851977.0,4,0,0,0,0,0,0,0,0
7345,1882880.0,6,0,0,0,0,0,0,0,0
7346,2042231.0,6,0,0,0,0,0,0,0,0
7347,2167397.0,6,0,0,0,0,0,0,0,0
7347,2421838.0,6,3,0,0,0,0,0,0,0
7348,2343714.0,5,0,0,0,0,0,0,0,0
7349,2382776.0,6,3,0,0,0,0,0,0,0
7350,1011538.0,2,0,0,0,0,0,0,0,0
7351,583333.0,2,0,0,0,0,0,0,0,0
7352,18123290.0,2,0,0,0,0,0,0,0,0
7353,1884729.0,2,0,0,0,0,0,0,0,0
7353,1924847.0,2,0,0,0,0,0,0,0,0
7353,1625019.0,1,0,0,0,0,0,0,0,0
7354,2369374.0,2,2,0,0,0,0,0,0,0
7354,2058357.0,1,2,0,0,0,0,0,0,0
7355,763264.0,2,0,0,0,0,0,0,0,0
7356,868078.0,2,0,0,0,0,0,0,0,0
7356,929729.0,2,0,0,0,0,0,0,0,0
7356,1102248.0,2,0,0,0,0,0,0,0,0
7357,916987.0,2,0,0,0,0,0,0,0,0
7357,929729.0,2,0,0,0,0,0,0,0,0
7357,1202471.0,2,0,0,0,0,0,0,0,0
7357,1296296.0,2,0,0,0,0,0,0,0,0
7358,918001.0,2,0,0,0,0,0,0,0,0
7359,951948.0,2,0,0,0,0,0,0,0,0
7360,977183.0,2,0,0,0,0,0,0,0,0
7360,1083333.0,2,0,0,0,0,0,0,0,0
7360,1203704.0,2,0,0,0,0,0,0,0,0
7361,1194589.0,2,0,0,0,0,0,0,0,0
7362,2143088.0,2,1,0,0,0,0,0,0,0
7363,3146416.0,4,1,0,0,0,0,0,0,0
7363,3415904.0,2,0,0,0,0,0,0,0,0
7364,4828665.0,6,1,0,0,0,0,0,0,0
7365,1594532.0,4,0,0,0,0,0,0,0,0
7366,1604529.0,4,0,0,0,0,0,0,0,0
7367,1650362.0,4,1,0,0,0,0,0,0,0
7368,1650408.0,4,0,0,0,0,0,0,0,0
7369,1696242.0,4,0,0,0,0,0,0,0,0
7370,1742029.0,4,1,0,0,0,0,0,0,0
7371,1761737.0,4,0,0,0,0,0,0,0,0
7372,1764945.0,4,0,0,0,0,0,0,0,0
7373,2131658.0,6,0,0,0,0,0,0,0,0
7374,1189424.0,2,1,0,0,0,0,0,0,0
7374,1500000.0,2,0,0,0,0,0,0,0,0
7375,1236258.0,2,1,0,0,0,0,0,0,0
7375,1650000.0,2,0,0,0,0,0,0,0,0
7375,1756532.0,2,0,0,0,0,0,0,0,0
7376,1348978.0,2,1,0,0,0,0,0,0,0
7376,1800000.0,2,0,0,0,0,0,0,0,0
7376,1916470.0,2,0,0,0,0,0,0,0,0
7377,1433289.0,2,1,0,0,0,0,0,0,0
7377,1912500.0,2,0,0,0,0,0,0,0,0
7377,2036043.0,2,0,0,0,0,0,0,0,0
7378,1473843.0,2,0,0,0,0,0,0,0,0
7378,1645750.0,2,0,0,0,0,0,0,0,0
7379,1517601.0,2,1,0,0,0,0,0,0,0
7379,2175000.0,2,0,0,0,0,0,0,0,0
7380,1630015.0,2,1,0,0,0,0,0,0,0
7381,3960000.0,2,1,0,0,0,0,0,0,0
7381,5047532.0,2,1,0,0,0,0,0,0,0
7382,4356000.0,2,1,0,0,0,0,0,0,0
7383,5678473.0,2,1,0,0,0,0,0,0,0
7384,916667.0,2,0,0,0,0,0,0,0,0
7384,1018519.0,2,0,0,0,0,0,0,0,0
7385,931741.0,2,0,0,0,0,0,0,0,0
7385,1066551.0,2,0,0,0,0,0,0,0,0
7386,950784.0,2,0,0,0,0,0,0,0,0
7386,1062376.0,2,0,0,0,0,0,0,0,0
7386,1211250.0,2,0,0,0,0,0,0,0,0
7387,1000843.0,2,0,0,0,0,0,0,0,0
7387,1068750.0,2,0,0,0,0,0,0,0,0
7387,1211250.0,2,0,0,0,0,0,0,0,0
7388,1267734.0,2,1,0,0,0,0,0,0,0
7388,1353750.0,2,1,0,0,0,0,0,0,0
7388,1496250.0,2,1,0,0,0,0,0,0,0
7389,1404555.0,2,1,0,0,0,0,0,0,0
7389,1500000.0,2,1,0,0,0,0,0,0,0
7389,1668482.0,2,1,0,0,0,0,0,0,0
7390,884650.0,1,0,0,0,0,0,0,0,0
7390,926250.0,1,0,0,0,0,0,0,0,0
7390,1038161.0,1,0,0,0,0,0,0,0,0
7390,1068750.0,1,0,0,0,0,0,0,0,0
7391,9591087.0,4,0,0,0,0,0,0,0,0
7392,10390344.0,6,0,0,0,0,0,0,0,0
7393,1896822.0,4,0,0,0,0,0,0,0,0
7393,2107580.0,4,0,0,0,0,0,0,0,0
7394,2025569.0,2,0,0,0,0,0,0,0,0
7394,2048669.0,2,0,0,0,0,0,0,0,0
7395,2424743.0,2,0,0,0,0,0,0,0,0
7395,2885423.0,2,0,0,0,0,0,0,0,0
7396,3274616.0,2,0,0,0,0,0,0,0,0
7397,4187161.0,2,0,0,0,0,0,0,0,0
7398,5074692.0,2,0,0,0,0,0,0,0,0
7398,5877482.0,7,2,0,0,0,0,0,0,0
7398,8483698.0,7,2,0,0,0,0,0,0,0
7399,5447032.0,2,0,0,0,0,0,0,0,0
7400,4200124.0,2,0,0,0,0,0,0,0,0
7400,5149384.0,2,0,0,0,0,0,0,0,0
7401,1829360.0,2,0,0,0,0,0,0,0,0
7402,1353671.0,1,0,0,0,0,0,0,0,0
7403,1443916.0,1,0,0,0,0,0,0,0,0
7404,1624406.0,1,0,0,0,0,0,0,0,0
7405,2272308.0,2,0,0,0,0,0,0,0,0
7406,2350664.0,2,0,0,0,0,0,0,0,0
7407,4936394.0,4,0,0,0,0,0,0,0,0
7408,5484882.0,5,0,0,0,0,0,0,0,0
7409,11753319.0,7,0,0,0,0,0,0,0,0
7410,1068796.0,2,1,0,0,0,0,0,0,0
7410,1212037.0,2,1,0,0,0,0,0,0,0
7411,1415429.0,2,0,0,0,0,0,0,0,0
7412,1261973.0,4,1,0,0,0,0,0,0,0
7413,3293496.0,2,0,0,0,0,0,0,0,0
7414,3703857.0,2,0,0,0,0,0,0,0,0
7414,4399232.0,4,2,0,0,0,0,0,0,0
7415,4819266.0,2,1,0,0,0,0,0,0,0
7415,4968315.0,2,1,0,0,0,0,0,0,0
7416,6073952.0,4,2,0,0,0,0,0,0,0
7416,6261806.0,4,2,0,0,0,0,0,0,0
7417,6330990.0,4,2,0,0,0,0,0,0,0
7417,6526793.0,4,2,0,0,0,0,0,0,0
7418,10551650.0,6,3,0,0,0,0,0,0,0
7418,10877989.0,6,3,0,0,0,0,0,0,0
7419,1049583.0,2,0,0,0,0,0,0,0,0
7420,1100000.0,2,0,0,0,0,0,0,0,0
7421,694444.0,2,0,0,0,0,0,0,0,0
7422,740741.0,2,0,0,0,0,0,0,0,0
7423,2984267.0,2,0,0,0,0,0,0,0,0
7423,2935146.0,1,0,0,0,0,0,0,0,0
7424,3013333.0,2,0,0,0,0,0,0,0,0
7424,2946667.0,1,0,0,0,0,0,0,0,0
7425,1020000.0,2,0,0,0,0,0,0,0,0
7425,1073322.0,2,0,0,0,0,0,0,0,0
7425,970000.0,1,0,0,0,0,0,0,0,0
7426,1020000.0,2,0,0,0,0,0,0,0,0
7426,970000.0,1,0,0,0,0,0,0,0,0
7427,1170000.0,2,0,0,0,0,0,0,0,0
7427,1194921.0,2,0,0,0,0,0,0,0,0
7427,1120000.0,1,0,0,0,0,0,0,0,0
7428,3478000.0,2,1,0,0,0,0,0,0,0
7429,4242667.0,2,1,0,0,0,0,0,0,0
7430,4421500.0,2,1,0,0,0,0,0,0,0
7431,5175926.0,2,0,0,0,0,0,0,0,0
7432,10092593.0,4,0,0,0,0,0,0,0,0
7433,21203704.0,6,0,0,0,0,0,0,0,0
7434,3384259.0,2,0,0,0,0,0,0,0,0
7435,4578704.0,4,2,0,0,0,0,0,0,0
7436,6967593.0,6,0,0,0,0,0,0,0,0
7437,503342.0,2,1,0,0,0,0,0,0,0
7438,704392.0,2,1,0,0,0,0,0,0,0
7439,2905820.0,2,1,0,0,0,0,0,0,0
7440,509259.0,2,0,0,0,0,0,0,0,0
7440,499074.0,1,0,0,0,0,0,0,0,0
7441,701848.0,2,1,0,0,0,0,0,0,0
7442,129876.0,1,0,0,0,0,0,0,0,0
7442,186667.0,1,0,0,0,0,0,0,0,0
7443,155556.0,1,0,0,0,0,0,0,0,0
7444,609852.0,2,0,0,0,0,0,0,0,0
7445,1062905.0,2,1,0,0,0,0,0,0,0
7446,2966575.0,2,1,0,0,0,0,0,0,0
7447,428215.0,2,0,0,0,0,0,0,0,0
7448,665188.0,4,0,0,0,0,0,0,0,0
7449,555556.0,3,0,0,0,0,0,0,0,0
7450,4300627.0,2,0,0,0,0,0,0,0,0
7451,1577817.0,1,0,0,0,0,0,0,0,0
7452,1713058.0,1,0,0,0,0,0,0,0,0
7453,1713058.0,1,0,0,0,0,0,0,0,0
7454,1983541.0,1,0,0,0,0,0,0,0,0
7455,6748925.0,2,1,0,0,0,0,0,0,0
7456,5889988.0,2,1,0,0,0,0,0,0,0
7457,532963.0,2,0,0,0,0,0,0,0,0
7458,7979155.0,3,1,0,0,0,0,0,0,0
7459,8207131.0,3,1,0,0,0,0,0,0,0
7460,8298321.0,3,1,0,0,0,0,0,0,0
7461,397450.0,2,1,0,0,0,0,0,0,0
7461,449241.0,2,1,0,0,0,0,0,0,0
7462,565671.0,4,1,0,0,0,0,0,0,0
7462,641593.0,4,1,0,0,0,0,0,0,0
7463,407509.0,2,1,0,0,0,0,0,0,0
7464,3495767.0,2,3,0,0,0,0,0,0,0
7465,3958333.0,4,0,0,0,0,0,0,0,0
7466,2658825.0,2,1,0,0,0,0,0,0,0
7467,699813.0,2,1,0,0,0,0,0,0,0
7468,809508.0,2,1,0,0,0,0,0,0,0
7468,833333.0,2,0,0,0,0,0,0,0,0
7469,892534.0,2,1,0,0,0,0,0,0,0
7470,916667.0,2,0,0,0,0,0,0,0,0
7471,967105.0,2,1,0,0,0,0,0,0,0
7472,981481.0,2,0,0,0,0,0,0,0,0
7473,4207134.0,2,1,0,0,0,0,0,0,0
7474,2323795.0,2,0,0,0,0,0,0,0,0
7475,2355087.0,2,0,0,0,0,0,0,0,0
7476,2631626.0,2,0,0,0,0,0,0,0,0
7477,3361796.0,2,0,0,0,0,0,0,0,0
7478,3428973.0,2,0,0,0,0,0,0,0,0
7479,143519.0,1,0,0,0,0,0,0,0,0
7480,690490.0,4,1,0,0,0,0,0,0,0
7481,2231895.0,2,1,0,0,0,0,0,0,0
7482,9683369.0,4,2,0,0,0,0,0,0,0
7483,630562.0,2,1,0,0,0,0,0,0,0
7484,701945.0,2,0,0,0,0,0,0,0,0
7485,1002778.0,2,0,0,0,0,0,0,0,0
7486,1203334.0,2,0,0,0,0,0,0,0,0
7487,1457715.0,2,0,0,0,0,0,0,0,0
7488,2090909.0,6,0,0,0,0,0,0,0,0
7489,3276661.0,2,1,0,0,0,0,0,0,0
7490,591594.0,2,1,0,0,0,0,0,0,0
7491,5555556.0,2,0,0,0,0,0,0,0,0
7492,3894189.0,2,1,0,0,0,0,0,0,0
7493,7682738.0,2,1,0,0,0,0,0,0,0
7494,323685.0,2,0,0,0,0,0,0,0,0
7494,339506.0,2,0,0,0,0,0,0,0,0
7495,328700.0,2,0,0,0,0,0,0,0,0
7495,388007.0,2,0,0,0,0,0,0,0,0
7496,369788.0,2,0,0,0,0,0,0,0,0
7496,436508.0,2,0,0,0,0,0,0,0,0
7497,3086419.0,4,2,0,0,0,0,0,0,0
7498,4888889.0,6,3,0,0,0,0,0,0,0
7499,1304694.0,2,1,0,0,0,0,0,0,0
7500,1223362.0,2,1,0,0,0,0,0,0,0
7500,1277592.0,2,1,0,0,0,0,0,0,0
7500,1372222.0,2,1,0,0,0,0,0,0,0
7500,1492857.0,2,1,0,0,0,0,0,0,0
7501,925926.0,2,0,0,0,0,0,0,0,0
7502,500000.0,2,0,0,0,0,0,0,0,0
7503,3289474.0,2,0,0,0,0,0,0,0,0
7504,5116959.0,4,0,0,0,0,0,0,0,0
7505,5116959.0,4,0,0,0,0,0,0,0,0
7506,5847953.0,2,0,0,0,0,0,0,0,0
7507,6578947.0,4,0,0,0,0,0,0,0,0
7508,8771930.0,6,0,0,0,0,0,0,0,0
7509,725691.0,2,1,0,0,0,0,0,0,0
7510,699813.0,2,1,0,0,0,0,0,0,0
7511,3301187.0,2,1,0,0,0,0,0,0,0
7512,1443916.0,1,0,0,0,0,0,0,0,0
7513,1759773.0,1,0,0,0,0,0,0,0,0
7514,1759773.0,1,0,0,0,0,0,0,0,0
7515,1417852.0,2,0,0,0,0,0,0,0,0
7516,2049572.0,2,1,0,0,0,0,0,0,0
7517,657135.0,2,0,0,0,0,0,0,0,0
7518,669867.0,2,0,0,0,0,0,0,0,0
7518,744297.0,2,0,0,0,0,0,0,0,0
7519,753817.0,2,0,0,0,0,0,0,0,0
7519,768332.0,2,0,0,0,0,0,0,0,0
7519,837575.0,2,0,0,0,0,0,0,0,0
7520,837767.0,2,0,0,0,0,0,0,0,0
7520,854122.0,2,0,0,0,0,0,0,0,0
7520,930852.0,2,0,0,0,0,0,0,0,0
7521,1430131.0,2,0,0,0,0,0,0,0,0
7522,3436364.0,2,0,0,0,0,0,0,0,0
7523,5727254.0,2,0,0,0,0,0,0,0,0
7523,5727273.0,4,0,0,0,0,0,0,0,0
7524,7636364.0,6,0,0,0,0,0,0,0,0
7525,504266.0,2,1,0,0,0,0,0,0,0
7526,1118896.0,2,1,0,0,0,0,0,0,0
7527,1483542.0,2,1,0,0,0,0,0,0,0
7528,783373.0,2,1,0,0,0,0,0,0,0
7529,1408333.0,2,3,0,0,0,0,0,0,0
7529,1564815.0,2,3,0,0,0,0,0,0,0
7530,1186618.0,2,2,0,0,0,0,0,0,0
7531,1421936.0,3,2,0,0,0,0,0,0,0
7532,1549644.0,2,2,0,0,0,0,0,0,0
7533,565219.0,2,1,0,0,0,0,0,0,0
7534,2132712.0,2,1,0,0,0,0,0,0,0
7535,1937213.0,2,0,0,0,0,0,0,0,0
7536,289688.0,2,1,0,0,0,0,0,0,0
7537,1102941.0,2,0,0,0,0,0,0,0,0
7538,8400000.0,4,0,0,0,0,0,0,0,0
7539,16800000.0,6,0,0,0,0,0,0,0,0
7540,65800000.0,2,0,0,0,0,0,0,0,0
7541,1484237.0,2,1,0,0,0,0,0,0,0
7542,2976510.0,2,0,0,0,0,0,0,0,0
7543,223609.0,2,1,0,0,0,0,0,0,0
7543,233333.0,2,1,0,0,0,0,0,0,0
7544,267089.0,2,1,0,0,0,0,0,0,0
7544,278704.0,2,1,0,0,0,0,0,0,0
7545,456615.0,4,1,0,0,0,0,0,0,0
7545,466667.0,4,1,0,0,0,0,0,0,0
7546,1743492.0,2,1,0,0,0,0,0,0,0
7547,790725.0,2,0,0,0,0,0,0,0,0
7547,846221.0,2,1,0,0,0,0,0,0,0
7548,1569143.0,2,1,0,0,0,0,0,0,0
7549,5637560.0,2,0,0,0,0,0,0,0,0
7550,2212691.0,2,0,0,0,0,0,0,0,0
7551,2231267.0,2,0,0,0,0,0,0,0,0
7552,2493769.0,2,0,0,0,0,0,0,0,0
7553,2756271.0,2,0,0,0,0,0,0,0,0
7554,3018773.0,2,0,0,0,0,0,0,0,0
7555,777813.0,2,1,0,0,0,0,0,0,0
7555,833333.0,2,1,0,0,0,0,0,0,0
7556,955015.0,3,1,0,0,0,0,0,0,0
7556,1320000.0,3,0,0,0,0,0,0,0,0
7557,4629630.0,2,0,0,0,0,0,0,0,0
7558,2932441.0,2,1,0,0,0,0,0,0,0
7559,531653.0,2,0,0,0,0,0,0,0,0
7560,1702975.0,2,0,0,0,0,0,0,0,0
7561,3165491.0,2,1,0,0,0,0,0,0,0
7562,2123259.0,2,0,0,0,0,0,0,0,0
7563,648148.0,2,1,0,0,0,0,0,0,0
7564,1425926.0,2,0,0,0,0,0,0,0,0
7565,1648148.0,5,0,0,0,0,0,0,0,0
7566,2759259.0,8,0,0,0,0,0,0,0,0
7567,9215799.0,6,0,0,0,0,0,0,0,0
7567,16484883.0,6,0,0,0,0,0,0,0,0
7568,9215799.0,6,0,0,0,0,0,0,0,0
7569,16484883.0,6,0,0,0,0,0,0,0,0
7570,379630.0,2,0,0,0,0,0,0,0,0
7571,972222.0,2,0,0,0,0,0,0,0,0
7572,1100000.0,2,0,0,0,0,0,0,0,0
7573,1145833.0,2,0,0,0,0,0,0,0,0
7573,1375000.0,2,0,0,0,0,0,0,0,0
7574,1237500.0,4,0,0,0,0,0,0,0,0
7574,1485000.0,4,0,0,0,0,0,0,0,0
7575,1283333.0,3,0,0,0,0,0,0,0,0
7575,1540000.0,3,0,0,0,0,0,0,0,0
7576,473785.0,2,1,0,0,0,0,0,0,0
7577,1250933.0,2,1,0,0,0,0,0,0,0
7578,1111615.0,2,0,0,0,0,0,0,0,0
7579,1142267.0,2,0,0,0,0,0,0,0,0
7579,1750000.0,2,0,0,0,0,0,0,0,0
7579,1685185.0,1,0,0,0,0,0,0,0,0
7580,1305807.0,2,0,0,0,0,0,0,0,0
7580,1408333.0,2,0,0,0,0,0,0,0,0
7580,1290342.0,1,0,0,0,0,0,0,0,0
7580,1341270.0,1,0,0,0,0,0,0,0,0
7581,1560968.0,2,0,0,0,0,0,0,0,0
7581,1679453.0,2,0,0,0,0,0,0,0,0
7581,1547610.0,1,0,0,0,0,0,0,0,0
7581,1604938.0,1,0,0,0,0,0,0,0,0
7582,1863619.0,2,1,0,0,0,0,0,0,0
7583,1307474.0,2,1,0,0,0,0,0,0,0
7584,638889.0,4,0,0,0,0,0,0,0,0
7585,350000.0,1,0,0,0,0,0,0,0,0
7586,462963.0,1,0,0,0,0,0,0,0,0
7587,1750000.0,2,0,0,0,0,0,0,0,0
7587,1944444.0,2,0,0,0,0,0,0,0,0
7588,3041667.0,4,0,0,0,0,0,0,0,0
7588,3379630.0,4,0,0,0,0,0,0,0,0
7589,2031214.0,2,0,0,0,0,0,0,0,0
7590,409661.0,2,0,0,0,0,0,0,0,0
7591,464210.0,2,0,0,0,0,0,0,0,0
7591,503704.0,2,0,0,0,0,0,0,0,0
7591,488593.0,1,0,0,0,0,0,0,0,0
7592,549738.0,2,0,0,0,0,0,0,0,0
7592,658333.0,2,0,0,0,0,0,0,0,0
7593,899074.0,4,0,0,0,0,0,0,0,0
7594,784802.0,2,1,0,0,0,0,0,0,0
7595,14285208.0,2,1,0,0,0,0,0,0,0
7596,2271948.0,2,1,0,0,0,0,0,0,0
7597,2621478.0,4,1,0,0,0,0,0,0,0
7598,405010.0,2,1,0,0,0,0,0,0,0
7598,475200.0,2,1,0,0,0,0,0,0,0
7599,422326.0,2,1,0,0,0,0,0,0,0
7599,542993.0,2,1,0,0,0,0,0,0,0
7600,549478.0,4,1,0,0,0,0,0,0,0
7600,678578.0,4,1,0,0,0,0,0,0,0
7601,852351.0,2,1,0,0,0,0,0,0,0
7602,456460.0,2,1,0,0,0,0,0,0,0
7602,545027.0,2,0,0,0,0,0,0,0,0
7603,465230.0,2,1,0,0,0,0,0,0,0
7603,501345.0,2,0,0,0,0,0,0,0,0
7604,513467.0,2,1,0,0,0,0,0,0,0
7605,601614.0,2,0,0,0,0,0,0,0,0
7606,766209.0,4,0,0,0,0,0,0,0,0
7606,859732.0,4,0,0,0,0,0,0,0,0
7607,1465022.0,2,1,0,0,0,0,0,0,0
7608,703125.0,2,0,0,0,0,0,0,0,0
7608,781250.0,2,0,0,0,0,0,0,0,0
7609,1296296.0,2,0,0,0,0,0,0,0,0
7610,1366188.0,2,1,0,0,0,0,0,0,0
7611,650000.0,2,0,0,0,0,0,0,0,0
7612,883333.0,4,0,0,0,0,0,0,0,0
7613,883333.0,2,0,0,0,0,0,0,0,0
7614,1850000.0,2,0,0,0,0,0,0,0,0
7614,2035000.0,2,0,0,0,0,0,0,0,0
7615,1479884.0,2,1,0,0,0,0,0,0,0
7616,2600850.0,2,1,0,0,0,0,0,0,0
7617,468331.0,2,1,0,0,0,0,0,0,0
7618,375000.0,2,0,0,0,0,0,0,0,0
7619,379630.0,2,0,0,0,0,0,0,0,0
7620,351852.0,1,0,0,0,0,0,0,0,0
7621,243056.0,2,1,0,0,0,0,0,0,0
7622,456652.0,2,1,0,0,0,0,0,0,0
7623,467880.0,2,1,0,0,0,0,0,0,0
7624,531359.0,2,1,0,0,0,0,0,0,0
7625,719061.0,4,1,0,0,0,0,0,0,0
7626,2224257.0,2,0,0,0,0,0,0,0,0
7627,245694.0,2,0,0,0,0,0,0,0,0
7628,314628.0,3,0,0,0,0,0,0,0,0
7629,469853.0,2,1,0,0,0,0,0,0,0
7629,602206.0,3,0,0,0,0,0,0,0,0
7629,446360.0,1,2,0,0,0,0,0,0,0
7630,499217.0,2,1,0,0,0,0,0,0,0
7630,737808.0,3,1,0,0,0,0,0,0,0
7630,454563.0,1,1,0,0,0,0,0,0,0
7631,547133.0,2,1,0,0,0,0,0,0,0
7631,780841.0,3,1,0,0,0,0,0,0,0
7631,501185.0,1,1,0,0,0,0,0,0,0
7632,566176.0,2,1,0,0,0,0,0,0,0
7632,713235.0,3,0,0,0,0,0,0,0,0
7632,492647.0,1,2,0,0,0,0,0,0,0
7633,588858.0,2,1,0,0,0,0,0,0,0
7633,824736.0,3,1,0,0,0,0,0,0,0
7633,546797.0,1,1,0,0,0,0,0,0,0
7634,728278.0,2,1,0,0,0,0,0,0,0
7634,874720.0,3,1,0,0,0,0,0,0,0
7634,631858.0,1,1,0,0,0,0,0,0,0
7635,735294.0,2,2,0,0,0,0,0,0,0
7635,882353.0,3,1,0,0,0,0,0,0,0
7635,661765.0,1,2,0,0,0,0,0,0,0
7636,2794019.0,2,1,0,0,0,0,0,0,0
7637,3399810.0,2,1,0,0,0,0,0,0,0
7638,6644782.0,2,1,0,0,0,0,0,0,0
7639,881120.0,2,1,0,0,0,0,0,0,0
7640,1316573.0,2,1,0,0,0,0,0,0,0
7641,1316573.0,2,2,0,0,0,0,0,0,0
7642,1793709.0,4,1,0,0,0,0,0,0,0
7643,1629745.0,5,1,0,0,0,0,0,0,0
7644,958513.0,2,1,0,0,0,0,0,0,0
7645,1301376.0,2,0,0,0,0,0,0,0,0
7646,1302698.0,4,0,0,0,0,0,0,0,0
7647,4249205.0,2,1,0,0,0,0,0,0,0
7648,1633640.0,2,1,0,0,0,0,0,0,0
7648,1796104.0,2,1,0,0,0,0,0,0,0
7649,475794.0,3,1,0,0,0,0,0,0,0
7649,480600.0,3,1,0,0,0,0,0,0,0
7650,5193474.0,2,1,0,0,0,0,0,0,0
7651,2456481.0,2,1,0,0,0,0,0,0,0
7651,2731481.0,2,1,0,0,0,0,0,0,0
7652,1796436.0,2,1,0,0,0,0,0,0,0
7653,5518618.0,2,1,0,0,0,0,0,0,0
7654,1203704.0,2,0,0,0,0,0,0,0,0
7655,1203704.0,2,0,0,0,0,0,0,0,0
7656,1481481.0,2,0,0,0,0,0,0,0,0
7657,1481481.0,2,0,0,0,0,0,0,0,0
7657,1466667.0,1,0,0,0,0,0,0,0,0
7658,1107858.0,2,1,0,0,0,0,0,0,0
7659,451873.0,2,0,0,0,0,0,0,0,0
7660,2095280.0,2,1,0,0,0,0,0,0,0
7661,434691.0,2,0,0,0,0,0,0,0,0
7662,494614.0,2,0,0,0,0,0,0,0,0
7663,1490741.0,2,0,0,0,0,0,0,0,0
7664,227273.0,2,0,0,0,0,0,0,0,0
7665,318182.0,3,0,0,0,0,0,0,0,0
7666,1090909.0,4,0,0,0,0,0,0,0,0
7667,10688234.0,2,1,0,0,0,0,0,0,0
7668,5193994.0,2,1,0,0,0,0,0,0,0
7669,3153977.0,2,1,0,0,0,0,0,0,0
7670,12603190.0,10,0,0,0,0,0,0,0,0
7671,264406.0,1,0,0,0,0,0,0,0,0
7672,277778.0,1,0,0,0,0,0,0,0,0
7673,285390.0,1,0,0,0,0,0,0,0,0
7673,300926.0,1,0,0,0,0,0,0,0,0
7674,4679630.0,2,0,0,0,0,0,0,0,0
7674,4918889.0,1,0,0,0,0,0,0,0,0
7675,5348148.0,4,0,0,0,0,0,0,0,0
7675,5615556.0,2,0,0,0,0,0,0,0,0
7676,8022222.0,6,0,0,0,0,0,0,0,0
7676,8416296.0,2,0,0,0,0,0,0,0,0
7677,10233410.0,2,0,0,0,0,0,0,0,0
7678,708479.0,2,1,0,0,0,0,0,0,0
7679,598834.0,2,0,0,0,0,0,0,0,0
7679,656775.0,2,0,0,0,0,0,0,0,0
7679,666667.0,1,0,0,0,0,0,0,0,0
7680,704740.0,2,0,0,0,0,0,0,0,0
7680,766667.0,2,0,0,0,0,0,0,0,0
7681,704740.0,2,0,0,0,0,0,0,0,0
7681,766667.0,2,0,0,0,0,0,0,0,0
7682,813161.0,2,0,0,0,0,0,0,0,0
7682,916667.0,2,0,0,0,0,0,0,0,0
7683,1402500.0,2,0,0,0,0,0,0,0,0
7684,3015123.0,2,1,0,0,0,0,0,0,0
7685,348736.0,2,0,0,0,0,0,0,0,0
7686,401910.0,2,0,0,0,0,0,0,0,0
7686,537778.0,2,0,0,0,0,0,0,0,0
7687,476667.0,2,0,0,0,0,0,0,0,0
7688,499167.0,1,0,0,0,0,0,0,0,0
7689,2257500.0,4,0,0,0,0,0,0,0,0
7689,2433083.0,4,0,0,0,0,0,0,0,0
7690,2291625.0,3,0,0,0,0,0,0,0,0
7690,2362500.0,3,0,0,0,0,0,0,0,0
7691,2239497.0,2,1,0,0,0,0,0,0,0
7692,711392.0,2,0,0,0,0,0,0,0,0
7693,796296.0,2,0,0,0,0,0,0,0,0
7693,796296.0,2,0,0,0,0,0,0,0,0
7694,952392.0,2,0,0,0,0,0,0,0,0
7695,1000000.0,2,0,0,0,0,0,0,0,0
7696,1180556.0,2,0,0,0,0,0,0,0,0
7696,1527778.0,2,0,0,0,0,0,0,0,0
7697,1388889.0,3,0,0,0,0,0,0,0,0
7698,1388889.0,2,0,0,0,0,0,0,0,0
7699,2910279.0,2,1,0,0,0,0,0,0,0
7700,3682197.0,4,2,0,0,0,0,0,0,0
7701,5616937.0,6,2,0,0,0,0,0,0,0
7702,794200.0,2,1,0,0,0,0,0,0,0
7702,1443556.0,2,1,0,0,0,0,0,0,0
7703,796950.0,2,1,0,0,0,0,0,0,0
7703,1448000.0,2,1,0,0,0,0,0,0,0
7704,810514.0,2,0,0,0,0,0,0,0,0
7704,1170302.0,2,0,0,0,0,0,0,0,0
7705,818925.0,2,0,0,0,0,0,0,0,0
7705,1183770.0,2,0,0,0,0,0,0,0,0
7706,869598.0,2,0,0,0,0,0,0,0,0
7706,1234444.0,2,0,0,0,0,0,0,0,0
7707,904200.0,2,1,0,0,0,0,0,0,0
7707,1621333.0,2,1,0,0,0,0,0,0,0
7708,1143467.0,2,1,0,0,0,0,0,0,0
7708,1721481.0,2,1,0,0,0,0,0,0,0
7709,1482133.0,2,1,0,0,0,0,0,0,0
7709,2191852.0,2,1,0,0,0,0,0,0,0
7710,833333.0,2,0,0,0,0,0,0,0,0
7711,1492898.0,2,1,0,0,0,0,0,0,0
7712,1355898.0,2,1,0,0,0,0,0,0,0
7713,2034074.0,2,1,0,0,0,0,0,0,0
7714,851852.0,2,0,0,0,0,0,0,0,0
7715,962963.0,2,0,0,0,0,0,0,0,0
7716,1037037.0,2,0,0,0,0,0,0,0,0
7716,1133333.0,3,0,0,0,0,0,0,0,0
7717,1435185.0,2,0,0,0,0,0,0,0,0
7718,1620370.0,2,0,0,0,0,0,0,0,0
7719,625000.0,2,0,0,0,0,0,0,0,0
7720,12193385.0,2,1,0,0,0,0,0,0,0
7721,838122.0,2,0,0,0,0,0,0,0,0
7722,869855.0,2,0,0,0,0,0,0,0,0
7723,925926.0,2,0,0,0,0,0,0,0,0
7723,1334224.0,2,0,0,0,0,0,0,0,0
7724,1037037.0,2,1,0,0,0,0,0,0,0
7724,1133333.0,3,0,0,0,0,0,0,0,0
7725,3740884.0,2,0,0,0,0,0,0,0,0
7726,1572804.0,2,0,0,0,0,0,0,0,0
7726,1607580.0,2,1,0,0,0,0,0,0,0
7726,1937919.0,2,0,0,0,0,0,0,0,0
7727,318037.0,2,0,0,0,0,0,0,0,0
7727,323170.0,2,0,0,0,0,0,0,0,0
7728,439040.0,2,1,0,0,0,0,0,0,0
7728,468804.0,2,0,0,0,0,0,0,0,0
7729,519806.0,2,1,0,0,0,0,0,0,0
7729,573595.0,2,0,0,0,0,0,0,0,0
7730,729864.0,2,0,0,0,0,0,0,0,0
7731,795381.0,2,1,0,0,0,0,0,0,0
7732,751419.0,2,0,0,0,0,0,0,0,0
7732,766577.0,2,0,0,0,0,0,0,0,0
7733,972568.0,2,0,0,0,0,0,0,0,0
7733,1251019.0,2,1,0,0,0,0,0,0,0
7734,983333.0,2,1,0,0,0,0,0,0,0
7735,1036183.0,2,0,0,0,0,0,0,0,0
7735,1036530.0,2,0,0,0,0,0,0,0,0
7735,1327500.0,2,1,0,0,0,0,0,0,0
7736,1104015.0,2,0,0,0,0,0,0,0,0
7736,1104779.0,2,0,0,0,0,0,0,0,0
7737,4246127.0,2,1,0,0,0,0,0,0,0
7738,5325430.0,4,1,0,0,0,0,0,0,0
7739,6244209.0,2,1,0,0,0,0,0,0,0
7740,7428465.0,6,1,0,0,0,0,0,0,0
7741,7428465.0,4,1,0,0,0,0,0,0,0
7742,15908448.0,6,1,0,0,0,0,0,0,0
7743,1092593.0,3,0,0,0,0,0,0,0,0
7743,1111111.0,3,0,0,0,0,0,0,0,0
7744,776174.0,2,0,0,0,0,0,0,0,0
7744,1055556.0,2,0,0,0,0,0,0,0,0
7745,861081.0,2,0,0,0,0,0,0,0,0
7745,1194444.0,2,0,0,0,0,0,0,0,0
7746,1182223.0,2,0,0,0,0,0,0,0,0
7746,1611111.0,2,0,0,0,0,0,0,0,0
7747,266667.0,2,0,0,0,0,0,0,0,0
7748,311111.0,2,0,0,0,0,0,0,0,0
7749,437037.0,4,0,0,0,0,0,0,0,0
7750,402278.0,2,1,0,0,0,0,0,0,0
7751,605941.0,3,1,0,0,0,0,0,0,0
7752,815222.0,4,1,0,0,0,0,0,0,0
7753,1481481.0,2,0,0,0,0,0,0,0,0
7753,1519871.0,2,0,0,0,0,0,0,0,0
7754,2056296.0,2,0,0,0,0,0,0,0,0
7754,2296296.0,2,0,0,0,0,0,0,0,0
7755,416053.0,2,1,0,0,0,0,0,0,0
7755,694008.0,2,1,0,0,0,0,0,0,0
7755,760618.0,1,1,0,0,0,0,0,0,0
7756,508922.0,2,0,0,0,0,0,0,0,0
7757,561765.0,2,1,0,0,0,0,0,0,0
7758,586808.0,2,1,0,0,0,0,0,0,0
7758,575072.0,1,1,0,0,0,0,0,0,0
7759,648190.0,2,1,0,0,0,0,0,0,0
7760,728643.0,4,1,0,0,0,0,0,0,0
7760,828622.0,2,1,0,0,0,0,0,0,0
7760,837165.0,3,1,0,0,0,0,0,0,0
7761,504001.0,2,0,0,0,0,0,0,0,0
7761,556299.0,2,1,0,0,0,0,0,0,0
7761,651252.0,2,1,0,0,0,0,0,0,0
7762,528251.0,2,0,0,0,0,0,0,0,0
7762,631310.0,2,0,0,0,0,0,0,0,0
7762,716775.0,2,1,0,0,0,0,0,0,0
7763,937505.0,2,1,0,0,0,0,0,0,0
7763,1094347.0,2,1,0,0,0,0,0,0,0
7763,1202579.0,2,1,0,0,0,0,0,0,0
7763,1265873.0,2,1,0,0,0,0,0,0,0
7764,1018488.0,2,1,0,0,0,0,0,0,0
7764,1172210.0,2,0,0,0,0,0,0,0,0
7764,1188878.0,2,1,0,0,0,0,0,0,0
7764,1306459.0,2,1,0,0,0,0,0,0,0
7764,1375220.0,2,1,0,0,0,0,0,0,0
7765,1206250.0,2,1,0,0,0,0,0,0,0
7765,1388380.0,2,0,0,0,0,0,0,0,0
7765,1408052.0,2,1,0,0,0,0,0,0,0
7765,1547310.0,2,1,0,0,0,0,0,0,0
7765,1628748.0,2,1,0,0,0,0,0,0,0
7766,1392369.0,2,1,0,0,0,0,0,0,0
7766,1659499.0,2,0,0,0,0,0,0,0,0
7766,1683259.0,2,1,0,0,0,0,0,0,0
7766,1849735.0,2,1,0,0,0,0,0,0,0
7766,1947090.0,2,1,0,0,0,0,0,0,0
7767,1459698.0,3,1,0,0,0,0,0,0,0
7767,1683259.0,3,1,0,0,0,0,0,0,0
7767,1849735.0,3,1,0,0,0,0,0,0,0
7767,1947090.0,3,1,0,0,0,0,0,0,0
7768,1527002.0,2,1,0,0,0,0,0,0,0
7768,1819838.0,2,0,0,0,0,0,0,0,0
7768,1846020.0,2,1,0,0,0,0,0,0,0
7768,2028593.0,2,1,0,0,0,0,0,0,0
7768,2135362.0,2,1,0,0,0,0,0,0,0
7769,486705.0,2,1,0,0,0,0,0,0,0
7769,499339.0,2,1,0,0,0,0,0,0,0
7769,618236.0,2,1,0,0,0,0,0,0,0
7769,622222.0,2,1,0,0,0,0,0,0,0
7769,677690.0,2,1,0,0,0,0,0,0,0
7770,652345.0,2,1,0,0,0,0,0,0,0
7770,715079.0,2,1,0,0,0,0,0,0,0
7770,762257.0,2,1,0,0,0,0,0,0,0
7770,831922.0,2,1,0,0,0,0,0,0,0
7771,1009192.0,2,0,0,0,0,0,0,0,0
7771,1115106.0,2,0,0,0,0,0,0,0,0
7772,1009192.0,4,0,0,0,0,0,0,0,0
7773,1603601.0,2,0,0,0,0,0,0,0,0
7773,1635392.0,6,0,0,0,0,0,0,0,0
7774,445168.0,2,0,0,0,0,0,0,0,0
7775,447913.0,2,1,0,0,0,0,0,0,0
7776,493760.0,2,0,0,0,0,0,0,0,0
7776,526486.0,4,1,0,0,0,0,0,0,0
7777,504137.0,2,1,0,0,0,0,0,0,0
7778,584715.0,2,1,0,0,0,0,0,0,0
7779,619693.0,2,1,0,0,0,0,0,0,0
7779,1366843.0,2,0,0,0,0,0,0,0,0
7780,671359.0,2,1,0,0,0,0,0,0,0
7780,1499118.0,2,0,0,0,0,0,0,0,0
7781,736329.0,2,1,0,0,0,0,0,0,0
7781,1631393.0,2,0,0,0,0,0,0,0,0
7782,1410935.0,2,0,0,0,0,0,0,0,0
7783,1467372.0,2,0,0,0,0,0,0,0,0
7784,1622575.0,2,0,0,0,0,0,0,0,0
7785,1728395.0,2,1,0,0,0,0,0,0,0
7786,1834215.0,2,1,0,0,0,0,0,0,0
7787,974032.0,2,1,0,0,0,0,0,0,0
7787,1053401.0,2,0,0,0,0,0,0,0,0
7787,1060208.0,2,0,0,0,0,0,0,0,0
7787,1159707.0,2,0,0,0,0,0,0,0,0
7788,1102459.0,2,0,0,0,0,0,0,0,0
7788,1198057.0,2,0,0,0,0,0,0,0,0
7788,1207826.0,2,0,0,0,0,0,0,0,0
7789,695032.0,2,0,0,0,0,0,0,0,0
7789,836096.0,2,0,0,0,0,0,0,0,0
7790,1484414.0,2,0,0,0,0,0,0,0,0
7790,1961378.0,2,0,0,0,0,0,0,0,0
7791,1555515.0,3,0,0,0,0,0,0,0,0
7791,1875360.0,2,0,0,0,0,0,0,0,0
7792,1703660.0,4,0,0,0,0,0,0,0,0
7792,2054590.0,2,0,0,0,0,0,0,0,0
7793,4821437.0,2,0,0,0,0,0,0,0,0
7793,4916667.0,2,0,0,0,0,0,0,0,0
7793,5090808.0,2,0,0,0,0,0,0,0,0
7793,5191358.0,2,0,0,0,0,0,0,0,0
7794,5134370.0,2,1,0,0,0,0,0,0,0
7794,5166402.0,2,1,0,0,0,0,0,0,0
7794,5403098.0,2,1,0,0,0,0,0,0,0
7794,5436861.0,2,1,0,0,0,0,0,0,0
7795,452264.0,2,1,0,0,0,0,0,0,0
7795,622926.0,2,1,0,0,0,0,0,0,0
7796,465309.0,2,1,0,0,0,0,0,0,0
7796,507172.0,2,0,0,0,0,0,0,0,0
7797,481561.0,2,1,0,0,0,0,0,0,0
7797,907304.0,2,0,0,0,0,0,0,0,0
7798,518271.0,2,1,0,0,0,0,0,0,0
7798,779414.0,2,1,0,0,0,0,0,0,0
7799,825631.0,2,0,0,0,0,0,0,0,0
7799,917367.0,2,0,0,0,0,0,0,0,0
7800,1481672.0,2,1,0,0,0,0,0,0,0
7800,1738204.0,2,1,0,0,0,0,0,0,0
7800,1651294.0,1,1,0,0,0,0,0,0,0
7801,1562603.0,2,1,0,0,0,0,0,0,0
7801,1920926.0,2,1,0,0,0,0,0,0,0
7801,1824880.0,1,1,0,0,0,0,0,0,0
7802,1612148.0,2,1,0,0,0,0,0,0,0
7802,1981833.0,2,1,0,0,0,0,0,0,0
7802,1882742.0,1,1,0,0,0,0,0,0,0
7803,1810332.0,2,1,0,0,0,0,0,0,0
7803,2225463.0,2,1,0,0,0,0,0,0,0
7804,2008516.0,2,1,0,0,0,0,0,0,0
7804,2469093.0,2,1,0,0,0,0,0,0,0
7805,7067586.0,2,1,0,0,0,0,0,0,0
7805,8330093.0,2,1,0,0,0,0,0,0,0
7806,7067586.0,2,0,0,0,0,0,0,0,0
7806,8330093.0,2,0,0,0,0,0,0,0,0
7807,7366111.0,2,0,0,0,0,0,0,0,0
7807,8681944.0,2,0,0,0,0,0,0,0,0
7808,7463132.0,2,0,0,0,0,0,0,0,0
7808,8796296.0,2,0,0,0,0,0,0,0,0
7809,7463132.0,2,0,0,0,0,0,0,0,0
7809,8796296.0,2,0,0,0,0,0,0,0,0
7810,1136431.0,2,1,0,0,0,0,0,0,0
7810,1190093.0,2,0,0,0,0,0,0,0,0
7811,1196243.0,2,1,0,0,0,0,0,0,0
7811,1250006.0,2,0,0,0,0,0,0,0,0
7812,1244093.0,2,1,0,0,0,0,0,0,0
7812,1313689.0,2,0,0,0,0,0,0,0,0
7813,1304031.0,2,0,0,0,0,0,0,0,0
7813,1307149.0,2,1,0,0,0,0,0,0,0
7814,1526330.0,2,0,0,0,0,0,0,0,0
7814,1785423.0,3,1,0,0,0,0,0,0,0
7815,2028336.0,4,1,0,0,0,0,0,0,0
7815,2355073.0,2,0,0,0,0,0,0,0,0
7816,824749.0,2,1,0,0,0,0,0,0,0
7817,334672.0,2,0,0,0,0,0,0,0,0
7817,354818.0,2,0,0,0,0,0,0,0,0
7818,536177.0,2,0,0,0,0,0,0,0,0
7818,557553.0,2,0,0,0,0,0,0,0,0
7819,598115.0,2,0,0,0,0,0,0,0,0
7819,608236.0,2,0,0,0,0,0,0,0,0
7820,760320.0,2,0,0,0,0,0,0,0,0
7820,778089.0,3,0,0,0,0,0,0,0,0
7821,801005.0,2,0,0,0,0,0,0,0,0
7821,811004.0,2,0,0,0,0,0,0,0,0
7822,1013738.0,2,0,0,0,0,0,0,0,0
7822,1063250.0,4,0,0,0,0,0,0,0,0
7823,1019158.0,2,0,0,0,0,0,0,0,0
7823,1037452.0,2,0,0,0,0,0,0,0,0
7824,1452433.0,4,0,0,0,0,0,0,0,0
7825,1492037.0,4,0,0,0,0,0,0,0,0
7826,555556.0,2,0,0,0,0,0,0,0,0
7826,664707.0,2,0,0,0,0,0,0,0,0
7826,712997.0,2,0,0,0,0,0,0,0,0
7826,1587302.0,2,1,0,0,0,0,0,0,0
7827,694444.0,2,0,0,0,0,0,0,0,0
7827,807193.0,2,0,0,0,0,0,0,0,0
7827,1009951.0,2,0,0,0,0,0,0,0,0
7827,1234555.0,2,1,0,0,0,0,0,0,0
7828,694444.0,2,0,0,0,0,0,0,0,0
7828,845857.0,2,0,0,0,0,0,0,0,0
7828,638889.0,1,0,0,0,0,0,0,0,0
7829,952381.0,2,0,0,0,0,0,0,0,0
7829,857143.0,1,1,0,0,0,0,0,0,0
7830,1153064.0,2,0,0,0,0,0,0,0,0
7830,1200714.0,2,0,0,0,0,0,0,0,0
7830,1331456.0,2,0,0,0,0,0,0,0,0
7830,2116402.0,2,1,0,0,0,0,0,0,0
7831,977757.0,2,1,0,0,0,0,0,0,0
7831,1058201.0,2,1,0,0,0,0,0,0,0
7831,2380952.0,2,0,0,0,0,0,0,0,0
7832,2053651.0,3,1,0,0,0,0,0,0,0
7832,2116402.0,3,1,0,0,0,0,0,0,0
7833,2506892.0,4,1,0,0,0,0,0,0,0
7833,2645503.0,4,1,0,0,0,0,0,0,0
7834,3174603.0,2,0,0,0,0,0,0,0,0
7835,1544505.0,2,1,0,0,0,0,0,0,0
7836,345386.0,2,0,0,0,0,0,0,0,0
7836,509259.0,2,0,0,0,0,0,0,0,0
7837,352617.0,2,0,0,0,0,0,0,0,0
7837,555556.0,2,0,0,0,0,0,0,0,0
7838,398412.0,2,0,0,0,0,0,0,0,0
7838,583333.0,2,0,0,0,0,0,0,0,0
7839,536588.0,2,0,0,0,0,0,0,0,0
7839,759259.0,2,0,0,0,0,0,0,0,0
7840,560115.0,4,0,0,0,0,0,0,0,0
7840,703704.0,4,0,0,0,0,0,0,0,0
7841,1013308.0,2,0,0,0,0,0,0,0,0
7842,1088889.0,2,1,0,0,0,0,0,0,0
7843,1140741.0,2,1,0,0,0,0,0,0,0
7843,1196335.0,2,1,0,0,0,0,0,0,0
7844,1555556.0,2,1,0,0,0,0,0,0,0
7844,1582305.0,2,1,0,0,0,0,0,0,0
7845,1555556.0,2,1,0,0,0,0,0,0,0
7845,1582305.0,2,1,0,0,0,0,0,0,0
7846,934990.0,2,1,0,0,0,0,0,0,0
7846,1070333.0,2,1,0,0,0,0,0,0,0
7847,1018962.0,2,1,0,0,0,0,0,0,0
7847,1161333.0,2,1,0,0,0,0,0,0,0
7848,1037973.0,2,1,0,0,0,0,0,0,0
7848,1183000.0,2,1,0,0,0,0,0,0,0
7849,1285109.0,2,1,0,0,0,0,0,0,0
7849,1464667.0,2,1,0,0,0,0,0,0,0
7850,879667.0,1,0,0,0,0,0,0,0,0
7850,1049693.0,1,0,0,0,0,0,0,0,0
7851,392272.0,2,1,0,0,0,0,0,0,0
7851,757916.0,2,0,0,0,0,0,0,0,0
7852,422671.0,2,0,0,0,0,0,0,0,0
7852,816650.0,2,0,0,0,0,0,0,0,0
7853,437462.0,2,0,0,0,0,0,0,0,0
7853,553279.0,2,0,0,0,0,0,0,0,0
7854,1157407.0,4,1,0,0,0,0,0,0,0
7855,1203704.0,6,1,0,0,0,0,0,0,0
7856,565933.0,2,1,0,0,0,0,0,0,0
7856,662037.0,2,0,0,0,0,0,0,0,0
7857,639317.0,2,0,0,0,0,0,0,0,0
7857,865741.0,2,0,0,0,0,0,0,0,0
7858,744924.0,2,1,0,0,0,0,0,0,0
7858,967593.0,2,1,0,0,0,0,0,0,0
7859,796298.0,2,1,0,0,0,0,0,0,0
7859,1171296.0,2,0,0,0,0,0,0,0,0
7860,414427.0,2,0,0,0,0,0,0,0,0
7860,418871.0,2,0,0,0,0,0,0,0,0
7861,417987.0,2,0,0,0,0,0,0,0,0
7861,437143.0,2,0,0,0,0,0,0,0,0
7862,475989.0,2,0,0,0,0,0,0,0,0
7862,752400.0,2,1,0,0,0,0,0,0,0
7863,478066.0,3,1,0,0,0,0,0,0,0
7863,483907.0,3,1,0,0,0,0,0,0,0
7864,506553.0,2,1,0,0,0,0,0,0,0
7864,526190.0,2,1,0,0,0,0,0,0,0
7865,539035.0,2,1,0,0,0,0,0,0,0
7865,689427.0,2,0,0,0,0,0,0,0,0
7866,579589.0,2,1,0,0,0,0,0,0,0
7866,786510.0,2,0,0,0,0,0,0,0,0
7867,366407.0,1,1,0,0,0,0,0,0,0
7867,467043.0,1,0,0,0,0,0,0,0,0
7867,491623.0,1,0,0,0,0,0,0,0,0
7867,837702.0,1,1,0,0,0,0,0,0,0
7868,357890.0,2,0,0,0,0,0,0,0,0
7869,480052.0,2,0,0,0,0,0,0,0,0
7869,601852.0,2,0,0,0,0,0,0,0,0
7870,549506.0,2,0,0,0,0,0,0,0,0
7871,550782.0,2,0,0,0,0,0,0,0,0
7871,685185.0,2,0,0,0,0,0,0,0,0
7872,643717.0,2,0,0,0,0,0,0,0,0
7873,796296.0,2,0,0,0,0,0,0,0,0
7874,5098276.0,2,1,0,0,0,0,0,0,0
7874,5607810.0,2,1,0,0,0,0,0,0,0
7875,5128017.0,2,1,0,0,0,0,0,0,0
7875,5637484.0,2,1,0,0,0,0,0,0,0
7876,5330924.0,2,1,0,0,0,0,0,0,0
7876,5589263.0,2,1,0,0,0,0,0,0,0
7877,5814281.0,2,1,0,0,0,0,0,0,0
7877,6322232.0,2,1,0,0,0,0,0,0,0
7878,6007594.0,2,1,0,0,0,0,0,0,0
7878,6515119.0,2,1,0,0,0,0,0,0,0
7879,6104251.0,2,1,0,0,0,0,0,0,0
7879,6611563.0,2,1,0,0,0,0,0,0,0
7880,6780849.0,2,1,0,0,0,0,0,0,0
7880,7286666.0,2,1,0,0,0,0,0,0,0
7881,9680554.0,2,1,0,0,0,0,0,0,0
7881,10179967.0,2,1,0,0,0,0,0,0,0
7882,789712.0,2,0,0,0,0,0,0,0,0
7882,796101.0,2,0,0,0,0,0,0,0,0
7883,844163.0,2,0,0,0,0,0,0,0,0
7884,873580.0,2,0,0,0,0,0,0,0,0
7884,878580.0,2,0,0,0,0,0,0,0,0
7885,942132.0,2,0,0,0,0,0,0,0,0
7885,1016322.0,2,0,0,0,0,0,0,0,0
7886,334377.0,2,1,0,0,0,0,0,0,0
7886,414815.0,2,1,0,0,0,0,0,0,0
7887,334377.0,2,1,0,0,0,0,0,0,0
7887,414815.0,2,1,0,0,0,0,0,0,0
7888,353285.0,2,1,0,0,0,0,0,0,0
7888,473148.0,2,1,0,0,0,0,0,0,0
7889,392001.0,2,1,0,0,0,0,0,0,0
7889,525000.0,2,1,0,0,0,0,0,0,0
7890,460611.0,3,1,0,0,0,0,0,0,0
7890,589815.0,3,1,0,0,0,0,0,0,0
7891,561969.0,4,1,0,0,0,0,0,0,0
7891,603563.0,2,0,0,0,0,0,0,0,0
7892,706481.0,4,1,0,0,0,0,0,0,0
7893,279989.0,2,0,0,0,0,0,0,0,0
7893,400969.0,2,0,0,0,0,0,0,0,0
7894,282014.0,2,0,0,0,0,0,0,0,0
7894,374931.0,2,0,0,0,0,0,0,0,0
7895,326654.0,2,0,0,0,0,0,0,0,0
7895,467795.0,2,0,0,0,0,0,0,0,0
7896,442983.0,4,1,0,0,0,0,0,0,0
7896,607349.0,4,0,0,0,0,0,0,0,0
7897,1389921.0,2,0,0,0,0,0,0,0,0
7897,1783539.0,2,0,0,0,0,0,0,0,0
7898,1441389.0,2,0,0,0,0,0,0,0,0
7898,1898870.0,2,0,0,0,0,0,0,0,0
7899,1557714.0,2,0,0,0,0,0,0,0,0
7899,2014201.0,2,0,0,0,0,0,0,0,0
7900,1729965.0,2,0,0,0,0,0,0,0,0
7900,2134533.0,2,0,0,0,0,0,0,0,0
7901,1789815.0,2,0,0,0,0,0,0,0,0
7901,2362963.0,2,0,0,0,0,0,0,0,0
7902,1934259.0,2,0,0,0,0,0,0,0,0
7902,2506481.0,2,0,0,0,0,0,0,0,0
7903,555040.0,2,0,0,0,0,0,0,0,0
7904,581026.0,2,1,0,0,0,0,0,0,0
7904,607277.0,1,1,0,0,0,0,0,0,0
7905,637423.0,2,1,0,0,0,0,0,0,0
7906,1344889.0,2,0,0,0,0,0,0,0,0
7907,2150102.0,4,1,0,0,0,0,0,0,0
7908,455667.0,2,0,0,0,0,0,0,0,0
7908,555556.0,2,0,0,0,0,0,0,0,0
7909,482503.0,2,0,0,0,0,0,0,0,0
7910,482503.0,2,0,0,0,0,0,0,0,0
7911,516846.0,2,0,0,0,0,0,0,0,0
7912,629630.0,2,0,0,0,0,0,0,0,0
7913,629630.0,2,0,0,0,0,0,0,0,0
7914,666667.0,2,0,0,0,0,0,0,0,0
7914,712096.0,2,0,0,0,0,0,0,0,0
7915,396508.0,2,1,0,0,0,0,0,0,0
7916,481481.0,2,0,0,0,0,0,0,0,0
7916,433333.0,1,1,0,0,0,0,0,0,0
7917,2950868.0,3,0,0,0,0,0,0,0,0
7917,3173381.0,2,0,0,0,0,0,0,0,0
7918,782241.0,2,0,0,0,0,0,0,0,0
7919,781599.0,2,0,0,0,0,0,0,0,0
7920,765212.0,2,1,0,0,0,0,0,0,0
7921,2611534.0,2,1,0,0,0,0,0,0,0
7922,1043426.0,2,0,0,0,0,0,0,0,0
7923,781599.0,2,0,0,0,0,0,0,0,0
7924,781734.0,2,0,0,0,0,0,0,0,0
7925,652433.0,2,0,0,0,0,0,0,0,0
7926,1045291.0,2,0,0,0,0,0,0,0,0
7927,1310265.0,2,0,0,0,0,0,0,0,0
7928,601852.0,2,0,0,0,0,0,0,0,0
7929,522076.0,2,1,0,0,0,0,0,0,0
7930,782603.0,2,0,0,0,0,0,0,0,0
7931,2611534.0,2,0,0,0,0,0,0,0,0
7932,3046790.0,2,1,0,0,0,0,0,0,0
7933,347281.0,2,0,0,0,0,0,0,0,0
7933,410470.0,3,0,0,0,0,0,0,0,0
7934,555240.0,2,0,0,0,0,0,0,0,0
7935,370913.0,2,0,0,0,0,0,0,0,0
7935,375882.0,2,0,0,0,0,0,0,0,0
7936,549375.0,2,0,0,0,0,0,0,0,0
7936,569974.0,2,0,0,0,0,0,0,0,0
7937,549375.0,2,0,0,0,0,0,0,0,0
7937,569974.0,2,0,0,0,0,0,0,0,0
7938,672049.0,2,0,0,0,0,0,0,0,0
7938,683422.0,2,0,0,0,0,0,0,0,0
7939,783610.0,2,0,0,0,0,0,0,0,0
7939,796869.0,2,0,0,0,0,0,0,0,0
7940,722222.0,2,0,0,0,0,0,0,0,0
7941,1296296.0,2,0,0,0,0,0,0,0,0
7941,1166667.0,1,0,0,0,0,0,0,0,0
7942,1046011.0,2,1,0,0,0,0,0,0,0
7942,1058201.0,2,1,0,0,0,0,0,0,0
7943,1046011.0,2,1,0,0,0,0,0,0,0
7943,1058201.0,2,1,0,0,0,0,0,0,0
7944,1387810.0,2,1,0,0,0,0,0,0,0
7944,1410935.0,2,1,0,0,0,0,0,0,0
7945,1387810.0,2,1,0,0,0,0,0,0,0
7945,1410935.0,2,1,0,0,0,0,0,0,0
7946,2084063.0,3,1,0,0,0,0,0,0,0
7946,2116402.0,3,1,0,0,0,0,0,0,0
7947,452597.0,2,0,0,0,0,0,0,0,0
7948,486791.0,2,0,0,0,0,0,0,0,0
7949,694603.0,4,0,0,0,0,0,0,0,0
7950,760880.0,2,1,0,0,0,0,0,0,0
7951,1340478.0,2,0,0,0,0,0,0,0,0
7952,301481.0,2,0,0,0,0,0,0,0,0
7953,325926.0,2,0,0,0,0,0,0,0,0
7953,611111.0,4,0,0,0,0,0,0,0,0
7954,366667.0,2,0,0,0,0,0,0,0,0
7955,407407.0,2,0,0,0,0,0,0,0,0
7956,1234568.0,2,1,0,0,0,0,0,0,0
7957,1739101.0,2,1,0,0,0,0,0,0,0
7957,1763668.0,2,1,0,0,0,0,0,0,0
7958,1031219.0,2,0,0,0,0,0,0,0,0
7959,1032046.0,2,0,0,0,0,0,0,0,0
7960,1466564.0,2,0,0,0,0,0,0,0,0
7961,6217674.0,2,0,0,0,0,0,0,0,0
7962,432306.0,2,0,0,0,0,0,0,0,0
7963,447878.0,2,0,0,0,0,0,0,0,0
7964,524429.0,2,0,0,0,0,0,0,0,0
7965,560022.0,3,0,0,0,0,0,0,0,0
7966,3333333.0,2,0,0,0,0,0,0,0,0
7967,1326260.0,2,0,0,0,0,0,0,0,0
7967,1451852.0,2,0,0,0,0,0,0,0,0
7968,1755766.0,2,0,0,0,0,0,0,0,0
7968,1970370.0,2,0,0,0,0,0,0,0,0
7969,12344168.0,2,0,0,0,0,0,0,0,0
7970,1661763.0,2,1,0,0,0,0,0,0,0
7971,879919.0,2,0,0,0,0,0,0,0,0
7972,1215512.0,3,0,0,0,0,0,0,0,0
7973,1228006.0,2,0,0,0,0,0,0,0,0
7974,1277523.0,2,0,0,0,0,0,0,0,0
7975,1322087.0,2,0,0,0,0,0,0,0,0
7976,3166667.0,2,0,0,0,0,0,0,0,0
7977,3333333.0,2,0,0,0,0,0,0,0,0
7978,5000000.0,4,0,0,0,0,0,0,0,0
7979,5416667.0,4,0,0,0,0,0,0,0,0
7980,7916667.0,6,0,0,0,0,0,0,0,0
7981,7916667.0,6,0,0,0,0,0,0,0,0
7982,12500000.0,8,0,0,0,0,0,0,0,0
7983,1695321.0,2,1,0,0,0,0,0,0,0
7984,1568873.0,2,1,0,0,0,0,0,0,0
7985,2079958.0,2,1,0,0,0,0,0,0,0
7986,969589.0,2,0,0,0,0,0,0,0,0
7987,3949400.0,2,1,0,0,0,0,0,0,0
7988,225602.0,2,0,0,0,0,0,0,0,0
7988,228571.0,2,0,0,0,0,0,0,0,0
7989,354770.0,4,0,0,0,0,0,0,0,0
7989,365079.0,4,0,0,0,0,0,0,0,0
7990,2739246.0,2,0,0,0,0,0,0,0,0
7991,10544035.0,2,1,0,0,0,0,0,0,0
7992,511574.0,2,0,0,0,0,0,0,0,0
7993,865741.0,4,0,0,0,0,0,0,0,0
7994,3181818.0,5,0,0,0,0,0,0,0,0
7995,3181818.0,5,0,0,0,0,0,0,0,0
7996,1568474.0,2,0,0,0,0,0,0,0,0
7997,1627352.0,2,0,0,0,0,0,0,0,0
7998,814815.0,2,0,0,0,0,0,0,0,0
7999,925926.0,2,0,0,0,0,0,0,0,0
8000,1000000.0,2,0,0,0,0,0,0,0,0
8000,1111111.0,2,0,0,0,0,0,0,0,0
8000,900000.0,1,0,0,0,0,0,0,0,0
8000,1000000.0,1,0,0,0,0,0,0,0,0
8001,1069944.0,2,0,0,0,0,0,0,0,0
8001,1220463.0,4,2,0,0,0,0,0,0,0
8002,828343.0,2,1,0,0,0,0,0,0,0
8003,696663.0,2,1,0,0,0,0,0,0,0
8004,274167.0,2,0,0,0,0,0,0,0,0
8004,304630.0,2,0,0,0,0,0,0,0,0
8005,361667.0,3,0,0,0,0,0,0,0,0
8005,401852.0,3,0,0,0,0,0,0,0,0
8006,408333.0,4,0,0,0,0,0,0,0,0
8006,453704.0,4,0,0,0,0,0,0,0,0
8007,455000.0,5,0,0,0,0,0,0,0,0
8007,505556.0,5,0,0,0,0,0,0,0,0
8008,935072.0,2,0,0,0,0,0,0,0,0
8009,1734087.0,2,0,0,0,0,0,0,0,0
8010,720778.0,2,0,0,0,0,0,0,0,0
8011,3000000.0,3,0,0,0,0,0,0,0,0
8012,3166667.0,5,0,0,0,0,0,0,0,0
8013,3250000.0,4,0,0,0,0,0,0,0,0
8014,3500000.0,6,0,0,0,0,0,0,0,0
8015,1638417.0,2,0,0,0,0,0,0,0,0
8016,2611490.0,4,0,0,0,0,0,0,0,0
8017,3781927.0,6,0,0,0,0,0,0,0,0
8018,1692997.0,2,1,0,0,0,0,0,0,0
8019,335664.0,2,0,0,0,0,0,0,0,0
8019,425102.0,2,0,0,0,0,0,0,0,0
8020,380696.0,2,0,0,0,0,0,0,0,0
8020,478239.0,2,0,0,0,0,0,0,0,0
8021,406434.0,2,0,0,0,0,0,0,0,0
8022,4674546.0,2,1,0,0,0,0,0,0,0
8023,2138003.0,2,1,0,0,0,0,0,0,0
8024,1934470.0,2,1,0,0,0,0,0,0,0
8025,21011065.0,2,1,0,0,0,0,0,0,0
8026,595791.0,2,0,0,0,0,0,0,0,0
8027,2916213.0,2,1,0,0,0,0,0,0,0
8028,520942.0,2,1,0,0,0,0,0,0,0
8029,3433632.0,2,1,0,0,0,0,0,0,0
8030,516316.0,2,0,0,0,0,0,0,0,0
8031,570000.0,2,0,0,0,0,0,0,0,0
8032,835973.0,3,0,0,0,0,0,0,0,0
8033,1083811.0,4,0,0,0,0,0,0,0,0
8034,305556.0,2,0,0,0,0,0,0,0,0
8035,398148.0,3,0,0,0,0,0,0,0,0
8036,4190351.0,2,1,0,0,0,0,0,0,0
8037,697432.0,2,2,0,0,0,0,0,0,0
8038,376984.0,2,1,0,0,0,0,0,0,0
8039,492063.0,2,1,0,0,0,0,0,0,0
8040,595238.0,3,1,0,0,0,0,0,0,0
8041,650794.0,3,1,0,0,0,0,0,0,0
8042,696663.0,2,1,0,0,0,0,0,0,0
8043,1203704.0,2,0,0,0,0,0,0,0,0
8044,2223673.0,2,1,0,0,0,0,0,0,0
8045,3497361.0,2,1,0,0,0,0,0,0,0
8046,1423598.0,2,1,0,0,0,0,0,0,0
8047,428608.0,2,1,0,0,0,0,0,0,0
8047,505556.0,2,1,0,0,0,0,0,0,0
8048,461634.0,2,1,0,0,0,0,0,0,0
8048,589815.0,2,1,0,0,0,0,0,0,0
8049,1749728.0,2,1,0,0,0,0,0,0,0
8050,1808052.0,2,1,0,0,0,0,0,0,0
8051,13447081.0,2,1,0,0,0,0,0,0,0
8052,740741.0,2,0,0,0,0,0,0,0,0
8053,1065349.0,2,1,0,0,0,0,0,0,0
8054,1651750.0,2,1,0,0,0,0,0,0,0
8055,904594.0,2,0,0,0,0,0,0,0,0
8056,569920.0,2,1,0,0,0,0,0,0,0
8057,514539.0,2,1,0,0,0,0,0,0,0
8057,541620.0,2,1,0,0,0,0,0,0,0
8058,558258.0,3,0,0,0,0,0,0,0,0
8058,587640.0,2,1,0,0,0,0,0,0,0
8059,696108.0,4,2,0,0,0,0,0,0,0
8059,808241.0,6,0,0,0,0,0,0,0,0
8060,702116.0,2,1,0,0,0,0,0,0,0
8061,195976.0,2,0,0,0,0,0,0,0,0
8062,214876.0,2,0,0,0,0,0,0,0,0
8062,219907.0,2,0,0,0,0,0,0,0,0
8063,273197.0,4,0,0,0,0,0,0,0,0
8063,307870.0,4,0,0,0,0,0,0,0,0
8064,312225.0,4,0,0,0,0,0,0,0,0
8065,609284.0,2,1,0,0,0,0,0,0,0
8066,1470169.0,2,1,0,0,0,0,0,0,0
8067,1574074.0,4,0,0,0,0,0,0,0,0
8068,787037.0,2,0,0,0,0,0,0,0,0
8069,737966.0,2,0,0,0,0,0,0,0,0
8070,310539.0,2,1,0,0,0,0,0,0,0
8070,323769.0,2,0,0,0,0,0,0,0,0
8071,377683.0,2,1,0,0,0,0,0,0,0
8071,391991.0,2,0,0,0,0,0,0,0,0
8072,507011.0,2,1,0,0,0,0,0,0,0
8072,529492.0,2,0,0,0,0,0,0,0,0
8073,517593.0,4,2,0,0,0,0,0,0,0
8074,625000.0,2,0,0,0,0,0,0,0,0
8075,1125000.0,2,0,0,0,0,0,0,0,0
8076,1958661.0,2,1,0,0,0,0,0,0,0
8077,2196778.0,2,1,0,0,0,0,0,0,0
8078,2196778.0,2,1,0,0,0,0,0,0,0
8079,2052138.0,2,1,0,0,0,0,0,0,0
8080,675926.0,2,0,0,0,0,0,0,0,0
8081,4716667.0,2,1,0,0,0,0,0,0,0
8081,5244444.0,2,1,0,0,0,0,0,0,0
8082,311250.0,2,1,0,0,0,0,0,0,0
8083,311250.0,2,1,0,0,0,0,0,0,0
8084,431250.0,4,1,0,0,0,0,0,0,0
8085,1843323.0,5,0,0,0,0,0,0,0,0
8086,1912500.0,6,0,0,0,0,0,0,0,0
8087,1983898.0,5,0,0,0,0,0,0,0,0
8088,1991666.0,6,0,0,0,0,0,0,0,0
8089,687500.0,2,0,0,0,0,0,0,0,0
8090,1273096.0,2,0,0,0,0,0,0,0,0
8091,277778.0,2,1,0,0,0,0,0,0,0
8092,296296.0,2,1,0,0,0,0,0,0,0
8093,296296.0,1,0,0,0,0,0,0,0,0
8094,2623836.0,2,1,0,0,0,0,0,0,0
8095,958086.0,2,0,0,0,0,0,0,0,0
8096,991040.0,2,1,0,0,0,0,0,0,0
8097,822898.0,2,0,0,0,0,0,0,0,0
8098,822898.0,2,0,0,0,0,0,0,0,0
8099,833333.0,2,0,0,0,0,0,0,0,0
8100,925926.0,2,0,0,0,0,0,0,0,0
8100,1146591.0,2,0,0,0,0,0,0,0,0
8101,987235.0,2,0,0,0,0,0,0,0,0
8102,995820.0,2,0,0,0,0,0,0,0,0
8103,1069002.0,2,0,0,0,0,0,0,0,0
8104,1837784.0,2,1,0,0,0,0,0,0,0
8105,930540.0,2,1,0,0,0,0,0,0,0
8106,1166166.0,2,1,0,0,0,0,0,0,0
8107,2453069.0,2,1,0,0,0,0,0,0,0
8108,3697066.0,2,1,0,0,0,0,0,0,0
8109,2178220.0,2,1,0,0,0,0,0,0,0
8110,1296296.0,2,0,0,0,0,0,0,0,0
8111,342486.0,2,1,0,0,0,0,0,0,0
8111,347222.0,2,1,0,0,0,0,0,0,0
8112,443452.0,4,1,0,0,0,0,0,0,0
8112,462778.0,4,1,0,0,0,0,0,0,0
8113,987885.0,2,0,0,0,0,0,0,0,0
8114,1018519.0,2,0,0,0,0,0,0,0,0
8115,1094273.0,2,0,0,0,0,0,0,0,0
8116,1139868.0,2,0,0,0,0,0,0,0,0
8117,1139868.0,2,0,0,0,0,0,0,0,0
8118,1309615.0,3,0,0,0,0,0,0,0,0
8119,1590247.0,4,0,0,0,0,0,0,0,0
8120,586420.0,3,0,0,0,0,0,0,0,0
8120,680818.0,3,2,0,0,0,0,0,0,0
8120,691975.0,3,0,0,0,0,0,0,0,0
8121,679012.0,4,0,0,0,0,0,0,0,0
8121,801235.0,4,0,0,0,0,0,0,0,0
8122,748900.0,4,2,0,0,0,0,0,0,0
8123,565528.0,2,0,0,0,0,0,0,0,0
8123,581250.0,2,0,0,0,0,0,0,0,0
8124,605403.0,2,0,0,0,0,0,0,0,0
8124,645833.0,2,0,0,0,0,0,0,0,0
8125,731973.0,2,0,0,0,0,0,0,0,0
8125,775000.0,2,0,0,0,0,0,0,0,0
8126,796275.0,2,0,0,0,0,0,0,0,0
8126,839583.0,2,0,0,0,0,0,0,0,0
8127,4800000.0,2,1,0,0,0,0,0,0,0
8128,5120000.0,4,1,0,0,0,0,0,0,0
8129,9600000.0,6,2,0,0,0,0,0,0,0
8130,16000000.0,8,2,0,0,0,0,0,0,0
8131,1934470.0,2,1,0,0,0,0,0,0,0
8132,3709923.0,2,1,0,0,0,0,0,0,0
8133,469658.0,2,1,0,0,0,0,0,0,0
8133,506308.0,2,0,0,0,0,0,0,0,0
8133,692657.0,2,1,0,0,0,0,0,0,0
8133,800308.0,2,0,0,0,0,0,0,0,0
8134,471026.0,2,1,0,0,0,0,0,0,0
8134,562896.0,2,0,0,0,0,0,0,0,0
8134,741633.0,2,1,0,0,0,0,0,0,0
8134,856896.0,2,0,0,0,0,0,0,0,0
8135,556421.0,2,1,0,0,0,0,0,0,0
8135,826844.0,2,1,0,0,0,0,0,0,0
8135,722491.0,1,1,0,0,0,0,0,0,0
8136,657209.0,2,0,0,0,0,0,0,0,0
8136,951209.0,2,0,0,0,0,0,0,0,0
8136,804209.0,1,1,0,0,0,0,0,0,0
8137,3676735.0,2,1,0,0,0,0,0,0,0
8138,698529.0,2,0,0,0,0,0,0,0,0
8138,663603.0,1,0,0,0,0,0,0,0,0
8139,1743474.0,2,1,0,0,0,0,0,0,0
8140,611111.0,2,0,0,0,0,0,0,0,0
8140,500000.0,1,0,0,0,0,0,0,0,0
8141,500000.0,1,0,0,0,0,0,0,0,0
8142,1334199.0,2,1,0,0,0,0,0,0,0
8143,1590909.0,3,0,0,0,0,0,0,0,0
8144,1399266.0,2,1,0,0,0,0,0,0,0
8145,629630.0,2,0,0,0,0,0,0,0,0
8146,1064079.0,2,1,0,0,0,0,0,0,0
8147,388889.0,2,0,0,0,0,0,0,0,0
8148,638889.0,4,0,0,0,0,0,0,0,0
8149,154545.0,1,0,0,0,0,0,0,0,0
8150,1124427.0,2,1,0,0,0,0,0,0,0
8151,1277604.0,2,0,0,0,0,0,0,0,0
8152,549187.0,2,0,0,0,0,0,0,0,0
8152,571059.0,2,0,0,0,0,0,0,0,0
8153,556190.0,2,0,0,0,0,0,0,0,0
8154,575503.0,2,0,0,0,0,0,0,0,0
8154,581317.0,2,0,0,0,0,0,0,0,0
8155,585957.0,2,0,0,0,0,0,0,0,0
8156,606303.0,2,0,0,0,0,0,0,0,0
8156,612428.0,2,0,0,0,0,0,0,0,0
8157,505515.0,2,0,0,0,0,0,0,0,0
8158,683542.0,2,0,0,0,0,0,0,0,0
8158,811344.0,2,1,0,0,0,0,0,0,0
8159,782500.0,2,0,0,0,0,0,0,0,0
8159,743375.0,1,1,0,0,0,0,0,0,0
8160,376122.0,2,0,0,0,0,0,0,0,0
8160,445242.0,2,0,0,0,0,0,0,0,0
8161,585339.0,4,0,0,0,0,0,0,0,0
8161,712387.0,4,0,0,0,0,0,0,0,0
8162,666667.0,2,0,0,0,0,0,0,0,0
8163,235880.0,2,1,0,0,0,0,0,0,0
8164,302083.0,4,2,0,0,0,0,0,0,0
8165,606195.0,2,2,0,0,0,0,0,0,0
8166,757320.0,2,2,0,0,0,0,0,0,0
8167,2993706.0,2,0,0,0,0,0,0,0,0
8168,566213.0,2,1,0,0,0,0,0,0,0
8168,509592.0,1,1,0,0,0,0,0,0,0
8169,771830.0,2,0,0,0,0,0,0,0,0
8169,857588.0,4,0,0,0,0,0,0,0,0
8170,410965.0,2,0,0,0,0,0,0,0,0
8170,411336.0,2,0,0,0,0,0,0,0,0
8171,824684.0,2,1,0,0,0,0,0,0,0
8172,990559.0,2,1,0,0,0,0,0,0,0
8173,990559.0,2,0,0,0,0,0,0,0,0
8174,990559.0,2,1,0,0,0,0,0,0,0
8175,1000546.0,4,1,0,0,0,0,0,0,0
8176,1000546.0,4,1,0,0,0,0,0,0,0
8177,364879.0,2,0,0,0,0,0,0,0,0
8178,1639083.0,3,1,0,0,0,0,0,0,0
8179,336651.0,2,1,0,0,0,0,0,0,0
8180,366776.0,2,1,0,0,0,0,0,0,0
8181,420264.0,2,1,0,0,0,0,0,0,0
8182,481483.0,4,1,0,0,0,0,0,0,0
8183,575907.0,2,0,0,0,0,0,0,0,0
8183,516434.0,1,0,0,0,0,0,0,0,0
8184,646875.0,2,0,0,0,0,0,0,0,0
8184,614531.0,1,0,0,0,0,0,0,0,0
8185,900000.0,2,1,0,0,0,0,0,0,0
8186,1028571.0,2,1,0,0,0,0,0,0,0
8187,2250000.0,4,0,0,0,0,0,0,0,0
8188,328292.0,2,1,0,0,0,0,0,0,0
8189,361111.0,2,0,0,0,0,0,0,0,0
8189,325000.0,1,0,0,0,0,0,0,0,0
8190,390000.0,2,0,0,0,0,0,0,0,0
8190,409259.0,2,0,0,0,0,0,0,0,0
8190,351000.0,1,0,0,0,0,0,0,0,0
8190,368333.0,1,0,0,0,0,0,0,0,0
8191,2083333.0,2,0,0,0,0,0,0,0,0
8192,4583333.0,4,0,0,0,0,0,0,0,0
8193,1392437.0,2,0,0,0,0,0,0,0,0
8194,672188.0,2,1,0,0,0,0,0,0,0
8195,905763.0,2,2,0,0,0,0,0,0,0
8196,362464.0,2,1,0,0,0,0,0,0,0
8197,363894.0,2,1,0,0,0,0,0,0,0
8198,479363.0,4,1,0,0,0,0,0,0,0
8199,822708.0,2,1,0,0,0,0,0,0,0
8200,882171.0,2,1,0,0,0,0,0,0,0
8201,1353431.0,2,1,0,0,0,0,0,0,0
8202,526408.0,2,1,0,0,0,0,0,0,0
8203,16805957.0,2,1,0,0,0,0,0,0,0
8204,1592827.0,5,0,0,0,0,0,0,0,0
8205,395042.0,2,0,0,0,0,0,0,0,0
8206,474208.0,2,0,0,0,0,0,0,0,0
8207,553375.0,4,0,0,0,0,0,0,0,0
8208,347228.0,2,1,0,0,0,0,0,0,0
8209,370069.0,2,1,0,0,0,0,0,0,0
8210,550216.0,4,1,0,0,0,0,0,0,0
8211,7875556.0,2,1,0,0,0,0,0,0,0
8211,8755556.0,2,1,0,0,0,0,0,0,0
8212,2597064.0,2,0,0,0,0,0,0,0,0
8213,2597064.0,2,0,0,0,0,0,0,0,0
8214,612709.0,2,0,0,0,0,0,0,0,0
8215,500000.0,2,0,0,0,0,0,0,0,0
8216,562500.0,2,0,0,0,0,0,0,0,0
8217,750000.0,4,0,0,0,0,0,0,0,0
8218,320300.0,2,1,0,0,0,0,0,0,0
8218,374815.0,2,1,0,0,0,0,0,0,0
8219,324975.0,2,1,0,0,0,0,0,0,0
8219,394370.0,2,1,0,0,0,0,0,0,0
8220,444233.0,4,1,0,0,0,0,0,0,0
8220,528000.0,4,1,0,0,0,0,0,0,0
8221,4629630.0,2,0,0,0,0,0,0,0,0
8222,1307262.0,2,1,0,0,0,0,0,0,0
8223,1049280.0,2,1,0,0,0,0,0,0,0
8224,3750000.0,6,0,0,0,0,0,0,0,0
8225,843942.0,2,0,0,0,0,0,0,0,0
8226,2024555.0,2,0,0,0,0,0,0,0,0
8227,1250000.0,2,0,0,0,0,0,0,0,0
8228,628798.0,2,1,0,0,0,0,0,0,0
8229,1593414.0,2,1,0,0,0,0,0,0,0
8230,3525042.0,2,1,0,0,0,0,0,0,0
8231,1658630.0,2,1,0,0,0,0,0,0,0
8232,1741252.0,2,1,0,0,0,0,0,0,0
8233,3050957.0,2,1,0,0,0,0,0,0,0
8234,2054921.0,2,1,0,0,0,0,0,0,0
8235,1351351.0,2,0,0,0,0,0,0,0,0
8236,2708614.0,2,1,0,0,0,0,0,0,0
8237,946466.0,2,1,0,0,0,0,0,0,0
8238,3915908.0,2,1,0,0,0,0,0,0,0
8239,759259.0,2,0,0,0,0,0,0,0,0
8240,1743704.0,2,1,0,0,0,0,0,0,0
8241,5194624.0,2,1,0,0,0,0,0,0,0
8242,1418426.0,2,1,0,0,0,0,0,0,0
8243,43946518.0,2,1,0,0,0,0,0,0,0
8244,480423.0,2,0,0,0,0,0,0,0,0
8245,491759.0,2,0,0,0,0,0,0,0,0
8245,522726.0,2,0,0,0,0,0,0,0,0
8246,500000.0,2,0,0,0,0,0,0,0,0
8246,510185.0,2,0,0,0,0,0,0,0,0
8247,750000.0,2,0,0,0,0,0,0,0,0
8247,765278.0,2,0,0,0,0,0,0,0,0
8248,769826.0,2,0,0,0,0,0,0,0,0
8248,6350000.0,3,0,0,0,0,0,0,0,0
8249,835000.0,4,1,0,0,0,0,0,0,0
8249,852009.0,4,1,0,0,0,0,0,0,0
8250,975000.0,4,1,0,0,0,0,0,0,0
8250,994861.0,4,1,0,0,0,0,0,0,0
8251,1000073.0,2,0,0,0,0,0,0,0,0
8252,1300000.0,2,0,0,0,0,0,0,0,0
8252,1326481.0,2,0,0,0,0,0,0,0,0
8253,950000.0,1,0,0,0,0,0,0,0,0
8253,969352.0,1,0,0,0,0,0,0,0,0
8254,763596.0,2,0,0,0,0,0,0,0,0
8255,1757653.0,2,1,0,0,0,0,0,0,0
8256,826852.0,2,0,0,0,0,0,0,0,0
8257,2567131.0,2,1,0,0,0,0,0,0,0
8258,391250.0,2,1,0,0,0,0,0,0,0
8259,1567889.0,2,1,0,0,0,0,0,0,0
8259,1587302.0,2,1,0,0,0,0,0,0,0
8260,1567889.0,2,1,0,0,0,0,0,0,0
8260,1587302.0,2,1,0,0,0,0,0,0,0
8261,3122349.0,3,0,0,0,0,0,0,0,0
8261,3174603.0,3,0,0,0,0,0,0,0,0
8262,3949491.0,2,1,0,0,0,0,0,0,0
8262,4232804.0,2,1,0,0,0,0,0,0,0
8263,502333.0,1,0,0,0,0,0,0,0,0
8263,529101.0,1,0,0,0,0,0,0,0,0
8264,1757653.0,2,1,0,0,0,0,0,0,0
8265,1070854.0,2,0,0,0,0,0,0,0,0
8266,1336348.0,2,0,0,0,0,0,0,0,0
8267,1912637.0,2,0,0,0,0,0,0,0,0
8268,290231.0,2,1,0,0,0,0,0,0,0
8268,290658.0,2,1,0,0,0,0,0,0,0
8268,362037.0,2,0,0,0,0,0,0,0,0
8269,356080.0,2,1,0,0,0,0,0,0,0
8269,388889.0,2,0,0,0,0,0,0,0,0
8270,396119.0,2,1,0,0,0,0,0,0,0
8270,409000.0,2,1,0,0,0,0,0,0,0
8271,433333.0,2,0,0,0,0,0,0,0,0
8272,849501.0,2,0,0,0,0,0,0,0,0
8272,867497.0,2,0,0,0,0,0,0,0,0
8273,323324.0,2,0,0,0,0,0,0,0,0
8274,462963.0,2,0,0,0,0,0,0,0,0
8275,740741.0,4,0,0,0,0,0,0,0,0
8276,250144.0,2,0,0,0,0,0,0,0,0
8277,295370.0,2,0,0,0,0,0,0,0,0
8278,745024.0,2,0,0,0,0,0,0,0,0
8279,3471005.0,4,2,0,0,0,0,0,0,0
8279,3476226.0,4,2,0,0,0,0,0,0,0
8280,3485785.0,2,1,0,0,0,0,0,0,0
8280,3490511.0,2,1,0,0,0,0,0,0,0
8281,3485785.0,2,1,0,0,0,0,0,0,0
8281,3490511.0,2,1,0,0,0,0,0,0,0
8282,993477.0,2,0,0,0,0,0,0,0,0
8283,2176565.0,2,1,0,0,0,0,0,0,0
8284,1305807.0,2,1,0,0,0,0,0,0,0
8285,13335654.0,2,1,0,0,0,0,0,0,0
8286,574270.0,2,1,0,0,0,0,0,0,0
8287,1936861.0,2,0,0,0,0,0,0,0,0
8288,3535830.0,2,1,0,0,0,0,0,0,0
8289,268519.0,2,0,0,0,0,0,0,0,0
8290,327778.0,2,0,0,0,0,0,0,0,0
8291,959012.0,2,1,0,0,0,0,0,0,0
8292,1837988.0,2,0,0,0,0,0,0,0,0
8293,937500.0,2,0,0,0,0,0,0,0,0
8294,1566857.0,2,1,0,0,0,0,0,0,0
8295,6059009.0,2,1,0,0,0,0,0,0,0
8296,4649096.0,2,1,0,0,0,0,0,0,0
8297,544444.0,2,0,0,0,0,0,0,0,0
8298,934971.0,2,0,0,0,0,0,0,0,0
8299,7311613.0,4,2,0,0,0,0,0,0,0
8300,7854013.0,2,1,0,0,0,0,0,0,0
8301,10343278.0,9,0,0,0,0,0,0,0,0
8302,462963.0,2,0,0,0,0,0,0,0,0
8303,509259.0,2,0,0,0,0,0,0,0,0
8304,648148.0,4,0,0,0,0,0,0,0,0
8305,1388889.0,2,0,0,0,0,0,0,0,0
8306,750000.0,2,0,0,0,0,0,0,0,0
8307,750000.0,2,0,0,0,0,0,0,0,0
8308,11092802.0,2,1,0,0,0,0,0,0,0
8309,1681643.0,2,1,0,0,0,0,0,0,0
8310,601852.0,2,0,0,0,0,0,0,0,0
8310,541667.0,1,0,0,0,0,0,0,0,0
8311,1091700.0,2,1,0,0,0,0,0,0,0
8312,1756076.0,2,1,0,0,0,0,0,0,0
8313,467969.0,2,0,0,0,0,0,0,0,0
8313,495496.0,2,0,0,0,0,0,0,0,0
8314,473141.0,2,1,0,0,0,0,0,0,0
8315,1203704.0,2,0,0,0,0,0,0,0,0
8316,675926.0,2,0,0,0,0,0,0,0,0
8317,833333.0,3,0,0,0,0,0,0,0,0
8318,925926.0,4,0,0,0,0,0,0,0,0
8319,1092364.0,2,0,0,0,0,0,0,0,0
8320,1205492.0,2,1,0,0,0,0,0,0,0
8321,1571449.0,4,1,0,0,0,0,0,0,0
8322,462477.0,3,0,0,0,0,0,0,0,0
8322,513864.0,2,0,0,0,0,0,0,0,0
8323,477159.0,2,0,0,0,0,0,0,0,0
8324,587273.0,2,0,0,0,0,0,0,0,0
8325,1650645.0,2,0,0,0,0,0,0,0,0
8325,1969019.0,2,0,0,0,0,0,0,0,0
8326,608062.0,2,1,0,0,0,0,0,0,0
8327,740741.0,2,0,0,0,0,0,0,0,0
8327,1388035.0,2,0,0,0,0,0,0,0,0
8328,6493280.0,2,1,0,0,0,0,0,0,0
8329,1738113.0,4,1,0,0,0,0,0,0,0
8330,1307632.0,2,1,0,0,0,0,0,0,0
8331,275710.0,2,1,0,0,0,0,0,0,0
8331,333074.0,2,1,0,0,0,0,0,0,0
8332,364705.0,2,1,0,0,0,0,0,0,0
8332,440586.0,2,1,0,0,0,0,0,0,0
8332,588916.0,2,0,0,0,0,0,0,0,0
8333,411418.0,2,0,0,0,0,0,0,0,0
8333,437488.0,2,0,0,0,0,0,0,0,0
8334,13249088.0,2,0,0,0,0,0,0,0,0
8335,13705665.0,2,0,0,0,0,0,0,0,0
8336,1245370.0,2,0,0,0,0,0,0,0,0
8337,2256481.0,4,0,0,0,0,0,0,0,0
8338,3424074.0,6,0,0,0,0,0,0,0,0
8339,382817.0,2,0,0,0,0,0,0,0,0
8340,1089388.0,2,1,0,0,0,0,0,0,0
8340,1524444.0,2,1,0,0,0,0,0,0,0
8341,1089388.0,2,0,0,0,0,0,0,0,0
8341,1524444.0,2,1,0,0,0,0,0,0,0
8342,2800986.0,6,1,0,0,0,0,0,0,0
8342,5081481.0,6,1,0,0,0,0,0,0,0
8343,342089.0,2,1,0,0,0,0,0,0,0
8343,375778.0,2,0,0,0,0,0,0,0,0
8344,446410.0,2,1,0,0,0,0,0,0,0
8344,501423.0,3,1,0,0,0,0,0,0,0
8345,755143.0,2,1,0,0,0,0,0,0,0
8346,950000.0,2,0,0,0,0,0,0,0,0
8347,3152553.0,2,0,0,0,0,0,0,0,0
8348,884292.0,2,1,0,0,0,0,0,0,0
8349,588208.0,2,0,0,0,0,0,0,0,0
8350,393519.0,2,0,0,0,0,0,0,0,0
8350,412037.0,2,0,0,0,0,0,0,0,0
8350,354167.0,1,1,0,0,0,0,0,0,0
8350,370833.0,1,1,0,0,0,0,0,0,0
8351,449074.0,2,0,0,0,0,0,0,0,0
8351,458333.0,2,0,0,0,0,0,0,0,0
8351,404167.0,1,1,0,0,0,0,0,0,0
8351,412500.0,1,1,0,0,0,0,0,0,0
8352,648148.0,3,0,0,0,0,0,0,0,0
8352,652778.0,3,0,0,0,0,0,0,0,0
8353,530983.0,2,0,0,0,0,0,0,0,0
8354,583341.0,2,0,0,0,0,0,0,0,0
8355,619800.0,2,0,0,0,0,0,0,0,0
8356,269760.0,2,1,0,0,0,0,0,0,0
8356,324245.0,2,0,0,0,0,0,0,0,0
8357,275768.0,2,1,0,0,0,0,0,0,0
8358,369444.0,2,1,0,0,0,0,0,0,0
8359,441222.0,2,0,0,0,0,0,0,0,0
8359,582407.0,4,1,0,0,0,0,0,0,0
8360,233411.0,2,1,0,0,0,0,0,0,0
8361,351717.0,4,1,0,0,0,0,0,0,0
8361,377760.0,2,0,0,0,0,0,0,0,0
8362,525000.0,3,1,0,0,0,0,0,0,0
8363,2176521.0,2,1,0,0,0,0,0,0,0
8364,6832272.0,2,0,0,0,0,0,0,0,0
8364,8041775.0,2,0,0,0,0,0,0,0,0
8364,8262245.0,2,0,0,0,0,0,0,0,0
8364,8813588.0,2,0,0,0,0,0,0,0,0
8365,6832272.0,2,0,0,0,0,0,0,0,0
8365,8041775.0,2,0,0,0,0,0,0,0,0
8365,8262245.0,2,0,0,0,0,0,0,0,0
8365,8813588.0,2,0,0,0,0,0,0,0,0
8366,8155000.0,2,0,0,0,0,0,0,0,0
8366,8837242.0,2,0,0,0,0,0,0,0,0
8366,8850886.0,2,0,0,0,0,0,0,0,0
8367,1472920.0,2,0,0,0,0,0,0,0,0
8367,1540027.0,2,1,0,0,0,0,0,0,0
8367,1693576.0,1,1,0,0,0,0,0,0,0
8368,1472920.0,2,0,0,0,0,0,0,0,0
8369,342723.0,2,1,0,0,0,0,0,0,0
8369,873010.0,2,1,0,0,0,0,0,0,0
8370,1013738.0,2,0,0,0,0,0,0,0,0
8371,1403151.0,2,0,0,0,0,0,0,0,0
8371,1441298.0,2,0,0,0,0,0,0,0,0
8372,473186.0,2,0,0,0,0,0,0,0,0
8373,542830.0,2,0,0,0,0,0,0,0,0
8373,1055556.0,2,0,0,0,0,0,0,0,0
8374,639537.0,2,0,0,0,0,0,0,0,0
8374,1194444.0,2,0,0,0,0,0,0,0,0
8375,746127.0,2,0,0,0,0,0,0,0,0
8375,1333333.0,2,0,0,0,0,0,0,0,0
8376,799421.0,2,0,0,0,0,0,0,0,0
8376,891855.0,2,0,0,0,0,0,0,0,0
8377,975298.0,2,0,0,0,0,0,0,0,0
8377,1638889.0,2,0,0,0,0,0,0,0,0
8378,1086332.0,4,0,0,0,0,0,0,0,0
8378,1777778.0,4,0,0,0,0,0,0,0,0
8379,748170.0,2,1,0,0,0,0,0,0,0
8380,900819.0,3,1,0,0,0,0,0,0,0
8381,822537.0,2,0,0,0,0,0,0,0,0
8381,894988.0,2,0,0,0,0,0,0,0,0
8381,1036155.0,2,0,0,0,0,0,0,0,0
8382,933016.0,2,0,0,0,0,0,0,0,0
8382,1036996.0,2,0,0,0,0,0,0,0,0
8383,845909.0,2,0,0,0,0,0,0,0,0
8383,873016.0,2,1,0,0,0,0,0,0,0
8383,970139.0,2,0,0,0,0,0,0,0,0
8384,1186562.0,2,1,0,0,0,0,0,0,0
8384,1437547.0,2,0,0,0,0,0,0,0,0
8385,1279154.0,2,0,0,0,0,0,0,0,0
8385,2173473.0,2,0,0,0,0,0,0,0,0
8386,1301023.0,2,0,0,0,0,0,0,0,0
8386,1301323.0,2,1,0,0,0,0,0,0,0
8386,1309643.0,2,1,0,0,0,0,0,0,0
8387,1354881.0,2,1,0,0,0,0,0,0,0
8387,1387095.0,2,0,0,0,0,0,0,0,0
8388,1735115.0,2,1,0,0,0,0,0,0,0
8388,1775595.0,2,1,0,0,0,0,0,0,0
8388,1847254.0,2,0,0,0,0,0,0,0,0
8389,1503787.0,2,1,0,0,0,0,0,0,0
8389,1527758.0,2,0,0,0,0,0,0,0,0
8390,1528620.0,2,0,0,0,0,0,0,0,0
8390,1623981.0,2,0,0,0,0,0,0,0,0
8391,1813210.0,3,1,0,0,0,0,0,0,0
8391,1856544.0,2,0,0,0,0,0,0,0,0
8391,1880840.0,2,0,0,0,0,0,0,0,0
8392,1215165.0,2,0,0,0,0,0,0,0,0
8392,1248032.0,2,0,0,0,0,0,0,0,0
8392,1251052.0,2,0,0,0,0,0,0,0,0
8392,1416667.0,2,0,0,0,0,0,0,0,0
8393,3026403.0,2,0,0,0,0,0,0,0,0
8393,3849050.0,2,0,0,0,0,0,0,0,0
8393,4555791.0,2,0,0,0,0,0,0,0,0
8394,3046421.0,2,0,0,0,0,0,0,0,0
8394,4089616.0,2,0,0,0,0,0,0,0,0
8394,4915458.0,2,0,0,0,0,0,0,0,0
8395,3046421.0,2,0,0,0,0,0,0,0,0
8395,4089616.0,2,0,0,0,0,0,0,0,0
8395,4915458.0,2,0,0,0,0,0,0,0,0
8396,191757.0,2,1,0,0,0,0,0,0,0
8397,203495.0,2,1,0,0,0,0,0,0,0
8398,426068.0,2,1,0,0,0,0,0,0,0
8399,393519.0,2,0,0,0,0,0,0,0,0
8400,602083.0,1,0,0,0,0,0,0,0,0
8401,4716933.0,2,1,0,0,0,0,0,0,0
8402,4864503.0,2,1,0,0,0,0,0,0,0
8403,4883098.0,2,1,0,0,0,0,0,0,0
8403,6200278.0,2,1,0,0,0,0,0,0,0
8404,5030753.0,2,0,0,0,0,0,0,0,0
8404,5709167.0,2,1,0,0,0,0,0,0,0
8405,5414921.0,2,1,0,0,0,0,0,0,0
8406,8654203.0,2,1,0,0,0,0,0,0,0
8406,10988611.0,2,1,0,0,0,0,0,0,0
8407,14577759.0,4,0,0,0,0,0,0,0,0
8407,15478812.0,4,0,0,0,0,0,0,0,0
8408,15155977.0,6,0,0,0,0,0,0,0,0
8408,16521830.0,6,0,0,0,0,0,0,0,0
8409,7800000.0,2,0,0,0,0,0,0,0,0
8409,8800000.0,2,0,0,0,0,0,0,0,0
8410,8100000.0,2,0,0,0,0,0,0,0,0
8410,9100000.0,2,0,0,0,0,0,0,0,0
8411,8300000.0,2,0,0,0,0,0,0,0,0
8411,9300000.0,2,0,0,0,0,0,0,0,0
8412,9950000.0,2,0,0,0,0,0,0,0,0
8412,11750000.0,3,0,0,0,0,0,0,0,0
8413,10300000.0,2,0,0,0,0,0,0,0,0
8413,12100000.0,3,0,0,0,0,0,0,0,0
8414,10800000.0,2,0,0,0,0,0,0,0,0
8415,220000000.0,2,0,0,0,0,0,0,0,0
8416,394885.0,2,0,0,0,0,0,0,0,0
8416,524779.0,2,0,0,0,0,0,0,0,0
8417,1444532.0,2,0,0,0,0,0,0,0,0
8418,1990539.0,2,1,0,0,0,0,0,0,0
8419,621600.0,2,1,0,0,0,0,0,0,0
8419,900000.0,2,0,0,0,0,0,0,0,0
8420,766060.0,2,1,0,0,0,0,0,0,0
8420,1177500.0,2,0,0,0,0,0,0,0,0
8421,979485.0,3,1,0,0,0,0,0,0,0
8421,1425000.0,3,0,0,0,0,0,0,0,0
8422,1266163.0,2,1,0,0,0,0,0,0,0
8422,1912500.0,2,1,0,0,0,0,0,0,0
8423,448483.0,1,1,0,0,0,0,0,0,0
8423,690000.0,1,1,0,0,0,0,0,0,0
8424,2121281.0,4,0,0,0,0,0,0,0,0
8424,2314815.0,5,0,0,0,0,0,0,0,0
8425,520410.0,2,0,0,0,0,0,0,0,0
8425,525667.0,2,0,0,0,0,0,0,0,0
8426,989430.0,2,1,0,0,0,0,0,0,0
8427,1598851.0,4,1,0,0,0,0,0,0,0
8427,1804714.0,2,0,0,0,0,0,0,0,0
8428,428652.0,2,0,0,0,0,0,0,0,0
8429,496889.0,2,0,0,0,0,0,0,0,0
8430,592634.0,2,0,0,0,0,0,0,0,0
8431,677296.0,2,0,0,0,0,0,0,0,0
8432,2680608.0,2,0,0,0,0,0,0,0,0
8432,2681981.0,2,0,0,0,0,0,0,0,0
8432,4344444.0,2,1,0,0,0,0,0,0,0
8433,3609405.0,2,0,0,0,0,0,0,0,0
8433,3650064.0,2,0,0,0,0,0,0,0,0
8433,5162963.0,2,0,0,0,0,0,0,0,0
8434,3587177.0,2,0,0,0,0,0,0,0,0
8434,3719577.0,2,1,0,0,0,0,0,0,0
8434,3764845.0,2,0,0,0,0,0,0,0,0
8434,3915344.0,2,1,0,0,0,0,0,0,0
8435,1138339.0,2,0,0,0,0,0,0,0,0
8435,1308423.0,2,0,0,0,0,0,0,0,0
8436,1222826.0,2,0,0,0,0,0,0,0,0
8436,1431051.0,2,0,0,0,0,0,0,0,0
8437,156112.0,1,0,0,0,0,0,0,0,0
8438,884163.0,2,1,0,0,0,0,0,0,0
8438,900779.0,2,0,0,0,0,0,0,0,0
8438,1111111.0,2,0,0,0,0,0,0,0,0
8439,1033134.0,3,1,0,0,0,0,0,0,0
8439,1245605.0,2,0,0,0,0,0,0,0,0
8439,1246032.0,3,0,0,0,0,0,0,0,0
8440,333723.0,2,0,0,0,0,0,0,0,0
8441,341296.0,2,0,0,0,0,0,0,0,0
8442,392751.0,2,1,0,0,0,0,0,0,0
8442,509259.0,2,0,0,0,0,0,0,0,0
8442,987963.0,3,0,0,0,0,0,0,0,0
8443,398396.0,2,1,0,0,0,0,0,0,0
8444,594107.0,3,1,0,0,0,0,0,0,0
8445,725694.0,2,0,0,0,0,0,0,0,0
8445,763889.0,3,0,0,0,0,0,0,0,0
8445,687500.0,1,0,0,0,0,0,0,0,0
8446,795661.0,4,1,0,0,0,0,0,0,0
8447,1256614.0,2,0,1,0,1,0,0,0,0
8447,1256614.0,2,0,0,0,0,1,0,0,0
8447,1521164.0,2,0,1,0,1,0,0,0,1
8448,1773929.0,2,0,1,0,1,0,0,0,1
8448,2949978.0,2,0,1,0,1,0,0,0,1
8448,2969577.0,2,0,0,0,0,1,0,0,1
8449,2023593.0,2,0,1,0,1,0,0,0,1
8449,3199642.0,2,0,1,0,1,0,0,0,1
8450,2161565.0,2,0,1,0,1,0,0,0,1
8450,3337614.0,2,0,1,0,1,0,0,0,1
8450,3359788.0,2,0,0,0,0,1,0,0,1
8451,3220899.0,2,0,0,0,0,1,0,0,1
8452,3613558.0,2,0,1,0,1,0,0,0,1
8452,5965656.0,2,0,1,0,1,0,0,0,1
8452,6005291.0,4,0,0,0,0,1,0,0,1
8453,3876362.0,2,0,1,0,1,0,0,0,1
8453,6228460.0,2,0,1,0,1,0,0,0,1
8454,4336270.0,2,0,1,0,1,0,0,0,1
8454,5512319.0,2,0,1,0,1,0,0,0,1
8455,4993280.0,2,0,1,0,1,0,0,0,1
8455,6210317.0,2,0,0,0,0,1,0,0,1
8456,5387487.0,2,0,1,0,1,0,0,0,1
8456,7739585.0,2,0,1,0,1,0,0,0,1
8456,7791005.0,4,0,0,0,0,1,0,0,1
8457,5648148.0,2,0,0,0,0,1,0,0,1
8458,7030013.0,2,0,1,0,1,0,0,0,1
8458,10558160.0,2,0,1,0,1,0,0,0,1
8458,10628307.0,6,0,0,0,0,1,0,0,1
8459,8008959.0,2,0,1,0,1,0,0,0,1
8459,11537106.0,2,0,1,0,1,0,0,0,1
8459,11613757.0,6,0,0,0,0,1,0,0,1
8460,443867.0,2,1,1,0,1,0,1,0,1
8460,478498.0,2,0,1,0,1,1,0,0,1
8460,554674.0,2,1,1,0,1,0,1,0,1
8461,535214.0,2,1,1,0,1,0,1,0,1
8461,652557.0,2,1,1,0,1,0,1,0,1
8462,642257.0,2,1,1,0,1,0,1,0,1
8462,783069.0,2,1,1,0,1,0,1,0,1
8463,733105.0,3,1,1,0,1,0,1,0,1
8463,848325.0,3,1,1,0,1,0,1,0,1
8464,947965.0,4,2,1,0,1,0,1,0,1
8464,1076720.0,4,2,1,0,1,0,1,0,1
8464,1454849.0,2,0,1,0,1,0,1,0,1
8465,458813.0,2,0,0,0,1,0,1,0,0
8465,537037.0,2,0,0,0,1,0,1,0,0
8466,487070.0,2,0,0,0,1,0,1,0,0
8466,644444.0,2,0,0,0,1,0,1,0,0
8467,568380.0,2,0,0,0,1,0,1,0,0
8467,751852.0,2,0,0,0,1,0,1,0,0
8468,592367.0,2,0,0,0,1,0,0,0,0
8468,599251.0,2,0,0,0,1,0,1,0,0
8468,751852.0,2,0,0,0,1,0,1,0,0
8469,623189.0,2,0,0,0,1,0,1,0,0
8469,859259.0,3,0,0,0,1,0,1,0,0
8470,912963.0,4,0,0,0,1,0,1,0,0
8471,307971.0,2,1,1,0,1,0,0,0,0
8471,401852.0,2,1,1,0,1,0,1,0,0
8472,355759.0,2,1,1,0,1,0,0,0,0
8472,441389.0,2,0,1,0,1,0,1,0,0
8473,371065.0,2,0,1,0,1,0,1,0,0
8473,352512.0,1,1,1,0,1,0,1,0,0
8474,414008.0,2,1,1,0,1,0,0,0,0
8475,432292.0,2,1,1,0,1,0,0,0,0
8475,536343.0,2,1,1,0,1,0,1,0,0
8475,509526.0,1,1,1,0,1,0,1,0,0
8476,616887.0,4,1,1,0,1,0,0,0,0
8476,742130.0,4,1,1,0,1,0,1,0,0
8477,668307.0,4,1,1,0,1,0,0,0,0
8477,747444.0,2,1,1,0,1,0,1,0,0
8478,858317.0,2,1,1,1,1,0,0,0,0
8478,956790.0,2,1,1,1,1,0,0,0,0
8478,1235572.0,2,1,1,1,1,0,0,0,0
8479,858317.0,2,1,1,1,1,0,0,0,0
8479,956790.0,2,1,1,1,1,0,0,0,0
8479,1235572.0,2,1,1,1,1,0,0,0,0
8480,1235572.0,2,1,1,1,1,0,0,0,1
8480,1284832.0,2,1,1,1,1,0,0,0,1
8481,1235572.0,2,1,1,1,1,0,0,0,1
8481,1284832.0,2,1,1,1,1,0,0,0,1
8482,1711111.0,2,1,1,1,1,1,0,0,0
8483,1711111.0,2,1,1,1,1,1,0,0,0
8484,1711111.0,2,1,1,1,1,1,0,0,0
8485,1761787.0,2,1,1,1,1,0,0,0,0
8485,1831570.0,2,1,1,1,1,0,0,0,0
8486,1761787.0,2,1,1,1,1,0,0,0,0
8486,1831570.0,2,1,1,1,1,0,0,0,0
8487,2529218.0,4,0,1,1,1,0,0,0,0
8487,2569665.0,4,0,1,1,1,0,0,0,0
8488,2761009.0,2,0,1,1,1,0,0,0,0
8488,2870370.0,2,0,1,1,1,0,0,0,0
8489,15771029.0,4,1,1,1,1,0,0,0,0
8489,16402116.0,4,1,1,1,1,0,0,0,0
8490,18666667.0,4,1,1,1,1,1,0,0,0
8491,1950889.0,2,0,0,0,0,1,0,0,0
8491,2226632.0,2,0,0,0,0,1,0,0,0
8491,2438612.0,2,0,0,0,0,0,1,0,0
8491,2587856.0,3,0,0,0,0,1,0,0,0
8491,2783290.0,2,0,0,0,0,0,1,0,0
8492,2600179.0,3,0,0,1,1,0,0,1,0
8492,2877235.0,3,0,0,1,1,0,0,1,0
8492,3250224.0,3,0,0,1,1,0,1,1,0
8492,3596544.0,3,0,0,1,1,0,1,1,0
8493,2725892.0,2,0,0,0,0,1,0,0,0
8493,2738872.0,2,0,0,1,1,0,0,1,0
8493,2738872.0,2,0,0,1,0,0,0,1,0
8493,3407365.0,2,0,0,0,0,0,1,0,0
8493,3423591.0,2,0,0,1,1,0,1,1,0
8494,2729746.0,2,0,0,0,0,1,0,0,0
8494,2742745.0,2,0,0,1,1,0,0,1,0
8494,3366713.0,3,0,0,0,0,1,0,0,0
8494,3412183.0,2,0,0,0,0,0,1,0,0
8494,3428431.0,2,0,0,1,1,0,1,1,0
8495,2813762.0,2,0,0,1,1,0,1,1,0
8495,3246662.0,2,0,0,1,1,0,1,1,0
8496,3305934.0,2,0,0,0,0,1,0,0,0
8496,3321676.0,2,0,0,1,0,0,0,1,0
8496,4132417.0,2,0,0,0,0,0,1,0,0
8496,4152095.0,2,0,0,1,1,0,1,1,0
8497,4434177.0,2,0,0,0,0,1,0,0,0
8497,4778856.0,2,0,0,0,0,1,0,0,0
8497,5071144.0,3,0,0,0,0,1,0,0,0
8497,5542722.0,2,0,0,0,0,0,1,0,0
8497,5973571.0,2,0,0,0,0,0,1,0,0
8498,5072311.0,4,0,0,0,0,1,0,0,0
8498,5072312.0,4,0,0,0,0,1,0,0,0
8498,5096465.0,4,0,0,1,1,0,0,1,0
8498,6340390.0,4,0,0,0,0,0,1,0,0
8498,6370582.0,4,0,0,1,1,0,1,1,0
8499,5116208.0,2,0,0,1,0,0,0,1,0
8499,5116208.0,2,0,0,1,1,0,0,1,0
8499,6395261.0,2,0,0,1,1,0,1,1,0
8500,5364945.0,4,0,0,0,0,1,0,0,0
8500,6706182.0,4,0,0,0,0,0,1,0,0
8501,6376465.0,6,0,0,1,1,0,0,1,0
8501,7970582.0,6,0,0,1,1,0,1,1,0
8501,7970582.0,6,0,0,1,1,0,1,1,0
8502,7095862.0,4,0,0,0,0,1,0,0,0
8502,7129652.0,4,0,0,1,1,0,0,1,0
8502,8869828.0,4,0,0,0,0,0,1,0,0
8502,8912065.0,4,0,0,1,1,0,1,1,0
8503,41293746.0,4,0,0,0,0,1,0,0,0
8503,51617184.0,4,0,0,0,0,0,1,0,0
8504,237034.0,2,0,1,0,1,0,1,0,0
8505,327591.0,3,0,1,0,1,0,1,0,0
8506,382196.0,2,0,1,0,1,0,1,0,0
8507,423941.0,4,0,1,0,1,0,1,0,0
8508,319513.0,2,0,1,0,1,0,1,0,0
8508,352734.0,2,0,1,0,1,0,1,0,0
8508,450000.0,2,0,1,0,1,0,1,0,0
8509,376415.0,2,0,1,0,1,0,1,0,0
8509,395062.0,2,0,1,0,1,0,1,0,0
8509,504000.0,2,0,1,0,1,0,1,0,0
8510,376415.0,2,0,1,0,1,0,1,0,0
8510,395062.0,2,0,1,0,1,0,1,0,0
8511,426915.0,2,0,1,0,1,1,0,0,0
8511,447178.0,2,0,1,0,1,0,1,0,0
8511,504000.0,2,0,1,0,1,0,1,0,0
8512,1211085.0,2,1,1,1,1,0,0,0,0
8512,1448959.0,2,1,1,1,1,1,0,0,0
8513,1211085.0,2,1,1,1,1,0,0,0,0
8513,1448959.0,2,1,1,1,1,1,0,0,0
8514,1466403.0,2,1,1,1,1,0,0,0,0
8514,1754004.0,2,1,1,1,1,1,0,0,0
8515,1848943.0,2,1,1,1,1,0,0,0,0
8515,2211570.0,2,1,1,1,1,1,0,0,0
8516,2486510.0,2,1,1,1,1,0,0,0,0
8516,2974180.0,2,1,1,1,1,1,0,0,0
8517,6473090.0,2,1,1,1,1,0,0,0,0
8517,7931146.0,2,1,1,1,1,1,0,0,0
8518,230556.0,2,0,1,0,1,0,1,0,0
8518,266820.0,2,0,1,0,1,0,1,0,0
8519,323148.0,4,0,1,0,1,0,1,0,0
8520,323148.0,2,1,1,0,1,0,1,0,0
8520,379166.0,2,1,1,0,1,0,1,0,0
8521,397222.0,4,0,1,0,1,0,1,0,0
8522,407252.0,2,0,1,0,1,0,1,0,0
8523,407252.0,2,0,1,0,1,0,1,0,0
8524,229779.0,3,0,1,0,1,0,0,0,0
8525,238971.0,3,0,1,0,1,0,0,0,0
8526,238971.0,3,0,1,0,1,0,0,0,0
8527,257353.0,6,0,1,0,1,0,0,0,0
8528,275735.0,4,2,1,0,1,0,0,0,0
8529,275735.0,6,0,1,0,1,0,0,0,0
8530,344327.0,2,2,1,0,1,0,1,0,0
8531,390870.0,3,2,1,0,1,0,1,0,0
8532,493317.0,6,2,1,0,1,0,1,0,0
8533,545370.0,2,0,0,0,1,1,0,0,0
8534,666667.0,3,0,0,0,1,1,0,0,0
8535,787037.0,3,0,0,0,1,1,0,0,0
8536,787037.0,4,0,0,0,1,1,0,0,0
8537,198416.0,2,1,1,0,1,0,1,0,0
8537,395062.0,2,1,1,0,1,0,1,0,0
8538,198416.0,2,1,1,0,1,0,1,0,0
8538,395062.0,2,1,1,0,1,0,1,0,0
8539,198416.0,2,1,1,0,1,0,1,0,0
8539,395062.0,2,1,1,0,1,0,1,0,0
8540,240316.0,3,1,1,0,1,0,1,0,0
8540,451499.0,3,1,1,0,1,0,1,0,0
8541,240316.0,3,1,1,0,1,0,1,0,0
8541,451499.0,3,1,1,0,1,0,1,0,0
8542,287990.0,4,1,1,0,1,0,1,0,0
8542,536155.0,4,1,1,0,1,0,1,0,0
8543,317866.0,2,2,1,0,1,0,1,0,0
8543,360229.0,2,2,1,0,1,0,1,0,0
8543,551100.0,2,0,1,0,1,1,0,0,1
8544,328296.0,2,1,1,0,1,0,1,0,0
8544,416667.0,2,0,1,0,1,1,0,0,0
8544,375000.0,1,1,1,0,1,1,0,0,0
8545,387976.0,2,1,1,0,1,0,1,0,0
8545,462963.0,2,0,1,0,1,1,0,0,0
8545,416667.0,1,1,1,0,1,1,0,0,0
8546,608568.0,4,1,1,0,1,0,1,0,0
8546,625000.0,2,1,1,0,1,1,0,0,0
8547,401514.0,2,0,1,0,1,0,0,0,0
8548,511098.0,2,0,1,0,1,0,0,0,0
8549,898597.0,4,0,1,0,1,0,0,0,0
8550,351103.0,2,0,1,0,1,0,0,0,0
8550,412037.0,2,0,1,0,0,1,0,0,1
8551,683333.0,3,0,1,0,0,1,0,0,1
8551,711968.0,4,0,1,0,1,0,0,0,0
8552,323717.0,2,1,1,0,1,0,1,0,0
8553,348816.0,2,2,1,0,1,0,1,0,0
8553,359623.0,2,0,1,0,1,0,1,0,0
8554,357792.0,2,1,1,0,1,0,1,0,0
8554,385533.0,2,1,1,0,1,0,1,0,0
8555,357792.0,2,1,1,0,1,0,1,0,0
8556,367990.0,4,1,1,0,1,0,1,0,0
8556,372190.0,2,0,1,0,1,0,1,0,0
8556,385533.0,4,1,1,0,1,0,1,0,0
8557,372190.0,2,0,1,0,1,0,1,0,0
8557,385533.0,2,1,1,0,1,0,1,0,0
8558,455607.0,3,1,1,0,1,0,1,0,0
8559,462038.0,2,0,1,0,1,0,1,0,0
8559,477327.0,3,2,1,0,1,0,1,0,0
8560,525877.0,4,1,1,0,1,0,1,0,0
8560,532640.0,2,0,1,0,1,0,1,0,0
8560,550762.0,4,1,1,0,1,0,1,0,0
8561,1194556.0,2,1,1,1,1,0,0,0,0
8561,2113426.0,2,1,1,1,1,0,1,0,0
8562,1194556.0,2,1,1,1,1,0,0,0,0
8562,2113426.0,2,1,1,1,1,0,1,0,0
8563,1514417.0,2,1,1,1,1,0,0,0,0
8563,2536111.0,2,1,1,1,1,0,1,0,0
8564,1514417.0,2,1,1,1,1,0,0,0,0
8564,2536111.0,2,1,1,1,1,0,1,0,0
8565,1703719.0,2,1,1,1,1,0,0,0,0
8565,2853125.0,2,1,1,1,1,0,1,0,0
8566,1703719.0,2,1,1,1,1,0,0,0,0
8566,2853125.0,2,1,1,1,1,0,1,0,0
8567,1893021.0,2,1,1,1,1,0,0,0,0
8567,3170139.0,2,1,1,1,1,0,1,0,0
8568,1893021.0,2,1,1,1,1,0,0,0,0
8568,3170139.0,2,1,1,1,1,0,1,0,0
8569,277778.0,2,0,1,0,1,0,1,0,0
8569,250000.0,1,0,1,0,1,0,1,0,0
8570,337639.0,2,0,1,0,1,0,1,0,0
8570,357500.0,3,0,1,0,1,0,1,0,0
8570,317778.0,1,0,1,0,1,0,1,0,0
8571,392731.0,2,0,1,0,1,0,1,0,0
8571,415833.0,3,0,1,0,1,0,1,0,0
8571,369630.0,1,0,1,0,1,0,1,0,0
8572,859307.0,2,0,1,0,1,1,0,0,0
8572,894115.0,2,1,1,0,1,0,1,0,0
8572,896283.0,2,1,1,0,1,0,1,0,0
8572,1221243.0,2,1,1,0,1,0,1,0,0
8573,859307.0,2,0,1,0,1,1,0,0,0
8573,894115.0,2,1,1,0,1,0,1,0,0
8573,896283.0,2,1,1,0,1,0,1,0,0
8573,1221243.0,2,1,1,0,1,0,1,0,0
8573,3229310.0,2,1,1,0,1,0,1,0,0
8574,937547.0,2,0,1,0,1,1,0,0,0
8574,974061.0,2,1,1,0,1,0,1,0,0
8574,976231.0,2,1,1,0,1,0,1,0,0
8574,1329366.0,2,1,1,0,1,0,1,0,0
8575,937547.0,2,0,1,0,1,1,0,0,0
8575,974061.0,2,1,1,0,1,0,1,0,0
8575,976231.0,2,1,1,0,1,0,1,0,0
8575,1329366.0,2,1,1,0,1,0,1,0,0
8576,999520.0,2,0,1,0,1,1,0,0,0
8577,1521966.0,2,0,1,0,1,1,0,0,0
8577,3172200.0,3,0,1,0,1,0,1,0,0
8577,3174374.0,3,0,1,0,1,0,1,0,0
8578,440917.0,2,0,1,0,1,0,1,0,0
8579,485009.0,2,0,1,0,1,0,1,0,0
8579,510120.0,2,0,1,0,1,0,1,0,0
8579,529101.0,3,0,1,0,1,0,1,0,0
8580,573192.0,4,0,1,0,1,0,1,0,0
8581,391204.0,2,0,1,0,1,0,1,0,0
8581,489005.0,2,0,1,0,1,0,1,0,1
8582,541667.0,2,0,1,0,1,0,1,0,0
8582,677083.0,2,0,1,0,1,0,1,0,1
8583,601852.0,4,0,1,0,1,0,1,0,0
8583,752315.0,4,0,1,0,1,0,1,0,1
8584,722222.0,4,0,1,0,1,0,1,0,0
8584,902778.0,4,0,1,0,1,0,1,0,1
8585,328704.0,2,0,1,0,1,0,1,0,0
8586,393519.0,2,0,1,0,1,0,1,0,0
8587,484647.0,2,1,1,0,1,1,0,1,0
8587,627000.0,2,1,1,0,1,1,0,0,0
8588,570924.0,2,1,1,0,1,1,0,1,0
8588,693000.0,2,1,1,0,1,1,0,0,0
8589,280881.0,2,0,1,0,1,0,1,0,0
8590,324074.0,2,0,1,0,0,1,0,0,0
8591,361111.0,2,0,1,0,0,1,0,0,0
8592,365634.0,2,0,1,0,1,0,1,0,0
8593,482640.0,4,0,1,0,0,0,1,0,0
8594,256993.0,2,1,0,0,1,0,1,0,0
8595,256993.0,2,1,0,0,1,0,1,0,0
8596,304032.0,2,1,0,0,1,0,1,0,0
8597,465124.0,4,0,0,0,1,0,1,0,0
8598,1666667.0,5,0,0,0,1,0,1,0,0
8599,416667.0,2,0,0,0,1,1,0,0,0
8599,431209.0,2,0,0,0,1,1,0,0,0
8600,537037.0,2,0,0,0,1,1,0,0,0
8601,601852.0,3,0,0,0,1,1,0,0,0
8602,694444.0,4,0,0,0,1,1,0,0,0
8603,375000.0,2,0,0,0,0,1,0,0,0
8603,416667.0,2,0,0,0,0,1,0,0,1
8603,437500.0,3,0,0,0,0,1,0,0,0
8604,375000.0,2,0,0,0,0,1,0,0,0
8604,416667.0,2,0,0,0,0,1,0,0,1
8604,437500.0,3,0,0,0,0,1,0,0,0
8605,375313.0,2,0,0,0,0,1,0,0,0
8605,666667.0,2,0,0,0,0,1,0,0,1
8606,406250.0,2,0,0,0,0,1,0,0,0
8606,458333.0,2,0,0,0,0,1,0,0,1
8606,468750.0,3,0,0,0,0,1,0,0,0
8607,425313.0,2,0,0,0,0,1,0,0,0
8607,487813.0,3,0,0,0,0,1,0,0,0
8607,625000.0,2,0,0,0,0,1,0,0,1
8608,110000.0,1,0,0,0,0,1,0,0,0
8608,155000.0,1,0,0,0,0,1,0,0,1
8608,161660.0,1,0,0,0,0,0,0,0,0
8609,805000.0,2,1,1,0,1,0,0,0,0
8609,1157407.0,2,0,1,0,1,1,0,0,0
8609,1041667.0,1,1,1,0,1,1,0,0,0
8610,1050110.0,2,1,1,0,1,0,0,0,0
8610,1416667.0,2,0,1,0,1,1,0,0,0
8610,1275000.0,1,1,1,0,1,1,0,0,0
8611,250000.0,2,0,1,0,1,0,1,0,0
8611,225000.0,1,0,1,0,1,0,1,0,0
8612,354167.0,2,0,1,0,1,0,1,0,0
8612,375000.0,3,0,1,0,1,0,1,0,0
8612,333333.0,1,0,1,0,1,0,1,0,0
8613,555556.0,3,0,1,0,1,0,1,0,0
8614,259259.0,1,0,1,0,1,0,1,0,0
8615,379630.0,1,0,1,0,1,0,1,0,0
8616,513797.0,2,1,1,0,1,0,1,0,1
8616,537478.0,2,1,1,0,1,0,1,0,1
8617,513797.0,2,1,1,0,1,0,1,0,1
8617,534392.0,2,0,1,0,1,1,0,0,1
8617,537478.0,2,1,1,0,1,0,1,0,1
8618,534392.0,2,0,1,0,1,1,0,0,1
8619,820106.0,3,0,1,0,1,1,0,0,1
8619,829214.0,3,1,1,0,1,0,1,0,1
8619,841270.0,3,1,1,0,1,0,1,0,1
8620,968254.0,4,0,1,0,1,1,0,0,1
8620,979059.0,4,0,1,0,1,0,1,0,1
8620,992698.0,4,0,1,0,1,0,1,0,1
8621,968254.0,2,0,1,0,1,1,0,0,1
8621,1035067.0,2,1,1,0,1,0,1,0,1
8621,1051587.0,2,1,1,0,1,0,1,0,1
8622,416667.0,2,0,1,0,1,0,1,0,0
8623,462963.0,2,0,1,0,1,0,1,0,0
8624,462963.0,2,0,1,0,1,0,1,0,0
8625,1470793.0,2,0,1,0,1,1,0,0,0
8625,1840470.0,2,0,1,0,1,1,0,0,0
8625,2066348.0,3,0,1,0,1,1,0,0,0
8626,2131584.0,2,0,1,0,1,1,0,0,0
8626,2727139.0,3,0,1,0,1,1,0,0,0
8627,2131584.0,2,0,1,0,1,1,0,0,0
8627,2727139.0,3,0,1,0,1,1,0,0,0
8628,2822306.0,2,0,1,0,1,1,0,0,0
8628,3265387.0,2,0,1,0,1,1,0,0,0
8628,3417862.0,3,0,1,0,1,1,0,0,0
8629,4478554.0,4,0,1,0,1,1,0,0,0
8630,5123240.0,2,0,1,0,1,1,0,0,0
8630,5718795.0,3,0,1,0,1,1,0,0,0
8631,5386240.0,2,0,1,0,1,1,0,0,0
8631,5981795.0,3,0,1,0,1,1,0,0,0
8632,5586120.0,2,0,1,0,1,1,0,0,0
8632,6181675.0,3,0,1,0,1,1,0,0,0
8633,5993686.0,4,0,1,0,1,1,0,0,0
8634,8784200.0,2,0,1,0,1,1,0,0,0
8634,9379756.0,3,0,1,0,1,1,0,0,0
8635,13480223.0,4,0,1,0,1,1,0,0,0
8636,17981058.0,8,0,1,0,1,1,0,0,0
8637,207155.0,8,0,1,0,1,0,1,0,0
8638,567361.0,2,0,1,0,1,1,0,0,0
8638,538994.0,1,0,1,0,1,1,0,0,0
8639,655324.0,2,0,1,0,1,1,0,0,0
8639,622558.0,1,0,1,0,1,1,0,0,0
8640,771523.0,2,0,1,0,1,1,0,0,0
8640,779396.0,3,0,1,0,1,1,0,0,0
8640,763651.0,1,0,1,0,1,1,0,0,0
8641,922091.0,2,0,1,0,1,0,1,0,0
8642,945602.0,2,0,1,0,1,1,0,0,0
8642,898322.0,1,0,1,0,1,1,0,0,0
8643,1425760.0,4,0,1,0,1,0,1,0,0
8644,1501566.0,2,0,1,0,1,0,1,0,0
8645,127546.0,1,0,1,0,1,1,0,0,0
8646,322986.0,2,0,1,0,1,0,1,0,0
8647,322986.0,2,1,1,0,1,0,1,0,0
8648,527685.0,4,2,1,0,1,0,1,0,0
8649,241653.0,2,0,1,0,1,0,1,0,0
8649,311250.0,2,0,1,0,0,1,0,0,0
8650,241653.0,2,0,1,0,1,0,1,0,0
8651,284385.0,3,0,1,0,1,0,1,0,0
8651,345937.0,2,0,1,0,0,1,0,0,0
8652,314923.0,3,0,1,0,1,0,1,0,0
8652,412500.0,3,0,1,0,0,1,0,0,0
8653,131218.0,1,0,1,0,0,0,1,0,0
8654,171875.0,1,0,1,0,0,1,0,0,0
8655,4143965.0,2,0,1,1,1,0,0,0,1
8655,4182534.0,2,1,1,1,1,1,0,0,1
8656,4143965.0,2,0,1,1,1,0,0,0,1
8656,4182534.0,2,1,1,1,1,1,0,0,1
8657,4407822.0,2,1,1,1,1,1,0,0,1
8658,4407822.0,2,1,1,1,1,1,0,0,1
8659,4858470.0,2,0,1,1,1,0,0,0,1
8660,4903690.0,2,1,1,1,1,1,0,0,1
8661,4903690.0,2,1,1,1,1,1,0,0,1
8662,5572976.0,2,0,1,1,1,0,0,0,1
8662,5624846.0,2,1,1,1,1,1,0,0,1
8663,5572976.0,2,0,1,1,1,0,0,0,1
8664,6287482.0,2,1,1,1,1,0,0,0,1
8664,6346002.0,2,1,1,1,1,1,0,0,1
8665,6287482.0,2,1,1,1,1,0,0,0,1
8665,6346002.0,2,1,1,1,1,1,0,0,1
8666,6598026.0,2,1,1,1,1,0,0,0,1
8667,6598026.0,2,1,1,1,1,0,0,0,1
8668,8193469.0,2,0,1,1,1,1,0,0,1
8669,8193469.0,2,0,1,1,1,1,0,0,1
8670,8258052.0,2,0,1,1,1,1,0,0,1
8671,9691860.0,2,1,1,1,1,1,0,0,1
8672,10564495.0,2,0,1,1,1,1,0,0,1
8673,11151159.0,2,0,1,1,1,1,0,0,1
8674,12373339.0,2,0,1,1,1,1,0,0,1
8675,13057703.0,2,0,1,1,1,1,0,0,1
8676,13789248.0,2,1,1,1,1,0,0,0,1
8676,14162346.0,2,1,1,1,1,1,0,0,1
8677,27528444.0,2,0,1,1,1,1,0,0,1
8678,440035.0,3,0,1,0,1,0,1,0,0
8679,589947.0,4,2,1,0,1,0,1,0,0
8680,231481.0,2,0,1,0,0,1,0,0,0
8680,256667.0,2,0,1,0,0,1,0,0,1
8681,231481.0,2,0,1,0,0,1,0,0,0
8681,256667.0,2,0,1,0,0,1,0,0,1
8682,250000.0,2,0,1,0,0,1,0,0,0
8682,275000.0,2,0,1,0,0,1,0,0,1
8683,250000.0,2,0,1,0,0,1,0,0,0
8683,275000.0,2,0,1,0,0,1,0,0,1
8684,342593.0,4,0,1,0,0,1,0,0,0
8684,370370.0,4,0,1,0,0,1,0,0,1
8685,291667.0,2,0,1,0,1,1,0,0,0
8685,370421.0,2,0,1,0,1,0,1,0,0
8685,366718.0,1,1,1,0,1,0,1,0,0
8686,314866.0,2,0,1,0,1,0,1,0,0
8686,312551.0,1,1,1,0,1,0,1,0,0
8687,463014.0,2,1,1,0,1,0,1,0,0
8687,458384.0,1,1,1,0,1,0,1,0,0
8688,578755.0,2,2,1,0,1,0,1,0,0
8688,572968.0,1,3,1,0,1,0,1,0,0
8689,620421.0,2,1,1,0,1,0,1,0,0
8689,614218.0,1,2,1,0,1,0,1,0,0
8690,818745.0,2,0,1,0,1,0,1,0,0
8690,912698.0,2,0,1,0,1,0,1,0,0
8691,949931.0,2,1,1,0,1,0,1,0,1
8691,992063.0,2,1,1,0,1,0,1,0,1
8692,1106661.0,2,1,1,0,1,0,1,0,1
8692,1150794.0,2,1,1,0,1,0,1,0,1
8693,1374114.0,2,1,1,0,1,0,1,0,1
8693,1428571.0,2,1,1,0,1,0,1,0,1
8694,1718549.0,3,1,1,0,1,0,1,0,1
8694,1746032.0,3,1,1,0,1,0,1,0,1
8695,383586.0,2,0,1,0,1,0,1,0,0
8695,391835.0,3,0,1,0,1,0,1,0,0
8696,504141.0,2,0,1,0,1,0,1,0,0
8696,514983.0,3,0,1,0,1,0,1,0,0
8697,563005.0,3,0,1,0,1,0,1,0,0
8697,860724.0,6,0,1,0,1,0,0,0,0
8698,642857.0,2,0,1,0,1,1,0,0,1
8698,650694.0,2,0,1,0,1,0,1,0,0
8698,661376.0,2,0,1,0,1,0,1,0,1
8699,798185.0,2,1,1,0,1,0,1,0,0
8699,799864.0,2,0,1,0,1,1,0,0,1
8699,811287.0,2,1,1,0,1,0,1,0,1
8700,996739.0,2,0,1,0,1,1,0,0,1
8700,998543.0,2,1,1,0,1,0,1,0,0
8700,1014109.0,2,1,1,0,1,0,1,0,1
8701,232589.0,2,1,1,0,1,0,1,0,0
8702,232589.0,2,1,1,0,1,0,1,0,0
8703,264108.0,2,1,1,0,1,0,1,0,0
8704,315101.0,3,2,1,0,1,0,1,0,0
8705,393876.0,4,2,1,0,1,0,1,0,0
8706,259259.0,2,0,1,0,1,0,1,0,0
8706,261750.0,2,0,1,0,1,0,0,0,0
8707,266667.0,2,0,1,0,1,0,1,0,0
8707,301410.0,2,0,1,0,1,0,0,0,0
8708,477878.0,4,0,1,0,1,0,0,0,0
8708,518519.0,4,0,1,0,1,0,1,0,0
8708,492593.0,1,0,1,0,1,0,1,0,0
8709,296296.0,2,0,0,0,1,1,0,0,0
8709,281481.0,1,0,0,0,1,1,0,0,0
8710,296296.0,2,0,0,0,1,1,0,0,0
8710,281481.0,1,0,0,0,1,1,0,0,0
8711,379996.0,2,0,1,0,1,0,0,0,0
8712,418349.0,2,0,1,0,1,0,0,0,0
8713,471576.0,4,0,1,0,1,0,0,0,0
8714,530303.0,2,0,1,0,1,0,1,0,0
8714,559764.0,3,0,1,0,1,0,1,0,0
8714,500842.0,1,0,1,0,1,0,1,0,0
8715,290278.0,2,0,1,0,1,1,0,0,0
8715,392200.0,2,1,1,0,1,0,1,0,0
8716,413989.0,2,1,1,0,1,0,1,0,0
8717,496177.0,3,0,1,0,1,0,1,0,0
8718,92593.0,1,0,1,0,1,0,1,0,0
8719,225000.0,2,0,1,0,1,1,0,0,0
8719,250000.0,3,0,1,0,1,1,0,0,0
8719,200000.0,1,0,1,0,1,1,0,0,0
8720,247917.0,3,0,1,0,1,1,0,0,0
8720,233333.0,1,0,1,0,1,1,0,0,0
8721,324074.0,2,0,1,0,1,0,1,0,0
8722,370370.0,2,0,1,0,1,0,1,0,0
8723,509259.0,4,0,1,0,1,0,1,0,0
8724,409125.0,2,1,1,0,1,0,0,0,0
8724,555556.0,2,0,0,0,0,0,1,0,0
8725,470204.0,2,0,1,0,1,0,1,0,0
8725,495238.0,2,0,1,0,1,0,1,0,0
8726,470204.0,2,0,1,0,1,0,1,0,0
8726,490000.0,2,0,1,0,1,0,1,0,0
8727,620364.0,2,1,0,0,1,0,1,0,0
8727,670000.0,2,0,0,0,1,0,1,0,0
8728,705088.0,2,2,0,0,1,0,1,0,0
8728,725333.0,2,2,0,0,1,0,1,0,0
8729,225000.0,2,0,1,0,1,0,0,0,0
8730,262500.0,4,0,1,0,1,0,0,0,0
8731,387205.0,2,1,0,0,0,0,0,0,0
8731,677261.0,2,1,1,0,1,0,1,0,0
8732,477146.0,2,0,1,0,1,0,1,0,0
8732,281987.0,1,1,0,0,0,0,0,0,0
8733,1028799.0,2,1,1,0,1,0,0,0,0
8733,1230720.0,2,0,1,0,1,0,1,0,0
8734,1120708.0,2,0,1,0,1,1,0,0,0
8734,1216676.0,2,0,1,0,1,0,1,0,0
8735,408182.0,2,0,1,0,1,0,1,0,0
8735,387773.0,1,0,1,0,1,0,1,0,0
8736,681818.0,2,0,1,0,1,0,1,0,0
8737,655771.0,2,0,1,0,1,1,0,0,0
8737,746296.0,2,0,1,0,1,0,1,0,0
8738,800258.0,2,0,1,0,1,1,0,0,0
8738,861111.0,2,0,1,0,1,0,1,0,0
8738,1033333.0,3,0,1,0,1,0,1,0,0
8739,327315.0,2,0,1,0,0,0,1,0,0
8739,324074.0,1,0,1,0,0,0,1,0,0
8740,379630.0,2,0,1,0,0,0,1,0,0
8741,138056.0,2,0,0,0,0,1,0,0,0
8741,430572.0,2,0,0,0,1,0,1,0,0
8742,231481.0,2,0,0,0,0,1,0,0,0
8742,406200.0,2,1,0,0,1,0,1,0,0
8743,556641.0,2,0,1,0,1,0,0,0,0
8744,435185.0,2,0,1,0,1,1,0,0,0
8744,478704.0,2,0,1,0,1,0,1,0,0
8744,391667.0,1,0,1,0,1,1,0,0,0
8745,560185.0,2,0,1,0,1,0,1,0,0
8745,509259.0,1,0,1,0,1,1,0,0,0
8746,267653.0,2,0,1,0,1,0,0,0,0
8746,294885.0,2,0,1,0,1,0,0,0,0
8747,393297.0,2,1,1,0,1,0,0,0,0
8747,411993.0,2,1,1,0,1,0,0,0,0
8748,608557.0,2,0,1,0,1,1,0,0,0
8749,650000.0,2,0,1,0,1,0,1,0,0
8750,318182.0,2,0,0,0,1,0,1,0,0
8751,409091.0,4,0,0,0,1,0,1,0,0
8752,425926.0,2,0,0,0,0,0,1,0,0
8753,425926.0,2,0,0,0,0,0,1,0,0
8754,159933.0,2,0,1,0,1,0,1,0,0
8755,235690.0,2,0,1,0,1,0,1,0,0
8756,541267.0,2,1,1,0,1,0,1,0,0
8756,573106.0,3,1,1,0,1,0,1,0,0
8757,715202.0,2,2,1,0,1,0,1,0,0
8757,766288.0,3,1,1,0,1,0,1,0,0
8758,190423.0,2,1,1,0,1,0,0,0,0
8758,231481.0,2,1,0,0,0,0,1,0,0
8759,190423.0,2,1,1,0,1,0,0,0,0
8759,231481.0,2,1,0,0,0,0,1,0,0
8760,333333.0,2,0,1,0,1,0,1,0,0
8761,361111.0,2,0,1,0,1,0,1,0,0
8762,910827.0,2,0,1,0,1,1,0,0,0
8763,910827.0,2,0,1,0,1,1,0,0,0
8763,7927928.0,2,0,1,0,1,0,1,0,0
8764,462963.0,2,0,1,0,1,0,1,0,0
8765,180556.0,1,0,1,0,1,0,1,0,0
8766,305556.0,2,0,1,0,1,0,1,0,0
8766,308984.0,2,0,1,0,1,0,1,0,0
8767,333332.0,2,0,1,0,1,0,1,0,0
8768,437592.0,2,2,1,0,1,0,0,0,0
8768,870370.0,2,0,1,0,1,1,0,0,0
8769,561914.0,3,0,1,0,1,0,0,0,0
8769,1000000.0,3,0,1,0,1,1,0,0,0
8770,381875.0,2,1,1,0,1,1,0,0,0
8770,427700.0,2,1,1,0,1,1,0,0,0
8771,414375.0,2,1,1,0,1,1,0,0,0
8771,464100.0,2,1,1,0,1,1,0,0,0
8772,222222.0,2,0,1,0,1,0,1,0,0
8772,263261.0,2,0,1,0,1,0,1,0,0
8773,263261.0,2,0,1,0,1,0,1,0,0
8774,205766.0,2,0,1,0,1,0,1,0,0
8775,189394.0,2,0,1,0,0,0,1,0,0
8775,170455.0,1,0,1,0,0,0,1,0,0
8776,238636.0,2,0,1,0,0,0,1,0,0
8776,265152.0,3,0,1,0,0,0,1,0,0
8776,212121.0,1,0,1,0,0,0,1,0,0
8777,360148.0,2,1,0,0,1,0,1,0,0
8778,390194.0,2,1,1,0,1,0,1,0,0
8778,463093.0,2,1,0,0,1,0,1,0,0
8779,305397.0,2,0,1,0,1,1,0,0,0
8780,397152.0,2,1,1,0,1,0,1,0,0
8780,397152.0,2,1,1,0,1,0,1,0,0
8781,665044.0,3,0,1,0,1,0,1,0,0
8781,665044.0,3,0,1,0,1,0,1,0,0
8782,939076.0,4,0,1,0,1,0,1,0,0
8782,939076.0,4,0,1,0,1,0,1,0,0
8783,250000.0,2,1,0,0,0,0,1,0,0
8784,254630.0,2,0,1,0,1,0,1,0,0
8785,402778.0,4,0,1,0,1,0,1,0,0
8785,362500.0,1,0,1,0,1,0,1,0,0
8786,382541.0,2,0,1,0,1,0,0,0,0
8787,370370.0,2,0,1,0,1,1,0,0,0
8788,169342.0,2,1,1,0,1,0,0,0,0
8788,212593.0,2,1,1,0,1,0,1,0,0
8789,276244.0,4,1,1,0,1,0,0,0,0
8789,317593.0,4,1,1,0,1,0,1,0,0
8790,265833.0,2,0,1,0,1,1,0,0,0
8790,295370.0,2,0,1,0,1,0,1,0,0
8790,239250.0,1,0,1,0,1,1,0,0,0
8790,265833.0,1,0,1,0,1,0,1,0,0
8791,472222.0,2,0,1,0,1,0,1,0,0
8791,425000.0,1,1,1,0,1,0,1,0,0
8792,590278.0,2,0,1,0,1,0,1,0,0
8792,531250.0,1,1,1,0,1,0,1,0,0
8793,202822.0,2,0,1,0,1,0,1,0,0
8794,306500.0,2,0,0,0,0,1,0,0,0
8795,375365.0,2,0,0,0,0,1,0,0,0
8795,430833.0,2,1,0,0,0,1,0,0,0
8795,570841.0,2,2,1,0,1,0,0,0,0
8796,391667.0,2,1,0,0,0,1,0,0,0
8796,600556.0,2,1,0,0,0,1,0,0,0
8797,249074.0,2,0,1,0,1,0,0,0,0
8798,275000.0,2,1,1,0,1,0,0,0,0
8798,595000.0,5,1,1,0,1,0,0,0,0
8799,295370.0,2,0,1,0,1,0,0,0,0
8800,770800.0,2,0,1,0,1,1,0,0,0
8801,784365.0,2,0,1,0,1,1,0,0,0
8801,892613.0,2,1,1,0,1,0,1,0,0
8801,911888.0,2,0,1,0,1,0,1,0,0
8802,576825.0,2,0,1,0,1,1,0,0,0
8803,652063.0,3,0,1,0,1,1,0,0,0
8804,768238.0,6,4,1,0,1,1,0,0,0
8805,220906.0,2,1,1,0,1,0,0,0,0
8805,449640.0,2,1,1,0,1,0,0,0,0
8806,318750.0,2,0,0,0,1,0,1,0,0
8806,391667.0,2,0,0,0,1,0,1,0,1
8807,325833.0,2,0,0,0,1,0,1,0,0
8807,400000.0,2,0,0,0,1,0,1,0,1
8808,354167.0,2,0,0,0,1,0,1,0,0
8808,425000.0,3,0,0,0,1,0,1,0,0
8808,483333.0,2,0,0,0,1,0,1,0,1
8808,566667.0,3,0,0,0,1,0,1,0,1
8809,821393.0,2,0,1,0,1,1,0,0,1
8810,1018519.0,2,0,1,0,1,0,0,0,1
8811,1111111.0,2,0,1,0,1,0,0,0,1
8812,1111111.0,2,0,1,0,1,0,0,0,1
8813,1111111.0,2,0,1,0,1,0,0,0,1
8814,1388889.0,2,0,1,0,1,0,0,0,1
8815,373277.0,3,1,0,0,1,0,1,0,0
8815,392923.0,2,0,0,0,1,0,1,0,0
8815,373277.0,1,1,0,0,1,0,1,0,0
8816,978601.0,4,0,0,0,1,0,1,0,0
8817,547138.0,2,0,1,0,0,0,1,0,1
8817,492424.0,1,0,1,0,0,0,1,0,1
8818,631313.0,2,0,1,0,0,0,1,0,1
8819,317643.0,2,1,1,0,1,0,1,0,1
8820,408732.0,2,0,1,0,1,0,1,0,1
8821,408733.0,2,0,1,0,1,0,1,0,1
8821,503683.0,1,0,1,0,1,0,1,0,1
8822,408733.0,2,0,1,0,1,0,1,0,1
8823,413603.0,2,0,1,0,1,0,1,0,1
8824,413603.0,2,0,1,0,1,0,1,0,1
8825,483048.0,2,0,1,0,1,0,1,0,1
8826,503683.0,4,0,1,0,1,0,1,0,1
8826,656551.0,2,0,1,0,1,0,1,0,1
8826,742531.0,1,0,1,0,1,0,1,0,1
8827,529611.0,2,0,1,0,1,0,1,0,1
8827,579044.0,2,0,1,0,1,0,1,0,1
8828,537684.0,2,0,1,0,1,0,1,0,1
8829,579044.0,4,0,1,0,1,0,1,0,1
8830,585613.0,4,0,1,0,1,0,1,0,1
8831,625060.0,4,0,1,0,1,0,1,0,1
8832,661765.0,4,0,1,0,1,0,1,0,1
8833,1054114.0,2,0,1,0,1,0,1,0,1
8834,1199449.0,3,0,1,0,1,0,1,0,1
8834,1266085.0,2,0,1,0,1,0,1,0,1
8835,234527.0,2,1,0,0,1,0,0,0,0
8835,296852.0,2,1,0,0,1,0,1,0,0
8836,367494.0,4,1,0,0,1,0,0,0,0
8836,423889.0,4,1,0,0,1,0,1,0,0
8837,264550.0,2,0,1,0,1,1,0,0,0
8838,282187.0,2,0,1,0,1,1,0,0,0
8839,352734.0,3,0,1,0,1,1,0,0,0
8840,259259.0,2,0,1,0,1,0,1,0,0
8840,233333.0,1,0,1,0,1,0,1,0,0
8841,296296.0,2,0,1,0,1,0,1,0,0
8841,266667.0,1,0,1,0,1,0,1,0,0
8842,333333.0,2,0,1,0,1,0,1,0,0
8842,300000.0,1,0,1,0,1,0,1,0,0
8843,332407.0,2,0,1,0,1,1,0,0,0
8844,462963.0,2,0,1,0,1,1,0,0,0
8845,508333.0,3,0,1,0,1,1,0,0,0
8846,693519.0,3,1,1,0,1,1,0,0,0
8847,324074.0,2,0,0,0,1,1,0,0,0
8848,416667.0,3,0,0,0,1,1,0,0,0
8849,462963.0,3,0,0,0,1,1,0,0,0
8850,648148.0,5,0,0,0,1,1,0,0,0
8851,416667.0,2,0,1,0,1,0,1,0,1
8851,375000.0,1,0,1,0,1,0,1,0,1
8852,129630.0,1,0,1,0,1,0,1,0,1
8853,392045.0,2,0,1,0,1,0,1,0,0
8853,799907.0,1,0,1,0,1,0,1,0,0
8854,464184.0,2,0,1,0,1,0,1,0,0
8855,567175.0,2,0,1,0,1,0,1,0,0
8856,567175.0,2,0,1,0,1,0,1,0,0
8857,342593.0,2,0,1,0,1,1,0,0,0
8858,464352.0,2,0,1,0,1,1,0,0,0
8858,491667.0,3,0,1,0,1,1,0,0,0
8859,480093.0,2,2,1,0,1,1,0,0,0
8859,508333.0,3,1,1,0,1,1,0,0,0
8860,636364.0,2,0,1,0,0,0,1,0,0
8860,681818.0,3,0,1,0,0,0,1,0,0
8861,863636.0,5,0,1,0,0,0,1,0,0
8862,922172.0,2,0,1,0,1,1,0,0,1
8863,327600.0,2,0,1,0,1,0,1,0,0
8864,420907.0,2,0,1,0,1,0,1,0,0
8865,429690.0,4,0,1,0,1,0,1,0,0
8866,665294.0,5,0,1,0,1,0,1,0,0
8867,939419.0,7,0,1,0,1,0,1,0,0
8868,220459.0,2,1,0,0,0,0,1,0,0
8869,264550.0,2,0,0,0,0,0,1,0,0
8870,308642.0,3,1,0,0,0,0,1,0,0
8871,352734.0,4,1,0,0,0,0,1,0,0
8872,352734.0,4,1,0,0,0,0,1,0,0
8873,555556.0,2,0,1,0,1,0,1,0,0
8874,1288370.0,4,2,1,0,1,0,1,0,0
8875,1323191.0,6,1,1,0,1,0,1,0,0
8876,1358012.0,6,1,1,0,1,0,1,0,0
8877,1741217.0,8,1,1,0,1,0,1,0,0
8878,250000.0,2,0,1,0,1,0,1,0,0
8878,225000.0,1,0,1,0,1,0,1,0,0
8879,324074.0,3,0,1,0,1,0,1,0,0
8880,324074.0,2,0,1,0,1,0,1,0,0
8881,370370.0,4,0,1,0,1,0,1,0,0
8882,416667.0,4,0,1,0,1,0,1,0,0
8883,314859.0,2,0,1,0,1,1,0,0,0
8884,1001683.0,2,0,0,0,1,1,0,0,0
8885,617284.0,2,0,1,0,1,1,0,0,1
8886,634921.0,2,1,1,0,1,0,0,0,1
8887,674603.0,2,0,1,0,1,0,0,0,1
8887,793651.0,4,0,1,0,1,0,0,0,1
8888,352734.0,1,0,1,0,1,1,0,0,1
8889,305556.0,2,0,1,0,1,0,1,0,0
8889,275000.0,1,0,1,0,1,0,1,0,0
8890,314815.0,2,0,1,0,1,0,1,0,0
8890,283333.0,1,0,1,0,1,0,1,0,0
8891,416667.0,2,0,1,0,1,0,1,0,0
8891,462963.0,4,0,1,0,1,0,1,0,0
8891,370370.0,1,0,1,0,1,0,1,0,0
8892,433333.0,2,0,1,0,1,0,1,0,0
8892,481481.0,4,0,1,0,1,0,1,0,0
8892,385185.0,1,0,1,0,1,0,1,0,0
8893,358735.0,2,0,1,0,1,0,1,0,0
8893,453704.0,2,0,1,0,1,0,1,0,0
8894,570208.0,2,0,1,0,1,1,0,0,0
8894,626841.0,2,0,1,0,1,0,1,0,0
8894,633565.0,2,0,1,0,1,0,1,0,0
8895,257754.0,2,0,1,0,1,0,1,0,0
8896,262130.0,2,0,1,0,1,1,0,0,0
8896,279722.0,2,0,1,0,1,0,1,0,0
8896,226944.0,1,0,1,0,1,1,0,0,0
8896,244537.0,1,0,1,0,1,0,1,0,0
8897,336898.0,2,0,1,0,1,1,0,0,0
8897,372083.0,3,0,1,0,1,1,0,0,0
8898,416944.0,2,0,1,0,1,1,0,0,0
8898,434537.0,2,0,1,0,1,0,1,0,0
8899,444213.0,2,0,1,0,1,1,0,0,0
8899,475000.0,2,0,1,0,1,0,1,0,0
8900,255093.0,2,0,1,0,1,1,0,0,0
8901,1023148.0,6,0,1,0,1,1,0,0,0
8902,428274.0,2,0,1,0,1,0,1,0,0
8902,549824.0,2,0,1,0,1,0,1,0,0
8903,508234.0,2,0,1,0,1,0,1,0,0
8903,606702.0,2,0,1,0,1,0,1,0,0
8904,1009355.0,4,0,1,0,1,0,1,0,0
8904,1099647.0,4,0,1,0,1,0,1,0,0
8905,212963.0,2,0,1,0,0,0,1,0,0
8906,259259.0,2,0,1,0,0,0,1,0,0
8906,233333.0,1,0,1,0,0,0,1,0,0
8907,210380.0,2,0,0,0,1,0,0,0,0
8907,271099.0,2,0,0,0,1,0,0,0,1
8908,364899.0,2,0,0,0,1,0,0,0,0
8908,476217.0,2,0,0,0,1,0,0,0,1
8909,476217.0,2,0,0,0,1,0,0,0,1
8910,476217.0,2,0,0,0,1,0,0,0,0
8910,730317.0,2,0,0,0,1,0,0,0,1
8911,603206.0,4,0,0,0,1,0,0,0,0
8911,770000.0,4,0,0,0,1,0,0,0,1
8912,19386967.0,20,0,0,0,1,0,0,0,0
8912,21750349.0,20,0,0,0,1,0,0,0,1
8913,231294.0,2,1,1,0,1,0,1,0,0
8914,266028.0,2,1,1,0,1,0,1,0,0
8915,468595.0,4,2,1,0,1,0,1,0,0
8916,291667.0,2,0,1,0,1,1,0,0,0
8916,324074.0,2,0,1,0,1,0,1,0,0
8917,458333.0,4,0,1,0,1,1,0,0,0
8917,509259.0,4,0,1,0,1,0,1,0,0
8918,522723.0,2,1,1,0,1,0,1,0,0
8919,638574.0,2,0,1,0,1,0,1,0,0
8920,721866.0,2,0,1,0,1,0,1,0,0
8921,806779.0,3,0,1,0,1,0,1,0,0
8922,918245.0,4,0,1,0,1,0,1,0,0
8923,2706978.0,2,1,1,0,1,0,1,0,0
8923,2994901.0,7,1,1,0,1,0,1,0,0
8923,3022727.0,11,1,1,0,1,0,0,0,0
8924,407741.0,2,0,0,0,0,1,0,0,0
8924,462963.0,2,0,0,0,0,1,0,0,0
8925,449003.0,2,0,0,0,0,1,0,0,0
8925,509259.0,2,1,0,0,0,1,0,0,0
8926,555555.0,2,1,0,0,0,1,0,0,0
8927,328097.0,2,0,1,0,1,0,1,0,0
8928,375000.0,2,0,1,0,1,1,0,0,0
8928,416667.0,2,0,1,0,1,0,1,0,0
8928,337500.0,1,0,1,0,1,1,0,0,0
8928,375000.0,1,0,1,0,1,0,1,0,0
8929,448703.0,2,0,1,0,1,0,1,0,0
8929,536366.0,3,0,1,0,1,0,1,0,0
8929,3750000.0,2,0,1,0,1,0,1,0,0
8930,487500.0,3,0,1,0,1,1,0,0,0
8930,541667.0,3,0,1,0,1,0,1,0,0
8931,572490.0,4,0,1,0,1,0,1,0,0
8932,295073.0,2,0,1,0,1,0,1,0,0
8932,324074.0,2,0,1,0,1,0,1,0,0
8933,430534.0,2,0,1,0,1,0,1,0,0
8933,444444.0,2,0,1,0,1,0,1,0,0
8934,451671.0,4,0,1,0,1,0,1,0,0
8935,481481.0,4,2,1,0,1,0,1,0,0
8936,358147.0,2,0,0,0,1,0,1,0,1
8937,378332.0,2,0,0,0,1,0,1,0,1
8938,418519.0,3,0,0,0,1,0,1,0,1
8939,555925.0,4,0,0,0,1,0,1,0,1
8940,122592.0,1,0,0,0,1,0,1,0,1
8941,601852.0,2,0,0,0,1,0,1,0,1
8942,657407.0,2,0,0,0,1,0,1,0,1
8943,875000.0,3,0,0,0,1,0,1,0,1
8944,231481.0,1,0,0,0,1,0,1,0,1
8945,351852.0,2,0,1,0,0,0,1,0,0
8946,416667.0,2,0,1,0,0,0,1,0,0
8947,462963.0,2,0,1,0,0,0,1,0,0
8948,694444.0,4,0,1,0,0,0,1,0,0
8949,354375.0,2,1,1,0,1,1,0,0,0
8949,790594.0,2,1,1,0,1,0,1,0,0
8950,437850.0,2,1,1,0,1,1,0,0,0
8950,977627.0,2,1,1,0,1,0,1,0,0
8951,519750.0,4,1,1,0,1,1,0,0,0
8951,1163026.0,4,1,1,0,1,0,1,0,0
8952,565573.0,2,0,1,0,1,1,0,0,1
8952,1471977.0,2,0,1,0,1,1,0,0,0
8953,606437.0,2,0,1,0,1,0,1,0,0
8953,620635.0,2,0,1,0,1,0,1,0,1
8954,628748.0,2,0,1,0,1,0,1,0,0
8954,640917.0,2,0,1,0,1,0,1,0,1
8955,647002.0,2,0,1,0,1,0,1,0,0
8955,655191.0,2,0,1,0,1,1,0,0,1
8955,669312.0,2,0,1,0,1,0,1,0,1
8956,791005.0,3,0,1,0,1,0,1,0,0
8956,831570.0,2,0,1,0,1,0,1,0,1
8957,831570.0,4,0,1,0,1,0,1,0,0
8957,912698.0,4,0,1,0,1,0,1,0,1
8958,92593.0,2,0,1,0,1,0,1,0,0
8958,166667.0,2,0,1,0,1,0,1,0,1
8959,138889.0,2,0,1,0,1,0,1,0,0
8959,208333.0,2,0,1,0,1,1,0,0,1
8959,231481.0,2,0,1,0,1,0,1,0,1
8960,259259.0,2,0,1,0,1,0,1,0,1
8961,611111.0,5,0,1,0,1,0,0,0,0
8962,592573.0,2,0,0,0,1,0,1,0,0
8963,1072075.0,4,0,0,0,1,0,1,0,0
8964,1331448.0,4,0,0,0,1,0,1,0,0
8965,373139.0,2,0,1,0,1,0,1,0,0
8966,543113.0,2,1,1,0,1,0,1,0,0
8967,523839.0,4,0,1,0,1,0,1,0,0
8968,715488.0,3,0,1,0,0,1,0,0,0
8969,367647.0,2,0,1,0,1,0,1,0,0
8970,436581.0,2,1,1,0,1,0,1,0,0
8971,183824.0,1,0,1,0,1,0,1,0,0
8972,287037.0,2,0,1,0,1,1,0,0,0
8973,189515.0,2,0,1,0,0,1,0,0,0
8974,258448.0,2,0,1,0,0,1,0,0,0
8975,258448.0,2,0,1,0,0,1,0,0,0
8976,350391.0,2,0,0,0,1,1,0,0,0
8976,358940.0,2,0,0,0,1,0,1,0,0
8977,459259.0,2,0,0,0,1,1,0,0,0
8977,436296.0,1,1,0,0,1,1,0,0,0
8978,284926.0,2,0,1,0,0,0,0,0,0
8979,291005.0,2,0,1,0,1,0,1,0,0
8980,617284.0,6,0,1,0,1,0,1,0,0
8981,464813.0,2,1,0,0,1,0,1,0,0
8981,538750.0,2,0,0,0,1,1,0,0,0
8981,635725.0,2,0,0,0,1,1,0,0,0
8982,642105.0,2,1,0,0,1,0,1,0,0
8982,685417.0,2,0,0,0,1,1,0,0,0
8982,781375.0,2,0,0,0,1,1,0,0,0
8983,392727.0,2,0,1,0,0,1,0,0,0
8984,1015840.0,2,1,0,0,1,0,1,0,0
8984,1035102.0,2,1,0,0,1,0,0,0,0
8985,1082152.0,2,1,0,0,1,0,0,0,0
8985,1176037.0,2,1,0,0,1,0,1,0,0
8986,211397.0,2,0,1,0,1,0,1,0,0
8987,275735.0,3,0,1,0,1,0,1,0,0
8988,302587.0,2,1,1,0,1,0,0,0,0
8988,350185.0,2,1,1,0,1,0,1,0,0
8989,412166.0,2,1,1,0,1,0,0,0,0
8990,252016.0,2,0,1,0,1,0,1,0,0
8991,391476.0,4,0,1,0,1,0,1,0,0
8992,309451.0,2,0,1,0,0,1,0,0,0
8992,318426.0,2,0,1,0,1,0,1,0,0
8992,324074.0,2,0,1,0,0,0,1,0,0
8992,370370.0,2,0,1,0,0,0,1,0,0
8992,398032.0,2,0,1,0,1,0,1,0,0
8993,395915.0,2,0,1,0,0,1,0,0,0
8993,437836.0,2,0,1,0,1,0,1,0,0
8993,459411.0,2,0,1,0,0,1,0,0,0
8993,462963.0,2,0,1,0,0,0,1,0,0
8994,226852.0,2,0,1,0,1,0,1,0,0
8995,388889.0,4,0,1,0,1,0,1,0,0
8996,413603.0,2,0,1,0,0,0,1,0,0
8997,680147.0,4,0,1,0,0,0,1,0,0
8998,343463.0,2,0,1,0,1,1,0,0,0
8998,623900.0,2,0,1,0,1,0,1,0,0
8999,420965.0,2,0,1,0,1,1,0,0,0
8999,589239.0,2,0,1,0,1,0,1,0,0
9000,1000000.0,4,0,1,0,1,1,0,0,0
9001,416667.0,2,0,1,0,1,0,1,0,0
9001,354167.0,1,0,1,0,1,0,1,0,0
9002,336174.0,2,1,1,0,1,0,0,0,0
9002,384921.0,2,1,1,0,1,0,0,0,0
9003,363384.0,2,1,1,0,1,0,0,0,0
9003,394841.0,2,1,1,0,1,0,0,0,0
9004,607506.0,4,1,1,0,1,1,0,0,0
9005,613636.0,2,0,1,0,0,1,0,0,0
9005,681818.0,2,0,1,0,0,0,1,0,0
9005,719697.0,3,0,1,0,0,0,1,0,0
9006,272978.0,2,0,0,0,1,0,0,0,0
9006,422794.0,3,0,0,0,1,0,0,0,0
9007,643382.0,3,0,0,0,1,0,0,0,0
9008,912618.0,6,4,1,0,1,0,0,0,0
9009,1837942.0,9,0,1,0,1,0,0,0,0
9010,2057613.0,9,0,1,0,1,0,1,0,0
9011,3785317.0,16,0,1,0,1,0,0,0,0
9011,4166667.0,16,1,1,0,0,1,0,0,0
9012,983333.0,2,1,1,0,1,1,0,0,0
9012,1074074.0,2,1,1,0,1,0,1,0,0
9012,1201852.0,3,1,1,0,1,0,1,0,0
9013,423450.0,2,1,1,0,1,0,0,0,0
9014,566727.0,2,1,1,0,1,0,0,0,0
9015,648148.0,2,1,1,0,1,1,0,0,0
9015,583333.0,1,1,1,0,1,1,0,0,0
9016,648148.0,2,0,1,0,1,1,0,0,0
9016,583333.0,1,1,1,0,1,1,0,0,0
9017,366667.0,2,0,1,0,1,0,1,0,0
9017,407407.0,3,0,1,0,1,0,1,0,0
9017,325926.0,1,0,1,0,1,0,1,0,0
9018,282312.0,2,0,1,0,1,1,0,0,0
9018,354167.0,2,0,1,0,1,0,1,0,0
9019,416667.0,2,0,1,0,1,0,1,0,0
9019,451106.0,2,0,1,0,1,0,1,0,0
9020,542001.0,2,0,1,0,1,0,1,0,0
9021,360326.0,2,1,0,0,1,0,1,0,0
9021,311603.0,1,1,0,0,1,0,1,0,0
9022,546357.0,4,0,0,0,1,0,1,0,0
9023,2348095.0,14,2,1,0,1,0,1,0,0
9024,413603.0,2,0,1,0,1,0,0,0,0
9025,459559.0,2,0,1,0,1,0,0,0,0
9026,492424.0,4,0,1,0,1,0,0,0,0
9027,388889.0,2,0,1,0,0,1,0,0,0
9028,616012.0,5,1,1,0,1,1,0,0,0
9029,444630.0,2,0,1,0,1,0,1,0,0
9029,422398.0,1,0,1,0,1,0,1,0,0
9030,601852.0,4,0,1,0,1,0,1,0,0
9031,333333.0,2,0,1,0,1,1,0,0,0
9031,477250.0,2,0,1,0,1,1,0,0,0
9032,379630.0,2,0,1,0,1,1,0,0,0
9033,335455.0,2,0,1,0,1,0,1,0,0
9034,927273.0,2,0,1,0,0,0,1,0,0
9034,989091.0,3,0,1,0,0,0,1,0,0
9034,865455.0,1,0,1,0,0,0,1,0,0
9035,1260937.0,8,1,1,0,1,1,0,0,0
9036,530303.0,2,0,1,0,0,0,1,0,0
9036,681818.0,4,0,1,0,0,0,1,0,0
9037,861492.0,5,1,1,0,1,0,1,0,0
9038,370370.0,2,0,1,0,1,1,0,0,0
9039,462963.0,2,1,1,0,1,1,0,0,0
9039,563549.0,2,1,1,0,1,0,0,0,0
9040,555556.0,2,0,1,0,1,1,0,0,0
9040,601852.0,3,0,1,0,1,1,0,0,0
9041,740741.0,4,0,1,0,1,1,0,0,0
9042,308333.0,2,0,1,0,1,1,0,0,0
9043,350000.0,2,0,1,0,1,1,0,0,0
9044,433333.0,4,0,1,0,1,1,0,0,0
9045,1047319.0,2,1,1,0,1,0,0,0,0
9046,281539.0,2,0,1,0,1,0,0,0,0
9047,350841.0,2,0,1,0,1,0,0,0,0
9048,544333.0,4,0,1,0,1,0,0,0,0
9049,296296.0,2,0,1,0,1,0,1,0,0
9049,266667.0,1,0,1,0,1,0,1,0,0
9050,398148.0,2,0,1,0,1,0,1,0,0
9050,358333.0,1,0,1,0,1,0,1,0,0
9051,416667.0,2,0,1,0,1,0,1,0,0
9051,375000.0,1,0,1,0,1,0,1,0,0
9052,511574.0,2,0,1,0,1,0,1,0,0
9052,541667.0,3,0,1,0,1,0,1,0,0
9052,481481.0,1,0,1,0,1,0,1,0,0
9053,233969.0,2,0,1,0,1,0,1,0,0
9054,276866.0,2,0,1,0,1,0,1,0,0
9055,369154.0,2,2,1,0,1,0,1,0,0
9056,635125.0,2,0,1,0,1,0,1,0,0
9057,635125.0,2,0,1,0,1,0,1,0,0
9058,827206.0,2,0,1,0,1,0,0,0,0
9059,454545.0,3,0,1,0,1,0,1,0,0
9060,702479.0,4,0,1,0,1,0,1,0,0
9061,842975.0,2,0,1,0,1,0,1,0,0
9061,892562.0,3,0,1,0,1,0,1,0,0
9061,793388.0,1,0,1,0,1,0,1,0,0
9062,1074380.0,8,0,1,0,1,0,1,0,0
9063,1666667.0,2,0,0,0,1,1,0,0,1
9064,1851852.0,2,0,0,0,1,1,0,0,1
9065,2037037.0,2,0,0,0,1,1,0,0,1
9066,2037037.0,2,0,0,0,1,1,0,0,1
9067,500000.0,4,0,1,0,1,0,1,0,0
9068,583333.0,2,0,1,0,1,0,1,0,0
9068,666667.0,3,0,1,0,1,0,1,0,0
9069,370370.0,2,0,1,0,1,0,1,0,0
9069,335726.0,1,0,1,0,1,1,0,0,0
9069,366667.0,1,0,1,0,1,0,1,0,0
9070,462963.0,2,0,1,0,1,0,1,0,0
9070,419657.0,1,0,1,0,1,1,0,0,0
9071,538889.0,3,0,1,0,1,0,1,0,0
9072,498203.0,1,0,1,0,1,1,0,0,0
9073,408075.0,2,0,0,0,1,1,0,0,0
9074,597990.0,2,1,0,0,1,0,0,0,1
9074,619259.0,2,0,0,0,1,0,0,0,0
9075,721503.0,2,1,0,0,1,0,0,0,1
9075,742646.0,2,0,0,0,1,0,0,0,0
9076,931517.0,2,1,0,0,1,0,0,0,1
9077,294118.0,2,0,1,0,0,0,0,0,0
9078,413603.0,3,0,1,0,0,0,0,0,0
9079,965074.0,10,0,1,0,0,0,0,0,0
9080,355040.0,2,0,1,0,1,0,1,1,0
9080,396825.0,2,0,1,0,1,0,0,1,0
9080,479873.0,2,0,1,0,1,1,0,0,1
9081,458054.0,2,0,1,0,1,1,0,0,1
9082,501672.0,2,1,1,0,1,0,1,1,0
9082,529101.0,2,1,1,0,1,0,0,1,0
9083,409706.0,2,0,0,1,1,0,0,0,0
9083,483047.0,2,0,1,1,1,0,1,0,0
9084,566176.0,2,1,0,1,1,0,0,0,0
9084,649793.0,2,1,1,1,1,0,1,0,0
9085,640294.0,2,1,0,1,1,0,0,0,0
9085,719414.0,2,1,1,1,1,0,1,0,0
9086,372186.0,2,0,1,0,1,0,1,0,1
9086,372186.0,1,0,1,0,1,0,1,0,1
9087,569420.0,2,0,1,0,1,0,1,0,1
9088,607381.0,2,0,1,0,1,0,1,0,1
9088,753234.0,3,0,1,0,1,0,1,0,1
9089,1216506.0,2,1,1,0,1,0,0,0,0
9090,456128.0,2,1,1,0,1,0,1,0,0
9091,589763.0,2,1,1,0,1,0,1,0,0
9092,294118.0,2,0,1,0,1,0,1,0,0
9092,264706.0,1,0,1,0,1,0,1,0,0
9093,308824.0,2,0,1,0,1,0,1,0,0
9093,294118.0,1,0,1,0,1,0,1,0,0
9094,308824.0,2,0,1,0,1,0,1,0,0
9094,294118.0,1,0,1,0,1,0,1,0,0
9095,624832.0,2,1,1,0,1,0,1,0,0
9096,1037037.0,5,0,0,0,1,0,1,0,0
9097,1012500.0,2,0,1,0,0,1,0,0,0
9097,1125000.0,2,0,1,0,0,0,1,0,0
9097,1187500.0,3,0,1,0,0,0,1,0,0
9098,1087500.0,4,0,1,0,0,1,0,0,0
9098,1208333.0,3,0,1,0,0,0,1,0,0
9099,1125000.0,3,0,1,0,0,1,0,0,0
9099,1250000.0,3,0,1,0,0,0,1,0,0
9100,2223571.0,2,1,1,0,1,0,0,0,0
9101,200729.0,2,0,0,0,1,0,1,0,0
9102,292617.0,2,0,0,0,1,0,1,0,0
9103,302911.0,3,0,0,0,1,0,1,0,0
9104,331833.0,2,0,0,0,1,0,1,0,0
9105,343507.0,3,0,0,0,1,0,1,0,0
9106,437191.0,4,0,0,0,1,0,1,0,0
9107,1083333.0,3,3,1,0,1,0,1,0,1
9108,761574.0,4,0,0,0,1,0,0,0,0
9109,783333.0,4,0,0,0,1,0,0,0,0
9110,890090.0,2,0,1,0,1,1,0,0,0
9111,890090.0,2,0,1,0,1,1,0,0,0
9111,1593667.0,2,0,1,0,1,1,0,0,0
9112,944865.0,2,0,1,0,1,1,0,0,0
9112,1596891.0,1,0,1,0,1,1,0,0,0
9113,1081802.0,2,0,1,0,1,1,0,0,0
9114,1150270.0,2,0,1,0,1,1,0,0,0
9115,1604507.0,2,0,1,0,1,1,0,0,0
9116,1777968.0,2,0,1,0,1,1,0,0,0
9117,1962270.0,2,0,1,0,1,1,0,0,0
9118,1031566.0,2,0,1,0,1,1,0,0,0
9118,1064141.0,3,0,1,0,1,1,0,0,0
9119,594238.0,2,0,1,0,1,1,0,0,0
9120,630771.0,2,0,1,0,1,1,0,0,0
9120,650135.0,2,1,1,0,1,0,1,0,0
9121,844835.0,2,0,1,0,1,0,1,0,0
9122,974980.0,4,0,1,0,1,0,1,0,0
9123,4915450.0,12,2,1,0,1,0,1,0,0
9124,250000.0,2,0,1,0,1,0,1,0,0
9125,333333.0,3,0,1,0,1,0,1,0,0
9126,378577.0,2,0,0,0,0,0,1,0,0
9126,367217.0,1,0,0,0,0,0,1,0,0
9127,380599.0,2,0,0,0,0,0,1,0,0
9127,342529.0,1,0,0,0,0,0,1,0,0
9128,272293.0,1,0,0,0,0,0,0,0,0
9129,276129.0,1,0,0,0,0,0,0,0,0
9130,284067.0,2,0,1,0,1,0,0,0,0
9131,344113.0,4,1,1,0,1,0,0,0,0
9132,344113.0,3,0,1,0,1,0,0,0,0
9133,278708.0,2,0,1,0,1,1,0,0,0
9134,301430.0,2,0,1,0,1,0,1,0,0
9135,332346.0,2,0,1,0,1,0,1,0,0
9136,716128.0,1,0,1,0,1,0,1,0,0
9137,731247.0,1,0,1,0,1,0,1,0,0
9138,2070306.0,1,0,1,0,1,0,1,0,0
9139,458333.0,2,0,1,0,1,1,0,0,0
9139,412500.0,1,1,1,0,1,1,0,0,0
9140,458333.0,2,0,1,0,1,1,0,0,0
9141,531250.0,2,3,1,0,1,1,0,0,0
9141,562500.0,3,2,1,0,1,1,0,0,0
9141,500000.0,1,3,1,0,1,1,0,0,0
9142,531250.0,3,2,1,0,1,1,0,0,0
9143,332500.0,2,0,1,0,1,1,0,0,1
9144,375000.0,2,0,1,0,1,1,0,0,1
9145,415833.0,2,0,1,0,1,1,0,0,1
9145,540583.0,3,0,1,0,1,1,0,0,1
9146,715488.0,2,0,1,0,1,1,0,0,0
9147,462963.0,2,0,1,0,1,0,0,0,1
9147,231481.0,1,0,1,0,1,0,0,0,1
9148,657407.0,2,0,1,0,1,0,0,0,1
9149,879630.0,2,0,1,0,1,0,0,0,1
9150,1203704.0,4,0,1,0,1,0,0,0,1
9151,1527778.0,4,0,1,0,1,0,0,0,1
9152,2777778.0,12,0,1,0,1,0,0,0,1
9153,221111.0,2,1,1,0,1,1,0,0,0
9154,375000.0,2,0,1,0,0,0,1,0,0
9155,3195486.0,2,1,1,0,1,0,1,0,0
9156,739214.0,2,1,1,0,1,1,0,0,0
9157,4629630.0,10,0,1,0,1,0,1,0,0
9158,5351852.0,20,0,1,0,1,0,1,0,0
9159,1133333.0,7,1,1,0,0,0,0,0,0
9159,1521929.0,7,1,1,0,1,0,0,0,0
9160,479119.0,2,1,0,0,0,1,0,0,0
9161,324074.0,2,0,1,0,1,1,0,0,0
9162,370370.0,3,0,1,0,1,1,0,0,0
9163,335859.0,2,2,1,0,0,0,1,0,0
9163,377841.0,3,1,1,0,0,0,1,0,0
9164,560943.0,2,1,1,0,1,0,1,0,0
9164,593939.0,3,1,1,0,1,0,1,0,0
9164,527946.0,1,1,1,0,1,0,1,0,0
9165,873611.0,2,0,1,0,1,0,0,0,0
9166,873611.0,2,0,1,0,1,0,0,0,0
9167,482537.0,2,0,1,0,1,0,1,0,0
9168,514706.0,2,0,1,0,1,0,1,0,0
9169,858210.0,4,2,1,0,1,0,0,0,0
9170,1304021.0,4,2,1,0,1,0,1,0,0
9171,424212.0,2,1,1,0,1,0,0,0,0
9172,468000.0,2,0,1,0,1,0,0,0,0
9173,719697.0,2,0,1,0,0,0,1,0,0
9173,759680.0,4,0,1,0,0,0,1,0,0
9173,639731.0,1,0,1,0,0,0,1,0,0
9174,341667.0,2,0,1,0,0,0,1,0,0
9174,434259.0,3,0,1,0,0,0,1,0,0
9175,851323.0,4,1,1,0,1,0,0,0,0
9176,357642.0,2,1,0,0,1,0,1,0,0
9177,824868.0,2,1,1,0,1,0,0,0,0
9178,534940.0,2,0,1,0,1,1,0,0,0
9178,566667.0,2,0,1,0,1,1,0,0,0
9179,775000.0,2,1,1,0,1,1,0,0,0
9180,356179.0,2,0,0,0,1,0,1,0,0
9180,407407.0,2,0,0,0,1,0,1,0,0
9181,449781.0,2,0,0,0,1,0,1,0,0
9182,477011.0,2,0,1,0,0,0,1,0,0
9182,462700.0,1,0,1,0,0,0,1,0,0
9182,588095.0,1,0,1,0,0,1,0,0,0
9183,404562.0,5,1,1,0,1,0,0,0,0
9184,187432.0,2,0,1,0,0,1,0,0,0
9185,258519.0,2,0,1,0,0,1,0,0,0
9186,258519.0,2,0,1,0,0,1,0,0,0
9187,256745.0,2,1,1,0,1,0,1,0,0
9188,303749.0,2,1,1,0,1,0,1,0,0
9189,525000.0,4,1,1,0,1,0,0,0,0
9190,520220.0,2,1,1,0,1,0,0,0,0
9191,161976.0,3,0,1,0,0,0,1,0,0
9192,173561.0,2,0,1,0,0,0,1,0,0
9193,1794543.0,2,1,1,1,1,0,0,1,0
9194,2159802.0,2,1,1,1,1,0,0,1,0
9194,3104056.0,2,0,1,1,1,0,1,0,0
9194,2793651.0,1,1,1,1,1,0,1,0,0
9195,370370.0,2,1,0,0,1,0,1,0,0
9196,1851852.0,12,6,0,0,1,0,1,0,0
9197,6481481.0,4,2,0,0,1,0,1,0,0
9198,275248.0,2,1,1,0,1,1,0,0,0
9199,238196.0,2,1,0,0,1,1,0,0,0
9200,240272.0,2,1,0,0,1,1,0,0,0
9201,238196.0,2,1,1,0,1,1,0,0,0
9202,371872.0,2,0,1,0,1,0,0,0,0
9203,392048.0,2,0,1,0,1,0,0,0,0
9204,240345.0,2,0,1,0,1,1,0,0,0
9204,245071.0,2,0,1,0,1,0,1,0,0
9205,671094.0,2,0,1,0,1,1,0,0,0
9206,888007.0,2,0,1,0,1,0,1,0,0
9207,888007.0,2,0,1,0,1,0,1,0,0
9208,704649.0,2,0,1,0,0,1,0,0,0
9209,6978689.0,2,1,1,0,1,1,0,0,0
9209,9055232.0,3,1,1,0,1,1,0,0,0
9210,7296858.0,2,0,1,0,1,1,0,0,0
9210,9373401.0,3,0,1,0,1,1,0,0,0
9211,540511.0,2,0,1,0,1,0,1,0,0
9212,585101.0,2,0,1,0,1,0,1,0,0
9213,416667.0,1,0,1,0,1,1,0,0,0
9214,291667.0,2,0,1,0,1,1,0,0,0
9214,324074.0,2,0,1,0,1,0,1,0,0
9215,301587.0,2,0,0,0,1,1,0,0,0
9215,335097.0,2,0,0,0,1,0,1,0,0
9215,271429.0,1,0,0,0,1,1,0,0,0
9215,301587.0,1,0,0,0,1,0,1,0,0
9216,301587.0,2,0,0,0,1,1,0,0,0
9216,335097.0,2,0,0,0,1,0,1,0,0
9216,271429.0,1,0,0,0,1,1,0,0,0
9216,301587.0,1,0,0,0,1,0,1,0,0
9217,344429.0,2,0,0,0,0,1,0,0,0
9218,344429.0,2,0,0,0,0,1,0,0,0
9219,2111640.0,8,1,1,0,1,0,0,0,0
9220,1084028.0,4,1,1,0,1,0,0,0,0
9221,2617010.0,10,0,1,0,1,0,0,0,0
9222,411878.0,2,0,0,0,1,1,0,0,0
9223,476389.0,2,0,0,0,1,1,0,0,0
9223,528241.0,2,0,0,0,1,1,0,0,0
9224,1182337.0,3,1,1,0,1,0,0,0,0
9225,723317.0,2,1,1,0,1,0,0,0,0
9226,787037.0,2,0,1,0,1,0,1,0,0
9226,1066455.0,2,0,1,0,1,0,1,0,0
9227,887981.0,2,0,1,0,1,0,1,0,0
9228,509259.0,3,0,1,0,1,0,1,0,0
9229,555556.0,5,0,1,0,1,0,1,0,0
9230,1682363.0,4,1,1,0,1,1,0,0,0
9231,1666102.0,16,1,1,0,1,0,0,0,0
9232,1683611.0,5,1,1,0,1,1,0,0,0
9233,2601958.0,10,1,0,0,1,0,0,0,0
9234,4336596.0,16,1,1,0,1,0,0,0,0
9235,279599.0,2,0,0,0,1,0,1,0,0
9236,411738.0,2,1,0,0,1,0,1,0,0
9237,1379423.0,2,0,0,0,0,1,0,0,0
9238,381136.0,4,1,1,0,1,0,0,0,0
9239,297917.0,2,1,1,0,1,1,0,0,0
9240,709389.0,2,1,1,0,1,0,1,0,0
9241,808081.0,5,0,1,0,1,0,0,0,0
9242,1840909.0,19,0,1,0,1,1,0,0,0
9242,2045455.0,19,0,1,0,1,0,0,0,0
9243,2195257.0,8,1,1,0,1,1,0,0,0
9244,668981.0,2,0,1,0,0,0,1,0,0
9244,787037.0,4,0,1,0,0,0,1,0,0
9245,787036.0,4,0,1,0,0,0,1,0,0
9246,2081185.0,10,1,1,0,1,0,0,0,0
9247,827206.0,2,0,1,0,1,0,0,0,0
9248,1378676.0,8,0,1,0,1,0,0,0,0
9249,824868.0,6,1,1,0,1,1,0,0,0
9250,1548148.0,6,4,1,0,0,1,0,0,0
9251,1903819.0,8,4,1,0,1,0,1,0,0
9252,1298479.0,4,1,1,0,1,0,0,0,0
9253,395833.0,2,0,1,0,1,1,0,0,0
9253,439815.0,2,0,1,0,1,0,1,0,0
9254,765865.0,4,1,1,0,1,0,0,0,0
9255,777778.0,5,0,1,0,1,0,0,0,0
9256,1125348.0,4,1,1,0,1,0,0,0,0
9257,1857526.0,6,1,0,0,1,0,0,0,0
9258,2081185.0,8,1,1,0,1,0,0,0,0
9259,1779904.0,6,1,1,1,1,1,0,0,0
9260,1277347.0,4,1,1,0,1,0,0,0,0
9261,1702517.0,6,1,1,0,1,1,0,0,0
9262,661765.0,2,0,1,0,0,0,1,0,0
9262,703125.0,3,0,1,0,0,0,1,0,0
9263,648148.0,2,0,1,0,1,0,1,0,0
9263,583333.0,1,0,1,0,1,0,1,0,0
9264,490833.0,2,0,1,0,1,1,0,0,0
9265,3497425.0,2,0,1,0,1,1,0,0,0
9266,3497425.0,2,0,1,0,1,1,0,0,0
9267,367829.0,2,1,1,0,1,0,0,0,0
9268,3785317.0,2,1,1,0,1,1,0,0,0
9269,1734321.0,2,0,1,0,1,0,1,0,0
9270,459559.0,2,0,0,0,1,0,1,0,0
9270,413603.0,1,0,0,0,1,0,1,0,0
9271,401990.0,2,2,1,0,1,1,0,0,0
9271,491044.0,3,2,1,0,1,1,0,0,0
9272,440979.0,2,2,1,0,1,1,0,0,0
9272,500000.0,2,2,1,0,1,1,0,0,0
9273,486111.0,2,0,1,0,1,0,0,0,0
9273,607639.0,3,0,1,0,1,0,0,0,0
9274,571316.0,2,1,1,0,1,1,0,0,0
9274,625000.0,2,1,1,0,1,1,0,0,0
9275,660365.0,2,1,0,0,0,1,0,0,0
9276,772059.0,2,5,1,0,0,0,0,0,0
9276,937500.0,3,4,1,0,0,0,0,0,0
9276,716912.0,1,6,1,0,0,0,0,0,0
9277,882353.0,2,5,1,0,0,0,0,0,0
9277,937500.0,3,4,1,0,0,0,0,0,0
9278,2129630.0,10,0,0,0,1,1,0,0,0
9279,925926.0,2,0,1,0,0,0,1,0,0
9280,458333.0,2,0,1,0,1,1,0,0,0
9280,504167.0,2,0,1,0,1,0,1,0,0
9281,458333.0,2,0,1,0,1,1,0,0,0
9281,504167.0,2,0,1,0,1,0,1,0,0
9282,1375000.0,8,0,1,0,1,0,1,0,0
9283,750000.0,2,0,1,0,0,0,1,0,0
9284,371829.0,2,0,1,0,1,0,0,0,0
9284,446195.0,3,0,1,0,1,0,0,0,1
9285,520726.0,4,0,1,0,1,0,0,0,0
9285,624871.0,4,0,1,0,1,0,0,0,1
9286,826792.0,5,0,1,0,1,0,0,0,0
9286,992151.0,5,0,1,0,1,0,0,0,1
9287,1613051.0,8,0,1,0,1,0,0,0,0
9287,1935662.0,8,0,1,0,1,0,0,0,1
9288,2853860.0,12,0,1,0,1,0,0,0,0
9288,3424632.0,12,0,1,0,1,0,0,0,1
9289,3391544.0,16,0,1,0,1,0,0,0,0
9289,4069853.0,16,0,1,0,1,0,0,0,1
9290,3929228.0,20,0,1,0,1,0,0,0,0
9290,4715074.0,20,0,1,0,1,0,0,0,1
9291,4466912.0,26,0,1,0,1,0,0,0,0
9291,5360294.0,26,0,1,0,1,0,0,0,1
9292,804924.0,2,0,1,0,1,0,1,0,0
9293,555556.0,2,0,1,0,0,0,1,0,0
9293,444444.0,1,0,1,0,0,0,1,0,0
9294,555556.0,2,0,1,0,0,0,1,0,0
9294,740741.0,3,0,1,0,0,0,1,0,0
9294,370370.0,1,0,1,0,0,0,1,0,0
9295,2297975.0,2,1,1,0,1,0,1,0,0
9296,7730181.0,2,1,1,0,0,0,1,0,0
9297,787037.0,2,0,1,0,1,0,1,0,0
9298,6635534.0,2,8,1,0,1,1,0,0,0
9299,559764.0,2,0,1,0,1,0,1,0,0
9300,1094276.0,2,0,1,0,1,0,1,0,0
9301,378788.0,2,0,1,0,0,0,1,0,1
9302,629630.0,2,0,1,0,1,0,1,0,0
9303,555556.0,2,0,1,0,0,0,1,0,0
9303,500000.0,1,0,1,0,0,0,1,0,0
9304,629630.0,2,0,1,0,0,0,1,0,0
9304,666667.0,3,0,1,0,0,0,1,0,0
9304,592593.0,1,0,1,0,0,0,1,0,0
9305,708333.0,2,0,1,0,0,0,1,0,0
9305,750000.0,3,0,1,0,0,0,1,0,0
9305,666667.0,1,0,1,0,0,0,1,0,0
9306,462963.0,2,0,1,0,0,0,1,0,0
9307,496633.0,2,0,1,0,0,0,1,0,0
9307,446970.0,1,0,1,0,0,0,1,0,0
9308,636785.0,2,0,1,0,0,0,1,0,0
9308,674242.0,3,0,1,0,0,0,1,0,0
9308,599327.0,1,0,1,0,0,0,1,0,0
9309,1452760.0,2,1,0,0,1,0,1,0,0
9310,1318645.0,2,0,1,0,1,1,0,0,0
9311,555556.0,4,0,1,0,0,0,1,0,0
9312,370370.0,1,0,1,0,0,0,1,0,0
9313,327859.0,2,1,1,0,1,0,1,0,0
9314,500842.0,2,0,1,0,0,0,1,0,0
9315,572391.0,2,0,0,0,0,0,1,0,0
9315,715488.0,6,0,0,0,0,0,1,0,0
9315,536616.0,1,0,0,0,0,0,1,0,0
9316,1136364.0,3,0,0,0,0,0,1,0,0
9317,799632.0,2,0,1,0,0,0,1,0,1
9318,1167279.0,4,0,1,0,0,0,1,0,1
9319,1167279.0,4,0,1,0,0,0,1,0,1
9320,1994834.0,2,1,0,0,1,0,1,0,0
9321,974082.0,2,0,0,0,1,0,1,0,0
9322,3121778.0,2,1,1,0,1,0,1,0,0
9323,795240.0,2,1,1,0,1,0,1,0,0
9324,1214111.0,2,1,1,0,1,0,1,0,0
9325,1298055.0,2,1,1,0,1,0,0,0,0
9326,910827.0,2,1,1,0,1,1,0,0,0
9327,735294.0,2,0,1,0,1,0,1,0,0
9328,2370370.0,2,0,1,0,1,0,1,0,0
9329,503704.0,2,2,1,0,1,0,1,0,0
9329,533333.0,3,2,1,0,1,0,1,0,0
9329,474074.0,1,2,1,0,1,0,1,0,0
9330,503704.0,2,2,1,0,1,0,1,0,0
9330,533333.0,3,2,1,0,1,0,1,0,0
9330,474074.0,1,2,1,0,1,0,1,0,0
9331,598148.0,2,0,1,0,1,0,1,0,0
9331,633333.0,3,0,1,0,1,0,1,0,0
9331,562963.0,1,0,1,0,1,0,1,0,0
9332,598148.0,2,0,1,0,1,0,1,0,0
9332,633333.0,3,0,1,0,1,0,1,0,0
9332,562963.0,1,0,1,0,1,0,1,0,0
9333,1148897.0,4,0,1,0,0,0,1,0,0
9334,1378676.0,6,0,1,0,0,0,1,0,0
9335,1258272.0,2,0,1,0,1,0,1,0,0
9335,1275276.0,3,0,1,0,1,0,1,0,0
9335,1241268.0,1,0,1,0,1,0,1,0,0
9336,747685.0,2,0,1,0,1,0,1,0,0
9337,242373.0,2,0,1,0,0,0,0,0,0
9337,245071.0,2,0,1,0,0,0,1,0,0
9338,661157.0,2,0,1,0,1,0,1,0,0
9339,416667.0,2,0,1,0,1,1,0,0,0
9339,375000.0,1,0,1,0,1,1,0,0,0
9340,416667.0,2,0,1,0,1,1,0,0,0
9340,375000.0,1,0,1,0,1,1,0,0,0
9341,1047909.0,2,0,0,0,1,1,0,0,1
9342,435017.0,2,0,1,0,1,0,1,0,0
9342,460606.0,3,0,1,0,1,0,1,0,0
9342,409428.0,1,0,1,0,1,0,1,0,0
9343,435017.0,2,1,1,0,1,0,1,0,0
9343,460606.0,3,1,1,0,1,0,1,0,0
9343,409428.0,1,1,1,0,1,0,1,0,0
9344,317277.0,2,0,1,0,1,0,0,0,0
9345,389931.0,2,0,1,0,1,0,0,0,0
9346,579146.0,4,0,1,0,1,0,0,0,0
9347,749992.0,2,0,1,1,1,0,1,0,0
9348,858586.0,2,0,1,1,1,0,1,0,0
9348,909091.0,3,0,1,1,1,0,1,0,0
9348,808081.0,1,0,1,1,1,0,1,0,0
9349,923406.0,4,0,1,1,1,0,1,0,0
9349,1031528.0,2,0,1,1,1,0,1,0,0
9349,1088613.0,1,0,1,1,1,0,1,0,0
9350,252252.0,2,0,1,0,1,0,1,0,0
9351,819744.0,2,1,1,0,1,1,0,0,0
9352,3122349.0,2,1,1,0,1,0,1,0,0
9353,2272727.0,2,0,1,0,1,1,0,0,0
9354,757576.0,2,0,1,0,0,1,0,0,0
9355,324074.0,2,0,1,0,0,0,1,0,0
9356,509259.0,4,0,1,0,0,0,1,0,0
9357,840895.0,2,0,0,0,0,1,0,0,0
9358,418596.0,2,0,0,0,0,1,0,0,0
9359,1077954.0,2,0,0,0,0,1,0,0,0
9360,1216112.0,2,0,0,0,0,1,0,0,0
9361,1262825.0,2,0,0,0,0,1,0,0,0
9362,1262825.0,2,0,0,0,0,1,0,0,0
9363,300531.0,2,0,0,0,0,1,0,0,0
9364,400707.0,2,0,0,0,0,1,0,0,0
9365,400707.0,2,0,0,0,0,1,0,0,0
9366,400707.0,2,0,0,0,0,1,0,0,0
9367,400707.0,2,0,0,0,0,1,0,0,0
9368,302210.0,2,0,0,0,0,0,1,0,0
9369,304730.0,2,0,0,0,0,0,1,0,0
9370,335203.0,2,0,0,0,0,0,1,0,0
9371,380929.0,2,0,0,0,0,0,1,0,0
9372,428521.0,2,0,0,0,0,0,1,0,0
9373,4076400.0,2,1,1,0,1,0,1,0,0
9374,659605.0,2,1,0,0,1,1,0,0,0
9375,3799484.0,2,6,1,0,1,1,0,0,0
9376,703704.0,3,0,0,0,1,0,1,0,0
9377,462963.0,1,0,0,0,1,0,1,0,0
9378,462963.0,1,0,0,0,1,0,1,0,0
9379,1590909.0,2,0,1,0,1,1,0,0,0
9379,1803030.0,3,0,1,0,1,1,0,0,0
9380,1818182.0,6,0,1,0,1,1,0,0,0
9381,4166667.0,2,0,1,0,1,0,0,0,0
9382,284280.0,2,1,1,0,1,1,0,0,0
9383,416292.0,4,1,1,0,1,1,0,0,0
9384,3676471.0,2,0,1,0,1,0,1,0,0
9385,459559.0,2,0,1,0,1,0,1,0,0
9386,643382.0,4,0,1,0,1,0,1,0,0
9387,1012500.0,2,0,1,0,1,0,1,0,0
9387,961875.0,1,0,1,0,1,0,1,0,0
9388,1125000.0,2,0,1,0,1,0,1,0,0
9388,1068750.0,1,0,1,0,1,0,1,0,0
9389,1187500.0,2,0,1,0,1,0,1,0,0
9389,1250000.0,3,0,1,0,1,0,1,0,0
9390,1306250.0,3,0,1,0,1,0,1,0,0
9391,1582955.0,2,0,1,0,1,0,1,0,0
9391,1739120.0,2,0,1,0,1,0,1,0,1
9392,1758839.0,2,0,1,0,1,0,1,0,0
9392,1914986.0,2,0,1,0,1,0,1,0,1
9393,1958135.0,3,0,1,0,1,0,1,0,0
9393,2110393.0,2,0,1,0,1,0,1,0,1
9394,2153948.0,4,0,1,0,1,0,1,0,0
9394,2305800.0,2,0,1,0,1,0,1,0,1
9395,661765.0,2,0,1,0,0,0,1,0,0
9395,735294.0,3,0,1,0,0,0,1,0,0
9395,588235.0,1,0,1,0,0,0,1,0,0
9396,374516.0,2,1,1,0,1,0,0,0,0
9397,477750.0,2,1,1,0,1,0,0,0,0
9398,517070.0,2,1,1,0,1,0,0,0,0
9399,517070.0,2,1,1,0,1,0,0,0,0
9400,651488.0,2,1,1,0,1,0,0,0,0
9401,442610.0,2,1,1,0,1,0,1,0,0
9402,401627.0,2,0,1,0,1,0,1,0,0
9403,545455.0,2,0,1,0,1,0,1,0,1
9404,590909.0,2,0,1,0,1,0,1,0,1
9405,726364.0,2,0,1,0,1,0,1,0,1
9406,772727.0,2,0,1,0,1,0,1,0,1
9407,772727.0,2,0,1,0,1,0,1,0,1
9408,808081.0,2,0,1,0,1,0,1,0,0
9409,372243.0,2,0,1,0,1,0,1,0,0
9410,413603.0,2,0,1,0,1,0,1,0,0
9411,508732.0,4,0,1,0,1,0,1,0,0
9412,670037.0,5,0,1,0,1,0,0,0,0
9412,744485.0,5,0,1,0,1,0,1,0,0
9413,992647.0,7,0,1,0,1,0,1,0,0
9414,1090909.0,2,0,1,0,1,0,1,0,0
9415,1203704.0,2,0,0,0,1,0,1,0,0
9416,367647.0,2,0,1,0,1,0,0,0,0
9417,459559.0,2,0,1,0,1,0,0,0,0
9418,597426.0,4,0,1,0,1,0,0,0,0
9419,3272727.0,2,0,1,0,1,1,0,0,1
9419,3636364.0,2,0,1,0,1,0,1,0,1
9420,900735.0,2,0,1,0,1,0,1,0,1
9421,684173.0,2,1,1,0,1,0,1,0,0
9422,1696138.0,2,1,1,0,1,1,0,0,0
9423,381818.0,2,0,1,0,1,0,1,0,0
9424,436364.0,2,0,1,0,1,0,1,0,0
9425,572727.0,4,0,1,0,1,0,1,0,0
9426,910827.0,2,1,1,0,1,1,0,0,0
9427,328981.0,2,0,1,0,1,0,1,0,0
9428,459630.0,2,0,1,0,1,0,1,0,0
9429,720926.0,4,2,1,0,1,0,1,0,0
9430,936027.0,4,10,1,0,1,0,1,0,0
9431,916002.0,2,3,1,0,1,0,1,0,0
9432,391139.0,2,1,1,0,1,0,0,0,0
9433,532017.0,2,1,1,0,1,0,0,0,0
9434,565998.0,2,1,1,0,1,0,0,0,0
9435,694555.0,4,1,1,0,1,0,0,0,0
9436,370072.0,2,1,1,0,1,0,0,0,0
9437,926354.0,4,1,1,0,1,0,0,0,0
9438,1158662.0,6,1,1,0,1,0,0,0,0
9439,235537.0,2,0,1,0,1,0,1,0,0
9440,284298.0,2,0,1,0,1,0,1,0,0
9441,1388889.0,2,6,1,0,1,0,1,0,0
9442,225000.0,2,0,1,0,1,1,0,0,0
9442,250000.0,2,0,1,0,1,0,1,0,0
9443,879630.0,2,0,1,0,1,0,1,0,0
9444,702479.0,2,0,1,0,1,1,0,0,0
9445,841751.0,4,0,1,0,1,1,0,0,0
9446,6061450.0,2,0,1,0,1,0,0,0,0
9447,6061450.0,2,0,1,0,1,0,0,0,0
9448,693694.0,2,0,1,0,0,0,1,0,0
9448,624324.0,1,0,1,0,0,0,1,0,0
9449,229590.0,20,1,1,0,1,0,0,0,0
9450,449208.0,2,1,1,0,1,0,1,0,0
9451,565216.0,2,1,1,0,1,0,1,0,0
9452,270000.0,2,0,1,0,1,0,1,0,0
9453,350000.0,2,0,1,0,1,0,1,0,0
9454,410000.0,3,0,1,0,1,0,1,0,0
9455,300000.0,2,0,1,0,1,0,0,0,0
9456,360000.0,2,0,1,0,1,0,0,0,0
9457,550000.0,4,0,1,0,1,0,0,0,0
9458,932780.0,2,0,1,0,1,0,0,0,0
9459,1363611.0,2,0,1,0,1,0,0,0,0
9460,229779.0,2,0,1,0,1,0,1,0,0
9461,321691.0,3,0,1,0,1,0,1,0,0
9462,1181148.0,4,0,1,0,1,0,1,0,0
9463,1293446.0,2,0,1,0,1,0,1,0,0
9463,1314338.0,2,0,1,0,1,0,1,0,0
9464,467307.0,2,0,1,0,1,0,1,0,0
9464,555556.0,2,0,1,0,1,1,0,0,0
9465,637116.0,2,0,1,0,1,0,1,0,0
9466,318750.0,2,1,1,0,1,0,1,0,0
9467,573437.0,3,1,1,0,1,0,1,0,0
9468,573437.0,2,1,1,0,1,0,1,0,0
9469,1146384.0,2,0,1,0,1,1,0,0,0
9470,1146384.0,2,0,1,0,1,1,0,0,0
9471,423426.0,2,1,1,0,0,0,1,0,0
9472,513463.0,2,1,1,0,0,0,1,0,0
9473,577370.0,2,1,1,0,0,0,1,0,0
9474,1029617.0,2,0,0,0,1,1,0,0,0
9475,1029617.0,2,0,0,0,1,1,0,0,0
9476,1065248.0,2,0,1,0,1,1,0,1,0
9476,1361111.0,2,1,0,0,1,1,0,0,0
9477,785886.0,2,2,1,0,1,0,1,0,0
9477,958333.0,2,2,1,0,1,1,0,0,0
9478,910586.0,2,2,1,0,1,0,1,0,0
9479,1050236.0,2,2,1,0,1,0,1,0,0
9479,1258333.0,2,2,1,0,1,1,0,0,0
9480,487858.0,2,0,1,0,1,0,0,0,0
9481,487858.0,2,0,1,0,1,0,0,0,0
9482,201514.0,15,1,1,0,0,0,0,0,0
9483,348541.0,2,0,1,0,1,1,0,0,0
9484,553507.0,4,0,1,0,1,1,0,0,0
9484,1000000.0,4,0,1,0,1,1,0,0,0
9485,171530.0,4,1,1,0,0,0,0,0,0
9486,416667.0,2,0,1,0,1,1,0,0,0
9486,452897.0,2,1,1,0,1,0,0,0,0
9487,416667.0,2,0,1,0,1,1,0,0,0
9487,452897.0,2,1,1,0,1,0,0,0,0
9488,563799.0,2,1,1,0,1,0,0,0,0
9489,333333.0,2,0,1,0,1,0,1,0,0
9490,361111.0,2,0,1,0,1,0,1,0,0
9491,453704.0,2,0,1,0,1,0,1,0,0
9492,287037.0,2,0,0,0,0,0,1,0,0
9493,333333.0,2,1,0,0,0,0,1,0,0
9494,351852.0,2,0,0,0,0,0,1,0,0
9495,634259.0,2,0,1,0,1,1,0,0,0
9496,305556.0,2,0,1,0,0,0,1,0,0
9497,351852.0,2,0,1,0,0,0,1,0,0
9498,407407.0,2,0,1,0,0,0,1,0,0
9499,296301.0,2,1,1,0,1,0,1,0,0
9499,314815.0,2,1,1,0,1,0,1,0,0
9500,321111.0,2,1,1,0,1,0,0,0,0
9500,358781.0,2,1,1,0,1,0,1,0,0
9500,378086.0,2,1,1,0,1,0,1,0,0
9501,513463.0,2,0,1,0,1,0,0,0,0
9502,277778.0,2,0,1,0,1,1,0,0,0
9503,296296.0,2,0,1,0,1,1,0,0,0
9504,307870.0,2,0,1,0,1,1,0,0,0
9505,1008931.0,2,0,1,1,1,0,1,0,0
9505,1088183.0,2,0,1,1,1,0,1,0,0
9506,1024318.0,2,0,1,1,1,0,1,0,0
9506,1035181.0,2,0,1,1,1,0,0,0,0
9506,1038297.0,2,0,1,1,1,0,1,0,0
9506,1157407.0,2,0,1,1,1,0,1,0,0
9507,451619.0,2,1,1,0,1,0,1,0,0
9507,501631.0,2,1,1,0,1,0,1,0,0
9508,567672.0,2,1,1,0,1,0,1,0,0
9508,613713.0,2,1,1,0,1,0,1,0,0
9509,1317291.0,4,1,1,0,1,0,1,0,0
9509,1338139.0,4,1,1,0,1,0,1,0,0
9510,250000.0,2,0,1,0,1,0,0,0,0
9511,388889.0,4,0,1,0,1,0,0,0,0
9512,416667.0,4,0,1,0,1,0,0,0,0
9513,500000.0,2,0,1,0,0,1,0,0,0
9513,555556.0,2,0,1,0,0,0,1,0,0
9514,833333.0,2,0,1,0,0,1,0,0,0
9514,925926.0,2,0,1,0,0,0,1,0,0
9515,833333.0,2,0,1,0,0,1,0,0,0
9515,925926.0,2,0,1,0,0,0,1,0,0
9516,462963.0,2,0,1,0,1,1,0,0,0
9516,370370.0,1,1,1,0,1,1,0,0,0
9517,592593.0,2,0,1,0,1,1,0,0,0
9517,740741.0,4,0,1,0,1,1,0,0,0
9518,370370.0,1,1,1,0,1,1,0,0,0
9519,314815.0,2,0,0,0,0,0,1,0,0
9519,388889.0,2,0,0,0,0,0,1,0,0
9520,425926.0,4,0,0,0,0,0,1,0,0
9521,462963.0,3,1,0,0,0,0,1,0,0
9522,509259.0,2,0,1,0,1,1,0,0,0
9522,453704.0,1,1,1,0,1,1,0,0,0
9523,407407.0,2,0,0,0,1,1,0,0,0
9523,259259.0,1,1,0,0,1,1,0,0,0
9524,444444.0,2,2,0,0,1,1,0,0,0
9524,583333.0,3,1,0,0,1,1,0,0,0
9524,305556.0,1,3,0,0,1,1,0,0,0
9525,444537.0,2,0,1,1,1,0,1,0,0
9525,694676.0,4,0,1,1,1,0,1,0,0
9525,377856.0,1,0,1,1,1,0,1,0,0
9526,453796.0,2,0,1,1,1,0,1,0,0
9526,385727.0,1,1,1,1,1,0,1,0,0
9527,194444.0,2,0,1,0,0,0,1,0,0
9527,175000.0,1,0,1,0,0,0,1,0,0
9528,673148.0,2,0,1,0,1,0,1,0,0
9528,605833.0,1,1,1,0,1,0,1,0,0
9529,454545.0,2,0,1,0,1,0,1,0,0
9530,545455.0,3,0,1,0,1,0,1,0,0
9531,545455.0,3,0,1,0,1,0,1,0,0
9532,352734.0,2,0,1,0,1,1,0,0,0
9533,370370.0,2,0,1,0,1,0,1,0,0
9534,416667.0,2,0,1,0,1,0,1,0,0
9535,462963.0,4,0,1,0,1,0,1,0,0
9536,1189211.0,2,1,1,0,1,0,1,0,0
9536,1207730.0,3,0,1,0,1,0,1,0,0
9536,1170693.0,1,2,1,0,1,0,1,0,0
9537,416667.0,2,0,1,0,0,0,1,0,0
9537,395833.0,1,0,1,0,0,0,1,0,0
9538,416667.0,2,0,1,0,0,0,1,0,0
9538,439815.0,3,0,1,0,0,0,1,0,0
9539,513889.0,2,0,1,0,0,0,1,0,0
9539,488194.0,1,0,1,0,0,0,1,0,0
9540,283333.0,2,1,1,0,1,0,1,0,0
9541,320796.0,2,1,1,0,1,0,1,0,0
9542,385019.0,3,0,1,0,1,0,1,0,0
9543,440917.0,2,0,1,0,1,0,0,0,0
9544,529101.0,5,0,1,0,1,0,0,0,0
9545,604154.0,2,1,1,0,1,0,1,0,0
9545,521180.0,1,1,1,0,1,0,1,0,0
9546,870115.0,4,1,1,0,1,0,1,0,0
9547,944444.0,2,0,1,0,1,0,1,0,0
9547,1000000.0,3,0,1,0,1,0,1,0,0
9547,888889.0,1,0,1,0,1,0,1,0,0
9548,183824.0,1,0,1,0,1,0,1,0,0
9549,202206.0,1,0,1,0,1,0,1,0,0
9550,396825.0,2,2,0,0,1,1,0,0,0
9550,661376.0,3,1,0,0,1,1,0,0,0
9550,264550.0,1,3,0,0,1,1,0,0,0
9551,833333.0,2,0,0,0,1,1,0,0,0
9552,879630.0,2,0,0,0,1,1,0,0,0
9553,294118.0,2,0,1,0,1,0,1,0,0
9553,264706.0,1,0,1,0,1,0,1,0,0
9554,335601.0,20,1,1,0,1,0,0,0,0
9555,468714.0,6,0,1,0,1,0,1,0,0
9556,1727363.0,8,1,0,0,1,0,0,0,0
9557,1249468.0,4,1,0,0,1,0,0,0,0
9558,509259.0,2,0,0,0,1,0,1,0,0
9559,509259.0,2,0,0,0,1,0,1,0,0
9560,666667.0,3,0,0,0,1,0,1,0,0
9561,652198.0,2,1,0,0,1,0,0,0,0
9562,649767.0,2,1,0,0,1,0,0,0,0
9563,462963.0,2,0,1,0,1,0,0,0,0
9564,1448486.0,6,1,1,0,1,0,0,0,0
9565,238879.0,2,0,0,0,1,1,0,0,0
9565,288303.0,2,0,0,0,1,1,0,0,0
9566,355575.0,4,1,1,0,1,0,0,0,0
9567,1081944.0,2,0,1,0,1,1,0,0,0
9567,1027847.0,1,1,1,0,1,1,0,0,0
9568,1222685.0,2,0,1,0,1,1,0,0,0
9569,712489.0,2,1,1,1,1,1,0,1,0
9569,839812.0,2,1,1,1,1,1,0,1,1
9570,712489.0,2,1,1,1,1,1,0,1,0
9570,839812.0,2,1,1,1,1,1,0,1,1
9571,206865.0,2,2,1,0,1,0,1,0,0
9572,206865.0,2,1,1,0,1,0,1,0,0
9572,231481.0,2,0,1,0,1,0,1,0,0
9573,427670.0,2,0,1,0,1,0,1,0,0
9573,477995.0,2,1,1,0,1,0,0,0,0
9574,481546.0,2,0,1,0,1,0,1,0,0
9574,547267.0,2,1,1,0,1,0,0,0,0
9575,589298.0,2,0,1,0,1,0,1,0,0
9575,676369.0,2,1,1,0,1,0,0,0,0
9576,750893.0,2,0,1,0,1,0,1,0,0
9576,861009.0,2,1,1,0,1,0,0,0,0
9577,1448116.0,2,0,1,0,1,1,0,0,0
9577,1479154.0,2,0,1,0,1,1,0,0,1
9578,1454460.0,2,0,1,0,1,1,0,0,0
9578,1475653.0,2,0,1,0,1,0,1,0,1
9578,1952616.0,2,0,1,0,1,0,1,0,1
9579,1798124.0,2,0,1,0,1,1,0,0,1
9579,1836681.0,2,0,1,0,1,0,1,0,0
9579,1855965.0,2,0,1,0,1,0,1,0,1
9579,2441043.0,2,0,1,0,1,0,1,0,1
9580,1944938.0,2,0,1,0,1,1,0,0,1
9580,1993084.0,2,0,1,0,1,0,1,0,0
9580,2008929.0,2,0,1,0,1,0,1,0,1
9580,2587298.0,2,0,1,0,1,0,1,0,1
9581,1981758.0,2,0,1,0,1,1,0,0,1
9581,2031601.0,2,0,1,0,1,0,1,0,0
9581,2045028.0,2,0,1,0,1,0,1,0,1
9581,2636414.0,3,0,1,0,1,0,1,0,1
9582,2463147.0,2,0,1,0,1,0,1,0,1
9582,2655274.0,2,0,1,0,1,1,0,0,1
9582,3111186.0,3,0,1,0,1,0,1,0,1
9583,4780620.0,2,0,1,0,1,1,0,0,0
9583,4920266.0,2,0,1,0,1,1,0,0,1
9583,5020679.0,2,0,1,0,1,0,1,0,1
9584,6714860.0,2,0,1,0,1,1,0,0,0
9584,6850965.0,2,0,1,0,1,1,0,0,1
9584,6990781.0,2,0,1,0,1,0,1,0,1
9585,1527778.0,2,0,1,0,1,1,0,0,0
9586,627388.0,2,1,1,0,1,0,0,0,0
9587,627388.0,2,1,1,0,1,0,0,0,0
9588,776722.0,2,1,1,0,1,0,0,0,0
9589,593674.0,2,1,1,1,1,0,1,0,0
9590,593674.0,2,1,1,1,1,0,1,0,0
9590,665432.0,2,0,1,1,1,1,0,0,0
9591,661765.0,2,1,1,1,1,0,0,0,0
9592,661765.0,2,1,1,1,1,0,0,0,0
9593,688836.0,2,1,1,1,1,0,1,0,0
9593,761029.0,2,1,1,1,1,0,0,0,0
9594,729356.0,2,1,1,1,1,0,1,0,0
9595,885286.0,4,1,1,1,1,0,1,0,0
9595,951287.0,4,1,1,1,1,0,0,0,0
9596,891544.0,2,1,1,1,1,0,0,0,0
9597,372243.0,2,0,0,0,1,0,0,0,0
9597,413603.0,2,0,0,0,1,0,1,0,0
9598,526781.0,2,0,0,0,1,0,0,0,0
9598,785846.0,2,0,0,0,1,0,1,0,0
9599,623503.0,2,0,0,0,1,0,0,0,0
9600,909926.0,2,0,0,0,1,0,1,0,0
9601,951663.0,2,0,0,0,1,0,0,0,0
9602,1364890.0,2,0,0,0,1,0,1,0,0
9603,346389.0,2,0,1,0,1,0,0,0,0
9603,461712.0,2,1,1,0,1,0,1,0,0
9604,469767.0,2,1,1,0,1,0,0,0,0
9605,522820.0,2,1,1,0,1,0,0,0,0
9606,615616.0,2,0,1,0,1,0,1,0,0
9607,677177.0,2,1,1,0,1,0,1,0,0
9608,1200000.0,2,1,0,0,0,1,0,0,0
9608,1254434.0,2,0,0,0,0,1,0,0,1
9608,1350000.0,2,1,0,0,0,1,0,0,1
9609,2339340.0,2,1,0,0,0,1,0,0,0
9609,2489340.0,2,1,0,0,0,1,0,0,1
9610,2385805.0,2,0,0,0,0,1,0,0,1
9610,2545208.0,4,1,0,0,0,1,0,0,0
9610,2845208.0,4,1,0,0,0,1,0,0,1
9611,513088.0,2,1,1,1,1,0,1,0,0
9611,586420.0,2,1,1,1,1,0,1,0,0
9611,648148.0,2,1,1,1,1,0,1,0,0
9612,563949.0,2,1,1,1,1,0,1,0,0
9612,628307.0,2,1,1,1,1,0,1,0,0
9612,694444.0,2,1,1,1,1,0,1,0,0
9613,606351.0,2,1,1,1,1,0,1,0,0
9613,670194.0,2,1,1,1,1,0,1,0,0
9613,740741.0,2,1,1,1,1,0,1,0,0
9614,495496.0,2,0,1,0,1,0,1,0,0
9615,585586.0,2,0,1,0,1,0,1,0,0
9616,675676.0,2,0,1,0,1,0,1,0,0
9617,279052.0,2,0,0,0,1,0,0,0,0
9617,304762.0,2,0,0,0,1,0,0,0,0
9618,314196.0,3,0,0,0,1,0,0,0,0
9618,325926.0,3,0,0,0,1,0,0,0,0
9619,340039.0,4,0,0,0,1,0,0,0,0
9619,352734.0,4,0,0,0,1,0,0,0,0
9620,469655.0,5,0,0,0,1,0,0,0,0
9620,633568.0,5,0,0,0,1,0,0,0,0
9621,626351.0,2,0,0,0,1,0,0,0,0
9621,651852.0,2,0,0,0,1,0,0,0,0
9622,353256.0,2,1,0,0,1,0,0,0,0
9622,1574074.0,2,1,0,0,1,0,1,0,0
9623,425049.0,4,0,0,0,1,0,0,0,0
9623,2337500.0,4,0,0,0,1,0,1,0,0
9624,518590.0,2,1,0,0,1,0,0,0,0
9625,540636.0,4,0,0,0,1,0,0,0,0
9626,868086.0,5,0,0,0,1,0,0,0,0
9626,3148148.0,5,0,0,0,1,0,1,0,0
9627,1086001.0,6,0,0,0,1,0,0,0,0
9627,4722222.0,7,0,0,0,1,0,1,0,0
9628,1917599.0,2,0,1,1,1,1,0,0,0
9628,2063052.0,2,0,1,1,1,0,0,1,1
9629,1917599.0,2,1,1,1,1,1,0,0,0
9629,2063052.0,2,1,1,1,1,1,0,1,1
9630,1917599.0,2,0,1,1,1,1,0,0,0
9630,2063052.0,2,0,1,1,1,1,0,1,1
9631,2320282.0,2,1,1,1,1,1,0,0,0
9631,2373016.0,2,1,1,1,1,1,0,0,1
9632,2615330.0,2,0,1,1,1,1,0,0,0
9632,3552021.0,2,0,1,1,1,1,0,0,1
9633,2689418.0,2,1,1,1,1,1,0,0,0
9633,3093289.0,2,0,1,1,1,1,0,0,1
9634,2794885.0,2,1,1,1,1,1,0,0,0
9634,3094860.0,2,0,1,1,1,1,0,0,1
9635,2872576.0,2,1,1,1,1,1,0,0,0
9636,3164021.0,2,1,1,1,1,1,0,0,0
9636,3552021.0,2,0,1,1,1,1,0,0,1
9637,3216755.0,2,1,1,1,1,1,0,0,0
9637,3552021.0,2,0,1,1,1,1,0,0,1
9638,3216755.0,2,0,1,1,1,1,0,0,0
9639,3216755.0,3,1,1,1,1,1,0,0,0
9639,3666712.0,2,0,1,1,1,1,0,0,1
9640,3533157.0,2,1,1,1,1,1,0,0,0
9640,3990462.0,2,0,1,1,1,1,0,0,1
9641,3533157.0,2,1,1,1,1,1,0,0,0
9641,3990462.0,2,0,1,1,1,1,0,0,1
9642,3627380.0,2,1,1,1,1,1,0,0,0
9642,5914123.0,2,0,1,1,1,1,0,0,1
9643,3691358.0,2,1,1,1,1,1,0,0,0
9643,4101399.0,2,0,1,1,1,1,0,0,1
9644,4429630.0,4,2,1,1,1,1,0,0,0
9644,4931816.0,2,0,1,1,1,1,0,0,1
9645,4640564.0,2,1,1,1,1,1,0,0,0
9645,5153660.0,2,0,1,1,1,1,0,0,1
9646,6749912.0,4,2,1,1,1,1,0,0,0
9646,7851728.0,2,0,1,1,1,1,0,0,1
9647,20935273.0,2,2,1,1,1,1,0,0,1
9647,22752836.0,2,0,1,1,1,1,0,0,1
9648,181481.0,2,0,0,0,0,0,1,0,0
9649,278704.0,4,0,0,0,0,0,1,0,0
9650,466667.0,8,0,0,0,0,0,1,0,0
9651,324074.0,2,0,1,0,1,0,1,0,0
9652,370370.0,2,0,1,0,1,0,1,0,0
9653,370370.0,4,0,1,0,1,0,1,0,0
9654,157407.0,1,0,1,0,1,0,1,0,0
9655,324074.0,1,0,1,0,1,0,1,0,0
9656,351852.0,2,0,1,0,1,0,1,0,0
9656,316667.0,1,0,1,0,1,0,1,0,0
9657,462963.0,3,0,1,0,1,0,1,0,0
9658,666667.0,2,0,1,0,1,0,1,0,0
9658,766667.0,3,0,1,0,1,0,1,0,0
9658,633333.0,1,0,1,0,1,0,1,0,0
9659,370370.0,2,0,1,0,1,0,1,0,0
9660,416667.0,4,0,1,0,1,0,1,0,0
9661,125000.0,1,0,1,0,1,1,0,0,0
9661,138889.0,1,0,1,0,1,0,1,0,0
9662,138889.0,1,0,1,0,1,0,1,0,0
9663,555556.0,2,0,1,0,1,0,1,0,0
9663,599647.0,3,0,1,0,1,0,1,0,0
9663,511464.0,1,0,1,0,1,0,1,0,0
9664,573192.0,2,0,1,0,1,0,1,0,0
9664,617284.0,3,0,1,0,1,0,1,0,0
9664,529101.0,1,0,1,0,1,0,1,0,0
9665,617284.0,2,0,1,0,1,0,1,0,0
9665,573192.0,1,0,1,0,1,0,1,0,0
9666,126984.0,1,0,1,0,1,0,1,0,0
9667,176367.0,2,0,1,0,0,1,0,0,0
9667,158730.0,1,0,1,0,0,1,0,0,0
9668,352734.0,2,0,1,0,0,0,1,0,0
9668,388007.0,3,0,1,0,0,0,1,0,0
9668,317460.0,1,0,1,0,0,0,1,0,0
9669,573192.0,2,0,1,0,0,0,1,0,0
9669,630511.0,3,0,1,0,0,0,1,0,0
9669,515873.0,1,0,1,0,0,0,1,0,0
9670,88183.0,1,0,1,0,0,1,0,0,0
9671,176367.0,4,0,1,0,1,0,1,0,0
9672,1666667.0,2,0,1,0,1,0,0,0,1
9673,1990741.0,2,0,1,0,1,0,0,0,1
9674,2037037.0,8,0,1,0,1,0,0,0,1
9675,220240.0,2,0,0,0,0,1,0,0,0
9676,225310.0,2,1,1,0,1,0,1,0,0
9677,302294.0,2,1,1,0,1,0,1,0,0
9678,361891.0,3,1,1,0,1,0,1,0,0
9679,547874.0,2,1,1,0,1,0,1,0,0
9680,277778.0,2,0,1,0,1,0,1,0,0
9681,370370.0,4,0,1,0,1,0,1,0,0
9682,531789.0,2,0,1,0,1,0,0,0,0
9682,655444.0,2,0,1,0,1,0,1,0,0
9683,531789.0,2,1,1,0,1,0,0,0,0
9683,655444.0,2,1,1,0,1,0,1,0,0
9684,917685.0,9,1,1,0,1,0,1,0,0
9685,3277222.0,24,0,1,0,1,0,1,0,0
9685,110758.0,1,0,1,0,1,0,0,0,0
9686,132222.0,1,0,1,0,1,0,1,0,0
9687,545455.0,2,0,1,0,1,0,1,0,0
9687,695083.0,2,0,1,0,1,0,1,0,0
9688,636364.0,3,0,1,0,1,0,1,0,0
9688,870732.0,3,0,1,0,1,0,1,0,0
9689,731818.0,2,0,1,0,1,0,1,0,0
9689,869030.0,2,0,1,0,1,0,1,0,0
9690,818182.0,2,0,1,0,1,0,1,0,0
9690,999983.0,2,0,1,0,1,0,1,0,0
9691,1564606.0,2,1,1,0,1,0,1,0,1
9691,2100000.0,2,1,1,0,1,0,1,0,1
9692,2240118.0,4,1,1,0,1,0,1,0,1
9692,2940000.0,4,1,1,0,1,0,1,0,1
9693,454963.0,2,0,1,0,1,1,0,0,0
9693,505515.0,2,0,1,0,1,0,1,0,0
9694,643382.0,4,0,1,0,1,0,1,0,0
9695,328972.0,2,0,1,0,1,0,1,0,0
9696,328972.0,2,0,1,0,1,0,1,0,0
9697,532470.0,2,0,1,0,1,0,1,0,0
9698,695954.0,2,0,1,0,1,0,1,0,0
9699,459447.0,2,0,1,0,1,0,1,0,1
9699,656578.0,3,0,1,0,1,0,1,0,1
9699,722222.0,2,0,0,0,1,0,1,0,1
9700,666629.0,2,0,1,0,1,0,1,0,1
9700,833333.0,2,0,0,0,1,0,1,0,1
9700,750000.0,1,0,0,0,1,0,1,0,1
9701,694444.0,2,0,0,0,1,0,1,0,1
9701,486111.0,1,0,0,0,1,0,1,0,1
9702,733822.0,3,0,1,0,1,0,1,0,1
9702,885199.0,2,0,0,0,1,0,1,0,1
9703,1000000.0,3,0,0,0,1,0,1,0,1
9703,888889.0,1,0,0,0,1,0,1,0,1
9704,400000.0,2,0,1,0,1,0,0,0,0
9705,427273.0,2,0,1,0,1,0,0,0,0
9706,472727.0,2,0,1,0,1,0,0,0,0
9707,509091.0,2,0,1,0,1,0,0,0,0
9708,590909.0,4,0,1,0,1,0,0,0,0
9709,441176.0,16,0,1,0,0,0,1,0,0
9710,932727.0,2,0,1,0,1,0,0,0,0
9710,1036364.0,2,0,1,0,1,0,1,0,0
9711,1030909.0,2,0,1,0,1,0,0,0,0
9711,1145455.0,2,0,1,0,1,0,1,0,0
9712,1030909.0,2,0,1,0,1,0,0,0,0
9712,1145455.0,2,0,1,0,1,0,1,0,0
9712,1281818.0,3,0,1,0,1,0,1,0,0
9713,2160000.0,8,0,1,0,1,0,0,0,0
9713,2400000.0,8,0,1,0,1,0,1,0,0
9714,2945455.0,12,0,1,0,1,0,0,0,0
9714,3272727.0,12,0,1,0,1,0,1,0,0
9715,277778.0,2,0,1,0,1,0,1,0,0
9716,558963.0,4,1,1,0,1,0,1,0,0
9717,558963.0,2,1,1,0,1,0,1,0,0
9718,699111.0,6,1,1,0,1,0,1,0,0
9719,166667.0,30,0,1,0,1,1,0,0,0
9719,185185.0,30,0,1,0,1,0,1,0,0
9720,811140.0,2,0,1,0,1,0,1,0,0
9720,966931.0,2,1,1,0,1,1,0,0,0
9721,1010926.0,2,0,1,0,1,0,1,0,0
9721,1169312.0,2,1,1,0,1,1,0,0,0
9721,876984.0,1,1,1,0,1,1,0,0,0
9722,1204191.0,2,0,1,0,1,0,1,0,0
9722,1394180.0,2,1,1,0,1,1,0,0,0
9723,1204191.0,2,0,1,0,1,0,1,0,0
9724,1882255.0,3,0,1,0,1,0,1,0,0
9724,2203704.0,3,1,1,0,1,1,0,0,0
9725,2426709.0,4,0,1,0,1,0,1,0,0
9725,2653439.0,4,1,1,0,1,1,0,0,0
9726,1902574.0,2,0,1,0,1,0,0,0,1
9727,2219669.0,3,0,1,0,1,0,0,0,1
9728,2642463.0,4,0,1,0,1,0,0,0,1
9729,3170956.0,4,0,1,0,1,0,0,0,1
9730,3699449.0,4,0,1,0,1,0,0,0,1
9731,5284926.0,8,0,1,0,1,0,0,0,1
9732,601852.0,4,0,1,0,1,0,1,0,0
9733,248162.0,2,0,1,0,0,0,1,0,0
9733,248162.0,2,0,1,0,0,0,0,0,0
9733,223346.0,1,0,1,0,0,0,1,0,0
9733,223346.0,1,0,1,0,0,0,0,0,0
9734,316406.0,2,0,1,0,0,0,0,0,0
9734,351563.0,2,0,1,0,0,0,1,0,0
9734,372243.0,3,0,1,0,0,0,1,0,0
9735,669827.0,2,1,1,0,1,1,0,0,0
9736,617078.0,2,1,1,0,1,1,0,0,0
9737,826287.0,2,0,1,0,1,0,1,0,0
9737,1010110.0,3,0,1,0,1,0,1,0,0
9738,735294.0,2,1,1,0,1,0,0,0,1
9738,625000.0,1,1,1,0,1,0,0,0,1
9739,1056985.0,2,0,1,0,1,0,0,0,1
9740,1240809.0,4,0,1,0,1,0,0,0,1
9741,4227941.0,20,0,1,0,1,0,0,0,1
9742,324074.0,2,0,1,0,1,1,0,0,0
9743,416667.0,4,0,1,0,1,1,0,0,0
9744,416667.0,2,0,1,0,1,1,0,0,0
9745,509259.0,4,0,1,0,1,1,0,0,0
9746,648148.0,4,0,1,0,1,1,0,0,0
9747,277778.0,2,0,1,0,1,0,1,0,1
9747,416667.0,3,0,1,0,1,0,1,0,1
9747,125000.0,1,0,1,0,1,1,0,0,1
9747,138889.0,1,0,1,0,1,0,1,0,1
9748,316667.0,2,0,1,0,1,1,0,0,1
9748,351852.0,2,0,1,0,1,0,1,0,1
9749,833333.0,2,0,1,0,1,0,1,0,1
9749,972222.0,3,0,1,0,1,0,1,0,1
9749,500000.0,1,0,1,0,1,1,0,0,1
9749,555556.0,1,0,1,0,1,0,1,0,1
9750,324074.0,2,0,1,0,1,0,1,0,0
9750,356481.0,4,0,1,0,1,0,1,0,0
9751,336764.0,2,1,1,0,1,0,1,0,0
9751,431296.0,2,1,1,0,1,0,1,0,0
9752,134332.0,1,0,1,0,1,0,1,0,0
9752,163704.0,1,0,1,0,1,0,1,0,0
9753,418033.0,2,0,1,0,1,0,1,0,0
9754,418033.0,2,0,1,0,1,0,1,0,0
9755,545117.0,3,0,1,0,1,0,1,0,0
9756,338367.0,2,1,0,0,1,0,0,0,0
9756,452956.0,2,1,0,0,1,0,1,0,0
9757,543614.0,4,1,0,0,1,0,0,0,0
9757,678741.0,4,1,0,0,1,0,1,0,0
9758,133981.0,1,0,0,0,1,0,0,0,0
9759,170378.0,1,0,0,0,1,0,1,0,0
9760,787037.0,4,0,1,0,0,0,0,0,0
9761,305311.0,2,1,1,0,1,0,1,0,0
9762,335867.0,2,0,1,0,1,0,1,0,0
9763,407244.0,3,0,1,0,1,0,1,0,0
9764,407244.0,3,0,1,0,1,0,1,0,0
9765,508933.0,4,0,1,0,1,0,1,0,0
9766,787037.0,2,0,1,0,1,1,0,0,1
9766,708333.0,1,0,1,0,1,1,0,0,1
9767,443284.0,2,1,1,0,1,1,0,0,0
9768,925926.0,3,0,1,0,1,0,1,0,1
9769,925926.0,2,0,1,0,1,0,1,0,1
9770,1388889.0,2,0,1,0,1,0,1,0,1
9771,1388889.0,2,0,1,0,1,0,1,0,1
9772,4629630.0,2,0,1,0,1,0,1,0,1
9773,6666667.0,12,0,1,0,1,0,1,0,1
9774,323354.0,2,1,1,0,1,0,1,0,1
9775,430172.0,2,1,1,0,1,0,0,0,0
9776,275735.0,2,0,1,0,0,0,1,0,0
9777,275735.0,2,0,1,0,0,0,1,0,0
9778,321691.0,2,0,1,0,1,0,1,0,0
9778,353860.0,3,0,1,0,1,0,1,0,0
9779,363971.0,2,0,1,0,1,0,0,0,0
9779,367647.0,4,0,1,0,1,0,1,0,0
9780,275735.0,1,0,1,0,1,0,1,0,0
9780,303309.0,1,0,1,0,1,0,0,0,0
9781,123948.0,2,1,1,0,1,0,1,0,0
9782,648148.0,2,0,1,0,0,0,1,0,1
9782,583333.0,1,0,1,0,0,0,1,0,1
9783,312687.0,2,1,1,0,1,0,0,0,1
9784,175926.0,2,0,1,0,1,0,1,0,0
9785,92593.0,1,0,1,0,1,0,1,0,0
9786,731481.0,2,0,0,0,0,1,0,0,0
9786,658333.0,1,0,0,0,0,1,0,0,0
9787,1015278.0,2,0,0,0,0,1,0,0,0
9787,1075000.0,3,0,0,0,0,1,0,0,0
9787,955556.0,1,0,0,0,0,1,0,0,0
9788,347556.0,2,0,0,0,0,1,0,0,0
9789,833333.0,2,0,1,0,1,0,1,0,1
9789,750000.0,1,0,1,0,1,0,1,0,1
9790,333333.0,2,0,1,0,1,1,0,0,0
9790,370370.0,2,0,1,0,1,0,1,0,0
9791,197616.0,3,0,1,0,0,0,1,0,0
9792,225847.0,4,0,1,0,0,0,1,0,0
9793,505550.0,2,1,1,0,1,0,1,0,0
9794,323354.0,2,1,1,0,1,0,1,0,1
9795,278753.0,2,1,1,0,1,0,1,0,0
9796,326203.0,2,1,1,0,1,0,1,0,0
9797,597426.0,2,0,1,0,1,0,1,0,0
9798,907488.0,2,0,1,0,1,1,0,0,0
9798,927349.0,2,0,1,0,1,1,0,0,0
9798,1161679.0,2,0,1,0,1,0,1,0,0
9799,907488.0,2,0,1,0,1,1,0,0,0
9799,927349.0,2,0,1,0,1,1,0,0,0
9799,1161679.0,2,0,1,0,1,0,1,0,0
9800,1236485.0,2,0,1,0,1,0,0,0,0
9800,1553635.0,2,0,1,0,1,0,1,0,0
9801,1236485.0,2,0,1,0,1,0,0,0,0
9801,1553635.0,2,0,1,0,1,0,1,0,0
9802,407407.0,2,0,1,0,0,0,0,0,0
9802,366667.0,1,0,1,0,0,0,0,0,0
9803,462963.0,2,0,1,0,0,0,0,0,0
9803,416667.0,1,0,1,0,0,0,0,0,0
9804,583333.0,2,0,1,0,1,0,1,0,0
9804,648148.0,3,0,1,0,1,0,1,0,0
9804,550926.0,1,0,1,0,1,0,1,0,0
9805,833333.0,3,0,1,0,1,0,1,0,0
9805,787037.0,1,0,1,0,1,0,1,0,0
9806,174474.0,2,1,1,0,1,0,1,0,0
9807,174474.0,2,1,1,0,1,0,1,0,0
9808,256692.0,3,1,1,0,1,0,1,0,0
9809,174824.0,2,0,0,0,1,1,0,0,0
9810,212500.0,2,0,0,0,1,1,0,0,0
9810,233774.0,2,0,0,0,1,1,0,0,0
9810,262500.0,1,1,0,0,1,0,0,0,0
9811,212500.0,2,0,0,0,1,1,0,0,0
9811,225000.0,1,0,0,0,1,0,0,0,0
9812,349206.0,2,0,1,0,1,0,1,0,0
9813,523810.0,4,2,1,0,1,0,1,0,0
9814,1175392.0,2,0,1,0,1,1,0,0,0
9814,1269591.0,2,0,1,0,1,0,0,0,0
9814,2500000.0,2,0,1,0,1,0,1,0,0
9814,2777421.0,2,0,1,0,1,0,1,0,0
9815,1175392.0,2,0,1,0,1,1,0,0,0
9815,2500000.0,2,0,1,0,1,0,1,0,0
9815,2250000.0,1,0,1,0,1,0,1,0,0
9816,462963.0,2,0,1,0,1,1,0,0,0
9817,509259.0,2,0,1,0,1,1,0,0,0
9818,648148.0,3,0,1,0,1,1,0,0,0
9819,185185.0,2,0,1,0,1,0,1,0,0
9819,231481.0,3,0,1,0,1,0,1,0,0
9820,380185.0,2,0,1,0,1,0,1,0,0
9820,567357.0,2,0,1,0,1,0,1,0,0
9821,648941.0,2,0,1,0,1,0,1,0,0
9822,665940.0,3,0,1,0,1,0,1,0,0
9823,642538.0,2,0,1,0,1,1,0,0,0
9824,745316.0,2,0,1,0,1,1,0,0,0
9824,1388889.0,2,0,1,0,1,1,0,0,0
9824,1250000.0,1,0,1,0,1,1,0,0,0
9825,266667.0,2,0,1,0,1,1,0,0,0
9825,296296.0,2,0,1,0,1,0,1,0,0
9825,333333.0,3,0,1,0,1,0,1,0,0
9826,379167.0,2,0,1,0,1,1,0,0,0
9826,421296.0,2,0,1,0,1,0,1,0,0
9826,451389.0,3,0,1,0,1,0,1,0,0
9827,300740.0,2,1,1,0,1,1,0,0,0
9828,128763.0,2,1,1,0,1,0,0,0,0
9828,459630.0,2,1,0,0,1,0,1,0,0
9829,128763.0,2,1,1,0,1,0,0,0,0
9829,459630.0,2,1,0,0,1,0,1,0,0
9830,175173.0,3,1,1,0,1,0,0,0,0
9830,591852.0,3,1,0,0,1,0,1,0,0
9831,185185.0,2,0,1,0,1,0,1,0,0
9832,277778.0,3,2,1,0,1,0,1,0,0
9833,416667.0,2,0,1,0,1,0,1,0,0
9834,416667.0,2,0,1,0,1,0,1,0,0
9835,555556.0,3,0,1,0,1,0,1,0,0
9836,158730.0,2,3,1,0,1,0,1,0,0
9837,176367.0,2,3,1,0,1,0,1,0,0
9838,462963.0,2,0,1,0,1,0,0,0,0
9839,555556.0,3,0,1,0,1,0,0,0,0
9840,643739.0,2,1,1,0,1,0,1,0,0
9840,650176.0,2,1,1,0,1,1,0,0,0
9841,643739.0,2,1,1,0,1,0,1,0,0
9842,250000.0,2,0,1,0,0,0,1,0,0
9842,242575.0,1,1,1,0,0,1,0,0,0
9842,252500.0,1,1,1,0,0,0,1,0,0
9843,485149.0,4,0,1,0,0,1,0,0,0
9843,500000.0,4,0,1,0,0,0,1,0,0
9843,505000.0,4,0,1,0,0,0,1,0,0
9844,552387.0,2,0,1,1,1,0,0,0,0
9845,619032.0,2,0,1,1,1,0,0,0,0
9846,277778.0,2,0,1,0,0,0,1,0,0
9846,250000.0,1,0,1,0,0,0,1,0,0
9847,370370.0,4,0,1,0,0,0,1,0,0
9848,462963.0,5,0,1,0,0,0,1,0,0
9849,274816.0,2,0,1,0,1,0,0,0,0
9850,109375.0,1,0,1,0,1,0,0,0,0
9851,176502.0,2,1,1,0,1,0,0,0,0
9852,366983.0,2,1,1,0,1,0,1,0,0
9852,392778.0,2,1,1,0,1,0,1,0,0
9853,1281046.0,8,4,1,0,1,0,1,0,0
9854,781250.0,2,0,1,0,1,0,0,0,0
9854,827206.0,3,0,1,0,1,0,0,0,0
9854,735294.0,1,0,1,0,1,0,0,0,0
9855,919118.0,2,0,1,0,1,0,0,0,0
9856,1280899.0,10,1,1,0,1,0,0,0,0
9857,797478.0,2,1,1,0,1,1,0,0,0
9858,416667.0,2,0,1,0,1,1,0,0,0
9859,416667.0,2,0,1,0,1,1,0,0,0
9859,925926.0,6,0,1,0,1,1,0,0,0
9860,416667.0,2,0,1,0,1,1,0,0,0
9861,412047.0,2,0,0,0,1,0,0,0,0
9862,777439.0,2,0,1,0,1,0,0,0,0
9863,204391.0,4,1,1,0,1,1,0,0,0
9864,491274.0,2,0,0,0,0,1,0,0,0
9865,520166.0,4,1,1,0,1,1,0,0,0
9866,345814.0,2,0,0,0,0,1,0,0,0
9867,370370.0,2,0,1,0,1,0,1,0,0
9868,416667.0,2,0,1,0,1,0,1,0,0
9868,395833.0,1,1,1,0,1,0,1,0,0
9869,962500.0,2,0,1,0,0,0,1,0,0
9869,1031250.0,3,0,1,0,0,0,1,0,0
9869,893750.0,1,0,1,0,0,0,1,0,0
9870,374271.0,2,0,0,0,0,1,0,0,0
9871,344669.0,2,0,1,0,1,0,1,0,0
9872,567357.0,2,0,1,0,1,0,1,0,0
9873,709196.0,3,0,1,0,1,0,1,0,0
9874,305833.0,2,0,1,0,1,1,0,0,0
9874,305833.0,1,0,1,0,1,1,0,0,0
9875,367499.0,4,0,1,0,1,1,0,0,0
9876,1257422.0,2,2,1,0,1,0,0,0,1
9876,1461126.0,4,1,1,0,1,0,0,0,1
9877,330906.0,2,0,1,0,1,0,0,0,0
9877,354253.0,2,0,1,0,1,0,0,0,1
9878,437044.0,3,0,1,0,1,0,0,0,0
9878,441094.0,2,0,1,0,1,0,0,0,1
9879,1627231.0,2,1,1,0,1,1,0,0,1
9880,407428.0,2,0,1,0,1,0,0,0,0
9881,540466.0,3,0,1,0,1,0,0,0,0
9882,677661.0,4,0,1,0,1,0,0,0,0
9883,478936.0,2,0,0,0,1,1,0,0,0
9884,478936.0,2,0,0,0,1,1,0,0,0
9885,248162.0,2,0,1,0,1,0,1,0,0
9886,257353.0,3,0,1,0,1,0,1,0,0
9887,275735.0,2,0,1,0,1,0,1,0,0
9887,303309.0,3,0,1,0,1,0,1,0,0
9888,413603.0,4,0,1,0,1,0,1,0,0
9889,306377.0,2,0,0,0,1,1,0,0,0
9890,348302.0,2,1,0,0,1,1,0,0,0
9891,1388889.0,2,0,1,0,1,0,1,0,0
9891,1250000.0,1,0,1,0,1,0,1,0,0
9892,668734.0,2,1,1,0,1,0,1,0,0
9893,231765.0,2,0,0,0,0,1,0,0,0
9894,402390.0,2,1,1,0,1,0,1,0,0
9895,396771.0,2,0,0,0,0,0,1,0,0
9896,396804.0,2,0,0,0,0,0,1,0,0
9897,638343.0,2,1,1,0,1,1,0,0,1
9898,607405.0,2,0,0,0,0,1,0,0,0
9899,919324.0,2,0,0,0,0,1,0,0,0
9900,254232.0,2,1,1,0,1,0,1,0,1
9901,432870.0,2,0,1,0,0,0,1,0,0
9901,458333.0,3,0,1,0,0,0,1,0,0
9901,407407.0,1,0,1,0,0,0,1,0,0
9902,432870.0,2,0,1,0,0,0,1,0,0
9902,458333.0,3,0,1,0,0,0,1,0,0
9902,407407.0,1,0,1,0,0,0,1,0,0
9903,832506.0,2,0,0,0,0,1,0,0,0
9904,900844.0,2,1,1,1,1,0,0,0,0
9904,1142857.0,2,1,1,1,1,1,0,0,0
9905,1019721.0,2,2,1,1,1,0,0,0,0
9905,1219048.0,2,0,1,1,1,1,0,0,0
9906,1662118.0,2,1,1,1,1,0,0,0,0
9906,2082540.0,2,1,1,1,1,1,0,0,0
9907,2087782.0,2,2,1,1,1,0,0,0,0
9907,2615873.0,3,2,1,1,1,1,0,0,0
9908,5033990.0,2,2,1,1,1,0,0,0,0
9908,5033990.0,2,2,1,1,1,0,0,0,0
9909,1199235.0,2,2,1,1,1,0,0,0,0
9909,1199471.0,2,2,1,1,1,0,0,0,0
9910,1475897.0,2,2,1,1,1,0,0,0,0
9910,1476133.0,2,2,1,1,1,0,0,0,0
9911,1640435.0,2,2,1,1,1,0,0,0,0
9911,1640670.0,2,2,1,1,1,0,0,0,0
9912,1878735.0,2,2,1,1,1,0,0,0,0
9912,1878961.0,2,2,1,1,1,0,0,0,0
9913,2108796.0,3,2,1,1,1,0,0,0,0
9913,2109034.0,3,2,1,1,1,0,0,0,0
9914,2263001.0,4,2,1,1,1,0,0,0,0
9914,2263237.0,4,2,1,1,1,0,0,0,0
9915,3152868.0,2,2,1,1,1,0,0,0,0
9915,3153093.0,2,2,1,1,1,0,0,0,0
9916,3395352.0,6,2,1,1,1,0,0,0,0
9916,3395588.0,6,2,1,1,1,0,0,0,0
9917,308642.0,2,0,1,0,1,0,1,0,0
9917,643469.0,2,2,1,0,1,0,0,0,1
9917,745181.0,2,2,1,0,1,0,1,0,1
9918,347002.0,2,0,1,0,1,0,1,0,0
9919,347443.0,2,0,1,0,1,0,1,0,0
9919,733872.0,2,0,1,0,1,1,0,0,1
9919,834692.0,2,0,1,0,1,0,1,0,0
9920,351852.0,3,0,1,0,1,0,1,0,0
9921,366843.0,4,0,1,0,1,0,1,0,0
9922,366843.0,2,0,1,0,1,0,1,0,0
9922,1042722.0,2,2,1,0,1,0,0,0,1
9922,1090217.0,2,2,1,0,1,0,1,0,1
9923,596864.0,2,0,1,0,1,1,0,0,1
9923,895787.0,2,0,1,0,1,0,1,0,0
9924,880952.0,5,1,1,0,1,0,1,0,0
9924,1195413.0,4,2,1,0,1,0,0,0,1
9924,1666918.0,4,2,1,0,1,0,1,0,1
9925,210648.0,2,1,1,0,1,1,0,0,0
9926,240741.0,3,1,1,0,1,1,0,0,0
9927,300926.0,4,1,1,0,1,1,0,0,0
9928,331019.0,2,1,1,0,1,1,0,0,0
9929,430324.0,4,1,1,0,1,1,0,0,0
9930,2343496.0,2,0,0,1,1,1,0,0,0
9930,2376205.0,2,0,0,1,1,1,0,0,1
9931,481481.0,2,0,1,0,1,1,0,0,0
9931,650000.0,2,0,1,0,1,1,0,0,0
9931,467037.0,1,0,1,0,1,1,0,0,0
9932,518519.0,2,1,1,0,1,1,0,0,0
9932,700000.0,2,1,1,0,1,1,0,0,0
9932,502963.0,1,1,1,0,1,1,0,0,0
9932,665000.0,1,1,1,0,1,1,0,0,0
9933,518519.0,2,1,1,0,1,1,0,0,0
9933,700000.0,2,1,1,0,1,1,0,0,0
9934,592593.0,3,0,1,0,1,1,0,0,0
9934,800000.0,3,0,1,0,1,1,0,0,0
9935,740741.0,2,1,1,0,1,1,0,0,0
9935,1000000.0,2,1,1,0,1,1,0,0,0
9936,479273.0,2,0,1,0,1,1,0,0,0
9936,526105.0,2,0,1,0,1,1,0,0,1
9936,1885563.0,2,0,1,0,1,0,1,0,1
9937,519525.0,2,0,1,0,1,1,0,0,0
9937,527709.0,2,0,1,0,1,0,0,0,1
9937,747775.0,2,1,1,0,1,0,1,0,1
9937,1929685.0,2,0,1,0,1,0,1,0,1
9938,590523.0,2,0,1,0,1,1,0,0,0
9938,611996.0,2,0,1,0,1,1,0,0,1
9938,866425.0,2,1,1,0,1,0,1,0,1
9938,2184745.0,2,0,1,0,1,0,1,0,1
9939,590523.0,2,0,1,0,1,1,0,0,0
9939,611996.0,2,0,1,0,1,1,0,0,1
9939,866425.0,2,1,1,0,1,0,1,0,1
9939,2184745.0,2,0,1,0,1,0,1,0,1
9940,625216.0,3,0,1,0,1,1,0,0,0
9940,648174.0,3,0,1,0,1,1,0,0,1
9940,914900.0,3,1,1,0,1,0,1,0,1
9940,2306981.0,2,0,1,0,1,0,1,0,1
9941,666335.0,2,0,1,0,1,1,0,0,0
9941,690565.0,2,0,1,0,1,1,0,0,1
9941,976675.0,2,1,1,0,1,0,1,0,1
9941,2505310.0,2,0,1,0,1,0,1,0,1
9942,705250.0,2,1,1,0,1,0,0,0,0
9943,749968.0,3,0,1,0,1,1,0,0,0
9943,777239.0,3,0,1,0,1,1,0,0,1
9943,1097075.0,3,1,1,0,1,0,1,0,1
9943,2766351.0,2,0,1,0,1,0,1,0,1
9944,1069896.0,2,0,1,0,1,1,0,0,0
9944,1108801.0,2,0,1,0,1,1,0,0,1
9944,1566600.0,2,1,1,0,1,0,1,0,1
9945,286596.0,2,0,0,1,1,0,1,0,0
9945,570326.0,2,0,0,1,1,0,1,0,1
9946,297619.0,2,2,0,1,1,0,1,0,0
9946,386905.0,3,1,0,1,1,0,1,0,0
9946,592262.0,2,2,0,1,1,0,1,0,1
9946,829167.0,3,1,0,1,1,0,1,0,1
9947,793783.0,2,1,1,1,1,0,0,1,1
9947,926005.0,2,1,1,1,1,0,1,1,1
9948,876014.0,2,1,1,1,1,0,0,1,1
9948,1013643.0,2,1,1,1,1,0,1,1,1
9949,876014.0,2,1,1,1,1,0,0,1,1
9949,1013643.0,2,1,1,1,1,0,1,1,1
9950,1182802.0,2,1,1,1,1,0,0,1,1
9950,1322500.0,2,1,1,1,1,0,1,1,1
9951,1190315.0,3,1,1,1,1,0,0,1,1
9951,1321553.0,2,0,1,1,1,1,0,0,1
9951,1322870.0,3,1,1,1,1,0,1,1,1
9951,2092891.0,2,0,1,1,1,0,1,0,1
9952,1190315.0,3,1,1,1,1,0,0,1,1
9952,1299040.0,2,0,1,1,1,1,0,0,1
9952,1322870.0,3,1,1,1,1,0,1,1,1
9952,2162308.0,2,0,1,1,1,0,1,0,1
9953,1752729.0,2,1,1,1,1,0,0,1,1
9953,1939215.0,2,1,1,1,1,0,1,1,1
9954,2203770.0,4,1,1,1,1,0,0,1,1
9954,2292857.0,4,1,1,1,1,0,1,1,1
9954,3971574.0,2,0,1,1,1,0,1,0,1
9955,10452866.0,2,0,1,1,1,1,0,0,1
9955,11269841.0,2,1,1,1,1,1,0,0,1
9956,1839365.0,2,0,0,0,0,1,0,0,0
9956,2102661.0,2,0,0,0,0,1,0,0,1
9956,2452487.0,2,0,0,0,0,0,1,0,0
9956,2803549.0,2,0,0,0,0,0,1,0,1
9956,3092729.0,3,0,0,0,0,0,1,0,0
9957,1966965.0,2,0,0,0,0,1,0,0,0
9957,2295470.0,2,0,0,0,0,1,0,0,1
9957,2627532.0,2,0,0,0,0,0,1,0,0
9957,3066359.0,2,0,0,0,0,0,1,0,1
9957,3267773.0,3,0,0,0,0,0,1,0,0
9958,2098002.0,2,0,0,0,0,1,0,0,0
9958,2426508.0,2,0,0,0,0,1,0,0,1
9958,2802577.0,2,0,0,0,0,0,1,0,0
9958,3236973.0,2,0,0,1,0,0,1,1,1
9958,3241404.0,2,0,0,0,0,0,1,0,1
9959,2229041.0,2,0,0,0,0,1,0,0,0
9959,2557546.0,2,0,0,0,0,1,0,0,1
9959,2977622.0,2,0,0,0,0,0,1,0,0
9959,3411778.0,2,0,0,1,0,0,1,1,1
9959,3416449.0,2,0,0,0,0,0,1,0,1
9960,2329427.0,3,0,0,0,0,1,0,0,0
9960,2809302.0,3,0,0,0,0,1,0,0,1
9960,3107456.0,3,0,0,1,0,0,1,1,0
9960,3751965.0,3,0,0,1,0,0,1,1,1
9961,2360079.0,2,0,0,0,0,1,0,0,0
9961,2688584.0,2,0,0,0,0,1,0,0,1
9961,3151651.0,2,0,0,1,0,0,1,1,0
9961,3152666.0,2,0,0,0,0,0,1,0,0
9961,3586584.0,2,0,0,1,0,0,1,1,1
9962,2593112.0,3,0,0,0,0,1,0,0,0
9962,3124750.0,3,0,0,0,0,1,0,0,1
9962,3459213.0,3,0,0,1,0,0,1,1,0
9962,4191905.0,3,0,0,1,0,0,1,1,1
9963,3750584.0,2,0,0,0,0,1,0,0,0
9963,4079088.0,2,0,0,0,0,1,0,0,1
9963,5008531.0,2,0,0,1,0,0,1,1,0
9963,5010145.0,2,0,0,0,0,0,1,0,0
9963,5439607.0,2,0,0,1,0,0,1,1,1
9964,3979797.0,2,0,0,0,0,1,0,0,0
9964,4158951.0,2,0,0,0,0,1,0,0,1
9964,5314622.0,2,0,0,1,0,0,1,1,0
9964,5316335.0,2,0,0,0,0,0,1,0,0
9964,5546105.0,2,0,0,1,0,0,1,1,1
9965,758539.0,2,0,1,1,1,0,0,1,1
9965,856118.0,2,0,1,1,1,0,0,1,1
9965,880141.0,2,0,1,1,1,0,0,1,1
9965,913309.0,2,0,1,1,1,0,0,1,1
9966,758539.0,2,0,1,1,1,0,0,1,1
9966,856118.0,2,0,1,1,1,0,0,1,1
9966,880141.0,2,0,1,1,1,0,0,1,1
9966,913309.0,2,0,1,1,1,0,0,1,1
9967,923935.0,2,0,1,1,1,0,0,1,1
9967,988534.0,2,0,1,1,1,0,0,1,1
9967,1002457.0,2,0,1,1,1,0,0,1,1
9967,1035453.0,2,0,1,1,1,0,0,1,1
9968,923935.0,2,0,1,1,1,0,0,1,1
9968,988534.0,2,0,1,1,1,0,0,1,1
9968,1002457.0,2,0,1,1,1,0,0,1,1
9968,1035453.0,2,0,1,1,1,0,0,1,1
9969,1013111.0,2,0,1,1,1,1,0,0,0
9969,1090226.0,2,0,1,1,1,1,0,0,0
9970,1037694.0,2,0,1,1,1,0,0,1,1
9970,1105144.0,2,0,1,1,1,0,0,1,1
9970,1120709.0,2,0,1,1,1,0,0,1,1
9970,1157598.0,2,0,1,1,1,0,0,1,1
9971,1089952.0,2,0,1,1,1,0,0,1,1
9971,1160799.0,2,0,1,1,1,0,0,1,1
9971,1177148.0,2,0,1,1,1,0,0,1,1
9971,1215894.0,2,0,1,1,1,0,0,1,1
9972,1367681.0,3,0,1,1,1,0,0,1,1
9972,1449971.0,3,0,1,1,1,0,0,1,1
9972,1460183.0,3,0,1,1,1,0,0,1,1
9972,1470393.0,3,0,1,1,1,0,0,1,1
9973,1703138.0,4,0,1,1,1,0,0,1,1
9973,1813842.0,4,0,1,1,1,0,0,1,1
9973,1826617.0,4,0,1,1,1,0,0,1,1
9973,1839389.0,4,0,1,1,1,0,0,1,1
9974,1871381.0,4,0,1,1,1,0,0,1,1
9974,1926122.0,4,0,1,1,1,0,0,1,1
9974,1953251.0,4,0,1,1,1,0,0,1,1
9974,2007058.0,4,0,1,1,1,0,0,1,1
9975,2631550.0,6,0,1,1,1,0,0,1,1
9975,2802601.0,6,0,1,1,1,0,0,1,1
9975,2842074.0,6,0,1,1,1,0,0,1,1
9975,2920367.0,6,0,1,1,1,0,0,1,1
9976,2875548.0,2,0,1,1,1,1,0,0,0
9977,3259953.0,2,0,1,1,1,1,0,0,0
9978,3259953.0,2,0,1,1,1,1,0,0,0
9979,3556667.0,4,0,1,1,1,1,0,0,0
9979,3807096.0,2,0,1,1,1,1,0,0,0
9980,3644588.0,2,0,1,1,1,1,0,0,0
9981,3828153.0,2,0,1,1,1,1,0,0,0
9982,4528533.0,2,0,1,1,1,1,0,0,0
9983,5662398.0,2,0,1,1,1,1,0,0,0
9984,6221856.0,2,0,1,1,1,1,0,0,0
9985,9052941.0,2,0,1,1,1,1,0,0,0
9986,888889.0,2,1,1,1,1,1,0,0,0
9986,914687.0,2,1,1,1,1,0,0,1,0
9987,920635.0,2,1,1,1,1,1,0,0,0
9987,959496.0,2,1,1,1,1,0,0,1,0
9988,920635.0,2,1,1,1,1,1,0,0,0
9988,959496.0,2,1,1,1,1,0,0,1,0
9989,258060.0,2,1,1,0,1,0,0,0,0
9989,293210.0,2,1,1,0,1,0,0,0,0
9989,435541.0,2,1,1,0,1,0,0,0,1
9990,293704.0,2,1,1,0,1,0,0,0,0
9990,316358.0,2,1,1,0,1,0,0,0,0
9990,457032.0,2,1,1,0,1,0,0,0,1
9991,365339.0,2,1,1,0,1,0,0,0,0
9991,393519.0,2,1,1,0,1,0,0,0,0
9991,538302.0,2,1,1,0,1,0,0,0,1
9992,386829.0,2,1,1,0,1,0,0,0,0
9992,416667.0,2,1,1,0,1,0,0,0,0
9992,560184.0,2,1,1,0,1,0,0,0,1
9993,451301.0,2,1,1,0,1,0,0,0,0
9993,486111.0,2,1,1,0,1,0,0,0,0
9993,639038.0,2,1,1,0,1,0,0,0,1
9994,640527.0,2,1,1,0,1,0,0,0,0
9994,663580.0,2,1,1,0,1,0,0,0,0
9994,813692.0,2,1,1,0,1,0,0,0,1
9995,714022.0,2,1,1,0,1,0,0,0,0
9995,903321.0,2,1,1,0,1,0,0,0,1
9996,729903.0,2,1,1,0,1,0,0,0,0
9996,756173.0,2,1,1,0,1,0,0,0,0
9996,797541.0,2,0,1,0,1,1,0,0,1
9997,805167.0,4,1,1,0,1,0,0,0,0
9997,817901.0,4,1,1,0,1,0,0,0,0
9997,1152710.0,4,1,1,0,1,0,0,0,1
9998,813653.0,3,1,1,0,1,0,0,0,0
9998,1099262.0,3,1,1,0,1,0,0,0,1
9999,272120.0,2,0,1,0,1,0,1,0,0
9999,286596.0,2,0,1,0,1,0,1,0,0
9999,606261.0,2,0,1,0,1,1,0,0,0
10000,418454.0,3,0,1,0,1,0,1,0,0
10000,424383.0,3,0,1,0,1,0,1,0,0
10000,716491.0,3,0,1,0,1,1,0,0,0
10001,445626.0,4,0,1,0,1,0,1,0,0
10001,451940.0,4,0,1,0,1,0,1,0,0
10001,881834.0,4,0,1,0,1,1,0,0,0
10002,488120.0,2,1,1,0,1,0,1,0,0
10002,496032.0,2,1,1,0,1,0,1,0,0
10002,936949.0,2,1,1,0,1,1,0,0,0
10003,489102.0,3,0,1,0,1,0,1,0,0
10003,496032.0,3,0,1,0,1,0,1,0,0
10003,992063.0,3,0,1,0,1,1,0,0,0
10004,652037.0,2,1,1,0,1,0,1,0,0
10004,661376.0,2,1,1,0,1,0,1,0,0
10004,1102293.0,2,1,1,0,1,1,0,0,0
10005,1307831.0,4,2,1,0,1,0,1,0,0
10005,1322751.0,4,2,1,0,1,0,1,0,0
10005,2425044.0,4,2,1,0,1,1,0,0,0
10006,193727.0,2,0,1,0,1,0,1,0,0
10006,241402.0,2,0,1,0,1,0,1,0,0
10006,933550.0,2,0,1,0,1,1,0,0,1
10007,334431.0,3,1,1,0,1,0,1,0,0
10007,415130.0,3,1,1,0,1,0,1,0,0
10008,456042.0,4,1,1,0,1,0,1,0,0
10009,525831.0,4,1,1,0,1,0,1,0,0
10009,1628014.0,2,0,1,0,1,1,0,0,1
10010,608568.0,6,1,1,0,1,0,1,0,0
10010,885609.0,6,1,1,0,1,0,1,0,0
10011,1187050.0,2,0,1,1,1,0,0,0,1
10011,1289449.0,2,0,1,1,1,0,1,0,1
10011,1527778.0,2,1,1,1,1,0,1,0,1
10012,1594733.0,2,0,1,1,1,0,0,0,1
10012,1650159.0,2,0,1,1,1,0,1,0,1
10012,1955556.0,2,1,1,1,1,0,1,0,1
10013,1744239.0,2,0,1,1,1,0,0,0,1
10013,1804862.0,2,0,1,1,1,0,1,0,1
10013,2138889.0,2,1,1,1,1,0,1,0,1
10014,2843364.0,2,0,1,1,1,0,0,0,1
10014,2943487.0,2,0,1,1,1,0,1,0,1
10014,3570722.0,2,1,1,1,1,0,1,0,1
10015,10271920.0,4,0,1,1,1,0,1,0,1
10015,15531554.0,4,0,1,1,1,0,0,0,1
10016,10666779.0,2,0,1,1,1,1,0,0,1
10017,214727.0,2,0,1,1,1,1,0,0,0
10017,266667.0,2,1,1,1,1,0,1,0,0
10017,444444.0,2,1,1,1,1,0,1,0,1
10018,248250.0,2,0,1,1,1,1,0,0,0
10018,288916.0,2,1,1,1,1,0,1,0,0
10018,302222.0,2,1,1,1,1,0,1,0,0
10018,480000.0,2,1,1,1,1,0,1,0,1
10018,597654.0,2,1,1,1,1,0,1,0,1
10019,254926.0,2,1,1,1,1,0,1,0,0
10019,553384.0,2,1,1,1,1,0,1,0,1
10020,368226.0,2,1,1,1,1,0,1,0,0
10020,704362.0,2,1,1,1,1,0,1,0,1
10021,385185.0,2,1,1,1,1,0,1,0,0
10021,562963.0,2,1,1,1,1,0,1,0,1
10022,458039.0,2,0,1,1,1,1,0,0,0
10022,562963.0,2,1,1,1,1,0,1,0,0
10022,740741.0,2,1,1,1,1,0,1,0,1
10022,945063.0,2,1,1,1,1,0,1,0,1
10023,562963.0,4,0,1,1,1,0,1,0,0
10023,590989.0,4,0,1,1,1,0,1,0,0
10023,814815.0,4,0,1,1,1,0,1,0,1
10023,1089040.0,4,0,1,1,1,0,1,0,1
10024,245621.0,2,1,0,0,1,0,1,0,0
10024,251323.0,2,1,0,0,1,0,1,0,0
10025,280093.0,2,1,0,0,1,0,1,0,0
10025,286596.0,2,1,0,0,1,0,1,0,0
10026,314566.0,2,2,0,0,1,0,1,0,0
10026,321869.0,2,1,0,0,1,0,1,0,0
10027,356140.0,3,1,0,0,1,0,1,0,0
10027,376314.0,2,0,0,0,1,1,0,0,0
10028,477748.0,4,2,0,0,1,0,1,0,0
10028,485009.0,4,1,0,0,1,0,1,0,0
10029,65147.0,1,1,0,0,1,0,1,0,0
10029,66138.0,1,0,0,0,1,0,1,0,0
10029,88876.0,1,1,0,0,1,0,0,0,0
10030,1208395.0,2,2,1,1,1,0,0,1,0
10030,1598325.0,2,2,1,1,1,1,0,0,0
10031,1443422.0,2,2,1,1,1,0,0,1,1
10031,1443772.0,2,2,1,1,1,0,0,1,0
10032,1495923.0,2,2,1,1,1,0,0,1,1
10032,1496273.0,2,2,1,1,1,0,0,1,0
10033,2065470.0,3,1,1,1,1,0,0,1,1
10033,2065829.0,3,1,1,1,1,0,0,1,0
10034,642932.0,2,1,1,1,1,0,0,1,0
10034,770869.0,2,1,1,1,1,0,0,0,0
10034,907964.0,2,0,1,1,1,0,1,0,0
10035,1102205.0,2,1,1,1,1,0,0,0,0
10035,1256301.0,2,0,1,1,1,1,0,0,0
10035,1282030.0,2,0,1,1,1,0,1,0,0
10036,1121888.0,2,1,1,1,1,0,0,0,0
10036,1317588.0,2,0,1,1,1,1,0,0,0
10037,1141570.0,2,1,1,1,1,0,0,0,0
10037,1344245.0,2,0,1,1,1,1,0,0,0
10038,1764063.0,2,1,1,1,1,0,0,0,0
10038,2333333.0,4,1,1,1,1,1,0,0,0
10039,1960070.0,2,2,1,1,1,0,0,0,0
10039,2592593.0,2,1,1,1,1,1,0,0,0
10040,204896.0,2,1,0,0,1,0,1,1,0
10040,250000.0,2,1,0,0,1,0,1,0,0
10040,377191.0,2,1,0,0,1,0,1,0,1
10040,437500.0,2,1,0,0,1,0,1,0,1
10041,290976.0,2,1,0,0,1,0,1,1,0
10041,337500.0,2,1,0,0,1,0,1,0,0
10041,420299.0,2,1,0,0,1,0,1,0,1
10041,487500.0,2,1,0,0,1,0,1,0,1
10042,323307.0,2,1,0,0,1,0,1,1,0
10042,375000.0,2,1,0,0,1,0,1,0,0
10042,452630.0,2,1,0,0,1,0,1,0,1
10042,525000.0,2,1,0,0,1,0,1,0,1
10043,369177.0,3,1,0,0,1,0,1,1,0
10043,425000.0,3,1,0,0,1,0,1,0,0
10043,565099.0,3,1,0,0,1,0,1,0,1
10043,650000.0,3,1,0,0,1,0,1,0,1
10044,401751.0,3,1,0,0,1,0,1,1,0
10044,462500.0,3,1,0,0,1,0,1,0,0
10044,597701.0,3,1,0,0,1,0,1,0,1
10044,687500.0,3,1,0,0,1,0,1,0,1
10045,543364.0,4,1,0,0,1,0,1,1,0
10045,625000.0,4,1,0,0,1,0,1,0,0
10045,804962.0,4,1,0,0,1,0,1,0,1
10045,925000.0,4,1,0,0,1,0,1,0,1
10046,853781.0,2,0,1,1,1,1,0,0,1
10046,957460.0,2,0,1,1,1,0,1,0,1
10046,1050476.0,2,1,1,1,1,0,1,0,1
10046,1621905.0,3,1,1,1,1,0,1,0,1
10047,991604.0,2,0,1,1,1,1,0,0,1
10047,1042296.0,2,0,1,1,1,0,1,0,1
10047,1142857.0,2,1,1,1,1,0,1,0,1
10047,1714286.0,3,1,1,1,1,0,1,0,1
10048,991604.0,2,1,1,1,1,1,0,0,1
10048,1042296.0,2,1,1,1,1,0,1,0,1
10048,1142857.0,2,2,1,1,1,0,1,0,1
10048,1714286.0,3,1,1,1,1,0,1,0,1
10049,1244737.0,2,1,1,1,1,1,0,0,1
10049,1303135.0,2,1,1,1,1,0,1,0,1
10050,1244737.0,2,1,1,1,1,1,0,0,1
10050,1303135.0,2,1,1,1,1,0,1,0,1
10050,1428571.0,2,2,1,1,1,0,1,0,1
10050,2000000.0,3,1,1,1,1,0,1,0,1
10051,2024732.0,2,1,1,1,1,1,0,0,1
10051,2128022.0,2,1,1,1,1,0,1,0,1
10051,2333333.0,2,1,1,1,1,0,1,0,1
10051,2904762.0,3,1,1,1,1,0,1,0,1
10052,1091274.0,2,1,1,1,1,0,0,1,1
10052,1333830.0,2,1,1,1,1,1,0,0,1
10053,1270146.0,2,2,1,1,1,0,0,0,1
10054,1270146.0,2,1,1,1,1,0,0,0,1
10054,1473016.0,2,1,1,1,1,1,0,0,1
10055,1403910.0,2,1,1,1,1,0,0,1,1
10055,1634921.0,2,1,1,1,1,1,0,0,1
10056,1512952.0,2,2,1,1,1,0,0,1,1
10056,1761905.0,2,2,1,1,1,1,0,0,1
10057,1512952.0,2,1,1,1,1,0,0,1,1
10057,1761905.0,2,1,1,1,1,1,0,0,1
10058,1567472.0,2,2,1,1,1,0,0,1,1
10058,1825397.0,2,2,1,1,1,1,0,0,1
10059,1567472.0,2,1,1,1,1,0,0,1,1
10059,1825397.0,2,1,1,1,1,1,0,0,1
10060,1621993.0,2,1,1,1,1,0,0,1,1
10060,1888889.0,2,1,1,1,1,1,0,0,1
10061,1621993.0,2,2,1,1,1,0,0,1,1
10061,1888889.0,2,2,1,1,1,1,0,0,1
10062,2712409.0,2,2,1,1,1,0,0,1,1
10062,2712409.0,2,2,1,1,1,0,0,0,1
10063,326766.0,2,1,1,1,1,0,1,0,0
10063,523109.0,2,1,1,1,1,0,1,0,1
10064,326766.0,2,1,1,1,1,0,1,0,0
10064,523109.0,2,1,1,1,1,0,1,0,1
10065,383288.0,2,1,1,1,1,0,1,0,0
10065,593593.0,2,1,1,1,1,0,1,0,1
10066,393375.0,2,1,1,1,1,0,1,0,0
10066,576940.0,2,1,1,1,1,0,1,0,1
10067,426723.0,2,0,1,1,1,1,0,0,0
10067,635343.0,3,0,1,1,1,1,0,0,1
10068,426723.0,2,0,1,1,1,1,0,0,0
10068,635343.0,2,0,1,1,1,1,0,0,1
10069,474136.0,2,0,1,1,1,1,0,0,0
10069,711205.0,2,0,1,1,1,1,0,0,1
10070,489682.0,2,0,1,1,1,1,0,0,0
10070,705142.0,2,0,1,1,1,1,0,0,1
10071,536875.0,2,1,1,1,1,0,1,0,0
10071,752974.0,2,1,1,1,1,0,1,0,1
10072,543209.0,4,0,1,1,1,0,1,0,0
10072,918426.0,4,0,1,1,1,0,1,0,1
10073,544888.0,2,1,1,1,1,0,1,0,0
10073,736605.0,2,1,1,1,1,0,1,0,1
10074,560914.0,2,1,1,1,1,0,1,0,0
10074,777527.0,2,1,1,1,1,0,1,0,1
10075,636586.0,4,0,1,1,1,1,0,0,0
10075,1067506.0,4,0,1,1,1,1,0,0,1
10076,656174.0,2,0,1,1,1,1,0,0,0
10076,901015.0,2,0,1,1,1,1,0,0,1
10077,665967.0,2,1,1,1,1,1,0,0,0
10077,881427.0,2,1,1,1,1,1,0,0,1
10078,685555.0,2,0,1,1,1,1,0,0,0
10078,930395.0,2,0,1,1,1,1,0,0,1
10079,842593.0,6,0,1,1,1,0,1,0,0
10079,1399888.0,6,0,1,1,1,0,1,0,1
10080,979364.0,6,0,1,1,1,1,0,0,0
10080,1625744.0,6,0,1,1,1,1,0,0,1
10081,123171.0,1,0,1,1,1,0,1,0,0
10081,146905.0,1,0,1,1,1,1,0,0,0
10081,213497.0,1,0,1,1,1,0,1,0,1
10081,254635.0,1,0,1,1,1,1,0,0,1
10082,123171.0,1,0,1,1,1,0,1,0,0
10082,146905.0,1,0,1,1,1,1,0,0,0
10082,213497.0,1,0,1,1,1,0,1,0,1
10082,254635.0,1,0,1,1,1,1,0,0,1
10083,841445.0,2,1,1,1,1,0,0,0,0
10084,1194868.0,3,1,1,1,1,0,0,0,0
10085,1411830.0,4,1,1,1,1,0,0,0,0
10085,1710714.0,4,1,1,1,1,1,0,0,0
10086,247510.0,2,1,1,0,1,0,1,0,0
10086,282323.0,2,1,1,0,1,0,1,0,0
10087,361779.0,2,0,1,0,1,0,1,0,0
10087,391133.0,2,0,1,0,1,0,1,0,0
10087,514067.0,1,0,1,0,1,0,1,0,0
10087,529180.0,1,0,1,0,1,0,1,0,0
10088,364622.0,2,0,1,0,1,0,1,0,0
10088,394207.0,2,0,1,0,1,0,1,0,0
10088,453339.0,3,0,1,0,1,0,1,0,0
10089,469758.0,2,0,1,0,1,0,1,0,0
10089,507874.0,2,0,1,0,1,0,1,0,0
10089,524435.0,3,0,1,0,1,0,1,0,0
10090,529722.0,2,0,1,0,1,0,1,0,0
10090,562410.0,2,0,1,0,1,0,1,0,0
10090,580749.0,3,0,1,0,1,0,1,0,0
10091,631290.0,4,0,1,0,1,0,1,0,0
10091,644213.0,4,0,1,0,1,0,1,0,0
10092,216305.0,2,0,1,0,1,0,1,0,0
10093,259203.0,2,0,1,0,1,0,1,0,0
10094,327277.0,2,0,1,0,1,0,1,0,0
10095,484370.0,2,0,1,0,1,0,1,0,0
10096,527191.0,2,0,1,0,1,0,1,0,0
10097,527193.0,2,0,1,0,1,0,1,0,0
10098,180855.0,2,0,1,0,1,0,1,0,0
10098,190476.0,2,0,1,0,1,0,1,0,0
10098,195767.0,2,0,1,0,1,0,0,0,0
10099,218678.0,2,0,1,0,1,0,1,0,0
10099,222222.0,2,0,1,0,1,0,1,0,0
10099,228395.0,2,0,1,0,1,0,0,0,0
10100,249917.0,2,0,1,0,1,0,1,0,0
10100,253968.0,2,0,1,0,1,0,1,0,0
10100,261023.0,2,0,1,0,1,0,0,0,0
10101,344328.0,3,0,1,0,1,0,1,0,0
10101,349206.0,3,0,1,0,1,0,1,0,0
10101,358907.0,3,0,1,0,1,0,0,0,0
10102,375630.0,4,0,1,0,1,0,1,0,0
10102,380952.0,4,0,1,0,1,0,1,0,0
10102,391534.0,4,0,1,0,1,0,0,0,0
10103,277429.0,2,0,0,1,1,0,0,0,0
10103,292031.0,2,0,0,1,1,0,1,0,0
10104,306632.0,2,1,0,1,1,0,0,0,0
10104,322771.0,2,1,0,1,1,0,1,0,0
10105,306632.0,2,1,0,1,1,0,0,0,0
10105,322771.0,2,1,0,1,1,0,1,0,0
10106,307037.0,2,0,0,1,1,1,0,0,0
10107,394241.0,2,2,0,1,1,0,0,0,0
10107,414991.0,2,2,0,1,1,0,1,0,0
10107,461101.0,3,2,0,1,1,0,1,0,0
10108,448370.0,3,0,0,1,1,1,0,0,0
10108,674213.0,2,0,1,1,1,1,0,0,0
10109,459948.0,2,0,0,1,1,0,0,0,0
10109,484156.0,2,0,0,1,1,0,1,0,0
10110,538796.0,3,2,0,1,1,0,0,0,0
10110,567154.0,3,2,0,1,1,0,1,0,0
10111,1123941.0,2,2,1,1,1,0,0,0,1
10111,1123942.0,2,2,1,1,1,0,0,0,1
10112,1123941.0,2,2,1,1,1,0,0,0,1
10112,1123942.0,2,2,1,1,1,0,0,0,1
10113,1212426.0,2,2,1,1,1,0,0,0,1
10113,1212426.0,2,2,1,1,1,0,0,0,1
10114,1340446.0,2,2,1,1,1,0,0,0,1
10114,1340446.0,2,2,1,1,1,0,0,0,1
10115,1340446.0,2,2,1,1,1,0,0,0,1
10115,1340446.0,2,2,1,1,1,0,0,0,1
10116,1582373.0,2,2,1,1,1,0,0,0,1
10116,1582374.0,2,2,1,1,1,0,0,0,1
10117,1582373.0,2,2,1,1,1,0,0,0,1
10117,1582374.0,2,2,1,1,1,0,0,0,1
10118,1668617.0,2,2,1,1,1,0,0,0,1
10118,1668617.0,2,2,1,1,1,0,0,0,1
10119,1762359.0,2,2,1,1,1,0,0,0,1
10119,1828175.0,2,0,1,1,1,1,0,0,1
10120,1911410.0,2,2,1,1,1,0,0,0,1
10120,1956497.0,2,0,1,1,1,1,0,0,1
10121,3458444.0,2,2,1,1,1,0,0,0,1
10121,3755711.0,2,0,1,1,1,1,0,0,1
10122,313310.0,2,1,1,1,1,0,0,0,0
10122,323000.0,2,1,1,1,1,0,1,0,0
10122,642770.0,2,1,1,1,1,0,0,0,1
10123,313310.0,2,1,1,1,1,0,0,0,0
10123,323000.0,2,1,1,1,1,0,1,0,0
10123,642770.0,2,1,1,1,1,0,0,0,1
10124,461720.0,4,1,1,1,1,0,0,0,0
10124,476000.0,4,1,1,1,1,0,1,0,0
10124,947240.0,4,1,1,1,1,0,0,0,1
10125,486455.0,4,1,1,1,1,0,0,0,0
10125,501500.0,3,1,1,1,1,0,1,0,0
10126,550800.0,3,1,1,1,1,0,1,0,0
10126,1134677.0,4,0,1,1,1,0,1,0,0
10127,5721510.0,2,0,1,0,1,1,0,0,1
10128,215069.0,2,0,1,0,1,0,0,0,1
10128,245311.0,2,0,1,0,1,0,0,0,1
10129,216430.0,2,0,1,0,1,1,0,0,1
10129,249705.0,2,1,1,0,1,1,0,0,1
10130,253116.0,2,0,1,0,1,1,0,0,1
10130,297258.0,2,1,1,0,1,0,0,0,1
10131,339161.0,2,0,1,0,1,1,0,0,1
10131,387147.0,2,1,1,0,1,1,0,0,1
10132,373598.0,2,0,1,0,1,1,0,0,1
10132,378329.0,3,1,1,0,1,0,0,0,1
10132,412699.0,3,1,1,0,1,0,0,0,1
10133,409155.0,2,0,1,0,1,1,0,0,1
10133,413605.0,4,1,1,0,1,0,0,0,1
10133,451179.0,4,1,1,0,1,0,0,0,1
10134,202834.0,1,0,1,0,1,0,0,0,1
10134,221260.0,1,0,1,0,1,0,0,0,1
10135,286110.0,2,1,1,0,1,0,1,0,0
10135,1387125.0,2,1,1,0,1,0,1,0,0
10136,313801.0,2,1,1,0,1,0,1,0,0
10136,1440476.0,2,1,1,0,1,0,1,0,0
10137,380365.0,2,2,1,0,1,0,1,0,0
10137,1746032.0,2,1,1,0,1,0,1,0,0
10138,401497.0,2,2,1,0,1,0,1,0,0
10138,1843034.0,2,1,1,0,1,0,1,0,0
10139,489884.0,2,2,1,0,1,0,1,0,0
10139,2456085.0,2,1,1,0,1,0,1,0,0
10140,643722.0,4,2,1,0,1,0,1,0,0
10140,2745150.0,4,2,1,0,1,0,1,0,0
10141,812439.0,4,2,1,0,1,0,1,0,0
10141,3463933.0,4,2,1,0,1,0,1,0,0
10142,1287409.0,6,2,1,0,1,0,1,0,0
10142,5484480.0,6,2,1,0,1,0,1,0,0
10143,184407.0,2,0,1,0,1,0,1,0,0
10143,333333.0,2,0,1,0,1,0,0,0,0
10143,529101.0,2,0,1,0,1,0,0,0,1
10144,226315.0,2,1,1,0,1,0,1,0,0
10144,333333.0,2,0,1,0,1,0,0,0,0
10144,529101.0,2,0,1,0,1,0,0,0,1
10145,325744.0,3,1,1,0,1,0,1,0,0
10145,1000000.0,3,1,1,0,1,0,0,0,0
10145,1587302.0,2,1,1,0,1,0,0,0,1
10146,434325.0,4,1,1,0,1,0,1,0,0
10147,833333.0,4,2,1,0,1,0,0,0,0
10147,1322751.0,4,2,1,0,1,0,0,0,1
10148,239058.0,2,1,1,0,1,0,1,0,0
10149,291784.0,2,1,1,0,1,0,1,0,0
10150,371362.0,2,1,1,0,1,0,1,0,0
10151,497377.0,3,1,1,0,1,0,1,0,0
10152,503695.0,3,1,0,0,1,0,1,1,0
10152,511023.0,3,1,0,0,1,0,1,1,0
10153,1485451.0,2,0,1,1,1,1,0,0,0
10153,1867942.0,2,0,1,1,1,1,0,0,1
10154,1672149.0,2,1,1,1,1,0,0,0,0
10154,2000000.0,2,1,1,1,1,1,0,0,0
10154,2041242.0,2,1,1,1,1,0,0,0,1
10155,1750642.0,2,0,1,1,1,1,0,0,0
10155,1794886.0,2,1,1,1,1,0,0,0,1
10155,2172222.0,2,1,1,1,1,1,0,0,1
10156,1774748.0,2,0,1,1,1,1,0,0,1
10156,1868833.0,2,0,1,1,1,1,0,0,0
10157,2492638.0,2,0,1,1,1,1,0,0,1
10157,2634898.0,3,0,1,1,1,0,0,0,1
10157,3151852.0,3,1,1,1,1,1,0,0,1
10158,3450753.0,4,1,1,1,1,0,0,0,0
10158,4072029.0,2,0,1,1,1,1,0,0,1
10158,4185185.0,4,1,1,1,1,1,0,0,0
10159,285517.0,2,1,1,1,1,0,1,1,0
10159,285517.0,2,1,1,1,1,0,1,0,0
10159,300706.0,2,1,1,1,1,0,1,0,0
10159,300706.0,2,1,1,1,1,0,1,1,0
10160,285517.0,2,1,1,1,1,0,1,0,0
10160,285517.0,2,1,1,1,1,0,1,1,0
10160,300706.0,2,1,1,1,1,0,1,1,0
10161,411281.0,4,2,1,1,1,0,1,1,0
10161,411281.0,4,2,1,1,1,0,1,0,0
10161,417108.0,4,2,1,1,1,0,1,1,0
10162,366953.0,2,1,1,0,1,0,1,1,1
10162,393519.0,2,1,1,0,1,0,0,1,1
10162,454061.0,2,0,1,0,1,0,1,0,1
10162,515372.0,2,1,1,0,1,0,1,0,1
10162,524002.0,2,1,1,0,1,0,0,0,1
10163,406257.0,2,1,1,0,1,0,1,1,1
10163,414231.0,2,1,1,0,1,0,0,1,1
10163,477959.0,2,0,1,0,1,0,1,0,1
10163,535743.0,2,1,1,0,1,0,1,0,1
10163,544714.0,2,1,1,0,1,0,0,0,1
10164,655603.0,2,0,1,0,1,1,0,0,1
10164,705252.0,3,1,1,0,1,0,1,1,1
10164,714549.0,3,1,1,0,1,0,0,1,1
10164,824480.0,2,1,1,0,1,0,1,0,1
10164,834198.0,3,1,1,0,1,0,1,0,1
10165,766579.0,4,1,1,0,1,0,1,1,1
10165,776683.0,4,1,1,0,1,0,0,1,1
10165,895536.0,4,1,1,0,1,0,1,0,1
10165,896173.0,4,0,1,0,1,0,1,0,1
10165,907166.0,4,1,1,0,1,0,0,0,1
10166,438572.0,2,1,1,0,1,0,0,0,0
10166,460128.0,2,1,1,0,1,0,1,0,0
10166,564703.0,2,1,1,0,1,0,0,1,0
10166,2475876.0,2,0,1,0,1,0,1,0,0
10167,591171.0,2,2,1,0,1,0,0,0,0
10167,617626.0,2,2,1,0,1,0,1,0,0
10167,678751.0,2,2,1,0,1,0,0,1,0
10167,2951628.0,2,0,1,0,1,0,1,0,0
10168,1192452.0,2,2,1,1,1,0,0,1,0
10169,1192452.0,2,1,1,1,1,0,0,1,0
10169,1220000.0,2,0,1,1,1,1,0,0,0
10170,1029048.0,2,2,1,1,1,0,0,0,0
10170,1190476.0,2,2,1,1,1,0,0,0,0
10171,1444476.0,2,2,1,1,1,0,0,1,0
10171,1587302.0,2,2,1,1,1,0,0,1,0
10172,280987.0,2,1,1,0,1,0,0,0,0
10173,293210.0,2,1,1,0,1,0,1,0,0
10173,314321.0,2,0,1,0,1,1,0,0,0
10174,312171.0,2,1,1,0,1,0,1,1,0
10174,317460.0,2,1,1,0,1,0,1,1,0
10175,346857.0,2,1,1,0,1,0,1,1,0
10175,352734.0,2,1,1,0,1,0,1,1,0
10176,557130.0,2,0,1,0,1,0,1,0,0
10176,582011.0,2,0,1,0,1,0,1,0,0
10177,783675.0,3,0,1,0,1,0,1,0,0
10177,793651.0,3,0,1,0,1,0,1,0,0
10178,238628.0,2,0,0,0,1,1,0,0,0
10178,260143.0,2,0,0,0,1,0,1,1,0
10178,273369.0,2,0,0,0,1,1,0,0,0
10179,189479.0,2,1,0,0,1,0,0,1,0
10179,211640.0,2,1,0,0,1,0,0,1,0
10180,242800.0,4,1,0,0,1,0,0,1,0
10180,246914.0,4,1,0,0,1,0,0,1,0
10181,611993.0,2,2,1,0,1,0,0,1,0
10181,667230.0,2,2,1,0,1,0,0,1,0
10181,810643.0,2,2,1,0,1,0,0,0,0
10182,706099.0,2,2,1,0,1,0,0,1,0
10182,727663.0,2,2,1,0,1,0,0,1,0
10182,884034.0,2,2,1,0,1,0,0,0,0
10183,217984.0,2,1,1,0,1,0,1,0,0
10183,231481.0,2,1,1,0,1,0,1,0,0
10183,216752.0,1,1,1,0,1,0,1,0,0
10183,219907.0,1,1,1,0,1,0,1,0,0
10184,249385.0,2,1,1,0,1,0,1,0,0
10184,253527.0,2,1,1,0,1,0,1,0,0
10184,237395.0,1,1,1,0,1,0,1,0,0
10184,240851.0,1,1,1,0,1,0,1,0,0
10185,2056702.0,2,1,0,0,0,0,1,0,0
10186,2056702.0,2,1,0,0,0,0,1,0,0
10187,501479.0,2,0,0,0,1,1,0,0,0
10188,1248517.0,2,0,0,1,1,1,0,0,0
10189,261654.0,2,0,1,0,1,0,1,0,0
10189,275573.0,2,0,1,0,1,0,1,0,0
10189,300926.0,2,0,1,0,1,1,0,0,0
10190,303719.0,2,1,1,0,1,0,1,0,0
10190,308642.0,2,1,1,0,1,0,1,0,0
10190,354167.0,2,0,1,0,1,1,0,0,0
10191,246670.0,2,1,1,0,1,0,0,0,0
10191,251323.0,2,1,1,0,1,0,0,0,0
10192,267226.0,2,1,1,0,1,0,0,0,0
10192,272266.0,2,1,1,0,1,0,0,0,0
10193,1055832.0,2,1,1,0,1,0,0,0,0
10193,1138007.0,2,1,1,0,1,0,0,0,0
10194,1324775.0,2,1,1,0,1,0,0,0,0
10194,1355379.0,2,1,1,0,1,0,0,0,0
10195,409086.0,2,0,1,1,1,1,0,0,0
10195,482793.0,2,1,1,1,1,0,0,0,0
10196,415393.0,2,0,1,1,1,1,0,0,0
10196,455785.0,2,0,1,1,1,1,0,0,0
10197,959530.0,2,1,1,1,1,0,0,1,0
10197,959530.0,2,1,1,1,1,0,0,1,0
10197,1047178.0,2,1,1,1,1,0,0,1,0
10197,1047178.0,2,1,1,1,1,0,0,1,0
10198,959530.0,2,1,1,1,1,0,0,1,0
10198,959530.0,2,1,1,1,1,0,0,1,0
10198,1046326.0,2,0,1,1,1,0,1,0,0
10198,1047178.0,2,1,1,1,1,0,0,1,0
10198,1047178.0,2,1,1,1,1,0,0,1,0
10199,246270.0,2,1,1,1,1,0,0,0,0
10200,246270.0,2,1,1,1,1,0,0,0,0
10201,166125.0,2,0,0,0,1,0,1,0,0
10201,187500.0,2,1,0,0,1,0,1,0,0
10202,187687.0,2,0,0,0,1,0,1,0,0
10202,201389.0,2,0,0,0,1,0,1,0,0
10203,198080.0,2,1,0,0,1,0,0,0,0
10204,238634.0,2,1,0,0,1,0,0,0,0
10205,5678342.0,2,0,1,0,1,1,0,0,0
10206,502657.0,2,1,1,0,1,0,0,0,0
10206,645833.0,2,1,1,0,1,0,1,0,0
10206,685252.0,2,1,1,0,1,0,0,0,0
10206,861111.0,2,1,1,0,1,0,1,0,0
10207,556043.0,2,0,1,0,1,1,0,0,0
10207,685252.0,2,1,1,0,1,0,0,0,0
10207,861111.0,2,1,1,0,1,0,1,0,0
10208,767887.0,2,0,1,0,1,0,0,0,0
10208,947917.0,2,1,1,0,1,1,0,0,0
10209,915207.0,2,0,1,0,1,0,0,0,0
10209,1071023.0,2,1,1,0,1,1,0,0,0
10210,311310.0,2,0,1,0,1,0,1,0,0
10210,1173333.0,2,0,1,0,1,1,0,0,0
10211,396557.0,2,0,1,0,1,0,1,0,0
10211,1320000.0,2,0,1,0,1,1,0,0,0
10212,240249.0,2,0,0,0,1,1,0,0,0
10213,248225.0,2,0,0,0,1,1,0,0,0
10213,278880.0,2,1,0,0,1,0,1,0,0
10213,335978.0,2,0,0,0,1,0,1,0,0
10214,326587.0,2,0,1,0,1,0,0,0,0
10214,367990.0,2,0,1,0,1,0,0,0,0
10215,355825.0,2,0,1,0,1,0,0,0,0
10215,380256.0,2,0,1,0,1,0,0,0,0
10216,361841.0,2,1,1,0,1,0,0,1,0
10216,774371.0,2,0,1,0,1,0,1,0,0
10217,423628.0,2,1,1,0,1,0,0,1,0
10217,861393.0,2,0,1,0,1,0,1,0,0
10218,1062140.0,2,0,1,1,1,1,0,0,0
10219,1643246.0,2,2,1,1,1,0,0,0,0
10219,1643250.0,2,2,1,1,1,0,0,0,0
10219,1953201.0,2,2,1,1,1,1,0,0,0
10220,180855.0,2,0,1,0,1,0,1,0,0
10220,195248.0,2,0,1,0,1,0,1,0,0
10220,187815.0,1,1,1,0,1,0,1,0,0
10220,195641.0,1,1,1,0,1,0,1,0,0
10221,208265.0,2,0,1,0,1,0,1,0,0
10221,216942.0,2,0,1,0,1,0,1,0,0
10221,1574074.0,2,1,1,0,1,0,1,0,0
10222,166765.0,2,2,1,0,1,0,0,0,0
10222,291005.0,2,2,1,0,1,0,0,0,0
10223,263252.0,4,2,1,0,1,0,0,0,0
10223,436508.0,4,2,1,0,1,0,0,0,0
10224,1697357.0,2,0,1,1,1,1,0,0,0
10224,8354353.0,2,0,1,1,1,0,1,0,0
10225,1975309.0,2,1,1,1,1,0,1,0,0
10225,2241857.0,2,1,1,1,1,1,0,0,0
10226,352291.0,3,1,1,0,1,0,0,0,0
10226,399094.0,3,1,1,0,1,0,1,0,0
10226,547494.0,3,1,1,0,1,0,0,0,0
10226,610795.0,3,1,1,0,1,0,1,0,0
10227,416344.0,3,1,1,0,1,0,0,0,0
10227,613194.0,3,1,1,0,1,0,0,0,0
10228,289035.0,2,0,1,0,1,1,0,0,0
10229,289035.0,2,0,1,0,1,1,0,0,0
10229,308691.0,2,0,1,0,1,0,1,0,0
10230,197279.0,2,0,0,0,1,1,0,0,0
10231,205852.0,2,0,1,0,1,0,1,0,0
10232,272521.0,2,0,0,0,1,0,0,0,0
10232,327381.0,2,1,0,0,1,0,1,0,0
10233,272521.0,2,0,0,0,1,0,0,0,0
10233,295729.0,2,0,0,0,1,0,1,0,0
10233,327381.0,2,1,0,0,1,0,1,0,0
10234,265745.0,2,1,1,0,1,0,0,0,0
10234,296825.0,2,1,1,0,1,0,0,0,0
10235,305534.0,2,1,1,0,1,0,0,0,0
10235,323810.0,2,1,1,0,1,0,0,0,0
10236,176367.0,2,0,1,0,1,1,0,0,0
10237,264550.0,2,0,1,0,1,1,0,0,0
10238,434883.0,2,0,1,1,1,0,1,0,0
10238,449236.0,2,0,1,1,1,0,1,0,0
10238,539084.0,2,0,1,1,1,0,1,0,0
10238,598981.0,2,0,1,1,1,0,1,0,0
10239,449236.0,2,0,1,1,1,0,1,0,0
10239,499152.0,2,0,1,1,1,0,1,0,0
10239,426774.0,1,0,1,1,1,0,1,0,0
10239,474194.0,1,0,1,1,1,0,1,0,0
10240,1177901.0,2,1,1,1,1,0,0,0,0
10240,1454314.0,2,0,0,1,1,1,0,0,0
10241,1269655.0,2,0,0,1,1,1,0,0,0
10241,1396475.0,2,1,0,1,1,0,0,0,0
10242,200950.0,2,1,0,0,1,0,1,0,0
10243,243464.0,4,0,0,0,1,0,1,0,0
10244,2419608.0,2,0,1,1,1,1,0,0,0
10245,2458808.0,2,2,1,1,1,1,0,0,0
10245,2459027.0,2,2,1,1,1,1,0,1,0
10246,310120.0,2,1,1,0,1,0,1,0,0
10246,477023.0,2,1,1,0,1,0,1,0,0
10247,438458.0,2,1,1,0,1,0,1,0,0
10247,610036.0,2,1,1,0,1,0,1,0,0
10248,265452.0,2,1,1,0,1,0,1,0,0
10248,439530.0,2,1,1,0,1,0,1,0,0
10248,781250.0,2,0,1,0,1,1,0,0,0
10249,362253.0,2,1,1,0,1,0,1,0,0
10249,485797.0,2,1,1,0,1,0,1,0,0
10249,1000000.0,2,1,1,0,1,1,0,0,0
10250,261673.0,2,1,1,0,1,0,0,0,0
10251,319636.0,2,1,1,0,1,0,0,0,0
10252,543510.0,2,2,1,1,1,0,1,0,0
10252,549000.0,3,2,1,1,1,0,1,0,0
10253,332213.0,2,2,1,0,1,0,1,0,0
10253,468060.0,2,2,1,0,1,0,1,0,0
10254,332213.0,2,2,1,0,1,0,1,0,0
10254,468060.0,2,2,1,0,1,0,1,0,0
10255,650916.0,2,0,1,1,1,0,0,0,0
10255,685807.0,2,0,1,1,1,0,0,1,0
10255,701418.0,2,0,1,1,1,0,0,0,0
10256,650916.0,2,0,1,1,1,0,0,0,0
10256,685807.0,2,0,1,1,1,0,0,1,0
10256,701418.0,2,0,1,1,1,0,0,0,0
10257,508455.0,2,2,1,0,1,0,0,1,0
10257,508455.0,2,2,1,0,1,0,0,1,0
10257,551146.0,2,2,1,0,1,0,0,1,0
10258,508455.0,2,2,1,0,1,0,0,1,0
10258,508455.0,2,2,1,0,1,0,0,1,0
10258,551146.0,2,2,1,0,1,0,0,1,0
10259,295136.0,2,1,0,0,1,0,0,0,0
10259,590278.0,2,0,0,0,1,0,0,0,0
10260,331834.0,2,1,0,0,1,0,0,0,0
10260,747685.0,2,0,0,0,1,0,0,0,0
10261,649942.0,2,0,1,0,0,1,0,0,1
10262,865443.0,2,2,1,0,1,0,0,0,0
10262,940035.0,2,2,1,0,1,0,0,0,0
10262,983779.0,2,2,1,0,1,0,0,1,1
10263,1031086.0,2,2,1,0,1,0,0,0,0
10263,1100529.0,2,2,1,0,1,0,0,0,0
10263,1138490.0,2,2,1,0,1,0,0,1,1
10264,708154.0,2,0,0,0,1,1,0,0,1
10264,749625.0,2,1,0,0,1,1,0,0,1
10265,749582.0,2,0,0,0,1,1,0,0,1
10265,791272.0,2,1,0,0,1,1,0,0,1
10266,749582.0,2,0,0,0,1,1,0,0,1
10266,791272.0,2,1,0,0,1,1,0,0,1
10267,838371.0,2,0,0,0,1,1,0,0,1
10267,884974.0,2,2,0,0,1,1,0,0,1
10268,947444.0,2,1,0,0,1,1,0,0,1
10268,1100180.0,3,1,0,0,1,0,0,0,1
10269,955790.0,2,1,0,0,1,0,0,0,1
10270,523636.0,2,0,0,0,1,1,0,0,0
10270,581818.0,2,0,0,0,1,0,1,0,0
10271,228368.0,2,0,1,0,1,1,0,0,0
10271,338410.0,2,0,1,0,1,0,1,0,0
10271,460545.0,2,0,1,0,1,0,0,0,1
10271,555796.0,2,0,1,0,1,0,1,0,1
10272,267547.0,2,0,1,0,1,1,0,0,0
10272,507133.0,2,0,1,0,1,0,0,0,1
10273,388294.0,2,0,1,0,1,1,0,0,0
10273,630131.0,2,1,1,0,1,0,0,0,1
10274,456572.0,2,0,1,0,1,1,0,0,0
10274,823880.0,2,1,1,0,1,0,0,0,1
10275,626513.0,2,0,1,0,1,1,0,0,0
10275,969641.0,2,1,1,0,1,0,0,0,1
10276,1153752.0,2,0,1,0,1,1,0,0,0
10276,1690028.0,2,2,1,0,1,0,0,0,1
10277,1293802.0,2,0,1,0,1,0,0,0,1
10277,1742222.0,5,0,1,0,1,1,0,0,1
10278,744910.0,2,0,1,0,1,1,0,0,1
10279,754374.0,2,1,1,0,1,0,0,0,1
10279,786561.0,2,1,1,0,1,0,1,0,1
10279,804674.0,2,1,1,0,1,0,1,0,1
10279,804674.0,2,1,1,0,1,0,0,0,1
10279,969159.0,2,1,1,0,1,0,1,0,1
10280,903897.0,2,0,1,0,1,0,1,0,1
10280,925924.0,2,0,1,0,1,1,0,0,1
10280,1194854.0,3,0,1,0,1,0,1,0,1
10281,976042.0,3,1,1,0,1,0,0,0,1
10281,978006.0,3,1,1,0,1,0,1,0,1
10281,992064.0,3,1,1,0,1,0,1,0,1
10281,992064.0,3,1,1,0,1,0,0,0,1
10282,531742.0,2,1,1,0,1,0,1,0,0
10283,694709.0,2,1,1,0,1,0,1,0,0
10284,835471.0,4,2,1,0,1,0,1,0,0
10285,975289.0,4,2,1,0,1,0,1,0,0
10286,369821.0,2,0,1,0,1,1,0,0,0
10286,403880.0,2,0,1,0,1,0,0,0,0
10287,385970.0,2,0,1,0,1,1,0,0,0
10287,421517.0,2,0,1,0,1,0,0,0,0
10288,434418.0,2,0,1,0,1,1,0,0,0
10289,434418.0,2,0,1,0,1,1,0,0,0
10289,474427.0,2,0,1,0,1,0,0,0,0
10290,470250.0,4,1,1,0,1,1,0,0,0
10290,492063.0,4,0,1,0,1,0,0,0,0
10291,474427.0,2,0,1,0,1,0,0,0,0
10291,481538.0,2,0,1,0,1,1,0,0,0
10292,524690.0,2,0,1,0,1,1,0,0,0
10292,562610.0,2,0,1,0,1,0,0,0,0
10293,3950353.0,2,1,0,1,1,0,0,1,1
10293,4001977.0,2,1,0,0,0,1,0,0,1
10294,5336397.0,2,1,0,0,0,1,0,0,1
10294,5358945.0,2,1,0,1,1,0,0,1,1
10295,6936206.0,2,1,0,0,0,1,0,0,1
10295,6965514.0,2,1,0,1,1,0,0,1,1
10296,10724440.0,4,2,0,0,0,1,0,0,1
10296,10769756.0,2,2,0,1,1,0,0,1,1
10297,10726158.0,4,2,0,0,0,1,0,0,1
10297,10771480.0,2,2,0,1,1,0,0,1,1
10298,399553.0,2,0,1,0,1,1,0,0,0
10298,468322.0,2,0,1,0,1,1,0,0,1
10299,417107.0,2,0,1,0,1,0,0,0,0
10299,453215.0,2,0,1,0,1,0,0,0,0
10299,463452.0,2,0,1,0,1,0,0,1,1
10300,604883.0,2,0,1,0,1,1,0,0,0
10300,653063.0,3,0,1,0,1,0,0,0,0
10300,672857.0,2,0,1,0,1,1,0,0,1
10301,4150001.0,2,2,0,0,1,0,1,0,0
10301,4150001.0,2,2,1,1,1,0,1,1,0
10301,4150001.0,2,2,0,0,0,0,1,0,0
10301,4690001.0,2,2,0,0,1,0,1,0,0
10301,4690001.0,2,2,0,0,0,0,1,0,0
10302,4150001.0,2,2,1,1,1,0,1,1,0
10302,4150001.0,2,2,0,0,1,0,1,0,0
10302,4150001.0,2,2,0,0,0,0,1,0,0
10302,4690001.0,2,2,0,0,1,0,1,0,0
10302,4690001.0,2,2,0,0,0,0,1,0,0
10303,4450001.0,2,2,0,0,1,0,1,0,0
10303,4450001.0,2,2,1,1,1,0,1,1,0
10303,4450001.0,2,2,0,0,0,0,1,0,0
10303,4990001.0,2,2,0,0,1,0,1,0,0
10303,4990001.0,2,2,0,0,0,0,1,0,0
10304,5050001.0,2,2,1,1,1,0,1,1,0
10304,5050001.0,2,2,0,0,1,0,1,0,0
10304,5050001.0,2,2,0,0,0,0,1,0,0
10304,5590001.0,2,2,0,0,1,0,1,0,0
10304,5590001.0,2,2,0,0,0,0,1,0,0
10305,5650001.0,2,2,1,1,1,0,1,1,0
10305,5650001.0,2,2,0,0,1,0,1,0,0
10305,5650001.0,2,2,0,0,0,0,1,0,0
10305,6190001.0,2,2,0,0,1,0,1,0,0
10305,6190001.0,2,2,0,0,0,0,1,0,0
10306,9650001.0,2,2,0,0,1,0,1,0,0
10306,9650001.0,2,2,1,1,1,0,1,1,0
10306,9650001.0,2,2,0,0,0,0,1,0,0
10306,10190001.0,2,2,0,0,1,0,1,0,0
10306,10190001.0,2,2,0,0,0,0,1,0,0
10307,11950001.0,2,2,1,1,1,0,1,1,0
10307,11950001.0,2,2,0,0,1,0,1,0,0
10307,11950001.0,2,2,0,0,0,0,1,0,0
10307,12490001.0,2,2,0,0,1,0,1,0,0
10307,12490001.0,2,2,0,0,0,0,1,0,0
10308,13350001.0,2,2,1,1,1,0,1,1,0
10308,13350001.0,2,2,0,0,1,0,1,0,0
10308,13350001.0,2,2,0,0,0,0,1,0,0
10308,13890001.0,2,2,0,0,1,0,1,0,0
10308,13890001.0,2,2,0,0,0,0,1,0,0
10309,114683.0,1,0,0,0,0,1,0,0,0
10309,146698.0,1,1,0,0,1,0,0,0,0
10310,288398.0,2,1,1,0,1,0,1,0,0
10311,346624.0,2,1,1,0,1,0,1,0,0
10312,356234.0,4,1,1,0,1,0,1,0,0
10313,368288.0,2,1,1,0,1,0,1,0,0
10314,508241.0,2,0,1,0,1,1,0,0,0
10314,462037.0,1,0,1,0,1,1,0,0,0
10315,600926.0,2,0,1,0,1,1,0,0,0
10316,241943.0,2,1,1,0,1,0,1,1,0
10316,369642.0,2,1,1,0,1,0,1,1,1
10317,285516.0,2,0,1,0,1,0,1,1,0
10317,400233.0,2,0,1,0,1,0,1,1,1
10318,368862.0,3,1,1,0,1,0,1,1,0
10318,543219.0,3,1,1,0,1,0,1,1,1
10319,395134.0,2,1,1,0,1,0,1,1,0
10319,513342.0,2,1,1,0,1,0,1,1,1
10320,461077.0,4,1,1,0,1,0,1,1,0
10320,699514.0,4,1,1,0,1,0,1,1,1
10321,583821.0,2,1,1,0,1,0,1,1,0
10321,711260.0,2,1,1,0,1,0,1,1,1
10322,780443.0,2,1,1,0,1,0,1,1,0
10322,1018371.0,2,1,1,0,1,0,1,1,1
10323,9177661.0,2,0,1,1,1,1,0,0,0
10323,9481881.0,2,1,1,1,1,0,0,0,0
10324,11575291.0,2,0,1,1,1,1,0,0,0
10325,19539950.0,2,0,1,1,1,1,0,0,0
10325,20608681.0,2,2,1,1,1,0,0,0,0
10326,31125960.0,2,2,1,1,1,0,0,0,0
10326,32086934.0,2,0,1,1,1,1,0,0,0
10327,38144980.0,2,0,1,1,1,1,0,0,0
10327,39958251.0,2,2,1,1,1,0,0,0,0
10328,39783280.0,2,0,1,1,1,1,0,0,0
10329,947856.0,2,0,1,0,1,1,0,0,0
10329,1000932.0,2,0,1,0,1,1,0,0,0
10330,1402471.0,2,1,1,0,1,0,0,0,0
10330,1920920.0,2,0,1,0,1,1,0,0,0
10331,1402471.0,2,1,1,0,1,0,0,0,0
10331,1535421.0,2,1,1,0,1,0,0,0,0
10332,1979286.0,2,1,1,0,1,0,0,1,0
10332,4013212.0,2,0,1,0,1,0,0,0,0
10333,2256770.0,2,1,1,0,1,0,0,1,0
10333,2563074.0,2,1,1,0,1,0,0,0,0
10334,2696086.0,2,1,1,0,1,0,0,1,0
10334,3062017.0,2,1,1,0,1,0,0,0,0
10335,2933348.0,2,1,1,0,1,0,0,1,0
10335,3352935.0,4,1,1,0,1,0,0,0,0
10336,3816300.0,2,0,1,0,1,0,0,0,0
10336,3816300.0,2,0,1,0,1,0,0,1,0
10337,659597.0,2,0,1,1,1,0,0,0,1
10338,659597.0,2,0,1,1,1,0,0,0,1
10339,780118.0,2,0,1,1,1,0,0,0,1
10340,780118.0,2,0,1,1,1,0,0,0,1
10341,977275.0,3,0,1,1,1,0,0,0,1
10342,1103863.0,3,0,1,1,1,0,0,0,1
10343,1669181.0,2,0,1,1,1,0,0,0,1
10344,4153365.0,2,0,1,1,1,0,0,0,1
10345,3335459.0,2,0,1,1,1,1,0,0,0
10345,4076985.0,2,1,1,1,1,0,0,1,0
10346,3723431.0,2,0,1,1,1,1,0,0,0
10346,4448781.0,2,0,1,1,1,1,0,0,0
10347,3723431.0,2,0,1,1,1,1,0,0,0
10347,4448781.0,2,0,1,1,1,1,0,0,0
10348,5001102.0,2,1,1,1,1,0,0,1,0
10349,5411771.0,2,1,1,1,1,0,0,1,0
10350,5411771.0,2,1,1,1,1,0,0,1,0
10351,6094553.0,2,0,1,1,1,1,0,0,0
10351,6943656.0,2,0,1,1,1,1,0,0,0
10352,6712106.0,2,0,1,1,1,1,0,0,0
10352,8167370.0,2,0,1,1,1,1,0,0,0
10353,6775234.0,2,0,1,1,1,1,0,0,0
10353,7816627.0,2,0,1,1,1,1,0,0,0
10354,8294246.0,2,1,1,1,1,0,0,1,0
10355,9415956.0,2,1,1,1,1,0,0,1,0
10356,9505693.0,2,1,1,1,1,0,0,1,0
10357,11326291.0,2,0,1,1,1,1,0,0,0
10357,12963059.0,2,0,1,1,1,1,0,0,0
10358,15159113.0,2,1,1,1,1,0,0,1,0
10359,277778.0,2,1,1,0,0,0,1,0,0
10360,1168782.0,2,2,1,1,1,0,0,1,1
10360,1399177.0,2,2,1,1,1,1,0,0,0
10361,1442622.0,2,2,1,1,1,0,0,1,1
10361,1646091.0,3,2,1,1,1,1,0,0,0
10362,2558721.0,2,2,1,1,1,0,0,1,1
10362,2919605.0,4,2,1,1,1,1,0,0,0
10363,2558721.0,2,2,1,1,1,0,0,1,1
10363,2919605.0,4,2,1,1,1,1,0,0,0
10364,461624.0,2,1,1,1,1,0,0,0,0
10364,494136.0,2,1,1,1,1,0,0,0,0
10365,461624.0,2,1,1,1,1,0,0,0,0
10365,494136.0,2,1,1,1,1,0,0,0,0
10366,574657.0,2,1,1,1,1,0,0,0,0
10366,585120.0,2,1,1,1,1,0,0,0,0
10367,684591.0,2,1,1,1,1,0,0,0,0
10367,691506.0,2,1,1,1,1,0,0,0,0
10368,769999.0,4,1,1,1,1,0,0,0,0
10368,777777.0,4,1,1,1,1,0,0,0,0
10369,382844.0,2,1,0,0,1,0,0,0,0
10369,506667.0,2,0,0,0,1,0,1,0,0
10370,800019.0,2,0,1,0,1,0,1,0,0
10370,837743.0,2,0,1,0,1,0,0,0,0
10370,1042328.0,2,0,1,0,1,0,1,0,1
10371,889780.0,2,1,1,0,1,0,1,0,0
10371,903881.0,2,1,1,0,1,0,0,0,0
10371,1107699.0,2,1,1,0,1,0,1,0,1
10372,156246.0,1,0,1,0,1,0,1,0,0
10372,158730.0,1,0,1,0,1,0,0,0,0
10372,269090.0,1,0,1,0,1,0,1,0,1
10372,273369.0,1,0,1,0,1,0,0,0,1
10373,478125.0,2,0,1,0,1,0,1,0,0
10373,556875.0,2,0,1,0,1,1,0,0,0
10374,600000.0,2,0,1,0,1,0,1,0,0
10374,829574.0,2,2,1,0,1,0,0,0,0
10375,750000.0,4,0,1,0,1,0,1,0,0
10376,277844.0,2,1,0,0,1,0,0,0,0
10377,277844.0,2,1,0,0,1,0,0,0,0
10378,356844.0,4,0,0,0,1,0,0,0,0
10379,114700.0,1,0,0,0,1,0,0,0,0
10380,211025.0,2,0,0,0,0,0,0,0,0
10380,216797.0,2,1,0,0,1,0,1,0,0
10381,260156.0,2,1,0,0,1,0,1,0,0
10382,304130.0,3,1,0,0,1,0,1,0,0
10382,305371.0,2,0,0,0,0,0,1,0,0
10383,372099.0,2,0,0,0,0,0,1,0,0
10383,391024.0,4,1,0,0,1,0,1,0,0
10384,783371.0,2,0,1,0,1,1,0,0,0
10384,852829.0,4,0,1,0,1,0,0,0,0
10385,289739.0,2,0,0,0,1,0,1,0,0
10386,292887.0,2,1,0,0,1,0,1,0,0
10386,358889.0,2,0,0,0,1,0,0,0,0
10387,357973.0,2,1,0,0,1,0,1,0,0
10387,418950.0,2,0,0,0,1,0,0,0,0
10388,433907.0,2,1,0,0,1,0,1,0,0
10389,477297.0,2,1,0,0,1,0,1,0,0
10389,548625.0,2,0,0,0,1,0,0,0,0
10390,508725.0,2,0,0,0,1,0,0,0,0
10391,4884384.0,2,0,1,0,1,1,0,0,0
10392,349850.0,2,0,1,0,1,0,0,0,0
10393,432000.0,2,0,1,0,1,0,0,0,0
10394,1234159.0,3,0,1,0,1,0,0,0,0
10395,1371302.0,4,0,1,0,1,0,0,0,0
10396,1443185.0,4,0,1,0,1,0,0,0,0
10397,606393.0,2,0,1,0,1,0,0,0,0
10397,667892.0,2,0,1,0,1,0,0,0,0
10397,695153.0,2,0,1,0,1,0,0,0,1
10398,725965.0,2,0,1,0,1,0,0,0,0
10398,758148.0,2,0,1,0,1,0,0,0,0
10398,789092.0,2,0,1,0,1,0,0,0,1
10399,835033.0,3,0,1,0,1,0,0,0,0
10399,848404.0,3,0,1,0,1,0,0,0,0
10399,907645.0,3,0,1,0,1,0,0,0,1
10400,1866845.0,7,0,1,0,1,0,0,0,0
10400,1895370.0,7,0,1,0,1,0,0,0,0
10400,2028973.0,7,0,1,0,1,0,0,0,1
10401,497714.0,2,1,0,0,1,0,1,0,0
10401,622778.0,2,1,0,0,1,1,0,0,0
10402,787037.0,2,0,1,0,1,0,1,0,1
10403,286855.0,2,0,1,0,1,0,1,0,1
10404,508255.0,2,0,1,0,1,1,0,0,0
10405,552000.0,2,1,1,0,1,0,1,0,0
10406,661376.0,2,0,1,0,1,0,0,0,0
10407,176367.0,1,0,1,0,1,0,0,0,0
10408,180776.0,1,0,1,0,1,0,0,0,0
10409,180776.0,1,0,1,0,1,1,0,0,0
10410,517593.0,2,0,1,0,1,0,1,0,0
10410,920833.0,2,0,1,0,1,1,0,0,0
10410,496889.0,1,1,1,0,1,0,1,0,0
10410,884000.0,1,1,1,0,1,1,0,0,0
10411,549444.0,2,0,1,0,1,0,1,0,0
10411,977500.0,2,0,1,0,1,1,0,0,0
10411,527467.0,1,1,1,0,1,0,1,0,0
10411,938400.0,1,1,1,0,1,1,0,0,0
10412,621111.0,3,0,1,0,1,0,1,0,0
10412,1105000.0,3,0,1,0,1,1,0,0,0
10413,630667.0,2,0,1,0,1,0,1,0,0
10413,656944.0,4,0,1,0,1,0,1,0,0
10414,700343.0,4,0,1,0,1,0,1,0,0
10414,1245958.0,4,0,1,0,1,1,0,0,0
10415,1055103.0,5,1,1,0,1,0,1,0,0
10415,1877101.0,5,1,1,0,1,1,0,0,0
10416,1434067.0,2,0,1,0,1,1,0,0,0
10417,2403274.0,2,1,1,0,1,1,0,0,0
10418,316667.0,2,1,1,0,1,0,0,0,0
10418,354179.0,2,2,1,0,1,0,1,0,0
10418,403968.0,2,2,1,0,1,0,1,0,0
10419,316667.0,2,1,1,0,1,0,0,0,0
10419,354179.0,2,2,1,0,1,0,1,0,0
10419,403968.0,2,2,1,0,1,0,1,0,0
10420,340476.0,2,1,1,0,1,0,0,0,0
10420,340842.0,2,0,1,0,1,1,0,0,1
10420,368096.0,2,2,1,0,1,0,1,0,0
10420,419841.0,2,2,1,0,1,0,1,0,0
10421,356349.0,2,1,1,0,1,0,0,0,0
10421,375054.0,2,2,1,0,1,0,1,0,0
10421,427778.0,2,2,1,0,1,0,1,0,0
10422,271177.0,2,0,1,0,1,0,0,0,0
10423,271177.0,2,0,1,0,1,0,0,0,0
10424,343686.0,2,0,1,0,1,0,0,0,0
10425,343686.0,2,0,1,0,1,0,0,0,0
10426,430329.0,2,0,1,0,1,0,0,0,0
10427,508956.0,3,0,1,0,1,0,0,0,0
10428,573883.0,4,0,1,0,1,0,0,0,0
10429,268030.0,1,0,1,0,1,0,0,0,0
10430,508352.0,2,0,1,0,1,1,0,0,0
10431,532558.0,2,0,1,0,1,1,0,0,0
10432,561875.0,2,0,1,0,1,1,0,0,0
10432,624306.0,2,0,1,0,1,0,1,0,0
10432,528163.0,1,0,1,0,1,1,0,0,0
10432,586847.0,1,0,1,0,1,0,1,0,0
10433,580000.0,2,0,1,0,1,1,0,0,0
10433,644444.0,2,0,1,0,1,0,1,0,0
10433,522000.0,1,0,1,0,1,1,0,0,0
10434,652500.0,2,0,1,0,1,1,0,0,0
10434,725000.0,2,0,1,0,1,0,1,0,0
10435,217500.0,1,0,1,0,1,1,0,0,0
10435,241667.0,1,0,1,0,1,0,1,0,0
10436,217500.0,1,0,1,0,1,1,0,0,0
10436,241667.0,1,0,1,0,1,0,1,0,0
10437,396825.0,2,1,1,0,0,0,1,0,0
10438,396825.0,2,1,1,0,0,0,1,0,0
10439,440917.0,2,1,1,0,0,0,1,0,0
10440,712963.0,2,0,0,0,1,0,1,0,0
10440,677315.0,1,0,0,0,1,0,1,0,0
10441,808333.0,2,0,0,0,1,1,0,0,0
10441,834768.0,2,1,0,0,1,0,1,0,0
10441,898148.0,2,0,0,0,1,0,1,0,0
10442,233589.0,2,0,1,0,1,1,0,0,0
10443,262968.0,2,0,1,0,1,1,0,0,0
10443,264734.0,2,0,1,0,1,0,1,0,0
10443,276852.0,2,0,1,0,1,0,1,0,0
10444,423280.0,2,1,1,0,1,0,0,0,0
10445,105820.0,1,0,1,0,1,0,0,0,0
10446,612240.0,2,1,0,0,1,1,0,0,0
10446,849946.0,2,0,0,0,1,0,1,0,0
10446,1064815.0,2,0,0,0,1,0,1,0,0
10447,670215.0,2,1,0,0,1,1,0,0,0
10447,835070.0,2,0,0,0,1,0,1,0,0
10447,1064815.0,2,1,0,0,1,0,1,0,0
10448,393016.0,2,1,0,0,1,0,0,0,0
10448,535167.0,2,0,0,0,1,0,1,0,0
10449,476439.0,2,1,0,0,1,0,0,0,0
10449,617500.0,2,0,0,0,1,0,1,0,0
10450,988446.0,2,1,1,0,1,0,0,0,0
10450,1107945.0,2,1,1,0,1,1,0,0,0
10451,988446.0,2,1,1,0,1,0,0,0,0
10451,1107945.0,2,1,1,0,1,1,0,0,0
10452,706857.0,2,1,1,0,1,1,0,0,0
10452,842378.0,2,0,1,0,1,1,0,0,0
10453,793985.0,2,0,1,0,1,1,0,0,0
10453,873637.0,2,1,1,0,1,1,0,0,0
10454,441780.0,2,1,1,0,1,0,1,0,0
10454,522993.0,2,0,1,0,1,1,0,0,0
10455,588275.0,2,1,1,0,1,0,1,0,0
10455,657500.0,2,0,1,0,1,1,0,0,0
10456,503695.0,3,0,1,0,1,0,1,0,0
10457,730373.0,2,1,1,0,1,0,0,0,0
10457,881834.0,2,1,1,0,1,0,1,0,0
10457,1547619.0,2,1,1,0,1,0,1,0,0
10458,959993.0,4,1,1,0,1,0,0,0,0
10458,1066138.0,4,1,1,0,1,0,0,0,0
10459,1038569.0,3,2,1,0,1,0,0,0,0
10459,1148148.0,3,2,1,0,1,0,0,0,0
10460,787500.0,2,1,1,0,1,1,0,0,0
10460,748125.0,1,2,1,0,1,1,0,0,0
10461,592702.0,2,0,1,1,1,0,1,0,0
10461,756869.0,2,0,1,1,1,1,0,0,0
10462,703036.0,2,0,1,1,1,0,1,0,0
10463,365997.0,2,1,1,0,1,0,1,0,0
10463,370370.0,2,0,1,0,1,0,1,0,0
10464,365997.0,2,1,1,0,1,0,1,0,0
10464,370370.0,2,0,1,0,1,0,1,0,0
10464,371552.0,1,1,1,0,1,0,1,0,0
10465,335104.0,2,0,1,0,1,0,1,0,0
10466,667471.0,2,1,1,0,1,0,0,0,0
10466,972222.0,2,0,1,0,1,1,0,0,0
10467,841756.0,2,1,1,0,1,0,0,0,0
10467,1037037.0,2,0,1,0,1,1,0,0,0
10468,688917.0,2,0,1,0,1,1,0,0,0
10469,769978.0,2,1,1,0,1,0,0,0,0
10469,848750.0,2,1,1,0,1,1,0,0,0
10470,242504.0,2,1,0,0,1,0,1,0,0
10470,244403.0,2,0,0,0,1,0,1,0,0
10471,489008.0,4,0,0,0,1,0,1,0,0
10471,519400.0,4,1,0,0,1,0,1,0,0
10472,837843.0,2,0,1,0,1,1,0,0,0
10473,875926.0,2,2,1,0,1,1,0,0,0
10473,885606.0,2,0,1,0,1,1,0,0,0
10473,1597257.0,2,2,1,0,1,0,0,1,0
10473,1607804.0,2,2,1,0,1,0,0,1,0
10473,2939502.0,2,0,1,0,1,0,1,0,0
10474,217675.0,2,0,0,0,0,1,0,0,0
10474,258393.0,2,1,0,0,0,0,1,0,0
10474,277543.0,2,0,0,0,0,0,1,0,0
10475,398085.0,2,0,0,0,0,1,0,0,0
10475,414895.0,4,1,0,0,0,0,1,0,0
10475,443263.0,3,1,0,0,0,0,1,0,0
10476,986604.0,2,0,1,0,1,1,0,0,0
10477,997530.0,2,0,1,0,1,0,1,0,0
10478,980815.0,2,0,1,1,1,0,0,0,0
10478,1662655.0,2,1,1,1,1,0,0,0,0
10479,434224.0,2,0,1,0,1,0,0,0,0
10480,1153998.0,2,0,1,0,1,1,0,0,0
10480,1296295.0,2,1,1,0,1,1,0,0,0
10481,1666666.0,4,0,1,0,1,1,0,0,0
10481,1754997.0,2,0,1,0,1,1,0,0,0
10482,255273.0,2,0,1,0,1,0,1,0,0
10483,267197.0,2,0,1,0,1,0,0,0,0
10483,494911.0,2,0,1,0,1,0,1,0,0
10484,266667.0,2,0,0,0,1,0,1,0,0
10484,317541.0,2,1,0,0,1,0,0,0,0
10485,421529.0,4,2,0,0,1,0,0,0,0
10485,485995.0,2,2,0,0,1,0,1,0,0
10485,514583.0,4,0,0,0,1,0,1,0,0
10486,672244.0,2,0,1,0,1,0,0,0,0
10487,672244.0,2,0,1,0,1,0,0,0,0
10488,287375.0,2,0,1,0,1,0,0,0,0
10489,481830.0,4,0,1,0,1,0,0,0,0
10490,595745.0,4,0,1,0,1,0,0,0,0
10491,981716.0,2,0,1,1,1,1,0,0,0
10491,1223569.0,2,0,1,1,1,1,0,0,0
10492,982998.0,2,0,1,1,1,1,0,0,0
10492,1022222.0,2,0,1,1,1,1,0,0,0
10492,1225199.0,2,0,1,1,1,1,0,0,0
10493,328638.0,2,0,1,0,1,0,1,0,0
10494,350000.0,4,0,1,0,0,0,1,0,0
10494,499530.0,4,0,1,0,1,0,1,0,0
10495,414319.0,2,0,1,0,1,0,0,0,0
10496,648194.0,2,0,1,0,1,0,0,0,0
10497,354938.0,2,0,1,0,1,1,0,0,0
10497,308642.0,1,1,1,0,1,1,0,0,0
10498,723104.0,2,0,1,0,1,0,1,0,0
10498,650794.0,1,1,1,0,1,0,1,0,0
10499,723104.0,2,0,1,0,1,0,1,0,0
10499,650794.0,1,1,1,0,1,0,1,0,0
10500,333639.0,2,2,1,0,1,0,1,0,0
10500,365079.0,2,2,1,0,1,0,1,0,0
10501,468348.0,2,2,1,0,1,0,1,0,0
10501,486772.0,2,2,1,0,1,0,1,0,0
10502,466667.0,1,1,1,1,1,0,1,0,0
10503,576491.0,3,0,1,0,1,0,1,0,0
10503,582314.0,2,1,1,0,1,0,1,0,0
10504,119444.0,1,0,0,0,0,0,1,0,0
10505,340639.0,2,0,0,0,0,0,0,0,0
10506,383710.0,3,0,0,0,1,0,0,0,0
10507,266276.0,2,1,1,0,1,0,0,0,0
10507,324259.0,2,0,1,0,1,0,1,0,0
10508,348882.0,2,1,1,0,1,0,0,0,0
10508,402963.0,2,0,1,0,1,0,1,0,0
10509,339421.0,2,1,1,0,1,0,1,0,0
10509,387884.0,2,0,1,0,1,1,0,0,0
10510,422606.0,3,1,1,0,1,0,1,0,0
10510,447437.0,2,0,1,0,1,1,0,0,0
10511,833333.0,2,0,1,0,1,1,0,0,0
10512,1000000.0,2,0,1,0,1,1,0,0,0
10513,213656.0,2,0,0,0,1,1,0,0,0
10514,246604.0,2,0,0,0,1,0,0,0,0
10515,308611.0,2,0,1,0,1,0,1,0,0
10515,305556.0,1,0,1,0,1,0,1,0,0
10516,467593.0,2,0,1,0,1,0,1,0,0
10516,472222.0,3,0,1,0,1,0,1,0,0
10516,462963.0,1,0,1,0,1,0,1,0,0
10517,197771.0,2,1,1,0,1,0,0,0,0
10517,225970.0,2,1,1,0,1,0,0,0,0
10517,237105.0,2,0,0,0,1,0,1,0,0
10518,234127.0,2,1,1,0,1,0,0,0,0
10518,253149.0,2,0,0,0,1,0,1,0,0
10518,253527.0,2,1,1,0,1,0,0,0,0
10519,361111.0,2,1,1,0,1,1,0,0,0
10520,430154.0,2,0,1,0,1,1,0,0,0
10521,435730.0,2,1,1,0,1,0,0,0,0
10522,435730.0,2,1,1,0,1,0,0,0,0
10523,2157916.0,2,0,1,0,1,1,0,0,0
10524,2169385.0,2,0,1,0,1,1,0,0,0
10524,2755417.0,2,1,1,0,1,1,0,0,0
10525,500000.0,4,1,1,0,1,1,0,0,0
10525,645013.0,4,1,1,0,1,1,0,0,0
10526,593148.0,4,1,1,0,1,1,0,0,0
10526,607584.0,4,1,1,0,1,1,0,0,0
10527,240933.0,2,0,1,0,1,0,0,0,0
10528,304527.0,2,0,1,0,1,0,0,0,0
10529,126759.0,1,0,1,0,1,0,0,0,0
10530,557213.0,2,1,1,1,1,0,0,0,1
10531,848899.0,2,1,1,1,1,0,0,0,1
10532,848899.0,2,1,1,1,1,0,0,0,1
10533,947664.0,2,1,1,1,1,0,0,0,1
10534,947664.0,2,1,1,1,1,0,0,0,1
10535,947664.0,2,1,1,1,1,0,0,0,1
10536,1994290.0,4,1,1,1,1,0,0,0,1
10537,2627928.0,6,1,1,1,1,0,0,0,1
10538,278557.0,2,1,1,0,1,0,1,0,0
10538,352734.0,2,1,1,0,1,0,1,0,0
10539,278557.0,2,0,1,0,1,0,1,0,0
10539,352734.0,2,0,1,0,1,0,1,0,0
10540,467968.0,3,1,1,0,1,0,1,0,0
10540,529101.0,3,1,1,0,1,0,1,0,0
10541,552407.0,4,2,1,0,1,0,1,0,0
10541,617284.0,4,2,1,0,1,0,1,0,0
10542,726071.0,4,2,1,0,1,0,1,0,0
10542,793651.0,4,2,1,0,1,0,1,0,0
10543,590072.0,2,1,1,0,1,0,1,0,0
10543,531065.0,1,1,1,0,1,0,1,0,0
10544,650473.0,2,0,1,0,1,0,1,0,0
10545,723022.0,2,0,1,0,1,0,1,0,0
10546,723022.0,2,0,1,0,1,0,1,0,0
10547,779572.0,2,0,1,0,1,0,1,0,0
10548,779572.0,3,0,1,0,1,0,1,0,0
10549,1045404.0,2,0,1,0,1,0,1,0,0
10549,940864.0,1,0,1,0,1,0,1,0,0
10550,744368.0,2,0,1,1,1,1,0,0,1
10551,793700.0,2,0,1,1,1,1,0,0,1
10551,1288496.0,2,0,1,1,1,1,0,0,1
10552,794568.0,2,1,1,1,1,0,0,0,1
10552,1235115.0,2,0,1,1,1,1,0,0,1
10553,999983.0,2,1,1,1,1,0,0,0,1
10553,1286195.0,2,0,1,1,1,1,0,0,1
10554,1154379.0,2,0,1,1,1,1,0,0,1
10554,1167186.0,4,2,1,1,1,0,0,0,1
10554,1678726.0,3,1,1,1,1,1,0,0,1
10555,1269197.0,2,0,1,1,1,1,0,0,1
10556,1293952.0,2,0,1,1,1,1,0,0,1
10557,1321797.0,2,0,1,1,1,1,0,0,1
10557,1687428.0,4,2,1,1,1,0,0,0,1
10557,2258549.0,3,2,1,1,1,1,0,0,1
10558,1331682.0,2,0,1,1,1,1,0,0,1
10558,2158690.0,2,1,1,1,1,1,0,0,1
10558,2823646.0,3,0,1,1,1,1,0,0,1
10559,1398415.0,2,2,1,1,1,0,0,0,1
10559,1913876.0,2,1,1,1,1,1,0,0,1
10560,1791608.0,2,0,1,1,1,1,0,0,1
10561,1875379.0,5,2,1,1,1,0,0,0,1
10561,2057533.0,2,0,1,1,1,1,0,0,1
10561,2563646.0,4,1,1,1,1,1,0,0,1
10562,2354551.0,5,2,1,1,1,0,0,0,1
10562,2446714.0,2,0,1,1,1,1,0,0,1
10562,2861841.0,4,2,1,1,1,1,0,0,1
10563,458333.0,2,0,1,0,1,0,1,0,0
10564,516667.0,2,0,1,0,1,0,1,0,0
10565,562500.0,3,0,1,0,1,0,1,0,0
10566,824743.0,2,1,1,1,1,1,0,0,0
10566,1300000.0,2,1,1,1,1,1,0,0,1
10567,400000.0,2,0,0,0,1,0,0,0,0
10568,437037.0,2,0,0,0,1,0,0,0,0
10569,470370.0,2,0,0,0,1,0,1,0,0
10569,446852.0,1,0,0,0,1,0,1,0,0
10570,488889.0,2,0,0,0,1,0,1,0,0
10571,577778.0,2,0,0,0,1,0,1,0,0
10571,548889.0,1,0,0,0,1,0,1,0,0
10572,622222.0,2,0,0,0,1,0,1,0,0
10573,811111.0,2,0,0,0,1,0,1,0,0
10573,770556.0,1,0,0,0,1,0,1,0,0
10574,433720.0,2,1,1,0,1,0,0,0,0
10574,625000.0,2,1,1,0,0,0,1,0,0
10575,333953.0,2,0,1,0,1,0,1,0,0
10575,462963.0,2,0,1,0,1,0,1,0,0
10575,1157407.0,4,0,1,0,1,0,1,0,0
10576,473793.0,2,1,1,0,1,0,1,0,0
10576,474749.0,3,1,1,0,1,0,1,0,0
10576,740741.0,4,0,1,0,1,0,1,0,0
10577,548239.0,4,1,1,0,1,0,1,0,0
10578,876494.0,2,1,1,0,1,0,1,0,0
10578,878185.0,3,1,1,0,1,0,1,0,0
10578,878181.0,1,1,1,0,1,0,1,0,0
10579,398148.0,2,0,0,0,1,0,1,0,0
10580,705724.0,2,0,0,0,1,1,0,0,0
10580,737596.0,2,0,1,0,1,0,1,1,0
10581,752792.0,2,0,0,0,1,1,0,0,0
10581,780984.0,2,0,1,0,1,0,1,1,0
10582,889635.0,2,0,1,0,1,0,1,1,0
10583,897222.0,2,0,0,0,1,1,0,0,0
10584,1033355.0,3,0,1,0,1,0,1,1,0
10584,1038889.0,3,0,0,0,1,1,0,0,0
10585,1167892.0,2,0,0,0,1,1,0,0,0
10585,1194395.0,2,0,1,0,1,0,1,1,0
10586,331185.0,2,0,0,0,1,0,1,0,0
10587,568077.0,4,0,0,0,1,0,1,0,0
10588,104061.0,1,0,0,0,1,0,1,0,0
10589,237288.0,2,1,1,0,1,0,1,0,0
10590,350886.0,3,1,1,0,1,0,1,0,0
10591,401013.0,3,1,1,0,1,0,1,0,0
10592,602026.0,6,3,1,0,1,0,1,0,0
10593,356481.0,2,0,0,0,1,0,1,0,0
10594,369213.0,2,0,0,0,1,0,1,0,0
10595,389583.0,2,0,0,0,1,0,1,0,0
10595,381792.0,1,0,0,0,1,0,1,0,0
10596,443056.0,2,0,0,0,1,0,1,0,0
10597,357500.0,2,0,1,0,1,1,0,0,0
10597,413388.0,2,2,1,0,1,0,1,0,0
10598,357500.0,2,0,1,0,1,1,0,0,0
10599,413388.0,2,0,1,0,1,0,1,0,0
10600,417083.0,2,0,1,0,1,1,0,0,0
10600,482286.0,2,0,1,0,1,0,1,0,0
10601,542208.0,2,0,1,0,1,1,0,0,0
10602,632012.0,2,0,1,0,1,0,1,0,0
10603,715000.0,4,0,1,0,1,1,0,0,0
10604,738833.0,4,0,1,0,1,1,0,0,0
10605,833896.0,2,2,1,0,1,0,1,0,0
10606,861693.0,2,2,1,0,1,0,1,0,0
10607,334917.0,2,1,0,0,1,0,1,0,0
10608,173216.0,1,0,1,0,1,0,1,0,0
10609,173216.0,1,0,1,0,1,0,1,0,0
10610,316199.0,2,1,1,0,1,0,0,0,0
10611,381002.0,2,1,1,0,1,0,0,0,0
10612,437500.0,2,1,1,0,1,1,0,0,0
10613,446932.0,3,1,1,0,1,0,0,0,0
10614,500000.0,2,1,1,0,1,1,0,0,0
10615,500258.0,3,1,1,0,1,0,0,0,0
10616,562500.0,3,1,1,0,1,1,0,0,0
10617,625000.0,3,1,1,0,1,1,0,0,0
10618,355774.0,2,1,1,0,0,0,0,0,0
10619,355774.0,2,1,1,0,0,0,0,0,0
10620,263539.0,2,1,1,0,1,0,1,0,0
10620,305556.0,2,1,1,0,1,0,0,0,0
10620,324074.0,2,0,1,0,1,0,1,0,0
10621,318040.0,2,1,1,0,1,0,1,0,0
10621,349206.0,2,1,1,0,1,0,0,0,0
10622,333333.0,2,0,1,0,1,1,0,0,0
10622,370370.0,2,0,1,0,1,0,1,0,0
10623,397550.0,2,1,1,0,1,0,1,0,0
10623,436508.0,2,1,1,0,1,0,0,0,0
10623,509259.0,2,0,1,0,1,0,1,0,0
10624,487500.0,2,0,1,0,1,1,0,0,0
10624,549120.0,3,0,1,0,1,0,1,0,0
10624,567460.0,3,0,1,0,1,0,0,0,0
10625,1009632.0,2,1,1,0,1,0,1,0,0
10625,1047619.0,2,1,1,0,1,0,0,0,0
10626,333531.0,2,0,0,0,0,0,1,0,0
10627,333531.0,2,0,0,0,1,0,1,0,0
10628,582947.0,4,1,0,0,1,0,1,0,0
10629,925575.0,2,1,0,0,1,0,0,0,0
10630,317395.0,2,0,1,0,1,1,0,0,0
10630,329511.0,2,0,1,0,1,0,1,0,0
10631,507240.0,2,0,1,0,1,1,0,0,0
10631,565617.0,2,0,1,0,1,0,1,0,0
10632,512012.0,2,0,1,0,1,0,1,0,0
10632,517110.0,2,0,1,0,1,1,0,0,0
10633,260371.0,2,1,1,0,1,0,1,0,0
10634,750000.0,2,0,0,0,1,0,1,0,1
10634,813230.0,2,1,1,0,1,0,0,0,1
10635,833333.0,2,0,0,0,1,0,1,0,1
10635,894553.0,2,1,1,0,1,0,0,0,1
10636,958333.0,2,0,0,0,1,0,1,0,1
10637,988060.0,2,1,1,0,1,0,0,0,1
10638,1485785.0,4,1,1,0,1,0,0,0,1
10639,1583333.0,4,0,0,0,1,0,1,0,1
10640,320546.0,2,0,0,0,1,1,0,0,0
10641,337469.0,2,0,0,0,1,0,0,0,0
10642,337469.0,2,0,0,0,1,0,0,0,0
10643,505579.0,2,0,0,0,1,0,0,0,0
10644,317596.0,1,0,0,0,1,0,0,0,0
10645,567361.0,2,1,1,0,1,0,1,0,0
10645,659722.0,4,1,1,0,1,0,1,0,0
10646,1495370.0,6,0,1,0,1,0,1,0,0
10647,306425.0,2,1,1,0,1,0,1,0,0
10648,361070.0,2,1,1,0,1,0,1,0,0
10649,666611.0,2,1,1,0,1,1,0,1,1
10649,875547.0,3,1,1,0,1,1,0,1,1
10650,756490.0,2,1,1,0,1,1,0,1,1
10650,880000.0,2,1,1,0,1,1,0,0,1
10651,756490.0,2,1,1,0,1,1,0,1,1
10651,924000.0,2,1,1,0,1,1,0,0,1
10652,370370.0,2,0,1,0,1,0,1,0,0
10652,407407.0,2,0,1,0,1,1,0,0,0
10653,444444.0,3,0,1,0,1,0,1,0,0
10653,488889.0,4,0,1,0,1,1,0,0,0
10654,601852.0,4,0,1,0,1,0,1,0,0
10654,662037.0,4,0,1,0,1,1,0,0,0
10655,648148.0,4,0,1,0,1,0,1,0,0
10655,712963.0,4,0,1,0,1,1,0,0,0
10656,422685.0,2,0,1,0,1,0,1,0,0
10657,529101.0,2,1,1,0,1,0,0,0,1
10657,540918.0,2,0,1,0,1,1,0,0,1
10657,582011.0,2,0,1,0,1,0,1,0,1
10658,684986.0,2,0,1,0,1,1,0,0,1
10658,749559.0,2,1,1,0,1,0,1,0,1
10659,970018.0,3,0,1,0,1,0,0,0,1
10660,1278660.0,4,1,1,0,1,0,1,0,1
10661,692547.0,2,0,1,0,1,1,0,0,1
10662,700057.0,2,0,1,1,1,0,0,0,0
10662,718304.0,2,0,1,1,1,0,1,0,0
10663,764298.0,2,0,1,1,1,0,1,0,0
10663,795659.0,2,0,1,1,1,1,0,0,0
10664,792581.0,2,0,1,1,1,0,1,0,0
10664,794806.0,2,0,1,1,1,1,0,0,0
10665,1238003.0,2,1,1,1,1,0,1,0,0
10666,1386268.0,2,1,1,1,1,0,1,0,0
10667,644775.0,2,0,1,1,1,1,0,0,1
10667,767329.0,2,0,1,1,1,0,1,0,1
10668,443474.0,2,1,1,0,1,0,1,0,0
10668,564374.0,2,1,1,0,1,0,1,0,0
10669,500957.0,2,1,1,0,1,0,1,0,0
10669,599647.0,2,1,1,0,1,0,1,0,0
10670,1033481.0,4,0,1,0,1,0,1,0,0
10670,1128748.0,4,0,1,0,1,0,1,0,0
10671,1291852.0,4,2,1,0,1,0,1,0,0
10671,1410935.0,4,2,1,0,1,0,1,0,0
10672,610639.0,2,1,1,0,1,0,0,0,0
10672,877090.0,2,2,1,0,1,0,1,0,0
10673,706694.0,2,1,1,0,1,0,0,0,0
10673,934630.0,1,1,1,0,1,1,0,0,0
10674,2429411.0,2,0,1,0,1,1,0,0,1
10674,3580280.0,2,0,1,0,1,1,0,0,1
10675,2512305.0,2,0,1,0,1,1,0,0,1
10675,2698413.0,2,1,1,0,1,1,0,0,1
10675,3992101.0,2,1,1,0,1,0,0,1,1
10676,4582601.0,2,0,1,0,1,1,0,0,1
10676,5079365.0,4,2,1,0,1,1,0,0,1
10676,6255573.0,4,2,1,0,1,0,0,1,1
10677,6349206.0,6,3,1,0,1,1,0,0,1
10677,6445722.0,6,3,1,0,1,0,0,1,1
10678,698045.0,2,0,1,0,1,0,1,0,0
10678,808348.0,2,1,1,0,1,0,1,0,0
10679,874911.0,2,0,1,0,1,0,1,0,0
10679,970018.0,2,1,1,0,1,0,1,0,0
10680,972726.0,2,0,1,0,1,0,1,0,0
10680,1077797.0,2,1,1,0,1,0,1,0,0
10681,215278.0,2,0,1,0,1,0,1,0,0
10682,248897.0,2,0,1,0,1,0,0,0,0
10683,248897.0,2,1,1,0,1,0,0,0,0
10684,541667.0,2,0,1,0,1,0,1,0,0
10684,671545.0,2,1,1,0,1,0,0,0,0
10685,662037.0,3,0,1,0,1,0,1,0,0
10685,728241.0,2,1,1,0,1,0,1,0,0
10686,995238.0,2,1,0,0,1,1,0,0,0
10687,1500000.0,2,1,0,0,1,1,0,0,0
10687,1547619.0,3,1,0,0,1,1,0,0,0
10688,751988.0,2,0,1,0,1,0,1,0,0
10689,1062507.0,2,0,1,0,1,0,1,0,0
10690,317460.0,2,0,1,0,1,1,0,0,0
10690,352734.0,2,0,1,0,1,0,1,0,0
10691,317460.0,2,0,1,0,1,1,0,0,0
10691,352734.0,2,0,1,0,1,0,1,0,0
10692,1808463.0,2,1,1,0,1,0,0,1,0
10692,1851852.0,2,0,1,0,1,1,0,0,0
10693,325001.0,2,1,1,0,1,0,0,0,1
10694,368546.0,2,1,1,0,1,0,0,0,1
10695,368546.0,2,1,1,0,1,0,0,0,1
10696,501600.0,2,0,1,0,1,0,0,0,1
10697,581232.0,3,1,1,0,1,0,0,0,1
10698,600607.0,4,1,1,0,1,0,0,0,1
10699,1016053.0,4,1,1,0,1,0,0,0,1
10700,365497.0,2,0,1,0,1,1,0,0,0
10701,386337.0,2,0,1,0,1,0,1,0,0
10701,412222.0,2,1,1,0,1,0,1,0,0
10702,386337.0,2,0,1,0,1,0,1,0,0
10702,412222.0,2,1,1,0,1,0,1,0,0
10703,507068.0,2,0,1,0,1,0,1,0,0
10703,541042.0,2,1,1,0,1,0,1,0,0
10704,634227.0,2,0,1,0,1,0,1,0,0
10704,669861.0,2,1,1,0,1,0,1,0,0
10705,225542.0,2,0,1,0,1,1,0,0,0
10705,226271.0,2,1,1,0,1,0,1,0,0
10705,243386.0,2,1,1,0,1,0,0,0,0
10706,351704.0,2,2,1,0,1,0,1,0,0
10706,361111.0,2,2,1,0,1,0,1,0,0
10706,378307.0,2,2,1,0,1,0,0,0,0
10707,750000.0,2,0,1,0,1,0,0,0,0
10708,245093.0,2,0,1,0,1,1,0,0,0
10708,254850.0,2,0,1,0,1,0,1,0,0
10709,257203.0,2,0,1,0,1,1,0,0,0
10709,276254.0,2,0,1,0,1,0,1,0,0
10709,1503280.0,2,1,1,0,1,0,1,0,0
10710,347217.0,2,0,1,0,1,1,0,0,0
10710,352997.0,2,0,1,0,1,0,1,0,0
10710,2082657.0,2,1,1,0,1,0,1,0,0
10711,413154.0,2,0,1,0,1,0,0,0,0
10711,413966.0,2,0,1,0,1,0,1,0,0
10711,2099026.0,2,1,1,0,1,0,1,0,0
10712,501657.0,2,0,1,0,1,0,0,0,0
10712,507536.0,2,0,1,0,1,0,1,0,0
10712,2994649.0,2,2,1,0,1,0,1,0,0
10713,592560.0,2,0,1,0,1,0,0,0,0
10713,599518.0,2,0,1,0,1,0,1,0,0
10713,3430225.0,4,2,1,0,1,0,1,0,0
10714,2664620.0,2,2,1,0,1,0,1,0,0
10714,2704265.0,2,2,1,0,1,0,1,0,0
10714,2792447.0,3,2,1,0,1,0,1,0,0
10715,5442050.0,2,1,1,0,1,0,0,0,0
10716,2222222.0,2,0,1,0,1,1,0,0,0
10716,3015873.0,2,0,1,0,1,1,0,0,1
10717,277778.0,2,0,1,0,0,1,0,0,0
10718,462963.0,4,0,1,0,0,1,0,0,0
10719,589059.0,2,1,1,0,1,0,0,0,0
10719,670864.0,2,1,1,0,1,0,0,0,0
10720,785685.0,2,0,1,0,1,0,1,0,0
10721,1063492.0,2,1,1,1,1,0,0,0,0
10722,1861111.0,4,1,1,1,1,0,0,0,0
10723,7312058.0,2,1,0,0,0,0,1,0,0
10723,7378129.0,2,1,0,0,1,0,1,0,0
10723,8043264.0,2,1,0,0,0,0,1,0,1
10723,8115896.0,2,1,0,0,1,0,1,0,1
10723,8115896.0,2,1,1,0,1,1,0,0,1
10724,8063111.0,4,2,0,0,0,0,0,0,1
10724,8136012.0,4,2,1,0,1,1,0,0,1
10724,8670012.0,4,2,0,0,0,0,1,0,0
10724,9401218.0,2,2,0,0,0,0,1,0,1
10724,9486166.0,2,2,1,0,1,1,0,0,1
10724,9766821.0,3,2,0,0,0,0,1,0,1
10725,9083143.0,2,1,0,0,0,0,0,0,1
10725,9165304.0,2,1,1,0,1,1,0,0,1
10725,9766821.0,2,1,0,0,0,0,1,0,0
10725,10498027.0,2,1,0,0,0,0,1,0,1
10725,10592932.0,2,1,1,0,1,1,0,0,1
10726,10346040.0,4,2,0,0,0,0,0,0,1
10726,10439439.0,4,2,1,0,1,1,0,0,1
10726,11124775.0,4,2,0,0,0,0,1,0,0
10726,11855981.0,2,2,0,0,0,0,1,0,1
10726,11963202.0,2,2,1,0,1,1,0,0,1
10726,12221583.0,3,2,0,0,0,0,1,0,1
10727,11536078.0,6,3,0,0,0,0,0,0,1
10727,11640316.0,6,3,1,0,1,1,0,0,1
10727,12404385.0,6,3,0,0,0,0,1,0,0
10727,13135591.0,2,3,0,0,0,0,1,0,1
10727,13254235.0,2,3,1,0,1,1,0,0,1
10727,13501194.0,3,3,0,0,0,0,1,0,1
10728,12264672.0,6,3,0,0,0,0,0,0,1
10728,12375494.0,6,3,1,0,1,1,0,0,1
10728,13187820.0,6,3,0,0,0,0,1,0,0
10728,13919026.0,2,4,0,0,0,0,1,0,1
10728,14044749.0,2,4,1,0,1,1,0,0,1
10728,14284628.0,3,4,0,0,0,0,1,0,1
10729,14207591.0,6,3,0,0,0,0,0,0,1
10729,14335968.0,6,3,1,0,1,1,0,0,1
10729,15276979.0,6,3,0,0,0,0,1,0,0
10729,16008185.0,2,3,0,0,0,0,1,0,1
10729,16152786.0,2,3,1,0,1,1,0,0,1
10729,16373788.0,3,3,0,0,0,0,1,0,1
10730,14814753.0,6,3,0,0,0,0,0,0,1
10730,14948617.0,6,3,1,0,1,1,0,0,1
10730,15929842.0,6,3,0,0,0,0,1,0,0
10730,16661047.0,2,4,0,0,0,0,1,0,1
10730,16811548.0,2,4,1,0,1,1,0,0,1
10730,17026650.0,3,4,0,0,0,0,1,0,1
10731,24893642.0,6,3,0,0,0,0,0,0,1
10731,25118577.0,6,3,1,0,1,1,0,0,1
10731,26767357.0,6,3,0,0,0,0,1,0,0
10731,27498563.0,2,4,0,0,0,0,1,0,1
10731,27746989.0,2,4,1,0,1,1,0,0,1
10731,27864166.0,3,4,0,0,0,0,1,0,1
10732,312272.0,2,1,1,0,1,1,0,0,0
10733,292857.0,2,1,1,0,1,0,1,0,0
10734,390476.0,2,0,1,0,1,0,1,0,0
10735,488095.0,4,2,1,0,1,0,1,0,0
10736,536905.0,4,2,1,0,1,0,1,0,0
10737,829762.0,6,3,1,0,1,0,1,0,0
10738,474704.0,2,2,0,0,0,0,1,0,0
10738,554079.0,2,0,0,0,0,0,1,0,0
10739,683648.0,4,2,0,0,0,0,1,0,0
10739,775711.0,4,0,0,0,0,0,1,0,0
10740,258333.0,2,1,1,0,1,1,0,0,0
10740,323614.0,2,1,1,0,1,0,0,0,0
10741,310000.0,4,1,1,0,1,1,0,0,0
10741,443153.0,4,1,1,0,1,0,0,0,0
10742,348750.0,4,1,1,0,1,1,0,0,0
10743,226668.0,2,0,0,0,0,0,1,0,0
10743,243391.0,2,0,0,0,0,0,1,0,0
10744,317337.0,4,0,0,0,0,0,1,0,0
10744,341410.0,4,1,0,0,0,0,1,0,0
10745,213599.0,2,1,0,0,0,0,1,0,0
10745,241672.0,2,0,0,0,0,0,0,0,0
10746,355861.0,4,1,0,0,0,0,1,0,0
10747,473235.0,2,0,1,0,1,0,1,0,1
10747,524691.0,2,0,1,0,1,0,1,0,1
10748,534444.0,2,0,1,0,1,0,1,0,1
10748,555556.0,2,0,1,0,1,0,1,0,1
10749,593827.0,2,0,1,0,1,0,1,0,1
10749,617284.0,2,0,1,0,1,0,1,0,1
10750,666756.0,2,0,1,0,1,0,1,0,1
10750,679012.0,2,0,1,0,1,0,1,0,1
10751,971141.0,2,0,1,0,1,0,1,0,1
10751,987654.0,2,0,1,0,1,0,1,0,1
10752,999030.0,2,0,0,0,1,0,0,0,0
10753,155354.0,1,0,0,0,1,0,0,0,0
10754,360000.0,2,1,1,0,1,0,1,0,0
10754,363600.0,2,1,1,0,1,0,0,0,0
10755,492000.0,2,1,1,0,1,0,1,0,0
10755,546000.0,3,1,1,0,1,0,1,0,0
10756,384171.0,2,0,0,0,1,1,0,0,0
10756,406206.0,2,0,0,0,1,1,0,0,0
10756,385895.0,1,1,0,0,1,1,0,0,0
10757,540627.0,2,1,0,0,1,0,0,0,0
10757,596120.0,2,1,0,0,1,0,0,0,0
10757,633333.0,2,1,0,0,1,0,1,0,0
10758,876726.0,2,1,0,0,1,0,0,0,0
10758,894180.0,2,1,0,0,1,0,0,0,0
10758,950000.0,2,1,0,0,1,0,1,0,0
10759,203827.0,2,0,0,0,0,0,1,0,0
10759,227409.0,2,0,0,0,0,0,1,0,0
10760,357143.0,3,0,0,0,0,1,0,0,0
10760,396825.0,3,0,0,0,0,0,1,0,0
10761,413580.0,2,0,0,0,0,0,1,0,0
10761,471340.0,3,0,0,0,0,0,1,0,0
10761,471340.0,1,0,0,0,0,0,1,0,0
10762,2037037.0,2,0,1,0,1,0,1,0,0
10763,1089831.0,2,2,1,1,1,0,1,0,0
10763,1117647.0,2,2,1,1,1,0,0,0,0
10763,1181658.0,2,2,1,1,1,0,1,0,0
10763,1199295.0,2,2,1,1,1,0,0,0,0
10764,1089831.0,2,2,1,1,1,0,1,0,0
10764,1117647.0,2,2,1,1,1,0,0,0,0
10764,1181658.0,2,2,1,1,1,0,1,0,0
10764,1199295.0,2,2,1,1,1,0,0,0,0
10765,1145588.0,2,2,1,1,1,0,0,0,0
10765,1177189.0,2,2,1,1,1,0,1,0,0
10765,1211199.0,2,2,1,1,1,0,1,0,0
10765,1229277.0,2,2,1,1,1,0,0,0,0
10766,587043.0,2,0,1,0,1,1,0,0,1
10767,1453489.0,2,0,1,0,1,0,1,0,1
10768,1831830.0,2,1,1,0,1,0,1,0,1
10769,1928242.0,2,1,1,0,1,0,1,0,1
10770,588706.0,2,0,1,0,1,1,0,0,0
10770,747531.0,2,0,1,0,1,0,0,0,0
10770,1268073.0,2,2,1,0,1,0,1,0,0
10771,612921.0,2,0,1,0,1,1,0,0,0
10771,777778.0,2,0,1,0,1,0,0,0,0
10771,1298082.0,2,1,1,0,1,0,1,0,0
10772,1327160.0,4,0,1,0,1,0,0,0,0
10773,1361111.0,4,0,1,0,1,0,0,0,0
10773,2141388.0,4,2,1,0,1,0,1,0,0
10774,2096775.0,4,2,1,0,1,0,1,0,0
10775,592593.0,2,0,1,0,1,0,0,0,1
10775,698207.0,2,0,1,0,1,0,1,0,1
10776,616070.0,2,0,1,0,1,0,1,0,1
10777,666667.0,2,0,1,0,1,1,0,0,1
10777,740387.0,2,0,1,0,1,1,0,0,1
10778,698207.0,2,0,1,0,1,0,1,0,1
10779,775786.0,2,0,1,0,1,0,1,0,1
10780,814815.0,2,0,1,0,1,1,0,0,1
10781,856839.0,2,1,1,0,1,0,1,0,1
10782,925926.0,4,0,1,0,1,0,0,0,1
10783,976042.0,2,1,1,0,1,0,1,0,1
10784,2592593.0,6,0,1,0,1,1,0,0,1
10785,2732917.0,2,2,1,0,1,0,1,0,1
10786,659250.0,2,0,1,0,1,1,0,0,0
10786,915127.0,2,0,1,0,1,1,0,0,1
10787,933333.0,2,1,1,0,1,1,0,0,0
10787,1050000.0,3,1,1,0,1,1,0,0,0
10787,1621667.0,4,0,1,0,1,1,0,0,1
10788,1034212.0,4,1,1,0,1,0,1,0,0
10788,1058201.0,4,1,1,0,1,0,0,0,0
10788,1110499.0,2,1,1,0,1,0,1,0,1
10789,1038889.0,2,1,1,1,1,0,0,0,1
10789,1604747.0,2,0,1,1,1,1,0,0,1
10790,1038889.0,2,1,1,1,1,0,0,0,1
10791,1180556.0,2,1,1,1,1,0,0,0,1
10791,1892387.0,2,0,1,1,1,1,0,0,1
10792,1442901.0,3,1,1,1,1,0,0,0,1
10793,2361111.0,4,0,1,1,1,0,0,0,1
10794,792405.0,2,0,1,0,1,1,0,0,1
10794,879630.0,2,1,1,0,1,1,0,0,1
10795,1884167.0,2,1,1,0,1,0,0,0,0
10795,2216667.0,2,1,1,0,1,0,1,0,0
10795,1789958.0,1,2,1,0,1,0,0,0,0
10795,2105833.0,1,2,1,0,1,0,1,0,0
10796,2374208.0,2,0,1,0,1,0,1,0,0
10796,2506109.0,2,0,1,0,1,1,0,0,0
10797,2691667.0,4,0,1,0,1,0,1,0,0
10797,2841204.0,4,0,1,0,1,1,0,0,0
10798,2713200.0,2,4,1,0,1,0,0,0,0
10798,3192000.0,2,4,1,0,1,0,1,0,0
10798,3225250.0,3,3,1,0,1,0,1,0,0
10799,317460.0,2,0,1,0,1,0,1,0,0
10799,355572.0,2,0,1,0,1,0,1,0,0
10799,392416.0,2,0,1,0,1,1,0,0,0
10800,327126.0,2,0,1,0,1,0,1,0,0
10800,361023.0,2,0,1,0,1,0,1,0,0
10800,361023.0,2,0,1,0,1,1,0,0,0
10801,357143.0,2,0,1,0,1,0,1,0,0
10801,384018.0,2,0,1,0,1,0,1,0,0
10801,396825.0,3,0,1,0,1,0,1,0,0
10802,566869.0,4,1,1,0,1,0,1,0,0
10802,588624.0,4,1,1,0,1,0,1,0,0
10802,588624.0,4,1,1,0,1,1,0,0,0
10803,634921.0,2,0,1,0,1,0,1,0,0
10803,714286.0,3,0,1,0,1,0,1,0,0
10803,555556.0,1,0,1,0,1,0,1,0,0
10804,325581.0,2,0,0,0,1,0,1,0,0
10805,393519.0,2,0,0,0,1,1,0,0,0
10806,541592.0,2,0,0,0,1,0,1,0,0
10806,629630.0,2,0,0,0,1,1,0,0,0
10807,837900.0,2,0,1,0,1,0,0,0,0
10807,867937.0,2,0,1,0,1,0,1,0,0
10808,922183.0,2,0,1,0,1,0,1,0,0
10809,995220.0,2,0,1,0,1,0,0,0,0
10809,1047600.0,2,0,1,0,1,0,1,0,0
10810,1405232.0,2,1,1,1,1,1,0,0,0
10810,1907667.0,2,1,1,1,1,0,0,0,1
10811,2444704.0,2,2,1,1,1,1,0,0,0
10811,2877852.0,2,2,1,1,1,0,0,0,1
10812,3816235.0,2,0,1,1,1,1,0,0,0
10812,4763731.0,2,0,1,1,1,1,0,0,1
10813,4721782.0,2,1,1,1,1,1,0,0,0
10813,5606024.0,2,1,1,1,1,1,0,0,1
10814,6335865.0,2,1,1,1,1,1,0,0,0
10814,7055497.0,2,1,1,1,1,1,0,0,1
10815,13900110.0,2,3,1,1,1,1,0,0,0
10815,16681970.0,2,0,1,1,1,1,0,0,1
10815,18327200.0,2,3,1,1,1,0,1,0,0
10816,14869885.0,2,3,1,1,1,1,0,0,0
10816,17597775.0,2,0,1,1,1,1,0,0,1
10816,19605842.0,2,3,1,1,1,0,1,0,0
10817,603002.0,2,0,1,0,1,1,0,0,0
10818,655556.0,2,0,1,0,1,1,0,0,1
10819,792130.0,2,0,1,0,1,1,0,0,1
10820,956019.0,2,0,1,0,1,1,0,0,1
10821,1037963.0,3,0,1,0,1,1,0,0,1
10822,1229167.0,2,0,1,0,1,1,0,0,1
10823,1229167.0,4,0,1,0,1,1,0,0,1
10824,1326563.0,2,0,1,0,1,1,0,0,1
10824,1420370.0,4,1,1,0,1,1,0,0,1
10825,1475000.0,3,0,1,0,1,1,0,0,1
10826,467593.0,2,1,1,0,1,0,1,0,0
10827,254630.0,2,0,1,0,1,0,1,0,0
10828,300926.0,3,0,1,0,1,0,1,0,0
10829,935230.0,2,1,1,0,1,0,0,0,0
10830,1069254.0,2,1,1,0,1,0,0,0,0
10831,1157407.0,2,0,1,0,1,1,0,0,0
10832,1273148.0,2,0,1,0,1,1,0,0,0
10833,2257376.0,2,0,1,0,1,0,0,0,0
10834,2401551.0,5,0,1,0,1,0,0,0,0
10835,2518519.0,2,1,1,0,1,1,0,0,0
10835,2675926.0,3,0,1,0,1,1,0,0,0
10836,2573091.0,4,0,1,0,1,0,0,0,0
10837,3148148.0,4,0,1,0,1,1,0,0,0
10838,3148148.0,4,2,1,0,1,1,0,0,0
10839,259000.0,2,0,1,0,1,1,0,0,0
10840,259000.0,2,0,1,0,1,1,0,0,0
10841,569118.0,2,1,1,0,1,0,0,0,0
10842,725000.0,2,1,1,0,1,1,0,0,0
10842,741729.0,2,0,1,0,1,1,0,0,0
10843,912041.0,2,1,1,0,1,0,0,0,0
10844,975000.0,3,0,1,0,1,1,0,0,0
10845,1046309.0,2,0,1,0,1,0,0,0,0
10846,1100000.0,2,1,1,0,1,1,0,0,0
10847,1767776.0,4,1,1,0,1,0,0,0,0
10848,1850000.0,4,1,1,0,1,1,0,0,0
10848,2076921.0,2,0,1,0,1,1,0,0,0
10849,2938331.0,6,0,1,0,1,0,0,0,0
10849,3075000.0,6,0,1,0,1,1,0,0,0
10850,1678704.0,2,0,0,0,1,0,1,0,0
10850,1712963.0,3,0,0,0,1,0,1,0,0
10850,1695833.0,1,0,0,0,1,0,1,0,0
10851,1759259.0,3,0,0,0,1,0,1,0,0
10852,2314815.0,2,0,0,0,1,0,1,0,0
10853,2773148.0,4,0,0,0,1,0,1,0,0
10854,2870370.0,4,0,0,0,1,0,1,0,0
10855,2962963.0,6,0,0,0,1,0,1,0,0
10856,3017593.0,6,0,0,0,1,0,1,0,0
10857,379761.0,3,1,1,0,1,0,1,0,0
10857,385802.0,3,1,1,0,1,0,1,0,0
10858,520984.0,4,2,1,0,1,0,1,0,0
10858,529101.0,4,2,1,0,1,0,1,0,0
10859,787500.0,2,0,1,0,1,1,0,0,0
10859,875000.0,2,0,1,0,1,0,1,0,0
10860,1102500.0,3,0,1,0,1,1,0,0,0
10860,1225000.0,3,0,1,0,1,0,1,0,0
10861,1260000.0,4,0,1,0,1,1,0,0,0
10861,1400000.0,4,0,1,0,1,0,1,0,0
10862,277537.0,2,0,1,0,1,0,0,0,0
10862,281077.0,2,0,1,0,1,0,1,0,0
10863,320005.0,2,0,1,0,1,1,0,0,0
10863,733333.0,2,0,1,0,1,0,1,0,0
10863,726667.0,1,1,1,0,1,0,1,0,0
10864,326031.0,2,0,1,0,1,1,0,0,0
10865,330862.0,2,0,1,0,1,0,0,0,0
10865,332253.0,2,0,1,0,1,0,1,0,0
10865,800000.0,2,0,1,0,1,0,1,0,0
10866,330862.0,2,0,1,0,1,0,0,0,0
10866,332253.0,2,0,1,0,1,0,1,0,0
10866,800000.0,2,0,1,0,1,0,1,0,0
10867,651667.0,4,2,1,0,1,0,0,0,0
10868,906399.0,2,1,1,1,1,0,0,1,0
10868,1518426.0,2,1,1,1,1,0,1,1,0
10869,1042628.0,2,1,1,1,1,0,0,1,0
10869,1648577.0,2,1,1,1,1,0,1,1,0
10870,1053241.0,2,1,1,1,1,1,0,0,0
10871,1522764.0,4,1,1,1,1,0,0,1,0
10871,2347429.0,4,1,1,1,1,0,1,1,0
10872,1625000.0,4,2,1,1,1,1,0,0,0
10873,2798248.0,2,0,1,0,0,1,0,0,0
10873,3409967.0,2,0,1,0,0,1,0,0,1
10874,3276778.0,4,0,1,0,0,0,0,0,0
10874,4272889.0,4,0,1,0,0,0,0,0,1
10875,3633056.0,4,0,1,0,0,0,0,0,0
10875,4619389.0,4,0,1,0,0,0,0,0,1
10876,4884496.0,6,0,1,0,1,0,0,0,0
10876,5750278.0,2,3,1,0,1,0,0,0,1
10877,5897833.0,4,0,1,0,0,0,0,0,0
10877,6893944.0,4,0,1,0,0,0,0,0,1
10878,6155893.0,8,0,1,0,1,0,0,0,0
10878,7201615.0,2,4,1,0,1,0,0,0,1
10879,6487556.0,4,0,1,0,0,0,0,0,0
10879,7473889.0,4,0,1,0,0,0,0,0,1
10880,6552944.0,6,0,1,0,0,0,0,0,0
10880,8047111.0,6,0,1,0,0,0,0,0,1
10881,7429526.0,10,0,1,0,1,0,0,0,0
10881,8652105.0,2,5,1,0,1,0,0,0,1
10882,7863778.0,6,0,1,0,0,0,0,0,0
10882,9357944.0,6,0,1,0,0,0,0,0,1
10883,8495075.0,2,0,1,0,0,1,0,0,0
10883,10510533.0,2,0,1,0,0,1,0,0,1
10884,9174611.0,8,0,1,0,0,0,0,0,0
10884,11166222.0,8,0,1,0,0,0,0,0,1
10885,11677722.0,8,0,1,0,0,0,0,0,0
10885,13649778.0,8,0,1,0,0,0,0,0,1
10886,34100000.0,8,0,1,0,0,0,0,0,0
10886,36116667.0,8,0,1,0,0,0,0,0,1
10887,289630.0,2,0,1,0,1,0,0,0,0
10887,260667.0,1,0,1,0,1,0,0,0,0
10888,585378.0,2,1,1,0,1,0,0,0,1
10888,669380.0,2,0,1,0,1,0,1,0,1
10889,673067.0,2,1,1,0,1,0,0,0,1
10890,793454.0,2,0,1,0,1,0,1,0,1
10891,863059.0,2,1,1,0,1,0,1,0,1
10891,868316.0,4,1,1,0,1,0,0,0,1
10891,1078824.0,4,1,1,0,1,0,1,0,1
10892,11879403.0,2,1,0,0,1,1,0,1,1
10892,12078172.0,2,1,0,0,0,1,0,0,1
10893,27190634.0,2,2,0,0,1,1,0,1,1
10893,27645593.0,4,2,0,0,0,1,0,0,1
10894,32998342.0,2,3,0,0,1,0,0,1,1
10894,33550476.0,6,3,0,0,0,1,0,0,1
10895,36958143.0,2,3,0,0,1,1,0,1,1
10895,37576534.0,6,3,0,0,0,1,0,0,1
10896,506858.0,2,1,0,0,0,0,1,0,0
10897,686263.0,2,1,0,0,0,0,1,0,0
10898,859980.0,4,1,0,0,0,0,1,0,0
10899,1032851.0,4,1,0,0,0,0,1,0,0
10900,985641.0,2,1,0,0,1,0,0,0,0
10900,1280097.0,2,1,0,0,1,0,0,0,1
10901,1280098.0,2,1,0,0,1,0,0,0,0
10901,1515360.0,2,1,0,0,1,0,0,0,1
10902,620000.0,2,1,0,0,1,0,1,0,0
10902,649850.0,2,1,1,0,1,0,1,0,0
10903,676667.0,2,1,0,0,1,0,1,0,0
10904,715401.0,2,1,1,0,1,0,1,0,0
10905,751566.0,2,1,1,0,1,0,1,0,0
10905,762000.0,2,1,0,0,1,0,1,0,0
10906,991561.0,4,2,1,0,1,0,1,0,0
10906,1000000.0,4,2,0,0,1,0,1,0,0
10907,277778.0,2,0,1,0,1,0,1,0,0
10907,250000.0,1,0,1,0,1,0,1,0,0
10907,310981.0,1,0,1,0,1,0,0,0,0
10908,305556.0,2,1,0,0,0,0,1,0,0
10909,314815.0,2,0,0,0,0,0,1,0,0
10910,324074.0,2,0,0,0,0,0,1,0,0
10911,277778.0,1,0,0,0,0,0,1,0,0
10912,1714639.0,2,0,1,1,1,1,0,0,1
10913,2001707.0,2,1,1,1,1,0,0,1,0
10913,2300120.0,2,1,1,1,1,0,0,1,1
10914,2010582.0,2,1,1,1,1,1,0,0,0
10914,2379189.0,2,1,1,1,1,1,0,0,1
10915,2183680.0,2,0,1,1,1,0,0,1,0
10915,2481711.0,2,0,1,1,1,0,0,1,1
10916,2183680.0,2,1,1,1,1,0,0,1,0
10916,2481710.0,2,1,1,1,1,0,0,1,1
10917,2521503.0,2,0,1,1,1,1,0,0,1
10917,3552028.0,2,1,1,1,1,1,0,0,1
10918,7634921.0,2,0,1,1,1,1,0,0,1
10919,7944444.0,2,0,1,1,1,1,0,0,1
10920,8594202.0,6,3,1,1,1,0,0,1,0
10920,10441067.0,6,3,1,1,1,0,0,1,1
10921,8804233.0,2,0,1,1,1,1,0,0,1
10922,18227513.0,3,0,1,1,1,1,0,0,1
10922,19184710.0,2,0,1,1,1,1,0,0,1
10923,24796296.0,6,0,1,1,1,1,0,0,1
10923,26096643.0,2,0,1,1,1,1,0,0,1
10924,5640212.0,1,0,1,1,1,1,0,0,1
10925,6500000.0,1,0,1,1,1,1,0,0,1
10926,462963.0,2,0,1,0,1,0,1,0,0
10927,509259.0,2,0,1,0,1,0,1,0,0
10928,601852.0,4,0,1,0,1,0,1,0,0
10929,743750.0,2,0,1,0,1,1,0,0,0
10929,826389.0,1,0,1,0,1,0,0,0,0
10930,784473.0,2,2,1,0,1,0,1,0,0
10930,853575.0,3,2,1,0,1,0,1,0,0
10931,977500.0,2,1,1,0,1,1,0,0,0
10932,1487500.0,4,1,1,0,1,1,0,0,0
10933,2564338.0,4,0,1,0,1,0,0,0,1
10933,2797867.0,4,2,1,0,1,0,1,0,1
10933,2860728.0,2,2,1,0,1,0,1,0,1
10934,3640139.0,6,3,1,0,1,0,1,0,1
10934,3709171.0,2,3,1,0,1,0,1,0,1
10935,3897795.0,6,0,1,0,1,0,0,0,1
10936,242963.0,2,0,1,0,1,0,1,0,0
10936,218667.0,1,0,1,0,1,0,1,0,0
10937,360648.0,3,0,1,0,1,0,1,0,0
10938,516667.0,2,0,1,0,1,1,0,0,0
10938,912411.0,2,0,1,0,1,1,0,0,0
10938,465000.0,1,0,1,0,1,1,0,0,0
10939,568333.0,2,0,1,0,1,1,0,0,0
10940,720467.0,2,1,1,0,1,0,0,0,0
10941,720467.0,2,1,1,0,1,0,0,0,0
10942,252293.0,2,1,1,0,1,0,0,0,0
10942,347870.0,2,1,1,0,1,1,0,0,0
10943,294121.0,2,0,1,0,1,0,0,0,0
10943,327748.0,3,0,1,0,1,0,0,0,0
10944,352945.0,2,0,1,0,1,0,0,0,0
10944,460417.0,2,0,1,0,1,1,0,0,0
10945,383681.0,2,0,1,0,1,1,0,0,0
10945,409259.0,3,0,1,0,1,1,0,0,0
10946,503284.0,5,0,1,0,1,0,0,0,0
10946,624120.0,4,0,1,0,1,1,0,0,0
10947,1876169.0,2,0,1,1,1,0,1,0,0
10947,2065487.0,2,0,1,1,1,0,1,0,1
10948,1902828.0,2,0,1,1,1,0,1,0,0
10948,2087549.0,2,0,1,1,1,0,1,0,1
10948,2230216.0,4,0,1,1,1,0,1,1,0
10948,2443519.0,2,0,1,1,1,0,1,0,0
10948,2530226.0,4,0,1,1,1,0,1,1,1
10949,2291318.0,4,0,1,1,1,0,1,1,0
10949,2470370.0,2,0,1,1,1,0,1,0,0
10949,2470371.0,4,0,1,1,1,0,1,0,0
10949,2591195.0,4,0,1,1,1,0,1,1,1
10949,2964444.0,2,0,1,1,1,0,1,0,1
10950,789201.0,2,0,1,1,1,0,1,1,1
10950,834215.0,2,0,1,1,1,0,1,1,1
10951,789201.0,2,0,1,1,1,0,1,1,1
10951,834215.0,2,0,1,1,1,0,1,1,1
10952,859004.0,2,0,1,1,1,0,1,1,1
10952,873016.0,2,0,1,1,1,0,1,1,1
10953,859004.0,2,0,1,1,1,0,1,1,1
10953,873016.0,2,0,1,1,1,0,1,1,1
10954,944876.0,4,0,1,1,1,0,1,1,1
10954,952381.0,4,0,1,1,1,0,1,1,1
10955,1071992.0,3,0,1,1,1,0,1,1,1
10955,1086420.0,3,0,1,1,1,0,1,1,1
10956,1091270.0,2,0,1,1,1,0,0,0,1
10957,1131380.0,2,0,1,1,1,0,1,1,1
10957,1148889.0,2,0,1,1,1,0,1,1,1
10958,1385638.0,4,0,1,1,1,0,1,1,1
10958,1404586.0,4,0,1,1,1,0,1,1,1
10959,503905.0,2,0,1,0,1,1,0,0,0
10960,529344.0,2,0,1,0,1,1,0,0,0
10960,576620.0,2,1,1,0,1,0,1,0,0
10960,674769.0,3,0,1,0,1,0,1,0,0
10961,586926.0,2,0,1,0,1,1,0,0,0
10961,716481.0,2,1,1,0,1,0,1,0,0
10961,741019.0,4,0,1,0,1,0,1,0,0
10962,790468.0,2,0,1,0,1,1,0,0,0
10962,851435.0,2,1,1,0,1,0,1,0,0
10962,900509.0,3,1,1,0,1,0,1,0,0
10963,790468.0,2,0,1,0,1,1,0,0,0
10963,851435.0,2,1,1,0,1,0,1,0,0
10963,900509.0,4,1,1,0,1,0,1,0,0
10964,342644.0,2,2,1,0,1,0,1,0,0
10964,409259.0,2,2,1,0,1,0,1,0,0
10965,388280.0,2,2,1,0,1,0,1,0,0
10965,438492.0,2,2,1,0,1,0,1,0,0
10966,388280.0,2,1,1,0,1,0,1,0,0
10966,438492.0,2,1,1,0,1,0,1,0,0
10967,423809.0,2,0,1,0,1,0,1,0,0
10967,478616.0,2,0,1,0,1,0,1,0,0
10968,423809.0,2,0,1,0,1,0,1,0,0
10968,478616.0,2,0,1,0,1,0,1,0,0
10969,662698.0,2,1,1,0,1,0,1,0,0
10970,662698.0,2,1,1,0,1,0,1,0,0
10971,804823.0,4,2,1,0,1,0,1,0,0
10971,832848.0,4,2,1,0,1,0,1,0,0
10972,1153175.0,4,1,1,0,1,0,1,0,0
10973,901624.0,2,0,1,0,1,1,0,0,1
10974,970867.0,2,0,1,0,1,1,0,0,1
10974,1058201.0,2,2,1,0,1,0,0,0,1
10974,1120899.0,2,2,1,0,1,0,1,0,1
10975,1025430.0,2,0,1,0,1,1,0,0,1
10975,1058201.0,2,2,1,0,1,0,0,0,1
10975,1120899.0,2,2,1,0,1,0,1,0,1
10976,706122.0,2,1,1,0,1,0,1,0,0
10977,824297.0,2,1,1,0,1,0,1,0,0
10978,1172333.0,2,1,1,0,1,0,1,0,0
10979,479167.0,2,0,1,0,1,0,1,0,0
10979,559028.0,2,0,1,0,1,1,0,0,0
10980,833333.0,2,0,1,0,1,0,1,0,0
10981,773300.0,3,1,1,0,1,0,1,0,0
10981,900000.0,2,1,1,0,1,1,0,0,0
10982,1031894.0,3,1,1,0,1,0,1,0,0
10982,1200000.0,2,1,1,0,1,1,0,0,0
10983,1290130.0,4,1,1,0,1,0,1,0,0
10983,1500000.0,4,1,1,0,1,1,0,0,0
10984,1318799.0,3,1,1,0,1,0,1,0,0
10985,1533333.0,2,1,1,0,1,1,0,0,0
10986,1847222.0,2,0,0,0,0,1,0,0,0
10986,1810278.0,1,0,0,0,0,1,0,0,0
10987,1953889.0,6,1,0,0,1,0,0,0,0
10987,2287037.0,6,0,0,0,0,1,0,0,0
10987,2515741.0,6,0,0,0,0,0,1,0,0
10988,2067130.0,4,0,0,0,0,1,0,0,0
10989,2111111.0,4,0,0,0,0,1,0,0,0
10990,2243056.0,6,0,0,0,0,1,0,0,0
10991,2279022.0,6,0,0,0,0,1,0,0,0
10992,2287036.0,6,0,0,0,0,1,0,0,0
10993,2287037.0,6,0,0,0,0,1,0,0,0
10994,1008333.0,2,1,1,0,1,0,1,0,0
10995,264550.0,2,1,0,0,1,0,1,0,0
10996,352734.0,3,1,0,0,1,0,1,0,0
10997,396825.0,4,1,0,0,1,0,1,0,0
10998,2689948.0,2,1,1,0,1,0,0,0,0
10998,3147154.0,2,1,1,0,1,0,0,1,0
10999,2971927.0,4,2,1,0,1,0,0,0,0
10999,3759341.0,2,2,1,0,1,0,0,1,0
11000,3712783.0,4,3,1,0,1,0,0,0,0
11000,4498802.0,2,3,1,0,1,0,0,1,0
11001,4244491.0,6,4,1,0,1,0,0,0,0
11001,5376588.0,2,4,1,0,1,0,0,1,0
11002,5303128.0,4,3,1,0,1,0,0,0,0
11002,6024996.0,2,3,1,0,1,0,0,1,0
11003,6363754.0,6,4,1,0,1,0,0,0,0
11003,7468664.0,2,4,1,0,1,0,0,1,0
11004,7424380.0,8,5,1,0,1,0,0,0,0
11004,8912331.0,2,5,1,0,1,0,0,1,0
11005,1733792.0,2,1,1,0,1,0,1,0,0
11006,6627853.0,4,0,1,0,1,0,0,0,0
11006,7643971.0,4,0,1,0,1,0,0,0,1
11007,7348272.0,6,0,1,0,1,0,0,0,0
11007,7348272.0,6,0,1,0,1,0,0,0,0
11007,8872770.0,6,0,1,0,1,0,0,0,1
11008,9509528.0,8,0,1,0,1,0,0,0,0
11008,11542228.0,8,0,1,0,1,0,0,0,1
11008,11542228.0,8,0,1,0,1,0,0,0,1
11009,12182282.0,10,0,1,0,1,0,0,0,0
11009,12182282.0,10,0,1,0,1,0,0,0,0
11009,14723120.0,10,0,1,0,1,0,0,0,1
11010,21900733.0,12,0,1,0,1,0,0,0,0
11010,21900733.0,12,0,1,0,1,0,0,0,0
11010,24948838.0,12,0,1,0,1,0,0,0,1
11011,495833.0,2,1,0,0,1,0,1,0,0
11011,583333.0,2,1,0,0,1,0,1,0,1
11011,610560.0,2,1,1,0,1,0,1,0,0
11011,721073.0,2,1,0,0,1,0,1,0,1
11012,548958.0,2,1,0,0,1,0,1,0,0
11012,645833.0,2,1,0,0,1,0,1,0,1
11012,678489.0,2,1,1,0,1,0,1,0,0
11012,795577.0,2,1,0,0,1,0,1,0,1
11013,548958.0,2,1,0,0,1,0,1,0,0
11013,639377.0,2,0,0,0,1,0,1,0,0
11013,645833.0,2,1,0,0,1,0,1,0,1
11013,749715.0,2,0,0,0,1,0,1,0,1
11014,690625.0,2,1,0,0,1,0,1,0,0
11014,812500.0,2,1,0,0,1,0,1,0,1
11015,742364.0,2,0,1,0,1,0,1,0,0
11015,873766.0,2,0,0,0,1,0,1,0,1
11016,796875.0,2,1,0,0,1,0,1,0,0
11016,937500.0,2,1,0,0,1,0,1,0,1
11016,983138.0,2,0,1,0,1,0,1,0,0
11016,1157299.0,2,0,0,0,1,0,1,0,1
11017,851324.0,2,0,1,0,1,0,1,0,0
11017,1004413.0,2,0,0,0,1,0,1,0,1
11018,1450390.0,4,1,1,0,1,0,1,0,0
11019,1171311.0,2,1,1,0,1,0,1,0,0
11020,4499074.0,2,0,1,0,1,0,1,0,0
11021,6106481.0,4,0,1,0,1,0,1,0,0
11022,6813889.0,6,0,1,0,1,0,1,0,0
11023,7276852.0,8,0,1,0,1,0,1,0,0
11024,7647222.0,10,0,1,0,1,0,1,0,0
11025,7925000.0,12,0,1,0,1,0,1,0,0
11026,8295370.0,14,0,1,0,1,0,1,0,0
11027,8943519.0,18,0,1,0,1,0,1,0,0
11028,9128704.0,16,0,1,0,1,0,1,0,0
11029,9776852.0,20,0,1,0,1,0,1,0,0
11030,10054630.0,22,0,1,0,1,0,1,0,0
11031,10425000.0,24,0,1,0,1,0,1,0,0
11032,11350926.0,18,0,1,0,1,0,1,0,0
11033,12276852.0,26,0,1,0,1,0,1,0,0
11034,13887963.0,32,0,1,0,1,0,1,0,0
11035,440065.0,2,0,1,0,1,0,1,0,0
11035,666667.0,2,0,1,0,1,0,1,0,0
11036,600000.0,2,0,1,0,1,1,0,0,0
11036,666667.0,2,0,1,0,1,0,1,0,0
11036,5250000.0,1,0,1,0,1,0,1,0,0
11037,7920000.0,5,0,0,1,1,0,0,0,0
11037,7920000.0,5,0,0,0,0,0,0,0,0
11037,8316000.0,4,0,0,0,0,0,0,0,0
11038,12920000.0,7,0,0,0,1,0,0,0,0
11038,12920000.0,7,0,0,0,0,0,0,0,0
11038,13566000.0,6,0,0,0,0,0,0,0,0
11039,500000.0,2,0,1,0,1,0,1,0,0
11039,550000.0,3,0,1,0,1,0,1,0,0
11040,960443.0,2,1,1,0,1,0,0,0,0
11041,811592.0,2,0,1,1,1,0,1,1,0
11041,916667.0,2,1,1,1,1,1,0,0,0
11042,259108.0,2,1,1,0,1,0,0,0,0
11043,379855.0,2,1,1,0,1,0,0,0,0
11044,672190.0,5,1,1,0,1,1,0,0,0
11045,301425.0,2,0,1,0,1,0,1,0,0
11046,351446.0,2,0,1,0,1,0,1,0,0
11047,763889.0,2,0,1,0,1,1,0,0,0
11048,598293.0,2,0,1,0,1,1,0,0,0
11049,642443.0,2,0,1,0,1,1,0,0,0
11049,659418.0,2,0,1,0,1,0,1,0,0
11049,674603.0,2,0,1,0,1,0,1,0,0
11050,483796.0,2,0,1,0,1,1,0,0,0
11051,509259.0,2,0,1,0,1,1,0,0,0
11052,407407.0,2,0,0,0,1,0,1,0,0
11052,1742963.0,1,0,0,0,1,0,1,0,0
11053,787037.0,4,0,0,0,1,0,1,0,0
11054,420738.0,2,0,1,0,1,0,0,0,0
11054,523148.0,2,0,1,0,1,1,0,0,0
11055,694444.0,2,0,1,0,1,1,0,0,0
11056,5180556.0,5,0,1,0,1,0,1,0,0
11057,5444444.0,2,0,1,0,1,0,1,0,0
11057,5500000.0,3,0,1,0,1,0,1,0,0
11057,5388889.0,1,0,1,0,1,0,1,0,0
11058,880249.0,2,1,0,0,1,0,1,0,0
11059,888219.0,4,1,0,0,1,0,1,0,0
11060,862138.0,2,0,1,0,1,0,1,0,0
11060,944444.0,4,0,1,0,1,0,1,0,0
11061,1101852.0,4,0,1,0,1,0,1,0,0
11062,1193840.0,6,1,1,0,1,0,0,0,0
11063,1309538.0,2,0,1,0,1,1,0,0,0
11064,1309538.0,2,0,1,0,1,1,0,0,0
11065,333563.0,2,0,0,0,1,0,1,0,0
11066,335100.0,2,0,0,0,1,0,1,0,0
11066,382606.0,2,1,0,0,1,0,1,0,0
11067,530833.0,2,1,1,0,1,0,0,0,0
11068,638021.0,2,1,1,0,1,0,0,0,0
11069,211518.0,2,0,0,0,0,1,0,0,0
11069,243312.0,2,1,0,0,0,0,1,0,0
11069,277039.0,2,0,0,0,0,0,1,0,0
11070,326931.0,2,0,1,0,1,1,0,0,0
11071,400470.0,2,0,1,0,1,0,1,0,0
11072,1147222.0,2,0,1,0,1,0,1,0,0
11073,1458333.0,2,0,1,0,1,0,1,0,0
11074,365825.0,2,1,0,0,1,0,0,0,0
11074,458333.0,2,0,0,0,1,0,1,0,0
11075,507482.0,3,1,0,0,1,0,0,0,0
11075,541667.0,3,0,0,0,1,0,1,0,0
11076,490741.0,2,0,1,0,1,1,0,0,0
11077,675926.0,2,0,1,0,1,1,0,0,0
11078,3480071.0,4,0,1,0,1,0,0,0,0
11079,3806327.0,6,0,1,0,1,0,0,0,0
11080,272278.0,2,0,0,0,1,0,0,0,0
11080,312154.0,2,0,0,0,1,0,0,0,0
11081,285091.0,2,0,0,0,1,1,0,0,0
11081,331636.0,2,0,0,0,1,1,0,0,0
11082,2719733.0,4,3,1,0,1,0,0,1,0
11082,3534559.0,2,3,1,0,1,0,0,1,0
11083,5401938.0,6,4,1,0,1,0,0,1,0
11083,5674602.0,6,4,1,0,1,0,0,1,0
11083,6066906.0,2,4,1,0,1,0,0,1,0
11084,5465139.0,6,4,1,0,1,0,0,1,0
11084,5864198.0,6,4,1,0,1,0,0,1,0
11084,6066906.0,2,4,1,0,1,0,0,1,0
11085,571220.0,2,0,1,0,1,0,0,0,0
11085,644841.0,2,0,1,0,1,0,0,0,0
11085,661078.0,2,0,1,0,1,0,1,0,0
11085,808920.0,2,0,1,0,1,0,0,0,0
11085,916842.0,2,0,1,0,1,0,1,0,0
11086,626389.0,2,0,1,0,1,0,0,0,0
11086,694444.0,2,0,1,0,1,0,0,0,0
11086,853860.0,2,0,1,0,1,0,0,0,0
11087,1395182.0,2,0,1,0,1,1,0,0,0
11088,558600.0,2,0,0,0,1,1,0,0,0
11088,778050.0,2,0,0,0,1,1,0,0,0
11089,578550.0,2,0,0,0,1,1,0,0,0
11089,798000.0,2,0,0,0,1,1,0,0,0
11090,533101.0,4,0,0,0,1,0,1,0,0
11090,694444.0,4,0,0,0,1,0,1,0,0
11091,166667.0,1,0,0,0,1,0,1,0,0
11091,190156.0,1,0,0,0,1,0,1,0,0
11092,406250.0,2,1,1,0,1,0,1,0,0
11092,728186.0,2,1,1,0,1,0,1,0,0
11093,406250.0,2,1,1,0,1,0,1,0,0
11093,444855.0,2,0,1,0,1,1,0,0,0
11094,207363.0,2,0,1,0,1,0,1,0,0
11095,258026.0,2,0,1,0,1,0,1,0,0
11096,1840590.0,2,0,1,1,1,1,0,0,0
11096,2229243.0,2,0,1,1,1,1,0,0,0
11097,353889.0,2,0,0,0,1,1,0,0,0
11097,420000.0,2,0,0,0,1,0,1,0,0
11097,336194.0,1,0,0,0,1,1,0,0,0
11098,625000.0,2,0,1,0,1,1,0,0,0
11098,694444.0,2,0,1,0,1,0,1,0,0
11098,562500.0,1,0,1,0,1,1,0,0,0
11098,625000.0,1,0,1,0,1,0,1,0,0
11099,226240.0,2,1,1,0,1,0,0,0,0
11099,250000.0,2,1,1,0,1,0,1,0,0
11100,332706.0,4,1,1,0,1,0,0,0,0
11100,355000.0,4,1,1,0,1,0,1,0,0
11101,859100.0,2,1,1,0,1,0,1,0,0
11102,195548.0,2,0,1,0,1,0,0,0,0
11103,334175.0,3,0,1,0,1,0,0,0,0
11104,334175.0,4,0,1,0,1,0,0,0,0
11105,626665.0,4,0,1,0,1,0,0,0,0
11106,348023.0,2,1,1,0,1,0,1,0,0
11107,348023.0,2,1,1,0,1,0,1,0,0
11108,355893.0,2,0,1,0,1,0,1,0,0
11109,411389.0,3,1,1,0,1,0,1,0,0
11110,447408.0,2,1,1,0,1,0,1,0,0
11111,468671.0,4,1,1,0,1,0,1,0,0
11112,543083.0,3,0,1,0,1,1,0,0,0
11113,104661.0,1,0,1,0,1,0,0,0,0
11113,118750.0,1,0,1,0,1,1,0,0,0
11114,104661.0,1,0,1,0,1,0,0,0,0
11115,118750.0,1,0,1,0,1,1,0,0,0
11116,488420.0,1,0,1,0,1,0,0,0,0
11117,2283148.0,4,0,1,0,1,0,0,0,0
11117,2862910.0,2,2,1,0,1,0,0,0,1
11118,4513429.0,4,0,1,0,1,0,0,0,0
11118,5194834.0,2,2,1,0,1,0,0,0,1
11119,4569414.0,2,0,1,0,1,1,0,0,0
11119,5686668.0,2,3,1,0,1,0,0,0,1
11120,6087881.0,8,0,1,0,1,0,0,0,0
11120,7121950.0,2,4,1,0,1,0,0,0,1
11121,7842593.0,10,5,1,0,1,0,0,0,0
11122,9656638.0,6,0,1,0,1,0,0,0,0
11122,10274042.0,2,3,1,0,1,0,0,0,1
11123,10076493.0,8,0,1,0,1,0,0,0,0
11123,10682925.0,2,4,1,0,1,0,0,0,1
11124,10552778.0,6,3,1,0,1,0,0,0,0
11125,10775926.0,8,4,1,0,1,0,0,0,0
11126,11891667.0,10,5,1,0,1,0,0,0,0
11127,5785842.0,2,1,1,0,1,1,0,0,0
11128,522286.0,2,1,1,0,1,0,1,0,0
11128,571667.0,2,1,1,0,1,0,1,0,0
11129,557052.0,2,1,1,0,1,0,1,0,0
11130,600833.0,2,1,1,0,1,0,1,0,0
11131,264550.0,2,0,1,0,1,1,0,0,0
11132,423280.0,2,0,1,0,1,1,0,0,0
11133,485009.0,4,0,1,0,1,1,0,0,0
11134,9655546.0,6,0,1,1,1,0,0,0,0
11134,10268179.0,2,3,1,1,1,0,0,0,1
11135,668419.0,2,2,1,0,1,0,0,0,0
11136,644444.0,2,1,1,0,1,0,1,0,0
11136,752513.0,2,0,1,0,1,0,1,0,0
11136,978952.0,2,0,1,0,1,0,1,0,0
11137,10933400.0,2,0,1,0,1,1,0,0,1
11138,292844.0,2,0,1,0,1,0,1,0,0
11138,302381.0,2,0,1,0,1,0,0,0,0
11138,351837.0,2,0,1,0,1,0,1,0,0
11139,521969.0,3,1,1,0,1,0,1,0,0
11139,529762.0,3,1,1,0,1,0,0,0,0
11139,616407.0,3,1,1,0,1,0,1,0,0
11140,671943.0,4,0,1,0,1,0,1,0,0
11140,680952.0,4,0,1,0,1,0,0,0,0
11140,792326.0,4,0,1,0,1,0,1,0,0
11141,1497608.0,4,0,1,0,1,0,0,0,0
11142,1540397.0,5,0,1,0,1,0,0,0,0
11143,1759259.0,2,0,1,0,1,0,1,0,0
11144,1925496.0,6,0,1,0,1,0,0,0,0
11145,2011074.0,6,0,1,0,1,0,0,0,0
11146,307870.0,2,1,1,0,1,0,1,0,0
11146,292477.0,1,1,1,0,1,0,1,0,0
11147,3677564.0,4,1,1,0,1,0,0,0,1
11147,4144621.0,4,0,1,0,1,1,0,0,1
11148,4448451.0,4,1,1,0,1,0,0,0,1
11148,4673721.0,4,0,1,0,1,1,0,0,1
11149,5077949.0,6,1,1,0,1,0,0,0,1
11149,5335097.0,6,0,1,0,1,1,0,0,1
11150,5497614.0,6,1,1,0,1,0,0,0,1
11151,479167.0,2,0,1,0,1,1,0,0,0
11151,566152.0,2,0,1,0,1,0,0,0,0
11152,541667.0,2,0,1,0,1,1,0,0,0
11152,525417.0,1,0,1,0,1,1,0,0,0
11153,558267.0,2,0,1,0,1,1,0,0,1
11154,558267.0,2,0,1,0,1,1,0,0,1
11155,662500.0,2,0,1,0,1,1,0,0,1
11156,839167.0,2,0,1,0,1,1,0,0,1
11157,839167.0,2,0,1,0,1,1,0,0,1
11158,383681.0,2,0,0,0,0,0,1,0,0
11159,613889.0,2,0,0,0,0,0,1,0,0
11160,716204.0,4,0,0,0,0,0,1,0,0
11161,7374690.0,10,0,1,1,1,0,0,0,0
11162,387409.0,2,0,1,0,1,0,1,0,0
11163,407565.0,2,0,1,0,1,0,1,0,0
11164,582664.0,4,1,1,0,1,0,1,0,0
11165,259259.0,2,0,0,0,1,0,1,0,0
11166,277778.0,2,0,0,0,1,0,1,0,0
11167,380227.0,2,0,1,0,1,1,0,0,0
11167,5057767.0,3,2,1,0,1,0,1,0,0
11168,707315.0,2,0,1,0,1,1,0,0,0
11168,5517564.0,5,2,1,0,1,0,1,0,0
11169,4588578.0,2,2,1,0,1,0,1,0,0
11170,2773148.0,2,0,0,0,1,0,0,0,0
11171,3110185.0,4,0,0,0,1,0,0,0,0
11172,824808.0,2,1,1,0,1,0,1,0,0
11173,8333333.0,2,0,1,0,1,1,0,0,0
11174,8381928.0,6,0,1,0,1,0,0,0,0
11175,386870.0,2,0,1,0,1,0,0,0,0
11175,396163.0,2,0,1,0,1,0,1,0,0
11176,567926.0,4,0,1,0,1,0,1,0,0
11176,569777.0,4,0,1,0,1,0,0,0,0
11177,678741.0,6,0,1,0,1,0,1,0,0
11177,681631.0,6,0,1,0,1,0,0,0,0
11178,509259.0,4,0,1,0,1,0,1,0,0
11179,550926.0,2,0,1,0,1,0,1,0,0
11179,583333.0,3,0,1,0,1,0,1,0,0
11179,518519.0,1,0,1,0,1,0,1,0,0
11180,370370.0,1,0,1,0,1,0,1,0,0
11181,3246914.0,2,1,1,0,1,1,0,0,0
11182,4516510.0,4,0,1,0,1,0,0,0,0
11182,5196057.0,2,2,1,0,1,0,0,0,1
11183,4831615.0,6,0,1,0,1,0,0,0,0
11183,5690673.0,2,1,1,0,1,0,0,0,1
11184,6092035.0,8,0,1,0,1,0,0,0,0
11184,7126965.0,2,4,1,0,1,0,0,0,1
11185,8028424.0,6,3,1,1,1,0,0,1,0
11185,9962392.0,2,3,1,1,1,0,0,1,1
11186,8028424.0,6,3,1,1,1,0,0,1,0
11186,10490548.0,2,3,1,1,1,0,0,1,1
11187,9786404.0,8,4,1,1,1,0,0,1,0
11187,12437895.0,2,4,1,1,1,0,0,1,1
11188,385250.0,2,0,1,0,1,1,0,0,0
11189,618034.0,2,1,1,0,1,0,1,0,0
11190,660881.0,2,0,1,0,1,1,0,0,0
11190,1060732.0,4,1,1,0,1,0,1,0,0
11191,732150.0,2,1,1,0,1,0,1,0,0
11192,782532.0,3,1,1,0,1,0,1,0,0
11193,1060732.0,3,1,1,0,1,0,1,0,0
11194,1222063.0,2,0,1,0,1,1,0,0,0
11194,1954623.0,2,1,1,0,1,0,1,0,0
11195,619284.0,1,1,1,0,1,0,1,0,0
11196,733624.0,1,1,1,0,1,0,1,0,0
11197,896833.0,1,1,1,0,1,0,1,0,0
11198,277778.0,2,0,0,0,0,0,1,0,0
11199,370370.0,4,0,0,0,0,0,1,0,0
11200,2218781.0,2,1,1,0,1,0,0,0,0
11201,492148.0,2,0,1,0,1,0,1,0,0
11201,522907.0,2,0,1,0,1,1,0,0,0
11202,543056.0,2,0,1,0,1,0,1,0,0
11202,597361.0,2,0,1,0,1,1,0,0,0
11203,3979277.0,4,2,1,0,1,1,0,0,1
11203,3979277.0,4,2,1,0,1,1,0,0,0
11204,4712302.0,6,3,1,0,1,1,0,0,1
11204,4712302.0,6,3,1,0,1,1,0,0,0
11205,5759480.0,8,4,1,0,1,1,0,0,0
11205,6047454.0,8,4,1,0,1,1,0,0,1
11206,252236.0,2,0,1,0,1,1,0,0,0
11207,2203704.0,2,0,1,0,1,0,1,0,0
11207,2314815.0,2,0,1,0,1,1,0,0,0
11208,5158360.0,2,1,1,0,1,1,0,0,0
11209,528061.0,2,1,1,0,1,1,0,0,0
11209,562500.0,2,0,1,0,1,1,0,0,0
11210,586885.0,2,1,1,0,1,1,0,0,0
11210,620833.0,2,0,1,0,1,1,0,0,0
11211,707948.0,3,1,1,0,1,1,0,0,0
11211,791667.0,3,0,1,0,1,1,0,0,0
11212,3300000.0,2,1,1,0,0,1,0,0,0
11212,3630000.0,2,1,1,0,0,0,1,0,0
11213,208636.0,2,0,1,0,1,1,0,0,0
11213,231818.0,2,0,1,0,1,0,1,0,0
11214,462963.0,2,0,1,0,1,0,1,0,0
11215,4001634.0,12,4,1,0,0,0,1,0,0
11216,273369.0,2,0,1,1,1,1,0,0,0
11216,313618.0,2,0,1,1,1,1,0,0,0
11217,277778.0,2,0,1,0,1,0,1,0,0
11217,272222.0,1,1,1,0,1,0,1,0,0
11218,3111111.0,3,1,0,0,1,1,0,0,0
11219,470213.0,2,1,1,0,1,0,0,0,0
11219,590000.0,3,1,1,0,1,0,1,0,0
11220,412436.0,2,0,1,0,1,1,0,0,0
11221,508304.0,2,0,1,0,1,1,0,0,0
11222,10462870.0,2,3,1,1,1,0,1,0,0
11223,317460.0,2,0,1,0,1,1,0,0,0
11223,724222.0,2,0,1,0,1,0,1,0,0
11224,324074.0,4,0,1,0,0,0,1,0,0
11225,672389.0,2,1,1,0,1,1,0,0,0
11225,707778.0,2,1,1,0,1,0,1,0,0
11226,4961111.0,2,0,1,0,1,0,0,0,0
11227,5147222.0,2,0,1,0,1,0,0,0,0
11228,2828889.0,2,0,1,1,1,1,0,0,0
11228,3287963.0,2,0,1,1,1,0,0,0,0
11229,2893981.0,10,0,1,0,1,1,0,0,0
11230,1250000.0,4,0,1,0,1,0,1,0,0
11231,1098230.0,2,0,1,1,1,0,1,0,0
11231,1530000.0,2,0,1,1,1,0,1,0,0
11232,6766466.0,16,1,1,0,1,0,0,0,0
11233,4625000.0,2,0,1,0,1,0,0,0,0
11234,10449982.0,9,1,1,0,1,0,0,0,0
11235,1068750.0,2,0,1,0,1,1,0,0,0
11235,1187500.0,2,0,1,0,1,0,1,0,0
11235,1319444.0,5,0,1,0,1,0,1,0,0
11236,322406.0,2,0,1,0,1,1,0,0,0
11237,708333.0,2,0,0,0,1,0,1,0,0
11237,747685.0,5,0,0,0,1,0,1,0,0
11238,426591.0,2,0,0,0,0,1,0,0,0
11238,428173.0,2,1,0,0,0,0,1,0,0
11238,487589.0,2,0,0,0,0,0,1,0,0
11239,766043.0,2,0,0,0,0,0,1,0,0
11239,773367.0,4,1,0,0,0,0,1,0,0
11239,877459.0,4,0,0,0,0,0,1,0,0
11240,919872.0,2,0,1,0,1,1,0,0,0
11241,1111111.0,2,0,1,0,1,0,1,0,0
11242,247690.0,2,0,1,0,1,1,0,0,0
11243,247690.0,2,0,1,0,1,1,0,0,0
11244,221429.0,2,0,1,0,1,1,0,0,0
11244,246032.0,2,0,1,0,1,0,1,0,0
11245,263386.0,2,0,1,0,1,1,0,0,0
11245,263859.0,2,0,1,0,1,0,1,0,0
11246,270471.0,2,0,1,0,1,0,0,0,0
11246,344329.0,2,1,1,0,1,0,1,0,0
11247,230125.0,2,0,1,0,1,0,1,0,0
11247,258333.0,2,1,1,0,1,1,0,0,0
11247,284167.0,2,1,1,0,1,0,1,0,0
11248,281021.0,4,0,1,0,1,0,1,0,0
11248,301389.0,4,1,1,0,1,1,0,0,0
11248,331528.0,4,1,1,0,1,0,1,0,0
11249,277778.0,2,0,0,0,1,0,1,0,0
11250,277778.0,2,0,0,0,1,0,1,0,0
11251,502645.0,2,1,1,1,1,1,0,0,0
11251,507807.0,2,0,1,1,1,1,0,0,0
11251,670194.0,2,1,1,1,1,0,1,0,0
11252,1424288.0,2,0,0,0,1,0,1,0,0
11252,1503415.0,2,0,0,0,1,1,0,0,0
11253,1781250.0,2,0,0,0,1,0,1,0,0
11253,1880208.0,2,0,0,0,1,1,0,0,0
11253,1692188.0,1,1,0,0,1,0,1,0,0
11253,1786198.0,1,1,0,0,1,1,0,0,0
11254,1900000.0,2,0,0,0,1,0,1,0,0
11254,2005556.0,2,0,0,0,1,1,0,0,0
11255,433333.0,2,0,1,0,1,0,1,0,0
11255,411667.0,1,1,1,0,1,0,1,0,0
11256,1226667.0,2,0,0,0,1,0,1,0,0
11256,1349333.0,3,0,0,0,1,0,1,0,0
11257,309127.0,2,0,0,0,1,0,1,0,0
11258,451984.0,2,0,0,0,1,0,1,0,0
11258,489206.0,3,0,0,0,1,0,1,0,0
11258,425397.0,1,0,0,0,1,0,1,0,0
11259,370370.0,2,1,0,0,1,1,0,0,0
11259,405626.0,2,1,0,0,1,0,1,0,0
11259,417735.0,1,1,0,0,1,0,1,0,0
11260,3337146.0,4,1,1,1,1,1,0,0,0
11261,277778.0,2,0,1,0,1,0,1,0,0
11262,388889.0,4,0,1,0,1,0,1,0,0
11263,332416.0,2,1,1,0,1,0,0,0,0
11263,370370.0,2,0,1,0,1,0,1,0,0
11264,433717.0,3,0,1,0,1,0,0,0,0
11265,597404.0,4,0,1,0,1,0,0,0,0
11266,4511172.0,4,0,1,0,1,0,0,0,0
11266,5187729.0,2,2,1,0,1,0,0,0,1
11267,4825906.0,6,0,1,0,1,0,0,0,0
11267,5683770.0,2,3,1,0,1,0,0,0,1
11268,6084837.0,8,0,1,0,1,0,0,0,0
11268,7118321.0,2,4,1,0,1,0,0,0,1
11269,1822537.0,2,1,1,0,1,1,0,0,0
11270,370833.0,2,0,1,0,1,0,1,0,0
11271,370833.0,2,0,1,0,1,0,1,0,0
11272,370833.0,2,0,1,0,1,0,1,0,0
11273,647222.0,4,0,1,0,1,0,1,0,0
11274,635451.0,2,0,1,0,1,1,0,0,0
11275,1416667.0,2,0,0,0,1,1,0,0,0
11275,1448148.0,3,0,0,0,1,1,0,0,0
11275,1337963.0,1,0,0,0,1,1,0,0,0
11276,1740741.0,3,0,0,0,1,1,0,0,0
11277,2199074.0,3,0,0,0,1,1,0,0,0
11278,1009375.0,2,0,1,0,1,1,0,0,0
11278,1062500.0,3,0,1,0,1,1,0,0,0
11278,956250.0,1,0,1,0,1,1,0,0,0
11279,1027083.0,2,1,1,0,1,1,0,0,0
11279,1062500.0,3,1,1,0,1,1,0,0,0
11279,944444.0,1,1,1,0,1,1,0,0,0
11280,1062500.0,2,1,1,0,1,1,0,0,0
11280,1121528.0,1,1,1,0,1,1,0,0,0
11281,353458.0,1,0,1,0,1,1,0,0,0
11282,255732.0,2,1,1,0,1,0,1,0,0
11283,308642.0,2,1,1,0,1,0,1,0,0
11284,423280.0,4,1,1,0,1,0,1,0,0
11285,485009.0,4,1,1,0,1,0,1,0,0
11286,679012.0,2,0,1,0,1,1,0,0,0
11287,800265.0,2,0,1,0,1,1,0,0,0
11288,1067019.0,4,0,1,0,1,1,0,0,0
11289,1261023.0,4,0,1,0,1,1,0,0,0
11290,1183632.0,6,0,0,0,1,0,1,0,0
11291,1185185.0,6,0,0,0,0,1,0,0,0
11292,8846667.0,8,5,1,0,1,0,0,0,0
11293,9552870.0,2,1,1,0,1,0,1,0,0
11294,1725000.0,2,0,1,0,1,1,0,0,0
11294,1916667.0,2,0,1,0,1,0,1,0,0
11295,407407.0,2,0,0,0,1,0,1,0,0
11296,518519.0,2,0,0,0,1,0,1,0,0
11297,138889.0,1,0,0,0,1,0,1,0,0
11298,5013367.0,2,2,1,0,1,1,0,0,0
11299,5876543.0,6,0,1,0,1,1,0,0,0
11300,234414.0,2,1,1,0,1,0,0,0,0
11301,384266.0,3,0,1,0,1,0,0,0,0
11302,384266.0,3,1,1,0,1,0,0,0,0
11303,720173.0,4,0,1,0,1,0,0,0,0
11304,1735432.0,2,0,1,0,1,0,0,0,0
11305,1407407.0,2,0,0,0,1,0,1,0,0
11306,230556.0,2,1,1,0,1,0,1,0,0
11307,356481.0,3,1,1,0,1,0,1,0,0
11308,356481.0,4,2,1,0,1,0,1,0,0
11309,881834.0,2,0,1,0,1,1,0,0,0
11310,970018.0,2,0,1,0,1,1,0,0,0
11311,1146384.0,4,0,1,0,1,1,0,0,0
11312,759259.0,3,0,1,0,1,0,1,0,1
11313,3182208.0,2,1,1,0,1,1,0,0,0
11314,481481.0,2,1,1,0,1,0,1,0,0
11315,583333.0,2,0,1,0,1,0,1,0,0
11316,735902.0,2,1,0,0,1,1,0,0,0
11317,3326143.0,2,4,1,0,1,0,0,0,0
11318,6966239.0,6,4,1,0,1,0,0,0,0
11318,6966239.0,6,4,1,0,1,0,0,0,0
11319,8034056.0,8,5,1,0,1,0,0,0,0
11319,8034056.0,8,5,1,0,1,0,0,0,0
11320,8593389.0,8,5,1,0,1,0,0,0,0
11320,8593389.0,8,5,1,0,1,0,0,0,0
11321,8593389.0,10,5,1,0,1,0,0,0,0
11321,8593389.0,10,5,1,0,1,0,0,0,0
11322,8593389.0,8,5,1,0,1,0,0,0,0
11322,8593389.0,8,5,1,0,1,0,0,0,0
11323,9406965.0,10,6,1,0,1,0,0,0,0
11323,9406965.0,10,6,1,0,1,0,0,0,0
11324,1370110.0,4,2,1,0,1,0,1,0,0
11325,1409925.0,4,2,1,0,1,0,1,0,0
11326,351852.0,2,0,1,0,1,0,0,0,0
11327,444444.0,2,0,1,0,1,0,0,0,0
11328,339435.0,2,0,1,0,1,1,0,0,0
11329,486792.0,2,1,1,0,1,0,1,0,0
11330,274525.0,2,1,1,0,1,1,0,0,0
11331,616667.0,2,0,1,0,1,0,1,0,0
11332,1164815.0,2,0,1,0,1,0,1,0,0
11333,1850000.0,4,0,1,0,1,0,1,0,0
11334,426704.0,2,0,1,1,1,1,0,0,0
11335,426704.0,2,0,1,1,1,1,0,0,0
11336,462237.0,2,0,1,1,1,0,1,0,0
11337,462237.0,2,0,1,1,1,0,1,0,0
11338,559980.0,2,0,1,1,1,0,1,0,0
11339,631479.0,2,0,1,1,1,0,1,0,0
11340,2194924.0,2,0,1,1,1,0,1,0,0
11341,2458213.0,2,0,1,1,1,0,1,0,0
11342,1283333.0,2,0,1,0,1,0,1,0,0
11342,1354630.0,3,0,1,0,1,0,1,0,0
11342,1212037.0,1,0,1,0,1,0,1,0,0
11343,1296296.0,4,0,1,0,1,0,1,0,0
11344,2592593.0,6,0,1,0,1,0,1,0,0
11345,2657407.0,4,0,1,0,1,0,1,0,0
11346,374169.0,2,0,1,0,1,0,0,0,0
11346,374169.0,1,0,1,0,1,0,0,0,0
11347,440687.0,2,0,1,0,1,0,0,0,0
11348,814815.0,2,0,0,0,1,1,0,0,0
11349,888889.0,2,0,0,0,1,1,0,0,0
11350,5808333.0,2,0,1,0,1,1,0,0,0
11351,6849968.0,2,1,1,0,1,0,0,0,0
11352,794444.0,2,0,1,0,1,0,1,0,0
11353,444444.0,2,1,0,1,1,1,0,0,0
11354,239859.0,2,0,1,0,1,0,1,0,0
11354,329806.0,3,0,1,0,1,0,1,0,0
11355,239859.0,2,0,1,0,1,0,1,0,0
11355,599647.0,2,0,1,0,1,1,0,0,0
11356,1043735.0,6,1,1,0,1,0,1,0,0
11357,3480071.0,4,0,1,0,1,0,0,0,0
11358,3806327.0,6,0,1,0,1,0,0,0,0
11359,699929.0,2,1,1,0,1,0,1,0,0
11360,911819.0,2,1,1,0,1,0,1,0,0
11361,375000.0,2,0,1,0,0,1,0,0,0
11361,458333.0,2,0,1,0,0,0,1,0,0
11361,337500.0,1,1,1,0,0,1,0,0,0
11362,625000.0,2,0,1,0,0,1,0,0,0
11362,763889.0,2,0,1,0,0,0,1,0,0
11362,562500.0,1,1,1,0,0,1,0,0,0
11363,322685.0,2,0,0,0,1,0,1,0,0
11363,361945.0,2,0,0,0,1,0,1,0,0
11364,491898.0,2,1,0,0,1,0,1,0,0
11364,541088.0,4,0,0,0,1,0,1,0,0
11365,2184259.0,2,0,1,0,1,0,0,0,0
11365,2140574.0,1,0,1,0,1,0,0,0,0
11366,579259.0,2,0,1,0,1,0,0,0,0
11367,800841.0,2,0,1,0,1,0,1,0,0
11368,1296296.0,4,0,1,0,0,1,0,0,0
11369,1563476.0,5,1,1,0,1,0,0,0,0
11370,462963.0,2,1,1,0,1,0,1,0,0
11370,715542.0,2,1,1,0,1,0,1,0,0
11371,509259.0,2,1,1,0,1,0,1,0,0
11371,806013.0,2,1,1,0,1,0,1,0,0
11372,453704.0,2,0,0,0,1,1,0,0,0
11373,6018519.0,2,0,0,0,1,1,0,0,0
11374,9129630.0,6,0,1,0,1,1,0,0,0
11374,10703704.0,6,0,1,0,1,1,0,0,0
11375,10514815.0,8,0,1,0,1,1,0,0,0
11375,12655556.0,8,0,1,0,1,1,0,0,0
11376,525000.0,5,0,1,0,0,1,0,0,0
11376,583333.0,5,0,1,0,0,0,1,0,0
11377,3399471.0,4,0,1,0,1,0,0,0,0
11378,3477496.0,4,0,1,0,1,0,0,0,0
11379,1851852.0,4,0,1,0,1,1,0,0,0
11380,1851852.0,4,0,1,0,1,1,0,0,0
11381,1780370.0,2,2,1,0,1,1,0,0,0
11381,1838426.0,3,1,1,0,1,1,0,0,0
11382,2317130.0,2,2,1,0,1,1,0,0,0
11382,2368056.0,3,2,1,0,1,1,0,0,0
11383,1101852.0,4,2,1,0,1,0,1,0,0
11384,1879307.0,8,3,1,0,1,0,0,0,0
11385,836855.0,2,0,0,0,1,1,0,0,0
11386,2573790.0,16,1,0,0,1,0,0,0,0
11387,1021834.0,6,1,1,0,1,0,0,0,0
11388,666667.0,2,1,1,0,1,1,0,0,0
11388,811111.0,3,0,1,0,1,1,0,0,0
11389,288972.0,2,1,0,0,1,1,0,0,0
11390,1018519.0,4,0,1,0,1,0,1,0,0
11391,1111111.0,4,0,1,0,1,0,1,0,0
11392,581340.0,2,1,0,0,0,0,0,0,0
11392,479608.0,1,1,0,0,0,0,0,0,0
11393,731700.0,2,1,0,0,0,0,0,0,0
11393,867474.0,3,1,0,0,0,0,0,0,0
11393,660910.0,1,1,0,0,0,0,0,0,0
11394,623925.0,2,1,0,0,0,0,0,0,0
11394,651982.0,4,0,0,0,0,0,0,0,0
11395,1074585.0,4,1,0,0,0,0,0,0,0
11395,1117407.0,4,0,0,0,0,0,0,0,0
11396,6481481.0,12,0,0,0,0,0,0,0,0
11397,7129630.0,16,0,0,0,0,0,0,0,0
11398,8055556.0,20,0,0,0,0,0,0,0,0
11399,4194308.0,10,1,0,0,0,0,0,0,0
11400,4324074.0,10,5,0,0,0,0,0,0,0
11401,8515430.0,2,1,0,0,0,0,0,0,0
11402,2125000.0,2,0,0,0,0,0,0,0,0
11403,15393570.0,6,0,0,0,0,0,0,0,0
11404,15393570.0,6,0,0,0,0,0,0,0,0
11405,17013946.0,8,0,0,0,0,0,0,0,0
11406,17013946.0,8,0,0,0,0,0,0,0,0
11407,19444510.0,8,0,0,0,0,0,0,0,0
11408,339580.0,2,0,0,0,0,0,0,0,0
11408,352243.0,2,0,0,0,0,0,0,0,0
11409,586783.0,4,0,0,0,0,0,0,0,0
11409,684212.0,2,0,0,0,0,0,0,0,0
11410,8736534.0,2,0,0,0,0,0,0,0,0
11411,8736534.0,3,0,0,0,0,0,0,0,0
11412,8736534.0,4,0,0,0,0,0,0,0,0
11413,8736534.0,2,0,0,0,0,0,0,0,0
11414,3432515.0,2,1,0,0,0,0,0,0,0
11414,3752341.0,3,1,0,0,0,0,0,0,0
11414,3001873.0,1,1,0,0,0,0,0,0,0
11415,3694444.0,2,0,0,0,0,0,0,0,0
11415,3888889.0,6,0,0,0,0,0,0,0,0
11415,3500000.0,1,0,0,0,0,0,0,0,0
11416,3730097.0,2,1,0,0,0,0,0,0,0
11417,13354917.0,2,0,0,0,0,0,0,0,0
11418,5929958.0,2,1,0,0,0,0,0,0,0
11419,2174610.0,2,1,0,0,0,0,0,0,0
11420,829438.0,2,1,0,0,0,0,0,0,0
11421,1587512.0,2,0,0,0,0,0,0,0,0
11422,2163306.0,2,0,0,0,0,0,0,0,0
11423,7537401.0,2,1,0,0,0,0,0,0,0
11424,652778.0,2,0,0,0,0,0,0,0,0
11425,696496.0,2,1,0,0,0,0,0,0,0
11426,901852.0,2,1,0,0,0,0,0,0,0
11427,1054186.0,4,1,0,0,0,0,0,0,0
11427,1057407.0,3,1,0,0,0,0,0,0,0
11428,422007.0,2,0,0,0,0,0,0,0,0
11429,1967593.0,2,2,0,0,0,0,0,0,0
11430,1727090.0,2,1,0,0,0,0,0,0,0
11431,296257.0,2,1,0,0,0,0,0,0,0
11432,699522.0,2,0,0,0,0,0,0,0,0
11433,574167.0,2,0,0,0,0,0,0,0,0
11434,380703.0,2,1,0,0,0,0,0,0,0
11435,446080.0,2,1,0,0,0,0,0,0,0
11436,517128.0,4,1,0,0,0,0,0,0,0
11437,612000.0,4,0,0,0,0,0,0,0,0
11438,380703.0,2,1,0,0,0,0,0,0,0
11439,517128.0,4,1,0,0,0,0,0,0,0
11440,322287.0,2,1,0,0,0,0,0,0,0
11441,317023.0,2,1,0,0,0,0,0,0,0
11442,390304.0,4,1,0,0,0,0,0,0,0
11443,727273.0,2,0,0,0,0,0,0,0,0
11443,654545.0,1,0,0,0,0,0,0,0,0
11444,909091.0,4,0,0,0,0,0,0,0,0
11445,527778.0,2,0,0,0,0,0,0,0,0
11446,498707.0,2,0,0,0,0,0,0,0,0
11447,493421.0,2,0,0,0,0,0,0,0,0
11448,546296.0,2,0,0,0,0,0,0,0,0
11449,333914.0,2,0,0,0,0,0,0,0,0
11450,2407407.0,3,0,0,0,0,0,0,0,0
11451,2870370.0,5,0,0,0,0,0,0,0,0
11452,1828704.0,2,0,0,0,0,0,0,0,0
11453,450000.0,2,0,0,0,0,0,0,0,0
11454,549895.0,2,1,0,0,0,0,0,0,0
11455,574586.0,4,2,0,0,0,0,0,0,0
11456,734925.0,2,2,0,0,0,0,0,0,0
11457,8394782.0,2,1,0,0,0,0,0,0,0
11458,555556.0,2,0,0,0,0,0,0,0,0
11458,1441778.0,2,0,0,0,0,0,0,0,0
11459,833333.0,2,0,0,0,0,0,0,0,0
11459,2108541.0,2,0,0,0,0,0,0,0,0
11460,1194444.0,4,0,0,0,0,0,0,0,0
11460,3158746.0,4,0,0,0,0,0,0,0,0
11461,596780.0,2,0,0,0,0,0,0,0,0
11462,492772.0,2,1,0,0,0,0,0,0,0
11463,408382.0,2,1,0,0,0,0,0,0,0
11464,1316330.0,2,2,0,0,0,0,0,0,0
11465,5803800.0,2,4,0,0,0,0,0,0,0
11466,1379477.0,2,1,0,0,0,0,0,0,0
11467,925926.0,2,0,0,0,0,0,0,0,0
11468,483043.0,2,0,0,0,0,0,0,0,0
11468,671808.0,2,0,0,0,0,0,0,0,0
11469,483043.0,2,0,0,0,0,0,0,0,0
11469,671808.0,2,0,0,0,0,0,0,0,0
11470,497784.0,2,0,0,0,0,0,0,0,0
11470,657586.0,2,0,0,0,0,0,0,0,0
11471,351771.0,2,0,0,0,0,0,0,0,0
11472,1590279.0,2,1,0,0,0,0,0,0,0
11473,9877722.0,2,1,0,0,0,0,0,0,0
11474,314815.0,2,0,0,0,0,0,0,0,0
11475,393519.0,2,0,0,0,0,0,0,0,0
11475,354167.0,1,0,0,0,0,0,0,0,0
11476,472222.0,2,0,0,0,0,0,0,0,0
11476,425000.0,1,0,0,0,0,0,0,0,0
11477,1172774.0,2,2,0,0,0,0,0,0,0
11477,1193529.0,2,2,0,0,0,0,0,0,0
11478,1172774.0,2,2,0,0,0,0,0,0,0
11478,1193529.0,2,2,0,0,0,0,0,0,0
11479,1712316.0,2,0,0,0,0,0,0,0,0
11479,2208640.0,3,0,0,0,0,0,0,0,0
11479,1369853.0,1,0,0,0,0,0,0,0,0
11480,1712316.0,2,2,0,0,0,0,0,0,0
11480,2208640.0,3,1,0,0,0,0,0,0,0
11480,1369853.0,1,2,0,0,0,0,0,0,0
11481,925926.0,2,0,0,0,0,0,0,0,0
11482,284532.0,2,0,0,0,0,0,0,0,0
11483,352643.0,2,1,0,0,0,0,0,0,0
11484,368672.0,2,1,0,0,0,0,0,0,0
11485,384701.0,2,1,0,0,0,0,0,0,0
11486,10683748.0,2,1,0,0,0,0,0,0,0
11487,401081.0,2,1,0,0,0,0,0,0,0
11488,405995.0,2,1,0,0,0,0,0,0,0
11488,505283.0,1,1,0,0,0,0,0,0,0
11489,505283.0,4,1,0,0,0,0,0,0,0
11490,450789.0,2,1,0,0,0,0,0,0,0
11491,841909.0,3,0,0,0,0,0,0,0,0
11492,1475162.0,2,1,0,0,0,0,0,0,0
11493,277113.0,2,0,0,0,0,0,0,0,0
11494,439833.0,2,0,0,0,0,0,0,0,0
11494,502273.0,2,0,0,0,0,0,0,0,0
11494,452045.0,1,0,0,0,0,0,0,0,0
11495,345455.0,1,0,0,0,0,0,0,0,0
11496,1589990.0,2,0,0,0,0,0,0,0,0
11497,1458527.0,2,1,0,0,0,0,0,0,0
11498,1639815.0,6,2,0,0,0,0,0,0,0
11499,2609955.0,6,0,0,0,0,0,0,0,0
11500,620685.0,2,0,0,0,0,0,0,0,0
11501,620685.0,2,0,0,0,0,0,0,0,0
11502,620685.0,2,0,0,0,0,0,0,0,0
11503,6615481.0,2,1,0,0,0,0,0,0,0
11504,8013245.0,2,1,0,0,0,0,0,0,0
11505,862037.0,3,0,0,0,0,0,0,0,0
11505,1055556.0,3,0,0,0,0,0,0,0,0
11506,1020370.0,4,0,0,0,0,0,0,0,0
11506,1301852.0,4,0,0,0,0,0,0,0,0
11507,5935704.0,2,1,0,0,0,0,0,0,0
11508,1645955.0,2,0,0,0,0,0,0,0,0
11509,3609259.0,6,0,0,0,0,0,0,0,0
11510,3687037.0,4,0,0,0,0,0,0,0,0
11511,3687037.0,4,0,0,0,0,0,0,0,0
11512,3693519.0,2,0,0,0,0,0,0,0,0
11513,3971296.0,3,0,0,0,0,0,0,0,0
11514,27298927.0,2,1,0,0,0,0,0,0,0
11515,1316330.0,2,2,0,0,0,0,0,0,0
11516,8055598.0,2,1,0,0,0,0,0,0,0
11517,6609347.0,2,1,0,0,0,0,0,0,0
11518,687273.0,2,0,0,0,0,0,0,0,0
11519,227871.0,2,0,0,0,0,0,0,0,0
11519,281481.0,2,0,0,0,0,0,0,0,0
11520,256363.0,2,0,0,0,0,0,0,0,0
11521,268127.0,3,1,0,0,0,0,0,0,0
11521,340741.0,3,0,0,0,0,0,0,0,0
11522,312094.0,2,0,0,0,0,0,0,0,0
11522,370370.0,3,0,0,0,0,0,0,0,0
11523,312094.0,2,0,0,0,0,0,0,0,0
11524,355556.0,3,0,0,0,0,0,0,0,0
11525,333250.0,2,0,0,0,0,0,0,0,0
11526,387500.0,2,0,0,0,0,0,0,0,0
11527,449500.0,3,1,0,0,0,0,0,0,0
11528,558000.0,4,1,0,0,0,0,0,0,0
11529,1432023.0,2,1,0,0,0,0,0,0,0
11530,575167.0,2,1,0,0,0,0,0,0,0
11531,14819624.0,8,4,0,0,0,0,0,0,0
11532,27497075.0,8,4,0,0,0,0,0,0,0
11533,12699927.0,2,1,0,0,0,0,0,0,0
11534,645885.0,2,0,0,0,0,0,0,0,0
11535,666667.0,2,0,0,0,0,0,0,0,0
11536,1395032.0,2,1,0,0,0,0,0,0,0
11537,1627538.0,2,1,0,0,0,0,0,0,0
11538,1511285.0,2,1,0,0,0,0,0,0,0
11539,471342.0,2,1,0,0,0,0,0,0,0
11540,1162397.0,2,1,0,0,0,0,0,0,0
11541,422748.0,3,0,0,0,0,0,0,0,0
11542,176786.0,1,0,0,0,0,0,0,0,0
11543,4665283.0,2,1,0,0,0,0,0,0,0
11544,1124133.0,2,1,0,0,0,0,0,0,0
11545,656451.0,2,2,0,0,0,0,0,0,0
11546,755335.0,2,2,0,0,0,0,0,0,0
11547,810811.0,2,0,0,0,0,0,0,0,0
11548,900901.0,2,0,0,0,0,0,0,0,0
11549,3230942.0,8,0,0,0,0,0,0,0,0
11550,3783784.0,12,0,0,0,0,0,0,0,0
11551,221941.0,2,0,0,0,0,0,0,0,0
11552,285061.0,2,0,0,0,0,0,0,0,0
11553,400938.0,2,0,0,0,0,0,0,0,0
11554,8908182.0,2,1,0,0,0,0,0,0,0
11555,12719366.0,2,1,0,0,0,0,0,0,0
11556,412976.0,2,0,0,0,0,0,0,0,0
11556,414360.0,2,0,0,0,0,0,0,0,0
11556,484364.0,2,1,0,0,0,0,0,0,0
11557,481693.0,2,0,0,0,0,0,0,0,0
11558,1648895.0,2,1,0,0,0,0,0,0,0
11559,320080.0,2,1,0,0,0,0,0,0,0
11560,19862687.0,2,1,0,0,0,0,0,0,0
11561,366685.0,2,0,0,0,0,0,0,0,0
11562,488914.0,4,0,0,0,0,0,0,0,0
11563,925926.0,2,0,0,0,0,0,0,0,0
11564,14422771.0,2,1,0,0,0,0,0,0,0
11565,8199737.0,6,0,0,0,0,0,0,0,0
11566,10270888.0,2,1,0,0,0,0,0,0,0
11567,10834779.0,2,1,0,0,0,0,0,0,0
11568,8961852.0,2,1,0,0,0,0,0,0,0
11569,10270888.0,2,1,0,0,0,0,0,0,0
11570,5941004.0,2,1,0,0,0,0,0,0,0
11571,6080301.0,2,1,0,0,0,0,0,0,0
11572,594000.0,2,1,0,0,0,0,0,0,0
11572,708000.0,2,1,0,0,0,0,0,0,0
11573,596462.0,2,0,0,0,0,0,0,0,0
11573,689291.0,2,0,0,0,0,0,0,0,0
11573,708000.0,2,1,0,0,0,0,0,0,0
11573,810000.0,2,1,0,0,0,0,0,0,0
11574,19486491.0,2,1,0,0,0,0,0,0,0
11575,8054031.0,2,1,0,0,0,0,0,0,0
11576,8156293.0,2,1,0,0,0,0,0,0,0
11577,2836364.0,2,0,0,0,0,0,0,0,0
11578,10270888.0,2,1,0,0,0,0,0,0,0
11579,327273.0,2,0,0,0,0,0,0,0,0
11580,368182.0,2,0,0,0,0,0,0,0,0
11581,450000.0,2,0,0,0,0,0,0,0,0
11581,517500.0,3,0,0,0,0,0,0,0,0
11582,7002038.0,8,1,0,0,0,0,0,0,0
11583,9702824.0,8,1,0,0,0,0,0,0,0
11584,27086949.0,2,1,0,0,0,0,0,0,0
11585,288278.0,2,1,0,0,0,0,0,0,0
11586,285867.0,2,1,0,0,0,0,0,0,0
11587,23367867.0,2,1,0,0,0,0,0,0,0
11588,1356974.0,2,1,0,0,0,0,0,0,0
11589,288278.0,2,1,0,0,0,0,0,0,0
11590,1920000.0,2,1,0,0,0,0,0,0,0
11591,2208000.0,2,2,0,0,0,0,0,0,0
11591,2400000.0,3,1,0,0,0,0,0,0,0
11592,285867.0,2,1,0,0,0,0,0,0,0
11593,7767540.0,2,1,0,0,0,0,0,0,0
11594,2589180.0,2,1,0,0,0,0,0,0,0
11595,1611345.0,1,0,0,0,0,0,0,0,0
11596,245455.0,2,0,0,0,0,0,0,0,0
11597,254545.0,2,0,0,0,0,0,0,0,0
11598,286364.0,2,0,0,0,0,0,0,0,0
11599,327273.0,4,0,0,0,0,0,0,0,0
11599,310909.0,1,1,0,0,0,0,0,0,0
11600,285867.0,2,1,0,0,0,0,0,0,0
11601,367544.0,2,1,0,0,0,0,0,0,0
11602,367544.0,2,1,0,0,0,0,0,0,0
11603,326705.0,2,1,0,0,0,0,0,0,0
11604,2626792.0,2,1,0,0,0,0,0,0,0
11605,12774965.0,2,1,0,0,0,0,0,0,0
11606,2903493.0,2,0,0,0,0,0,0,0,0
11607,2903493.0,2,0,0,0,0,0,0,0,0
11608,2903493.0,2,0,0,0,0,0,0,0,0
11609,2903493.0,2,0,0,0,0,0,0,0,0
11610,3387408.0,2,0,0,0,0,0,0,0,0
11611,5182517.0,2,0,0,0,0,0,0,0,0
11612,5182517.0,2,0,0,0,0,0,0,0,0
11613,5182517.0,2,0,0,0,0,0,0,0,0
11614,5182517.0,2,0,0,0,0,0,0,0,0
11615,6046270.0,2,0,0,0,0,0,0,0,0
11616,4194167.0,2,0,0,0,0,0,0,0,0
11616,4695833.0,2,0,0,0,0,0,0,0,0
11617,5897500.0,4,0,0,0,0,0,0,0,0
11617,6895000.0,4,0,0,0,0,0,0,0,0
11618,887565.0,2,1,0,0,0,0,0,0,0
11619,374604.0,2,1,0,0,0,0,0,0,0
11620,508761.0,4,1,0,0,0,0,0,0,0
11621,4070197.0,2,1,0,0,0,0,0,0,0
11622,709660.0,2,1,0,0,0,0,0,0,0
11623,4406232.0,2,1,0,0,0,0,0,0,0
11624,25270513.0,30,1,0,0,0,0,0,0,0
11625,25270513.0,16,1,0,0,0,0,0,0,0
11626,26955213.0,25,1,0,0,0,0,0,0,0
11627,33694017.0,16,1,0,0,0,0,0,0,0
11628,33694017.0,20,1,0,0,0,0,0,0,0
11629,408382.0,2,1,0,0,0,0,0,0,0
11630,6134629.0,2,1,0,0,0,0,0,0,0
11631,1375000.0,2,0,0,0,0,0,0,0,0
11632,11901323.0,2,1,0,0,0,0,0,0,0
11633,3220565.0,2,1,0,0,0,0,0,0,0
11634,21198942.0,2,1,0,0,0,0,0,0,0
11635,11783036.0,2,1,0,0,0,0,0,0,0
11636,5503302.0,2,1,0,0,0,0,0,0,0
11637,11306332.0,2,0,0,0,0,0,0,0,0
11638,436364.0,2,0,0,0,0,0,0,0,0
11638,414545.0,1,1,0,0,0,0,0,0,0
11639,545455.0,2,0,0,0,0,0,0,0,0
11640,545455.0,2,0,0,0,0,0,0,0,0
11640,518182.0,1,1,0,0,0,0,0,0,0
11641,818182.0,3,0,0,0,0,0,0,0,0
11642,1090909.0,4,0,0,0,0,0,0,0,0
11643,1227273.0,4,0,0,0,0,0,0,0,0
11644,1581818.0,2,0,0,0,0,0,0,0,0
11644,1566000.0,1,0,0,0,0,0,0,0,0
11645,1620000.0,2,0,0,0,0,0,0,0,0
11645,1636364.0,4,0,0,0,0,0,0,0,0
11646,2143269.0,2,0,0,0,0,0,0,0,0
11646,1950067.0,1,0,0,0,0,0,0,0,0
11647,2267411.0,2,1,0,0,0,0,0,0,0
11648,5934550.0,2,1,0,0,0,0,0,0,0
11649,4815874.0,2,1,0,0,0,0,0,0,0
11650,2645503.0,2,0,0,0,0,0,0,0,0
11651,1701940.0,1,0,0,0,0,0,0,0,0
11652,5630737.0,2,1,0,0,0,0,0,0,0
11653,308000.0,2,0,0,0,0,0,0,0,0
11654,341000.0,2,0,0,0,0,0,0,0,0
11655,423500.0,3,0,0,0,0,0,0,0,0
11656,517000.0,4,0,0,0,0,0,0,0,0
11657,1308704.0,2,1,0,0,0,0,0,0,0
11658,7526629.0,2,1,0,0,0,0,0,0,0
11659,4192808.0,12,1,0,0,0,0,0,0,0
11660,1633410.0,2,1,0,0,0,0,0,0,0
11661,1307725.0,2,1,0,0,0,0,0,0,0
11662,13888889.0,2,1,0,0,0,0,0,0,0
11663,8449812.0,2,1,0,0,0,0,0,0,0
11664,1633410.0,2,1,0,0,0,0,0,0,0
11665,2616534.0,2,1,0,0,0,0,0,0,0
11666,12491531.0,8,1,0,0,0,0,0,0,0
11667,14750000.0,2,0,0,0,0,0,0,0,0
11668,14750000.0,4,0,0,0,0,0,0,0,0
11669,17488144.0,6,0,0,0,0,0,0,0,0
11670,20759259.0,6,0,0,0,0,0,0,0,0
11671,9809069.0,2,1,0,0,0,0,0,0,0
11672,2068519.0,4,0,0,0,0,0,0,0,0
11673,10648148.0,2,0,0,0,0,0,0,0,0
11674,2908142.0,2,0,0,0,0,0,0,0,0
11675,391834.0,2,1,0,0,0,0,0,0,0
11676,2264866.0,2,1,0,0,0,0,0,0,0
11677,337500.0,2,0,0,0,0,0,0,0,0
11677,375000.0,2,0,0,0,0,0,0,0,0
11677,303750.0,1,0,0,0,0,0,0,0,0
11677,337500.0,1,0,0,0,0,0,0,0,0
11678,416667.0,2,0,0,0,0,0,0,0,0
11678,458333.0,2,0,0,0,0,0,0,0,0
11679,4946234.0,2,1,0,0,0,0,0,0,0
11680,6392248.0,2,0,0,0,0,0,0,0,0
11681,4499483.0,2,1,0,0,0,0,0,0,0
11682,11683040.0,2,1,0,0,0,0,0,0,0
11683,1942024.0,2,1,0,0,0,0,0,0,0
11684,11606252.0,2,1,0,0,0,0,0,0,0
11685,5894777.0,2,0,0,0,0,0,0,0,0
11686,4626484.0,2,1,0,0,0,0,0,0,0
11687,4625681.0,2,1,0,0,0,0,0,0,0
11688,4673168.0,2,1,0,0,0,0,0,0,0
11689,22700262.0,2,0,0,0,0,0,0,0,0
11690,347882.0,2,1,0,0,0,0,0,0,0
11691,475195.0,4,1,0,0,0,0,0,0,0
11692,29166667.0,8,0,0,0,0,0,0,0,0
11693,29166667.0,8,0,0,0,0,0,0,0,0
11694,29166667.0,8,0,0,0,0,0,0,0,0
11695,29166667.0,6,0,0,0,0,0,0,0,0
11696,29166667.0,4,0,0,0,0,0,0,0,0
11697,40833333.0,10,0,0,0,0,0,0,0,0
11698,8411704.0,2,1,0,0,0,0,0,0,0
11699,10684190.0,2,0,0,0,0,0,0,0,0
11699,11321387.0,2,0,0,0,0,0,0,0,0
11700,698496.0,2,0,0,0,0,0,0,0,0
11700,772822.0,2,0,0,0,0,0,0,0,0
11701,436508.0,2,0,0,0,0,0,0,0,0
11702,515873.0,4,0,0,0,0,0,0,0,0
11703,568783.0,4,0,0,0,0,0,0,0,0
11704,1236844.0,2,0,0,0,0,0,0,0,0
11705,370577.0,2,0,0,0,0,0,0,0,0
11706,5122509.0,2,1,0,0,0,0,0,0,0
11707,1042627.0,2,0,0,0,0,0,0,0,0
11708,218255.0,2,0,0,0,0,0,0,0,0
11709,567688.0,2,0,0,0,0,0,0,0,0
11709,800051.0,2,0,0,0,0,0,0,0,0
11710,574920.0,2,0,0,0,0,0,0,0,0
11710,784741.0,2,0,0,0,0,0,0,0,0
11711,636220.0,2,0,0,0,0,0,0,0,0
11711,638670.0,2,0,0,0,0,0,0,0,0
11711,891122.0,2,0,0,0,0,0,0,0,0
11711,894412.0,2,0,0,0,0,0,0,0,0
11712,307870.0,2,0,0,0,0,0,0,0,0
11712,301713.0,1,0,0,0,0,0,0,0,0
11713,351852.0,2,0,0,0,0,0,0,0,0
11713,334259.0,1,0,0,0,0,0,0,0,0
11714,435626.0,3,0,0,0,0,0,0,0,0
11715,502646.0,4,1,0,0,0,0,0,0,0
11716,703704.0,4,0,0,0,0,0,0,0,0
11717,0.0,6,0,0,0,0,0,0,0,0
11717,15875000.0,6,0,0,0,0,0,0,0,0
11718,2547472.0,2,0,0,0,0,0,0,0,0
11719,7653243.0,2,1,0,0,0,0,0,0,0
11720,4457384.0,2,1,0,0,0,0,0,0,0
11721,10935214.0,2,1,0,0,0,0,0,0,0
11722,10765002.0,2,1,0,0,0,0,0,0,0
11723,3458673.0,2,1,0,0,0,0,0,0,0
11724,3910027.0,2,1,0,0,0,0,0,0,0
11725,5575934.0,2,1,0,0,0,0,0,0,0
11726,4458203.0,2,1,0,0,0,0,0,0,0
11727,687500.0,2,0,0,0,0,0,0,0,0
11728,10808354.0,2,1,0,0,0,0,0,0,0
11729,24055382.0,6,1,0,0,0,0,0,0,0
11730,28866459.0,8,1,0,0,0,0,0,0,0
11731,29552574.0,2,1,0,0,0,0,0,0,0
11731,31825849.0,3,1,0,0,0,0,0,0,0
11731,27279300.0,1,4,0,0,0,0,0,0,0
11732,45672160.0,2,1,0,0,0,0,0,0,0
11732,49185403.0,3,1,0,0,0,0,0,0,0
11732,42158917.0,1,3,0,0,0,0,0,0,0
11733,302046.0,2,0,0,0,0,0,0,0,0
11733,320694.0,2,1,0,0,0,0,0,0,0
11734,521873.0,4,0,0,0,0,0,0,0,0
11734,558423.0,4,1,0,0,0,0,0,0,0
11735,603169.0,2,0,0,0,0,0,0,0,0
11735,626876.0,2,0,0,0,0,0,0,0,0
11736,1306706.0,2,1,0,0,0,0,0,0,0
11737,1656481.0,5,1,0,0,0,0,0,0,0
11738,2199074.0,4,1,0,0,0,0,0,0,0
11738,2546296.0,5,1,0,0,0,0,0,0,0
11738,2083333.0,1,3,0,0,0,0,0,0,0
11739,30315368.0,2,1,0,0,0,0,0,0,0
11740,1567206.0,2,1,0,0,0,0,0,0,0
11741,9346337.0,2,1,0,0,0,0,0,0,0
11742,1383496.0,2,1,0,0,0,0,0,0,0
11743,8951238.0,2,1,0,0,0,0,0,0,0
11744,2294887.0,2,1,0,0,0,0,0,0,0
11745,218896.0,2,0,0,0,0,0,0,0,0
11745,307377.0,2,0,0,0,0,0,0,0,0
11746,990518.0,6,1,0,0,0,0,0,0,0
11747,1457088.0,6,1,0,0,0,0,0,0,0
11748,1461076.0,2,1,0,0,0,0,0,0,0
11749,12879252.0,2,1,0,0,0,0,0,0,0
11750,6568330.0,2,1,0,0,0,0,0,0,0
11751,7679263.0,2,1,0,0,0,0,0,0,0
11752,31543887.0,2,1,0,0,0,0,0,0,0
11753,401342.0,2,0,0,0,0,0,0,0,0
11753,444744.0,2,1,0,0,0,0,0,0,0
11753,465426.0,2,0,0,0,0,0,0,0,0
11754,46638221.0,2,1,0,0,0,0,0,0,0
11755,497330.0,2,0,0,0,0,0,0,0,0
11755,497740.0,2,0,0,0,0,0,0,0,0
11756,1916385.0,2,1,0,0,0,0,0,0,0
11757,42104679.0,2,1,0,0,0,0,0,0,0
11758,1388889.0,4,0,0,0,0,0,0,0,0
11759,462867.0,2,0,0,0,0,0,0,0,0
11760,925926.0,2,0,0,0,0,0,0,0,0
11761,696120.0,2,1,0,0,0,0,0,0,0
11762,483216.0,2,1,0,0,0,0,0,0,0
11763,494430.0,2,1,0,0,0,0,0,0,0
11764,739268.0,2,1,0,0,0,0,0,0,0
11765,22901808.0,2,0,0,0,0,0,0,0,0
11766,1046444.0,2,0,0,0,0,0,0,0,0
11767,2264820.0,2,1,0,0,0,0,0,0,0
11768,321871.0,2,0,0,0,0,0,0,0,0
11769,399533.0,5,0,0,0,0,0,0,0,0
11770,3053457.0,2,1,0,0,0,0,0,0,0
11771,278871.0,2,0,0,0,0,0,0,0,0
11772,304645.0,2,0,0,0,0,0,0,0,0
11773,361062.0,3,0,0,0,0,0,0,0,0
11774,416610.0,4,0,0,0,0,0,0,0,0
11775,13750000.0,8,0,0,0,0,0,0,0,0
11776,521200.0,2,0,0,0,0,0,0,0,0
11777,393519.0,2,0,0,0,0,0,0,0,0
11777,354167.0,1,0,0,0,0,0,0,0,0
11778,393519.0,1,0,0,0,0,0,0,0,0
11779,0.0,2,1,0,0,0,0,0,0,0
11780,521138.0,2,1,0,0,0,0,0,0,0
11781,1179617.0,2,0,1,0,1,0,0,0,0
11782,1273810.0,2,0,1,0,1,1,0,0,0
11782,1278368.0,2,1,1,0,1,0,1,0,0
11782,1379630.0,2,0,1,0,1,0,1,0,0
11783,500000.0,2,0,1,0,1,0,1,0,0
11784,545370.0,3,0,1,0,1,0,1,0,0
11785,601852.0,2,0,1,0,1,0,1,0,0
11786,587160.0,2,1,1,0,1,0,0,0,0
11787,897799.0,2,1,1,0,1,0,0,0,0
11788,1356810.0,2,1,1,0,1,0,0,0,0
11789,648148.0,2,0,1,0,1,0,0,0,0
11790,648148.0,2,0,1,0,1,0,0,0,0
11791,925926.0,2,0,1,0,1,0,0,0,0
11792,316667.0,2,0,1,0,1,0,1,0,0
11792,270370.0,1,0,1,0,1,0,1,0,0
11793,269270.0,2,1,1,0,1,0,0,0,0
11794,324365.0,2,1,1,0,1,0,0,0,0
11795,356033.0,2,0,1,0,1,0,1,0,0
11795,390625.0,2,0,1,0,1,0,1,0,0
11796,418373.0,2,0,1,0,1,0,1,0,0
11797,310674.0,2,1,1,0,1,0,0,0,0
11797,393204.0,2,1,0,0,1,0,1,0,0
11798,365303.0,2,1,1,0,1,0,0,0,0
11798,459000.0,2,1,0,0,1,0,1,0,0
11799,490023.0,4,1,1,0,1,0,0,0,0
11799,589963.0,4,1,0,0,1,0,1,0,0
11800,687114.0,2,0,1,0,1,0,1,0,0
11801,687114.0,2,0,1,0,1,0,1,0,0
11802,687114.0,2,0,1,0,1,0,1,0,0
11803,872307.0,2,0,1,0,1,0,1,0,0
11804,1181221.0,4,0,1,0,1,0,1,0,0
11805,925926.0,2,0,1,0,1,0,0,0,0
11806,1111111.0,2,0,1,0,1,0,0,0,0
11807,555556.0,2,0,1,0,1,0,1,0,0
11808,740741.0,4,0,1,0,1,0,1,0,0
11809,275588.0,2,1,1,0,1,0,1,0,0
11809,293210.0,2,1,1,0,1,0,1,0,0
11810,317179.0,2,0,1,0,1,0,1,0,0
11810,335097.0,2,0,1,0,1,0,1,0,0
11810,379507.0,2,0,1,0,1,0,0,0,0
11811,416667.0,2,0,1,0,1,1,0,0,0
11812,458333.0,3,0,1,0,1,1,0,0,0
11813,877726.0,2,0,1,0,1,1,0,0,0
11814,1388889.0,2,0,1,0,0,1,0,0,0
11815,217914.0,2,1,0,0,1,0,1,0,0
11815,235626.0,2,1,0,0,1,0,1,0,0
11816,274414.0,2,1,0,0,1,0,1,0,0
11816,294603.0,2,1,0,0,1,0,1,0,0
11817,343767.0,3,1,0,0,1,0,1,0,0
11817,353862.0,3,1,0,0,1,0,1,0,0
11818,332500.0,2,0,1,0,1,1,0,0,0
11818,369444.0,2,0,1,0,1,0,1,0,0
11819,391083.0,3,0,1,0,1,1,0,0,0
11819,434537.0,3,0,1,0,1,0,1,0,0
11820,1875335.0,8,1,1,0,0,1,0,0,0
11821,292455.0,4,1,1,0,1,1,0,0,0
11822,254189.0,10,1,1,0,1,0,0,0,0
11823,587639.0,7,0,1,0,1,0,0,0,0
11824,1111111.0,4,0,0,0,1,0,0,0,0
11825,1763442.0,2,0,1,0,1,1,0,0,0
11826,1945143.0,2,0,1,0,1,0,1,0,0
11826,2027945.0,2,0,1,0,1,1,0,0,0
11826,2420148.0,3,0,1,0,1,0,1,0,0
11827,722222.0,2,0,0,0,1,1,0,0,0
11827,1155556.0,3,0,0,0,1,1,0,0,0
11827,1300000.0,2,0,0,0,1,1,0,0,0
11828,349047.0,2,2,1,1,1,0,1,0,0
11828,402778.0,2,0,1,1,1,0,1,0,0
11828,485340.0,2,2,1,1,1,0,1,0,0
11829,384737.0,2,2,1,1,1,0,1,0,0
11829,439815.0,2,0,1,1,1,0,1,0,0
11829,523808.0,2,2,1,1,1,0,1,0,0
11830,248889.0,2,1,1,0,1,0,1,0,0
11831,269630.0,2,1,1,0,1,0,1,0,0
11832,300741.0,3,1,1,0,1,0,1,0,0
11833,306871.0,2,0,1,0,1,0,0,0,0
11833,555556.0,2,0,0,0,1,0,1,0,0
11834,537724.0,4,1,1,0,1,0,0,0,0
11835,511778.0,2,0,1,0,1,0,1,0,0
11835,562956.0,2,0,1,0,1,0,1,0,0
11836,217593.0,2,0,1,0,1,1,0,0,0
11837,361111.0,4,0,1,0,1,1,0,0,0
11838,257990.0,2,0,1,0,1,1,0,0,0
11839,524673.0,2,0,1,0,1,1,0,0,0
11840,561711.0,2,0,1,0,1,0,1,0,0
11840,677315.0,2,0,1,0,1,0,1,0,0
11841,284689.0,2,0,1,0,1,0,0,0,0
11842,1136496.0,8,0,1,0,1,0,0,0,0
11843,217431.0,2,1,1,0,1,0,1,0,0
11844,217431.0,2,0,1,0,1,0,1,0,0
11845,248218.0,3,1,1,0,1,0,1,0,0
11846,308642.0,2,1,1,0,1,0,1,0,0
11847,396825.0,4,2,1,0,1,0,1,0,0
11848,1011029.0,3,0,1,0,1,0,0,0,0
11849,356481.0,2,0,1,0,1,0,1,0,0
11850,444444.0,2,0,1,0,1,0,1,0,0
11850,537037.0,3,0,1,0,1,0,1,0,0
11851,328704.0,1,0,1,0,1,0,1,0,0
11852,555556.0,3,0,1,0,1,0,0,0,0
11853,648148.0,3,0,1,0,1,0,0,0,0
11854,251315.0,2,1,1,0,1,0,0,0,0
11854,327722.0,2,1,1,0,1,0,1,0,0
11855,319152.0,2,1,1,0,1,0,0,0,0
11855,393204.0,2,1,1,0,1,0,1,0,0
11856,444511.0,4,1,1,0,1,0,0,0,0
11856,524481.0,4,1,1,0,1,0,1,0,0
11857,1930147.0,2,4,1,0,0,0,1,0,0
11857,2251838.0,4,4,1,0,0,0,1,0,0
11858,3044198.0,12,1,1,0,1,0,1,0,0
11859,470810.0,2,0,0,0,1,0,0,0,0
11860,3268007.0,10,1,1,0,1,1,0,0,0
11861,716912.0,2,0,0,0,1,0,1,0,0
11861,1089706.0,3,0,0,0,1,0,1,0,0
11861,1276103.0,2,0,0,0,1,0,1,0,0
11861,1939676.0,3,0,0,0,1,0,1,0,0
11862,233206.0,2,0,1,0,1,0,0,0,0
11863,273437.0,2,0,1,0,1,0,1,0,0
11863,289522.0,2,0,1,0,1,0,0,0,0
11864,268519.0,2,0,1,0,1,0,0,0,0
11865,716912.0,3,0,0,0,0,0,0,0,0
11866,375791.0,2,0,0,0,0,1,0,0,0
11867,416667.0,2,0,1,0,1,1,0,0,0
11868,1481481.0,8,0,1,0,1,1,0,0,0
11869,404826.0,2,0,0,0,0,1,0,0,0
11870,654871.0,3,0,1,0,0,0,0,0,0
11871,284095.0,2,1,1,0,1,0,0,0,0
11872,787213.0,2,0,0,0,1,0,1,0,0
11873,1165955.0,8,1,1,0,1,0,0,0,0
11874,285682.0,4,1,1,0,1,0,0,0,0
11875,318505.0,4,1,1,0,1,0,0,0,0
11876,284095.0,2,1,1,0,1,0,0,0,0
11877,364459.0,4,1,1,0,1,0,0,0,0
11878,2199074.0,6,0,0,0,1,0,1,0,0
11879,1921866.0,12,1,1,0,1,1,0,0,0
11880,1143549.0,12,1,1,0,1,0,0,0,0
11881,843413.0,12,1,1,0,1,0,0,0,0
11882,587364.0,2,0,1,0,1,0,0,0,0
11883,687827.0,2,0,1,0,1,1,0,0,0
11884,687827.0,2,0,1,0,1,1,0,0,0
11885,429773.0,2,1,1,0,1,0,1,0,0
11885,436508.0,2,1,1,0,1,0,1,0,0
11885,436508.0,2,1,1,0,1,1,0,0,0
11886,429773.0,2,1,1,0,1,0,1,0,0
11886,436508.0,2,1,1,0,1,0,1,0,0
11886,436508.0,2,0,1,0,1,1,0,0,0
11887,480425.0,2,0,1,0,1,1,0,0,0
11887,525448.0,2,0,1,0,1,0,1,0,0
11887,533510.0,2,0,1,0,1,0,1,0,0
11887,533510.0,2,0,1,0,1,1,0,0,0
11888,570620.0,2,0,1,0,1,1,0,0,0
11888,621703.0,2,1,1,0,1,0,1,0,0
11888,630511.0,2,1,1,0,1,0,1,0,0
11889,229599.0,2,1,1,0,1,0,1,0,0
11889,286478.0,2,0,0,0,1,0,0,0,0
11890,291861.0,2,1,1,0,1,0,1,0,0
11890,358098.0,2,0,0,0,1,0,0,0,0
11891,925926.0,2,0,1,0,1,1,0,0,0
11892,1018519.0,3,0,1,0,1,1,0,0,0
11893,307634.0,2,0,1,0,1,1,0,0,0
11894,321750.0,2,1,1,0,1,0,1,0,0
11894,370370.0,2,0,1,0,1,1,0,0,0
11895,264248.0,2,0,1,0,1,1,0,0,0
11895,264550.0,2,0,1,0,1,1,0,0,0
11895,438753.0,2,2,1,0,1,0,1,0,0
11896,308642.0,2,0,1,0,1,1,0,0,0
11896,534834.0,2,2,1,0,1,0,1,0,0
11897,557417.0,2,0,1,0,1,1,0,0,0
11898,557417.0,2,0,1,0,1,1,0,0,0
11899,251228.0,2,0,1,0,1,1,0,0,0
11899,291327.0,2,0,1,0,1,0,1,0,0
11899,296296.0,2,0,1,0,1,0,1,0,0
11900,390409.0,3,0,1,0,1,1,0,0,0
11900,417067.0,3,0,1,0,1,0,1,0,0
11900,423280.0,3,0,1,0,1,0,1,0,0
11901,895047.0,2,0,1,0,1,0,1,0,0
11902,895047.0,2,0,1,0,1,0,1,0,0
11903,304488.0,2,1,1,0,1,0,1,0,0
11904,345448.0,2,1,1,0,1,0,1,0,0
11905,1000428.0,2,0,1,1,1,1,0,0,1
11905,1100000.0,2,0,1,1,1,1,0,0,1
11905,1349019.0,2,0,1,1,1,0,1,0,1
11905,1523810.0,2,0,1,1,1,0,1,0,1
11906,1000428.0,2,0,1,1,1,1,0,0,1
11906,1100000.0,2,0,1,1,1,1,0,0,1
11906,1349019.0,2,0,1,1,1,0,1,0,1
11906,1523810.0,2,0,1,1,1,0,1,0,1
11907,2288024.0,2,0,1,1,1,1,0,0,1
11907,2383333.0,2,0,1,1,1,1,0,0,1
11907,2922905.0,2,0,1,1,1,0,1,0,1
11907,3301587.0,2,0,1,1,1,0,1,0,1
11908,1033333.0,2,0,1,0,1,0,1,0,0
11908,1326667.0,4,0,1,0,1,0,1,0,0
11909,1238250.0,3,0,1,0,1,0,1,0,0
11910,601852.0,2,0,0,0,1,0,1,0,0
11910,541667.0,1,0,0,0,1,0,1,0,0
11911,601852.0,2,0,0,0,1,0,1,0,0
11911,541667.0,1,1,0,0,1,0,1,0,0
11912,629008.0,2,0,1,0,1,1,0,0,0
11912,630762.0,2,1,1,0,1,0,1,0,0
11912,672222.0,2,0,1,0,1,0,1,0,0
11913,728698.0,2,0,1,0,1,1,0,0,0
11913,736158.0,2,1,1,0,1,0,1,0,0
11913,784259.0,2,0,1,0,1,0,1,0,0
11914,217719.0,2,1,1,0,1,0,1,0,0
11915,315496.0,4,2,1,0,1,0,1,0,0
11916,2500000.0,2,1,1,0,1,0,1,0,0
11917,2685185.0,2,1,1,0,1,0,1,0,0
11918,2685185.0,2,1,1,0,1,0,1,0,0
11919,733333.0,2,0,1,0,1,1,0,0,1
11920,900000.0,3,0,1,0,1,1,0,0,1
11921,220459.0,2,0,1,0,1,0,0,0,0
11922,308642.0,2,0,1,0,1,0,0,0,0
11923,1198921.0,4,1,1,0,1,0,0,0,0
11924,384718.0,2,1,1,0,1,0,1,0,0
11925,474790.0,2,1,1,0,1,0,1,0,0
11926,1846071.0,2,0,1,0,1,1,0,0,0
11927,1923519.0,2,0,1,0,1,0,1,0,0
11928,964491.0,6,1,1,0,1,0,0,0,0
11929,166667.0,2,0,1,0,1,0,1,0,0
11930,166667.0,2,0,1,0,1,0,1,0,0
11931,559636.0,2,0,0,0,0,1,0,0,0
11932,1407465.0,3,0,1,0,1,0,1,0,1
11932,2143347.0,2,0,1,0,1,0,0,0,1
11933,2143287.0,3,1,1,0,1,0,1,0,1
11933,3032407.0,2,1,1,0,1,0,0,0,1
11934,2532470.0,2,1,1,0,1,0,1,0,1
11934,3888889.0,2,0,1,0,1,0,0,0,1
11935,2547623.0,4,0,1,0,1,0,1,0,1
11935,3879630.0,3,0,1,0,1,0,0,0,1
11936,779167.0,2,0,0,0,1,0,0,0,1
11936,779167.0,1,1,0,0,1,0,0,0,1
11937,885417.0,2,0,0,0,1,0,0,0,1
11938,956250.0,2,1,0,0,1,0,0,0,1
11938,956250.0,3,0,0,0,1,0,0,0,1
11938,850000.0,1,1,0,0,1,0,0,0,1
11939,1062500.0,2,1,0,0,1,0,0,0,1
11939,1062500.0,3,0,0,0,1,0,0,0,1
11940,1237616.0,2,1,0,0,1,0,0,0,1
11940,1310417.0,4,0,0,0,1,0,0,0,1
11940,1164815.0,1,1,0,0,1,0,0,0,1
11941,1337963.0,2,1,0,0,1,0,0,0,1
11941,1416667.0,3,1,0,0,1,0,0,0,1
11941,1259259.0,1,1,0,0,1,0,0,0,1
11942,641744.0,2,0,1,0,1,0,1,0,0
11943,641744.0,2,0,1,0,1,0,1,0,0
11944,1073511.0,2,0,0,0,1,1,0,0,0
11944,1199295.0,2,1,0,0,1,1,0,0,0
11945,1763668.0,2,0,0,0,1,1,0,0,0
11946,629630.0,2,0,1,0,1,0,0,0,0
11947,629630.0,2,0,1,0,1,0,0,0,0
11948,706686.0,2,0,0,0,0,1,0,0,0
11949,1557606.0,2,0,1,0,1,1,0,0,0
11950,1594667.0,4,0,1,0,1,1,0,0,0
11951,442583.0,2,0,1,0,1,0,0,0,1
11951,592593.0,2,0,1,0,1,1,0,0,1
11952,696607.0,2,0,1,0,1,0,0,0,1
11953,888889.0,2,0,1,0,1,1,0,0,1
11954,971842.0,4,0,1,0,1,0,0,0,1
11955,1111111.0,2,0,1,0,1,1,0,0,1
11956,5297428.0,12,1,1,0,1,0,0,0,0
11957,915329.0,2,0,1,1,1,1,0,0,0
11957,1214766.0,2,0,1,1,1,0,1,0,0
11958,1105103.0,2,0,1,1,1,1,0,0,0
11958,2082032.0,2,0,1,1,1,0,1,0,0
11959,302595.0,30,1,1,0,1,0,0,0,0
11960,245859.0,30,1,1,0,1,0,0,0,0
11961,290884.0,5,1,1,0,1,0,0,0,0
11962,337500.0,2,0,1,0,1,1,0,0,0
11963,414752.0,2,0,1,0,0,0,0,0,0
11963,436581.0,2,0,1,0,0,0,1,0,0
11964,414752.0,2,0,1,0,0,0,0,0,0
11964,436581.0,2,0,1,0,0,0,1,0,0
11965,456227.0,2,0,1,0,0,0,0,0,0
11965,480239.0,2,0,1,0,0,0,1,0,0
11966,350894.0,10,1,1,0,1,0,0,0,0
11967,277778.0,2,0,1,0,1,0,1,0,0
11968,277778.0,2,0,1,0,1,0,1,0,0
11969,649876.0,2,0,0,0,0,1,0,0,0
11970,649876.0,2,0,0,0,0,1,0,0,0
11971,462963.0,4,0,0,0,0,1,0,0,0
11972,537037.0,2,0,1,0,1,0,0,0,0
11972,563889.0,2,0,1,0,1,1,0,0,0
11973,583333.0,2,0,1,0,1,0,0,0,0
11973,612500.0,2,0,1,0,1,1,0,0,0
11974,726396.0,2,0,1,0,1,0,0,0,0
11974,796296.0,2,0,1,0,1,1,0,0,0
11975,726396.0,2,0,1,0,1,0,0,0,0
11975,796296.0,2,0,1,0,1,1,0,0,0
11976,1171881.0,6,1,1,0,1,0,0,0,0
11977,601852.0,2,0,1,0,1,0,1,0,0
11977,752315.0,3,0,1,0,1,0,1,0,0
11977,541667.0,1,0,1,0,1,0,1,0,0
11978,1111111.0,4,0,1,0,1,0,1,0,0
11979,195682.0,2,1,1,0,1,0,1,0,0
11979,208333.0,2,0,1,0,1,0,1,0,0
11979,188178.0,1,1,1,0,1,0,1,0,0
11980,94302.0,1,0,1,0,1,0,0,0,0
11980,104779.0,1,0,1,0,1,0,1,0,0
11981,462963.0,2,0,1,0,1,0,0,0,0
11982,734668.0,2,1,1,0,1,1,0,0,0
11983,694901.0,2,0,1,0,1,0,0,0,0
11984,742188.0,2,0,0,0,1,0,1,0,0
11984,785846.0,3,0,0,0,1,0,1,0,0
11984,698529.0,1,0,0,0,1,0,1,0,0
11985,2013889.0,8,6,1,0,1,0,0,0,0
11986,833333.0,6,2,0,0,1,0,0,0,0
11987,1298426.0,2,1,1,0,1,0,1,0,0
11988,774074.0,2,1,1,0,1,0,1,0,0
11988,1018519.0,2,1,1,0,1,0,1,0,1
11989,883713.0,2,0,1,0,1,0,1,0,1
11990,977778.0,2,1,1,0,1,0,1,0,0
11990,1303704.0,2,1,1,0,1,0,1,0,1
11991,1150400.0,2,0,1,0,1,0,1,0,1
11992,1222222.0,2,1,1,0,1,0,1,0,0
11992,1527778.0,2,1,1,0,1,0,1,0,1
11993,1348125.0,2,0,1,0,1,0,1,0,1
11994,1010101.0,4,0,1,0,1,1,0,0,0
11995,1235626.0,2,0,1,0,1,0,0,0,0
11995,1343598.0,2,0,1,0,1,0,0,0,0
11995,1464505.0,2,0,1,0,1,0,1,0,0
11996,1303609.0,2,0,1,0,1,0,0,0,0
11996,1344176.0,2,0,1,0,1,0,0,0,0
11996,1465520.0,2,0,1,0,1,0,1,0,0
11997,697941.0,4,1,1,0,1,0,0,0,0
11998,393519.0,2,1,1,0,1,0,1,0,0
11999,486389.0,2,1,1,0,1,0,1,0,0
12000,272978.0,3,0,0,0,1,0,0,0,0
12001,880307.0,2,1,1,0,1,0,1,0,1
12002,880307.0,2,1,1,0,1,0,1,0,1
12003,977679.0,2,0,1,0,1,0,1,0,1
12004,1567825.0,15,0,1,0,1,0,1,0,1
12005,1646067.0,4,0,1,0,1,0,1,0,1
12006,1799330.0,2,1,1,0,1,0,1,0,1
12007,1955794.0,2,1,1,0,1,0,1,0,1
12008,2151373.0,2,1,1,0,1,0,1,0,1
12009,2151373.0,2,0,1,0,1,0,1,0,1
12010,2449727.0,4,0,1,0,1,0,1,0,1
12011,1064815.0,2,0,1,0,0,0,1,0,0
12012,1157407.0,2,0,1,0,0,0,1,0,0
12013,1944444.0,4,0,1,0,0,0,1,0,0
12014,2129630.0,2,0,1,0,0,0,1,0,0
12015,2314815.0,2,0,1,0,0,0,1,0,0
12016,2546296.0,2,0,1,0,0,0,1,0,0
12017,171118.0,2,0,1,0,1,0,1,0,0
12018,181985.0,2,0,1,0,1,0,1,0,0
12018,626094.0,2,0,1,0,1,0,1,0,0
12018,305239.0,1,0,1,0,1,0,1,0,0
12019,916667.0,2,1,1,0,1,1,0,0,1
12019,925926.0,2,1,1,0,1,0,1,0,1
12020,1375000.0,2,1,1,0,1,1,0,0,1
12020,1388889.0,2,1,1,0,1,0,1,0,1
12021,1466667.0,2,1,1,0,1,1,0,0,1
12021,1481481.0,2,1,1,0,1,0,1,0,1
12022,1741667.0,2,0,1,0,1,1,0,0,1
12022,1759259.0,2,0,1,0,1,0,1,0,1
12023,1925000.0,2,1,1,0,1,1,0,0,1
12023,1944444.0,2,1,1,0,1,0,1,0,1
12024,1250000.0,2,0,1,0,1,1,0,0,0
12025,1416667.0,3,0,1,0,1,1,0,0,0
12026,1607086.0,6,1,1,0,1,0,0,0,0
12027,455625.0,2,1,0,0,1,0,1,0,0
12027,585625.0,3,1,0,0,1,0,1,0,0
12028,281250.0,2,0,1,0,1,0,1,0,0
12028,307400.0,2,0,1,0,1,0,0,0,0
12029,330883.0,2,0,1,0,1,0,1,0,0
12030,409866.0,2,0,1,0,1,0,0,0,0
12031,409866.0,2,0,1,0,1,0,0,0,0
12031,459559.0,2,0,1,0,1,0,1,0,0
12032,281073.0,2,0,1,0,1,0,1,0,0
12033,401712.0,4,0,1,0,1,0,1,0,0
12034,366504.0,2,0,0,0,0,1,0,0,0
12035,1251527.0,2,0,0,0,0,1,0,0,0
12036,309722.0,2,0,0,0,0,1,0,0,0
12037,378966.0,2,0,0,0,0,1,0,0,0
12038,227273.0,2,0,1,0,1,0,1,0,0
12039,272727.0,2,0,1,0,1,0,1,0,0
12040,363636.0,4,0,1,0,1,0,1,0,0
12041,720074.0,2,1,1,0,1,1,0,0,0
12042,522733.0,2,1,0,0,1,1,0,0,0
12043,220538.0,2,0,1,0,1,0,1,0,0
12044,270886.0,2,0,1,0,1,0,1,0,0
12045,273589.0,4,0,1,0,1,0,1,0,0
12046,202703.0,2,0,1,0,1,0,1,0,0
12047,283784.0,4,0,1,0,1,0,1,0,0
