"hotel_id";"hotel_name";"hotel_address";"room_type_name";"option_name";"option_price";"1 giường lớn";"1 giường đôi";"1 giường đôi hoặc 2 giường đơn";"1 giường đôi lớn";"1 giường đôi lớn & 1 giường đôi lớn & 1 giường đơn";"1 giường đôi lớn / 1 giường đôi lớn / 1 giường đôi lớn / 1 giường đôi lớn";"1 giường đôi lớn / 1 giường đơn / 2 giường đơn / 1 giường lớn";"1 giường đôi lớn và 1 giường lớn";"1 giường đôi và 4 giường lớn";"1 giường đơn";"1 giường đơn và 1 giường đôi";"1 giường đơn và 1 giường đôi lớn";"1 giường đơn và 1 giường đôi lớn & 1 nệm futon";"1 giường đơn và 2 giường đôi";"1 giường đơn và 2 giường đôi lớn";"1 nệm futon";"1 phòng tắm";"100 m²";"14 m²";"15 m²";"18 m²";"2 giường lớn";"2 giường đôi";"2 giường đôi & 2 giường đôi";"2 giường đôi lớn";"2 giường đôi lớn & 4 giường đôi nhỏ & 2 giường đơn & 2 giường đôi nhỏ";"2 giường đôi lớn / 1 giường đơn";"2 giường đơn";"2 phòng ngủ";"2 phòng tắm";"20 m²";"21 m²";"22 m²";"24 m²";"25 m²";"26 m²";"28 m²";"3 giường đôi lớn";"3 giường đơn";"3 giường đơn và 1 giường đôi";"3 phòng ngủ";"3 phòng tắm";"30 m²";"300 m²";"35 m²";"37 m²";"4 phòng ngủ";"4 phòng tắm";"40 m²";"50 m²";"65 m²";"Ban công/sân hiên";"Bể bơi riêng";"Bồn tắm";"Bồn tắm tạo sóng";"Bồn tắm/vòi sen riêng";"Cho phép hút thuốc";"Chăn điện";"Cà phê hòa tan miễn phí";"Cửa sổ";"Diện tích phòng: 100 m²";"Diện tích phòng: 150 m²";"Diện tích phòng: 20 m²";"Diện tích phòng: 21 m²";"Diện tích phòng: 25 m²";"Diện tích phòng: 30 m²";"Diện tích phòng: 35 m²";"Diện tích phòng: 45 m²";"Diện tích phòng: 75 m²";"Giường cực dài";"Hướng Hồ";"Hướng Ngoài trời";"Hướng Núi";"Hướng Sông";"Hướng Thành phố";"Hướng Vườn";"Hướng Đường phố";"Không hút thuốc";"Máy sấy tóc";"Nước đóng chai miễn phí";"Phòng thay đồ";"Phòng tắm chung";"Phòng tắm đứng";"Quạt";"Rèm che ánh sáng";"Studio/1 phòng ngủ";"Trái cây/đồ ăn vặt";"Tối đa 1 người lớn";"Tối đa 10 người lớn";"Tối đa 2 người lớn";"Tối đa 2 người lớn, 1 bé (0-1 tuổi) ở MIỄN PHÍ!";"Tối đa 2 người lớn, 1 bé (0-5 tuổi) ở MIỄN PHÍ!";"Tối đa 2 người lớn, 1 bé (0-6 tuổi) ở MIỄN PHÍ!";"Tối đa 2 người lớn, 1 bé (1-6 tuổi) ở MIỄN PHÍ!";"Tối đa 2 người lớn, 3 bé (0-15 tuổi) ở MIỄN PHÍ!";"Tối đa 3 người lớn";"Tối đa 3 người lớn, 1 bé (0-1 tuổi) ở MIỄN PHÍ!";"Tối đa 3 người lớn, 1 bé (0-5 tuổi) ở MIỄN PHÍ!";"Tối đa 3 người lớn, 2 bé (0-10 tuổi) ở MIỄN PHÍ!";"Tối đa 4 người lớn";"Tối đa 4 người lớn, 2 bé (0-5 tuổi) ở MIỄN PHÍ!";"Tối đa 5 người lớn";"Tối đa 6 người lớn";"Tối đa 8 người lớn, 4 bé (0-5 tuổi) ở MIỄN PHÍ!";"Tủ lạnh";"Tủ lạnh nhỏ trong phòng";"Tủ quần áo";"Vòi sen";"Wi-Fi [miễn phí]";"phòng tắm riêng";"tầng cao";"tầng trệt";"Điều hòa";"Điều hòa cá nhân";"Được vào phòng chờ Thương Gia";"Đồ dùng cho giấc ngủ thoải mái";"Đồ gỗ ngoài trời";"Ấm nước";"Ấm nước điện"
"73282";"Khách sạn Mường Thanh Grand Điện Biên Phủ (Mường Thanh Grand Dien Bien Phu Hotel)";"Số 514 Đường Võ Nguyên Giáp, Him Lam, Điện Biên Phủ, Điện Biên, Điện Biên Phủ, Điện Biên Phủ, Việt Nam";"Phòng Deluxe 2 Giường Đơn (Deluxe Twin Bed)";"2 người lớn";"907.488";"0";"0";"0";"0";"0";"0";"0";"0";"0";"0";"0";"0";"0";"0";"0";"0";"0";"0";"0";"0";"0";"0";"0";"0";"0";"0";"0";"1";"0";"0";"0";"0";"0";"0";"0";"0";"0";"0";"0";"0";"0";"0";"1";"0";"0";"0";"0";"0";"0";"0";"0";"0";"0";"0";"0";"1";"0";"0";"0";"0";"0";"0";"0";"0";"0";"0";"0";"0";"0";"0";"0";"0";"0";"0";"1";"0";"0";"0";"1";"0";"0";"0";"0";"0";"1";"0";"1";"0";"0";"1";"0";"0";"0";"0";"0";"0";"0";"0";"0";"0";"0";"0";"0";"0";"0";"0";"0";"1";"1";"1";"0";"0";"1";"0";"0";"0";"0";"0";"1"
"73282";"Khách sạn Mường Thanh Grand Điện Biên Phủ (Mường Thanh Grand Dien Bien Phu Hotel)";"Số 514 Đường Võ Nguyên Giáp, Him Lam, Điện Biên Phủ, Điện Biên, Điện Biên Phủ, Điện Biên Phủ, Việt Nam";"Phòng Deluxe 2 Giường Đơn (Deluxe Twin Bed)";"2 người lớn";"927.349";"0";"0";"0";"0";"0";"0";"0";"0";"0";"0";"0";"0";"0";"0";"0";"0";"0";"0";"0";"0";"0";"0";"0";"0";"0";"0";"0";"1";"0";"0";"0";"0";"0";"0";"0";"0";"0";"0";"0";"0";"0";"0";"1";"0";"0";"0";"0";"0";"0";"0";"0";"0";"0";"0";"0";"1";"0";"0";"0";"0";"0";"0";"0";"0";"0";"0";"0";"0";"0";"0";"0";"0";"0";"0";"1";"0";"0";"0";"1";"0";"0";"0";"0";"0";"1";"0";"1";"0";"0";"1";"0";"0";"0";"0";"0";"0";"0";"0";"0";"0";"0";"0";"0";"0";"0";"0";"0";"1";"1";"1";"0";"0";"1";"0";"0";"0";"0";"0";"1"
"73282";"Khách sạn Mường Thanh Grand Điện Biên Phủ (Mường Thanh Grand Dien Bien Phu Hotel)";"Số 514 Đường Võ Nguyên Giáp, Him Lam, Điện Biên Phủ, Điện Biên, Điện Biên Phủ, Điện Biên Phủ, Việt Nam";"Phòng Deluxe 2 Giường Đơn (Deluxe Twin Bed)";"2 người lớn";"1.161.679";"0";"0";"0";"0";"0";"0";"0";"0";"0";"0";"0";"0";"0";"0";"0";"0";"0";"0";"0";"0";"0";"0";"0";"0";"0";"0";"0";"1";"0";"0";"0";"0";"0";"0";"0";"0";"0";"0";"0";"0";"0";"0";"1";"0";"0";"0";"0";"0";"0";"0";"0";"0";"0";"0";"0";"1";"0";"0";"0";"0";"0";"0";"0";"0";"0";"0";"0";"0";"0";"0";"0";"0";"0";"0";"1";"0";"0";"0";"1";"0";"0";"0";"0";"0";"1";"0";"1";"0";"0";"1";"0";"0";"0";"0";"0";"0";"0";"0";"0";"0";"0";"0";"0";"0";"0";"0";"0";"1";"1";"1";"0";"0";"1";"0";"0";"0";"0";"0";"1"
"73282";"Khách sạn Mường Thanh Grand Điện Biên Phủ (Mường Thanh Grand Dien Bien Phu Hotel)";"Số 514 Đường Võ Nguyên Giáp, Him Lam, Điện Biên Phủ, Điện Biên, Điện Biên Phủ, Điện Biên Phủ, Việt Nam";"Phòng Deluxe Giường đôi (Deluxe Double Bed)";"2 người lớn";"907.488";"0";"1";"0";"0";"0";"0";"0";"0";"0";"0";"0";"0";"0";"0";"0";"0";"0";"0";"0";"0";"0";"0";"0";"0";"0";"0";"0";"0";"0";"0";"0";"0";"0";"0";"0";"0";"0";"0";"0";"0";"0";"0";"1";"0";"0";"0";"0";"0";"0";"0";"0";"0";"0";"0";"0";"1";"0";"0";"0";"0";"0";"0";"0";"0";"0";"0";"0";"0";"0";"0";"0";"0";"0";"0";"1";"0";"0";"0";"1";"0";"0";"0";"0";"0";"1";"0";"1";"0";"0";"1";"0";"0";"0";"0";"0";"0";"0";"0";"0";"0";"0";"0";"0";"0";"0";"0";"0";"1";"1";"1";"0";"0";"1";"0";"0";"0";"0";"0";"1"
"73282";"Khách sạn Mường Thanh Grand Điện Biên Phủ (Mường Thanh Grand Dien Bien Phu Hotel)";"Số 514 Đường Võ Nguyên Giáp, Him Lam, Điện Biên Phủ, Điện Biên, Điện Biên Phủ, Điện Biên Phủ, Việt Nam";"Phòng Deluxe Giường đôi (Deluxe Double Bed)";"2 người lớn";"927.349";"0";"1";"0";"0";"0";"0";"0";"0";"0";"0";"0";"0";"0";"0";"0";"0";"0";"0";"0";"0";"0";"0";"0";"0";"0";"0";"0";"0";"0";"0";"0";"0";"0";"0";"0";"0";"0";"0";"0";"0";"0";"0";"1";"0";"0";"0";"0";"0";"0";"0";"0";"0";"0";"0";"0";"1";"0";"0";"0";"0";"0";"0";"0";"0";"0";"0";"0";"0";"0";"0";"0";"0";"0";"0";"1";"0";"0";"0";"1";"0";"0";"0";"0";"0";"1";"0";"1";"0";"0";"1";"0";"0";"0";"0";"0";"0";"0";"0";"0";"0";"0";"0";"0";"0";"0";"0";"0";"1";"1";"1";"0";"0";"1";"0";"0";"0";"0";"0";"1"
"73282";"Khách sạn Mường Thanh Grand Điện Biên Phủ (Mường Thanh Grand Dien Bien Phu Hotel)";"Số 514 Đường Võ Nguyên Giáp, Him Lam, Điện Biên Phủ, Điện Biên, Điện Biên Phủ, Điện Biên Phủ, Việt Nam";"Phòng Deluxe Giường đôi (Deluxe Double Bed)";"2 người lớn";"1.161.679";"0";"1";"0";"0";"0";"0";"0";"0";"0";"0";"0";"0";"0";"0";"0";"0";"0";"0";"0";"0";"0";"0";"0";"0";"0";"0";"0";"0";"0";"0";"0";"0";"0";"0";"0";"0";"0";"0";"0";"0";"0";"0";"1";"0";"0";"0";"0";"0";"0";"0";"0";"0";"0";"0";"0";"1";"0";"0";"0";"0";"0";"0";"0";"0";"0";"0";"0";"0";"0";"0";"0";"0";"0";"0";"1";"0";"0";"0";"1";"0";"0";"0";"0";"0";"1";"0";"1";"0";"0";"1";"0";"0";"0";"0";"0";"0";"0";"0";"0";"0";"0";"0";"0";"0";"0";"0";"0";"1";"1";"1";"0";"0";"1";"0";"0";"0";"0";"0";"1"
"70924964";"Khách sạn Mường Thanh Luxury Điện Biên";"42 Trần Đăng Ninh, Thanh Bình, 12, Điện Biên Phủ, Điện Biên Phủ, Việt Nam, 32000";"Phòng Deluxe 2 Giường đơn (Deluxe Twin)";"2 người lớn";"1.236.485";"0";"0";"0";"0";"0";"0";"0";"0";"0";"0";"0";"0";"0";"0";"0";"0";"0";"0";"0";"0";"0";"0";"0";"0";"0";"0";"0";"0";"0";"0";"0";"0";"0";"0";"0";"0";"0";"0";"0";"0";"0";"0";"1";"0";"0";"0";"0";"0";"0";"0";"0";"0";"0";"0";"0";"0";"0";"0";"0";"1";"0";"0";"0";"0";"0";"0";"0";"0";"0";"0";"0";"0";"0";"0";"1";"0";"0";"0";"1";"1";"0";"0";"0";"0";"1";"0";"0";"0";"0";"1";"0";"0";"0";"0";"0";"0";"0";"0";"0";"0";"0";"0";"0";"0";"0";"1";"0";"1";"1";"1";"0";"0";"1";"0";"0";"0";"0";"0";"0"
"70924964";"Khách sạn Mường Thanh Luxury Điện Biên";"42 Trần Đăng Ninh, Thanh Bình, 12, Điện Biên Phủ, Điện Biên Phủ, Việt Nam, 32000";"Phòng Deluxe 2 Giường đơn (Deluxe Twin)";"2 người lớn";"1.553.635";"0";"0";"0";"0";"0";"0";"0";"0";"0";"0";"0";"0";"0";"0";"0";"0";"0";"0";"0";"0";"0";"0";"0";"0";"0";"0";"0";"0";"0";"0";"0";"0";"0";"0";"0";"0";"0";"0";"0";"0";"0";"0";"1";"0";"0";"0";"0";"0";"0";"0";"0";"0";"0";"0";"0";"0";"0";"0";"0";"1";"0";"0";"0";"0";"0";"0";"0";"0";"0";"0";"0";"0";"0";"0";"1";"0";"0";"0";"1";"1";"0";"0";"0";"0";"1";"0";"0";"0";"0";"1";"0";"0";"0";"0";"0";"0";"0";"0";"0";"0";"0";"0";"0";"0";"0";"1";"0";"1";"1";"1";"0";"0";"1";"0";"0";"0";"0";"0";"0"
"70924964";"Khách sạn Mường Thanh Luxury Điện Biên";"42 Trần Đăng Ninh, Thanh Bình, 12, Điện Biên Phủ, Điện Biên Phủ, Việt Nam, 32000";"Deluxe giường đôi (Deluxe Double)";"2 người lớn";"1.236.485";"0";"0";"0";"0";"0";"0";"0";"0";"0";"0";"0";"0";"0";"0";"0";"0";"0";"0";"0";"0";"0";"0";"0";"0";"0";"0";"0";"0";"0";"0";"0";"0";"0";"0";"0";"0";"0";"0";"0";"0";"0";"0";"1";"0";"0";"0";"0";"0";"0";"0";"0";"0";"0";"0";"0";"0";"0";"0";"0";"1";"0";"0";"0";"0";"0";"0";"0";"0";"0";"0";"0";"0";"0";"0";"1";"0";"0";"0";"1";"1";"0";"0";"0";"0";"1";"0";"0";"0";"0";"1";"0";"0";"0";"0";"0";"0";"0";"0";"0";"0";"0";"0";"0";"0";"0";"1";"0";"1";"1";"1";"0";"0";"1";"0";"0";"0";"0";"0";"0"
"70924964";"Khách sạn Mường Thanh Luxury Điện Biên";"42 Trần Đăng Ninh, Thanh Bình, 12, Điện Biên Phủ, Điện Biên Phủ, Việt Nam, 32000";"Deluxe giường đôi (Deluxe Double)";"2 người lớn";"1.553.635";"0";"0";"0";"0";"0";"0";"0";"0";"0";"0";"0";"0";"0";"0";"0";"0";"0";"0";"0";"0";"0";"0";"0";"0";"0";"0";"0";"0";"0";"0";"0";"0";"0";"0";"0";"0";"0";"0";"0";"0";"0";"0";"1";"0";"0";"0";"0";"0";"0";"0";"0";"0";"0";"0";"0";"0";"0";"0";"0";"1";"0";"0";"0";"0";"0";"0";"0";"0";"0";"0";"0";"0";"0";"0";"1";"0";"0";"0";"1";"1";"0";"0";"0";"0";"1";"0";"0";"0";"0";"1";"0";"0";"0";"0";"0";"0";"0";"0";"0";"0";"0";"0";"0";"0";"0";"1";"0";"1";"1";"1";"0";"0";"1";"0";"0";"0";"0";"0";"0"
"55271393";"Nhà riêng 200 m² 4 phòng ngủ, 3 phòng tắm riêng ở Điện Biên Phủ (A Thía homestay)";"Tổ 11, phường Nam Thanh, Điện Biên Phủ, Điện Biên Phủ, Việt Nam, 32000";"Phòng Tiêu Chuẩn 2 Giường Đơn Nhìn Ra Khu Vườn (Standard Twin Room with Garden View)";"2 người lớn";"407.407";"0";"0";"0";"0";"0";"0";"0";"0";"0";"0";"0";"0";"0";"0";"0";"0";"0";"0";"0";"1";"0";"0";"0";"0";"0";"0";"0";"1";"0";"0";"0";"0";"0";"0";"0";"0";"0";"0";"0";"0";"0";"0";"0";"0";"0";"0";"0";"0";"0";"0";"0";"1";"1";"0";"0";"0";"0";"0";"0";"0";"0";"0";"0";"0";"0";"0";"0";"0";"0";"1";"0";"0";"0";"0";"0";"1";"0";"0";"1";"0";"0";"1";"0";"0";"0";"0";"0";"0";"0";"1";"0";"0";"0";"0";"0";"0";"0";"0";"0";"0";"0";"0";"0";"0";"0";"1";"0";"1";"0";"0";"0";"0";"0";"0";"0";"1";"0";"0";"1"
"55271393";"Nhà riêng 200 m² 4 phòng ngủ, 3 phòng tắm riêng ở Điện Biên Phủ (A Thía homestay)";"Tổ 11, phường Nam Thanh, Điện Biên Phủ, Điện Biên Phủ, Việt Nam, 32000";"Phòng Tiêu Chuẩn 2 Giường Đơn Nhìn Ra Khu Vườn (Standard Twin Room with Garden View)";"1 người lớn Vượt quá sức chứa phòng";"366.667";"0";"0";"0";"0";"0";"0";"0";"0";"0";"0";"0";"0";"0";"0";"0";"0";"0";"0";"0";"1";"0";"0";"0";"0";"0";"0";"0";"1";"0";"0";"0";"0";"0";"0";"0";"0";"0";"0";"0";"0";"0";"0";"0";"0";"0";"0";"0";"0";"0";"0";"0";"1";"1";"0";"0";"0";"0";"0";"0";"0";"0";"0";"0";"0";"0";"0";"0";"0";"0";"1";"0";"0";"0";"0";"0";"1";"0";"0";"1";"0";"0";"1";"0";"0";"0";"0";"0";"0";"0";"1";"0";"0";"0";"0";"0";"0";"0";"0";"0";"0";"0";"0";"0";"0";"0";"1";"0";"1";"0";"0";"0";"0";"0";"0";"0";"1";"0";"0";"1"
"55271393";"Nhà riêng 200 m² 4 phòng ngủ, 3 phòng tắm riêng ở Điện Biên Phủ (A Thía homestay)";"Tổ 11, phường Nam Thanh, Điện Biên Phủ, Điện Biên Phủ, Việt Nam, 32000";"Phòng Superior Có Giường Cỡ King (Superior King Room)";"2 người lớn";"462.963";"1";"0";"0";"0";"0";"0";"0";"0";"0";"0";"0";"0";"0";"0";"0";"0";"0";"0";"0";"0";"0";"0";"0";"0";"0";"0";"0";"0";"0";"0";"0";"0";"0";"0";"1";"0";"0";"0";"0";"0";"0";"0";"0";"0";"0";"0";"0";"0";"0";"0";"0";"1";"1";"0";"0";"0";"0";"0";"0";"0";"0";"0";"0";"0";"0";"0";"0";"0";"0";"1";"0";"0";"1";"0";"0";"0";"0";"0";"1";"0";"0";"1";"0";"0";"0";"0";"0";"0";"0";"1";"0";"0";"0";"0";"0";"0";"0";"0";"0";"0";"0";"0";"0";"0";"0";"1";"0";"1";"0";"0";"0";"0";"0";"0";"0";"1";"0";"0";"1"
"55271393";"Nhà riêng 200 m² 4 phòng ngủ, 3 phòng tắm riêng ở Điện Biên Phủ (A Thía homestay)";"Tổ 11, phường Nam Thanh, Điện Biên Phủ, Điện Biên Phủ, Việt Nam, 32000";"Phòng Superior Có Giường Cỡ King (Superior King Room)";"1 người lớn Vượt quá sức chứa phòng";"416.667";"1";"0";"0";"0";"0";"0";"0";"0";"0";"0";"0";"0";"0";"0";"0";"0";"0";"0";"0";"0";"0";"0";"0";"0";"0";"0";"0";"0";"0";"0";"0";"0";"0";"0";"1";"0";"0";"0";"0";"0";"0";"0";"0";"0";"0";"0";"0";"0";"0";"0";"0";"1";"1";"0";"0";"0";"0";"0";"0";"0";"0";"0";"0";"0";"0";"0";"0";"0";"0";"1";"0";"0";"1";"0";"0";"0";"0";"0";"1";"0";"0";"1";"0";"0";"0";"0";"0";"0";"0";"1";"0";"0";"0";"0";"0";"0";"0";"0";"0";"0";"0";"0";"0";"0";"0";"1";"0";"1";"0";"0";"0";"0";"0";"0";"0";"1";"0";"0";"1"
"45929653";"Thịnh Vượng HoTel (Thinh Vuong HoTel)";"Số 20 , Phan Đình Giót, Điện Biên Phủ, Điện Biên Phủ, Việt Nam";"Phòng 3 Người Nhìn Ra Thành Phố (Triple Room with City View)";"2 người lớn";"583.333";"0";"0";"0";"0";"0";"0";"0";"0";"0";"0";"0";"1";"0";"0";"0";"0";"0";"0";"0";"0";"0";"0";"0";"0";"0";"0";"0";"0";"0";"0";"0";"0";"0";"0";"0";"1";"0";"0";"0";"0";"0";"0";"0";"0";"0";"0";"0";"0";"0";"0";"0";"0";"0";"0";"0";"0";"0";"0";"0";"0";"0";"0";"0";"0";"0";"0";"0";"0";"0";"1";"0";"1";"0";"0";"0";"0";"0";"0";"1";"1";"0";"0";"0";"0";"0";"0";"0";"0";"0";"0";"0";"0";"0";"0";"0";"1";"0";"0";"0";"0";"0";"0";"0";"0";"1";"0";"0";"1";"0";"1";"0";"0";"1";"0";"0";"1";"0";"0";"1"
"45929653";"Thịnh Vượng HoTel (Thinh Vuong HoTel)";"Số 20 , Phan Đình Giót, Điện Biên Phủ, Điện Biên Phủ, Việt Nam";"Phòng 3 Người Nhìn Ra Thành Phố (Triple Room with City View)";"3 người lớn";"648.148";"0";"0";"0";"0";"0";"0";"0";"0";"0";"0";"0";"1";"0";"0";"0";"0";"0";"0";"0";"0";"0";"0";"0";"0";"0";"0";"0";"0";"0";"0";"0";"0";"0";"0";"0";"1";"0";"0";"0";"0";"0";"0";"0";"0";"0";"0";"0";"0";"0";"0";"0";"0";"0";"0";"0";"0";"0";"0";"0";"0";"0";"0";"0";"0";"0";"0";"0";"0";"0";"1";"0";"1";"0";"0";"0";"0";"0";"0";"1";"1";"0";"0";"0";"0";"0";"0";"0";"0";"0";"0";"0";"0";"0";"0";"0";"1";"0";"0";"0";"0";"0";"0";"0";"0";"1";"0";"0";"1";"0";"1";"0";"0";"1";"0";"0";"1";"0";"0";"1"
"45929653";"Thịnh Vượng HoTel (Thinh Vuong HoTel)";"Số 20 , Phan Đình Giót, Điện Biên Phủ, Điện Biên Phủ, Việt Nam";"Phòng 3 Người Nhìn Ra Thành Phố (Triple Room with City View)";"1 người lớn Vượt quá sức chứa phòng";"550.926";"0";"0";"0";"0";"0";"0";"0";"0";"0";"0";"0";"1";"0";"0";"0";"0";"0";"0";"0";"0";"0";"0";"0";"0";"0";"0";"0";"0";"0";"0";"0";"0";"0";"0";"0";"1";"0";"0";"0";"0";"0";"0";"0";"0";"0";"0";"0";"0";"0";"0";"0";"0";"0";"0";"0";"0";"0";"0";"0";"0";"0";"0";"0";"0";"0";"0";"0";"0";"0";"1";"0";"1";"0";"0";"0";"0";"0";"0";"1";"1";"0";"0";"0";"0";"0";"0";"0";"0";"0";"0";"0";"0";"0";"0";"0";"1";"0";"0";"0";"0";"0";"0";"0";"0";"1";"0";"0";"1";"0";"1";"0";"0";"1";"0";"0";"1";"0";"0";"1"
"45929653";"Thịnh Vượng HoTel (Thinh Vuong HoTel)";"Số 20 , Phan Đình Giót, Điện Biên Phủ, Điện Biên Phủ, Việt Nam";"Phòng 4 Người Có Ban Công (Quadruple Room with Balcony)";"3 người lớn";"833.333";"0";"0";"0";"0";"0";"0";"0";"0";"0";"0";"0";"0";"0";"0";"0";"0";"0";"0";"0";"0";"0";"0";"0";"0";"1";"0";"0";"0";"0";"0";"0";"0";"0";"0";"0";"0";"1";"0";"0";"0";"0";"0";"0";"0";"0";"0";"0";"0";"0";"0";"0";"1";"0";"0";"0";"0";"0";"0";"0";"0";"0";"0";"0";"0";"0";"0";"0";"0";"0";"0";"0";"1";"0";"0";"0";"0";"0";"0";"1";"1";"0";"0";"0";"0";"0";"0";"0";"0";"0";"0";"0";"0";"0";"0";"0";"1";"0";"0";"0";"0";"0";"0";"0";"0";"1";"0";"0";"1";"0";"1";"0";"0";"1";"0";"0";"1";"0";"0";"1"
"45929653";"Thịnh Vượng HoTel (Thinh Vuong HoTel)";"Số 20 , Phan Đình Giót, Điện Biên Phủ, Điện Biên Phủ, Việt Nam";"Phòng 4 Người Có Ban Công (Quadruple Room with Balcony)";"1 người lớn Vượt quá sức chứa phòng";"787.037";"0";"0";"0";"0";"0";"0";"0";"0";"0";"0";"0";"0";"0";"0";"0";"0";"0";"0";"0";"0";"0";"0";"0";"0";"1";"0";"0";"0";"0";"0";"0";"0";"0";"0";"0";"0";"1";"0";"0";"0";"0";"0";"0";"0";"0";"0";"0";"0";"0";"0";"0";"1";"0";"0";"0";"0";"0";"0";"0";"0";"0";"0";"0";"0";"0";"0";"0";"0";"0";"0";"0";"1";"0";"0";"0";"0";"0";"0";"1";"1";"0";"0";"0";"0";"0";"0";"0";"0";"0";"0";"0";"0";"0";"0";"0";"1";"0";"0";"0";"0";"0";"0";"0";"0";"1";"0";"0";"1";"0";"1";"0";"0";"1";"0";"0";"1";"0";"0";"1"
"38396643";"Frontier Hostel & Tours";"8 Lò Văn Hặc, Frontier Hostel, Điện Biên Phủ, Điện Biên Phủ, Việt Nam, 380000";"Phòng Hai Giường Đơn (Twin Room)";"2 người lớn & 1 trẻ em (0-1 tuổi)";"174.474";"0";"0";"0";"0";"0";"0";"0";"0";"0";"0";"0";"0";"0";"0";"0";"0";"0";"0";"1";"0";"0";"0";"0";"0";"0";"0";"0";"1";"0";"0";"0";"0";"0";"0";"0";"0";"0";"0";"0";"0";"0";"0";"0";"0";"0";"0";"0";"0";"0";"0";"0";"1";"0";"0";"0";"0";"0";"0";"0";"0";"0";"0";"0";"0";"0";"0";"0";"0";"0";"0";"0";"0";"0";"0";"0";"0";"0";"1";"0";"1";"0";"0";"0";"0";"0";"0";"0";"0";"0";"0";"1";"0";"0";"0";"0";"0";"0";"0";"0";"0";"0";"0";"0";"0";"1";"0";"1";"1";"1";"1";"0";"0";"1";"0";"0";"0";"0";"0";"0"
"38396643";"Frontier Hostel & Tours";"8 Lò Văn Hặc, Frontier Hostel, Điện Biên Phủ, Điện Biên Phủ, Việt Nam, 380000";"Phòng Đôi (Double Room)";"2 người lớn & 1 trẻ em (0-1 tuổi)";"174.474";"0";"1";"0";"0";"0";"0";"0";"0";"0";"0";"0";"0";"0";"0";"0";"0";"0";"0";"1";"0";"0";"0";"0";"0";"0";"0";"0";"0";"0";"0";"0";"0";"0";"0";"0";"0";"0";"0";"0";"0";"0";"0";"0";"0";"0";"0";"0";"0";"0";"0";"0";"1";"0";"0";"0";"0";"0";"0";"0";"0";"0";"0";"0";"0";"0";"0";"0";"0";"0";"0";"0";"0";"0";"0";"0";"0";"0";"1";"0";"0";"0";"0";"0";"0";"0";"0";"0";"0";"0";"0";"1";"0";"0";"0";"0";"0";"0";"0";"0";"0";"0";"0";"0";"0";"1";"0";"1";"1";"1";"1";"0";"0";"0";"1";"0";"0";"0";"0";"0"
"38396643";"Frontier Hostel & Tours";"8 Lò Văn Hặc, Frontier Hostel, Điện Biên Phủ, Điện Biên Phủ, Việt Nam, 380000";"Phòng Gia Đình Giường Đôi (Family Double Room)";"3 người lớn & 1 trẻ em (0-1 tuổi)";"256.692";"0";"0";"0";"0";"0";"0";"0";"0";"0";"1";"0";"0";"0";"0";"0";"0";"0";"0";"0";"0";"0";"0";"0";"0";"0";"0";"0";"0";"0";"0";"0";"0";"1";"0";"0";"0";"0";"0";"0";"0";"0";"0";"0";"0";"0";"0";"0";"0";"0";"0";"0";"0";"0";"0";"0";"0";"0";"0";"0";"0";"0";"0";"0";"0";"0";"0";"0";"0";"0";"0";"0";"0";"0";"0";"0";"0";"0";"1";"0";"1";"0";"0";"0";"0";"0";"0";"0";"0";"0";"0";"0";"0";"0";"0";"0";"0";"1";"0";"0";"0";"0";"0";"0";"0";"0";"0";"1";"1";"1";"1";"0";"0";"1";"0";"0";"0";"0";"0";"0"
"7464240";"Nhà Nghỉ Đức Thắng (Duc Thang Guest House)";"12, Lò Văn Hặc, Điện Biên Phủ, Điện Biên Phủ, Việt Nam, 32000";"Phòng đôi cơ bản hoặc Phòng 2 giường đơn. (Basic Double or Twin Room)";"2 người lớn";"174.824";"0";"0";"0";"0";"0";"0";"0";"0";"0";"0";"0";"0";"0";"0";"0";"0";"0";"0";"0";"0";"0";"0";"0";"0";"0";"0";"0";"1";"0";"0";"0";"0";"0";"0";"0";"0";"0";"0";"0";"0";"0";"0";"0";"0";"0";"0";"0";"0";"0";"0";"0";"0";"0";"0";"0";"0";"0";"0";"0";"0";"0";"0";"0";"0";"0";"0";"0";"0";"0";"0";"0";"0";"0";"0";"0";"0";"0";"1";"1";"0";"0";"0";"0";"0";"0";"0";"0";"0";"0";"1";"0";"0";"0";"0";"0";"0";"0";"0";"0";"0";"0";"0";"0";"0";"0";"0";"0";"1";"0";"0";"0";"0";"1";"0";"0";"0";"0";"0";"0"
"7464240";"Nhà Nghỉ Đức Thắng (Duc Thang Guest House)";"12, Lò Văn Hặc, Điện Biên Phủ, Điện Biên Phủ, Việt Nam, 32000";"Phòng Đôi (Double Room)";"2 người lớn";"212.500";"0";"1";"0";"0";"0";"0";"0";"0";"0";"0";"0";"0";"0";"0";"0";"0";"0";"0";"0";"0";"0";"0";"0";"0";"0";"0";"0";"0";"0";"0";"1";"0";"0";"0";"0";"0";"0";"0";"0";"0";"0";"0";"0";"0";"0";"0";"0";"0";"0";"0";"0";"1";"0";"0";"0";"0";"0";"1";"0";"0";"0";"0";"0";"0";"0";"0";"0";"0";"0";"0";"0";"0";"0";"0";"1";"0";"0";"0";"1";"0";"0";"0";"0";"0";"0";"0";"0";"0";"0";"1";"0";"0";"0";"0";"0";"0";"0";"0";"0";"0";"0";"0";"0";"0";"0";"1";"1";"1";"1";"1";"0";"0";"0";"0";"0";"0";"0";"0";"1"
"7464240";"Nhà Nghỉ Đức Thắng (Duc Thang Guest House)";"12, Lò Văn Hặc, Điện Biên Phủ, Điện Biên Phủ, Việt Nam, 32000";"Phòng Đôi (Double Room)";"2 người lớn";"233.774";"0";"1";"0";"0";"0";"0";"0";"0";"0";"0";"0";"0";"0";"0";"0";"0";"0";"0";"0";"0";"0";"0";"0";"0";"0";"0";"0";"0";"0";"0";"1";"0";"0";"0";"0";"0";"0";"0";"0";"0";"0";"0";"0";"0";"0";"0";"0";"0";"0";"0";"0";"1";"0";"0";"0";"0";"0";"1";"0";"0";"0";"0";"0";"0";"0";"0";"0";"0";"0";"0";"0";"0";"0";"0";"1";"0";"0";"0";"1";"0";"0";"0";"0";"0";"0";"0";"0";"0";"0";"1";"0";"0";"0";"0";"0";"0";"0";"0";"0";"0";"0";"0";"0";"0";"0";"1";"1";"1";"1";"1";"0";"0";"0";"0";"0";"0";"0";"0";"1"
"7464240";"Nhà Nghỉ Đức Thắng (Duc Thang Guest House)";"12, Lò Văn Hặc, Điện Biên Phủ, Điện Biên Phủ, Việt Nam, 32000";"Phòng Đôi (Double Room)";"1 người lớn & 1 trẻ em (0-17 tuổi) Vượt quá sức chứa phòng";"262.500";"0";"1";"0";"0";"0";"0";"0";"0";"0";"0";"0";"0";"0";"0";"0";"0";"0";"0";"0";"0";"0";"0";"0";"0";"0";"0";"0";"0";"0";"0";"1";"0";"0";"0";"0";"0";"0";"0";"0";"0";"0";"0";"0";"0";"0";"0";"0";"0";"0";"0";"0";"1";"0";"0";"0";"0";"0";"1";"0";"0";"0";"0";"0";"0";"0";"0";"0";"0";"0";"0";"0";"0";"0";"0";"1";"0";"0";"0";"1";"0";"0";"0";"0";"0";"0";"0";"0";"0";"0";"1";"0";"0";"0";"0";"0";"0";"0";"0";"0";"0";"0";"0";"0";"0";"0";"1";"1";"1";"1";"1";"0";"0";"0";"0";"0";"0";"0";"0";"1"
"7464240";"Nhà Nghỉ Đức Thắng (Duc Thang Guest House)";"12, Lò Văn Hặc, Điện Biên Phủ, Điện Biên Phủ, Việt Nam, 32000";"Phòng Hai Giường Đơn Tiêu Chuẩn - Không Hút Thuốc (Standard Class Twin Room Non-Smoking)";"2 người lớn";"212.500";"0";"0";"0";"0";"0";"0";"0";"0";"0";"0";"0";"0";"0";"0";"0";"0";"0";"0";"0";"0";"0";"0";"0";"0";"0";"0";"0";"1";"0";"0";"0";"0";"0";"0";"1";"0";"0";"0";"0";"0";"0";"0";"0";"0";"0";"0";"0";"0";"0";"0";"0";"1";"0";"0";"0";"0";"0";"1";"0";"0";"0";"0";"0";"0";"0";"0";"0";"0";"0";"0";"0";"1";"0";"0";"0";"0";"0";"0";"0";"0";"0";"0";"0";"0";"0";"0";"0";"0";"0";"1";"0";"0";"0";"0";"0";"0";"0";"0";"0";"0";"0";"0";"0";"0";"0";"1";"1";"1";"1";"1";"1";"0";"0";"0";"0";"0";"0";"0";"1"
"7464240";"Nhà Nghỉ Đức Thắng (Duc Thang Guest House)";"12, Lò Văn Hặc, Điện Biên Phủ, Điện Biên Phủ, Việt Nam, 32000";"Phòng Hai Giường Đơn Tiêu Chuẩn - Không Hút Thuốc (Standard Class Twin Room Non-Smoking)";"1 người lớn Vượt quá sức chứa phòng";"225.000";"0";"0";"0";"0";"0";"0";"0";"0";"0";"0";"0";"0";"0";"0";"0";"0";"0";"0";"0";"0";"0";"0";"0";"0";"0";"0";"0";"1";"0";"0";"0";"0";"0";"0";"1";"0";"0";"0";"0";"0";"0";"0";"0";"0";"0";"0";"0";"0";"0";"0";"0";"1";"0";"0";"0";"0";"0";"1";"0";"0";"0";"0";"0";"0";"0";"0";"0";"0";"0";"0";"0";"1";"0";"0";"0";"0";"0";"0";"0";"0";"0";"0";"0";"0";"0";"0";"0";"0";"0";"1";"0";"0";"0";"0";"0";"0";"0";"0";"0";"0";"0";"0";"0";"0";"0";"1";"1";"1";"1";"1";"1";"0";"0";"0";"0";"0";"0";"0";"1"
"7956476";"An loc hotel";"Tổ 11,phường mường thanh,thành phố điện biên phủ Số 39,đường nguyễn chí thanh ,thành phố điện biên phủ, Điện Biên Phủ, Điện Biên Phủ, Việt Nam";"Phòng Đôi Cao Cấp (Superior Double Room)";"2 người lớn";"349.206";"0";"0";"0";"1";"0";"0";"0";"0";"0";"0";"0";"0";"0";"0";"0";"0";"0";"0";"0";"0";"0";"0";"0";"0";"0";"0";"0";"0";"0";"0";"1";"0";"0";"0";"0";"0";"0";"0";"0";"0";"0";"0";"0";"0";"0";"0";"0";"0";"0";"0";"0";"0";"0";"0";"0";"0";"0";"0";"0";"0";"0";"0";"0";"0";"0";"0";"0";"0";"0";"0";"0";"0";"0";"0";"0";"0";"0";"0";"1";"1";"1";"0";"1";"0";"0";"0";"0";"0";"0";"1";"0";"0";"0";"0";"0";"0";"0";"0";"0";"0";"0";"0";"0";"0";"1";"0";"0";"0";"0";"1";"0";"0";"1";"0";"0";"1";"0";"0";"1"
"7956476";"An loc hotel";"Tổ 11,phường mường thanh,thành phố điện biên phủ Số 39,đường nguyễn chí thanh ,thành phố điện biên phủ, Điện Biên Phủ, Điện Biên Phủ, Việt Nam";"Phòng Superior Gia Đình (Superior Family Room)";"4 người lớn & 2 trẻ em (0-5 tuổi)";"523.810";"0";"0";"0";"0";"0";"0";"0";"0";"0";"0";"0";"0";"0";"0";"0";"0";"0";"0";"0";"0";"0";"1";"0";"0";"0";"0";"0";"0";"0";"0";"0";"0";"0";"0";"0";"0";"1";"0";"0";"0";"0";"0";"0";"0";"0";"0";"0";"0";"0";"0";"0";"0";"0";"0";"0";"0";"0";"0";"0";"1";"0";"0";"0";"0";"0";"0";"0";"0";"0";"0";"0";"0";"1";"0";"0";"0";"0";"0";"1";"1";"0";"0";"1";"0";"0";"0";"0";"0";"0";"0";"0";"0";"0";"0";"0";"0";"0";"0";"0";"0";"1";"0";"0";"0";"1";"0";"0";"0";"0";"1";"0";"0";"1";"0";"0";"1";"0";"0";"1"
"72815399";"Mường Thanh Luxury Điện Biên (Muong Thanh Luxury Đien Bien)";"Điện Biên Phủ, Điện Biên Phủ, Điện Biên Phủ, Việt Nam, 380000";"Phòng Hai Giường Đơn Loại Sang (Deluxe Twin Room)";"2 người lớn";"1.175.392";"0";"0";"0";"0";"0";"0";"0";"0";"0";"0";"0";"0";"0";"0";"0";"0";"0";"0";"0";"0";"0";"0";"0";"0";"0";"0";"0";"1";"0";"0";"0";"0";"0";"0";"0";"0";"0";"0";"0";"0";"0";"0";"1";"0";"0";"0";"0";"0";"0";"0";"0";"0";"0";"1";"0";"0";"0";"0";"0";"0";"0";"0";"0";"0";"0";"0";"0";"0";"0";"0";"0";"1";"0";"0";"0";"0";"0";"0";"1";"0";"0";"0";"0";"0";"0";"0";"0";"0";"0";"1";"0";"0";"0";"0";"0";"0";"0";"0";"0";"0";"0";"0";"0";"0";"1";"1";"0";"1";"0";"1";"0";"0";"1";"0";"0";"1";"0";"0";"1"
"72815399";"Mường Thanh Luxury Điện Biên (Muong Thanh Luxury Đien Bien)";"Điện Biên Phủ, Điện Biên Phủ, Điện Biên Phủ, Việt Nam, 380000";"Phòng Hai Giường Đơn Loại Sang (Deluxe Twin Room)";"2 người lớn";"1.269.591";"0";"0";"0";"0";"0";"0";"0";"0";"0";"0";"0";"0";"0";"0";"0";"0";"0";"0";"0";"0";"0";"0";"0";"0";"0";"0";"0";"1";"0";"0";"0";"0";"0";"0";"0";"0";"0";"0";"0";"0";"0";"0";"1";"0";"0";"0";"0";"0";"0";"0";"0";"0";"0";"1";"0";"0";"0";"0";"0";"0";"0";"0";"0";"0";"0";"0";"0";"0";"0";"0";"0";"1";"0";"0";"0";"0";"0";"0";"1";"0";"0";"0";"0";"0";"0";"0";"0";"0";"0";"1";"0";"0";"0";"0";"0";"0";"0";"0";"0";"0";"0";"0";"0";"0";"1";"1";"0";"1";"0";"1";"0";"0";"1";"0";"0";"1";"0";"0";"1"
"72815399";"Mường Thanh Luxury Điện Biên (Muong Thanh Luxury Đien Bien)";"Điện Biên Phủ, Điện Biên Phủ, Điện Biên Phủ, Việt Nam, 380000";"Phòng Hai Giường Đơn Loại Sang (Deluxe Twin Room)";"2 người lớn";"2.500.000";"0";"0";"0";"0";"0";"0";"0";"0";"0";"0";"0";"0";"0";"0";"0";"0";"0";"0";"0";"0";"0";"0";"0";"0";"0";"0";"0";"1";"0";"0";"0";"0";"0";"0";"0";"0";"0";"0";"0";"0";"0";"0";"1";"0";"0";"0";"0";"0";"0";"0";"0";"0";"0";"1";"0";"0";"0";"0";"0";"0";"0";"0";"0";"0";"0";"0";"0";"0";"0";"0";"0";"1";"0";"0";"0";"0";"0";"0";"1";"0";"0";"0";"0";"0";"0";"0";"0";"0";"0";"1";"0";"0";"0";"0";"0";"0";"0";"0";"0";"0";"0";"0";"0";"0";"1";"1";"0";"1";"0";"1";"0";"0";"1";"0";"0";"1";"0";"0";"1"
"72815399";"Mường Thanh Luxury Điện Biên (Muong Thanh Luxury Đien Bien)";"Điện Biên Phủ, Điện Biên Phủ, Điện Biên Phủ, Việt Nam, 380000";"Phòng Hai Giường Đơn Loại Sang (Deluxe Twin Room)";"2 người lớn";"2.777.421";"0";"0";"0";"0";"0";"0";"0";"0";"0";"0";"0";"0";"0";"0";"0";"0";"0";"0";"0";"0";"0";"0";"0";"0";"0";"0";"0";"1";"0";"0";"0";"0";"0";"0";"0";"0";"0";"0";"0";"0";"0";"0";"1";"0";"0";"0";"0";"0";"0";"0";"0";"0";"0";"1";"0";"0";"0";"0";"0";"0";"0";"0";"0";"0";"0";"0";"0";"0";"0";"0";"0";"1";"0";"0";"0";"0";"0";"0";"1";"0";"0";"0";"0";"0";"0";"0";"0";"0";"0";"1";"0";"0";"0";"0";"0";"0";"0";"0";"0";"0";"0";"0";"0";"0";"1";"1";"0";"1";"0";"1";"0";"0";"1";"0";"0";"1";"0";"0";"1"
"72815399";"Mường Thanh Luxury Điện Biên (Muong Thanh Luxury Đien Bien)";"Điện Biên Phủ, Điện Biên Phủ, Điện Biên Phủ, Việt Nam, 380000";"Phòng Deluxe Có Giường Cỡ King (Deluxe King Room)";"2 người lớn";"1.175.392";"1";"0";"0";"0";"0";"0";"0";"0";"0";"0";"0";"0";"0";"0";"0";"0";"0";"0";"0";"0";"0";"0";"0";"0";"0";"0";"0";"0";"0";"0";"0";"0";"0";"0";"0";"0";"0";"0";"0";"0";"0";"0";"1";"0";"0";"0";"0";"0";"0";"0";"0";"0";"0";"1";"0";"0";"0";"0";"0";"0";"0";"0";"0";"0";"0";"0";"0";"0";"0";"0";"0";"1";"0";"0";"0";"0";"0";"0";"1";"0";"0";"0";"0";"0";"0";"0";"0";"0";"0";"1";"0";"0";"0";"0";"0";"0";"0";"0";"0";"0";"0";"0";"0";"0";"1";"1";"0";"1";"0";"1";"0";"0";"1";"0";"0";"1";"0";"0";"1"
"72815399";"Mường Thanh Luxury Điện Biên (Muong Thanh Luxury Đien Bien)";"Điện Biên Phủ, Điện Biên Phủ, Điện Biên Phủ, Việt Nam, 380000";"Phòng Deluxe Có Giường Cỡ King (Deluxe King Room)";"2 người lớn";"2.500.000";"1";"0";"0";"0";"0";"0";"0";"0";"0";"0";"0";"0";"0";"0";"0";"0";"0";"0";"0";"0";"0";"0";"0";"0";"0";"0";"0";"0";"0";"0";"0";"0";"0";"0";"0";"0";"0";"0";"0";"0";"0";"0";"1";"0";"0";"0";"0";"0";"0";"0";"0";"0";"0";"1";"0";"0";"0";"0";"0";"0";"0";"0";"0";"0";"0";"0";"0";"0";"0";"0";"0";"1";"0";"0";"0";"0";"0";"0";"1";"0";"0";"0";"0";"0";"0";"0";"0";"0";"0";"1";"0";"0";"0";"0";"0";"0";"0";"0";"0";"0";"0";"0";"0";"0";"1";"1";"0";"1";"0";"1";"0";"0";"1";"0";"0";"1";"0";"0";"1"
"72815399";"Mường Thanh Luxury Điện Biên (Muong Thanh Luxury Đien Bien)";"Điện Biên Phủ, Điện Biên Phủ, Điện Biên Phủ, Việt Nam, 380000";"Phòng Deluxe Có Giường Cỡ King (Deluxe King Room)";"1 người lớn Vượt quá sức chứa phòng";"2.250.000";"1";"0";"0";"0";"0";"0";"0";"0";"0";"0";"0";"0";"0";"0";"0";"0";"0";"0";"0";"0";"0";"0";"0";"0";"0";"0";"0";"0";"0";"0";"0";"0";"0";"0";"0";"0";"0";"0";"0";"0";"0";"0";"1";"0";"0";"0";"0";"0";"0";"0";"0";"0";"0";"1";"0";"0";"0";"0";"0";"0";"0";"0";"0";"0";"0";"0";"0";"0";"0";"0";"0";"1";"0";"0";"0";"0";"0";"0";"1";"0";"0";"0";"0";"0";"0";"0";"0";"0";"0";"1";"0";"0";"0";"0";"0";"0";"0";"0";"0";"0";"0";"0";"0";"0";"1";"1";"0";"1";"0";"1";"0";"0";"1";"0";"0";"1";"0";"0";"1"
"7392620";"Khách Sạn Pharma (Pharma Hotel)";"Tổ 7 Phường Tân Thanh, Điện Biên Phủ, Điện Biên Phủ, Việt Nam, 321110";"Phòng Tiêu Chuẩn Giường Đôi (Standard Double Room)";"2 người lớn";"462.963";"0";"0";"0";"1";"0";"0";"0";"0";"0";"0";"0";"0";"0";"0";"0";"0";"0";"0";"0";"0";"1";"0";"0";"0";"0";"0";"0";"0";"0";"0";"0";"0";"0";"0";"0";"0";"0";"0";"0";"0";"0";"0";"0";"0";"0";"0";"0";"0";"0";"0";"0";"1";"0";"0";"0";"0";"0";"0";"0";"0";"0";"0";"0";"0";"0";"0";"0";"0";"0";"0";"0";"1";"0";"0";"0";"0";"0";"0";"1";"0";"0";"0";"0";"0";"0";"0";"0";"0";"0";"1";"0";"0";"0";"0";"0";"0";"0";"0";"0";"0";"0";"0";"0";"0";"0";"0";"1";"1";"0";"1";"0";"0";"1";"0";"0";"0";"0";"0";"1"
"7392620";"Khách Sạn Pharma (Pharma Hotel)";"Tổ 7 Phường Tân Thanh, Điện Biên Phủ, Điện Biên Phủ, Việt Nam, 321110";"Phòng Tiêu Chuẩn 2 Giường Đơn (Standard Twin Room)";"2 người lớn";"509.259";"0";"0";"0";"0";"0";"0";"0";"0";"0";"0";"0";"0";"0";"0";"0";"0";"0";"0";"0";"0";"1";"0";"0";"0";"0";"0";"0";"1";"0";"0";"0";"0";"0";"0";"0";"0";"0";"0";"0";"0";"0";"0";"0";"0";"0";"0";"0";"0";"0";"0";"0";"1";"0";"0";"0";"0";"0";"0";"0";"0";"0";"0";"0";"0";"0";"0";"0";"0";"0";"0";"0";"0";"0";"0";"0";"0";"0";"0";"1";"0";"0";"0";"0";"0";"0";"0";"0";"0";"0";"1";"0";"0";"0";"0";"0";"0";"0";"0";"0";"0";"0";"0";"0";"0";"0";"0";"1";"1";"0";"1";"0";"0";"1";"0";"0";"0";"0";"0";"1"
"7392620";"Khách Sạn Pharma (Pharma Hotel)";"Tổ 7 Phường Tân Thanh, Điện Biên Phủ, Điện Biên Phủ, Việt Nam, 321110";"Phòng Cơ Bản 3 Người (Basic Triple Room)";"3 người lớn";"648.148";"0";"0";"0";"0";"0";"0";"0";"0";"0";"0";"0";"0";"0";"0";"0";"0";"0";"0";"0";"0";"0";"0";"0";"0";"0";"0";"0";"0";"0";"0";"0";"0";"0";"0";"1";"0";"0";"0";"1";"0";"0";"0";"0";"0";"0";"0";"0";"0";"0";"0";"0";"1";"0";"0";"0";"0";"0";"0";"0";"0";"0";"0";"0";"0";"0";"0";"0";"0";"0";"0";"0";"1";"0";"0";"0";"0";"0";"0";"1";"0";"0";"0";"0";"0";"0";"0";"0";"0";"0";"0";"0";"0";"0";"0";"0";"1";"0";"0";"0";"0";"0";"0";"0";"0";"0";"0";"1";"1";"0";"1";"0";"0";"1";"0";"0";"0";"0";"0";"1"
"9885067";"Nhà nghỉ Như Ngọc (Nha nghi Nhu Ngoc)";"Số 4, Tổ 2, phường Thanh Bình, Điện Biên Phủ, Điện Biên Phủ, Việt Nam";"Phòng Gia Đình (Family Room)";"2 người lớn";"185.185";"0";"0";"0";"0";"0";"0";"0";"0";"0";"0";"1";"0";"0";"0";"0";"0";"0";"0";"0";"0";"0";"0";"0";"0";"0";"0";"0";"0";"0";"0";"0";"0";"0";"0";"1";"0";"0";"0";"0";"0";"0";"0";"0";"0";"0";"0";"0";"0";"0";"0";"0";"0";"0";"0";"0";"0";"0";"0";"0";"0";"0";"0";"0";"0";"0";"0";"0";"0";"0";"0";"0";"0";"0";"0";"0";"0";"0";"0";"0";"1";"0";"0";"1";"0";"0";"0";"0";"0";"0";"0";"0";"0";"0";"0";"0";"1";"0";"0";"0";"0";"0";"0";"0";"0";"1";"0";"1";"0";"0";"1";"0";"0";"1";"0";"0";"1";"0";"0";"1"
"9885067";"Nhà nghỉ Như Ngọc (Nha nghi Nhu Ngoc)";"Số 4, Tổ 2, phường Thanh Bình, Điện Biên Phủ, Điện Biên Phủ, Việt Nam";"Phòng Gia Đình (Family Room)";"3 người lớn";"231.481";"0";"0";"0";"0";"0";"0";"0";"0";"0";"0";"1";"0";"0";"0";"0";"0";"0";"0";"0";"0";"0";"0";"0";"0";"0";"0";"0";"0";"0";"0";"0";"0";"0";"0";"1";"0";"0";"0";"0";"0";"0";"0";"0";"0";"0";"0";"0";"0";"0";"0";"0";"0";"0";"0";"0";"0";"0";"0";"0";"0";"0";"0";"0";"0";"0";"0";"0";"0";"0";"0";"0";"0";"0";"0";"0";"0";"0";"0";"0";"1";"0";"0";"1";"0";"0";"0";"0";"0";"0";"0";"0";"0";"0";"0";"0";"1";"0";"0";"0";"0";"0";"0";"0";"0";"1";"0";"1";"0";"0";"1";"0";"0";"1";"0";"0";"1";"0";"0";"1"
"73735238";"Khu du lịch khoáng nóng UVA";", Nong Luống, Khu Sinh Thái & Khoáng Nóng U VA, Điện Biên Phủ, Điện Biên Phủ, Việt Nam";"Phòng Đôi (Double Room)";"2 người lớn";"380.185";"0";"0";"0";"1";"0";"0";"0";"0";"0";"0";"0";"0";"0";"0";"0";"0";"0";"0";"0";"0";"0";"0";"0";"0";"0";"0";"0";"0";"0";"0";"0";"0";"1";"0";"0";"0";"0";"0";"0";"0";"0";"0";"0";"0";"0";"0";"0";"0";"0";"0";"0";"1";"1";"0";"0";"0";"0";"0";"0";"0";"0";"0";"0";"0";"0";"0";"0";"0";"0";"0";"0";"0";"1";"0";"0";"0";"0";"0";"1";"0";"0";"0";"0";"0";"0";"0";"0";"0";"0";"1";"0";"0";"0";"0";"0";"0";"0";"0";"0";"0";"0";"0";"0";"0";"0";"0";"1";"1";"0";"1";"0";"0";"1";"0";"0";"1";"0";"0";"1"
"73735238";"Khu du lịch khoáng nóng UVA";", Nong Luống, Khu Sinh Thái & Khoáng Nóng U VA, Điện Biên Phủ, Điện Biên Phủ, Việt Nam";"Phòng Đôi (Double Room)";"2 người lớn";"567.357";"0";"0";"0";"1";"0";"0";"0";"0";"0";"0";"0";"0";"0";"0";"0";"0";"0";"0";"0";"0";"0";"0";"0";"0";"0";"0";"0";"0";"0";"0";"0";"0";"1";"0";"0";"0";"0";"0";"0";"0";"0";"0";"0";"0";"0";"0";"0";"0";"0";"0";"0";"1";"1";"0";"0";"0";"0";"0";"0";"0";"0";"0";"0";"0";"0";"0";"0";"0";"0";"0";"0";"0";"1";"0";"0";"0";"0";"0";"1";"0";"0";"0";"0";"0";"0";"0";"0";"0";"0";"1";"0";"0";"0";"0";"0";"0";"0";"0";"0";"0";"0";"0";"0";"0";"0";"0";"1";"1";"0";"1";"0";"0";"1";"0";"0";"1";"0";"0";"1"
"73735238";"Khu du lịch khoáng nóng UVA";", Nong Luống, Khu Sinh Thái & Khoáng Nóng U VA, Điện Biên Phủ, Điện Biên Phủ, Việt Nam";"Phòng Superior 2 Giường Đơn (Superior Twin Room)";"2 người lớn";"648.941";"0";"0";"0";"0";"0";"0";"0";"0";"0";"0";"0";"0";"0";"0";"0";"0";"0";"0";"0";"0";"0";"0";"0";"0";"0";"0";"0";"1";"0";"0";"0";"0";"1";"0";"0";"0";"0";"0";"0";"0";"0";"0";"0";"0";"0";"0";"0";"0";"0";"0";"0";"0";"0";"0";"0";"0";"0";"0";"0";"0";"0";"0";"0";"0";"0";"0";"0";"0";"0";"0";"0";"0";"0";"0";"0";"0";"0";"0";"1";"0";"0";"0";"0";"0";"0";"0";"0";"0";"0";"1";"0";"0";"0";"0";"0";"0";"0";"0";"0";"0";"0";"0";"0";"0";"0";"0";"0";"1";"1";"0";"0";"0";"1";"0";"0";"0";"0";"0";"0"
"73735238";"Khu du lịch khoáng nóng UVA";", Nong Luống, Khu Sinh Thái & Khoáng Nóng U VA, Điện Biên Phủ, Điện Biên Phủ, Việt Nam";"Phòng Deluxe 3 người (Deluxe Triple Room)";"3 người lớn";"665.940";"0";"0";"0";"0";"0";"0";"0";"0";"0";"0";"0";"0";"0";"0";"0";"0";"0";"0";"0";"0";"0";"0";"0";"0";"0";"0";"0";"0";"0";"0";"0";"0";"0";"0";"1";"0";"0";"0";"1";"0";"0";"0";"0";"0";"0";"0";"0";"0";"0";"0";"0";"0";"0";"0";"0";"0";"0";"0";"0";"0";"0";"0";"0";"0";"0";"0";"0";"0";"0";"0";"0";"0";"0";"0";"0";"0";"0";"1";"1";"1";"0";"0";"0";"0";"0";"0";"0";"0";"0";"0";"0";"0";"0";"0";"0";"1";"0";"0";"0";"0";"0";"0";"0";"0";"0";"1";"0";"1";"1";"0";"0";"0";"1";"0";"0";"0";"0";"0";"0"
"58992175";"Đông Thắm Hotel (Đong Tham Hotel)";"09, tổ 5, phường Mường Thanh, Điện Biên Phủ, Điện Biên Phủ, Việt Nam";"Phòng Giường Đôi Cơ Bản cho 1 Người Ở (Basic Double Room Single Use)";"2 người lớn";"642.538";"0";"0";"0";"0";"0";"0";"0";"0";"0";"0";"0";"0";"0";"0";"0";"0";"0";"0";"0";"0";"0";"0";"0";"0";"0";"0";"0";"0";"0";"0";"0";"0";"0";"0";"0";"0";"0";"0";"0";"0";"0";"0";"0";"0";"0";"0";"0";"0";"0";"0";"0";"0";"0";"0";"0";"0";"0";"0";"0";"0";"0";"0";"0";"0";"0";"0";"0";"0";"0";"0";"0";"0";"0";"0";"0";"0";"0";"0";"0";"0";"0";"0";"0";"0";"0";"0";"0";"0";"0";"1";"0";"0";"0";"0";"0";"0";"0";"0";"0";"0";"0";"0";"0";"0";"0";"0";"0";"0";"0";"0";"0";"0";"0";"0";"0";"0";"0";"0";"0"
"58992175";"Đông Thắm Hotel (Đong Tham Hotel)";"09, tổ 5, phường Mường Thanh, Điện Biên Phủ, Điện Biên Phủ, Việt Nam";"Phòng Đôi (Double Room)";"2 người lớn";"745.316";"0";"0";"0";"1";"0";"0";"0";"0";"0";"0";"0";"0";"0";"0";"0";"0";"0";"0";"0";"0";"0";"0";"0";"0";"0";"0";"0";"0";"0";"0";"1";"0";"0";"0";"0";"0";"0";"0";"0";"0";"0";"0";"0";"0";"0";"0";"0";"0";"0";"0";"0";"0";"0";"0";"0";"0";"0";"0";"0";"0";"0";"0";"0";"0";"0";"0";"0";"0";"0";"0";"0";"0";"1";"0";"0";"0";"0";"0";"1";"1";"0";"0";"0";"0";"0";"0";"0";"0";"0";"1";"0";"0";"0";"0";"0";"0";"0";"0";"0";"0";"0";"0";"0";"0";"1";"0";"1";"1";"0";"1";"0";"0";"0";"1";"0";"1";"0";"0";"1"
"58992175";"Đông Thắm Hotel (Đong Tham Hotel)";"09, tổ 5, phường Mường Thanh, Điện Biên Phủ, Điện Biên Phủ, Việt Nam";"Phòng Đôi (Double Room)";"2 người lớn";"1.388.889";"0";"0";"0";"1";"0";"0";"0";"0";"0";"0";"0";"0";"0";"0";"0";"0";"0";"0";"0";"0";"0";"0";"0";"0";"0";"0";"0";"0";"0";"0";"1";"0";"0";"0";"0";"0";"0";"0";"0";"0";"0";"0";"0";"0";"0";"0";"0";"0";"0";"0";"0";"0";"0";"0";"0";"0";"0";"0";"0";"0";"0";"0";"0";"0";"0";"0";"0";"0";"0";"0";"0";"0";"1";"0";"0";"0";"0";"0";"1";"1";"0";"0";"0";"0";"0";"0";"0";"0";"0";"1";"0";"0";"0";"0";"0";"0";"0";"0";"0";"0";"0";"0";"0";"0";"1";"0";"1";"1";"0";"1";"0";"0";"0";"1";"0";"1";"0";"0";"1"
"58992175";"Đông Thắm Hotel (Đong Tham Hotel)";"09, tổ 5, phường Mường Thanh, Điện Biên Phủ, Điện Biên Phủ, Việt Nam";"Phòng Đôi (Double Room)";"1 người lớn Vượt quá sức chứa phòng";"1.250.000";"0";"0";"0";"1";"0";"0";"0";"0";"0";"0";"0";"0";"0";"0";"0";"0";"0";"0";"0";"0";"0";"0";"0";"0";"0";"0";"0";"0";"0";"0";"1";"0";"0";"0";"0";"0";"0";"0";"0";"0";"0";"0";"0";"0";"0";"0";"0";"0";"0";"0";"0";"0";"0";"0";"0";"0";"0";"0";"0";"0";"0";"0";"0";"0";"0";"0";"0";"0";"0";"0";"0";"0";"1";"0";"0";"0";"0";"0";"1";"1";"0";"0";"0";"0";"0";"0";"0";"0";"0";"1";"0";"0";"0";"0";"0";"0";"0";"0";"0";"0";"0";"0";"0";"0";"1";"0";"1";"1";"0";"1";"0";"0";"0";"1";"0";"1";"0";"0";"1"
"60760925";"Nhà nghỉ Quân An (Nha nghi Quan An)";"126 Đường Nguyễn Chí Thanh, Điện Biên Phủ, Điện Biên Phủ, Việt Nam";"Phòng Giường Đôi Có Ban Công (Double Room with Balcony)";"2 người lớn";"266.667";"0";"0";"0";"0";"0";"0";"0";"0";"0";"0";"0";"0";"0";"0";"0";"0";"0";"0";"0";"0";"0";"0";"0";"0";"1";"0";"0";"0";"0";"0";"0";"0";"0";"0";"1";"0";"0";"0";"0";"0";"0";"0";"0";"0";"0";"0";"0";"0";"0";"0";"0";"1";"0";"0";"0";"0";"0";"0";"0";"0";"0";"0";"0";"0";"0";"0";"0";"0";"0";"0";"0";"0";"0";"0";"0";"0";"0";"0";"1";"0";"0";"0";"0";"0";"0";"0";"0";"0";"0";"0";"0";"0";"0";"0";"0";"1";"0";"0";"0";"0";"0";"0";"0";"0";"0";"0";"1";"1";"0";"1";"0";"0";"1";"0";"0";"1";"0";"0";"1"
"60760925";"Nhà nghỉ Quân An (Nha nghi Quan An)";"126 Đường Nguyễn Chí Thanh, Điện Biên Phủ, Điện Biên Phủ, Việt Nam";"Phòng Giường Đôi Có Ban Công (Double Room with Balcony)";"2 người lớn";"296.296";"0";"0";"0";"0";"0";"0";"0";"0";"0";"0";"0";"0";"0";"0";"0";"0";"0";"0";"0";"0";"0";"0";"0";"0";"1";"0";"0";"0";"0";"0";"0";"0";"0";"0";"1";"0";"0";"0";"0";"0";"0";"0";"0";"0";"0";"0";"0";"0";"0";"0";"0";"1";"0";"0";"0";"0";"0";"0";"0";"0";"0";"0";"0";"0";"0";"0";"0";"0";"0";"0";"0";"0";"0";"0";"0";"0";"0";"0";"1";"0";"0";"0";"0";"0";"0";"0";"0";"0";"0";"0";"0";"0";"0";"0";"0";"1";"0";"0";"0";"0";"0";"0";"0";"0";"0";"0";"1";"1";"0";"1";"0";"0";"1";"0";"0";"1";"0";"0";"1"
"60760925";"Nhà nghỉ Quân An (Nha nghi Quan An)";"126 Đường Nguyễn Chí Thanh, Điện Biên Phủ, Điện Biên Phủ, Việt Nam";"Phòng Giường Đôi Có Ban Công (Double Room with Balcony)";"3 người lớn";"333.333";"0";"0";"0";"0";"0";"0";"0";"0";"0";"0";"0";"0";"0";"0";"0";"0";"0";"0";"0";"0";"0";"0";"0";"0";"1";"0";"0";"0";"0";"0";"0";"0";"0";"0";"1";"0";"0";"0";"0";"0";"0";"0";"0";"0";"0";"0";"0";"0";"0";"0";"0";"1";"0";"0";"0";"0";"0";"0";"0";"0";"0";"0";"0";"0";"0";"0";"0";"0";"0";"0";"0";"0";"0";"0";"0";"0";"0";"0";"1";"0";"0";"0";"0";"0";"0";"0";"0";"0";"0";"0";"0";"0";"0";"0";"0";"1";"0";"0";"0";"0";"0";"0";"0";"0";"0";"0";"1";"1";"0";"1";"0";"0";"1";"0";"0";"1";"0";"0";"1"
"60760925";"Nhà nghỉ Quân An (Nha nghi Quan An)";"126 Đường Nguyễn Chí Thanh, Điện Biên Phủ, Điện Biên Phủ, Việt Nam";"Phòng Gia Đình Có Ban Công (Family Room with Balcony)";"2 người lớn";"379.167";"0";"0";"0";"0";"0";"0";"0";"0";"0";"0";"0";"0";"0";"0";"0";"0";"0";"0";"0";"0";"0";"0";"0";"0";"0";"0";"0";"0";"0";"0";"0";"0";"0";"0";"0";"0";"0";"1";"0";"0";"0";"0";"0";"0";"0";"0";"0";"0";"0";"1";"0";"1";"0";"0";"0";"0";"0";"0";"0";"0";"0";"0";"0";"0";"0";"0";"0";"0";"0";"0";"0";"0";"0";"0";"0";"0";"1";"0";"1";"0";"0";"0";"0";"0";"0";"0";"0";"0";"0";"0";"0";"0";"0";"0";"0";"1";"0";"0";"0";"0";"0";"0";"0";"0";"0";"0";"1";"1";"0";"1";"0";"0";"1";"0";"0";"1";"0";"0";"1"
"60760925";"Nhà nghỉ Quân An (Nha nghi Quan An)";"126 Đường Nguyễn Chí Thanh, Điện Biên Phủ, Điện Biên Phủ, Việt Nam";"Phòng Gia Đình Có Ban Công (Family Room with Balcony)";"2 người lớn";"421.296";"0";"0";"0";"0";"0";"0";"0";"0";"0";"0";"0";"0";"0";"0";"0";"0";"0";"0";"0";"0";"0";"0";"0";"0";"0";"0";"0";"0";"0";"0";"0";"0";"0";"0";"0";"0";"0";"1";"0";"0";"0";"0";"0";"0";"0";"0";"0";"0";"0";"1";"0";"1";"0";"0";"0";"0";"0";"0";"0";"0";"0";"0";"0";"0";"0";"0";"0";"0";"0";"0";"0";"0";"0";"0";"0";"0";"1";"0";"1";"0";"0";"0";"0";"0";"0";"0";"0";"0";"0";"0";"0";"0";"0";"0";"0";"1";"0";"0";"0";"0";"0";"0";"0";"0";"0";"0";"1";"1";"0";"1";"0";"0";"1";"0";"0";"1";"0";"0";"1"
"60760925";"Nhà nghỉ Quân An (Nha nghi Quan An)";"126 Đường Nguyễn Chí Thanh, Điện Biên Phủ, Điện Biên Phủ, Việt Nam";"Phòng Gia Đình Có Ban Công (Family Room with Balcony)";"3 người lớn";"451.389";"0";"0";"0";"0";"0";"0";"0";"0";"0";"0";"0";"0";"0";"0";"0";"0";"0";"0";"0";"0";"0";"0";"0";"0";"0";"0";"0";"0";"0";"0";"0";"0";"0";"0";"0";"0";"0";"1";"0";"0";"0";"0";"0";"0";"0";"0";"0";"0";"0";"1";"0";"1";"0";"0";"0";"0";"0";"0";"0";"0";"0";"0";"0";"0";"0";"0";"0";"0";"0";"0";"0";"0";"0";"0";"0";"0";"1";"0";"1";"0";"0";"0";"0";"0";"0";"0";"0";"0";"0";"0";"0";"0";"0";"0";"0";"1";"0";"0";"0";"0";"0";"0";"0";"0";"0";"0";"1";"1";"0";"1";"0";"0";"1";"0";"0";"1";"0";"0";"1"
"63453460";"Khách sạn Phadin (Phadin hotel)";"Số nhà 63, Tổ 1, Phường Thanh Bình, Điện Biên Phủ, Điện Biên Phủ, Điện Biên Phủ, Việt Nam, 32000";"Phòng Tiêu Chuẩn (Standard Room)";"2 người lớn & 1 trẻ em (1-6 tuổi)";"300.740";"0";"0";"0";"0";"0";"0";"0";"0";"0";"0";"0";"0";"0";"0";"0";"0";"0";"0";"0";"0";"0";"0";"0";"0";"0";"0";"0";"1";"0";"0";"0";"1";"0";"0";"0";"0";"0";"0";"0";"0";"0";"0";"0";"0";"0";"0";"0";"0";"0";"0";"0";"0";"0";"0";"0";"0";"0";"0";"0";"0";"0";"0";"0";"0";"0";"0";"0";"0";"0";"0";"0";"0";"0";"0";"1";"0";"0";"0";"1";"0";"0";"0";"0";"0";"0";"0";"0";"0";"0";"0";"0";"0";"0";"1";"0";"0";"0";"0";"0";"0";"0";"0";"0";"0";"0";"0";"0";"1";"0";"0";"0";"0";"1";"0";"0";"0";"0";"0";"0"
"73796125";"Khách sạn Hải Vân (Hải Vân Hotel Điện Biên)";"488 Đ. Võ Nguyên Giáp, Phường Him Lam, Điện Biên Phủ, Điện Biên Phủ, Việt Nam";"Phòng Hai Giường Đơn (Twin Room)";"2 người lớn & 1 trẻ em (0-5 tuổi)";"128.763";"0";"0";"0";"0";"0";"0";"0";"0";"0";"0";"0";"0";"0";"0";"0";"0";"0";"0";"0";"0";"1";"0";"0";"0";"0";"0";"0";"1";"0";"0";"0";"0";"0";"0";"0";"0";"0";"0";"0";"0";"0";"0";"0";"0";"0";"0";"0";"0";"0";"0";"0";"0";"0";"0";"0";"0";"0";"0";"0";"0";"0";"0";"0";"0";"0";"0";"0";"0";"0";"0";"0";"0";"0";"0";"0";"0";"0";"1";"1";"1";"0";"0";"1";"0";"1";"0";"0";"0";"0";"0";"0";"1";"0";"0";"0";"0";"0";"0";"0";"0";"0";"0";"0";"0";"1";"0";"1";"0";"1";"1";"0";"0";"0";"0";"0";"0";"0";"1";"0"
"73796125";"Khách sạn Hải Vân (Hải Vân Hotel Điện Biên)";"488 Đ. Võ Nguyên Giáp, Phường Him Lam, Điện Biên Phủ, Điện Biên Phủ, Việt Nam";"Phòng Hai Giường Đơn (Twin Room)";"2 người lớn & 1 trẻ em (0-5 tuổi)";"459.630";"0";"0";"0";"0";"0";"0";"0";"0";"0";"0";"0";"0";"0";"0";"0";"0";"0";"0";"0";"0";"1";"0";"0";"0";"0";"0";"0";"1";"0";"0";"0";"0";"0";"0";"0";"0";"0";"0";"0";"0";"0";"0";"0";"0";"0";"0";"0";"0";"0";"0";"0";"0";"0";"0";"0";"0";"0";"0";"0";"0";"0";"0";"0";"0";"0";"0";"0";"0";"0";"0";"0";"0";"0";"0";"0";"0";"0";"1";"1";"1";"0";"0";"1";"0";"1";"0";"0";"0";"0";"0";"0";"1";"0";"0";"0";"0";"0";"0";"0";"0";"0";"0";"0";"0";"1";"0";"1";"0";"1";"1";"0";"0";"0";"0";"0";"0";"0";"1";"0"
"73796125";"Khách sạn Hải Vân (Hải Vân Hotel Điện Biên)";"488 Đ. Võ Nguyên Giáp, Phường Him Lam, Điện Biên Phủ, Điện Biên Phủ, Việt Nam";"Phòng Đôi (Double Room)";"2 người lớn & 1 trẻ em (0-5 tuổi)";"128.763";"0";"1";"0";"0";"0";"0";"0";"0";"0";"0";"0";"0";"0";"0";"0";"0";"0";"0";"0";"0";"1";"0";"0";"0";"0";"0";"0";"0";"0";"0";"0";"0";"0";"0";"0";"0";"0";"0";"0";"0";"0";"0";"0";"0";"0";"0";"0";"0";"0";"0";"0";"0";"0";"0";"0";"0";"0";"0";"0";"0";"0";"0";"0";"0";"0";"0";"0";"0";"0";"0";"0";"0";"0";"0";"0";"0";"0";"1";"1";"1";"0";"0";"1";"0";"1";"0";"0";"0";"0";"0";"0";"1";"0";"0";"0";"0";"0";"0";"0";"0";"0";"0";"0";"0";"1";"0";"1";"0";"1";"1";"0";"0";"0";"0";"0";"0";"0";"1";"0"
"73796125";"Khách sạn Hải Vân (Hải Vân Hotel Điện Biên)";"488 Đ. Võ Nguyên Giáp, Phường Him Lam, Điện Biên Phủ, Điện Biên Phủ, Việt Nam";"Phòng Đôi (Double Room)";"2 người lớn & 1 trẻ em (0-5 tuổi)";"459.630";"0";"1";"0";"0";"0";"0";"0";"0";"0";"0";"0";"0";"0";"0";"0";"0";"0";"0";"0";"0";"1";"0";"0";"0";"0";"0";"0";"0";"0";"0";"0";"0";"0";"0";"0";"0";"0";"0";"0";"0";"0";"0";"0";"0";"0";"0";"0";"0";"0";"0";"0";"0";"0";"0";"0";"0";"0";"0";"0";"0";"0";"0";"0";"0";"0";"0";"0";"0";"0";"0";"0";"0";"0";"0";"0";"0";"0";"1";"1";"1";"0";"0";"1";"0";"1";"0";"0";"0";"0";"0";"0";"1";"0";"0";"0";"0";"0";"0";"0";"0";"0";"0";"0";"0";"1";"0";"1";"0";"1";"1";"0";"0";"0";"0";"0";"0";"0";"1";"0"
"73796125";"Khách sạn Hải Vân (Hải Vân Hotel Điện Biên)";"488 Đ. Võ Nguyên Giáp, Phường Him Lam, Điện Biên Phủ, Điện Biên Phủ, Việt Nam";"Phòng Ba Người (Triple Room)";"3 người lớn & 1 trẻ em (0-5 tuổi)";"175.173";"0";"0";"0";"0";"0";"0";"0";"0";"0";"0";"0";"0";"0";"0";"0";"0";"0";"0";"0";"0";"0";"0";"0";"0";"0";"0";"0";"0";"0";"0";"0";"0";"0";"0";"1";"0";"0";"0";"1";"0";"0";"0";"0";"0";"0";"0";"0";"0";"0";"0";"0";"0";"0";"0";"0";"0";"0";"0";"0";"0";"0";"0";"0";"0";"0";"0";"0";"0";"0";"0";"0";"0";"0";"0";"0";"0";"0";"1";"1";"1";"0";"0";"1";"0";"1";"0";"0";"0";"0";"0";"0";"0";"0";"0";"0";"0";"0";"1";"0";"0";"0";"0";"0";"0";"1";"0";"1";"0";"1";"1";"0";"0";"0";"0";"0";"0";"0";"1";"0"
"73796125";"Khách sạn Hải Vân (Hải Vân Hotel Điện Biên)";"488 Đ. Võ Nguyên Giáp, Phường Him Lam, Điện Biên Phủ, Điện Biên Phủ, Việt Nam";"Phòng Ba Người (Triple Room)";"3 người lớn & 1 trẻ em (0-5 tuổi)";"591.852";"0";"0";"0";"0";"0";"0";"0";"0";"0";"0";"0";"0";"0";"0";"0";"0";"0";"0";"0";"0";"0";"0";"0";"0";"0";"0";"0";"0";"0";"0";"0";"0";"0";"0";"1";"0";"0";"0";"1";"0";"0";"0";"0";"0";"0";"0";"0";"0";"0";"0";"0";"0";"0";"0";"0";"0";"0";"0";"0";"0";"0";"0";"0";"0";"0";"0";"0";"0";"0";"0";"0";"0";"0";"0";"0";"0";"0";"1";"1";"1";"0";"0";"1";"0";"1";"0";"0";"0";"0";"0";"0";"0";"0";"0";"0";"0";"0";"1";"0";"0";"0";"0";"0";"0";"1";"0";"1";"0";"1";"1";"0";"0";"0";"0";"0";"0";"0";"1";"0"
"5205367";"Nhà nghỉ Tâm Cường (Nha nghi Tam Cuong)";"Số 46, đường Hoàng Văn Thái, phường Mường Thanh, thành phố Điện Biên Phủ, tỉnh Điện Biên, Điện Biên Phủ, Điện Biên Phủ, Việt Nam";"Phòng Giường Đôi Nhìn Ra Vườn (Double Room with Garden View)";"2 người lớn";"185.185";"0";"0";"0";"1";"0";"0";"0";"0";"0";"0";"0";"0";"0";"0";"0";"0";"0";"0";"0";"1";"0";"0";"0";"0";"0";"0";"0";"0";"0";"0";"0";"0";"0";"0";"0";"0";"0";"0";"0";"0";"0";"0";"0";"0";"0";"0";"0";"0";"0";"0";"0";"0";"0";"0";"0";"0";"0";"0";"0";"0";"0";"0";"0";"0";"0";"0";"0";"0";"0";"0";"0";"0";"0";"0";"0";"1";"0";"0";"1";"1";"0";"0";"0";"0";"0";"0";"0";"0";"0";"1";"0";"0";"0";"0";"0";"0";"0";"0";"0";"0";"0";"0";"0";"0";"0";"0";"1";"1";"0";"1";"0";"0";"0";"1";"0";"1";"0";"0";"1"
"5205367";"Nhà nghỉ Tâm Cường (Nha nghi Tam Cuong)";"Số 46, đường Hoàng Văn Thái, phường Mường Thanh, thành phố Điện Biên Phủ, tỉnh Điện Biên, Điện Biên Phủ, Điện Biên Phủ, Việt Nam";"Phòng Gia đình nhìn ra Núi (Family Room with Mountain View)";"3 người lớn & 2 trẻ em (0-10 tuổi)";"277.778";"0";"0";"0";"0";"0";"0";"0";"0";"0";"0";"0";"0";"0";"0";"1";"0";"0";"0";"0";"0";"0";"0";"0";"0";"0";"0";"0";"0";"0";"0";"0";"0";"0";"0";"1";"0";"0";"0";"0";"0";"0";"0";"0";"0";"0";"0";"0";"0";"0";"0";"0";"1";"0";"0";"0";"0";"0";"0";"0";"0";"0";"0";"0";"0";"0";"0";"0";"0";"0";"0";"0";"0";"1";"0";"0";"0";"0";"0";"1";"1";"0";"0";"0";"0";"0";"0";"0";"0";"0";"0";"0";"0";"0";"0";"0";"0";"0";"0";"1";"0";"0";"0";"0";"0";"0";"0";"1";"1";"0";"1";"0";"0";"0";"1";"0";"1";"0";"0";"1"
"62150083";"Khách sạn Pha Đin (Khach san Pha Đin)";"Số 63, Tổ 1, Phường Thanh Bình, Điện Biên Phủ, Tỉnh Điện Biên, Điện Biên Phủ, Điện Biên Phủ, Việt Nam";"Phòng Tiêu Chuẩn Giường Lớn (Standard King Room)";"2 người lớn";"416.667";"0";"0";"0";"1";"0";"0";"0";"0";"0";"0";"0";"0";"0";"0";"0";"0";"0";"0";"0";"0";"0";"0";"0";"0";"0";"0";"0";"0";"0";"0";"0";"1";"0";"0";"0";"0";"0";"0";"0";"0";"0";"0";"0";"0";"0";"0";"0";"0";"0";"0";"0";"0";"0";"0";"0";"0";"0";"0";"0";"0";"0";"0";"0";"0";"0";"0";"0";"0";"0";"0";"0";"0";"0";"0";"0";"0";"0";"0";"0";"0";"0";"0";"0";"0";"0";"0";"0";"0";"0";"1";"0";"0";"0";"0";"0";"0";"0";"0";"0";"0";"0";"0";"0";"0";"0";"0";"0";"0";"0";"0";"0";"0";"1";"0";"0";"0";"0";"0";"0"
"62150083";"Khách sạn Pha Đin (Khach san Pha Đin)";"Số 63, Tổ 1, Phường Thanh Bình, Điện Biên Phủ, Tỉnh Điện Biên, Điện Biên Phủ, Điện Biên Phủ, Việt Nam";"Phòng Hai Giường Đơn (Twin Room)";"2 người lớn";"416.667";"0";"0";"0";"0";"0";"0";"0";"0";"0";"0";"0";"0";"0";"0";"0";"0";"0";"0";"0";"0";"0";"0";"0";"0";"0";"0";"0";"1";"0";"0";"0";"1";"0";"0";"0";"0";"0";"0";"0";"0";"0";"0";"0";"0";"0";"0";"0";"0";"0";"0";"0";"1";"0";"0";"0";"0";"0";"0";"0";"0";"0";"0";"0";"0";"0";"0";"0";"0";"0";"0";"0";"0";"0";"0";"0";"0";"0";"0";"1";"0";"0";"0";"0";"0";"0";"0";"0";"0";"0";"1";"0";"0";"0";"0";"0";"0";"0";"0";"0";"0";"0";"0";"0";"0";"0";"0";"1";"1";"0";"0";"0";"0";"1";"0";"0";"0";"0";"0";"1"
"62150083";"Khách sạn Pha Đin (Khach san Pha Đin)";"Số 63, Tổ 1, Phường Thanh Bình, Điện Biên Phủ, Tỉnh Điện Biên, Điện Biên Phủ, Điện Biên Phủ, Việt Nam";"Phòng cho 3 người có Ban Công (Triple Room with Balcony)";"3 người lớn";"555.556";"0";"0";"0";"0";"0";"0";"0";"0";"0";"0";"0";"0";"0";"0";"0";"0";"0";"0";"0";"0";"0";"0";"0";"0";"0";"0";"0";"0";"0";"0";"0";"1";"0";"0";"0";"0";"0";"0";"1";"0";"0";"0";"0";"0";"0";"0";"0";"0";"0";"0";"0";"1";"0";"0";"0";"0";"0";"0";"0";"0";"0";"0";"0";"0";"0";"0";"0";"0";"0";"0";"0";"0";"0";"0";"0";"0";"0";"0";"1";"0";"0";"0";"0";"0";"0";"0";"0";"0";"0";"0";"0";"0";"0";"0";"0";"1";"0";"0";"0";"0";"0";"0";"0";"0";"0";"0";"1";"1";"0";"0";"0";"0";"1";"0";"0";"0";"0";"0";"1"
"1682426";"Tuan Minh Guest House";"02, Group 4, Thanh Binh Ward, Điện Biên Phủ, Điện Biên Phủ, Việt Nam";"Phòng Đôi (Double Room)";"2 người lớn & 3 trẻ em (0-15 tuổi)";"158.730";"0";"0";"0";"1";"0";"0";"0";"0";"0";"0";"0";"0";"0";"0";"0";"0";"0";"0";"0";"0";"1";"0";"0";"0";"0";"0";"0";"0";"0";"0";"0";"0";"0";"0";"0";"0";"0";"0";"0";"0";"0";"0";"0";"0";"0";"0";"0";"0";"0";"0";"0";"0";"0";"0";"0";"0";"0";"0";"0";"0";"0";"0";"0";"0";"0";"0";"0";"0";"0";"0";"0";"0";"0";"0";"0";"0";"0";"0";"1";"1";"0";"1";"0";"0";"0";"0";"0";"0";"0";"0";"0";"0";"0";"0";"1";"0";"0";"0";"0";"0";"0";"0";"0";"0";"1";"1";"1";"1";"0";"0";"0";"0";"1";"0";"0";"1";"0";"0";"1"
"1682426";"Tuan Minh Guest House";"02, Group 4, Thanh Binh Ward, Điện Biên Phủ, Điện Biên Phủ, Việt Nam";"Phòng Hai Giường Đơn (Twin Room)";"2 người lớn & 3 trẻ em (0-15 tuổi)";"176.367";"0";"0";"0";"0";"0";"0";"0";"0";"0";"0";"0";"0";"0";"0";"0";"0";"0";"0";"0";"0";"1";"0";"0";"0";"0";"0";"0";"1";"0";"0";"0";"0";"0";"0";"0";"0";"0";"0";"0";"0";"0";"0";"0";"0";"0";"0";"0";"0";"0";"0";"0";"0";"0";"0";"0";"0";"0";"0";"0";"0";"0";"0";"0";"0";"0";"0";"0";"0";"0";"0";"0";"1";"0";"0";"0";"0";"0";"0";"1";"1";"0";"1";"0";"0";"0";"0";"0";"0";"0";"0";"0";"0";"0";"0";"1";"0";"0";"0";"0";"0";"0";"0";"0";"0";"1";"1";"0";"1";"0";"0";"0";"0";"1";"0";"0";"1";"0";"0";"1"
"56915239";"Khách sạn Nậm Rốm (Khach san Nam Rom)";"36 Trần Đăng Ninh, Điện Biên Phủ, Điện Biên Phủ, Việt Nam";"Phòng Hai Giường Đơn (Twin Room)";"2 người lớn";"462.963";"0";"0";"0";"0";"0";"0";"0";"0";"0";"0";"0";"0";"0";"0";"0";"0";"0";"0";"0";"0";"0";"0";"0";"0";"0";"0";"0";"1";"0";"0";"0";"1";"0";"0";"0";"0";"0";"0";"0";"0";"0";"0";"0";"0";"0";"0";"0";"0";"0";"0";"0";"1";"0";"0";"0";"0";"0";"0";"0";"0";"0";"0";"0";"0";"0";"0";"0";"0";"0";"0";"0";"1";"0";"0";"0";"0";"0";"0";"0";"1";"0";"0";"0";"0";"0";"0";"0";"0";"0";"1";"0";"0";"0";"0";"0";"0";"0";"0";"0";"0";"0";"0";"0";"0";"0";"1";"1";"1";"0";"1";"0";"0";"0";"1";"0";"1";"0";"0";"1"
"56915239";"Khách sạn Nậm Rốm (Khach san Nam Rom)";"36 Trần Đăng Ninh, Điện Biên Phủ, Điện Biên Phủ, Việt Nam";"Phòng Ba Người Tiêu Chuẩn (Standard Triple Room)";"3 người lớn";"555.556";"0";"0";"0";"0";"0";"0";"0";"0";"0";"0";"1";"0";"0";"0";"0";"0";"0";"0";"0";"0";"0";"0";"0";"0";"0";"0";"0";"0";"0";"0";"0";"1";"0";"0";"0";"0";"0";"0";"0";"0";"0";"0";"0";"0";"0";"0";"0";"0";"0";"0";"0";"1";"0";"0";"0";"0";"0";"0";"0";"0";"0";"0";"0";"0";"0";"0";"0";"0";"0";"0";"0";"1";"0";"0";"0";"0";"0";"0";"0";"1";"0";"0";"0";"0";"0";"0";"0";"0";"0";"0";"0";"0";"0";"0";"0";"1";"0";"0";"0";"0";"0";"0";"0";"0";"0";"1";"1";"1";"0";"1";"0";"0";"0";"1";"0";"1";"0";"0";"1"
"569727";"A1 Hotel";"Số 3, Đường HoàngCông Chất, Phường Mường Thanh, Điện Biên Phủ, Điện Biên Phủ, Việt Nam";"Phòng Đôi (Double)";"2 người lớn & 1 trẻ em (0-6 tuổi)";"643.739";"0";"1";"0";"0";"0";"0";"0";"0";"0";"0";"0";"0";"0";"0";"0";"0";"0";"0";"0";"0";"0";"0";"0";"0";"0";"0";"0";"0";"0";"0";"0";"0";"0";"0";"0";"0";"0";"0";"0";"0";"0";"0";"0";"0";"0";"1";"0";"0";"0";"0";"0";"0";"0";"0";"0";"1";"0";"0";"0";"0";"0";"0";"0";"0";"0";"0";"0";"0";"0";"0";"0";"0";"0";"0";"0";"0";"0";"0";"1";"1";"0";"0";"0";"0";"1";"0";"0";"0";"0";"0";"0";"0";"1";"0";"0";"0";"0";"0";"0";"0";"0";"0";"0";"0";"1";"1";"0";"1";"1";"1";"0";"0";"1";"0";"0";"0";"0";"0";"0"
"569727";"A1 Hotel";"Số 3, Đường HoàngCông Chất, Phường Mường Thanh, Điện Biên Phủ, Điện Biên Phủ, Việt Nam";"Phòng Đôi (Double)";"2 người lớn & 1 trẻ em (0-6 tuổi)";"650.176";"0";"1";"0";"0";"0";"0";"0";"0";"0";"0";"0";"0";"0";"0";"0";"0";"0";"0";"0";"0";"0";"0";"0";"0";"0";"0";"0";"0";"0";"0";"0";"0";"0";"0";"0";"0";"0";"0";"0";"0";"0";"0";"0";"0";"0";"1";"0";"0";"0";"0";"0";"0";"0";"0";"0";"1";"0";"0";"0";"0";"0";"0";"0";"0";"0";"0";"0";"0";"0";"0";"0";"0";"0";"0";"0";"0";"0";"0";"1";"1";"0";"0";"0";"0";"1";"0";"0";"0";"0";"0";"0";"0";"1";"0";"0";"0";"0";"0";"0";"0";"0";"0";"0";"0";"1";"1";"0";"1";"1";"1";"0";"0";"1";"0";"0";"0";"0";"0";"0"
"569727";"A1 Hotel";"Số 3, Đường HoàngCông Chất, Phường Mường Thanh, Điện Biên Phủ, Điện Biên Phủ, Việt Nam";"HAI GIƯỜNG ĐƠN (Twin)";"2 người lớn & 1 trẻ em (0-6 tuổi)";"643.739";"0";"0";"0";"0";"0";"0";"0";"0";"0";"0";"0";"0";"0";"0";"0";"0";"0";"0";"0";"0";"0";"0";"0";"0";"0";"0";"0";"1";"0";"0";"0";"0";"0";"0";"0";"0";"0";"0";"0";"0";"0";"0";"0";"0";"0";"1";"0";"0";"0";"0";"0";"0";"0";"0";"0";"1";"0";"0";"0";"0";"0";"0";"0";"0";"0";"0";"0";"0";"0";"0";"0";"0";"0";"0";"1";"0";"0";"0";"1";"1";"0";"0";"0";"0";"1";"0";"0";"0";"0";"0";"0";"0";"1";"0";"0";"0";"0";"0";"0";"0";"0";"0";"0";"0";"0";"1";"0";"1";"1";"1";"0";"0";"1";"0";"0";"0";"0";"0";"0"
"55585166";"Căn hộ 200 m² 1 phòng ngủ, 1 phòng tắm riêng ở Điện Biên Phủ (Homestay Minh Ngoc)";"Số nhà 32, Bản Mớ, Phường Thanh Trường, Thành phố Điện Biên phủ, Nhà gỗ, Điện Biên Phủ, Điện Biên Phủ, Việt Nam, 82103";"Phòng Đôi (Double Room)";"2 người lớn";"250.000";"0";"0";"0";"0";"0";"0";"0";"0";"0";"0";"0";"0";"0";"0";"0";"1";"0";"0";"0";"0";"0";"0";"0";"0";"0";"0";"0";"0";"0";"0";"0";"0";"0";"0";"0";"0";"0";"0";"0";"0";"0";"1";"0";"0";"0";"0";"0";"0";"0";"1";"0";"0";"0";"0";"0";"0";"0";"0";"0";"0";"0";"0";"0";"0";"0";"0";"0";"0";"0";"0";"0";"0";"0";"0";"0";"1";"0";"0";"1";"0";"0";"1";"1";"1";"0";"0";"1";"0";"0";"1";"0";"0";"0";"0";"0";"0";"0";"0";"0";"0";"0";"0";"0";"0";"0";"0";"0";"0";"0";"0";"0";"0";"0";"0";"1";"1";"0";"0";"1"
"55585166";"Căn hộ 200 m² 1 phòng ngủ, 1 phòng tắm riêng ở Điện Biên Phủ (Homestay Minh Ngoc)";"Số nhà 32, Bản Mớ, Phường Thanh Trường, Thành phố Điện Biên phủ, Nhà gỗ, Điện Biên Phủ, Điện Biên Phủ, Việt Nam, 82103";"Phòng Đôi (Double Room)";"1 người lớn & 1 trẻ em (0-1 tuổi) Vượt quá sức chứa phòng";"242.575";"0";"0";"0";"0";"0";"0";"0";"0";"0";"0";"0";"0";"0";"0";"0";"1";"0";"0";"0";"0";"0";"0";"0";"0";"0";"0";"0";"0";"0";"0";"0";"0";"0";"0";"0";"0";"0";"0";"0";"0";"0";"1";"0";"0";"0";"0";"0";"0";"0";"1";"0";"0";"0";"0";"0";"0";"0";"0";"0";"0";"0";"0";"0";"0";"0";"0";"0";"0";"0";"0";"0";"0";"0";"0";"0";"1";"0";"0";"1";"0";"0";"1";"1";"1";"0";"0";"1";"0";"0";"1";"0";"0";"0";"0";"0";"0";"0";"0";"0";"0";"0";"0";"0";"0";"0";"0";"0";"0";"0";"0";"0";"0";"0";"0";"1";"1";"0";"0";"1"
"55585166";"Căn hộ 200 m² 1 phòng ngủ, 1 phòng tắm riêng ở Điện Biên Phủ (Homestay Minh Ngoc)";"Số nhà 32, Bản Mớ, Phường Thanh Trường, Thành phố Điện Biên phủ, Nhà gỗ, Điện Biên Phủ, Điện Biên Phủ, Việt Nam, 82103";"Phòng Đôi (Double Room)";"1 người lớn & 1 trẻ em (0-1 tuổi) Vượt quá sức chứa phòng";"252.500";"0";"0";"0";"0";"0";"0";"0";"0";"0";"0";"0";"0";"0";"0";"0";"1";"0";"0";"0";"0";"0";"0";"0";"0";"0";"0";"0";"0";"0";"0";"0";"0";"0";"0";"0";"0";"0";"0";"0";"0";"0";"1";"0";"0";"0";"0";"0";"0";"0";"1";"0";"0";"0";"0";"0";"0";"0";"0";"0";"0";"0";"0";"0";"0";"0";"0";"0";"0";"0";"0";"0";"0";"0";"0";"0";"1";"0";"0";"1";"0";"0";"1";"1";"1";"0";"0";"1";"0";"0";"1";"0";"0";"0";"0";"0";"0";"0";"0";"0";"0";"0";"0";"0";"0";"0";"0";"0";"0";"0";"0";"0";"0";"0";"0";"1";"1";"0";"0";"1"
"55585166";"Căn hộ 200 m² 1 phòng ngủ, 1 phòng tắm riêng ở Điện Biên Phủ (Homestay Minh Ngoc)";"Số nhà 32, Bản Mớ, Phường Thanh Trường, Thành phố Điện Biên phủ, Nhà gỗ, Điện Biên Phủ, Điện Biên Phủ, Việt Nam, 82103";"Phòng 4 Người (Quadruple Room)";"4 người lớn";"485.149";"0";"0";"0";"0";"0";"0";"0";"0";"0";"0";"0";"0";"0";"0";"0";"0";"0";"0";"0";"0";"0";"1";"0";"0";"0";"0";"0";"0";"0";"0";"0";"0";"0";"0";"0";"0";"0";"0";"0";"0";"0";"0";"0";"0";"0";"0";"0";"1";"0";"0";"1";"0";"0";"0";"0";"0";"0";"0";"0";"0";"0";"0";"0";"0";"0";"0";"0";"0";"0";"0";"0";"0";"0";"0";"0";"1";"0";"0";"1";"1";"0";"1";"1";"0";"0";"0";"1";"0";"0";"0";"0";"0";"0";"0";"0";"0";"0";"0";"0";"1";"0";"0";"0";"0";"0";"0";"0";"0";"0";"0";"0";"0";"0";"0";"1";"1";"0";"0";"1"
"55585166";"Căn hộ 200 m² 1 phòng ngủ, 1 phòng tắm riêng ở Điện Biên Phủ (Homestay Minh Ngoc)";"Số nhà 32, Bản Mớ, Phường Thanh Trường, Thành phố Điện Biên phủ, Nhà gỗ, Điện Biên Phủ, Điện Biên Phủ, Việt Nam, 82103";"Phòng 4 Người (Quadruple Room)";"4 người lớn";"500.000";"0";"0";"0";"0";"0";"0";"0";"0";"0";"0";"0";"0";"0";"0";"0";"0";"0";"0";"0";"0";"0";"1";"0";"0";"0";"0";"0";"0";"0";"0";"0";"0";"0";"0";"0";"0";"0";"0";"0";"0";"0";"0";"0";"0";"0";"0";"0";"1";"0";"0";"1";"0";"0";"0";"0";"0";"0";"0";"0";"0";"0";"0";"0";"0";"0";"0";"0";"0";"0";"0";"0";"0";"0";"0";"0";"1";"0";"0";"1";"1";"0";"1";"1";"0";"0";"0";"1";"0";"0";"0";"0";"0";"0";"0";"0";"0";"0";"0";"0";"1";"0";"0";"0";"0";"0";"0";"0";"0";"0";"0";"0";"0";"0";"0";"1";"1";"0";"0";"1"
"55585166";"Căn hộ 200 m² 1 phòng ngủ, 1 phòng tắm riêng ở Điện Biên Phủ (Homestay Minh Ngoc)";"Số nhà 32, Bản Mớ, Phường Thanh Trường, Thành phố Điện Biên phủ, Nhà gỗ, Điện Biên Phủ, Điện Biên Phủ, Việt Nam, 82103";"Phòng 4 Người (Quadruple Room)";"4 người lớn";"505.000";"0";"0";"0";"0";"0";"0";"0";"0";"0";"0";"0";"0";"0";"0";"0";"0";"0";"0";"0";"0";"0";"1";"0";"0";"0";"0";"0";"0";"0";"0";"0";"0";"0";"0";"0";"0";"0";"0";"0";"0";"0";"0";"0";"0";"0";"0";"0";"1";"0";"0";"1";"0";"0";"0";"0";"0";"0";"0";"0";"0";"0";"0";"0";"0";"0";"0";"0";"0";"0";"0";"0";"0";"0";"0";"0";"1";"0";"0";"1";"1";"0";"1";"1";"0";"0";"0";"1";"0";"0";"0";"0";"0";"0";"0";"0";"0";"0";"0";"0";"1";"0";"0";"0";"0";"0";"0";"0";"0";"0";"0";"0";"0";"0";"0";"1";"1";"0";"0";"1"
"74130555";"Khu du lịch sinh thái Him Lam - Him Lam Resort (Khu du lịch sinh thái Him Lam - Him Lam Resort )";"Tổ 6, Phường Him Lam, Điện Biên Phủ, Điện Biên Phủ, Việt Nam, 32000";"Superior hướng sông (Superior River View)";"2 người lớn";"552.387";"0";"1";"0";"0";"0";"0";"0";"0";"0";"0";"0";"0";"0";"0";"0";"0";"0";"0";"0";"0";"0";"0";"0";"0";"0";"0";"0";"0";"0";"0";"0";"0";"0";"0";"0";"0";"0";"0";"0";"0";"0";"0";"1";"0";"0";"0";"0";"0";"0";"0";"0";"1";"0";"1";"0";"0";"0";"0";"0";"1";"0";"0";"0";"0";"0";"0";"0";"0";"0";"0";"1";"0";"0";"0";"0";"0";"0";"0";"1";"0";"0";"0";"0";"0";"0";"0";"0";"0";"0";"1";"0";"0";"0";"0";"0";"0";"0";"0";"0";"0";"0";"0";"0";"0";"1";"0";"1";"1";"1";"0";"0";"0";"1";"0";"0";"0";"0";"0";"0"
"74130555";"Khu du lịch sinh thái Him Lam - Him Lam Resort (Khu du lịch sinh thái Him Lam - Him Lam Resort )";"Tổ 6, Phường Him Lam, Điện Biên Phủ, Điện Biên Phủ, Việt Nam, 32000";"Phòng Deluxe hướng Hồ (Deluxe Lake View)";"2 người lớn";"619.032";"0";"0";"0";"1";"0";"0";"0";"0";"0";"0";"0";"0";"0";"0";"0";"0";"0";"0";"0";"0";"0";"0";"0";"0";"0";"0";"0";"0";"0";"0";"0";"0";"0";"0";"0";"0";"0";"0";"0";"0";"0";"0";"1";"0";"0";"0";"0";"0";"0";"0";"0";"1";"0";"0";"0";"0";"0";"0";"0";"1";"0";"0";"0";"0";"0";"0";"0";"0";"0";"0";"1";"0";"0";"0";"0";"0";"0";"1";"1";"0";"0";"0";"0";"0";"0";"0";"0";"0";"0";"1";"0";"0";"0";"0";"0";"0";"0";"0";"0";"0";"0";"0";"0";"0";"1";"0";"1";"1";"1";"0";"0";"0";"1";"0";"0";"0";"0";"0";"0"
"66754194";"Minh An";"65 Hoàng Văn Thái tổ 11 phường Mường Thanh Nhà khách 6 tầng 12 phòng, Điện Biên Phủ, Điện Biên Phủ, Việt Nam, 380000";"Phòng Đôi (Double Room)";"2 người lớn";"277.778";"0";"1";"0";"0";"0";"0";"0";"0";"0";"0";"0";"0";"0";"0";"0";"0";"0";"0";"0";"0";"0";"0";"0";"0";"0";"0";"0";"0";"0";"0";"0";"0";"0";"0";"1";"0";"0";"0";"0";"0";"0";"0";"0";"0";"0";"0";"0";"0";"0";"0";"0";"1";"0";"0";"0";"0";"0";"0";"0";"0";"0";"0";"0";"0";"0";"0";"0";"0";"0";"0";"0";"0";"1";"0";"0";"0";"0";"0";"1";"1";"0";"1";"0";"0";"0";"0";"0";"0";"0";"1";"0";"0";"0";"0";"0";"0";"0";"0";"0";"0";"0";"0";"0";"0";"1";"0";"1";"1";"0";"0";"0";"0";"0";"0";"0";"1";"0";"0";"1"
"66754194";"Minh An";"65 Hoàng Văn Thái tổ 11 phường Mường Thanh Nhà khách 6 tầng 12 phòng, Điện Biên Phủ, Điện Biên Phủ, Việt Nam, 380000";"Phòng Đôi (Double Room)";"1 người lớn Vượt quá sức chứa phòng";"250.000";"0";"1";"0";"0";"0";"0";"0";"0";"0";"0";"0";"0";"0";"0";"0";"0";"0";"0";"0";"0";"0";"0";"0";"0";"0";"0";"0";"0";"0";"0";"0";"0";"0";"0";"1";"0";"0";"0";"0";"0";"0";"0";"0";"0";"0";"0";"0";"0";"0";"0";"0";"1";"0";"0";"0";"0";"0";"0";"0";"0";"0";"0";"0";"0";"0";"0";"0";"0";"0";"0";"0";"0";"1";"0";"0";"0";"0";"0";"1";"1";"0";"1";"0";"0";"0";"0";"0";"0";"0";"1";"0";"0";"0";"0";"0";"0";"0";"0";"0";"0";"0";"0";"0";"0";"1";"0";"1";"1";"0";"0";"0";"0";"0";"0";"0";"1";"0";"0";"1"
"66754194";"Minh An";"65 Hoàng Văn Thái tổ 11 phường Mường Thanh Nhà khách 6 tầng 12 phòng, Điện Biên Phủ, Điện Biên Phủ, Việt Nam, 380000";"Phòng 4 Người Có Phòng Tắm (Quadruple Room with Bathroom)";"4 người lớn";"370.370";"0";"0";"0";"0";"0";"0";"0";"0";"0";"0";"0";"0";"0";"0";"0";"0";"0";"0";"0";"0";"0";"0";"1";"0";"0";"0";"0";"0";"0";"0";"0";"0";"0";"0";"0";"0";"0";"0";"0";"0";"0";"0";"0";"0";"1";"0";"0";"0";"0";"0";"0";"1";"0";"0";"0";"0";"0";"0";"0";"0";"0";"0";"0";"0";"0";"0";"0";"0";"0";"0";"0";"0";"1";"0";"0";"0";"0";"0";"1";"1";"0";"1";"0";"0";"0";"0";"0";"0";"0";"0";"0";"0";"0";"0";"0";"0";"0";"0";"0";"1";"0";"0";"0";"0";"1";"0";"1";"1";"0";"0";"0";"0";"0";"0";"0";"1";"0";"0";"1"
"66754194";"Minh An";"65 Hoàng Văn Thái tổ 11 phường Mường Thanh Nhà khách 6 tầng 12 phòng, Điện Biên Phủ, Điện Biên Phủ, Việt Nam, 380000";"Phòng Ngủ Tập Thể Cho Cả Nam Và Nữ (Mixed Dormitory Room)";"5 người lớn";"462.963";"0";"0";"0";"0";"0";"0";"0";"0";"0";"0";"0";"0";"0";"1";"0";"0";"0";"0";"0";"0";"0";"0";"0";"0";"0";"0";"0";"0";"0";"0";"0";"0";"0";"0";"0";"0";"0";"0";"0";"0";"0";"0";"0";"0";"0";"0";"0";"0";"1";"0";"0";"1";"0";"0";"0";"0";"0";"0";"0";"0";"0";"0";"0";"0";"0";"0";"0";"0";"0";"0";"0";"0";"1";"0";"0";"0";"0";"0";"1";"1";"0";"1";"0";"0";"0";"0";"0";"0";"0";"0";"0";"0";"0";"0";"0";"0";"0";"0";"0";"0";"0";"1";"0";"0";"1";"0";"1";"1";"0";"0";"0";"0";"0";"0";"0";"1";"0";"0";"1"
"31471972";"Nhà nghỉ Hương Thảo (HUONG THAO GUEST HOUSE)";"1004, vo nguyen giap, nam thanh, dien bien phu city, Điện Biên Phủ, Điện Biên Phủ, Việt Nam, 32000";"Phòng Tiêu Chuẩn Giường Đôi (Standard Double Room)";"2 người lớn";"274.816";"0";"1";"0";"0";"0";"0";"0";"0";"0";"0";"0";"0";"0";"0";"0";"0";"0";"0";"0";"1";"0";"0";"0";"0";"0";"0";"0";"0";"0";"0";"0";"0";"0";"0";"0";"0";"0";"0";"0";"0";"0";"0";"0";"0";"0";"0";"0";"0";"0";"0";"0";"1";"0";"0";"0";"0";"0";"0";"0";"0";"0";"0";"0";"0";"0";"0";"0";"0";"0";"0";"0";"0";"1";"0";"0";"0";"0";"0";"0";"1";"0";"1";"0";"0";"0";"0";"1";"0";"0";"1";"0";"0";"0";"0";"0";"0";"0";"0";"0";"0";"0";"0";"0";"0";"0";"0";"1";"0";"0";"0";"0";"0";"1";"0";"0";"1";"0";"0";"1"
"31471972";"Nhà nghỉ Hương Thảo (HUONG THAO GUEST HOUSE)";"1004, vo nguyen giap, nam thanh, dien bien phu city, Điện Biên Phủ, Điện Biên Phủ, Việt Nam, 32000";"Phòng Tập Thể Tiêu Chuẩn 8 Giường (Standard 8 Bed Dormitory)";"1 người lớn Vượt quá sức chứa phòng";"109.375";"0";"0";"0";"0";"0";"0";"0";"0";"0";"1";"0";"0";"0";"0";"0";"0";"0";"0";"0";"0";"0";"0";"0";"0";"0";"0";"0";"0";"0";"0";"0";"0";"0";"0";"0";"0";"0";"0";"0";"0";"0";"0";"1";"0";"0";"0";"0";"0";"0";"0";"0";"1";"0";"0";"0";"0";"0";"0";"0";"0";"0";"0";"0";"0";"0";"0";"0";"0";"0";"0";"0";"0";"1";"0";"0";"0";"0";"0";"0";"1";"0";"1";"0";"0";"0";"0";"1";"1";"0";"0";"0";"0";"0";"0";"0";"0";"0";"0";"0";"0";"0";"0";"0";"0";"0";"0";"1";"1";"0";"0";"0";"0";"1";"0";"0";"1";"0";"0";"0"
"52186628";"Nhà trệt 100 m² 2 phòng ngủ, 2 phòng tắm riêng ở Điện Biên Phủ (Green Garden House Điện Biên Phủ )";"Điện Biên Phủ, Điện Biên Phủ, Việt Nam";"Nhà trệt (Bungalow)";"2 người lớn & 1 trẻ em (0-7 tuổi)";"176.502";"0";"0";"0";"1";"0";"0";"0";"0";"0";"0";"0";"0";"0";"0";"0";"0";"1";"1";"0";"0";"0";"0";"0";"0";"0";"0";"0";"0";"0";"0";"0";"0";"0";"0";"0";"0";"0";"0";"0";"0";"0";"0";"0";"0";"0";"0";"0";"0";"0";"0";"0";"0";"0";"0";"0";"0";"0";"0";"1";"0";"0";"0";"0";"0";"0";"0";"0";"0";"0";"0";"0";"0";"0";"0";"0";"0";"0";"0";"1";"0";"0";"0";"0";"0";"0";"1";"0";"0";"0";"1";"0";"0";"0";"0";"0";"0";"0";"0";"0";"0";"0";"0";"0";"0";"0";"0";"1";"0";"1";"0";"0";"0";"1";"0";"0";"0";"0";"0";"0"
"64003785";"Muong Thanh Homestay & Apartment (Muong Thanh Homestay & Apartment Dien Bien)";"No. 42, Phan Dinh Giot, Muong Thanh Ward, Điện Biên Phủ, Điện Biên Phủ, Việt Nam";"Phòng Loại Sang Giường Đôi (Deluxe Double Room)";"2 người lớn & 1 trẻ em (0-5 tuổi)";"366.983";"1";"0";"0";"0";"0";"0";"0";"0";"0";"0";"0";"0";"0";"0";"0";"0";"0";"0";"0";"0";"0";"0";"0";"0";"0";"0";"0";"0";"0";"0";"0";"0";"0";"0";"1";"0";"0";"0";"0";"0";"0";"0";"0";"0";"0";"0";"0";"0";"0";"0";"0";"0";"0";"0";"0";"0";"0";"0";"0";"0";"0";"0";"0";"0";"0";"0";"0";"0";"0";"0";"0";"0";"0";"0";"0";"0";"0";"1";"1";"1";"0";"0";"1";"0";"1";"0";"0";"0";"0";"0";"0";"1";"0";"0";"0";"0";"0";"0";"0";"0";"0";"0";"0";"0";"1";"0";"1";"0";"1";"1";"0";"0";"0";"0";"0";"0";"0";"1";"0"
"64003785";"Muong Thanh Homestay & Apartment (Muong Thanh Homestay & Apartment Dien Bien)";"No. 42, Phan Dinh Giot, Muong Thanh Ward, Điện Biên Phủ, Điện Biên Phủ, Việt Nam";"Phòng Loại Sang Giường Đôi (Deluxe Double Room)";"2 người lớn & 1 trẻ em (0-5 tuổi)";"392.778";"1";"0";"0";"0";"0";"0";"0";"0";"0";"0";"0";"0";"0";"0";"0";"0";"0";"0";"0";"0";"0";"0";"0";"0";"0";"0";"0";"0";"0";"0";"0";"0";"0";"0";"1";"0";"0";"0";"0";"0";"0";"0";"0";"0";"0";"0";"0";"0";"0";"0";"0";"0";"0";"0";"0";"0";"0";"0";"0";"0";"0";"0";"0";"0";"0";"0";"0";"0";"0";"0";"0";"0";"0";"0";"0";"0";"0";"1";"1";"1";"0";"0";"1";"0";"1";"0";"0";"0";"0";"0";"0";"1";"0";"0";"0";"0";"0";"0";"0";"0";"0";"0";"0";"0";"1";"0";"1";"0";"1";"1";"0";"0";"0";"0";"0";"0";"0";"1";"0"
"64003785";"Muong Thanh Homestay & Apartment (Muong Thanh Homestay & Apartment Dien Bien)";"No. 42, Phan Dinh Giot, Muong Thanh Ward, Điện Biên Phủ, Điện Biên Phủ, Việt Nam";"Căn Hộ (Apartment)";"8 người lớn & 4 trẻ em (0-5 tuổi)";"1.281.046";"0";"0";"0";"0";"0";"1";"0";"0";"0";"0";"0";"0";"0";"0";"0";"0";"0";"0";"0";"0";"0";"0";"0";"0";"0";"0";"0";"0";"0";"1";"0";"0";"0";"0";"0";"0";"0";"0";"0";"0";"0";"0";"0";"0";"0";"0";"1";"0";"0";"0";"0";"0";"0";"0";"0";"0";"0";"0";"0";"0";"0";"0";"0";"0";"0";"0";"0";"0";"0";"0";"0";"0";"0";"0";"0";"0";"0";"0";"1";"1";"0";"0";"1";"0";"0";"0";"0";"0";"0";"0";"0";"0";"0";"0";"0";"0";"0";"0";"0";"0";"0";"0";"0";"1";"1";"0";"1";"0";"0";"1";"0";"0";"0";"0";"0";"1";"0";"0";"1"
"66679119";"Khu sinh thái Ecolodge Kê Nênh Điện Biên (Khu sinh thai Ecolodge Ke Nenh Đien Bien)";"Ecolodge Kê Nênh, Điện Biên Phủ, Điện Biên Phủ, Việt Nam, 380000";"Phòng có giường cỡ King nhìn ra cảnh núi non (King Room with Mountain View)";"2 người lớn";"781.250";"0";"0";"0";"0";"0";"0";"0";"0";"0";"0";"0";"0";"0";"0";"0";"0";"0";"0";"0";"0";"0";"0";"0";"0";"1";"0";"0";"0";"0";"0";"0";"0";"0";"0";"0";"0";"0";"0";"0";"0";"0";"0";"0";"0";"0";"0";"0";"0";"1";"0";"0";"1";"0";"0";"0";"0";"0";"0";"0";"0";"0";"0";"0";"0";"0";"0";"0";"0";"0";"0";"0";"0";"1";"0";"0";"0";"0";"0";"1";"1";"0";"0";"0";"0";"0";"0";"0";"0";"0";"0";"0";"0";"0";"0";"0";"1";"0";"0";"0";"0";"0";"0";"0";"0";"0";"0";"0";"1";"0";"1";"0";"1";"0";"0";"0";"1";"1";"0";"1"
"66679119";"Khu sinh thái Ecolodge Kê Nênh Điện Biên (Khu sinh thai Ecolodge Ke Nenh Đien Bien)";"Ecolodge Kê Nênh, Điện Biên Phủ, Điện Biên Phủ, Việt Nam, 380000";"Phòng có giường cỡ King nhìn ra cảnh núi non (King Room with Mountain View)";"3 người lớn";"827.206";"0";"0";"0";"0";"0";"0";"0";"0";"0";"0";"0";"0";"0";"0";"0";"0";"0";"0";"0";"0";"0";"0";"0";"0";"1";"0";"0";"0";"0";"0";"0";"0";"0";"0";"0";"0";"0";"0";"0";"0";"0";"0";"0";"0";"0";"0";"0";"0";"1";"0";"0";"1";"0";"0";"0";"0";"0";"0";"0";"0";"0";"0";"0";"0";"0";"0";"0";"0";"0";"0";"0";"0";"1";"0";"0";"0";"0";"0";"1";"1";"0";"0";"0";"0";"0";"0";"0";"0";"0";"0";"0";"0";"0";"0";"0";"1";"0";"0";"0";"0";"0";"0";"0";"0";"0";"0";"0";"1";"0";"1";"0";"1";"0";"0";"0";"1";"1";"0";"1"
"66679119";"Khu sinh thái Ecolodge Kê Nênh Điện Biên (Khu sinh thai Ecolodge Ke Nenh Đien Bien)";"Ecolodge Kê Nênh, Điện Biên Phủ, Điện Biên Phủ, Việt Nam, 380000";"Phòng có giường cỡ King nhìn ra cảnh núi non (King Room with Mountain View)";"1 người lớn Vượt quá sức chứa phòng";"735.294";"0";"0";"0";"0";"0";"0";"0";"0";"0";"0";"0";"0";"0";"0";"0";"0";"0";"0";"0";"0";"0";"0";"0";"0";"1";"0";"0";"0";"0";"0";"0";"0";"0";"0";"0";"0";"0";"0";"0";"0";"0";"0";"0";"0";"0";"0";"0";"0";"1";"0";"0";"1";"0";"0";"0";"0";"0";"0";"0";"0";"0";"0";"0";"0";"0";"0";"0";"0";"0";"0";"0";"0";"1";"0";"0";"0";"0";"0";"1";"1";"0";"0";"0";"0";"0";"0";"0";"0";"0";"0";"0";"0";"0";"0";"0";"1";"0";"0";"0";"0";"0";"0";"0";"0";"0";"0";"0";"1";"0";"1";"0";"1";"0";"0";"0";"1";"1";"0";"1"
"66679119";"Khu sinh thái Ecolodge Kê Nênh Điện Biên (Khu sinh thai Ecolodge Ke Nenh Đien Bien)";"Ecolodge Kê Nênh, Điện Biên Phủ, Điện Biên Phủ, Việt Nam, 380000";"Cottage Nhìn Ra Vườn (Cottage with Garden View)";"2 người lớn";"919.118";"0";"0";"0";"1";"0";"0";"0";"0";"0";"0";"0";"0";"0";"0";"0";"0";"0";"0";"0";"0";"0";"0";"0";"0";"0";"0";"0";"0";"0";"0";"0";"0";"0";"0";"0";"0";"1";"0";"0";"0";"0";"0";"0";"0";"0";"0";"0";"0";"0";"0";"0";"1";"0";"1";"0";"0";"0";"0";"0";"0";"0";"0";"0";"0";"0";"0";"0";"0";"0";"0";"0";"0";"1";"0";"0";"0";"0";"0";"1";"1";"0";"0";"0";"0";"0";"0";"0";"0";"0";"1";"0";"0";"0";"0";"0";"0";"0";"0";"0";"0";"0";"0";"0";"0";"0";"0";"0";"1";"0";"1";"0";"1";"0";"0";"0";"1";"0";"0";"1"
"52143875";"Nhà riêng 300 m² 3 phòng ngủ, 3 phòng tắm riêng ở Điện Biên Phủ (Huape farmstay)";"Điện Biên Phủ, Điện Biên Phủ, Việt Nam";"Nhà riêng (home)";"10 người lớn & 1 trẻ em (0-7 tuổi)";"1.280.899";"0";"0";"0";"0";"0";"0";"1";"0";"0";"0";"0";"0";"0";"0";"0";"0";"0";"0";"0";"0";"0";"0";"0";"0";"0";"0";"0";"0";"0";"0";"0";"0";"0";"0";"0";"0";"0";"0";"0";"0";"1";"1";"0";"1";"0";"0";"0";"0";"0";"0";"0";"0";"0";"0";"0";"0";"1";"0";"1";"0";"0";"0";"0";"0";"0";"0";"0";"0";"0";"0";"0";"0";"0";"0";"0";"0";"0";"0";"0";"0";"0";"0";"0";"0";"0";"0";"0";"0";"1";"0";"0";"0";"0";"0";"0";"0";"0";"0";"0";"0";"0";"0";"0";"0";"0";"0";"1";"0";"1";"0";"0";"0";"1";"0";"0";"0";"0";"0";"0"
"64724968";"Căn hộ 30 m² 1 phòng ngủ, 1 phòng tắm riêng ở Điện Biên Phủ (Hoa Ban Apartment)";"Điện Biên Phủ, Điện Biên Phủ, Việt Nam";"Căn hộ (Apartment)";"2 người lớn & 1 trẻ em (0-7 tuổi)";"797.478";"0";"0";"0";"1";"0";"0";"0";"0";"0";"0";"0";"0";"0";"0";"0";"0";"1";"0";"0";"0";"0";"0";"0";"0";"0";"0";"0";"0";"0";"0";"0";"0";"0";"0";"0";"0";"0";"0";"0";"0";"0";"0";"1";"0";"0";"0";"0";"0";"0";"0";"0";"0";"0";"0";"0";"0";"0";"0";"1";"0";"0";"0";"0";"0";"0";"0";"0";"0";"0";"0";"0";"0";"0";"0";"0";"0";"0";"0";"1";"0";"0";"0";"0";"0";"0";"1";"0";"0";"0";"1";"0";"0";"0";"0";"0";"0";"0";"0";"0";"0";"0";"0";"0";"0";"0";"0";"1";"0";"1";"0";"0";"0";"1";"0";"0";"0";"0";"0";"0"
"896752";"Khách sạn Phương Nam (Phuong Nam Hotel)";"Số 211, Tổ 3, Phường Tân Thanh, Điện Biên Phủ, Điện Biên Phủ, Việt Nam, 380000";"Phòng Tiêu Chuẩn Giường Đôi (Standard Double Room)";"2 người lớn";"416.667";"0";"0";"0";"1";"0";"0";"0";"0";"0";"0";"0";"0";"0";"0";"0";"0";"0";"0";"0";"0";"1";"0";"0";"0";"0";"0";"0";"0";"0";"0";"0";"0";"0";"0";"0";"0";"0";"0";"0";"0";"0";"0";"0";"0";"0";"0";"0";"0";"0";"0";"0";"0";"0";"0";"0";"0";"0";"0";"0";"0";"0";"0";"0";"0";"0";"0";"0";"0";"0";"0";"0";"1";"0";"0";"0";"0";"0";"0";"1";"0";"0";"0";"0";"0";"0";"0";"0";"0";"0";"1";"0";"0";"0";"0";"0";"0";"0";"0";"0";"0";"0";"0";"0";"0";"1";"1";"1";"1";"0";"1";"0";"0";"0";"1";"0";"1";"0";"0";"0"
"896752";"Khách sạn Phương Nam (Phuong Nam Hotel)";"Số 211, Tổ 3, Phường Tân Thanh, Điện Biên Phủ, Điện Biên Phủ, Việt Nam, 380000";"Deluxe giường đôi (Deluxe Double)";"2 người lớn";"416.667";"0";"1";"0";"0";"0";"0";"0";"0";"0";"0";"0";"0";"0";"0";"0";"0";"0";"0";"0";"0";"0";"0";"0";"0";"0";"0";"0";"0";"0";"0";"1";"0";"0";"0";"0";"0";"0";"0";"0";"0";"0";"0";"0";"0";"0";"0";"0";"0";"0";"0";"0";"0";"0";"0";"0";"0";"0";"0";"0";"0";"0";"0";"0";"0";"0";"0";"0";"0";"0";"0";"0";"0";"1";"0";"0";"0";"0";"1";"1";"0";"0";"0";"0";"0";"0";"0";"0";"0";"0";"0";"0";"0";"0";"0";"0";"0";"0";"0";"0";"0";"0";"0";"1";"0";"1";"1";"1";"1";"1";"1";"0";"0";"0";"0";"0";"1";"0";"0";"0"
"896752";"Khách sạn Phương Nam (Phuong Nam Hotel)";"Số 211, Tổ 3, Phường Tân Thanh, Điện Biên Phủ, Điện Biên Phủ, Việt Nam, 380000";"Deluxe giường đôi (Deluxe Double)";"6 người lớn";"925.926";"0";"1";"0";"0";"0";"0";"0";"0";"0";"0";"0";"0";"0";"0";"0";"0";"0";"0";"0";"0";"0";"0";"0";"0";"0";"0";"0";"0";"0";"0";"1";"0";"0";"0";"0";"0";"0";"0";"0";"0";"0";"0";"0";"0";"0";"0";"0";"0";"0";"0";"0";"0";"0";"0";"0";"0";"0";"0";"0";"0";"0";"0";"0";"0";"0";"0";"0";"0";"0";"0";"0";"0";"1";"0";"0";"0";"0";"1";"1";"0";"0";"0";"0";"0";"0";"0";"0";"0";"0";"0";"0";"0";"0";"0";"0";"0";"0";"0";"0";"0";"0";"0";"1";"0";"1";"1";"1";"1";"1";"1";"0";"0";"0";"0";"0";"1";"0";"0";"0"
"896752";"Khách sạn Phương Nam (Phuong Nam Hotel)";"Số 211, Tổ 3, Phường Tân Thanh, Điện Biên Phủ, Điện Biên Phủ, Việt Nam, 380000";"Phòng Deluxe 2 Giường đơn (Deluxe Twin)";"2 người lớn";"416.667";"0";"0";"0";"0";"0";"0";"0";"0";"0";"0";"0";"0";"0";"0";"0";"0";"0";"0";"0";"0";"0";"0";"0";"0";"0";"0";"0";"1";"0";"0";"1";"0";"0";"0";"0";"0";"0";"0";"0";"0";"0";"0";"0";"0";"0";"0";"0";"0";"0";"0";"0";"0";"0";"0";"0";"0";"0";"0";"0";"0";"0";"0";"0";"0";"0";"0";"0";"0";"0";"0";"0";"0";"1";"0";"0";"0";"0";"1";"1";"0";"0";"0";"0";"0";"0";"0";"0";"0";"0";"1";"0";"0";"0";"0";"0";"0";"0";"0";"0";"0";"0";"0";"0";"0";"1";"1";"1";"1";"1";"1";"0";"0";"0";"0";"0";"1";"0";"0";"0"
"49702386";"Minh Thủy Hotel - 32 Nguyễn Chí Thanh, DB - by BAY LUXURY (Minh Thuy Hotel - 32 Nguyen Chi Thanh, DB - by BAY LUXURY)";"Điện Biên Phủ, Điện Biên Phủ, Việt Nam";"Phòng Đôi Cao Cấp (Superior Double Room)";"2 người lớn";"412.047";"0";"0";"0";"1";"0";"0";"0";"0";"0";"0";"0";"0";"0";"0";"0";"0";"1";"0";"0";"0";"0";"0";"0";"0";"0";"0";"0";"0";"0";"0";"1";"0";"0";"0";"0";"0";"0";"0";"0";"0";"0";"0";"0";"0";"0";"0";"0";"0";"0";"0";"0";"0";"0";"0";"0";"0";"0";"0";"0";"0";"0";"0";"0";"0";"0";"0";"0";"0";"0";"0";"0";"1";"0";"0";"0";"0";"0";"0";"0";"0";"0";"0";"0";"0";"0";"1";"0";"0";"0";"1";"0";"0";"0";"0";"0";"0";"0";"0";"0";"0";"0";"0";"0";"0";"0";"0";"0";"0";"0";"1";"0";"0";"1";"0";"0";"0";"0";"0";"0"
"52230359";"Hải Vân Hotel - 488 Võ Nguyên Giáp, DB - by BAY LUXURY (Hai Van Hotel - 488 Vo Nguyen Giap, DB - by BAY LUXURY)";"488 Đường Võ Nguyên Giáp, Điện Biên Phủ, Điện Biên Phủ, Việt Nam";"Phòng Superior Giường Đôi/2 Giường Đơn (Superior Double or Twin Room)";"2 người lớn";"777.439";"0";"0";"0";"0";"0";"0";"0";"0";"0";"0";"0";"0";"0";"0";"0";"0";"0";"0";"0";"0";"0";"0";"0";"0";"0";"0";"0";"1";"0";"0";"0";"0";"0";"0";"0";"0";"0";"0";"0";"0";"0";"0";"1";"0";"0";"0";"0";"0";"0";"0";"0";"0";"0";"0";"0";"0";"0";"0";"0";"0";"0";"0";"0";"0";"0";"0";"0";"0";"0";"0";"0";"1";"0";"0";"0";"0";"0";"0";"0";"0";"0";"0";"0";"0";"0";"0";"0";"0";"0";"1";"0";"0";"0";"0";"0";"0";"0";"0";"0";"0";"0";"0";"0";"0";"0";"0";"0";"0";"0";"1";"0";"0";"1";"0";"0";"0";"0";"0";"0"
"66823148";"Nhà riêng m² 2 phòng ngủ, 1 phòng tắm riêng ở Điện Biên Phủ (Viet Cuong Hotel)";"Điện Biên Phủ, Điện Biên Phủ, Việt Nam";"Nhà riêng (home)";"4 người lớn & 1 trẻ em (0-7 tuổi)";"204.391";"0";"0";"0";"0";"0";"0";"0";"0";"0";"0";"0";"0";"0";"0";"0";"0";"1";"0";"0";"0";"0";"0";"0";"0";"0";"0";"1";"0";"1";"0";"0";"0";"0";"0";"0";"0";"0";"0";"0";"0";"0";"0";"0";"0";"0";"0";"0";"0";"0";"0";"0";"0";"0";"0";"0";"0";"0";"0";"0";"0";"0";"0";"0";"0";"0";"0";"0";"0";"0";"0";"0";"0";"0";"0";"0";"0";"0";"0";"0";"0";"0";"0";"0";"0";"0";"0";"0";"0";"0";"0";"0";"0";"0";"0";"0";"0";"0";"0";"0";"1";"0";"0";"0";"0";"0";"0";"0";"0";"1";"0";"0";"0";"1";"0";"0";"0";"0";"0";"0"
"68857127";"AGRI HOTEL DIEN BIEN PHU BY BAY LUXURY";"679 Vo Nguyen Giap, 32000, Dien Bien Phu, Điện Biên Phủ, Điện Biên Phủ, Việt Nam, 32000";"Standard Room";"2 người lớn";"491.274";"0";"0";"0";"1";"0";"0";"0";"0";"0";"0";"0";"0";"0";"0";"0";"0";"0";"0";"0";"0";"0";"0";"0";"0";"0";"0";"0";"0";"0";"0";"0";"0";"0";"0";"0";"0";"0";"0";"0";"0";"0";"0";"0";"0";"0";"0";"0";"0";"0";"0";"0";"0";"0";"0";"0";"0";"0";"0";"0";"0";"0";"0";"0";"0";"0";"0";"0";"0";"0";"0";"0";"0";"0";"0";"0";"0";"0";"0";"0";"0";"0";"0";"0";"0";"0";"0";"0";"0";"0";"1";"0";"0";"0";"0";"0";"0";"0";"0";"0";"0";"0";"0";"0";"0";"0";"0";"0";"0";"0";"0";"0";"0";"1";"0";"0";"0";"0";"0";"0"
"64724966";"Căn hộ 40 m² 1 phòng ngủ, 1 phòng tắm riêng ở Điện Biên Phủ (Plum Flower Apartment)";"Điện Biên Phủ, Điện Biên Phủ, Việt Nam";"Căn hộ (Apartment)";"4 người lớn & 1 trẻ em (0-7 tuổi)";"520.166";"0";"0";"0";"0";"0";"0";"0";"0";"0";"0";"0";"0";"0";"0";"0";"0";"1";"0";"0";"0";"0";"0";"0";"0";"1";"0";"0";"0";"0";"0";"0";"0";"0";"0";"0";"0";"0";"0";"0";"0";"0";"0";"0";"0";"0";"0";"0";"0";"1";"0";"0";"0";"0";"0";"0";"0";"0";"0";"1";"0";"0";"0";"0";"0";"0";"0";"0";"0";"0";"0";"0";"0";"0";"0";"0";"0";"0";"0";"1";"0";"0";"0";"0";"0";"0";"1";"0";"0";"0";"0";"0";"0";"0";"0";"0";"0";"0";"0";"0";"1";"0";"0";"0";"0";"0";"0";"1";"0";"1";"0";"0";"0";"1";"0";"0";"0";"0";"0";"0"
"73512602";"Ha Linh Hotel Dien Bien - by Bay Luxury";"196 Nguyen Huu Tho, Điện Biên Phủ, Điện Biên Phủ, Việt Nam";"Standard Room";"2 người lớn";"345.814";"0";"0";"0";"1";"0";"0";"0";"0";"0";"0";"0";"0";"0";"0";"0";"0";"0";"0";"0";"0";"0";"0";"0";"0";"0";"0";"0";"0";"0";"0";"0";"0";"0";"0";"0";"0";"0";"0";"0";"0";"0";"0";"0";"0";"0";"0";"0";"0";"0";"0";"0";"0";"0";"0";"0";"0";"0";"0";"0";"0";"0";"0";"0";"0";"0";"0";"0";"0";"0";"0";"0";"0";"0";"0";"0";"0";"0";"0";"0";"0";"0";"0";"0";"0";"0";"0";"0";"0";"0";"1";"0";"0";"0";"0";"0";"0";"0";"0";"0";"0";"0";"0";"0";"0";"0";"0";"0";"0";"0";"0";"0";"0";"0";"0";"0";"0";"0";"0";"0"
"965433";"Khách sạn Boutique Hồng Kỳ (Hong Ky Boutique Hotel)";"Số 60, đường Hoàng Công Chất, phường Mường Thanh, thành phố Điện Biên Phủ, tỉnh Điện Biên, Điện Biên Phủ, Điện Biên Phủ, Việt Nam";"Phòng King (King Room)";"2 người lớn";"370.370";"1";"0";"0";"0";"0";"0";"0";"0";"0";"0";"0";"0";"0";"0";"0";"0";"0";"0";"0";"0";"1";"0";"0";"0";"0";"0";"0";"0";"0";"0";"0";"0";"0";"0";"0";"0";"0";"0";"0";"0";"0";"0";"0";"0";"0";"0";"0";"0";"0";"0";"0";"0";"0";"0";"0";"0";"0";"0";"0";"0";"0";"0";"0";"0";"0";"0";"0";"0";"0";"0";"0";"0";"1";"0";"0";"0";"0";"0";"1";"1";"0";"0";"1";"0";"0";"0";"0";"0";"0";"1";"0";"0";"0";"0";"0";"0";"0";"0";"0";"0";"0";"0";"0";"0";"0";"1";"1";"0";"1";"1";"0";"0";"1";"0";"0";"0";"0";"0";"1"
"965433";"Khách sạn Boutique Hồng Kỳ (Hong Ky Boutique Hotel)";"Số 60, đường Hoàng Công Chất, phường Mường Thanh, thành phố Điện Biên Phủ, tỉnh Điện Biên, Điện Biên Phủ, Điện Biên Phủ, Việt Nam";"Phòng 2 Giường Đơn Nhìn Ra Núi (Twin Room with Mountain View)";"2 người lớn";"416.667";"0";"0";"0";"0";"0";"0";"0";"0";"0";"0";"0";"0";"0";"0";"0";"0";"0";"0";"0";"0";"0";"0";"0";"0";"0";"0";"0";"1";"0";"0";"1";"0";"0";"0";"0";"0";"0";"0";"0";"0";"0";"0";"0";"0";"0";"0";"0";"0";"0";"0";"0";"0";"0";"0";"0";"0";"0";"0";"0";"0";"0";"0";"0";"0";"0";"0";"0";"0";"0";"0";"0";"0";"1";"0";"0";"0";"0";"0";"1";"1";"0";"0";"1";"0";"1";"0";"0";"0";"0";"1";"0";"0";"0";"0";"0";"0";"0";"0";"0";"0";"0";"0";"0";"0";"0";"1";"0";"0";"1";"1";"0";"0";"1";"0";"0";"0";"0";"0";"1"
"965433";"Khách sạn Boutique Hồng Kỳ (Hong Ky Boutique Hotel)";"Số 60, đường Hoàng Công Chất, phường Mường Thanh, thành phố Điện Biên Phủ, tỉnh Điện Biên, Điện Biên Phủ, Điện Biên Phủ, Việt Nam";"Phòng 2 Giường Đơn Nhìn Ra Núi (Twin Room with Mountain View)";"1 người lớn & 1 trẻ em (0-6 tuổi) Vượt quá sức chứa phòng";"395.833";"0";"0";"0";"0";"0";"0";"0";"0";"0";"0";"0";"0";"0";"0";"0";"0";"0";"0";"0";"0";"0";"0";"0";"0";"0";"0";"0";"1";"0";"0";"1";"0";"0";"0";"0";"0";"0";"0";"0";"0";"0";"0";"0";"0";"0";"0";"0";"0";"0";"0";"0";"0";"0";"0";"0";"0";"0";"0";"0";"0";"0";"0";"0";"0";"0";"0";"0";"0";"0";"0";"0";"0";"1";"0";"0";"0";"0";"0";"1";"1";"0";"0";"1";"0";"1";"0";"0";"0";"0";"1";"0";"0";"0";"0";"0";"0";"0";"0";"0";"0";"0";"0";"0";"0";"0";"1";"0";"0";"1";"1";"0";"0";"1";"0";"0";"0";"0";"0";"1"
"55648740";"Homestay Minh Ngọc (Homestay Minh Ngoc)";"No. 32, Ban Mo Village, Dien Bien Phu Ward, Dien Bien Province, Điện Biên Phủ, Điện Biên Phủ, Việt Nam, 82103";"Căn Hộ (Apartment)";"2 người lớn";"962.500";"0";"0";"0";"0";"0";"0";"0";"0";"1";"0";"0";"0";"0";"0";"0";"0";"0";"0";"0";"0";"0";"0";"0";"0";"0";"0";"0";"0";"0";"0";"0";"0";"0";"0";"0";"0";"0";"0";"0";"0";"0";"0";"0";"0";"0";"0";"0";"0";"0";"1";"0";"1";"0";"0";"1";"0";"0";"0";"0";"0";"0";"0";"0";"0";"0";"0";"0";"0";"0";"0";"0";"1";"0";"0";"0";"0";"0";"0";"1";"0";"0";"0";"0";"0";"0";"0";"0";"0";"0";"0";"0";"0";"0";"0";"0";"1";"0";"0";"0";"0";"0";"0";"0";"0";"0";"0";"1";"1";"0";"1";"0";"0";"1";"0";"0";"0";"0";"0";"1"
"55648740";"Homestay Minh Ngọc (Homestay Minh Ngoc)";"No. 32, Ban Mo Village, Dien Bien Phu Ward, Dien Bien Province, Điện Biên Phủ, Điện Biên Phủ, Việt Nam, 82103";"Căn Hộ (Apartment)";"3 người lớn";"1.031.250";"0";"0";"0";"0";"0";"0";"0";"0";"1";"0";"0";"0";"0";"0";"0";"0";"0";"0";"0";"0";"0";"0";"0";"0";"0";"0";"0";"0";"0";"0";"0";"0";"0";"0";"0";"0";"0";"0";"0";"0";"0";"0";"0";"0";"0";"0";"0";"0";"0";"1";"0";"1";"0";"0";"1";"0";"0";"0";"0";"0";"0";"0";"0";"0";"0";"0";"0";"0";"0";"0";"0";"1";"0";"0";"0";"0";"0";"0";"1";"0";"0";"0";"0";"0";"0";"0";"0";"0";"0";"0";"0";"0";"0";"0";"0";"1";"0";"0";"0";"0";"0";"0";"0";"0";"0";"0";"1";"1";"0";"1";"0";"0";"1";"0";"0";"0";"0";"0";"1"
"55648740";"Homestay Minh Ngọc (Homestay Minh Ngoc)";"No. 32, Ban Mo Village, Dien Bien Phu Ward, Dien Bien Province, Điện Biên Phủ, Điện Biên Phủ, Việt Nam, 82103";"Căn Hộ (Apartment)";"1 người lớn Vượt quá sức chứa phòng";"893.750";"0";"0";"0";"0";"0";"0";"0";"0";"1";"0";"0";"0";"0";"0";"0";"0";"0";"0";"0";"0";"0";"0";"0";"0";"0";"0";"0";"0";"0";"0";"0";"0";"0";"0";"0";"0";"0";"0";"0";"0";"0";"0";"0";"0";"0";"0";"0";"0";"0";"1";"0";"1";"0";"0";"1";"0";"0";"0";"0";"0";"0";"0";"0";"0";"0";"0";"0";"0";"0";"0";"0";"1";"0";"0";"0";"0";"0";"0";"1";"0";"0";"0";"0";"0";"0";"0";"0";"0";"0";"0";"0";"0";"0";"0";"0";"1";"0";"0";"0";"0";"0";"0";"0";"0";"0";"0";"1";"1";"0";"1";"0";"0";"1";"0";"0";"0";"0";"0";"1"
"71713591";"Minh Thuy Hotel Dien Bien Phu -BayLuxury";"32 to 4 D. Nguyen Chi Thanh, Điện Biên Phủ, Điện Biên Phủ, Việt Nam, 380000";"Phòng Tiêu chuẩn (1 giường Queen) (Standard Room (1 Queen bed))";"2 người lớn";"374.271";"0";"0";"0";"0";"0";"0";"0";"0";"0";"0";"0";"0";"0";"0";"0";"0";"0";"0";"0";"0";"0";"0";"0";"0";"0";"0";"0";"0";"0";"0";"0";"0";"0";"0";"0";"0";"0";"0";"0";"0";"0";"0";"0";"0";"0";"0";"0";"0";"0";"0";"0";"0";"0";"0";"0";"0";"0";"0";"0";"0";"0";"0";"0";"0";"0";"0";"0";"0";"0";"0";"0";"0";"0";"0";"0";"0";"0";"0";"0";"0";"0";"0";"0";"0";"0";"0";"0";"0";"0";"1";"0";"0";"0";"0";"0";"0";"0";"0";"0";"0";"0";"0";"0";"0";"0";"0";"0";"0";"0";"0";"0";"0";"0";"0";"0";"0";"0";"0";"0"
"64208109";"An's home homestay";"Bản Giảng- Co Ké xã Thanh Nưa, huyện Điện Biên tỉnh Điện Biên, Điện Biên Phủ, Điện Biên Phủ, Việt Nam, 32200";"Phòng Gia Đình (Family Room)";"2 người lớn";"344.669";"0";"0";"0";"1";"0";"0";"0";"0";"0";"0";"0";"0";"0";"0";"0";"0";"0";"0";"0";"0";"0";"0";"0";"0";"0";"0";"0";"0";"0";"0";"0";"0";"0";"1";"0";"0";"0";"0";"0";"0";"0";"0";"0";"0";"0";"0";"0";"0";"0";"0";"0";"1";"0";"0";"0";"0";"0";"0";"0";"0";"0";"0";"0";"0";"0";"0";"0";"0";"0";"0";"0";"0";"1";"0";"0";"0";"0";"0";"1";"1";"0";"0";"1";"0";"0";"0";"0";"0";"0";"1";"0";"0";"0";"0";"0";"0";"0";"0";"0";"0";"0";"0";"0";"0";"1";"0";"0";"0";"0";"1";"0";"0";"1";"0";"0";"1";"0";"0";"1"
"74641926";"Khu văn hóa ẩm thực Làng Thái - Khách sạn Mini Điện Biên Riverside (Khu van hoa am thuc Lang Thai - Khach san Mini Đien Bien Riverside)";"Tổ 2, Phường Thanh Bình, Điện Biên Phủ, Điện Biên Phủ, Việt Nam, 32000";"Phòng Deluxe Giường Đôi/2 Giường Đơn Có Ban Công (Deluxe Double or Twin Room with Balcony)";"2 người lớn";"567.357";"0";"0";"1";"0";"0";"0";"0";"0";"0";"0";"0";"0";"0";"0";"0";"0";"0";"0";"0";"0";"0";"0";"0";"0";"0";"0";"0";"0";"0";"0";"0";"0";"0";"0";"0";"0";"0";"0";"0";"0";"0";"0";"1";"0";"0";"0";"0";"0";"0";"0";"0";"1";"0";"0";"0";"0";"0";"0";"0";"0";"0";"0";"0";"0";"0";"0";"0";"0";"0";"0";"0";"0";"0";"1";"0";"0";"0";"0";"1";"0";"0";"0";"0";"0";"0";"0";"0";"0";"0";"1";"0";"0";"0";"0";"0";"0";"0";"0";"0";"0";"0";"0";"0";"0";"1";"0";"1";"1";"0";"1";"0";"0";"1";"0";"0";"0";"0";"0";"1"
"74641926";"Khu văn hóa ẩm thực Làng Thái - Khách sạn Mini Điện Biên Riverside (Khu van hoa am thuc Lang Thai - Khach san Mini Đien Bien Riverside)";"Tổ 2, Phường Thanh Bình, Điện Biên Phủ, Điện Biên Phủ, Việt Nam, 32000";"Phòng 3 Người Nhìn Ra Hồ Nước (Triple Room with Lake View)";"3 người lớn";"709.196";"0";"0";"0";"0";"0";"0";"0";"0";"0";"0";"0";"0";"0";"0";"0";"0";"0";"0";"0";"0";"0";"0";"0";"0";"0";"0";"0";"0";"0";"0";"0";"0";"0";"0";"0";"0";"0";"0";"0";"1";"0";"0";"0";"0";"1";"0";"0";"0";"0";"0";"0";"1";"0";"0";"0";"0";"0";"0";"0";"0";"0";"0";"0";"0";"0";"0";"0";"0";"0";"0";"0";"0";"0";"1";"0";"0";"0";"0";"1";"0";"0";"0";"0";"0";"0";"0";"0";"0";"0";"0";"0";"0";"0";"0";"0";"1";"0";"0";"0";"0";"0";"0";"0";"0";"1";"0";"1";"1";"0";"1";"0";"0";"1";"0";"0";"0";"0";"0";"1"
"56343961";"Hưng Hà Hotel DB - by BAY LUXURY (Hung Ha Hotel DB - by BAY LUXURY)";"83 Cầu Thanh Bình, Điện Biên Phủ, Điện Biên Phủ, Việt Nam";"Phòng Tiêu Chuẩn Giường Đôi Lớn (Standard Queen Room)";"2 người lớn";"305.833";"0";"0";"0";"1";"0";"0";"0";"0";"0";"0";"0";"0";"0";"0";"0";"0";"0";"0";"0";"0";"0";"0";"0";"0";"0";"0";"0";"0";"0";"0";"1";"0";"0";"0";"0";"0";"0";"0";"0";"0";"0";"0";"0";"0";"0";"0";"0";"0";"0";"0";"0";"0";"0";"0";"0";"0";"0";"0";"0";"0";"0";"0";"0";"0";"0";"0";"0";"0";"0";"0";"0";"0";"0";"0";"0";"0";"0";"0";"1";"0";"0";"0";"0";"0";"0";"0";"0";"0";"0";"1";"0";"0";"0";"0";"0";"0";"0";"0";"0";"0";"0";"0";"0";"0";"0";"0";"0";"0";"0";"1";"0";"0";"1";"0";"0";"0";"0";"0";"1"
"56343961";"Hưng Hà Hotel DB - by BAY LUXURY (Hung Ha Hotel DB - by BAY LUXURY)";"83 Cầu Thanh Bình, Điện Biên Phủ, Điện Biên Phủ, Việt Nam";"Phòng Tiêu Chuẩn Giường Đôi Lớn (Standard Queen Room)";"1 người lớn Vượt quá sức chứa phòng";"305.833";"0";"0";"0";"1";"0";"0";"0";"0";"0";"0";"0";"0";"0";"0";"0";"0";"0";"0";"0";"0";"0";"0";"0";"0";"0";"0";"0";"0";"0";"0";"1";"0";"0";"0";"0";"0";"0";"0";"0";"0";"0";"0";"0";"0";"0";"0";"0";"0";"0";"0";"0";"0";"0";"0";"0";"0";"0";"0";"0";"0";"0";"0";"0";"0";"0";"0";"0";"0";"0";"0";"0";"0";"0";"0";"0";"0";"0";"0";"1";"0";"0";"0";"0";"0";"0";"0";"0";"0";"0";"1";"0";"0";"0";"0";"0";"0";"0";"0";"0";"0";"0";"0";"0";"0";"0";"0";"0";"0";"0";"1";"0";"0";"1";"0";"0";"0";"0";"0";"1"
"56343961";"Hưng Hà Hotel DB - by BAY LUXURY (Hung Ha Hotel DB - by BAY LUXURY)";"83 Cầu Thanh Bình, Điện Biên Phủ, Điện Biên Phủ, Việt Nam";"Phòng 4 Người (Quadruple Room)";"4 người lớn";"367.499";"0";"0";"0";"0";"0";"0";"0";"0";"0";"0";"0";"0";"0";"0";"0";"0";"0";"0";"0";"0";"0";"0";"0";"0";"1";"0";"0";"0";"0";"0";"0";"0";"0";"0";"1";"0";"0";"0";"0";"0";"0";"0";"0";"0";"0";"0";"0";"0";"0";"0";"0";"0";"0";"0";"0";"0";"0";"0";"0";"0";"0";"0";"0";"0";"0";"0";"0";"0";"0";"0";"0";"1";"0";"0";"0";"0";"0";"0";"0";"0";"0";"0";"0";"0";"0";"0";"0";"0";"0";"0";"0";"0";"0";"0";"0";"0";"0";"0";"0";"1";"0";"0";"0";"0";"0";"0";"0";"0";"0";"0";"0";"0";"1";"0";"0";"0";"0";"0";"1"
"50217527";"Eco Rose Homestay";"77 Sùng Phái Sinh, tổ 6, phường Tân Thanh, Điện Biên Phủ, Điện Biên Phủ, Việt Nam";"Phòng 4 Người (Quadruple Room)";"Thông tin sức chứa phòng: 2 người lớn và 2 trẻ em.";"1.257.422
₫";"0";"0";"0";"0";"0";"0";"0";"0";"0";"0";"0";"0";"0";"0";"0";"0";"0";"0";"0";"0";"0";"0";"0";"0";"1";"0";"0";"0";"0";"0";"0";"0";"0";"0";"0";"0";"0";"0";"0";"0";"0";"0";"0";"0";"0";"0";"0";"0";"0";"0";"0";"1";"0";"0";"0";"0";"0";"0";"0";"0";"0";"0";"0";"0";"0";"0";"1";"0";"0";"0";"0";"0";"0";"0";"0";"1";"0";"0";"0";"0";"0";"0";"0";"0";"0";"0";"0";"0";"0";"0";"0";"0";"0";"0";"0";"0";"0";"0";"0";"0";"0";"0";"0";"0";"0";"1";"1";"0";"0";"1";"0";"1";"0";"1";"0";"1";"0";"0";"0"
"50217527";"Eco Rose Homestay";"77 Sùng Phái Sinh, tổ 6, phường Tân Thanh, Điện Biên Phủ, Điện Biên Phủ, Việt Nam";"Phòng 4 Người (Quadruple Room)";"Thông tin sức chứa phòng: 4 người lớn và 1 trẻ em.";"1.461.126
₫";"0";"0";"0";"0";"0";"0";"0";"0";"0";"0";"0";"0";"0";"0";"0";"0";"0";"0";"0";"0";"0";"0";"0";"0";"1";"0";"0";"0";"0";"0";"0";"0";"0";"0";"0";"0";"0";"0";"0";"0";"0";"0";"0";"0";"0";"0";"0";"0";"0";"0";"0";"1";"0";"0";"0";"0";"0";"0";"0";"0";"0";"0";"0";"0";"0";"0";"1";"0";"0";"0";"0";"0";"0";"0";"0";"1";"0";"0";"0";"0";"0";"0";"0";"0";"0";"0";"0";"0";"0";"0";"0";"0";"0";"0";"0";"0";"0";"0";"0";"0";"0";"0";"0";"0";"0";"1";"1";"0";"0";"1";"0";"1";"0";"1";"0";"1";"0";"0";"0"
"74537591";"Khách sạn Mini Dien Bien Riverside - KVH Làng Thái (Khach san Mini Dien Bien Riverside - KVH Lang Thai)";"Phuong Thanh Binh, To 2, Điện Biên Phủ, Điện Biên Phủ, Việt Nam, 32000";"Phòng Đôi (Double Room)";"Thông tin sức chứa phòng: 2 người lớn.";"330.906
₫";"0";"1";"0";"0";"0";"0";"0";"0";"0";"0";"0";"0";"0";"0";"0";"0";"0";"0";"0";"0";"0";"0";"0";"0";"0";"0";"0";"0";"0";"0";"0";"0";"0";"0";"0";"0";"0";"0";"0";"0";"0";"0";"0";"0";"0";"0";"0";"0";"0";"0";"0";"1";"0";"0";"0";"0";"0";"0";"0";"1";"0";"0";"0";"0";"0";"1";"0";"0";"0";"0";"0";"0";"0";"1";"0";"0";"0";"0";"0";"0";"0";"0";"0";"0";"0";"0";"0";"0";"0";"0";"0";"0";"0";"0";"0";"0";"0";"0";"0";"0";"0";"0";"0";"0";"0";"1";"1";"0";"0";"1";"0";"0";"1";"0";"0";"0";"0";"0";"0"
"74537591";"Khách sạn Mini Dien Bien Riverside - KVH Làng Thái (Khach san Mini Dien Bien Riverside - KVH Lang Thai)";"Phuong Thanh Binh, To 2, Điện Biên Phủ, Điện Biên Phủ, Việt Nam, 32000";"Phòng Đôi (Double Room)";"Thông tin sức chứa phòng: 2 người lớn.";"354.253
₫";"0";"1";"0";"0";"0";"0";"0";"0";"0";"0";"0";"0";"0";"0";"0";"0";"0";"0";"0";"0";"0";"0";"0";"0";"0";"0";"0";"0";"0";"0";"0";"0";"0";"0";"0";"0";"0";"0";"0";"0";"0";"0";"0";"0";"0";"0";"0";"0";"0";"0";"0";"1";"0";"0";"0";"0";"0";"0";"0";"1";"0";"0";"0";"0";"0";"1";"0";"0";"0";"0";"0";"0";"0";"1";"0";"0";"0";"0";"0";"0";"0";"0";"0";"0";"0";"0";"0";"0";"0";"0";"0";"0";"0";"0";"0";"0";"0";"0";"0";"0";"0";"0";"0";"0";"0";"1";"1";"0";"0";"1";"0";"0";"1";"0";"0";"0";"0";"0";"0"
"74537591";"Khách sạn Mini Dien Bien Riverside - KVH Làng Thái (Khach san Mini Dien Bien Riverside - KVH Lang Thai)";"Phuong Thanh Binh, To 2, Điện Biên Phủ, Điện Biên Phủ, Việt Nam, 32000";"Phòng Superior 3 người (Triple Superior)";"Thông tin sức chứa phòng: 3 người lớn.";"437.044
₫";"0";"0";"0";"0";"0";"0";"0";"0";"0";"0";"0";"0";"0";"0";"0";"0";"0";"0";"0";"0";"0";"0";"0";"0";"0";"0";"0";"0";"0";"0";"0";"0";"0";"0";"0";"0";"0";"0";"1";"0";"0";"0";"0";"0";"0";"0";"0";"0";"0";"0";"0";"1";"0";"0";"0";"0";"0";"0";"0";"1";"0";"0";"0";"0";"0";"0";"1";"0";"0";"0";"0";"0";"0";"1";"0";"0";"0";"1";"0";"0";"0";"0";"0";"0";"0";"0";"0";"0";"0";"0";"0";"0";"0";"0";"0";"0";"0";"0";"0";"0";"0";"0";"0";"0";"0";"0";"1";"0";"0";"1";"0";"0";"1";"0";"0";"0";"0";"0";"0"
"74537591";"Khách sạn Mini Dien Bien Riverside - KVH Làng Thái (Khach san Mini Dien Bien Riverside - KVH Lang Thai)";"Phuong Thanh Binh, To 2, Điện Biên Phủ, Điện Biên Phủ, Việt Nam, 32000";"Phòng Superior 3 người (Triple Superior)";"Thông tin sức chứa phòng: 2 người lớn.";"441.094
₫";"0";"0";"0";"0";"0";"0";"0";"0";"0";"0";"0";"0";"0";"0";"0";"0";"0";"0";"0";"0";"0";"0";"0";"0";"0";"0";"0";"0";"0";"0";"0";"0";"0";"0";"0";"0";"0";"0";"1";"0";"0";"0";"0";"0";"0";"0";"0";"0";"0";"0";"0";"1";"0";"0";"0";"0";"0";"0";"0";"1";"0";"0";"0";"0";"0";"0";"1";"0";"0";"0";"0";"0";"0";"1";"0";"0";"0";"1";"0";"0";"0";"0";"0";"0";"0";"0";"0";"0";"0";"0";"0";"0";"0";"0";"0";"0";"0";"0";"0";"0";"0";"0";"0";"0";"0";"0";"1";"0";"0";"1";"0";"0";"1";"0";"0";"0";"0";"0";"0"
"64724959";"Nhà riêng 70 m² 2 phòng ngủ, 1 phòng tắm riêng ở Điện Biên Phủ (Căn Hoa Cải)";"Điện Biên Phủ, Điện Biên Phủ, Việt Nam";"Nhà riêng (home )";"Thông tin sức chứa phòng: 2 người lớn và 1 trẻ em.";"1.627.231
₫";"0";"0";"0";"0";"0";"0";"0";"0";"0";"0";"0";"0";"0";"0";"0";"0";"0";"0";"0";"0";"0";"0";"0";"1";"0";"0";"0";"0";"1";"1";"0";"0";"0";"0";"0";"0";"0";"0";"0";"0";"0";"0";"0";"0";"0";"0";"0";"0";"0";"0";"0";"0";"0";"0";"0";"0";"0";"0";"1";"0";"0";"0";"0";"0";"0";"0";"0";"0";"1";"0";"0";"0";"0";"0";"0";"0";"0";"0";"1";"0";"0";"0";"0";"0";"0";"0";"0";"0";"0";"0";"0";"0";"0";"0";"0";"0";"0";"0";"0";"0";"0";"0";"0";"0";"0";"0";"1";"0";"0";"0";"0";"0";"1";"0";"0";"0";"0";"0";"0"
"56330896";"Ha Linh Hotel DB - by BAY LUXURY";"196 Nguyễn Hữu Thọ, Điện Biên Phủ, Điện Biên Phủ, Việt Nam";"Phòng Tiêu Chuẩn Giường Đôi Lớn (Standard Queen Room)";"Thông tin sức chứa phòng: 2 người lớn.";"407.428
₫";"0";"0";"0";"1";"0";"0";"0";"0";"0";"0";"0";"0";"0";"0";"0";"0";"0";"0";"0";"0";"0";"0";"0";"0";"0";"0";"0";"0";"0";"0";"0";"0";"0";"0";"0";"0";"0";"0";"0";"0";"0";"0";"0";"0";"0";"0";"0";"0";"0";"0";"0";"0";"0";"0";"0";"0";"0";"0";"0";"0";"0";"0";"0";"0";"1";"0";"0";"0";"0";"0";"0";"0";"0";"0";"0";"0";"0";"0";"1";"0";"0";"0";"0";"0";"0";"0";"0";"0";"0";"0";"0";"0";"0";"0";"0";"0";"0";"0";"0";"0";"0";"0";"0";"0";"0";"0";"0";"1";"0";"1";"0";"0";"1";"0";"0";"0";"0";"0";"0"
"56330896";"Ha Linh Hotel DB - by BAY LUXURY";"196 Nguyễn Hữu Thọ, Điện Biên Phủ, Điện Biên Phủ, Việt Nam";"Phòng Ba Người (Triple Room)";"Thông tin sức chứa phòng: 3 người lớn.";"540.466
₫";"0";"0";"0";"0";"0";"0";"0";"0";"0";"0";"0";"1";"0";"0";"0";"0";"0";"0";"0";"0";"0";"0";"0";"0";"0";"0";"0";"0";"0";"0";"0";"0";"0";"0";"0";"0";"0";"0";"0";"0";"0";"0";"0";"0";"0";"0";"0";"0";"0";"0";"0";"0";"0";"0";"0";"0";"0";"0";"0";"0";"0";"0";"0";"0";"0";"0";"0";"0";"0";"0";"0";"0";"0";"0";"0";"0";"0";"0";"0";"0";"0";"0";"0";"0";"0";"0";"0";"0";"0";"0";"0";"0";"0";"0";"0";"0";"0";"0";"0";"0";"0";"0";"0";"0";"0";"0";"0";"0";"0";"0";"0";"0";"1";"0";"0";"0";"0";"0";"0"
"56330896";"Ha Linh Hotel DB - by BAY LUXURY";"196 Nguyễn Hữu Thọ, Điện Biên Phủ, Điện Biên Phủ, Việt Nam";"Phòng 4 Người (Quadruple Room)";"Thông tin sức chứa phòng: 4 người lớn.";"677.661
₫";"0";"0";"0";"0";"0";"0";"0";"0";"0";"0";"0";"0";"0";"0";"0";"0";"0";"0";"0";"0";"0";"0";"0";"0";"1";"0";"0";"0";"0";"0";"0";"0";"0";"0";"0";"0";"0";"0";"0";"0";"0";"0";"0";"0";"0";"0";"0";"0";"0";"0";"0";"0";"0";"0";"0";"0";"0";"0";"0";"0";"0";"0";"0";"0";"0";"0";"0";"0";"0";"0";"0";"0";"0";"0";"0";"0";"0";"0";"0";"0";"0";"0";"0";"0";"0";"0";"0";"0";"0";"0";"0";"0";"0";"0";"0";"0";"0";"0";"0";"0";"0";"0";"0";"0";"0";"0";"0";"0";"0";"0";"0";"0";"1";"0";"0";"0";"0";"0";"0"
"55014714";"Agri Hotel Điện DB - by BAY LUXURY (Agri Hotel Đien DB - by BAY LUXURY)";"679 Đường Võ Nguyên Giáp, Điện Biên Phủ, Điện Biên Phủ, Việt Nam";"Phòng Hai Giường Đơn (Twin Room)";"Thông tin sức chứa phòng: 2 người lớn.";"478.936
₫";"0";"0";"0";"0";"0";"0";"0";"0";"0";"0";"0";"0";"0";"0";"0";"0";"0";"0";"0";"0";"0";"0";"0";"0";"0";"0";"0";"1";"0";"0";"0";"0";"0";"0";"0";"0";"0";"0";"0";"0";"0";"0";"0";"0";"0";"0";"0";"0";"0";"0";"0";"0";"0";"0";"0";"0";"0";"0";"0";"0";"0";"0";"0";"0";"1";"0";"0";"0";"0";"0";"0";"1";"0";"0";"0";"0";"0";"0";"0";"0";"0";"0";"0";"0";"0";"0";"0";"0";"0";"0";"0";"0";"0";"0";"0";"0";"0";"0";"0";"0";"0";"0";"0";"0";"0";"0";"0";"0";"0";"1";"0";"0";"1";"0";"0";"0";"0";"0";"0"
"55014714";"Agri Hotel Điện DB - by BAY LUXURY (Agri Hotel Đien DB - by BAY LUXURY)";"679 Đường Võ Nguyên Giáp, Điện Biên Phủ, Điện Biên Phủ, Việt Nam";"Phòng Tiêu Chuẩn Giường Đôi (Standard Double Room)";"Thông tin sức chứa phòng: 2 người lớn.";"478.936
₫";"0";"0";"0";"1";"0";"0";"0";"0";"0";"0";"0";"0";"0";"0";"0";"0";"0";"0";"0";"0";"0";"0";"0";"0";"0";"0";"0";"0";"0";"0";"0";"0";"0";"0";"0";"0";"0";"0";"0";"0";"0";"0";"0";"0";"0";"0";"0";"0";"0";"0";"0";"0";"0";"0";"0";"0";"0";"0";"0";"0";"0";"0";"0";"0";"1";"0";"0";"0";"0";"0";"0";"1";"0";"0";"0";"0";"0";"0";"0";"0";"0";"0";"0";"0";"0";"0";"0";"0";"0";"0";"0";"0";"0";"0";"0";"0";"0";"0";"0";"0";"0";"0";"0";"0";"0";"0";"0";"0";"0";"1";"0";"0";"1";"0";"0";"0";"0";"0";"0"
"35305137";"Nhà nghỉ Xuân Long - Xuan Long gues - Tỉnh Điện Biên (Nha nghi Xuan Long - Xuan Long gues - Tinh Đien Bien)";"Cuối đường đôi thành phố điện phủ, Điện biên Cách cây xăng c4 200m, Điện Biên Phủ, Điện Biên Phủ, Việt Nam";"Phòng Giường đôi Deluxe (2 Người lớn + 1 Trẻ em) (Deluxe Double Room (2 Adults + 1 Child))";"Thông tin sức chứa phòng: 2 người lớn.";"248.162
₫";"0";"0";"0";"1";"0";"0";"0";"0";"0";"0";"0";"0";"0";"0";"0";"0";"0";"0";"0";"0";"0";"0";"0";"0";"0";"0";"0";"0";"0";"0";"0";"0";"0";"0";"0";"0";"0";"0";"0";"0";"0";"0";"0";"0";"0";"0";"0";"0";"0";"0";"0";"1";"0";"0";"0";"0";"0";"1";"0";"0";"0";"0";"0";"0";"0";"1";"0";"0";"0";"1";"0";"0";"1";"0";"0";"0";"0";"0";"0";"0";"0";"0";"0";"0";"0";"0";"0";"0";"0";"0";"0";"0";"0";"0";"0";"0";"0";"0";"0";"0";"0";"0";"0";"0";"0";"0";"1";"0";"0";"1";"0";"0";"0";"1";"0";"0";"0";"0";"1"
"35305137";"Nhà nghỉ Xuân Long - Xuan Long gues - Tỉnh Điện Biên (Nha nghi Xuan Long - Xuan Long gues - Tinh Đien Bien)";"Cuối đường đôi thành phố điện phủ, Điện biên Cách cây xăng c4 200m, Điện Biên Phủ, Điện Biên Phủ, Việt Nam";"Phòng Ba Người Tiêu Chuẩn (Standard Triple Room)";"Thông tin sức chứa phòng: 3 người lớn.";"257.353
₫";"0";"0";"0";"0";"0";"0";"0";"0";"0";"0";"0";"1";"0";"0";"0";"0";"0";"0";"0";"0";"0";"0";"0";"0";"0";"0";"0";"0";"0";"0";"0";"0";"0";"0";"0";"0";"0";"0";"0";"0";"0";"0";"0";"0";"0";"0";"0";"0";"0";"0";"0";"0";"0";"0";"0";"0";"0";"0";"0";"0";"0";"0";"0";"0";"0";"1";"0";"0";"0";"0";"0";"0";"0";"0";"0";"0";"0";"0";"0";"0";"0";"0";"0";"0";"0";"0";"0";"0";"0";"0";"0";"0";"0";"0";"0";"0";"0";"0";"0";"0";"0";"0";"0";"0";"0";"0";"1";"1";"0";"1";"0";"0";"0";"1";"0";"1";"0";"0";"1"
"35305137";"Nhà nghỉ Xuân Long - Xuan Long gues - Tỉnh Điện Biên (Nha nghi Xuan Long - Xuan Long gues - Tinh Đien Bien)";"Cuối đường đôi thành phố điện phủ, Điện biên Cách cây xăng c4 200m, Điện Biên Phủ, Điện Biên Phủ, Việt Nam";"Phòng Deluxe 3 người (Deluxe Triple Room)";"Thông tin sức chứa phòng: 2 người lớn.";"275.735
₫";"0";"0";"0";"0";"0";"0";"0";"0";"0";"0";"0";"0";"0";"0";"0";"0";"0";"0";"0";"0";"0";"0";"0";"0";"0";"0";"0";"0";"0";"0";"0";"0";"0";"0";"0";"0";"0";"0";"1";"0";"0";"0";"0";"0";"0";"0";"0";"0";"0";"0";"0";"1";"0";"0";"0";"0";"0";"1";"0";"0";"0";"0";"0";"0";"0";"0";"1";"0";"0";"1";"0";"0";"0";"0";"0";"0";"0";"0";"1";"0";"0";"0";"0";"0";"0";"0";"0";"0";"0";"0";"0";"0";"0";"0";"0";"0";"0";"0";"0";"0";"0";"0";"0";"0";"0";"0";"1";"0";"0";"1";"0";"0";"0";"1";"0";"0";"0";"0";"1"
"35305137";"Nhà nghỉ Xuân Long - Xuan Long gues - Tỉnh Điện Biên (Nha nghi Xuan Long - Xuan Long gues - Tinh Đien Bien)";"Cuối đường đôi thành phố điện phủ, Điện biên Cách cây xăng c4 200m, Điện Biên Phủ, Điện Biên Phủ, Việt Nam";"Phòng Deluxe 3 người (Deluxe Triple Room)";"Thông tin sức chứa phòng: 3 người lớn.";"303.309
₫";"0";"0";"0";"0";"0";"0";"0";"0";"0";"0";"0";"0";"0";"0";"0";"0";"0";"0";"0";"0";"0";"0";"0";"0";"0";"0";"0";"0";"0";"0";"0";"0";"0";"0";"0";"0";"0";"0";"1";"0";"0";"0";"0";"0";"0";"0";"0";"0";"0";"0";"0";"1";"0";"0";"0";"0";"0";"1";"0";"0";"0";"0";"0";"0";"0";"0";"1";"0";"0";"1";"0";"0";"0";"0";"0";"0";"0";"0";"1";"0";"0";"0";"0";"0";"0";"0";"0";"0";"0";"0";"0";"0";"0";"0";"0";"0";"0";"0";"0";"0";"0";"0";"0";"0";"0";"0";"1";"0";"0";"1";"0";"0";"0";"1";"0";"0";"0";"0";"1"
"35305137";"Nhà nghỉ Xuân Long - Xuan Long gues - Tỉnh Điện Biên (Nha nghi Xuan Long - Xuan Long gues - Tinh Đien Bien)";"Cuối đường đôi thành phố điện phủ, Điện biên Cách cây xăng c4 200m, Điện Biên Phủ, Điện Biên Phủ, Việt Nam";"Phòng Ngủ Tập Thể Cho Cả Nam Và Nữ (Mixed Dormitory Room)";"Thông tin sức chứa phòng: 4 người lớn.";"413.603
₫";"0";"0";"0";"0";"0";"0";"0";"0";"0";"0";"0";"0";"0";"0";"1";"0";"0";"0";"0";"0";"0";"0";"0";"0";"0";"0";"0";"0";"0";"0";"0";"0";"0";"0";"0";"0";"0";"0";"0";"0";"0";"0";"0";"0";"0";"0";"0";"0";"0";"0";"0";"1";"0";"0";"0";"0";"0";"1";"0";"0";"0";"0";"0";"0";"0";"0";"0";"1";"0";"1";"0";"0";"1";"0";"0";"0";"0";"0";"0";"0";"0";"0";"0";"0";"0";"0";"0";"0";"0";"0";"0";"0";"0";"0";"0";"0";"0";"0";"0";"0";"0";"0";"0";"0";"0";"0";"1";"0";"0";"1";"0";"0";"0";"1";"0";"0";"0";"0";"1"
"57923406";"Khách sạn Hồng Kỳ Boutique (Hồng Kỳ Boutique Hotel )";"60 Ho&#224;ng C&#244;ng Chất, Điện Biên Phủ, Điện Biên Phủ, Việt Nam, 084";"Phòng Đôi (Double Room)";"Thông tin sức chứa phòng: 2 người lớn.";"306.377
₫";"0";"0";"0";"0";"0";"0";"0";"0";"0";"0";"0";"0";"0";"0";"0";"0";"0";"0";"0";"0";"0";"0";"0";"0";"0";"0";"0";"0";"0";"0";"0";"0";"0";"0";"0";"0";"0";"0";"0";"0";"0";"0";"0";"0";"0";"0";"0";"0";"0";"0";"0";"0";"0";"0";"0";"0";"0";"0";"0";"0";"0";"0";"1";"0";"0";"0";"0";"0";"0";"0";"0";"0";"1";"0";"0";"0";"0";"0";"0";"0";"0";"0";"0";"0";"0";"0";"0";"0";"0";"0";"0";"0";"0";"0";"0";"0";"0";"0";"0";"0";"0";"0";"0";"0";"0";"0";"0";"0";"0";"0";"0";"0";"0";"0";"0";"0";"0";"0";"0"
"57923406";"Khách sạn Hồng Kỳ Boutique (Hồng Kỳ Boutique Hotel )";"60 Ho&#224;ng C&#244;ng Chất, Điện Biên Phủ, Điện Biên Phủ, Việt Nam, 084";"Deluxe giường đôi hoặc 2 giường (Deluxe Double or Twin)";"Thông tin sức chứa phòng: 2 người lớn và 1 trẻ em.";"348.302
₫";"0";"0";"0";"0";"0";"0";"0";"0";"0";"0";"0";"0";"0";"0";"0";"0";"0";"0";"0";"0";"0";"0";"0";"0";"0";"0";"0";"1";"0";"0";"0";"0";"0";"0";"0";"0";"0";"0";"0";"0";"0";"0";"0";"0";"0";"0";"0";"0";"0";"0";"0";"0";"0";"0";"0";"1";"0";"0";"0";"0";"0";"0";"0";"0";"1";"0";"0";"0";"0";"0";"0";"0";"1";"0";"0";"0";"0";"0";"1";"1";"0";"0";"0";"0";"1";"0";"0";"0";"0";"0";"0";"0";"0";"0";"0";"0";"0";"0";"0";"0";"0";"0";"0";"0";"0";"0";"0";"1";"0";"0";"0";"0";"1";"0";"0";"0";"0";"0";"0"
"59310326";"Đông Thắm Hotel (Đong Tham Hotel)";"tổ 5, phường Mường Thanh, Điện Biên Phủ, Điện Biên Phủ, Việt Nam";"Phòng Đôi (Double Room)";"Thông tin sức chứa phòng: 2 người lớn.";"1.388.889
₫";"0";"0";"0";"1";"0";"0";"0";"0";"0";"0";"0";"0";"0";"0";"0";"0";"0";"0";"0";"0";"0";"0";"0";"0";"0";"0";"0";"0";"0";"0";"0";"0";"0";"0";"0";"0";"0";"0";"0";"0";"0";"0";"0";"0";"0";"0";"0";"0";"0";"0";"0";"1";"0";"0";"0";"0";"0";"0";"0";"0";"0";"0";"1";"0";"0";"0";"0";"0";"0";"0";"0";"1";"0";"0";"0";"0";"0";"0";"1";"0";"0";"0";"0";"0";"0";"0";"0";"0";"0";"0";"0";"0";"0";"0";"0";"0";"0";"0";"0";"0";"0";"0";"0";"0";"0";"0";"1";"1";"0";"1";"0";"0";"1";"0";"0";"0";"0";"0";"1"
"59310326";"Đông Thắm Hotel (Đong Tham Hotel)";"tổ 5, phường Mường Thanh, Điện Biên Phủ, Điện Biên Phủ, Việt Nam";"Phòng Đôi (Double Room)";"Thông tin sức chứa phòng: 1 người lớn.";"1.250.000
₫";"0";"0";"0";"1";"0";"0";"0";"0";"0";"0";"0";"0";"0";"0";"0";"0";"0";"0";"0";"0";"0";"0";"0";"0";"0";"0";"0";"0";"0";"0";"0";"0";"0";"0";"0";"0";"0";"0";"0";"0";"0";"0";"0";"0";"0";"0";"0";"0";"0";"0";"0";"1";"0";"0";"0";"0";"0";"0";"0";"0";"0";"0";"1";"0";"0";"0";"0";"0";"0";"0";"0";"1";"0";"0";"0";"0";"0";"0";"1";"0";"0";"0";"0";"0";"0";"0";"0";"0";"0";"0";"0";"0";"0";"0";"0";"0";"0";"0";"0";"0";"0";"0";"0";"0";"0";"0";"1";"1";"0";"1";"0";"0";"1";"0";"0";"0";"0";"0";"1"
"55311415";"Căn hộ 100 m² 4 phòng ngủ, 1 phòng tắm riêng ở Điện Biên Phủ (Loan homestay)";"Điện Biên Phủ, Điện Biên Phủ, Việt Nam";"Căn hộ (Apartment)";"Thông tin sức chứa phòng: 2 người lớn và 1 trẻ em.";"668.734
₫";"0";"0";"0";"0";"0";"0";"0";"0";"0";"0";"0";"0";"0";"0";"0";"0";"1";"0";"0";"0";"0";"0";"0";"0";"0";"1";"0";"0";"0";"0";"0";"0";"0";"0";"0";"0";"0";"0";"0";"0";"0";"0";"0";"0";"0";"0";"1";"0";"0";"0";"0";"0";"0";"0";"0";"0";"0";"0";"0";"0";"1";"0";"0";"0";"0";"0";"0";"0";"0";"0";"0";"0";"0";"0";"0";"0";"0";"0";"0";"0";"0";"0";"0";"0";"0";"0";"0";"0";"0";"0";"0";"0";"0";"0";"0";"0";"0";"0";"0";"0";"0";"0";"0";"0";"0";"0";"0";"0";"0";"0";"0";"0";"1";"0";"0";"0";"0";"0";"0"
"68033502";"A Thia Homestay";"Nam Thanh, Điện Biên Phủ, Điện Biên Phủ, Việt Nam";"Deluxe Double Room, 1 King Bed, Garden View";"Thông tin sức chứa phòng: 2 người lớn.";"231.765
₫";"0";"0";"0";"0";"0";"0";"0";"0";"0";"0";"0";"0";"0";"0";"0";"0";"0";"0";"0";"0";"0";"0";"0";"0";"0";"0";"0";"0";"0";"0";"0";"0";"0";"0";"0";"0";"0";"0";"0";"0";"0";"0";"0";"0";"0";"0";"0";"0";"0";"0";"0";"0";"0";"0";"0";"0";"0";"0";"0";"0";"0";"0";"0";"0";"0";"0";"0";"0";"0";"0";"0";"0";"0";"0";"0";"0";"0";"0";"0";"0";"0";"0";"0";"0";"0";"0";"0";"0";"0";"0";"0";"0";"0";"0";"0";"0";"0";"0";"0";"0";"0";"0";"0";"0";"0";"0";"0";"0";"0";"0";"0";"0";"0";"0";"0";"0";"0";"0";"0"
"55481327";"Nhà riêng 150 m² 3 phòng ngủ, 1 phòng tắm riêng ở Điện Biên Phủ (Him Lam homestay)";"Điện Biên Phủ, Điện Biên Phủ, Việt Nam";"Nhà riêng (home )";"Thông tin sức chứa phòng: 2 người lớn và 1 trẻ em.";"402.390
₫";"0";"0";"0";"0";"1";"0";"0";"0";"0";"0";"0";"0";"0";"0";"0";"0";"1";"0";"0";"0";"0";"0";"0";"0";"0";"0";"0";"0";"0";"0";"0";"0";"0";"0";"0";"0";"0";"0";"0";"0";"1";"0";"0";"0";"0";"0";"0";"0";"0";"0";"0";"0";"0";"0";"0";"0";"0";"0";"0";"0";"0";"1";"0";"0";"0";"0";"0";"0";"0";"0";"0";"0";"0";"0";"0";"0";"0";"0";"1";"0";"0";"0";"0";"0";"0";"0";"0";"0";"0";"0";"0";"0";"0";"0";"0";"0";"0";"0";"0";"0";"0";"0";"0";"0";"0";"0";"1";"0";"0";"0";"0";"0";"1";"0";"0";"0";"0";"0";"0"
"63917102";"Pha Đin Hotel";"No. 63 Group 1, Điện Biên Phủ, Điện Biên Phủ, Việt Nam";"Phòng Tiêu Chuẩn 2 Giường Đơn (Standard Twin Room)";"Thông tin sức chứa phòng: 2 người lớn.";"396.771
₫";"0";"0";"0";"0";"0";"0";"0";"0";"0";"0";"0";"0";"0";"0";"0";"0";"0";"0";"0";"0";"0";"0";"0";"0";"0";"0";"0";"1";"0";"0";"0";"0";"0";"0";"0";"0";"0";"0";"0";"0";"0";"0";"0";"0";"0";"0";"0";"0";"0";"0";"0";"0";"0";"0";"0";"0";"1";"0";"0";"0";"0";"0";"0";"0";"0";"0";"0";"0";"0";"0";"0";"0";"0";"0";"0";"0";"0";"0";"0";"0";"0";"0";"0";"0";"0";"0";"0";"0";"0";"0";"0";"0";"0";"0";"0";"0";"0";"0";"0";"0";"0";"0";"0";"0";"0";"0";"0";"0";"0";"0";"0";"0";"0";"0";"0";"0";"0";"0";"0"
"63917102";"Pha Đin Hotel";"No. 63 Group 1, Điện Biên Phủ, Điện Biên Phủ, Việt Nam";"Phòng Tiêu Chuẩn 2 Giường Đơn (Standard Twin Room)";"Thông tin sức chứa phòng: 2 người lớn.";"396.804
₫";"0";"0";"0";"0";"0";"0";"0";"0";"0";"0";"0";"0";"0";"0";"0";"0";"0";"0";"0";"0";"0";"0";"0";"0";"0";"0";"0";"1";"0";"0";"0";"0";"0";"0";"0";"0";"0";"0";"0";"0";"0";"0";"0";"0";"0";"0";"0";"0";"0";"0";"0";"0";"0";"0";"0";"0";"0";"0";"0";"0";"0";"0";"0";"1";"0";"0";"0";"0";"0";"0";"0";"0";"0";"0";"0";"0";"0";"0";"0";"0";"0";"0";"0";"0";"0";"0";"0";"0";"0";"0";"0";"0";"0";"0";"0";"0";"0";"0";"0";"0";"0";"0";"0";"0";"0";"0";"0";"0";"0";"0";"0";"0";"0";"0";"0";"0";"0";"0";"0"
"64724964";"Căn hộ 35 m² 1 phòng ngủ, 1 phòng tắm riêng ở Điện Biên Phủ (Nuc Nac Apartment)";"Điện Biên Phủ, Điện Biên Phủ, Việt Nam";"Căn hộ (Apartment)";"Thông tin sức chứa phòng: 2 người lớn và 1 trẻ em.";"638.343
₫";"0";"0";"0";"0";"0";"0";"0";"0";"0";"0";"0";"0";"0";"0";"0";"0";"1";"0";"0";"0";"0";"0";"0";"0";"1";"0";"0";"0";"0";"0";"0";"0";"0";"0";"0";"0";"0";"0";"0";"0";"0";"0";"0";"0";"0";"0";"0";"0";"0";"0";"0";"0";"0";"0";"0";"0";"0";"0";"1";"0";"0";"0";"0";"0";"0";"0";"1";"0";"0";"0";"0";"0";"0";"0";"0";"0";"0";"0";"1";"0";"0";"0";"0";"0";"0";"1";"0";"0";"0";"0";"0";"0";"0";"0";"0";"0";"0";"0";"0";"0";"0";"0";"0";"0";"0";"0";"1";"0";"0";"0";"0";"0";"1";"0";"0";"0";"0";"0";"0"
"78347115";"Mini Dien Bien Riverside Hotel - Lang Thai";"To 2, Phuong Thanh Binh, Điện Biên Phủ, Điện Biên Phủ, Việt Nam, 32000";"Basic Triple Room, Balcony, River View";"Thông tin sức chứa phòng: 2 người lớn.";"607.405
₫";"0";"0";"0";"0";"0";"0";"0";"0";"0";"0";"0";"0";"0";"0";"0";"0";"0";"0";"0";"0";"0";"0";"0";"0";"0";"0";"0";"0";"0";"0";"0";"0";"0";"0";"0";"0";"0";"0";"0";"0";"0";"0";"0";"0";"0";"0";"0";"0";"0";"0";"0";"0";"0";"0";"0";"0";"0";"0";"0";"0";"0";"0";"0";"0";"0";"0";"0";"0";"0";"0";"0";"0";"0";"0";"0";"0";"0";"0";"0";"0";"0";"0";"0";"0";"0";"0";"0";"0";"0";"0";"0";"0";"0";"0";"0";"0";"0";"0";"0";"0";"0";"0";"0";"0";"0";"0";"0";"0";"0";"0";"0";"0";"0";"0";"0";"0";"0";"0";"0"
"78347115";"Mini Dien Bien Riverside Hotel - Lang Thai";"To 2, Phuong Thanh Binh, Điện Biên Phủ, Điện Biên Phủ, Việt Nam, 32000";"Basic Triple Room, Balcony, River View";"Thông tin sức chứa phòng: 2 người lớn.";"919.324
₫";"0";"0";"0";"0";"0";"0";"0";"0";"0";"0";"0";"0";"0";"0";"0";"0";"0";"0";"0";"0";"0";"0";"0";"0";"0";"0";"0";"0";"0";"0";"0";"0";"0";"0";"0";"0";"0";"0";"0";"0";"0";"0";"0";"0";"0";"0";"0";"0";"0";"0";"0";"0";"0";"0";"0";"0";"0";"0";"0";"0";"0";"0";"0";"0";"0";"0";"0";"0";"0";"0";"0";"0";"0";"1";"0";"0";"0";"1";"0";"0";"0";"0";"0";"0";"0";"0";"0";"0";"0";"0";"0";"0";"0";"0";"0";"0";"0";"0";"0";"0";"0";"0";"0";"0";"0";"0";"0";"0";"0";"0";"0";"0";"0";"0";"0";"0";"0";"0";"0"
"51976907";"Biệt thự 100 m² 2 phòng ngủ, 2 phòng tắm riêng ở Điện Biên Phủ (Green Garden House Dien Bien )";"Điện Biên Phủ, Điện Biên Phủ, Việt Nam";"Nhà trệt (Bungalow)";"Thông tin sức chứa phòng: 2 người lớn và 1 trẻ em.";"254.232
₫";"0";"0";"0";"0";"0";"0";"0";"0";"0";"0";"0";"0";"1";"0";"0";"0";"1";"0";"0";"0";"0";"0";"0";"0";"0";"0";"0";"0";"0";"0";"0";"0";"0";"0";"0";"0";"0";"0";"0";"0";"0";"0";"0";"0";"0";"0";"0";"0";"0";"0";"0";"0";"0";"0";"0";"0";"0";"0";"1";"0";"1";"0";"0";"0";"0";"0";"0";"0";"0";"0";"0";"0";"0";"0";"0";"0";"0";"0";"1";"0";"0";"0";"0";"0";"0";"1";"0";"0";"0";"0";"0";"0";"0";"0";"0";"0";"0";"0";"0";"0";"0";"0";"0";"0";"0";"0";"1";"0";"0";"0";"0";"0";"1";"0";"0";"0";"0";"0";"0"
"72812479";"Phương Huyền Beauty (Phuong Huyen Beauty)";"Đường Võ Nguyên giáp tổ 2 phường Mường Thanh, Thành phố Điện Biên Phủ Số nhà 970, Điện Biên Phủ, Điện Biên Phủ, Việt Nam";"Phòng Đôi (Double Room)";"Thông tin sức chứa phòng: 2 người lớn.";"432.870
₫";"0";"0";"0";"0";"0";"0";"0";"1";"0";"0";"0";"0";"0";"0";"0";"0";"0";"0";"0";"0";"0";"0";"0";"0";"0";"0";"0";"0";"0";"0";"0";"0";"0";"0";"0";"0";"0";"0";"0";"0";"0";"0";"0";"0";"0";"0";"0";"0";"0";"0";"0";"1";"0";"0";"0";"0";"0";"0";"0";"0";"0";"0";"0";"0";"0";"0";"0";"0";"0";"0";"0";"0";"0";"0";"0";"0";"0";"0";"0";"0";"0";"0";"0";"0";"0";"0";"0";"0";"0";"0";"0";"0";"0";"0";"0";"0";"0";"0";"0";"0";"0";"0";"0";"0";"0";"0";"0";"1";"0";"1";"0";"0";"1";"0";"0";"0";"0";"0";"1"
"72812479";"Phương Huyền Beauty (Phuong Huyen Beauty)";"Đường Võ Nguyên giáp tổ 2 phường Mường Thanh, Thành phố Điện Biên Phủ Số nhà 970, Điện Biên Phủ, Điện Biên Phủ, Việt Nam";"Phòng Đôi (Double Room)";"Thông tin sức chứa phòng: 3 người lớn.";"458.333
₫";"0";"0";"0";"0";"0";"0";"0";"1";"0";"0";"0";"0";"0";"0";"0";"0";"0";"0";"0";"0";"0";"0";"0";"0";"0";"0";"0";"0";"0";"0";"0";"0";"0";"0";"0";"0";"0";"0";"0";"0";"0";"0";"0";"0";"0";"0";"0";"0";"0";"0";"0";"1";"0";"0";"0";"0";"0";"0";"0";"0";"0";"0";"0";"0";"0";"0";"0";"0";"0";"0";"0";"0";"0";"0";"0";"0";"0";"0";"0";"0";"0";"0";"0";"0";"0";"0";"0";"0";"0";"0";"0";"0";"0";"0";"0";"0";"0";"0";"0";"0";"0";"0";"0";"0";"0";"0";"0";"1";"0";"1";"0";"0";"1";"0";"0";"0";"0";"0";"1"
"72812479";"Phương Huyền Beauty (Phuong Huyen Beauty)";"Đường Võ Nguyên giáp tổ 2 phường Mường Thanh, Thành phố Điện Biên Phủ Số nhà 970, Điện Biên Phủ, Điện Biên Phủ, Việt Nam";"Phòng Đôi (Double Room)";"Thông tin sức chứa phòng: 1 người lớn.";"407.407
₫";"0";"0";"0";"0";"0";"0";"0";"1";"0";"0";"0";"0";"0";"0";"0";"0";"0";"0";"0";"0";"0";"0";"0";"0";"0";"0";"0";"0";"0";"0";"0";"0";"0";"0";"0";"0";"0";"0";"0";"0";"0";"0";"0";"0";"0";"0";"0";"0";"0";"0";"0";"1";"0";"0";"0";"0";"0";"0";"0";"0";"0";"0";"0";"0";"0";"0";"0";"0";"0";"0";"0";"0";"0";"0";"0";"0";"0";"0";"0";"0";"0";"0";"0";"0";"0";"0";"0";"0";"0";"0";"0";"0";"0";"0";"0";"0";"0";"0";"0";"0";"0";"0";"0";"0";"0";"0";"0";"1";"0";"1";"0";"0";"1";"0";"0";"0";"0";"0";"1"
"72812479";"Phương Huyền Beauty (Phuong Huyen Beauty)";"Đường Võ Nguyên giáp tổ 2 phường Mường Thanh, Thành phố Điện Biên Phủ Số nhà 970, Điện Biên Phủ, Điện Biên Phủ, Việt Nam";"Phòng Đôi (Double Room)";"Thông tin sức chứa phòng: 2 người lớn.";"432.870
₫";"0";"0";"0";"0";"0";"0";"0";"1";"0";"0";"0";"0";"0";"0";"0";"0";"0";"0";"0";"0";"0";"0";"0";"0";"0";"0";"0";"0";"0";"0";"0";"0";"0";"0";"0";"0";"0";"0";"0";"0";"0";"0";"0";"0";"0";"0";"0";"0";"0";"0";"0";"1";"0";"0";"0";"0";"0";"0";"0";"0";"0";"0";"0";"0";"0";"0";"0";"0";"0";"0";"0";"0";"0";"0";"0";"0";"0";"0";"0";"0";"0";"0";"0";"0";"0";"0";"0";"0";"0";"0";"0";"0";"0";"0";"0";"0";"0";"0";"0";"0";"0";"0";"0";"0";"1";"0";"0";"1";"0";"1";"0";"0";"1";"0";"0";"0";"0";"0";"1"
"72812479";"Phương Huyền Beauty (Phuong Huyen Beauty)";"Đường Võ Nguyên giáp tổ 2 phường Mường Thanh, Thành phố Điện Biên Phủ Số nhà 970, Điện Biên Phủ, Điện Biên Phủ, Việt Nam";"Phòng Đôi (Double Room)";"Thông tin sức chứa phòng: 3 người lớn.";"458.333
₫";"0";"0";"0";"0";"0";"0";"0";"1";"0";"0";"0";"0";"0";"0";"0";"0";"0";"0";"0";"0";"0";"0";"0";"0";"0";"0";"0";"0";"0";"0";"0";"0";"0";"0";"0";"0";"0";"0";"0";"0";"0";"0";"0";"0";"0";"0";"0";"0";"0";"0";"0";"1";"0";"0";"0";"0";"0";"0";"0";"0";"0";"0";"0";"0";"0";"0";"0";"0";"0";"0";"0";"0";"0";"0";"0";"0";"0";"0";"0";"0";"0";"0";"0";"0";"0";"0";"0";"0";"0";"0";"0";"0";"0";"0";"0";"0";"0";"0";"0";"0";"0";"0";"0";"0";"1";"0";"0";"1";"0";"1";"0";"0";"1";"0";"0";"0";"0";"0";"1"
"72812479";"Phương Huyền Beauty (Phuong Huyen Beauty)";"Đường Võ Nguyên giáp tổ 2 phường Mường Thanh, Thành phố Điện Biên Phủ Số nhà 970, Điện Biên Phủ, Điện Biên Phủ, Việt Nam";"Phòng Đôi (Double Room)";"Thông tin sức chứa phòng: 1 người lớn.";"407.407
₫";"0";"0";"0";"0";"0";"0";"0";"1";"0";"0";"0";"0";"0";"0";"0";"0";"0";"0";"0";"0";"0";"0";"0";"0";"0";"0";"0";"0";"0";"0";"0";"0";"0";"0";"0";"0";"0";"0";"0";"0";"0";"0";"0";"0";"0";"0";"0";"0";"0";"0";"0";"1";"0";"0";"0";"0";"0";"0";"0";"0";"0";"0";"0";"0";"0";"0";"0";"0";"0";"0";"0";"0";"0";"0";"0";"0";"0";"0";"0";"0";"0";"0";"0";"0";"0";"0";"0";"0";"0";"0";"0";"0";"0";"0";"0";"0";"0";"0";"0";"0";"0";"0";"0";"0";"1";"0";"0";"1";"0";"1";"0";"0";"1";"0";"0";"0";"0";"0";"1"
"71713590";"Hai Van Hotel Dien Bien - by Bay Luxury";"488 Ð. Vo Nguyen Giap, Điện Biên Phủ, Điện Biên Phủ, Việt Nam, 32000";"Phòng Tiêu Chuẩn (Standard Room)";"Thông tin sức chứa phòng: 2 người lớn.";"832.506
₫";"0";"0";"0";"0";"0";"0";"0";"0";"0";"0";"0";"0";"0";"0";"0";"0";"0";"0";"0";"0";"0";"0";"0";"0";"0";"0";"0";"0";"0";"0";"0";"0";"0";"0";"0";"0";"0";"0";"0";"0";"0";"0";"0";"0";"0";"0";"0";"0";"0";"0";"0";"0";"0";"0";"0";"0";"0";"0";"0";"0";"0";"0";"0";"0";"0";"0";"0";"0";"0";"0";"0";"0";"0";"0";"0";"0";"0";"0";"0";"0";"0";"0";"0";"0";"0";"0";"0";"0";"0";"0";"0";"0";"0";"0";"0";"0";"0";"0";"0";"0";"0";"0";"0";"0";"0";"0";"0";"0";"0";"0";"0";"0";"1";"0";"0";"0";"0";"0";"0"
