"hotel_id";"hotel_name";"hotel_address";"room_type_name";"option_name";"option_price";"1 giường lớn";"1 giường lớn & 1 giường lớn";"1 giường lớn & 1 giường sofa";"1 giường lớn & 1 giường đôi";"1 giường lớn hoặc 1 giường lớn và 1 giường đơn";"1 giường lớn hoặc 2 giường đơn";"1 giường lớn hoặc 2 giường đơn & 1 giường lớn hoặc 2 giường đơn";"1 giường lớn và 1 giường sofa";"1 giường lớn và 2 giường đôi";"1 giường lớn và 2 giường đơn";"1 giường siêu lớn";"1 giường siêu lớn & 1 giường siêu lớn";"1 giường tầng và 1 giường lớn";"1 giường đôi";"1 giường đôi & 1 giường đôi";"1 giường đôi hoặc 2 giường đơn";"1 giường đôi lớn";"1 giường đôi lớn & 1 giường đôi";"1 giường đôi lớn & 1 giường đôi lớn";"1 giường đôi lớn và 1 giường đơn";"1 giường đôi và 1 giường đơn";"1 giường đôi và 2 giường đơn";"1 giường đơn";"1 giường đơn & 1 giường siêu lớn";"1 giường đơn và 1 giường đôi lớn";"1 phòng tắm";"2 giường đôi";"2 giường đôi lớn";"2 giường đơn";"2 giường đơn hoặc 1 giường lớn";"2 giường đơn hoặc 1 giường lớn & 2 giường đơn hoặc 1 giường lớn";"2 giường đơn và 1 giường đôi";"2 phòng ngủ";"2 phòng tắm";"3 giường đôi hoặc 2 giường đôi";"3 giường đôi nhỏ";"3 giường đơn";"3 phòng tắm";"Ban công/sân hiên";"Bể bơi riêng";"Bồn tắm";"Bồn tắm/vòi sen riêng";"Cho phép hút thuốc";"Chăn điện";"Cửa sổ";"Cửa sổ mở";"Diện tích phòng: 100 m²";"Diện tích phòng: 150 m²";"Diện tích phòng: 175 m²";"Diện tích phòng: 18 m²";"Diện tích phòng: 180 m²";"Diện tích phòng: 22 m²";"Diện tích phòng: 23 m²";"Diện tích phòng: 24 m²";"Diện tích phòng: 25 m²";"Diện tích phòng: 26 m²";"Diện tích phòng: 28 m²";"Diện tích phòng: 30 m²";"Diện tích phòng: 32 m²";"Diện tích phòng: 33 m²";"Diện tích phòng: 35 m²";"Diện tích phòng: 39 m²";"Diện tích phòng: 40 m²";"Diện tích phòng: 45 m²";"Diện tích phòng: 50 m²";"Diện tích phòng: 55 m²";"Diện tích phòng: 56 m²";"Diện tích phòng: 60 m²";"Giường cực dài";"Hành lang ngoài";"Hướng Biển";"Hướng Hồ";"Hướng Ngoài trời";"Hướng Núi";"Hướng Thành phố";"Hướng Vườn";"Hướng biển (hướng một phần)";"Hướng Đại dương";"Hướng Đại dương (một phần)";"Không hút thuốc";"Lối vào bãi biển riêng";"Máy sấy tóc";"Nước đóng chai miễn phí";"Phòng tắm chung";"Phòng tắm đứng";"Rèm che ánh sáng";"Rượu";"Studio/1 phòng ngủ";"Truy cập Internet - không dây";"Trái cây/đồ ăn vặt";"Tủ lạnh";"Tủ lạnh nhỏ trong phòng";"Tủ quần áo";"Vòi sen";"phòng tắm riêng";"tầng cao";"tầng thượng";"tầng thấp";"Điều hòa";"Điều hòa cá nhân";"Được vào phòng chờ Thương Gia";"Đồ dùng cho giấc ngủ thoải mái";"Đồ gỗ ngoài trời";"Ấm nước điện"
"7710666";"Khách sạn Florida (Florida Hotel)";"66 Quang Trung, Lộc Thọ, Nha Trang, Việt Nam, 650000";"Phòng Đôi hoặc Hai Giường Đơn Loại Sang (Deluxe Double or Twin Room)";"Thông tin sức chứa phòng: 2 người lớn.";"428.762
₫";"0";"0";"0";"0";"0";"0";"0";"0";"0";"0";"0";"0";"0";"1";"0";"0";"0";"0";"0";"0";"0";"0";"0";"0";"0";"0";"0";"0";"0";"0";"0";"0";"0";"0";"0";"0";"0";"0";"0";"0";"0";"1";"0";"0";"0";"1";"0";"0";"0";"0";"0";"0";"0";"0";"0";"0";"1";"0";"0";"0";"0";"0";"0";"0";"0";"0";"0";"0";"0";"0";"0";"0";"0";"0";"1";"0";"0";"0";"0";"1";"0";"0";"0";"1";"0";"1";"1";"0";"0";"0";"0";"0";"0";"0";"0";"0";"0";"0";"0";"0";"1";"0";"0";"0"
"7710666";"Khách sạn Florida (Florida Hotel)";"66 Quang Trung, Lộc Thọ, Nha Trang, Việt Nam, 650000";"Phòng Đôi hoặc Hai Giường Đơn Loại Sang (Deluxe Double or Twin Room)";"Thông tin sức chứa phòng: 2 người lớn.";"634.921
₫";"0";"0";"0";"0";"0";"0";"0";"0";"0";"0";"0";"0";"0";"1";"0";"0";"0";"0";"0";"0";"0";"0";"0";"0";"0";"0";"0";"0";"0";"0";"0";"0";"0";"0";"0";"0";"0";"0";"0";"0";"0";"1";"0";"0";"0";"1";"0";"0";"0";"0";"0";"0";"0";"0";"0";"0";"1";"0";"0";"0";"0";"0";"0";"0";"0";"0";"0";"0";"0";"0";"0";"0";"0";"0";"1";"0";"0";"0";"0";"1";"0";"0";"0";"1";"0";"1";"1";"0";"0";"0";"0";"0";"0";"0";"0";"0";"0";"0";"0";"0";"1";"0";"0";"0"
"7710666";"Khách sạn Florida (Florida Hotel)";"66 Quang Trung, Lộc Thọ, Nha Trang, Việt Nam, 650000";"Phòng Deluxe Giường Đôi/2 Giường Đơn (Deluxe Double or Twin)";"Thông tin sức chứa phòng: 2 người lớn.";"529.039
₫";"0";"0";"0";"0";"0";"0";"0";"0";"0";"0";"0";"0";"0";"0";"0";"0";"0";"0";"0";"0";"0";"0";"0";"0";"0";"0";"0";"0";"0";"0";"0";"1";"0";"0";"0";"0";"0";"0";"0";"0";"0";"0";"1";"0";"0";"0";"0";"0";"0";"0";"0";"0";"0";"0";"0";"0";"1";"0";"0";"0";"0";"0";"0";"0";"0";"0";"0";"0";"0";"0";"0";"0";"0";"0";"0";"0";"0";"0";"0";"0";"0";"0";"0";"0";"0";"0";"0";"0";"0";"0";"0";"0";"0";"0";"0";"0";"0";"0";"0";"0";"0";"0";"0";"0"
"7710666";"Khách sạn Florida (Florida Hotel)";"66 Quang Trung, Lộc Thọ, Nha Trang, Việt Nam, 650000";"Phòng Deluxe Giường Đôi/2 Giường Đơn (Deluxe Double or Twin)";"Thông tin sức chứa phòng: 2 người lớn.";"634.827
₫";"0";"0";"0";"0";"0";"0";"0";"0";"0";"0";"0";"0";"0";"0";"0";"0";"0";"0";"0";"0";"0";"0";"0";"0";"0";"0";"0";"0";"0";"0";"0";"1";"0";"0";"0";"0";"0";"0";"0";"0";"0";"0";"1";"0";"0";"0";"0";"0";"0";"0";"0";"0";"0";"0";"0";"0";"1";"0";"0";"0";"0";"0";"0";"0";"0";"0";"0";"0";"0";"0";"0";"0";"0";"0";"0";"0";"0";"0";"0";"0";"0";"0";"0";"0";"0";"0";"0";"0";"0";"0";"0";"0";"0";"0";"0";"0";"0";"0";"0";"0";"0";"0";"0";"0"
"7710666";"Khách sạn Florida (Florida Hotel)";"66 Quang Trung, Lộc Thọ, Nha Trang, Việt Nam, 650000";"Phòng Loại Sang Đẳng Cấp Giường Đôi/Hai Giường Đơn (Premier Deluxe Double or Twin Room)";"Thông tin sức chứa phòng: 2 người lớn.";"536.551
₫";"0";"0";"0";"0";"0";"0";"0";"0";"0";"0";"0";"0";"0";"0";"0";"1";"0";"0";"0";"0";"0";"0";"0";"0";"0";"0";"0";"0";"0";"0";"0";"0";"0";"0";"0";"0";"0";"0";"0";"0";"0";"1";"0";"0";"1";"0";"0";"0";"0";"0";"0";"0";"0";"0";"0";"0";"0";"0";"1";"0";"0";"0";"0";"0";"0";"0";"0";"0";"0";"1";"0";"0";"0";"0";"1";"0";"0";"0";"0";"1";"0";"0";"0";"0";"0";"1";"0";"0";"0";"0";"0";"1";"0";"0";"0";"0";"0";"0";"0";"0";"1";"0";"0";"0"
"7710666";"Khách sạn Florida (Florida Hotel)";"66 Quang Trung, Lộc Thọ, Nha Trang, Việt Nam, 650000";"Phòng Loại Sang Đẳng Cấp Giường Đôi/Hai Giường Đơn (Premier Deluxe Double or Twin Room)";"Thông tin sức chứa phòng: 2 người lớn.";"748.960
₫";"0";"0";"0";"0";"0";"0";"0";"0";"0";"0";"0";"0";"0";"0";"0";"1";"0";"0";"0";"0";"0";"0";"0";"0";"0";"0";"0";"0";"0";"0";"0";"0";"0";"0";"0";"0";"0";"0";"0";"0";"0";"1";"0";"0";"1";"0";"0";"0";"0";"0";"0";"0";"0";"0";"0";"0";"0";"0";"1";"0";"0";"0";"0";"0";"0";"0";"0";"0";"0";"1";"0";"0";"0";"0";"1";"0";"0";"0";"0";"1";"0";"0";"0";"0";"0";"1";"0";"0";"0";"0";"0";"1";"0";"0";"0";"0";"0";"0";"0";"0";"1";"0";"0";"0"
"7710666";"Khách sạn Florida (Florida Hotel)";"66 Quang Trung, Lộc Thọ, Nha Trang, Việt Nam, 650000";"Phòng Senior Deluxe Đôi hoặc Ghép đôi (Senior Deluxe Double or Twin Room)";"Thông tin sức chứa phòng: 2 người lớn.";"626.571
₫";"0";"0";"0";"0";"1";"0";"0";"0";"0";"0";"0";"0";"0";"0";"0";"0";"0";"0";"0";"0";"0";"0";"0";"0";"0";"0";"0";"0";"0";"0";"0";"0";"0";"0";"0";"0";"0";"0";"1";"1";"0";"1";"0";"0";"0";"1";"0";"0";"0";"0";"0";"0";"0";"0";"0";"0";"0";"0";"0";"0";"0";"0";"0";"1";"0";"0";"0";"0";"1";"0";"0";"0";"0";"0";"1";"0";"0";"0";"0";"0";"0";"0";"0";"0";"0";"1";"0";"0";"0";"0";"0";"0";"0";"0";"0";"0";"0";"0";"0";"0";"1";"0";"0";"0"
"7710666";"Khách sạn Florida (Florida Hotel)";"66 Quang Trung, Lộc Thọ, Nha Trang, Việt Nam, 650000";"Phòng Senior Deluxe Đôi hoặc Ghép đôi (Senior Deluxe Double or Twin Room)";"Thông tin sức chứa phòng: 2 người lớn.";"736.241
₫";"0";"0";"0";"0";"1";"0";"0";"0";"0";"0";"0";"0";"0";"0";"0";"0";"0";"0";"0";"0";"0";"0";"0";"0";"0";"0";"0";"0";"0";"0";"0";"0";"0";"0";"0";"0";"0";"0";"1";"1";"0";"1";"0";"0";"0";"1";"0";"0";"0";"0";"0";"0";"0";"0";"0";"0";"0";"0";"0";"0";"0";"0";"0";"1";"0";"0";"0";"0";"1";"0";"0";"0";"0";"0";"1";"0";"0";"0";"0";"0";"0";"0";"0";"0";"0";"1";"0";"0";"0";"0";"0";"0";"0";"0";"0";"0";"0";"0";"0";"0";"1";"0";"0";"0"
"7710666";"Khách sạn Florida (Florida Hotel)";"66 Quang Trung, Lộc Thọ, Nha Trang, Việt Nam, 650000";"Florida Suite";"Thông tin sức chứa phòng: 2 người lớn.";"1.206.601
₫";"0";"0";"0";"0";"0";"0";"0";"1";"0";"0";"0";"0";"0";"0";"0";"0";"0";"0";"0";"0";"0";"0";"0";"0";"0";"0";"0";"0";"0";"0";"0";"0";"0";"0";"0";"0";"0";"0";"1";"0";"0";"1";"0";"0";"1";"0";"0";"0";"0";"0";"0";"0";"0";"0";"0";"0";"0";"0";"0";"0";"0";"0";"0";"0";"0";"0";"0";"1";"1";"0";"0";"0";"0";"0";"1";"0";"0";"0";"0";"0";"0";"0";"0";"0";"0";"1";"1";"0";"0";"0";"0";"0";"0";"0";"0";"0";"0";"0";"0";"0";"1";"0";"0";"0"
"7710666";"Khách sạn Florida (Florida Hotel)";"66 Quang Trung, Lộc Thọ, Nha Trang, Việt Nam, 650000";"Florida Suite";"Thông tin sức chứa phòng: 2 người lớn.";"1.445.390
₫";"0";"0";"0";"0";"0";"0";"0";"1";"0";"0";"0";"0";"0";"0";"0";"0";"0";"0";"0";"0";"0";"0";"0";"0";"0";"0";"0";"0";"0";"0";"0";"0";"0";"0";"0";"0";"0";"0";"1";"0";"0";"1";"0";"0";"1";"0";"0";"0";"0";"0";"0";"0";"0";"0";"0";"0";"0";"0";"0";"0";"0";"0";"0";"0";"0";"0";"0";"1";"1";"0";"0";"0";"0";"0";"1";"0";"0";"0";"0";"0";"0";"0";"0";"0";"0";"1";"1";"0";"0";"0";"0";"0";"0";"0";"0";"0";"0";"0";"0";"0";"1";"0";"0";"0"
"64212746";"Swiss-Belvillas Solavita Bình Tiên (Swiss-Belvillas Solavita Binh Tien)";"Khu Du lịch B nh Ti n, X C ng Hải, Tỉnh Kh nh H a, Việt Nam, Vĩnh Hải, Phan Rang – Tháp Chàm (Ninh Thuận), Việt Nam, 650000";"Garden Villa 1 bedroom";"Thông tin sức chứa phòng: 2 người lớn.";"2.464.184
₫";"0";"0";"0";"0";"0";"0";"0";"0";"0";"0";"0";"0";"0";"0";"0";"0";"0";"0";"0";"0";"0";"0";"0";"0";"0";"0";"0";"0";"0";"0";"0";"0";"0";"0";"0";"0";"0";"0";"0";"0";"0";"0";"0";"0";"0";"0";"0";"0";"0";"0";"0";"0";"0";"0";"0";"0";"0";"0";"0";"0";"0";"0";"0";"0";"0";"0";"0";"0";"0";"0";"0";"0";"0";"0";"0";"0";"0";"0";"0";"0";"0";"0";"0";"0";"0";"0";"0";"0";"0";"0";"0";"0";"0";"0";"0";"0";"0";"0";"0";"0";"0";"0";"0";"0"
"64212746";"Swiss-Belvillas Solavita Bình Tiên (Swiss-Belvillas Solavita Binh Tien)";"Khu Du lịch B nh Ti n, X C ng Hải, Tỉnh Kh nh H a, Việt Nam, Vĩnh Hải, Phan Rang – Tháp Chàm (Ninh Thuận), Việt Nam, 650000";"Biệt Thự Vườn 2 Phòng Ngủ (Garden Villa 2 Bedroom)";"Thông tin sức chứa phòng: 2 người lớn.";"3.436.673
₫";"0";"0";"0";"0";"0";"0";"0";"0";"0";"1";"0";"0";"0";"0";"0";"0";"0";"0";"0";"0";"0";"0";"0";"0";"0";"0";"0";"0";"0";"0";"0";"0";"0";"1";"0";"0";"0";"0";"1";"0";"0";"1";"0";"0";"0";"0";"0";"1";"0";"0";"0";"0";"0";"0";"0";"0";"0";"0";"0";"0";"0";"0";"0";"0";"0";"0";"0";"0";"0";"0";"0";"0";"0";"0";"0";"1";"0";"0";"0";"1";"0";"0";"0";"0";"0";"0";"0";"0";"0";"0";"0";"1";"0";"0";"1";"0";"0";"0";"0";"0";"0";"0";"0";"0"
"64212746";"Swiss-Belvillas Solavita Bình Tiên (Swiss-Belvillas Solavita Binh Tien)";"Khu Du lịch B nh Ti n, X C ng Hải, Tỉnh Kh nh H a, Việt Nam, Vĩnh Hải, Phan Rang – Tháp Chàm (Ninh Thuận), Việt Nam, 650000";"Biệt Thự Vườn 2 Phòng Ngủ (Garden Villa 2 Bedroom)";"Thông tin sức chứa phòng: 4 người lớn.";"3.748.165
₫";"0";"0";"0";"0";"0";"0";"0";"0";"0";"1";"0";"0";"0";"0";"0";"0";"0";"0";"0";"0";"0";"0";"0";"0";"0";"0";"0";"0";"0";"0";"0";"0";"0";"1";"0";"0";"0";"0";"1";"0";"0";"1";"0";"0";"0";"0";"0";"1";"0";"0";"0";"0";"0";"0";"0";"0";"0";"0";"0";"0";"0";"0";"0";"0";"0";"0";"0";"0";"0";"0";"0";"0";"0";"0";"0";"1";"0";"0";"0";"1";"0";"0";"0";"0";"0";"0";"0";"0";"0";"0";"0";"1";"0";"0";"1";"0";"0";"0";"0";"0";"0";"0";"0";"0"
"64212746";"Swiss-Belvillas Solavita Bình Tiên (Swiss-Belvillas Solavita Binh Tien)";"Khu Du lịch B nh Ti n, X C ng Hải, Tỉnh Kh nh H a, Việt Nam, Vĩnh Hải, Phan Rang – Tháp Chàm (Ninh Thuận), Việt Nam, 650000";"Biệt Thự Vườn 2 Phòng Ngủ (Garden Villa 2 Bedroom)";"Thông tin sức chứa phòng: 4 người lớn.";"4.351.852
₫";"0";"0";"0";"0";"0";"0";"0";"0";"0";"1";"0";"0";"0";"0";"0";"0";"0";"0";"0";"0";"0";"0";"0";"0";"0";"0";"0";"0";"0";"0";"0";"0";"0";"1";"0";"0";"0";"0";"1";"0";"0";"1";"0";"0";"0";"0";"0";"1";"0";"0";"0";"0";"0";"0";"0";"0";"0";"0";"0";"0";"0";"0";"0";"0";"0";"0";"0";"0";"0";"0";"0";"0";"0";"0";"0";"1";"0";"0";"0";"1";"0";"0";"0";"0";"0";"0";"0";"0";"0";"0";"0";"1";"0";"0";"1";"0";"0";"0";"0";"0";"0";"0";"0";"0"
"64212746";"Swiss-Belvillas Solavita Bình Tiên (Swiss-Belvillas Solavita Binh Tien)";"Khu Du lịch B nh Ti n, X C ng Hải, Tỉnh Kh nh H a, Việt Nam, Vĩnh Hải, Phan Rang – Tháp Chàm (Ninh Thuận), Việt Nam, 650000";"Biệt Thự Hồ 2 Phòng Ngủ (Lake Villa 2 Bedroom)";"Thông tin sức chứa phòng: 4 người lớn.";"4.178.805
₫";"0";"0";"0";"0";"0";"0";"0";"0";"0";"1";"0";"0";"0";"0";"0";"0";"0";"0";"0";"0";"0";"0";"0";"0";"0";"0";"0";"0";"0";"0";"0";"0";"0";"1";"0";"0";"0";"0";"1";"0";"0";"1";"0";"0";"0";"0";"0";"1";"0";"0";"0";"0";"0";"0";"0";"0";"0";"0";"0";"0";"0";"0";"0";"0";"0";"0";"0";"0";"0";"0";"0";"1";"0";"0";"0";"0";"0";"0";"0";"1";"0";"0";"0";"0";"0";"0";"0";"0";"0";"0";"0";"1";"0";"0";"1";"0";"0";"0";"0";"0";"0";"0";"0";"0"
"64212746";"Swiss-Belvillas Solavita Bình Tiên (Swiss-Belvillas Solavita Binh Tien)";"Khu Du lịch B nh Ti n, X C ng Hải, Tỉnh Kh nh H a, Việt Nam, Vĩnh Hải, Phan Rang – Tháp Chàm (Ninh Thuận), Việt Nam, 650000";"Biệt Thự Hồ 2 Phòng Ngủ (Lake Villa 2 Bedroom)";"Thông tin sức chứa phòng: 4 người lớn.";"4.851.852
₫";"0";"0";"0";"0";"0";"0";"0";"0";"0";"1";"0";"0";"0";"0";"0";"0";"0";"0";"0";"0";"0";"0";"0";"0";"0";"0";"0";"0";"0";"0";"0";"0";"0";"1";"0";"0";"0";"0";"1";"0";"0";"1";"0";"0";"0";"0";"0";"1";"0";"0";"0";"0";"0";"0";"0";"0";"0";"0";"0";"0";"0";"0";"0";"0";"0";"0";"0";"0";"0";"0";"0";"1";"0";"0";"0";"0";"0";"0";"0";"1";"0";"0";"0";"0";"0";"0";"0";"0";"0";"0";"0";"1";"0";"0";"1";"0";"0";"0";"0";"0";"0";"0";"0";"0"
"64212746";"Swiss-Belvillas Solavita Bình Tiên (Swiss-Belvillas Solavita Binh Tien)";"Khu Du lịch B nh Ti n, X C ng Hải, Tỉnh Kh nh H a, Việt Nam, Vĩnh Hải, Phan Rang – Tháp Chàm (Ninh Thuận), Việt Nam, 650000";"Biệt Thự Vườn 3 Phòng Ngủ (Garden Villa 3 Bedroom)";"Thông tin sức chứa phòng: 6 người lớn.";"5.151.733
₫";"0";"0";"0";"0";"0";"0";"0";"0";"1";"0";"0";"0";"0";"0";"0";"0";"0";"0";"0";"0";"0";"0";"0";"0";"0";"0";"0";"0";"0";"0";"0";"0";"0";"0";"0";"0";"0";"1";"1";"0";"0";"1";"0";"0";"0";"0";"0";"0";"0";"0";"1";"0";"0";"0";"0";"0";"0";"0";"0";"0";"0";"0";"0";"0";"0";"0";"0";"0";"0";"0";"0";"0";"0";"0";"0";"1";"0";"0";"0";"1";"0";"0";"0";"0";"0";"0";"0";"0";"0";"0";"0";"1";"0";"0";"1";"0";"0";"0";"0";"0";"0";"0";"0";"0"
"64212746";"Swiss-Belvillas Solavita Bình Tiên (Swiss-Belvillas Solavita Binh Tien)";"Khu Du lịch B nh Ti n, X C ng Hải, Tỉnh Kh nh H a, Việt Nam, Vĩnh Hải, Phan Rang – Tháp Chàm (Ninh Thuận), Việt Nam, 650000";"Biệt Thự Vườn 3 Phòng Ngủ (Garden Villa 3 Bedroom)";"Thông tin sức chứa phòng: 4 người lớn.";"5.981.481
₫";"0";"0";"0";"0";"0";"0";"0";"0";"1";"0";"0";"0";"0";"0";"0";"0";"0";"0";"0";"0";"0";"0";"0";"0";"0";"0";"0";"0";"0";"0";"0";"0";"0";"0";"0";"0";"0";"1";"1";"0";"0";"1";"0";"0";"0";"0";"0";"0";"0";"0";"1";"0";"0";"0";"0";"0";"0";"0";"0";"0";"0";"0";"0";"0";"0";"0";"0";"0";"0";"0";"0";"0";"0";"0";"0";"1";"0";"0";"0";"1";"0";"0";"0";"0";"0";"0";"0";"0";"0";"0";"0";"1";"0";"0";"1";"0";"0";"0";"0";"0";"0";"0";"0";"0"
"64212746";"Swiss-Belvillas Solavita Bình Tiên (Swiss-Belvillas Solavita Binh Tien)";"Khu Du lịch B nh Ti n, X C ng Hải, Tỉnh Kh nh H a, Việt Nam, Vĩnh Hải, Phan Rang – Tháp Chàm (Ninh Thuận), Việt Nam, 650000";"Biệt Thự Hồ 3 Phòng Ngủ (Lake Villa 3 Bedroom)";"Thông tin sức chứa phòng: 6 người lớn.";"5.580.847
₫";"0";"0";"0";"0";"0";"0";"0";"0";"1";"0";"0";"0";"0";"0";"0";"0";"0";"0";"0";"0";"0";"0";"0";"0";"0";"0";"0";"0";"0";"0";"0";"0";"0";"0";"0";"0";"0";"1";"1";"0";"0";"1";"0";"0";"0";"0";"0";"0";"0";"0";"1";"0";"0";"0";"0";"0";"0";"0";"0";"0";"0";"0";"0";"0";"0";"0";"0";"0";"0";"0";"0";"1";"0";"0";"0";"0";"0";"0";"0";"1";"0";"0";"0";"0";"0";"0";"0";"0";"0";"0";"0";"1";"0";"0";"1";"0";"0";"0";"0";"0";"0";"0";"0";"0"
"64212746";"Swiss-Belvillas Solavita Bình Tiên (Swiss-Belvillas Solavita Binh Tien)";"Khu Du lịch B nh Ti n, X C ng Hải, Tỉnh Kh nh H a, Việt Nam, Vĩnh Hải, Phan Rang – Tháp Chàm (Ninh Thuận), Việt Nam, 650000";"Biệt Thự Hồ 3 Phòng Ngủ (Lake Villa 3 Bedroom)";"Thông tin sức chứa phòng: 6 người lớn.";"6.481.481
₫";"0";"0";"0";"0";"0";"0";"0";"0";"1";"0";"0";"0";"0";"0";"0";"0";"0";"0";"0";"0";"0";"0";"0";"0";"0";"0";"0";"0";"0";"0";"0";"0";"0";"0";"0";"0";"0";"1";"1";"0";"0";"1";"0";"0";"0";"0";"0";"0";"0";"0";"1";"0";"0";"0";"0";"0";"0";"0";"0";"0";"0";"0";"0";"0";"0";"0";"0";"0";"0";"0";"0";"1";"0";"0";"0";"0";"0";"0";"0";"1";"0";"0";"0";"0";"0";"0";"0";"0";"0";"0";"0";"1";"0";"0";"1";"0";"0";"0";"0";"0";"0";"0";"0";"0"
"55288610";"Daisy Flower Nha Trang (Daisy Flower Nha Trang )";"79 Nguyễn Thị Minh Khai, T&#226;n Lập, Phước Hòa, Nha Trang, Việt Nam, 650000";"Tiêu chuẩn - 1 giường đôi (Standard - 1 Double Bed)";"Thông tin sức chứa phòng: 2 người lớn và 1 trẻ em.";"204.959
₫";"0";"0";"0";"0";"0";"0";"0";"0";"0";"0";"0";"0";"0";"1";"0";"0";"0";"0";"0";"0";"0";"0";"0";"0";"0";"0";"0";"0";"0";"0";"0";"0";"0";"0";"0";"0";"0";"0";"0";"0";"0";"0";"0";"0";"0";"0";"0";"0";"0";"0";"0";"1";"0";"0";"0";"0";"0";"0";"0";"0";"0";"0";"0";"0";"0";"0";"0";"0";"0";"1";"0";"0";"0";"0";"0";"0";"0";"0";"0";"1";"0";"1";"0";"0";"0";"1";"0";"0";"1";"0";"0";"1";"0";"0";"1";"0";"0";"0";"1";"0";"0";"0";"0";"0"
"55288610";"Daisy Flower Nha Trang (Daisy Flower Nha Trang )";"79 Nguyễn Thị Minh Khai, T&#226;n Lập, Phước Hòa, Nha Trang, Việt Nam, 650000";"Tiêu chuẩn - 1 giường đôi (Standard - 1 Double Bed)";"Thông tin sức chứa phòng: 2 người lớn.";"208.250
₫";"0";"0";"0";"0";"0";"0";"0";"0";"0";"0";"0";"0";"0";"1";"0";"0";"0";"0";"0";"0";"0";"0";"0";"0";"0";"0";"0";"0";"0";"0";"0";"0";"0";"0";"0";"0";"0";"0";"0";"0";"0";"0";"0";"0";"0";"0";"0";"0";"0";"0";"0";"1";"0";"0";"0";"0";"0";"0";"0";"0";"0";"0";"0";"0";"0";"0";"0";"0";"0";"1";"0";"0";"0";"0";"0";"0";"0";"0";"0";"1";"0";"1";"0";"0";"0";"1";"0";"0";"1";"0";"0";"1";"0";"0";"1";"0";"0";"0";"1";"0";"0";"0";"0";"0"
"55288610";"Daisy Flower Nha Trang (Daisy Flower Nha Trang )";"79 Nguyễn Thị Minh Khai, T&#226;n Lập, Phước Hòa, Nha Trang, Việt Nam, 650000";"Superior giường đôi (Superior Double)";"Thông tin sức chứa phòng: 2 người lớn và 1 trẻ em.";"229.072
₫";"0";"0";"0";"0";"0";"0";"0";"0";"0";"0";"0";"0";"0";"0";"0";"0";"1";"0";"0";"0";"0";"0";"0";"0";"0";"0";"0";"0";"0";"0";"0";"0";"0";"0";"0";"0";"0";"0";"0";"0";"0";"0";"0";"0";"0";"0";"0";"0";"0";"0";"0";"1";"0";"0";"0";"0";"0";"0";"0";"0";"0";"0";"0";"0";"0";"0";"0";"0";"0";"0";"0";"0";"0";"0";"1";"0";"0";"0";"0";"1";"0";"1";"0";"0";"1";"0";"0";"0";"0";"0";"0";"0";"0";"0";"1";"0";"0";"0";"1";"0";"0";"0";"0";"0"
"55288610";"Daisy Flower Nha Trang (Daisy Flower Nha Trang )";"79 Nguyễn Thị Minh Khai, T&#226;n Lập, Phước Hòa, Nha Trang, Việt Nam, 650000";"Superior giường đôi (Superior Double)";"Thông tin sức chứa phòng: 2 người lớn.";"232.750
₫";"0";"0";"0";"0";"0";"0";"0";"0";"0";"0";"0";"0";"0";"0";"0";"0";"1";"0";"0";"0";"0";"0";"0";"0";"0";"0";"0";"0";"0";"0";"0";"0";"0";"0";"0";"0";"0";"0";"0";"0";"0";"0";"0";"0";"0";"0";"0";"0";"0";"0";"0";"1";"0";"0";"0";"0";"0";"0";"0";"0";"0";"0";"0";"0";"0";"0";"0";"0";"0";"0";"0";"0";"0";"0";"1";"0";"0";"0";"0";"1";"0";"1";"0";"0";"1";"0";"0";"0";"0";"0";"0";"0";"0";"0";"1";"0";"0";"0";"1";"0";"0";"0";"0";"0"
"55288610";"Daisy Flower Nha Trang (Daisy Flower Nha Trang )";"79 Nguyễn Thị Minh Khai, T&#226;n Lập, Phước Hòa, Nha Trang, Việt Nam, 650000";"Phòng Loại Sang Giường Đôi Có Bồn Tắm (Deluxe Double with Bath)";"Thông tin sức chứa phòng: 2 người lớn và 1 trẻ em.";"293.373
₫";"0";"0";"0";"0";"0";"0";"0";"0";"0";"0";"0";"0";"0";"0";"0";"0";"1";"0";"0";"0";"0";"0";"0";"0";"0";"0";"0";"0";"0";"0";"0";"0";"0";"0";"0";"0";"0";"0";"0";"0";"1";"0";"0";"0";"0";"0";"0";"0";"0";"0";"0";"0";"1";"0";"0";"0";"0";"0";"0";"0";"0";"0";"0";"0";"0";"0";"0";"0";"0";"0";"0";"0";"0";"0";"0";"0";"0";"0";"0";"0";"0";"1";"0";"0";"1";"0";"0";"0";"0";"0";"0";"0";"0";"0";"1";"0";"0";"0";"1";"0";"0";"0";"0";"0"
"55288610";"Daisy Flower Nha Trang (Daisy Flower Nha Trang )";"79 Nguyễn Thị Minh Khai, T&#226;n Lập, Phước Hòa, Nha Trang, Việt Nam, 650000";"Phòng Loại Sang Giường Đôi Có Bồn Tắm (Deluxe Double with Bath)";"Thông tin sức chứa phòng: 2 người lớn.";"298.083
₫";"0";"0";"0";"0";"0";"0";"0";"0";"0";"0";"0";"0";"0";"0";"0";"0";"1";"0";"0";"0";"0";"0";"0";"0";"0";"0";"0";"0";"0";"0";"0";"0";"0";"0";"0";"0";"0";"0";"0";"0";"1";"0";"0";"0";"0";"0";"0";"0";"0";"0";"0";"0";"1";"0";"0";"0";"0";"0";"0";"0";"0";"0";"0";"0";"0";"0";"0";"0";"0";"0";"0";"0";"0";"0";"0";"0";"0";"0";"0";"0";"0";"1";"0";"0";"1";"0";"0";"0";"0";"0";"0";"0";"0";"0";"1";"0";"0";"0";"1";"0";"0";"0";"0";"0"
"55288610";"Daisy Flower Nha Trang (Daisy Flower Nha Trang )";"79 Nguyễn Thị Minh Khai, T&#226;n Lập, Phước Hòa, Nha Trang, Việt Nam, 650000";"Phòng Senior Giường Đôi với Ban công (Senior Double Room with Balcony)";"Thông tin sức chứa phòng: 2 người lớn và 2 trẻ em.";"321.504
₫";"0";"0";"0";"0";"0";"0";"0";"0";"0";"0";"0";"0";"0";"0";"0";"0";"1";"0";"0";"0";"0";"0";"0";"0";"0";"0";"0";"0";"0";"0";"0";"0";"0";"0";"0";"0";"0";"0";"1";"0";"0";"0";"0";"0";"0";"0";"0";"0";"0";"0";"0";"1";"0";"0";"0";"0";"0";"0";"0";"0";"0";"0";"0";"0";"0";"0";"0";"0";"0";"0";"0";"0";"0";"0";"0";"0";"0";"0";"0";"0";"0";"1";"0";"0";"0";"0";"0";"0";"0";"0";"0";"0";"0";"1";"1";"0";"0";"0";"1";"0";"0";"0";"0";"0"
"55288610";"Daisy Flower Nha Trang (Daisy Flower Nha Trang )";"79 Nguyễn Thị Minh Khai, T&#226;n Lập, Phước Hòa, Nha Trang, Việt Nam, 650000";"Phòng Senior Giường Đôi với Ban công (Senior Double Room with Balcony)";"Thông tin sức chứa phòng: 2 người lớn.";"326.667
₫";"0";"0";"0";"0";"0";"0";"0";"0";"0";"0";"0";"0";"0";"0";"0";"0";"1";"0";"0";"0";"0";"0";"0";"0";"0";"0";"0";"0";"0";"0";"0";"0";"0";"0";"0";"0";"0";"0";"1";"0";"0";"0";"0";"0";"0";"0";"0";"0";"0";"0";"0";"1";"0";"0";"0";"0";"0";"0";"0";"0";"0";"0";"0";"0";"0";"0";"0";"0";"0";"0";"0";"0";"0";"0";"0";"0";"0";"0";"0";"0";"0";"1";"0";"0";"0";"0";"0";"0";"0";"0";"0";"0";"0";"1";"1";"0";"0";"0";"1";"0";"0";"0";"0";"0"
"55288610";"Daisy Flower Nha Trang (Daisy Flower Nha Trang )";"79 Nguyễn Thị Minh Khai, T&#226;n Lập, Phước Hòa, Nha Trang, Việt Nam, 650000";"Deluxe 2 giường có ban công (Deluxe Twin With Balcony)";"Thông tin sức chứa phòng: 2 người lớn và 2 trẻ em.";"365.711
₫";"0";"0";"0";"0";"0";"0";"0";"0";"0";"0";"0";"0";"0";"0";"0";"0";"0";"0";"0";"0";"0";"0";"0";"0";"0";"0";"0";"0";"1";"0";"0";"0";"0";"0";"0";"0";"0";"0";"1";"0";"0";"0";"0";"0";"0";"0";"0";"0";"0";"1";"0";"0";"0";"0";"0";"0";"0";"0";"0";"0";"0";"0";"0";"0";"0";"0";"0";"0";"0";"0";"0";"0";"0";"0";"0";"0";"0";"0";"0";"0";"0";"1";"0";"0";"0";"0";"0";"0";"0";"0";"0";"0";"0";"1";"1";"0";"0";"0";"1";"0";"0";"0";"0";"0"
"55288610";"Daisy Flower Nha Trang (Daisy Flower Nha Trang )";"79 Nguyễn Thị Minh Khai, T&#226;n Lập, Phước Hòa, Nha Trang, Việt Nam, 650000";"Deluxe 2 giường có ban công (Deluxe Twin With Balcony)";"Thông tin sức chứa phòng: 2 người lớn.";"371.583
₫";"0";"0";"0";"0";"0";"0";"0";"0";"0";"0";"0";"0";"0";"0";"0";"0";"0";"0";"0";"0";"0";"0";"0";"0";"0";"0";"0";"0";"1";"0";"0";"0";"0";"0";"0";"0";"0";"0";"1";"0";"0";"0";"0";"0";"0";"0";"0";"0";"0";"1";"0";"0";"0";"0";"0";"0";"0";"0";"0";"0";"0";"0";"0";"0";"0";"0";"0";"0";"0";"0";"0";"0";"0";"0";"0";"0";"0";"0";"0";"0";"0";"1";"0";"0";"0";"0";"0";"0";"0";"0";"0";"0";"0";"1";"1";"0";"0";"0";"1";"0";"0";"0";"0";"0"
"55288610";"Daisy Flower Nha Trang (Daisy Flower Nha Trang )";"79 Nguyễn Thị Minh Khai, T&#226;n Lập, Phước Hòa, Nha Trang, Việt Nam, 650000";"Phòng Ba Người (Triple Room)";"Thông tin sức chứa phòng: 2 người lớn và 2 trẻ em.";"409.918
₫";"0";"0";"0";"0";"0";"0";"0";"0";"0";"0";"0";"0";"0";"0";"0";"0";"0";"0";"0";"0";"0";"0";"1";"0";"0";"0";"0";"0";"0";"0";"0";"0";"0";"0";"0";"0";"0";"0";"0";"0";"0";"0";"0";"0";"0";"0";"0";"0";"0";"0";"0";"0";"0";"1";"0";"0";"0";"0";"0";"0";"0";"0";"0";"0";"0";"0";"0";"0";"0";"0";"0";"0";"0";"0";"0";"0";"0";"0";"0";"0";"0";"1";"0";"0";"1";"0";"0";"0";"0";"0";"0";"0";"0";"0";"1";"0";"0";"0";"1";"0";"0";"0";"0";"0"
"55288610";"Daisy Flower Nha Trang (Daisy Flower Nha Trang )";"79 Nguyễn Thị Minh Khai, T&#226;n Lập, Phước Hòa, Nha Trang, Việt Nam, 650000";"Phòng Ba Người (Triple Room)";"Thông tin sức chứa phòng: 3 người lớn.";"416.500
₫";"0";"0";"0";"0";"0";"0";"0";"0";"0";"0";"0";"0";"0";"0";"0";"0";"0";"0";"0";"0";"0";"0";"1";"0";"0";"0";"0";"0";"0";"0";"0";"0";"0";"0";"0";"0";"0";"0";"0";"0";"0";"0";"0";"0";"0";"0";"0";"0";"0";"0";"0";"0";"0";"1";"0";"0";"0";"0";"0";"0";"0";"0";"0";"0";"0";"0";"0";"0";"0";"0";"0";"0";"0";"0";"0";"0";"0";"0";"0";"0";"0";"1";"0";"0";"1";"0";"0";"0";"0";"0";"0";"0";"0";"0";"1";"0";"0";"0";"1";"0";"0";"0";"0";"0"
"55288610";"Daisy Flower Nha Trang (Daisy Flower Nha Trang )";"79 Nguyễn Thị Minh Khai, T&#226;n Lập, Phước Hòa, Nha Trang, Việt Nam, 650000";"Phòng Gia Đình (Family Room)";"Thông tin sức chứa phòng: 4 người lớn.";"559.417
₫";"0";"0";"0";"0";"0";"0";"0";"0";"0";"0";"0";"0";"0";"0";"0";"0";"0";"0";"0";"0";"0";"0";"0";"0";"0";"0";"0";"1";"0";"0";"0";"0";"0";"0";"0";"0";"0";"0";"0";"0";"0";"0";"0";"0";"0";"0";"0";"0";"0";"0";"0";"0";"0";"0";"0";"1";"0";"0";"0";"0";"0";"0";"0";"0";"0";"0";"0";"0";"0";"0";"0";"0";"0";"0";"1";"0";"0";"0";"0";"1";"0";"1";"0";"0";"0";"0";"0";"0";"0";"0";"0";"0";"0";"1";"1";"0";"0";"0";"1";"0";"0";"0";"0";"0"
"55288610";"Daisy Flower Nha Trang (Daisy Flower Nha Trang )";"79 Nguyễn Thị Minh Khai, T&#226;n Lập, Phước Hòa, Nha Trang, Việt Nam, 650000";"Phòng Gia Đình (Family Room)";"Thông tin sức chứa phòng: 2 người lớn và 2 trẻ em.";"560.670
₫";"0";"0";"0";"0";"0";"0";"0";"0";"0";"0";"0";"0";"0";"0";"0";"0";"0";"0";"0";"0";"0";"0";"0";"0";"0";"0";"0";"1";"0";"0";"0";"0";"0";"0";"0";"0";"0";"0";"0";"0";"0";"0";"0";"0";"0";"0";"0";"0";"0";"0";"0";"0";"0";"0";"0";"1";"0";"0";"0";"0";"0";"0";"0";"0";"0";"0";"0";"0";"0";"0";"0";"0";"0";"0";"1";"0";"0";"0";"0";"1";"0";"1";"0";"0";"0";"0";"0";"0";"0";"0";"0";"0";"0";"1";"1";"0";"0";"0";"1";"0";"0";"0";"0";"0"
"2736432";"Vitamin Sea Homestay Nha Trang";"39 Yet Kieu, Van Thang, Vạn Thắng, Nha Trang, Việt Nam";"Phòng Đôi (Double Room)";"Thông tin sức chứa phòng: 2 người lớn.";"229.277
₫";"0";"0";"0";"0";"0";"0";"0";"0";"0";"0";"0";"0";"0";"0";"0";"0";"1";"0";"0";"0";"0";"0";"0";"0";"0";"0";"0";"0";"0";"0";"0";"0";"0";"0";"0";"0";"0";"0";"0";"0";"0";"0";"0";"0";"0";"0";"0";"0";"0";"0";"0";"0";"0";"1";"0";"0";"0";"0";"0";"0";"0";"0";"0";"0";"0";"0";"0";"0";"0";"0";"0";"0";"0";"0";"0";"0";"0";"0";"0";"0";"0";"1";"1";"0";"0";"0";"0";"0";"0";"0";"0";"0";"0";"1";"1";"0";"0";"0";"0";"0";"0";"0";"0";"0"
"2736432";"Vitamin Sea Homestay Nha Trang";"39 Yet Kieu, Van Thang, Vạn Thắng, Nha Trang, Việt Nam";"Phòng 4 Người (Quadruple Room)";"Thông tin sức chứa phòng: 2 người lớn.";"308.642
₫";"0";"0";"0";"0";"0";"0";"0";"0";"0";"0";"0";"0";"0";"0";"0";"0";"0";"0";"0";"0";"0";"0";"0";"0";"0";"0";"0";"1";"0";"0";"0";"0";"0";"0";"0";"0";"0";"0";"0";"0";"0";"0";"0";"0";"0";"0";"0";"0";"0";"0";"0";"0";"0";"0";"0";"0";"0";"0";"1";"0";"0";"0";"0";"0";"0";"0";"0";"0";"0";"0";"0";"0";"0";"0";"0";"0";"0";"0";"0";"0";"0";"0";"1";"0";"0";"0";"0";"0";"0";"0";"0";"0";"0";"1";"1";"0";"0";"0";"0";"0";"0";"0";"0";"0"
"2736432";"Vitamin Sea Homestay Nha Trang";"39 Yet Kieu, Van Thang, Vạn Thắng, Nha Trang, Việt Nam";"Phòng 4 Người (Quadruple Room)";"Thông tin sức chứa phòng: 4 người lớn.";"396.825
₫";"0";"0";"0";"0";"0";"0";"0";"0";"0";"0";"0";"0";"0";"0";"0";"0";"0";"0";"0";"0";"0";"0";"0";"0";"0";"0";"0";"1";"0";"0";"0";"0";"0";"0";"0";"0";"0";"0";"0";"0";"0";"0";"0";"0";"0";"0";"0";"0";"0";"0";"0";"0";"0";"0";"0";"0";"0";"0";"1";"0";"0";"0";"0";"0";"0";"0";"0";"0";"0";"0";"0";"0";"0";"0";"0";"0";"0";"0";"0";"0";"0";"0";"1";"0";"0";"0";"0";"0";"0";"0";"0";"0";"0";"1";"1";"0";"0";"0";"0";"0";"0";"0";"0";"0"
"38072404";"Khách sạn Annova Nha Trang (Annova Nha Trang Hotel)";"5 Lý Tự Trọng, Lộc Thọ, Nha Trang, Việt Nam, 650000";"Phòng Superior (Superior)";"Thông tin sức chứa phòng: 2 người lớn.";"1.060.582
₫";"0";"0";"0";"0";"0";"0";"0";"0";"0";"0";"0";"0";"0";"1";"0";"0";"0";"0";"0";"0";"0";"0";"0";"0";"0";"0";"0";"0";"0";"0";"0";"0";"0";"0";"0";"0";"0";"0";"0";"0";"0";"0";"0";"0";"1";"0";"0";"0";"0";"0";"0";"0";"0";"0";"0";"0";"0";"0";"0";"0";"0";"0";"0";"0";"0";"0";"0";"0";"0";"0";"0";"0";"0";"0";"0";"0";"0";"0";"1";"1";"0";"1";"0";"0";"0";"0";"0";"0";"0";"0";"0";"1";"0";"1";"0";"0";"0";"0";"1";"0";"0";"0";"0";"1"
"38072404";"Khách sạn Annova Nha Trang (Annova Nha Trang Hotel)";"5 Lý Tự Trọng, Lộc Thọ, Nha Trang, Việt Nam, 650000";"Phòng Hai Giường Đơn Loại Sang (Deluxe Twin Room)";"Thông tin sức chứa phòng: 2 người lớn.";"1.064.133
₫";"0";"0";"0";"0";"0";"0";"0";"0";"0";"0";"0";"0";"0";"0";"0";"0";"0";"0";"0";"0";"0";"0";"0";"0";"0";"0";"0";"0";"1";"0";"0";"0";"0";"0";"0";"0";"0";"0";"1";"0";"0";"0";"0";"0";"1";"0";"0";"0";"0";"0";"0";"0";"0";"0";"0";"0";"0";"0";"1";"0";"0";"0";"0";"0";"0";"0";"0";"0";"0";"0";"0";"0";"1";"0";"0";"0";"0";"0";"0";"1";"0";"0";"0";"0";"0";"1";"0";"0";"0";"0";"0";"1";"0";"0";"1";"0";"0";"0";"0";"0";"0";"0";"1";"0"
"38072404";"Khách sạn Annova Nha Trang (Annova Nha Trang Hotel)";"5 Lý Tự Trọng, Lộc Thọ, Nha Trang, Việt Nam, 650000";"Phòng Hai Giường Đơn Loại Sang (Deluxe Twin Room)";"Thông tin sức chứa phòng: 2 người lớn.";"1.875.000
₫";"0";"0";"0";"0";"0";"0";"0";"0";"0";"0";"0";"0";"0";"0";"0";"0";"0";"0";"0";"0";"0";"0";"0";"0";"0";"0";"0";"0";"1";"0";"0";"0";"0";"0";"0";"0";"0";"0";"1";"0";"0";"0";"0";"0";"1";"0";"0";"0";"0";"0";"0";"0";"0";"0";"0";"0";"0";"0";"1";"0";"0";"0";"0";"0";"0";"0";"0";"0";"0";"0";"0";"0";"1";"0";"0";"0";"0";"0";"0";"1";"0";"0";"0";"0";"0";"1";"0";"0";"0";"0";"0";"1";"0";"0";"1";"0";"0";"0";"0";"0";"0";"0";"1";"0"
"38072404";"Khách sạn Annova Nha Trang (Annova Nha Trang Hotel)";"5 Lý Tự Trọng, Lộc Thọ, Nha Trang, Việt Nam, 650000";"Phòng Superior 2 giường đơn (Superior Twin Room)";"Thông tin sức chứa phòng: 2 người lớn.";"1.064.133
₫";"0";"0";"0";"0";"0";"0";"0";"0";"0";"0";"0";"0";"0";"0";"0";"0";"0";"0";"0";"0";"0";"0";"0";"0";"0";"0";"0";"0";"1";"0";"0";"0";"0";"0";"0";"0";"0";"0";"1";"0";"0";"0";"0";"0";"1";"0";"0";"0";"0";"0";"0";"0";"0";"0";"0";"0";"0";"1";"0";"0";"0";"0";"0";"0";"0";"0";"0";"0";"0";"0";"0";"0";"1";"0";"0";"0";"0";"0";"0";"1";"0";"0";"0";"0";"0";"1";"0";"0";"0";"0";"0";"1";"0";"0";"1";"0";"0";"0";"0";"0";"0";"0";"1";"0"
"38072404";"Khách sạn Annova Nha Trang (Annova Nha Trang Hotel)";"5 Lý Tự Trọng, Lộc Thọ, Nha Trang, Việt Nam, 650000";"Phòng Superior 2 giường đơn (Superior Twin Room)";"Thông tin sức chứa phòng: 2 người lớn.";"1.837.500
₫";"0";"0";"0";"0";"0";"0";"0";"0";"0";"0";"0";"0";"0";"0";"0";"0";"0";"0";"0";"0";"0";"0";"0";"0";"0";"0";"0";"0";"1";"0";"0";"0";"0";"0";"0";"0";"0";"0";"1";"0";"0";"0";"0";"0";"1";"0";"0";"0";"0";"0";"0";"0";"0";"0";"0";"0";"0";"1";"0";"0";"0";"0";"0";"0";"0";"0";"0";"0";"0";"0";"0";"0";"1";"0";"0";"0";"0";"0";"0";"1";"0";"0";"0";"0";"0";"1";"0";"0";"0";"0";"0";"1";"0";"0";"1";"0";"0";"0";"0";"0";"0";"0";"1";"0"
"38072404";"Khách sạn Annova Nha Trang (Annova Nha Trang Hotel)";"5 Lý Tự Trọng, Lộc Thọ, Nha Trang, Việt Nam, 650000";"Phòng Cao Cấp 2 Giường - Bữa Sáng Cho 2 Người (Superior Twin - Breakfast for 2 People)";"Thông tin sức chứa phòng: 2 người lớn và 2 trẻ em.";"1.130.407
₫";"0";"0";"0";"0";"0";"0";"0";"0";"0";"0";"0";"0";"0";"0";"0";"0";"0";"0";"0";"0";"0";"0";"0";"0";"0";"0";"0";"0";"1";"0";"0";"0";"0";"0";"0";"0";"0";"0";"1";"0";"0";"0";"0";"0";"1";"0";"0";"0";"0";"0";"0";"0";"0";"0";"0";"0";"0";"1";"0";"0";"0";"0";"0";"0";"0";"0";"0";"0";"0";"1";"0";"0";"0";"0";"0";"0";"1";"0";"0";"1";"0";"0";"0";"0";"0";"1";"0";"0";"0";"0";"0";"1";"0";"0";"0";"0";"0";"0";"0";"0";"0";"0";"0";"0"
"38072404";"Khách sạn Annova Nha Trang (Annova Nha Trang Hotel)";"5 Lý Tự Trọng, Lộc Thọ, Nha Trang, Việt Nam, 650000";"Phòng Cao Cấp Giường Đôi - Tầng Cao (Superior Double - High Floor)";"Thông tin sức chứa phòng: 2 người lớn và 2 trẻ em.";"1.130.407
₫";"0";"0";"0";"0";"0";"0";"0";"0";"0";"0";"0";"0";"0";"1";"0";"0";"0";"0";"0";"0";"0";"0";"0";"0";"0";"0";"0";"0";"0";"0";"0";"0";"0";"0";"0";"0";"0";"0";"1";"0";"0";"0";"0";"0";"1";"0";"0";"0";"0";"0";"0";"0";"0";"0";"0";"0";"0";"1";"0";"0";"0";"0";"0";"0";"0";"0";"0";"0";"0";"0";"0";"0";"0";"0";"0";"0";"1";"0";"0";"1";"1";"0";"0";"0";"0";"0";"0";"0";"0";"0";"0";"1";"0";"0";"0";"1";"0";"0";"0";"0";"0";"1";"0";"0"
"38072404";"Khách sạn Annova Nha Trang (Annova Nha Trang Hotel)";"5 Lý Tự Trọng, Lộc Thọ, Nha Trang, Việt Nam, 650000";"Phòng Cao Cấp Giường Đôi - Tầng Cao (Superior Double - High Floor)";"Thông tin sức chứa phòng: 2 người lớn và 2 trẻ em.";"1.653.750
₫";"0";"0";"0";"0";"0";"0";"0";"0";"0";"0";"0";"0";"0";"1";"0";"0";"0";"0";"0";"0";"0";"0";"0";"0";"0";"0";"0";"0";"0";"0";"0";"0";"0";"0";"0";"0";"0";"0";"1";"0";"0";"0";"0";"0";"1";"0";"0";"0";"0";"0";"0";"0";"0";"0";"0";"0";"0";"1";"0";"0";"0";"0";"0";"0";"0";"0";"0";"0";"0";"0";"0";"0";"0";"0";"0";"0";"1";"0";"0";"1";"1";"0";"0";"0";"0";"0";"0";"0";"0";"0";"0";"1";"0";"0";"0";"1";"0";"0";"0";"0";"0";"1";"0";"0"
"38072404";"Khách sạn Annova Nha Trang (Annova Nha Trang Hotel)";"5 Lý Tự Trọng, Lộc Thọ, Nha Trang, Việt Nam, 650000";"Phòng Superior 2 Giường Đơn (Twin Superior)";"Thông tin sức chứa phòng: 2 người lớn.";"1.157.890
₫";"0";"0";"0";"0";"0";"0";"0";"0";"0";"0";"0";"0";"0";"0";"0";"0";"0";"0";"0";"0";"0";"0";"0";"0";"0";"0";"0";"0";"0";"0";"0";"0";"0";"0";"0";"0";"0";"0";"0";"0";"0";"0";"0";"0";"0";"0";"0";"0";"0";"0";"0";"0";"0";"0";"0";"0";"0";"0";"0";"0";"0";"0";"0";"0";"0";"0";"0";"0";"0";"0";"0";"0";"0";"0";"0";"0";"0";"0";"0";"0";"0";"0";"0";"0";"0";"0";"0";"0";"0";"0";"0";"0";"0";"0";"0";"0";"0";"0";"0";"0";"0";"0";"0";"0"
"38072404";"Khách sạn Annova Nha Trang (Annova Nha Trang Hotel)";"5 Lý Tự Trọng, Lộc Thọ, Nha Trang, Việt Nam, 650000";"Phòng Deluxe Giường Đôi (Double Deluxe)";"Thông tin sức chứa phòng: 2 người lớn.";"1.157.890
₫";"0";"0";"0";"0";"0";"0";"0";"0";"0";"0";"0";"0";"0";"0";"0";"0";"0";"0";"0";"0";"0";"0";"0";"0";"0";"0";"0";"0";"0";"0";"0";"0";"0";"0";"0";"0";"0";"0";"0";"0";"0";"0";"0";"0";"0";"0";"0";"0";"0";"0";"0";"0";"0";"0";"0";"0";"0";"0";"0";"0";"0";"0";"0";"0";"0";"0";"0";"0";"0";"0";"0";"0";"0";"0";"0";"0";"0";"0";"0";"0";"0";"0";"0";"0";"0";"0";"0";"0";"0";"0";"0";"0";"0";"0";"0";"0";"0";"0";"0";"0";"0";"0";"0";"0"
"38072404";"Khách sạn Annova Nha Trang (Annova Nha Trang Hotel)";"5 Lý Tự Trọng, Lộc Thọ, Nha Trang, Việt Nam, 650000";"Superior giường đôi có giường đôi (Double Superior With Double Bed)";"Thông tin sức chứa phòng: 2 người lớn.";"1.157.890
₫";"0";"0";"0";"0";"0";"0";"0";"0";"0";"0";"0";"0";"0";"0";"0";"0";"0";"0";"0";"0";"0";"0";"0";"0";"0";"0";"0";"0";"0";"0";"0";"0";"0";"0";"0";"0";"0";"0";"0";"0";"0";"0";"0";"0";"0";"0";"0";"0";"0";"0";"0";"0";"0";"0";"0";"0";"0";"0";"0";"0";"0";"0";"0";"0";"0";"0";"0";"0";"0";"0";"0";"0";"0";"0";"0";"0";"0";"0";"0";"0";"0";"0";"0";"0";"0";"0";"0";"0";"0";"0";"0";"0";"0";"0";"0";"0";"0";"0";"0";"0";"0";"0";"0";"0"
"38072404";"Khách sạn Annova Nha Trang (Annova Nha Trang Hotel)";"5 Lý Tự Trọng, Lộc Thọ, Nha Trang, Việt Nam, 650000";"Phòng Loại Sang Hướng Biển Hai Giường Đơn Có Ban Công (Deluxe Twin Seaview with Balcony)";"Thông tin sức chứa phòng: 2 người lớn và 2 trẻ em.";"1.176.546
₫";"0";"0";"0";"0";"0";"0";"0";"0";"0";"0";"0";"0";"0";"0";"0";"0";"0";"0";"0";"0";"0";"0";"0";"0";"0";"0";"0";"0";"1";"0";"0";"0";"0";"0";"0";"0";"0";"0";"1";"0";"0";"0";"0";"0";"0";"0";"0";"0";"0";"0";"0";"0";"0";"0";"0";"0";"0";"0";"1";"0";"0";"0";"0";"0";"0";"0";"0";"0";"1";"1";"0";"0";"0";"0";"0";"0";"1";"0";"0";"1";"0";"0";"0";"0";"0";"1";"0";"0";"0";"0";"0";"1";"0";"0";"1";"0";"0";"0";"0";"0";"0";"0";"0";"0"
"38072404";"Khách sạn Annova Nha Trang (Annova Nha Trang Hotel)";"5 Lý Tự Trọng, Lộc Thọ, Nha Trang, Việt Nam, 650000";"Phòng Loại Sang Hướng Biển Giường Đôi Có Ban Công (Deluxe Double Seaview with Balcony)";"Thông tin sức chứa phòng: 2 người lớn và 2 trẻ em.";"1.176.546
₫";"0";"0";"0";"0";"0";"0";"0";"0";"0";"0";"0";"0";"0";"0";"0";"0";"1";"0";"0";"0";"0";"0";"0";"0";"0";"0";"0";"0";"0";"0";"0";"0";"0";"0";"0";"0";"0";"0";"1";"0";"0";"0";"0";"0";"1";"0";"0";"0";"0";"0";"0";"0";"0";"0";"0";"0";"0";"0";"1";"0";"0";"0";"0";"0";"0";"0";"0";"0";"1";"0";"0";"0";"0";"0";"0";"0";"1";"0";"0";"1";"1";"0";"0";"0";"0";"1";"0";"0";"0";"0";"0";"1";"0";"0";"0";"0";"0";"0";"0";"0";"0";"0";"0";"0"
"38072404";"Khách sạn Annova Nha Trang (Annova Nha Trang Hotel)";"5 Lý Tự Trọng, Lộc Thọ, Nha Trang, Việt Nam, 650000";"Phòng Loại Sang Hướng Biển Giường Đôi Có Ban Công (Deluxe Double Seaview with Balcony)";"Thông tin sức chứa phòng: 2 người lớn và 2 trẻ em.";"1.687.500
₫";"0";"0";"0";"0";"0";"0";"0";"0";"0";"0";"0";"0";"0";"0";"0";"0";"1";"0";"0";"0";"0";"0";"0";"0";"0";"0";"0";"0";"0";"0";"0";"0";"0";"0";"0";"0";"0";"0";"1";"0";"0";"0";"0";"0";"1";"0";"0";"0";"0";"0";"0";"0";"0";"0";"0";"0";"0";"0";"1";"0";"0";"0";"0";"0";"0";"0";"0";"0";"1";"0";"0";"0";"0";"0";"0";"0";"1";"0";"0";"1";"1";"0";"0";"0";"0";"1";"0";"0";"0";"0";"0";"1";"0";"0";"0";"0";"0";"0";"0";"0";"0";"0";"0";"0"
"38072404";"Khách sạn Annova Nha Trang (Annova Nha Trang Hotel)";"5 Lý Tự Trọng, Lộc Thọ, Nha Trang, Việt Nam, 650000";"Phòng Deluxe 3 người có ban công (Deluxe Triple Room with balcony)";"Thông tin sức chứa phòng: 2 người lớn.";"1.499.920
₫";"0";"0";"0";"0";"0";"0";"0";"0";"0";"0";"0";"0";"0";"0";"0";"0";"0";"0";"0";"0";"1";"0";"0";"0";"0";"0";"0";"0";"0";"0";"0";"0";"0";"0";"0";"0";"0";"0";"1";"0";"1";"0";"0";"0";"1";"0";"0";"0";"0";"0";"0";"0";"0";"0";"0";"0";"0";"0";"0";"0";"0";"0";"1";"0";"0";"0";"0";"0";"1";"0";"0";"0";"0";"0";"0";"0";"1";"0";"0";"1";"0";"0";"0";"0";"0";"1";"0";"0";"0";"0";"0";"1";"0";"0";"0";"0";"0";"0";"0";"0";"0";"0";"0";"0"
"38072404";"Khách sạn Annova Nha Trang (Annova Nha Trang Hotel)";"5 Lý Tự Trọng, Lộc Thọ, Nha Trang, Việt Nam, 650000";"Phòng Deluxe 3 người có ban công (Deluxe Triple Room with balcony)";"Thông tin sức chứa phòng: 3 người lớn và 2 trẻ em.";"1.617.590
₫";"0";"0";"0";"0";"0";"0";"0";"0";"0";"0";"0";"0";"0";"0";"0";"0";"0";"0";"0";"0";"1";"0";"0";"0";"0";"0";"0";"0";"0";"0";"0";"0";"0";"0";"0";"0";"0";"0";"1";"0";"1";"0";"0";"0";"1";"0";"0";"0";"0";"0";"0";"0";"0";"0";"0";"0";"0";"0";"0";"0";"0";"0";"1";"0";"0";"0";"0";"0";"1";"0";"0";"0";"0";"0";"0";"0";"1";"0";"0";"1";"0";"0";"0";"0";"0";"1";"0";"0";"0";"0";"0";"1";"0";"0";"0";"0";"0";"0";"0";"0";"0";"0";"0";"0"
"38072404";"Khách sạn Annova Nha Trang (Annova Nha Trang Hotel)";"5 Lý Tự Trọng, Lộc Thọ, Nha Trang, Việt Nam, 650000";"Phòng Cao Cấp 3 Người Có Ban Công Có 3 Giường Đơn (Superior Triple Balcony with 3 Single Beds)";"Thông tin sức chứa phòng: 2 người lớn.";"1.499.920
₫";"0";"0";"0";"0";"0";"0";"0";"0";"0";"0";"0";"0";"0";"0";"0";"0";"0";"0";"0";"0";"0";"0";"0";"0";"0";"0";"0";"0";"0";"0";"0";"0";"0";"0";"0";"0";"1";"0";"1";"0";"0";"0";"0";"0";"1";"0";"0";"0";"0";"0";"0";"0";"0";"0";"0";"0";"0";"0";"0";"0";"0";"0";"1";"0";"0";"0";"0";"0";"1";"0";"0";"0";"0";"0";"0";"0";"1";"0";"0";"1";"0";"0";"0";"0";"0";"1";"0";"0";"0";"0";"0";"1";"0";"0";"0";"1";"0";"0";"0";"0";"0";"0";"0";"0"
"38072404";"Khách sạn Annova Nha Trang (Annova Nha Trang Hotel)";"5 Lý Tự Trọng, Lộc Thọ, Nha Trang, Việt Nam, 650000";"Phòng Cao Cấp 3 Người Có Ban Công Có 3 Giường Đơn (Superior Triple Balcony with 3 Single Beds)";"Thông tin sức chứa phòng: 3 người lớn và 2 trẻ em.";"1.617.590
₫";"0";"0";"0";"0";"0";"0";"0";"0";"0";"0";"0";"0";"0";"0";"0";"0";"0";"0";"0";"0";"0";"0";"0";"0";"0";"0";"0";"0";"0";"0";"0";"0";"0";"0";"0";"0";"1";"0";"1";"0";"0";"0";"0";"0";"1";"0";"0";"0";"0";"0";"0";"0";"0";"0";"0";"0";"0";"0";"0";"0";"0";"0";"1";"0";"0";"0";"0";"0";"1";"0";"0";"0";"0";"0";"0";"0";"1";"0";"0";"1";"0";"0";"0";"0";"0";"1";"0";"0";"0";"0";"0";"1";"0";"0";"0";"1";"0";"0";"0";"0";"0";"0";"0";"0"
"38072404";"Khách sạn Annova Nha Trang (Annova Nha Trang Hotel)";"5 Lý Tự Trọng, Lộc Thọ, Nha Trang, Việt Nam, 650000";"Phòng Cao Cấp 3 Người Có Ban Công Có 3 Giường Đơn (Superior Triple Balcony with 3 Single Beds)";"Thông tin sức chứa phòng: 3 người lớn và 2 trẻ em.";"2.542.500
₫";"0";"0";"0";"0";"0";"0";"0";"0";"0";"0";"0";"0";"0";"0";"0";"0";"0";"0";"0";"0";"0";"0";"0";"0";"0";"0";"0";"0";"0";"0";"0";"0";"0";"0";"0";"0";"1";"0";"1";"0";"0";"0";"0";"0";"1";"0";"0";"0";"0";"0";"0";"0";"0";"0";"0";"0";"0";"0";"0";"0";"0";"0";"1";"0";"0";"0";"0";"0";"1";"0";"0";"0";"0";"0";"0";"0";"1";"0";"0";"1";"0";"0";"0";"0";"0";"1";"0";"0";"0";"0";"0";"1";"0";"0";"0";"1";"0";"0";"0";"0";"0";"0";"0";"0"
"38072404";"Khách sạn Annova Nha Trang (Annova Nha Trang Hotel)";"5 Lý Tự Trọng, Lộc Thọ, Nha Trang, Việt Nam, 650000";"Phòng Premier Deluxe (Premier Deluxe)";"Thông tin sức chứa phòng: 2 người lớn.";"1.499.920
₫";"0";"0";"0";"0";"0";"0";"0";"0";"0";"0";"0";"0";"0";"0";"0";"0";"1";"0";"0";"0";"0";"0";"0";"0";"0";"0";"0";"0";"0";"0";"0";"0";"0";"0";"0";"0";"0";"0";"1";"0";"0";"0";"0";"0";"1";"0";"0";"0";"0";"0";"0";"0";"0";"0";"0";"0";"0";"1";"0";"0";"0";"0";"0";"0";"0";"0";"0";"0";"1";"0";"1";"0";"0";"0";"0";"0";"0";"0";"0";"1";"1";"0";"0";"0";"0";"1";"0";"0";"0";"0";"0";"1";"0";"0";"0";"0";"0";"0";"0";"0";"0";"0";"0";"0"
"38072404";"Khách sạn Annova Nha Trang (Annova Nha Trang Hotel)";"5 Lý Tự Trọng, Lộc Thọ, Nha Trang, Việt Nam, 650000";"Phòng Premier Deluxe (Premier Deluxe)";"Thông tin sức chứa phòng: 2 người lớn và 2 trẻ em.";"2.430.000
₫";"0";"0";"0";"0";"0";"0";"0";"0";"0";"0";"0";"0";"0";"0";"0";"0";"1";"0";"0";"0";"0";"0";"0";"0";"0";"0";"0";"0";"0";"0";"0";"0";"0";"0";"0";"0";"0";"0";"1";"0";"0";"0";"0";"0";"1";"0";"0";"0";"0";"0";"0";"0";"0";"0";"0";"0";"0";"1";"0";"0";"0";"0";"0";"0";"0";"0";"0";"0";"1";"0";"1";"0";"0";"0";"0";"0";"0";"0";"0";"1";"1";"0";"0";"0";"0";"1";"0";"0";"0";"0";"0";"1";"0";"0";"0";"0";"0";"0";"0";"0";"0";"0";"0";"0"
"38072404";"Khách sạn Annova Nha Trang (Annova Nha Trang Hotel)";"5 Lý Tự Trọng, Lộc Thọ, Nha Trang, Việt Nam, 650000";"Phòng superior dành cho 3 Khách (Triple superior)";"Thông tin sức chứa phòng: 2 người lớn.";"1.632.210
₫";"0";"0";"0";"0";"0";"0";"0";"0";"0";"0";"0";"0";"0";"0";"0";"0";"0";"0";"0";"0";"0";"0";"0";"0";"0";"0";"0";"0";"0";"0";"0";"0";"0";"0";"0";"0";"0";"0";"0";"0";"0";"0";"0";"0";"0";"0";"0";"0";"0";"0";"0";"0";"0";"0";"0";"0";"0";"0";"0";"0";"0";"0";"0";"0";"0";"0";"0";"0";"0";"0";"0";"0";"0";"0";"0";"0";"0";"0";"0";"0";"0";"0";"0";"0";"0";"0";"0";"0";"0";"0";"0";"0";"0";"0";"0";"0";"0";"0";"0";"0";"0";"0";"0";"0"
"38072404";"Khách sạn Annova Nha Trang (Annova Nha Trang Hotel)";"5 Lý Tự Trọng, Lộc Thọ, Nha Trang, Việt Nam, 650000";"Phòng Deluxe cho 3 người (Triple Deluxe)";"Thông tin sức chứa phòng: 2 người lớn.";"1.632.210
₫";"0";"0";"0";"0";"0";"0";"0";"0";"0";"0";"0";"0";"0";"0";"0";"0";"0";"0";"0";"0";"0";"0";"0";"0";"0";"0";"0";"0";"0";"0";"0";"0";"0";"0";"0";"0";"0";"0";"0";"0";"0";"0";"0";"0";"0";"0";"0";"0";"0";"0";"0";"0";"0";"0";"0";"0";"0";"0";"0";"0";"0";"0";"0";"0";"0";"0";"0";"0";"0";"0";"0";"0";"0";"0";"0";"0";"0";"0";"0";"0";"0";"0";"0";"0";"0";"0";"0";"0";"0";"0";"0";"0";"0";"0";"0";"0";"0";"0";"0";"0";"0";"0";"0";"0"
"38072404";"Khách sạn Annova Nha Trang (Annova Nha Trang Hotel)";"5 Lý Tự Trọng, Lộc Thọ, Nha Trang, Việt Nam, 650000";"Phòng Deluxe giường đôi hoặc 2 giường (Double or Twin Deluxe Premier)";"Thông tin sức chứa phòng: 2 người lớn.";"1.632.210
₫";"0";"0";"0";"0";"0";"0";"0";"0";"0";"0";"0";"0";"0";"0";"0";"0";"0";"0";"0";"0";"0";"0";"0";"0";"0";"0";"0";"0";"0";"0";"0";"0";"0";"0";"0";"0";"0";"0";"0";"0";"0";"0";"0";"0";"0";"0";"0";"0";"0";"0";"0";"0";"0";"0";"0";"0";"0";"0";"0";"0";"0";"0";"0";"0";"0";"0";"0";"0";"0";"0";"0";"0";"0";"0";"0";"0";"0";"0";"0";"0";"0";"0";"0";"0";"0";"0";"0";"0";"0";"0";"0";"0";"0";"0";"0";"0";"0";"0";"0";"0";"0";"0";"0";"0"
"38072404";"Khách sạn Annova Nha Trang (Annova Nha Trang Hotel)";"5 Lý Tự Trọng, Lộc Thọ, Nha Trang, Việt Nam, 650000";"Phòng Ba Người Gia Đình (Family Triple Room)";"Thông tin sức chứa phòng: 2 người lớn.";"1.672.219
₫";"0";"0";"0";"0";"0";"0";"0";"0";"0";"0";"0";"0";"0";"0";"0";"0";"0";"0";"0";"0";"0";"0";"0";"0";"1";"0";"0";"0";"0";"0";"0";"0";"0";"0";"0";"0";"0";"0";"1";"0";"1";"0";"0";"0";"1";"0";"0";"0";"0";"0";"0";"0";"0";"0";"0";"0";"0";"0";"0";"0";"0";"0";"0";"0";"1";"0";"0";"0";"1";"0";"0";"0";"0";"0";"1";"0";"0";"0";"0";"0";"1";"0";"0";"0";"0";"1";"0";"0";"0";"0";"0";"1";"0";"0";"0";"0";"0";"0";"0";"0";"0";"0";"0";"0"
"38072404";"Khách sạn Annova Nha Trang (Annova Nha Trang Hotel)";"5 Lý Tự Trọng, Lộc Thọ, Nha Trang, Việt Nam, 650000";"Phòng Ba Người Gia Đình (Family Triple Room)";"Thông tin sức chứa phòng: 3 người lớn và 2 trẻ em.";"1.969.240
₫";"0";"0";"0";"0";"0";"0";"0";"0";"0";"0";"0";"0";"0";"0";"0";"0";"0";"0";"0";"0";"0";"0";"0";"0";"1";"0";"0";"0";"0";"0";"0";"0";"0";"0";"0";"0";"0";"0";"1";"0";"1";"0";"0";"0";"1";"0";"0";"0";"0";"0";"0";"0";"0";"0";"0";"0";"0";"0";"0";"0";"0";"0";"0";"0";"1";"0";"0";"0";"1";"0";"0";"0";"0";"0";"1";"0";"0";"0";"0";"0";"1";"0";"0";"0";"0";"1";"0";"0";"0";"0";"0";"1";"0";"0";"0";"0";"0";"0";"0";"0";"0";"0";"0";"0"
"38072404";"Khách sạn Annova Nha Trang (Annova Nha Trang Hotel)";"5 Lý Tự Trọng, Lộc Thọ, Nha Trang, Việt Nam, 650000";"Phòng Ba Người Gia Đình (Family Triple Room)";"Thông tin sức chứa phòng: 3 người lớn và 2 trẻ em.";"2.760.750
₫";"0";"0";"0";"0";"0";"0";"0";"0";"0";"0";"0";"0";"0";"0";"0";"0";"0";"0";"0";"0";"0";"0";"0";"0";"1";"0";"0";"0";"0";"0";"0";"0";"0";"0";"0";"0";"0";"0";"1";"0";"1";"0";"0";"0";"1";"0";"0";"0";"0";"0";"0";"0";"0";"0";"0";"0";"0";"0";"0";"0";"0";"0";"0";"0";"1";"0";"0";"0";"1";"0";"0";"0";"0";"0";"1";"0";"0";"0";"0";"0";"1";"0";"0";"0";"0";"1";"0";"0";"0";"0";"0";"1";"0";"0";"0";"0";"0";"0";"0";"0";"0";"0";"0";"0"
"38072404";"Khách sạn Annova Nha Trang (Annova Nha Trang Hotel)";"5 Lý Tự Trọng, Lộc Thọ, Nha Trang, Việt Nam, 650000";"Phòng Tiêu Chuẩn Gia Đình (Family room Standard)";"Thông tin sức chứa phòng: 2 người lớn.";"1.819.759
₫";"0";"0";"0";"0";"0";"0";"0";"0";"0";"0";"0";"0";"0";"0";"0";"0";"0";"0";"0";"0";"0";"0";"0";"0";"0";"0";"0";"0";"0";"0";"0";"0";"0";"0";"0";"0";"0";"0";"0";"0";"0";"0";"0";"0";"0";"0";"0";"0";"0";"0";"0";"0";"0";"0";"0";"0";"0";"0";"0";"0";"0";"0";"0";"0";"0";"0";"0";"0";"0";"0";"0";"0";"0";"0";"0";"0";"0";"0";"0";"0";"0";"0";"0";"0";"0";"0";"0";"0";"0";"0";"0";"0";"0";"0";"0";"0";"0";"0";"0";"0";"0";"0";"0";"0"
"38072404";"Khách sạn Annova Nha Trang (Annova Nha Trang Hotel)";"5 Lý Tự Trọng, Lộc Thọ, Nha Trang, Việt Nam, 650000";"Phòng Gia đình - Phòng 4 người (Family - Quad Room)";"Thông tin sức chứa phòng: 2 người lớn.";"2.006.637
₫";"0";"0";"0";"0";"0";"0";"0";"0";"0";"0";"0";"0";"0";"0";"0";"0";"0";"1";"0";"0";"0";"0";"0";"0";"0";"0";"0";"0";"0";"0";"0";"0";"1";"0";"0";"0";"0";"0";"1";"0";"1";"0";"0";"0";"1";"0";"0";"0";"0";"0";"0";"0";"0";"0";"0";"0";"0";"0";"0";"0";"0";"0";"0";"0";"0";"1";"0";"0";"1";"0";"0";"0";"0";"0";"0";"0";"1";"0";"0";"0";"0";"0";"0";"0";"0";"1";"0";"0";"0";"0";"0";"1";"0";"0";"0";"0";"0";"0";"0";"0";"0";"0";"0";"0"
"38072404";"Khách sạn Annova Nha Trang (Annova Nha Trang Hotel)";"5 Lý Tự Trọng, Lộc Thọ, Nha Trang, Việt Nam, 650000";"Phòng Gia đình - Phòng 4 người (Family - Quad Room)";"Thông tin sức chứa phòng: 4 người lớn và 2 trẻ em.";"2.156.787
₫";"0";"0";"0";"0";"0";"0";"0";"0";"0";"0";"0";"0";"0";"0";"0";"0";"0";"1";"0";"0";"0";"0";"0";"0";"0";"0";"0";"0";"0";"0";"0";"0";"1";"0";"0";"0";"0";"0";"1";"0";"1";"0";"0";"0";"1";"0";"0";"0";"0";"0";"0";"0";"0";"0";"0";"0";"0";"0";"0";"0";"0";"0";"0";"0";"0";"1";"0";"0";"1";"0";"0";"0";"0";"0";"0";"0";"1";"0";"0";"0";"0";"0";"0";"0";"0";"1";"0";"0";"0";"0";"0";"1";"0";"0";"0";"0";"0";"0";"0";"0";"0";"0";"0";"0"
"38072404";"Khách sạn Annova Nha Trang (Annova Nha Trang Hotel)";"5 Lý Tự Trọng, Lộc Thọ, Nha Trang, Việt Nam, 650000";"Phòng Gia đình - Phòng 4 người (Family - Quad Room)";"Thông tin sức chứa phòng: 4 người lớn và 2 trẻ em.";"3.663.750
₫";"0";"0";"0";"0";"0";"0";"0";"0";"0";"0";"0";"0";"0";"0";"0";"0";"0";"1";"0";"0";"0";"0";"0";"0";"0";"0";"0";"0";"0";"0";"0";"0";"1";"0";"0";"0";"0";"0";"1";"0";"1";"0";"0";"0";"1";"0";"0";"0";"0";"0";"0";"0";"0";"0";"0";"0";"0";"0";"0";"0";"0";"0";"0";"0";"0";"1";"0";"0";"1";"0";"0";"0";"0";"0";"0";"0";"1";"0";"0";"0";"0";"0";"0";"0";"0";"1";"0";"0";"0";"0";"0";"1";"0";"0";"0";"0";"0";"0";"0";"0";"0";"0";"0";"0"
"38072404";"Khách sạn Annova Nha Trang (Annova Nha Trang Hotel)";"5 Lý Tự Trọng, Lộc Thọ, Nha Trang, Việt Nam, 650000";"Club Suite";"Thông tin sức chứa phòng: 2 người lớn.";"2.222.839
₫";"0";"0";"0";"0";"0";"0";"0";"0";"0";"0";"0";"0";"0";"1";"0";"0";"0";"0";"0";"0";"0";"0";"0";"0";"0";"0";"0";"0";"0";"0";"0";"0";"0";"0";"0";"0";"0";"0";"0";"0";"0";"0";"0";"0";"1";"0";"0";"0";"0";"0";"0";"0";"0";"0";"0";"0";"0";"0";"0";"0";"0";"0";"0";"0";"0";"0";"0";"0";"0";"0";"0";"0";"0";"0";"1";"0";"0";"0";"0";"0";"0";"0";"0";"0";"0";"0";"0";"0";"0";"0";"0";"0";"0";"0";"0";"0";"0";"0";"0";"0";"0";"0";"0";"0"
"38072404";"Khách sạn Annova Nha Trang (Annova Nha Trang Hotel)";"5 Lý Tự Trọng, Lộc Thọ, Nha Trang, Việt Nam, 650000";"Executive City Suite";"Thông tin sức chứa phòng: 2 người lớn và 2 trẻ em.";"2.261.373
₫";"1";"0";"0";"0";"0";"0";"0";"0";"0";"0";"0";"0";"0";"0";"0";"0";"0";"0";"0";"0";"0";"0";"0";"0";"0";"0";"0";"0";"0";"0";"0";"0";"0";"0";"0";"0";"0";"0";"1";"0";"1";"0";"0";"0";"0";"0";"0";"0";"0";"0";"0";"0";"0";"0";"0";"0";"0";"0";"0";"0";"0";"0";"0";"0";"0";"1";"0";"0";"0";"1";"0";"0";"0";"0";"1";"0";"0";"0";"0";"1";"0";"0";"0";"0";"0";"1";"0";"0";"0";"0";"0";"1";"0";"0";"0";"0";"0";"0";"0";"0";"0";"0";"0";"0"
"38072404";"Khách sạn Annova Nha Trang (Annova Nha Trang Hotel)";"5 Lý Tự Trọng, Lộc Thọ, Nha Trang, Việt Nam, 650000";"Executive City Suite";"Thông tin sức chứa phòng: 2 người lớn và 2 trẻ em.";"3.989.452
₫";"1";"0";"0";"0";"0";"0";"0";"0";"0";"0";"0";"0";"0";"0";"0";"0";"0";"0";"0";"0";"0";"0";"0";"0";"0";"0";"0";"0";"0";"0";"0";"0";"0";"0";"0";"0";"0";"0";"1";"0";"1";"0";"0";"0";"0";"0";"0";"0";"0";"0";"0";"0";"0";"0";"0";"0";"0";"0";"0";"0";"0";"0";"0";"0";"0";"1";"0";"0";"0";"1";"0";"0";"0";"0";"1";"0";"0";"0";"0";"1";"0";"0";"0";"0";"0";"1";"0";"0";"0";"0";"0";"1";"0";"0";"0";"0";"0";"0";"0";"0";"0";"0";"0";"0"
"38072404";"Khách sạn Annova Nha Trang (Annova Nha Trang Hotel)";"5 Lý Tự Trọng, Lộc Thọ, Nha Trang, Việt Nam, 650000";"Suite Gia Đình (Family Suite)";"Thông tin sức chứa phòng: 2 người lớn.";"2.276.246
₫";"0";"0";"0";"0";"0";"0";"0";"0";"0";"0";"0";"0";"0";"0";"0";"0";"0";"0";"0";"0";"0";"1";"0";"0";"0";"0";"0";"0";"0";"0";"0";"0";"0";"0";"0";"0";"0";"0";"1";"0";"1";"0";"0";"0";"0";"0";"0";"0";"0";"0";"0";"0";"0";"0";"0";"0";"0";"0";"0";"0";"0";"0";"0";"0";"0";"0";"0";"1";"0";"1";"0";"0";"0";"0";"0";"0";"1";"0";"0";"1";"0";"0";"0";"0";"0";"1";"0";"0";"0";"0";"0";"1";"0";"0";"0";"0";"0";"0";"0";"0";"0";"0";"0";"0"
"38072404";"Khách sạn Annova Nha Trang (Annova Nha Trang Hotel)";"5 Lý Tự Trọng, Lộc Thọ, Nha Trang, Việt Nam, 650000";"Suite Gia Đình (Family Suite)";"Thông tin sức chứa phòng: 4 người lớn và 2 trẻ em.";"2.766.313
₫";"0";"0";"0";"0";"0";"0";"0";"0";"0";"0";"0";"0";"0";"0";"0";"0";"0";"0";"0";"0";"0";"1";"0";"0";"0";"0";"0";"0";"0";"0";"0";"0";"0";"0";"0";"0";"0";"0";"1";"0";"1";"0";"0";"0";"0";"0";"0";"0";"0";"0";"0";"0";"0";"0";"0";"0";"0";"0";"0";"0";"0";"0";"0";"0";"0";"0";"0";"1";"0";"1";"0";"0";"0";"0";"0";"0";"1";"0";"0";"1";"0";"0";"0";"0";"0";"1";"0";"0";"0";"0";"0";"1";"0";"0";"0";"0";"0";"0";"0";"0";"0";"0";"0";"0"
"38072404";"Khách sạn Annova Nha Trang (Annova Nha Trang Hotel)";"5 Lý Tự Trọng, Lộc Thọ, Nha Trang, Việt Nam, 650000";"Executive Suite - Hướng Biển (Executive Suite - Ocean View)";"Thông tin sức chứa phòng: 2 người lớn và 2 trẻ em.";"2.307.524
₫";"1";"0";"0";"0";"0";"0";"0";"0";"0";"0";"0";"0";"0";"0";"0";"0";"0";"0";"0";"0";"0";"0";"0";"0";"0";"0";"0";"0";"0";"0";"0";"0";"0";"0";"0";"0";"0";"0";"1";"0";"1";"0";"0";"0";"0";"0";"0";"0";"0";"0";"0";"0";"0";"0";"0";"0";"0";"0";"0";"0";"0";"0";"0";"0";"0";"1";"0";"0";"1";"0";"0";"0";"0";"0";"0";"0";"0";"1";"0";"0";"1";"0";"0";"0";"0";"0";"0";"0";"0";"0";"0";"1";"0";"0";"0";"0";"0";"0";"0";"0";"0";"1";"1";"0"
"38072404";"Khách sạn Annova Nha Trang (Annova Nha Trang Hotel)";"5 Lý Tự Trọng, Lộc Thọ, Nha Trang, Việt Nam, 650000";"Executive Suite - Hướng Biển (Executive Suite - Ocean View)";"Thông tin sức chứa phòng: 2 người lớn và 2 trẻ em.";"3.375.000
₫";"1";"0";"0";"0";"0";"0";"0";"0";"0";"0";"0";"0";"0";"0";"0";"0";"0";"0";"0";"0";"0";"0";"0";"0";"0";"0";"0";"0";"0";"0";"0";"0";"0";"0";"0";"0";"0";"0";"1";"0";"1";"0";"0";"0";"0";"0";"0";"0";"0";"0";"0";"0";"0";"0";"0";"0";"0";"0";"0";"0";"0";"0";"0";"0";"0";"1";"0";"0";"1";"0";"0";"0";"0";"0";"0";"0";"0";"1";"0";"0";"1";"0";"0";"0";"0";"0";"0";"0";"0";"0";"0";"1";"0";"0";"0";"0";"0";"0";"0";"0";"0";"1";"1";"0"
"38072404";"Khách sạn Annova Nha Trang (Annova Nha Trang Hotel)";"5 Lý Tự Trọng, Lộc Thọ, Nha Trang, Việt Nam, 650000";"Suite Club";"Thông tin sức chứa phòng: 2 người lớn.";"2.486.934
₫";"0";"0";"0";"0";"0";"0";"0";"0";"0";"0";"0";"0";"0";"0";"0";"0";"0";"0";"0";"0";"0";"0";"0";"0";"0";"0";"0";"0";"0";"0";"0";"0";"0";"0";"0";"0";"0";"0";"0";"0";"0";"0";"0";"0";"0";"0";"0";"0";"0";"0";"0";"0";"0";"0";"0";"0";"0";"0";"0";"0";"0";"0";"0";"0";"0";"0";"0";"0";"0";"0";"0";"0";"0";"0";"0";"0";"0";"0";"0";"0";"0";"0";"0";"0";"0";"0";"0";"0";"0";"0";"0";"0";"0";"0";"0";"0";"0";"0";"0";"0";"0";"0";"0";"0"
"38072404";"Khách sạn Annova Nha Trang (Annova Nha Trang Hotel)";"5 Lý Tự Trọng, Lộc Thọ, Nha Trang, Việt Nam, 650000";"Marilyn Suite";"Thông tin sức chứa phòng: 2 người lớn và 2 trẻ em.";"2.492.126
₫";"0";"0";"0";"0";"0";"0";"0";"0";"0";"0";"0";"0";"0";"0";"0";"0";"1";"0";"0";"0";"0";"0";"0";"0";"0";"0";"0";"0";"0";"0";"0";"0";"0";"0";"0";"0";"0";"0";"1";"0";"1";"0";"0";"0";"1";"0";"0";"0";"0";"0";"0";"0";"0";"0";"0";"0";"0";"0";"0";"0";"0";"0";"0";"0";"1";"0";"0";"0";"0";"1";"1";"0";"0";"0";"0";"0";"0";"0";"0";"1";"0";"0";"0";"0";"0";"1";"0";"0";"0";"0";"0";"1";"0";"0";"0";"0";"0";"0";"0";"0";"0";"0";"0";"0"
"38072404";"Khách sạn Annova Nha Trang (Annova Nha Trang Hotel)";"5 Lý Tự Trọng, Lộc Thọ, Nha Trang, Việt Nam, 650000";"Suite Nhìn Ra Thành Phố (Suite with City View)";"Thông tin sức chứa phòng: 2 người lớn.";"3.675.000
₫";"0";"0";"1";"0";"0";"0";"0";"0";"0";"0";"0";"0";"0";"0";"0";"0";"0";"0";"0";"0";"0";"0";"0";"0";"0";"0";"0";"0";"0";"0";"0";"0";"0";"0";"0";"0";"0";"0";"1";"0";"1";"0";"0";"0";"0";"0";"0";"0";"0";"0";"0";"0";"0";"0";"0";"0";"0";"0";"0";"0";"0";"0";"0";"0";"1";"0";"0";"0";"0";"0";"0";"0";"1";"0";"0";"0";"0";"0";"0";"0";"0";"0";"0";"0";"0";"0";"0";"0";"0";"0";"0";"1";"1";"0";"1";"0";"0";"0";"0";"0";"0";"1";"1";"0"
"38072404";"Khách sạn Annova Nha Trang (Annova Nha Trang Hotel)";"5 Lý Tự Trọng, Lộc Thọ, Nha Trang, Việt Nam, 650000";"Suite Junior Nhìn Ra Biển (Junior Suite with Ocean View)";"Thông tin sức chứa phòng: 2 người lớn và 2 trẻ em.";"4.050.000
₫";"1";"0";"0";"0";"0";"0";"0";"0";"0";"0";"0";"0";"0";"0";"0";"0";"0";"0";"0";"0";"0";"0";"0";"0";"0";"0";"0";"0";"0";"0";"0";"0";"0";"0";"0";"0";"0";"0";"1";"0";"1";"0";"0";"0";"0";"0";"0";"0";"0";"0";"0";"0";"0";"0";"0";"0";"0";"0";"0";"0";"0";"0";"0";"0";"0";"1";"0";"0";"0";"0";"1";"0";"0";"0";"0";"0";"0";"0";"0";"0";"0";"0";"0";"0";"0";"0";"0";"0";"0";"0";"0";"1";"1";"0";"1";"0";"0";"0";"0";"0";"0";"1";"1";"0"
"38072404";"Khách sạn Annova Nha Trang (Annova Nha Trang Hotel)";"5 Lý Tự Trọng, Lộc Thọ, Nha Trang, Việt Nam, 650000";"Phòng President (President)";"Thông tin sức chứa phòng: 2 người lớn và 2 trẻ em.";"8.112.276
₫";"0";"0";"0";"0";"0";"0";"0";"0";"0";"0";"0";"0";"0";"0";"0";"0";"0";"0";"1";"0";"0";"0";"0";"0";"0";"0";"0";"0";"0";"0";"0";"0";"1";"1";"0";"0";"0";"0";"1";"0";"0";"1";"0";"0";"0";"0";"0";"0";"1";"0";"0";"0";"0";"0";"0";"0";"0";"0";"0";"0";"0";"0";"0";"0";"0";"0";"0";"0";"0";"1";"1";"0";"0";"0";"0";"0";"0";"0";"0";"1";"0";"0";"0";"0";"0";"1";"0";"0";"0";"0";"0";"0";"0";"0";"0";"0";"0";"0";"0";"0";"0";"0";"0";"0"
"38072404";"Khách sạn Annova Nha Trang (Annova Nha Trang Hotel)";"5 Lý Tự Trọng, Lộc Thọ, Nha Trang, Việt Nam, 650000";"Căn hộ 1 Phòng ngủ có Ban công và Nhìn ra Biển (One-Bedroom Apartment with Balcony and Sea View)";"Thông tin sức chứa phòng: 2 người lớn và 2 trẻ em.";"12.150.000
₫";"1";"0";"0";"0";"0";"0";"0";"0";"0";"0";"0";"0";"0";"0";"0";"0";"0";"0";"0";"0";"0";"0";"0";"0";"0";"0";"0";"0";"0";"0";"0";"0";"0";"1";"0";"0";"0";"0";"1";"0";"1";"0";"0";"0";"0";"0";"0";"0";"1";"0";"0";"0";"0";"0";"0";"0";"0";"0";"0";"0";"0";"0";"0";"0";"0";"0";"0";"0";"0";"0";"1";"0";"0";"0";"0";"0";"0";"0";"0";"0";"1";"0";"0";"0";"0";"0";"0";"0";"0";"0";"0";"1";"0";"0";"0";"0";"0";"0";"0";"0";"0";"1";"1";"0"
"4848076";"Sen Vang Luxury";"33 - 37 Mê Linh - Phường Tân Lập - Nha Trang - Khanh Hoa, Phước Tiến, Nha Trang, Việt Nam, 650000";"Phòng Superior 2 giường (Superior Twin Room)";"Thông tin sức chứa phòng: 2 người lớn.";"171.707
₫";"1";"0";"0";"0";"0";"0";"0";"0";"0";"0";"0";"0";"0";"0";"0";"0";"0";"0";"0";"0";"0";"0";"0";"0";"0";"0";"0";"0";"0";"0";"0";"0";"0";"0";"0";"0";"0";"0";"0";"0";"0";"0";"0";"0";"0";"1";"0";"0";"0";"0";"0";"1";"0";"0";"0";"0";"0";"0";"0";"0";"0";"0";"0";"0";"0";"0";"0";"0";"0";"0";"0";"0";"0";"0";"0";"0";"0";"0";"0";"1";"0";"0";"1";"0";"0";"1";"0";"0";"0";"0";"0";"1";"1";"0";"0";"0";"0";"0";"0";"1";"0";"0";"0";"0"
"4848076";"Sen Vang Luxury";"33 - 37 Mê Linh - Phường Tân Lập - Nha Trang - Khanh Hoa, Phước Tiến, Nha Trang, Việt Nam, 650000";"Phòng Superior 2 giường (Superior Twin Room)";"Thông tin sức chứa phòng: 2 người lớn.";"228.564
₫";"1";"0";"0";"0";"0";"0";"0";"0";"0";"0";"0";"0";"0";"0";"0";"0";"0";"0";"0";"0";"0";"0";"0";"0";"0";"0";"0";"0";"0";"0";"0";"0";"0";"0";"0";"0";"0";"0";"0";"0";"0";"0";"0";"0";"0";"1";"0";"0";"0";"0";"0";"1";"0";"0";"0";"0";"0";"0";"0";"0";"0";"0";"0";"0";"0";"0";"0";"0";"0";"0";"0";"0";"0";"0";"0";"0";"0";"0";"0";"1";"0";"0";"1";"0";"0";"1";"0";"0";"0";"0";"0";"1";"1";"0";"0";"0";"0";"0";"0";"1";"0";"0";"0";"0"
"4848076";"Sen Vang Luxury";"33 - 37 Mê Linh - Phường Tân Lập - Nha Trang - Khanh Hoa, Phước Tiến, Nha Trang, Việt Nam, 650000";"Superior giường đôi (Superior Double)";"Thông tin sức chứa phòng: 2 người lớn.";"171.707
₫";"1";"0";"0";"0";"0";"0";"0";"0";"0";"0";"0";"0";"0";"0";"0";"0";"0";"0";"0";"0";"0";"0";"0";"0";"0";"0";"0";"0";"0";"0";"0";"0";"0";"0";"0";"0";"0";"0";"0";"0";"0";"0";"0";"0";"0";"1";"0";"0";"0";"0";"0";"1";"0";"0";"0";"0";"0";"0";"0";"0";"0";"0";"0";"0";"0";"0";"0";"0";"1";"0";"0";"0";"0";"0";"0";"0";"0";"0";"0";"1";"0";"0";"0";"0";"0";"1";"0";"0";"0";"0";"0";"1";"1";"0";"1";"0";"0";"0";"0";"0";"0";"0";"0";"0"
"4848076";"Sen Vang Luxury";"33 - 37 Mê Linh - Phường Tân Lập - Nha Trang - Khanh Hoa, Phước Tiến, Nha Trang, Việt Nam, 650000";"Superior giường đôi (Superior Double)";"Thông tin sức chứa phòng: 2 người lớn.";"228.564
₫";"1";"0";"0";"0";"0";"0";"0";"0";"0";"0";"0";"0";"0";"0";"0";"0";"0";"0";"0";"0";"0";"0";"0";"0";"0";"0";"0";"0";"0";"0";"0";"0";"0";"0";"0";"0";"0";"0";"0";"0";"0";"0";"0";"0";"0";"1";"0";"0";"0";"0";"0";"1";"0";"0";"0";"0";"0";"0";"0";"0";"0";"0";"0";"0";"0";"0";"0";"0";"1";"0";"0";"0";"0";"0";"0";"0";"0";"0";"0";"1";"0";"0";"0";"0";"0";"1";"0";"0";"0";"0";"0";"1";"1";"0";"1";"0";"0";"0";"0";"0";"0";"0";"0";"0"
"4848076";"Sen Vang Luxury";"33 - 37 Mê Linh - Phường Tân Lập - Nha Trang - Khanh Hoa, Phước Tiến, Nha Trang, Việt Nam, 650000";"Superior giường đôi (Superior Double)";"Thông tin sức chứa phòng: 2 người lớn.";"231.111
₫";"1";"0";"0";"0";"0";"0";"0";"0";"0";"0";"0";"0";"0";"0";"0";"0";"0";"0";"0";"0";"0";"0";"0";"0";"0";"0";"0";"0";"0";"0";"0";"0";"0";"0";"0";"0";"0";"0";"0";"0";"0";"0";"0";"0";"0";"1";"0";"0";"0";"0";"0";"1";"0";"0";"0";"0";"0";"0";"0";"0";"0";"0";"0";"0";"0";"0";"0";"0";"1";"0";"0";"0";"0";"0";"0";"0";"0";"0";"0";"1";"0";"0";"0";"0";"0";"1";"0";"0";"0";"0";"0";"1";"1";"0";"1";"0";"0";"0";"0";"0";"0";"0";"0";"0"
"4848076";"Sen Vang Luxury";"33 - 37 Mê Linh - Phường Tân Lập - Nha Trang - Khanh Hoa, Phước Tiến, Nha Trang, Việt Nam, 650000";"Phòng Hai Giường Đơn Loại Sang (Deluxe Twin Room)";"Thông tin sức chứa phòng: 2 người lớn.";"255.939
₫";"0";"0";"0";"0";"0";"0";"0";"0";"0";"0";"0";"0";"0";"0";"0";"0";"0";"0";"0";"0";"0";"0";"0";"0";"0";"0";"0";"0";"1";"0";"0";"0";"0";"0";"0";"0";"0";"0";"0";"0";"0";"0";"0";"0";"0";"1";"0";"0";"0";"0";"0";"0";"0";"0";"1";"0";"0";"0";"0";"0";"0";"0";"0";"0";"0";"0";"0";"0";"0";"0";"0";"0";"0";"0";"1";"0";"0";"0";"0";"1";"0";"0";"0";"0";"0";"1";"0";"0";"0";"0";"0";"1";"1";"0";"0";"0";"0";"0";"1";"0";"0";"0";"0";"0"
"4848076";"Sen Vang Luxury";"33 - 37 Mê Linh - Phường Tân Lập - Nha Trang - Khanh Hoa, Phước Tiến, Nha Trang, Việt Nam, 650000";"Phòng Loại Sang Giường Đôi (Deluxe Double Room)";"Thông tin sức chứa phòng: 2 người lớn.";"255.939
₫";"1";"0";"0";"0";"0";"0";"0";"0";"0";"0";"0";"0";"0";"0";"0";"0";"0";"0";"0";"0";"0";"0";"0";"0";"0";"0";"0";"0";"0";"0";"0";"0";"0";"0";"0";"0";"0";"0";"0";"0";"0";"0";"0";"0";"0";"1";"0";"0";"0";"0";"0";"0";"0";"0";"1";"0";"0";"0";"0";"0";"0";"0";"0";"0";"0";"0";"0";"0";"1";"0";"0";"0";"0";"0";"1";"0";"0";"0";"0";"1";"0";"0";"0";"0";"0";"1";"0";"0";"0";"0";"0";"1";"0";"0";"1";"0";"0";"0";"0";"0";"0";"0";"0";"0"
"4848076";"Sen Vang Luxury";"33 - 37 Mê Linh - Phường Tân Lập - Nha Trang - Khanh Hoa, Phước Tiến, Nha Trang, Việt Nam, 650000";"Phòng Loại Sang Giường Đôi (Deluxe Double Room)";"Thông tin sức chứa phòng: 2 người lớn.";"308.148
₫";"1";"0";"0";"0";"0";"0";"0";"0";"0";"0";"0";"0";"0";"0";"0";"0";"0";"0";"0";"0";"0";"0";"0";"0";"0";"0";"0";"0";"0";"0";"0";"0";"0";"0";"0";"0";"0";"0";"0";"0";"0";"0";"0";"0";"0";"1";"0";"0";"0";"0";"0";"0";"0";"0";"1";"0";"0";"0";"0";"0";"0";"0";"0";"0";"0";"0";"0";"0";"1";"0";"0";"0";"0";"0";"1";"0";"0";"0";"0";"1";"0";"0";"0";"0";"0";"1";"0";"0";"0";"0";"0";"1";"0";"0";"1";"0";"0";"0";"0";"0";"0";"0";"0";"0"
"4848076";"Sen Vang Luxury";"33 - 37 Mê Linh - Phường Tân Lập - Nha Trang - Khanh Hoa, Phước Tiến, Nha Trang, Việt Nam, 650000";"Phòng Loại Sang Giường Đôi (Deluxe Double Room)";"Thông tin sức chứa phòng: 3 người lớn.";"431.407
₫";"1";"0";"0";"0";"0";"0";"0";"0";"0";"0";"0";"0";"0";"0";"0";"0";"0";"0";"0";"0";"0";"0";"0";"0";"0";"0";"0";"0";"0";"0";"0";"0";"0";"0";"0";"0";"0";"0";"0";"0";"0";"0";"0";"0";"0";"1";"0";"0";"0";"0";"0";"0";"0";"0";"1";"0";"0";"0";"0";"0";"0";"0";"0";"0";"0";"0";"0";"0";"1";"0";"0";"0";"0";"0";"1";"0";"0";"0";"0";"1";"0";"0";"0";"0";"0";"1";"0";"0";"0";"0";"0";"1";"0";"0";"1";"0";"0";"0";"0";"0";"0";"0";"0";"0"
"4848076";"Sen Vang Luxury";"33 - 37 Mê Linh - Phường Tân Lập - Nha Trang - Khanh Hoa, Phước Tiến, Nha Trang, Việt Nam, 650000";"Phòng Premier Hướng phố (Premier City View Room)";"Thông tin sức chứa phòng: 2 người lớn.";"338.743
₫";"1";"0";"0";"0";"0";"0";"0";"0";"0";"0";"0";"0";"0";"0";"0";"0";"0";"0";"0";"0";"0";"0";"0";"0";"0";"0";"0";"0";"0";"0";"0";"0";"0";"0";"0";"0";"0";"0";"0";"0";"0";"0";"0";"0";"0";"1";"0";"0";"0";"0";"0";"0";"0";"0";"0";"0";"0";"1";"0";"0";"0";"0";"0";"0";"0";"0";"0";"0";"0";"0";"0";"0";"0";"0";"1";"0";"0";"0";"0";"1";"0";"0";"0";"0";"0";"1";"0";"0";"0";"0";"0";"1";"1";"0";"0";"1";"0";"0";"0";"0";"0";"0";"0";"0"
"4848076";"Sen Vang Luxury";"33 - 37 Mê Linh - Phường Tân Lập - Nha Trang - Khanh Hoa, Phước Tiến, Nha Trang, Việt Nam, 650000";"Phòng gia đình hướng thành phố (Family City View)";"Thông tin sức chứa phòng: 4 người lớn.";"392.960
₫";"0";"0";"0";"0";"0";"0";"0";"0";"0";"0";"0";"0";"0";"0";"0";"0";"0";"0";"0";"0";"0";"0";"0";"0";"0";"0";"0";"0";"0";"0";"0";"0";"0";"0";"0";"1";"0";"0";"0";"0";"0";"0";"0";"0";"0";"1";"0";"0";"0";"0";"0";"0";"0";"0";"0";"0";"0";"0";"0";"1";"0";"0";"0";"0";"0";"0";"0";"0";"0";"0";"0";"0";"0";"0";"1";"0";"0";"0";"0";"1";"0";"0";"0";"0";"0";"1";"0";"0";"0";"0";"0";"1";"1";"0";"0";"0";"0";"0";"0";"1";"0";"0";"0";"0"
"4848076";"Sen Vang Luxury";"33 - 37 Mê Linh - Phường Tân Lập - Nha Trang - Khanh Hoa, Phước Tiến, Nha Trang, Việt Nam, 650000";"Phòng gia đình hướng thành phố (Family City View)";"Thông tin sức chứa phòng: 2 người lớn.";"476.145
₫";"0";"0";"0";"0";"0";"0";"0";"0";"0";"0";"0";"0";"0";"0";"0";"0";"0";"0";"0";"0";"0";"0";"0";"0";"0";"0";"0";"0";"0";"0";"0";"0";"0";"0";"0";"1";"0";"0";"0";"0";"0";"0";"0";"0";"0";"1";"0";"0";"0";"0";"0";"0";"0";"0";"0";"0";"0";"0";"0";"1";"0";"0";"0";"0";"0";"0";"0";"0";"0";"0";"0";"0";"0";"0";"1";"0";"0";"0";"0";"1";"0";"0";"0";"0";"0";"1";"0";"0";"0";"0";"0";"1";"1";"0";"0";"0";"0";"0";"0";"1";"0";"0";"0";"0"
"4848076";"Sen Vang Luxury";"33 - 37 Mê Linh - Phường Tân Lập - Nha Trang - Khanh Hoa, Phước Tiến, Nha Trang, Việt Nam, 650000";"Suite";"Thông tin sức chứa phòng: 2 người lớn.";"433.333
₫";"1";"0";"0";"0";"0";"0";"0";"0";"0";"0";"0";"0";"0";"0";"0";"0";"0";"0";"0";"0";"0";"0";"0";"0";"0";"0";"0";"0";"0";"0";"0";"0";"0";"0";"0";"0";"0";"0";"0";"0";"0";"0";"0";"0";"0";"0";"0";"0";"0";"0";"0";"0";"0";"0";"0";"0";"0";"1";"0";"0";"0";"0";"0";"0";"0";"0";"0";"0";"0";"0";"0";"0";"1";"0";"0";"0";"0";"0";"0";"0";"0";"1";"0";"0";"0";"0";"0";"0";"0";"0";"0";"0";"0";"1";"1";"0";"0";"0";"1";"0";"0";"1";"0";"1"
"4848076";"Sen Vang Luxury";"33 - 37 Mê Linh - Phường Tân Lập - Nha Trang - Khanh Hoa, Phước Tiến, Nha Trang, Việt Nam, 650000";"Suite";"Thông tin sức chứa phòng: 3 người lớn.";"602.333
₫";"1";"0";"0";"0";"0";"0";"0";"0";"0";"0";"0";"0";"0";"0";"0";"0";"0";"0";"0";"0";"0";"0";"0";"0";"0";"0";"0";"0";"0";"0";"0";"0";"0";"0";"0";"0";"0";"0";"0";"0";"0";"0";"0";"0";"0";"0";"0";"0";"0";"0";"0";"0";"0";"0";"0";"0";"0";"1";"0";"0";"0";"0";"0";"0";"0";"0";"0";"0";"0";"0";"0";"0";"1";"0";"0";"0";"0";"0";"0";"0";"0";"1";"0";"0";"0";"0";"0";"0";"0";"0";"0";"0";"0";"1";"1";"0";"0";"0";"1";"0";"0";"1";"0";"1"
"4848076";"Sen Vang Luxury";"33 - 37 Mê Linh - Phường Tân Lập - Nha Trang - Khanh Hoa, Phước Tiến, Nha Trang, Việt Nam, 650000";"Phòng Deluxe Gia đình (Deluxe Family Room)";"Thông tin sức chứa phòng: 4 người lớn.";"481.481
₫";"0";"0";"0";"0";"0";"0";"0";"0";"0";"0";"0";"0";"0";"0";"0";"0";"0";"0";"0";"0";"0";"0";"0";"0";"0";"0";"0";"0";"0";"0";"0";"0";"0";"0";"1";"0";"0";"0";"0";"0";"0";"0";"0";"0";"0";"0";"0";"0";"0";"0";"0";"0";"0";"0";"0";"0";"0";"1";"0";"0";"0";"0";"0";"0";"0";"0";"0";"0";"0";"0";"0";"0";"1";"0";"0";"0";"0";"0";"0";"0";"0";"1";"0";"0";"0";"0";"0";"0";"0";"0";"0";"0";"0";"1";"1";"0";"0";"0";"1";"0";"0";"1";"0";"1"
"33956809";"Khách sạn Astica Nha Trang (Astica Hotel Nha Trang)";"101 Hồng Bàng, Tân Lập, Nha Trang, Việt Nam, 650000";"Phòng Deluxe Giường Đôi/2 Giường Đơn Với Cửa Sổ Bên Trong (Deluxe Double or Twin Room with Internal Window)";"Thông tin sức chứa phòng: 2 người lớn và 2 trẻ em.";"495.496
₫";"0";"0";"0";"0";"0";"1";"0";"0";"0";"0";"0";"0";"0";"0";"0";"0";"0";"0";"0";"0";"0";"0";"0";"0";"0";"0";"0";"0";"0";"0";"0";"0";"0";"0";"0";"0";"0";"0";"0";"0";"0";"1";"0";"0";"0";"1";"0";"0";"0";"0";"0";"0";"0";"0";"1";"0";"0";"0";"0";"0";"0";"0";"0";"0";"0";"0";"0";"0";"0";"1";"0";"0";"0";"0";"0";"0";"0";"0";"0";"1";"0";"0";"0";"0";"0";"1";"0";"0";"0";"1";"0";"0";"0";"0";"1";"1";"0";"0";"0";"0";"0";"0";"0";"0"
"33956809";"Khách sạn Astica Nha Trang (Astica Hotel Nha Trang)";"101 Hồng Bàng, Tân Lập, Nha Trang, Việt Nam, 650000";"Deluxe giường đôi Hướng phố (Deluxe Double City View)";"Thông tin sức chứa phòng: 2 người lớn và 2 trẻ em.";"495.496
₫";"0";"0";"0";"0";"0";"0";"0";"0";"0";"0";"0";"0";"0";"0";"0";"0";"1";"0";"0";"0";"0";"0";"0";"0";"0";"0";"0";"0";"0";"0";"0";"0";"0";"0";"0";"0";"0";"0";"0";"0";"0";"0";"0";"0";"0";"1";"0";"0";"0";"0";"0";"0";"0";"0";"1";"0";"0";"0";"0";"0";"0";"0";"0";"0";"0";"0";"0";"0";"0";"1";"0";"0";"0";"0";"1";"0";"0";"0";"0";"1";"0";"0";"0";"0";"0";"1";"0";"0";"0";"1";"0";"0";"0";"0";"1";"1";"0";"0";"0";"0";"0";"0";"0";"0"
"33956809";"Khách sạn Astica Nha Trang (Astica Hotel Nha Trang)";"101 Hồng Bàng, Tân Lập, Nha Trang, Việt Nam, 650000";"Senior Double or Twin Room with Balcony - City View";"Thông tin sức chứa phòng: 2 người lớn và 2 trẻ em.";"663.371
₫";"0";"0";"0";"0";"0";"0";"0";"0";"0";"0";"0";"0";"0";"0";"0";"0";"0";"0";"0";"0";"0";"0";"0";"0";"0";"0";"0";"0";"0";"1";"0";"0";"0";"0";"0";"0";"0";"0";"1";"0";"0";"0";"0";"0";"1";"0";"0";"0";"0";"0";"0";"0";"0";"0";"0";"0";"0";"1";"0";"0";"0";"0";"0";"0";"0";"0";"0";"0";"0";"0";"0";"0";"0";"0";"1";"0";"0";"0";"0";"1";"1";"0";"0";"0";"0";"1";"0";"0";"0";"1";"0";"0";"0";"0";"0";"0";"1";"0";"0";"0";"0";"0";"0";"0"
"33956809";"Khách sạn Astica Nha Trang (Astica Hotel Nha Trang)";"101 Hồng Bàng, Tân Lập, Nha Trang, Việt Nam, 650000";"Phòng Loại Sang Cho Ba Người Có Cửa Sổ (Deluxe Triple Room with Window)";"Thông tin sức chứa phòng: 2 người lớn.";"737.146
₫";"0";"0";"0";"0";"0";"0";"0";"0";"0";"0";"0";"0";"0";"0";"0";"0";"0";"0";"0";"0";"1";"0";"0";"0";"0";"0";"0";"0";"0";"0";"0";"0";"0";"0";"0";"0";"0";"0";"0";"0";"0";"1";"0";"1";"0";"1";"0";"0";"0";"0";"0";"0";"0";"0";"0";"0";"0";"0";"0";"0";"1";"0";"0";"0";"0";"0";"0";"0";"0";"1";"0";"0";"0";"0";"1";"0";"0";"0";"0";"1";"0";"0";"0";"0";"0";"0";"1";"0";"0";"0";"0";"0";"0";"0";"0";"1";"0";"0";"0";"0";"0";"0";"0";"0"
"33956809";"Khách sạn Astica Nha Trang (Astica Hotel Nha Trang)";"101 Hồng Bàng, Tân Lập, Nha Trang, Việt Nam, 650000";"Phòng Loại Sang Cho Ba Người Có Cửa Sổ (Deluxe Triple Room with Window)";"Thông tin sức chứa phòng: 3 người lớn và 2 trẻ em.";"816.392
₫";"0";"0";"0";"0";"0";"0";"0";"0";"0";"0";"0";"0";"0";"0";"0";"0";"0";"0";"0";"0";"1";"0";"0";"0";"0";"0";"0";"0";"0";"0";"0";"0";"0";"0";"0";"0";"0";"0";"0";"0";"0";"1";"0";"1";"0";"1";"0";"0";"0";"0";"0";"0";"0";"0";"0";"0";"0";"0";"0";"0";"1";"0";"0";"0";"0";"0";"0";"0";"0";"1";"0";"0";"0";"0";"1";"0";"0";"0";"0";"1";"0";"0";"0";"0";"0";"0";"1";"0";"0";"0";"0";"0";"0";"0";"0";"1";"0";"0";"0";"0";"0";"0";"0";"0"
"33956809";"Khách sạn Astica Nha Trang (Astica Hotel Nha Trang)";"101 Hồng Bàng, Tân Lập, Nha Trang, Việt Nam, 650000";"Phòng Gia đình Connecting (Connecting Family Room)";"Thông tin sức chứa phòng: 4 người lớn và 4 trẻ em.";"1.064.659
₫";"0";"0";"0";"0";"0";"0";"1";"0";"0";"0";"0";"0";"0";"0";"0";"0";"0";"0";"0";"0";"0";"0";"0";"0";"0";"0";"0";"0";"0";"0";"0";"0";"1";"1";"0";"0";"0";"0";"0";"0";"0";"0";"0";"0";"0";"1";"0";"0";"0";"0";"0";"0";"0";"0";"0";"0";"0";"0";"0";"0";"0";"0";"0";"0";"1";"0";"0";"0";"0";"0";"0";"0";"0";"0";"1";"0";"0";"0";"0";"1";"0";"0";"0";"0";"0";"1";"0";"0";"0";"0";"0";"1";"0";"0";"0";"0";"1";"0";"0";"0";"0";"0";"0";"0"
"33956809";"Khách sạn Astica Nha Trang (Astica Hotel Nha Trang)";"101 Hồng Bàng, Tân Lập, Nha Trang, Việt Nam, 650000";"Phòng Gia đình Connecting (Connecting Family Room)";"Thông tin sức chứa phòng: 2 người lớn.";"1.859.967
₫";"0";"0";"0";"0";"0";"0";"1";"0";"0";"0";"0";"0";"0";"0";"0";"0";"0";"0";"0";"0";"0";"0";"0";"0";"0";"0";"0";"0";"0";"0";"0";"0";"1";"1";"0";"0";"0";"0";"0";"0";"0";"0";"0";"0";"0";"1";"0";"0";"0";"0";"0";"0";"0";"0";"0";"0";"0";"0";"0";"0";"0";"0";"0";"0";"1";"0";"0";"0";"0";"0";"0";"0";"0";"0";"1";"0";"0";"0";"0";"1";"0";"0";"0";"0";"0";"1";"0";"0";"0";"0";"0";"1";"0";"0";"0";"0";"1";"0";"0";"0";"0";"0";"0";"0"
"33956809";"Khách sạn Astica Nha Trang (Astica Hotel Nha Trang)";"101 Hồng Bàng, Tân Lập, Nha Trang, Việt Nam, 650000";"Phòng Suite Thông Nhau (Connecting Suite Room)";"Thông tin sức chứa phòng: 4 người lớn và 4 trẻ em.";"1.312.255
₫";"0";"0";"0";"0";"0";"0";"0";"0";"0";"0";"0";"0";"0";"0";"0";"0";"0";"0";"0";"0";"0";"0";"0";"0";"0";"0";"0";"0";"0";"0";"1";"0";"1";"1";"0";"0";"0";"0";"1";"0";"0";"0";"0";"0";"0";"1";"0";"0";"0";"0";"0";"0";"0";"0";"0";"0";"0";"0";"0";"0";"0";"0";"0";"0";"0";"0";"1";"0";"0";"0";"0";"0";"0";"0";"1";"0";"0";"0";"0";"0";"0";"0";"0";"0";"0";"1";"0";"0";"0";"0";"0";"1";"0";"0";"0";"1";"0";"0";"0";"0";"0";"0";"0";"0"
"79487625";"Khách sạn Gold Coast Nha Trang (The Gold Coast Hotel Nha Trang)";"12 Đ. Trần Nguy n H n, Phường Nha Trang, Tỉnh Kh nh H a, Tân Lập, Nha Trang, Việt Nam, 650000";"Deluxe giường đôi hoặc 2 giường (Deluxe Double or Twin)";"Thông tin sức chứa phòng: 2 người lớn và 1 trẻ em.";"366.345
₫";"0";"0";"0";"0";"0";"0";"0";"0";"0";"0";"0";"0";"0";"0";"0";"0";"0";"0";"0";"0";"0";"0";"0";"0";"0";"0";"1";"0";"0";"0";"0";"0";"0";"0";"0";"0";"0";"0";"1";"0";"0";"0";"0";"0";"1";"0";"0";"0";"0";"0";"0";"0";"0";"0";"1";"0";"0";"0";"0";"0";"0";"0";"0";"0";"0";"0";"0";"0";"0";"0";"0";"0";"0";"0";"1";"0";"0";"0";"0";"0";"0";"0";"0";"0";"0";"1";"0";"0";"0";"0";"0";"1";"0";"0";"1";"1";"0";"0";"0";"0";"0";"0";"0";"0"
"79487625";"Khách sạn Gold Coast Nha Trang (The Gold Coast Hotel Nha Trang)";"12 Đ. Trần Nguy n H n, Phường Nha Trang, Tỉnh Kh nh H a, Tân Lập, Nha Trang, Việt Nam, 650000";"Deluxe giường đôi hoặc 2 giường (Deluxe Double or Twin)";"Thông tin sức chứa phòng: 2 người lớn và 1 trẻ em.";"485.512
₫";"0";"0";"0";"0";"0";"0";"0";"0";"0";"0";"0";"0";"0";"0";"0";"0";"0";"0";"0";"0";"0";"0";"0";"0";"0";"0";"1";"0";"0";"0";"0";"0";"0";"0";"0";"0";"0";"0";"1";"0";"0";"0";"0";"0";"1";"0";"0";"0";"0";"0";"0";"0";"0";"0";"1";"0";"0";"0";"0";"0";"0";"0";"0";"0";"0";"0";"0";"0";"0";"0";"0";"0";"0";"0";"1";"0";"0";"0";"0";"0";"0";"0";"0";"0";"0";"1";"0";"0";"0";"0";"0";"1";"0";"0";"1";"1";"0";"0";"0";"0";"0";"0";"0";"0"
"79487625";"Khách sạn Gold Coast Nha Trang (The Gold Coast Hotel Nha Trang)";"12 Đ. Trần Nguy n H n, Phường Nha Trang, Tỉnh Kh nh H a, Tân Lập, Nha Trang, Việt Nam, 650000";"Phòng Deluxe Có Giường Cỡ King Kèm Ban Công (Deluxe King Balcony)";"Thông tin sức chứa phòng: 2 người lớn và 1 trẻ em.";"412.660
₫";"0";"0";"0";"0";"0";"0";"0";"0";"0";"0";"1";"0";"0";"0";"0";"0";"0";"0";"0";"0";"0";"0";"0";"0";"0";"0";"0";"0";"0";"0";"0";"0";"0";"0";"0";"0";"0";"0";"1";"0";"0";"0";"0";"0";"1";"0";"0";"0";"0";"0";"0";"0";"0";"0";"1";"0";"0";"0";"0";"0";"0";"0";"0";"0";"0";"0";"0";"0";"0";"0";"0";"0";"0";"0";"1";"0";"0";"0";"0";"0";"0";"0";"0";"0";"0";"1";"0";"0";"0";"0";"0";"0";"1";"0";"1";"1";"0";"0";"0";"0";"0";"0";"0";"0"
"79487625";"Khách sạn Gold Coast Nha Trang (The Gold Coast Hotel Nha Trang)";"12 Đ. Trần Nguy n H n, Phường Nha Trang, Tỉnh Kh nh H a, Tân Lập, Nha Trang, Việt Nam, 650000";"Phòng giường Queen (Queen Room)";"Thông tin sức chứa phòng: 2 người lớn và 1 trẻ em.";"412.660
₫";"0";"0";"0";"0";"0";"0";"0";"0";"0";"0";"0";"0";"0";"0";"0";"0";"0";"0";"0";"0";"0";"0";"0";"0";"0";"0";"0";"1";"0";"0";"0";"0";"0";"0";"0";"0";"0";"0";"1";"0";"0";"0";"0";"0";"1";"0";"0";"0";"0";"0";"0";"0";"0";"0";"1";"0";"0";"0";"0";"0";"0";"0";"0";"0";"0";"0";"0";"0";"0";"0";"0";"0";"0";"0";"1";"0";"0";"0";"0";"0";"0";"0";"0";"0";"0";"1";"0";"0";"0";"0";"0";"0";"1";"0";"1";"0";"1";"0";"0";"0";"0";"0";"0";"0"
"79487625";"Khách sạn Gold Coast Nha Trang (The Gold Coast Hotel Nha Trang)";"12 Đ. Trần Nguy n H n, Phường Nha Trang, Tỉnh Kh nh H a, Tân Lập, Nha Trang, Việt Nam, 650000";"Superior giường Queen (Superior Queen)";"Thông tin sức chứa phòng: 2 người lớn và 1 trẻ em.";"458.511
₫";"0";"0";"0";"0";"0";"0";"0";"0";"0";"0";"0";"0";"0";"0";"0";"0";"0";"0";"0";"0";"0";"0";"0";"0";"0";"0";"0";"1";"0";"0";"0";"0";"0";"0";"0";"0";"0";"0";"1";"0";"0";"0";"0";"0";"1";"0";"0";"0";"0";"0";"0";"0";"0";"0";"0";"0";"1";"0";"0";"0";"0";"0";"0";"0";"0";"0";"0";"0";"0";"0";"0";"0";"0";"0";"1";"0";"0";"0";"0";"0";"0";"0";"0";"0";"0";"1";"0";"0";"0";"0";"0";"1";"0";"0";"1";"0";"1";"0";"0";"0";"0";"0";"0";"0"
"79487625";"Khách sạn Gold Coast Nha Trang (The Gold Coast Hotel Nha Trang)";"12 Đ. Trần Nguy n H n, Phường Nha Trang, Tỉnh Kh nh H a, Tân Lập, Nha Trang, Việt Nam, 650000";"Superior giường Queen (Superior Queen)";"Thông tin sức chứa phòng: 2 người lớn và 1 trẻ em.";"538.157
₫";"0";"0";"0";"0";"0";"0";"0";"0";"0";"0";"0";"0";"0";"0";"0";"0";"0";"0";"0";"0";"0";"0";"0";"0";"0";"0";"0";"1";"0";"0";"0";"0";"0";"0";"0";"0";"0";"0";"1";"0";"0";"0";"0";"0";"1";"0";"0";"0";"0";"0";"0";"0";"0";"0";"0";"0";"1";"0";"0";"0";"0";"0";"0";"0";"0";"0";"0";"0";"0";"0";"0";"0";"0";"0";"1";"0";"0";"0";"0";"0";"0";"0";"0";"0";"0";"1";"0";"0";"0";"0";"0";"1";"0";"0";"1";"0";"1";"0";"0";"0";"0";"0";"0";"0"
"79487625";"Khách sạn Gold Coast Nha Trang (The Gold Coast Hotel Nha Trang)";"12 Đ. Trần Nguy n H n, Phường Nha Trang, Tỉnh Kh nh H a, Tân Lập, Nha Trang, Việt Nam, 650000";"Superior giường Queen (Superior Queen)";"Thông tin sức chứa phòng: 3 người lớn và 1 trẻ em.";"655.148
₫";"0";"0";"0";"0";"0";"0";"0";"0";"0";"0";"0";"0";"0";"0";"0";"0";"0";"0";"0";"0";"0";"0";"0";"0";"0";"0";"0";"1";"0";"0";"0";"0";"0";"0";"0";"0";"0";"0";"1";"0";"0";"0";"0";"0";"1";"0";"0";"0";"0";"0";"0";"0";"0";"0";"0";"0";"1";"0";"0";"0";"0";"0";"0";"0";"0";"0";"0";"0";"0";"0";"0";"0";"0";"0";"1";"0";"0";"0";"0";"0";"0";"0";"0";"0";"0";"1";"0";"0";"0";"0";"0";"1";"0";"0";"1";"0";"1";"0";"0";"0";"0";"0";"0";"0"
"79487625";"Khách sạn Gold Coast Nha Trang (The Gold Coast Hotel Nha Trang)";"12 Đ. Trần Nguy n H n, Phường Nha Trang, Tỉnh Kh nh H a, Tân Lập, Nha Trang, Việt Nam, 650000";"Suite Deluxe 2 Phòng Ngủ (2 Bedroom Deluxe Suite)";"Thông tin sức chứa phòng: 3 người lớn và 1 trẻ em.";"482.392
₫";"0";"0";"0";"0";"0";"0";"0";"0";"0";"0";"0";"0";"0";"0";"0";"0";"0";"0";"0";"0";"0";"0";"0";"1";"0";"0";"0";"0";"0";"0";"0";"0";"1";"0";"0";"0";"0";"0";"1";"0";"0";"0";"0";"0";"1";"0";"0";"0";"0";"0";"0";"0";"0";"0";"0";"0";"0";"0";"0";"0";"1";"0";"0";"0";"0";"0";"0";"0";"0";"0";"0";"0";"0";"0";"0";"0";"1";"0";"0";"0";"0";"0";"0";"0";"0";"1";"0";"0";"0";"0";"0";"0";"0";"0";"1";"0";"1";"0";"0";"0";"0";"0";"0";"0"
"79487625";"Khách sạn Gold Coast Nha Trang (The Gold Coast Hotel Nha Trang)";"12 Đ. Trần Nguy n H n, Phường Nha Trang, Tỉnh Kh nh H a, Tân Lập, Nha Trang, Việt Nam, 650000";"Phòng Superior Đôi có 2 Giường Đôi (Superior Double Room with Two Double Beds)";"Thông tin sức chứa phòng: 2 người lớn và 2 trẻ em.";"491.361
₫";"0";"0";"0";"0";"0";"0";"0";"0";"0";"0";"0";"0";"0";"0";"0";"0";"0";"0";"0";"0";"0";"0";"0";"0";"0";"0";"1";"0";"0";"0";"0";"0";"0";"0";"0";"0";"0";"0";"1";"0";"0";"0";"0";"0";"0";"0";"0";"0";"0";"0";"0";"1";"0";"0";"0";"0";"0";"0";"0";"0";"0";"0";"0";"0";"0";"0";"0";"0";"0";"0";"0";"0";"1";"0";"0";"0";"0";"0";"0";"0";"0";"0";"1";"0";"0";"0";"0";"0";"0";"0";"0";"1";"1";"0";"1";"0";"0";"0";"0";"1";"0";"1";"0";"0"
"79487625";"Khách sạn Gold Coast Nha Trang (The Gold Coast Hotel Nha Trang)";"12 Đ. Trần Nguy n H n, Phường Nha Trang, Tỉnh Kh nh H a, Tân Lập, Nha Trang, Việt Nam, 650000";"Phòng Superior Đôi có 2 Giường Đôi (Superior Double Room with Two Double Beds)";"Thông tin sức chứa phòng: 3 người lớn và 1 trẻ em.";"608.352
₫";"0";"0";"0";"0";"0";"0";"0";"0";"0";"0";"0";"0";"0";"0";"0";"0";"0";"0";"0";"0";"0";"0";"0";"0";"0";"0";"1";"0";"0";"0";"0";"0";"0";"0";"0";"0";"0";"0";"1";"0";"0";"0";"0";"0";"0";"0";"0";"0";"0";"0";"0";"1";"0";"0";"0";"0";"0";"0";"0";"0";"0";"0";"0";"0";"0";"0";"0";"0";"0";"0";"0";"0";"1";"0";"0";"0";"0";"0";"0";"0";"0";"0";"1";"0";"0";"0";"0";"0";"0";"0";"0";"1";"1";"0";"1";"0";"0";"0";"0";"1";"0";"1";"0";"0"
"79487625";"Khách sạn Gold Coast Nha Trang (The Gold Coast Hotel Nha Trang)";"12 Đ. Trần Nguy n H n, Phường Nha Trang, Tỉnh Kh nh H a, Tân Lập, Nha Trang, Việt Nam, 650000";"Phòng Deluxe Có 2 Giường Cỡ Queen (Deluxe Queen Room with Two Queen Beds)";"Thông tin sức chứa phòng: 2 người lớn và 2 trẻ em.";"526.458
₫";"0";"0";"0";"0";"0";"0";"0";"0";"0";"0";"0";"0";"0";"0";"0";"0";"0";"0";"0";"0";"0";"0";"0";"0";"0";"0";"0";"1";"0";"0";"0";"0";"0";"0";"0";"0";"0";"0";"1";"0";"0";"0";"0";"0";"0";"0";"0";"0";"0";"0";"0";"0";"0";"0";"1";"0";"0";"0";"0";"0";"0";"0";"0";"0";"0";"0";"0";"0";"0";"0";"0";"0";"1";"0";"0";"0";"0";"0";"0";"0";"0";"0";"1";"0";"0";"0";"0";"0";"0";"0";"0";"1";"1";"0";"1";"0";"0";"0";"0";"1";"0";"1";"0";"0"
"79487625";"Khách sạn Gold Coast Nha Trang (The Gold Coast Hotel Nha Trang)";"12 Đ. Trần Nguy n H n, Phường Nha Trang, Tỉnh Kh nh H a, Tân Lập, Nha Trang, Việt Nam, 650000";"Phòng Deluxe Có 2 Giường Cỡ Queen (Deluxe Queen Room with Two Queen Beds)";"Thông tin sức chứa phòng: 3 người lớn và 1 trẻ em.";"643.449
₫";"0";"0";"0";"0";"0";"0";"0";"0";"0";"0";"0";"0";"0";"0";"0";"0";"0";"0";"0";"0";"0";"0";"0";"0";"0";"0";"0";"1";"0";"0";"0";"0";"0";"0";"0";"0";"0";"0";"1";"0";"0";"0";"0";"0";"0";"0";"0";"0";"0";"0";"0";"0";"0";"0";"1";"0";"0";"0";"0";"0";"0";"0";"0";"0";"0";"0";"0";"0";"0";"0";"0";"0";"1";"0";"0";"0";"0";"0";"0";"0";"0";"0";"1";"0";"0";"0";"0";"0";"0";"0";"0";"1";"1";"0";"1";"0";"0";"0";"0";"1";"0";"1";"0";"0"
"79487625";"Khách sạn Gold Coast Nha Trang (The Gold Coast Hotel Nha Trang)";"12 Đ. Trần Nguy n H n, Phường Nha Trang, Tỉnh Kh nh H a, Tân Lập, Nha Trang, Việt Nam, 650000";"Deluxe gia đình (Family Deluxe)";"Thông tin sức chứa phòng: 3 người lớn và 1 trẻ em.";"597.984
₫";"0";"0";"0";"0";"0";"0";"0";"0";"0";"0";"0";"0";"0";"0";"1";"0";"0";"0";"0";"0";"0";"0";"0";"0";"0";"0";"0";"0";"0";"0";"0";"0";"1";"1";"0";"0";"0";"0";"1";"0";"0";"0";"0";"0";"1";"0";"0";"0";"0";"0";"0";"0";"0";"0";"0";"0";"0";"0";"0";"0";"1";"0";"0";"0";"0";"0";"0";"0";"0";"0";"0";"0";"0";"0";"0";"0";"1";"0";"0";"0";"0";"0";"0";"0";"0";"1";"0";"0";"0";"0";"0";"0";"0";"0";"1";"0";"1";"0";"0";"0";"0";"0";"0";"0"
"79487625";"Khách sạn Gold Coast Nha Trang (The Gold Coast Hotel Nha Trang)";"12 Đ. Trần Nguy n H n, Phường Nha Trang, Tỉnh Kh nh H a, Tân Lập, Nha Trang, Việt Nam, 650000";"Studio gia đình (Family Studio)";"Thông tin sức chứa phòng: 2 người lớn và 1 trẻ em.";"658.058
₫";"0";"0";"0";"0";"0";"0";"0";"0";"0";"0";"0";"1";"0";"0";"0";"0";"0";"0";"0";"0";"0";"0";"0";"0";"0";"0";"0";"0";"0";"0";"0";"0";"1";"1";"0";"0";"0";"0";"1";"0";"0";"0";"0";"0";"1";"0";"0";"0";"0";"0";"0";"0";"0";"0";"0";"0";"0";"0";"0";"0";"0";"0";"0";"0";"0";"0";"0";"1";"0";"0";"0";"0";"0";"0";"1";"0";"0";"0";"0";"0";"0";"0";"0";"0";"0";"1";"0";"0";"0";"0";"0";"0";"0";"0";"0";"0";"0";"1";"0";"0";"0";"0";"1";"0"
"79487625";"Khách sạn Gold Coast Nha Trang (The Gold Coast Hotel Nha Trang)";"12 Đ. Trần Nguy n H n, Phường Nha Trang, Tỉnh Kh nh H a, Tân Lập, Nha Trang, Việt Nam, 650000";"Phòng Suite Gia đình (Family Suite)";"Thông tin sức chứa phòng: 3 người lớn và 1 trẻ em.";"714.689
₫";"0";"0";"0";"1";"0";"0";"0";"0";"0";"0";"0";"0";"0";"0";"0";"0";"0";"0";"0";"0";"0";"0";"0";"0";"0";"0";"0";"0";"0";"0";"0";"0";"1";"1";"0";"0";"0";"0";"1";"0";"0";"0";"0";"0";"0";"0";"0";"0";"0";"0";"0";"0";"0";"0";"0";"0";"0";"0";"0";"0";"1";"0";"0";"0";"0";"0";"0";"0";"0";"0";"0";"0";"1";"0";"0";"0";"0";"0";"0";"0";"0";"0";"0";"0";"0";"0";"0";"0";"0";"0";"0";"1";"1";"0";"1";"0";"0";"0";"0";"0";"0";"1";"0";"0"
"79487625";"Khách sạn Gold Coast Nha Trang (The Gold Coast Hotel Nha Trang)";"12 Đ. Trần Nguy n H n, Phường Nha Trang, Tỉnh Kh nh H a, Tân Lập, Nha Trang, Việt Nam, 650000";"Căn Hộ 2 Phòng Ngủ Có Ban Công (Two-Bedroom Apartment with Balcony)";"Thông tin sức chứa phòng: 2 người lớn và 2 trẻ em.";"807.236
₫";"0";"1";"0";"0";"0";"0";"0";"0";"0";"0";"0";"0";"0";"0";"0";"0";"0";"0";"0";"0";"0";"0";"0";"0";"0";"0";"0";"0";"0";"0";"0";"0";"1";"1";"0";"0";"0";"0";"1";"0";"0";"0";"0";"0";"0";"0";"0";"0";"0";"0";"0";"0";"0";"0";"0";"0";"0";"0";"0";"0";"0";"0";"0";"0";"0";"0";"0";"1";"0";"0";"0";"0";"1";"0";"0";"0";"0";"0";"0";"0";"0";"0";"0";"0";"0";"0";"0";"0";"0";"0";"0";"1";"1";"0";"1";"0";"0";"0";"0";"0";"0";"1";"0";"0"
"79487625";"Khách sạn Gold Coast Nha Trang (The Gold Coast Hotel Nha Trang)";"12 Đ. Trần Nguy n H n, Phường Nha Trang, Tỉnh Kh nh H a, Tân Lập, Nha Trang, Việt Nam, 650000";"Căn Hộ 2 Phòng Ngủ Có Ban Công (Two-Bedroom Apartment with Balcony)";"Thông tin sức chứa phòng: 3 người lớn và 1 trẻ em.";"924.227
₫";"0";"1";"0";"0";"0";"0";"0";"0";"0";"0";"0";"0";"0";"0";"0";"0";"0";"0";"0";"0";"0";"0";"0";"0";"0";"0";"0";"0";"0";"0";"0";"0";"1";"1";"0";"0";"0";"0";"1";"0";"0";"0";"0";"0";"0";"0";"0";"0";"0";"0";"0";"0";"0";"0";"0";"0";"0";"0";"0";"0";"0";"0";"0";"0";"0";"0";"0";"1";"0";"0";"0";"0";"1";"0";"0";"0";"0";"0";"0";"0";"0";"0";"0";"0";"0";"0";"0";"0";"0";"0";"0";"1";"1";"0";"1";"0";"0";"0";"0";"0";"0";"1";"0";"0"
"8696455";"Khách Sạn Boutique Em Ơi (Em Oi Boutique Hotel)";"60 Phan Chu Trinh, Xương Huân, Nha Trang, Việt Nam, 650000";"Phòng Petite (Petite Room)";"Thông tin sức chứa phòng: 2 người lớn và 2 trẻ em.";"428.750
₫";"0";"0";"0";"0";"0";"0";"0";"0";"0";"0";"0";"0";"0";"0";"0";"0";"0";"0";"0";"0";"0";"0";"0";"0";"0";"0";"0";"0";"0";"1";"0";"0";"0";"0";"0";"0";"0";"0";"0";"0";"0";"1";"0";"0";"0";"1";"0";"0";"0";"0";"0";"0";"1";"0";"0";"0";"0";"0";"0";"0";"0";"0";"0";"0";"0";"0";"0";"0";"0";"1";"0";"0";"0";"0";"0";"0";"1";"0";"0";"1";"0";"0";"0";"0";"0";"1";"1";"0";"0";"0";"0";"0";"0";"0";"0";"0";"1";"0";"0";"0";"0";"0";"0";"0"
"8696455";"Khách Sạn Boutique Em Ơi (Em Oi Boutique Hotel)";"60 Phan Chu Trinh, Xương Huân, Nha Trang, Việt Nam, 650000";"Phòng Petite (Petite Room)";"Thông tin sức chứa phòng: 2 người lớn.";"736.917
₫";"0";"0";"0";"0";"0";"0";"0";"0";"0";"0";"0";"0";"0";"0";"0";"0";"0";"0";"0";"0";"0";"0";"0";"0";"0";"0";"0";"0";"0";"1";"0";"0";"0";"0";"0";"0";"0";"0";"0";"0";"0";"1";"0";"0";"0";"1";"0";"0";"0";"0";"0";"0";"1";"0";"0";"0";"0";"0";"0";"0";"0";"0";"0";"0";"0";"0";"0";"0";"0";"1";"0";"0";"0";"0";"0";"0";"1";"0";"0";"1";"0";"0";"0";"0";"0";"1";"1";"0";"0";"0";"0";"0";"0";"0";"0";"0";"1";"0";"0";"0";"0";"0";"0";"0"
"8696455";"Khách Sạn Boutique Em Ơi (Em Oi Boutique Hotel)";"60 Phan Chu Trinh, Xương Huân, Nha Trang, Việt Nam, 650000";"Phòng Petite (Petite Room)";"Thông tin sức chứa phòng: 2 người lớn và 2 trẻ em.";"829.136
₫";"0";"0";"0";"0";"0";"0";"0";"0";"0";"0";"0";"0";"0";"0";"0";"0";"0";"0";"0";"0";"0";"0";"0";"0";"0";"0";"0";"0";"0";"1";"0";"0";"0";"0";"0";"0";"0";"0";"0";"0";"0";"1";"0";"0";"0";"1";"0";"0";"0";"0";"0";"0";"1";"0";"0";"0";"0";"0";"0";"0";"0";"0";"0";"0";"0";"0";"0";"0";"0";"1";"0";"0";"0";"0";"0";"0";"1";"0";"0";"1";"0";"0";"0";"0";"0";"1";"1";"0";"0";"0";"0";"0";"0";"0";"0";"0";"1";"0";"0";"0";"0";"0";"0";"0"
"8696455";"Khách Sạn Boutique Em Ơi (Em Oi Boutique Hotel)";"60 Phan Chu Trinh, Xương Huân, Nha Trang, Việt Nam, 650000";"Phòng ấm cúng (Cozy Room)";"Thông tin sức chứa phòng: 2 người lớn và 2 trẻ em.";"520.178
₫";"0";"0";"0";"0";"0";"0";"0";"0";"0";"0";"0";"0";"0";"0";"0";"0";"0";"0";"0";"0";"0";"0";"0";"0";"0";"0";"0";"0";"0";"1";"0";"0";"0";"0";"0";"0";"0";"0";"0";"0";"0";"0";"0";"0";"1";"0";"0";"0";"0";"0";"0";"0";"0";"0";"0";"1";"0";"0";"0";"0";"0";"0";"0";"0";"0";"0";"0";"0";"0";"1";"0";"0";"0";"0";"1";"0";"0";"0";"0";"1";"0";"0";"0";"0";"0";"1";"1";"0";"0";"0";"0";"0";"0";"0";"1";"0";"1";"0";"0";"0";"0";"0";"0";"0"
"8696455";"Khách Sạn Boutique Em Ơi (Em Oi Boutique Hotel)";"60 Phan Chu Trinh, Xương Huân, Nha Trang, Việt Nam, 650000";"Phòng ấm cúng (Cozy Room)";"Thông tin sức chứa phòng: 2 người lớn và 2 trẻ em.";"808.407
₫";"0";"0";"0";"0";"0";"0";"0";"0";"0";"0";"0";"0";"0";"0";"0";"0";"0";"0";"0";"0";"0";"0";"0";"0";"0";"0";"0";"0";"0";"1";"0";"0";"0";"0";"0";"0";"0";"0";"0";"0";"0";"0";"0";"0";"1";"0";"0";"0";"0";"0";"0";"0";"0";"0";"0";"1";"0";"0";"0";"0";"0";"0";"0";"0";"0";"0";"0";"0";"0";"1";"0";"0";"0";"0";"1";"0";"0";"0";"0";"1";"0";"0";"0";"0";"0";"1";"1";"0";"0";"0";"0";"0";"0";"0";"1";"0";"1";"0";"0";"0";"0";"0";"0";"0"
"8696455";"Khách Sạn Boutique Em Ơi (Em Oi Boutique Hotel)";"60 Phan Chu Trinh, Xương Huân, Nha Trang, Việt Nam, 650000";"Phòng ấm cúng (Cozy Room)";"Thông tin sức chứa phòng: 2 người lớn và 2 trẻ em.";"808.407
₫";"0";"0";"0";"0";"0";"0";"0";"0";"0";"0";"0";"0";"0";"0";"0";"0";"0";"0";"0";"0";"0";"0";"0";"0";"0";"0";"0";"0";"0";"1";"0";"0";"0";"0";"0";"0";"0";"0";"0";"0";"0";"0";"0";"0";"1";"0";"0";"0";"0";"0";"0";"0";"0";"0";"0";"1";"0";"0";"0";"0";"0";"0";"0";"0";"0";"0";"0";"0";"0";"1";"0";"0";"0";"0";"1";"0";"0";"0";"0";"1";"0";"0";"0";"0";"0";"1";"1";"0";"0";"0";"0";"0";"0";"0";"1";"0";"1";"0";"0";"0";"0";"0";"0";"0"
"8696455";"Khách Sạn Boutique Em Ơi (Em Oi Boutique Hotel)";"60 Phan Chu Trinh, Xương Huân, Nha Trang, Việt Nam, 650000";"Phòng Deluxe Giường Đôi/2 Giường Đơn Nhìn Ra Biển (Deluxe Double or Twin Room with Sea View)";"Thông tin sức chứa phòng: 2 người lớn.";"638.889
₫";"0";"0";"0";"0";"0";"0";"0";"0";"0";"0";"0";"0";"0";"0";"0";"0";"0";"0";"0";"0";"0";"0";"0";"0";"0";"0";"0";"0";"0";"1";"0";"0";"0";"0";"0";"0";"0";"0";"0";"0";"0";"0";"0";"0";"0";"0";"0";"0";"0";"0";"0";"0";"1";"0";"0";"0";"0";"0";"0";"0";"0";"0";"0";"0";"0";"0";"0";"0";"0";"0";"1";"0";"0";"0";"0";"0";"0";"0";"0";"0";"0";"1";"1";"0";"0";"0";"0";"0";"0";"0";"1";"1";"0";"0";"1";"0";"0";"0";"1";"0";"0";"0";"0";"1"
"8696455";"Khách Sạn Boutique Em Ơi (Em Oi Boutique Hotel)";"60 Phan Chu Trinh, Xương Huân, Nha Trang, Việt Nam, 650000";"Phòng Deluxe Giường Đôi/2 Giường Đơn Nhìn Ra Biển (Deluxe Double or Twin Room with Sea View)";"Thông tin sức chứa phòng: 2 người lớn.";"1.388.889
₫";"0";"0";"0";"0";"0";"0";"0";"0";"0";"0";"0";"0";"0";"0";"0";"0";"0";"0";"0";"0";"0";"0";"0";"0";"0";"0";"0";"0";"0";"1";"0";"0";"0";"0";"0";"0";"0";"0";"0";"0";"0";"0";"0";"0";"0";"0";"0";"0";"0";"0";"0";"0";"1";"0";"0";"0";"0";"0";"0";"0";"0";"0";"0";"0";"0";"0";"0";"0";"0";"0";"1";"0";"0";"0";"0";"0";"0";"0";"0";"0";"0";"1";"1";"0";"0";"0";"0";"0";"0";"0";"1";"1";"0";"0";"1";"0";"0";"0";"1";"0";"0";"0";"0";"1"
"8696455";"Khách Sạn Boutique Em Ơi (Em Oi Boutique Hotel)";"60 Phan Chu Trinh, Xương Huân, Nha Trang, Việt Nam, 650000";"Phòng Deluxe Giường Đôi/2 Giường Đơn Nhìn Ra Biển (Deluxe Double or Twin Room with Sea View)";"Thông tin sức chứa phòng: 1 người lớn.";"633.333
₫";"0";"0";"0";"0";"0";"0";"0";"0";"0";"0";"0";"0";"0";"0";"0";"0";"0";"0";"0";"0";"0";"0";"0";"0";"0";"0";"0";"0";"0";"1";"0";"0";"0";"0";"0";"0";"0";"0";"0";"0";"0";"0";"0";"0";"0";"0";"0";"0";"0";"0";"0";"0";"1";"0";"0";"0";"0";"0";"0";"0";"0";"0";"0";"0";"0";"0";"0";"0";"0";"0";"1";"0";"0";"0";"0";"0";"0";"0";"0";"0";"0";"1";"1";"0";"0";"0";"0";"0";"0";"0";"1";"1";"0";"0";"1";"0";"0";"0";"1";"0";"0";"0";"0";"1"
"8696455";"Khách Sạn Boutique Em Ơi (Em Oi Boutique Hotel)";"60 Phan Chu Trinh, Xương Huân, Nha Trang, Việt Nam, 650000";"Phòng Deluxe Giường Đôi/2 Giường Đơn Nhìn Ra Biển (Deluxe Double or Twin Room with Sea View)";"Thông tin sức chứa phòng: 1 người lớn.";"1.383.333
₫";"0";"0";"0";"0";"0";"0";"0";"0";"0";"0";"0";"0";"0";"0";"0";"0";"0";"0";"0";"0";"0";"0";"0";"0";"0";"0";"0";"0";"0";"1";"0";"0";"0";"0";"0";"0";"0";"0";"0";"0";"0";"0";"0";"0";"0";"0";"0";"0";"0";"0";"0";"0";"1";"0";"0";"0";"0";"0";"0";"0";"0";"0";"0";"0";"0";"0";"0";"0";"0";"0";"1";"0";"0";"0";"0";"0";"0";"0";"0";"0";"0";"1";"1";"0";"0";"0";"0";"0";"0";"0";"1";"1";"0";"0";"1";"0";"0";"0";"1";"0";"0";"0";"0";"1"
"8696455";"Khách Sạn Boutique Em Ơi (Em Oi Boutique Hotel)";"60 Phan Chu Trinh, Xương Huân, Nha Trang, Việt Nam, 650000";"Suite Roomy Giường Lớn (Roomy Suite King)";"Thông tin sức chứa phòng: 2 người lớn và 2 trẻ em.";"740.095
₫";"1";"0";"0";"0";"0";"0";"0";"0";"0";"0";"0";"0";"0";"0";"0";"0";"0";"0";"0";"0";"0";"0";"0";"0";"0";"0";"0";"0";"0";"0";"0";"0";"0";"0";"0";"0";"0";"0";"0";"0";"0";"0";"0";"0";"0";"1";"0";"0";"0";"0";"0";"0";"0";"0";"0";"0";"0";"0";"1";"0";"0";"0";"0";"0";"0";"0";"0";"0";"0";"1";"0";"0";"0";"0";"1";"0";"0";"0";"0";"1";"0";"0";"0";"0";"0";"1";"0";"0";"0";"0";"0";"1";"0";"0";"1";"0";"1";"0";"0";"0";"0";"0";"0";"0"
"8696455";"Khách Sạn Boutique Em Ơi (Em Oi Boutique Hotel)";"60 Phan Chu Trinh, Xương Huân, Nha Trang, Việt Nam, 650000";"Suite Roomy Giường Lớn (Roomy Suite King)";"Thông tin sức chứa phòng: 2 người lớn và 2 trẻ em.";"965.797
₫";"1";"0";"0";"0";"0";"0";"0";"0";"0";"0";"0";"0";"0";"0";"0";"0";"0";"0";"0";"0";"0";"0";"0";"0";"0";"0";"0";"0";"0";"0";"0";"0";"0";"0";"0";"0";"0";"0";"0";"0";"0";"0";"0";"0";"0";"1";"0";"0";"0";"0";"0";"0";"0";"0";"0";"0";"0";"0";"1";"0";"0";"0";"0";"0";"0";"0";"0";"0";"0";"1";"0";"0";"0";"0";"1";"0";"0";"0";"0";"1";"0";"0";"0";"0";"0";"1";"0";"0";"0";"0";"0";"1";"0";"0";"1";"0";"1";"0";"0";"0";"0";"0";"0";"0"
"8696455";"Khách Sạn Boutique Em Ơi (Em Oi Boutique Hotel)";"60 Phan Chu Trinh, Xương Huân, Nha Trang, Việt Nam, 650000";"Phòng Đôi Loại Sang (Deluxe Double Room)";"Thông tin sức chứa phòng: 2 người lớn.";"1.000.000
₫";"1";"0";"0";"0";"0";"0";"0";"0";"0";"0";"0";"0";"0";"0";"0";"0";"0";"0";"0";"0";"0";"0";"0";"0";"0";"0";"0";"0";"0";"0";"0";"0";"0";"0";"0";"0";"0";"0";"0";"0";"0";"0";"0";"0";"0";"0";"0";"0";"0";"0";"0";"0";"0";"0";"0";"0";"0";"0";"1";"0";"0";"0";"0";"0";"0";"0";"0";"0";"0";"0";"0";"0";"0";"1";"0";"0";"0";"0";"0";"0";"0";"1";"1";"0";"0";"0";"0";"0";"0";"0";"1";"1";"0";"0";"1";"0";"0";"0";"1";"0";"0";"0";"0";"1"
"8696455";"Khách Sạn Boutique Em Ơi (Em Oi Boutique Hotel)";"60 Phan Chu Trinh, Xương Huân, Nha Trang, Việt Nam, 650000";"Phòng Đôi Loại Sang (Deluxe Double Room)";"Thông tin sức chứa phòng: 2 người lớn.";"1.555.556
₫";"1";"0";"0";"0";"0";"0";"0";"0";"0";"0";"0";"0";"0";"0";"0";"0";"0";"0";"0";"0";"0";"0";"0";"0";"0";"0";"0";"0";"0";"0";"0";"0";"0";"0";"0";"0";"0";"0";"0";"0";"0";"0";"0";"0";"0";"0";"0";"0";"0";"0";"0";"0";"0";"0";"0";"0";"0";"0";"1";"0";"0";"0";"0";"0";"0";"0";"0";"0";"0";"0";"0";"0";"0";"1";"0";"0";"0";"0";"0";"0";"0";"1";"1";"0";"0";"0";"0";"0";"0";"0";"1";"1";"0";"0";"1";"0";"0";"0";"1";"0";"0";"0";"0";"1"
"8696455";"Khách Sạn Boutique Em Ơi (Em Oi Boutique Hotel)";"60 Phan Chu Trinh, Xương Huân, Nha Trang, Việt Nam, 650000";"Phòng Đôi Loại Sang (Deluxe Double Room)";"Thông tin sức chứa phòng: 1 người lớn.";"994.444
₫";"1";"0";"0";"0";"0";"0";"0";"0";"0";"0";"0";"0";"0";"0";"0";"0";"0";"0";"0";"0";"0";"0";"0";"0";"0";"0";"0";"0";"0";"0";"0";"0";"0";"0";"0";"0";"0";"0";"0";"0";"0";"0";"0";"0";"0";"0";"0";"0";"0";"0";"0";"0";"0";"0";"0";"0";"0";"0";"1";"0";"0";"0";"0";"0";"0";"0";"0";"0";"0";"0";"0";"0";"0";"1";"0";"0";"0";"0";"0";"0";"0";"1";"1";"0";"0";"0";"0";"0";"0";"0";"1";"1";"0";"0";"1";"0";"0";"0";"1";"0";"0";"0";"0";"1"
"8696455";"Khách Sạn Boutique Em Ơi (Em Oi Boutique Hotel)";"60 Phan Chu Trinh, Xương Huân, Nha Trang, Việt Nam, 650000";"Phòng Đôi Loại Sang (Deluxe Double Room)";"Thông tin sức chứa phòng: 1 người lớn.";"1.550.000
₫";"1";"0";"0";"0";"0";"0";"0";"0";"0";"0";"0";"0";"0";"0";"0";"0";"0";"0";"0";"0";"0";"0";"0";"0";"0";"0";"0";"0";"0";"0";"0";"0";"0";"0";"0";"0";"0";"0";"0";"0";"0";"0";"0";"0";"0";"0";"0";"0";"0";"0";"0";"0";"0";"0";"0";"0";"0";"0";"1";"0";"0";"0";"0";"0";"0";"0";"0";"0";"0";"0";"0";"0";"0";"1";"0";"0";"0";"0";"0";"0";"0";"1";"1";"0";"0";"0";"0";"0";"0";"0";"1";"1";"0";"0";"1";"0";"0";"0";"1";"0";"0";"0";"0";"1"
"8696455";"Khách Sạn Boutique Em Ơi (Em Oi Boutique Hotel)";"60 Phan Chu Trinh, Xương Huân, Nha Trang, Việt Nam, 650000";"Phòng toàn cảnh biển (Ocean Panorama)";"Thông tin sức chứa phòng: 2 người lớn và 2 trẻ em.";"1.092.229
₫";"1";"0";"0";"0";"0";"0";"0";"0";"0";"0";"0";"0";"0";"0";"0";"0";"0";"0";"0";"0";"0";"0";"0";"0";"0";"0";"0";"0";"0";"0";"0";"0";"0";"0";"0";"0";"0";"0";"0";"0";"0";"1";"0";"0";"0";"0";"0";"0";"0";"0";"0";"0";"0";"0";"0";"0";"0";"0";"0";"0";"1";"0";"0";"0";"0";"0";"0";"0";"0";"1";"0";"0";"0";"0";"0";"0";"0";"1";"0";"1";"0";"0";"0";"0";"0";"1";"0";"0";"0";"0";"0";"1";"0";"0";"1";"1";"0";"0";"0";"0";"0";"0";"0";"0"
"8696455";"Khách Sạn Boutique Em Ơi (Em Oi Boutique Hotel)";"60 Phan Chu Trinh, Xương Huân, Nha Trang, Việt Nam, 650000";"Phòng toàn cảnh biển (Ocean Panorama)";"Thông tin sức chứa phòng: 2 người lớn và 2 trẻ em.";"1.265.185
₫";"1";"0";"0";"0";"0";"0";"0";"0";"0";"0";"0";"0";"0";"0";"0";"0";"0";"0";"0";"0";"0";"0";"0";"0";"0";"0";"0";"0";"0";"0";"0";"0";"0";"0";"0";"0";"0";"0";"0";"0";"0";"1";"0";"0";"0";"0";"0";"0";"0";"0";"0";"0";"0";"0";"0";"0";"0";"0";"0";"0";"1";"0";"0";"0";"0";"0";"0";"0";"0";"1";"0";"0";"0";"0";"0";"0";"0";"1";"0";"1";"0";"0";"0";"0";"0";"1";"0";"0";"0";"0";"0";"1";"0";"0";"1";"1";"0";"0";"0";"0";"0";"0";"0";"0"
"8696455";"Khách Sạn Boutique Em Ơi (Em Oi Boutique Hotel)";"60 Phan Chu Trinh, Xương Huân, Nha Trang, Việt Nam, 650000";"Phòng toàn cảnh biển (Ocean Panorama)";"Thông tin sức chứa phòng: 2 người lớn và 2 trẻ em.";"1.265.185
₫";"1";"0";"0";"0";"0";"0";"0";"0";"0";"0";"0";"0";"0";"0";"0";"0";"0";"0";"0";"0";"0";"0";"0";"0";"0";"0";"0";"0";"0";"0";"0";"0";"0";"0";"0";"0";"0";"0";"0";"0";"0";"1";"0";"0";"0";"0";"0";"0";"0";"0";"0";"0";"0";"0";"0";"0";"0";"0";"0";"0";"1";"0";"0";"0";"0";"0";"0";"0";"0";"1";"0";"0";"0";"0";"0";"0";"0";"1";"0";"1";"0";"0";"0";"0";"0";"1";"0";"0";"0";"0";"0";"1";"0";"0";"1";"1";"0";"0";"0";"0";"0";"0";"0";"0"
"1624707";"KHÁCH SẠN SEAESTA NHA TRANG (SEAESTA NHA TRANG HOTEL)";"116A Hồng Bàng, Tân Lập, Nha Trang, Việt Nam, 650000";"Deluxe giường King (Deluxe King)";"Thông tin sức chứa phòng: 2 người lớn.";"872.584
₫";"1";"0";"0";"0";"0";"0";"0";"0";"0";"0";"0";"0";"0";"0";"0";"0";"0";"0";"0";"0";"0";"0";"0";"0";"0";"0";"0";"0";"0";"0";"0";"0";"0";"0";"0";"0";"0";"0";"0";"0";"0";"1";"0";"0";"1";"0";"0";"0";"0";"0";"0";"0";"0";"0";"0";"0";"0";"1";"0";"0";"0";"0";"0";"0";"0";"0";"0";"0";"0";"0";"0";"0";"0";"0";"1";"0";"0";"0";"0";"1";"0";"0";"0";"0";"0";"1";"0";"0";"0";"0";"0";"1";"0";"0";"1";"0";"0";"0";"0";"0";"0";"0";"0";"0"
"1624707";"KHÁCH SẠN SEAESTA NHA TRANG (SEAESTA NHA TRANG HOTEL)";"116A Hồng Bàng, Tân Lập, Nha Trang, Việt Nam, 650000";"Deluxe giường King (Deluxe King)";"Thông tin sức chứa phòng: 2 người lớn.";"1.344.709
₫";"1";"0";"0";"0";"0";"0";"0";"0";"0";"0";"0";"0";"0";"0";"0";"0";"0";"0";"0";"0";"0";"0";"0";"0";"0";"0";"0";"0";"0";"0";"0";"0";"0";"0";"0";"0";"0";"0";"0";"0";"0";"1";"0";"0";"1";"0";"0";"0";"0";"0";"0";"0";"0";"0";"0";"0";"0";"1";"0";"0";"0";"0";"0";"0";"0";"0";"0";"0";"0";"0";"0";"0";"0";"0";"1";"0";"0";"0";"0";"1";"0";"0";"0";"0";"0";"1";"0";"0";"0";"0";"0";"1";"0";"0";"1";"0";"0";"0";"0";"0";"0";"0";"0";"0"
"1624707";"KHÁCH SẠN SEAESTA NHA TRANG (SEAESTA NHA TRANG HOTEL)";"116A Hồng Bàng, Tân Lập, Nha Trang, Việt Nam, 650000";"Premier Deluxe 2 giường (Premier Deluxe Twin)";"Thông tin sức chứa phòng: 2 người lớn và 2 trẻ em.";"1.075.942
₫";"0";"0";"0";"0";"0";"0";"0";"0";"0";"0";"0";"0";"0";"0";"0";"0";"0";"0";"0";"0";"0";"0";"0";"0";"0";"0";"0";"0";"1";"0";"0";"0";"0";"0";"0";"0";"0";"0";"1";"0";"1";"0";"0";"0";"0";"1";"0";"0";"0";"0";"0";"0";"0";"0";"0";"0";"0";"1";"0";"0";"0";"0";"0";"0";"0";"0";"0";"0";"0";"0";"0";"0";"0";"0";"1";"0";"0";"0";"0";"1";"0";"0";"0";"0";"0";"1";"0";"0";"0";"0";"0";"1";"0";"0";"1";"0";"0";"0";"0";"0";"0";"0";"0";"0"
"1624707";"KHÁCH SẠN SEAESTA NHA TRANG (SEAESTA NHA TRANG HOTEL)";"116A Hồng Bàng, Tân Lập, Nha Trang, Việt Nam, 650000";"Premier Deluxe 2 giường (Premier Deluxe Twin)";"Thông tin sức chứa phòng: 2 người lớn.";"1.429.894
₫";"0";"0";"0";"0";"0";"0";"0";"0";"0";"0";"0";"0";"0";"0";"0";"0";"0";"0";"0";"0";"0";"0";"0";"0";"0";"0";"0";"0";"1";"0";"0";"0";"0";"0";"0";"0";"0";"0";"1";"0";"1";"0";"0";"0";"0";"1";"0";"0";"0";"0";"0";"0";"0";"0";"0";"0";"0";"1";"0";"0";"0";"0";"0";"0";"0";"0";"0";"0";"0";"0";"0";"0";"0";"0";"1";"0";"0";"0";"0";"1";"0";"0";"0";"0";"0";"1";"0";"0";"0";"0";"0";"1";"0";"0";"1";"0";"0";"0";"0";"0";"0";"0";"0";"0"
"1624707";"KHÁCH SẠN SEAESTA NHA TRANG (SEAESTA NHA TRANG HOTEL)";"116A Hồng Bàng, Tân Lập, Nha Trang, Việt Nam, 650000";"Phòng Thương Hiệu (Signature Room)";"Thông tin sức chứa phòng: 2 người lớn và 2 trẻ em.";"1.194.982
₫";"1";"0";"0";"0";"0";"0";"0";"0";"0";"0";"0";"0";"0";"0";"0";"0";"0";"0";"0";"0";"0";"0";"0";"0";"0";"0";"0";"0";"0";"0";"0";"0";"0";"0";"0";"0";"0";"0";"1";"0";"1";"0";"0";"0";"0";"1";"0";"0";"0";"0";"0";"0";"0";"0";"0";"0";"0";"0";"0";"0";"0";"1";"0";"0";"0";"0";"0";"0";"0";"0";"0";"0";"0";"0";"1";"0";"0";"0";"0";"1";"0";"0";"0";"0";"0";"1";"0";"0";"0";"0";"0";"1";"0";"0";"0";"0";"0";"0";"0";"0";"0";"0";"1";"0"
"1624707";"KHÁCH SẠN SEAESTA NHA TRANG (SEAESTA NHA TRANG HOTEL)";"116A Hồng Bàng, Tân Lập, Nha Trang, Việt Nam, 650000";"Phòng Thương Hiệu (Signature Room)";"Thông tin sức chứa phòng: 2 người lớn.";"1.588.095
₫";"1";"0";"0";"0";"0";"0";"0";"0";"0";"0";"0";"0";"0";"0";"0";"0";"0";"0";"0";"0";"0";"0";"0";"0";"0";"0";"0";"0";"0";"0";"0";"0";"0";"0";"0";"0";"0";"0";"1";"0";"1";"0";"0";"0";"0";"1";"0";"0";"0";"0";"0";"0";"0";"0";"0";"0";"0";"0";"0";"0";"0";"1";"0";"0";"0";"0";"0";"0";"0";"0";"0";"0";"0";"0";"1";"0";"0";"0";"0";"1";"0";"0";"0";"0";"0";"1";"0";"0";"0";"0";"0";"1";"0";"0";"0";"0";"0";"0";"0";"0";"0";"0";"1";"0"
"1624707";"KHÁCH SẠN SEAESTA NHA TRANG (SEAESTA NHA TRANG HOTEL)";"116A Hồng Bàng, Tân Lập, Nha Trang, Việt Nam, 650000";"Premier Deluxe 3 người (Premier Deluxe Triple)";"Thông tin sức chứa phòng: 2 người lớn.";"1.277.395
₫";"0";"0";"0";"0";"0";"0";"0";"0";"0";"0";"0";"0";"0";"0";"0";"0";"0";"0";"0";"1";"0";"0";"0";"0";"0";"0";"0";"0";"0";"0";"0";"0";"0";"0";"0";"0";"0";"0";"1";"0";"1";"0";"0";"0";"0";"1";"0";"0";"0";"0";"0";"0";"0";"0";"0";"0";"0";"1";"0";"0";"0";"0";"0";"0";"0";"0";"0";"0";"0";"0";"0";"0";"0";"0";"1";"0";"0";"0";"0";"1";"0";"0";"0";"0";"0";"1";"0";"0";"0";"0";"0";"1";"0";"0";"1";"0";"0";"0";"0";"0";"0";"0";"0";"0"
"1624707";"KHÁCH SẠN SEAESTA NHA TRANG (SEAESTA NHA TRANG HOTEL)";"116A Hồng Bàng, Tân Lập, Nha Trang, Việt Nam, 650000";"Premier Deluxe 3 người (Premier Deluxe Triple)";"Thông tin sức chứa phòng: 3 người lớn.";"1.697.619
₫";"0";"0";"0";"0";"0";"0";"0";"0";"0";"0";"0";"0";"0";"0";"0";"0";"0";"0";"0";"1";"0";"0";"0";"0";"0";"0";"0";"0";"0";"0";"0";"0";"0";"0";"0";"0";"0";"0";"1";"0";"1";"0";"0";"0";"0";"1";"0";"0";"0";"0";"0";"0";"0";"0";"0";"0";"0";"1";"0";"0";"0";"0";"0";"0";"0";"0";"0";"0";"0";"0";"0";"0";"0";"0";"1";"0";"0";"0";"0";"1";"0";"0";"0";"0";"0";"1";"0";"0";"0";"0";"0";"1";"0";"0";"1";"0";"0";"0";"0";"0";"0";"0";"0";"0"
"1624707";"KHÁCH SẠN SEAESTA NHA TRANG (SEAESTA NHA TRANG HOTEL)";"116A Hồng Bàng, Tân Lập, Nha Trang, Việt Nam, 650000";"Junior Suite gia đình (Family Junior Suite)";"Thông tin sức chứa phòng: 2 người lớn và 2 trẻ em.";"1.648.663
₫";"0";"0";"0";"0";"0";"0";"0";"0";"0";"0";"0";"0";"1";"0";"0";"0";"0";"0";"0";"0";"0";"0";"0";"0";"0";"0";"0";"0";"0";"0";"0";"0";"0";"0";"0";"0";"0";"0";"1";"0";"1";"0";"0";"0";"0";"1";"0";"0";"0";"0";"0";"0";"0";"0";"0";"0";"0";"0";"0";"0";"0";"1";"0";"0";"0";"0";"0";"0";"0";"0";"0";"0";"0";"0";"1";"0";"0";"0";"0";"1";"0";"0";"0";"0";"0";"1";"0";"0";"0";"0";"0";"1";"0";"0";"1";"0";"0";"0";"0";"0";"0";"0";"0";"0"
"1624707";"KHÁCH SẠN SEAESTA NHA TRANG (SEAESTA NHA TRANG HOTEL)";"116A Hồng Bàng, Tân Lập, Nha Trang, Việt Nam, 650000";"Junior Suite gia đình (Family Junior Suite)";"Thông tin sức chứa phòng: 2 người lớn.";"2.190.476
₫";"0";"0";"0";"0";"0";"0";"0";"0";"0";"0";"0";"0";"1";"0";"0";"0";"0";"0";"0";"0";"0";"0";"0";"0";"0";"0";"0";"0";"0";"0";"0";"0";"0";"0";"0";"0";"0";"0";"1";"0";"1";"0";"0";"0";"0";"1";"0";"0";"0";"0";"0";"0";"0";"0";"0";"0";"0";"0";"0";"0";"0";"1";"0";"0";"0";"0";"0";"0";"0";"0";"0";"0";"0";"0";"1";"0";"0";"0";"0";"1";"0";"0";"0";"0";"0";"1";"0";"0";"0";"0";"0";"1";"0";"0";"1";"0";"0";"0";"0";"0";"0";"0";"0";"0"
"1370938";"Full House Hotel";"03 Ngô Sỹ Liên, Vạn Thắng, Nha Trang, Việt Nam";"Phòng Superior (Superior)";"Thông tin sức chứa phòng: 2 người lớn và 2 trẻ em.";"195.781
₫";"0";"0";"0";"0";"0";"0";"0";"0";"0";"0";"0";"0";"0";"0";"0";"0";"0";"0";"0";"0";"0";"0";"0";"0";"0";"0";"0";"0";"1";"0";"0";"0";"0";"0";"0";"0";"0";"0";"1";"0";"0";"1";"0";"0";"0";"1";"0";"0";"0";"0";"0";"0";"0";"0";"0";"1";"0";"0";"0";"0";"0";"0";"0";"0";"0";"0";"0";"0";"0";"0";"0";"0";"0";"0";"1";"0";"0";"0";"0";"1";"0";"0";"0";"1";"0";"1";"0";"0";"0";"0";"0";"1";"0";"0";"0";"0";"0";"0";"0";"0";"0";"0";"0";"0"
"1370938";"Full House Hotel";"03 Ngô Sỹ Liên, Vạn Thắng, Nha Trang, Việt Nam";"Phòng Superior (Superior)";"Thông tin sức chứa phòng: 2 người lớn và 2 trẻ em.";"224.868
₫";"0";"0";"0";"0";"0";"0";"0";"0";"0";"0";"0";"0";"0";"0";"0";"0";"0";"0";"0";"0";"0";"0";"0";"0";"0";"0";"0";"0";"1";"0";"0";"0";"0";"0";"0";"0";"0";"0";"1";"0";"0";"1";"0";"0";"0";"1";"0";"0";"0";"0";"0";"0";"0";"0";"0";"1";"0";"0";"0";"0";"0";"0";"0";"0";"0";"0";"0";"0";"0";"0";"0";"0";"0";"0";"1";"0";"0";"0";"0";"1";"0";"0";"0";"1";"0";"1";"0";"0";"0";"0";"0";"1";"0";"0";"0";"0";"0";"0";"0";"0";"0";"0";"0";"0"
"1370938";"Full House Hotel";"03 Ngô Sỹ Liên, Vạn Thắng, Nha Trang, Việt Nam";"Deluxe hướng thành phố (Deluxe City View)";"Thông tin sức chứa phòng: 2 người lớn và 2 trẻ em.";"240.222
₫";"0";"0";"0";"0";"0";"0";"0";"0";"0";"0";"0";"0";"0";"0";"0";"0";"0";"0";"0";"0";"0";"0";"0";"0";"0";"0";"1";"0";"0";"0";"0";"0";"0";"0";"0";"0";"0";"0";"1";"0";"0";"1";"0";"0";"0";"1";"0";"0";"0";"0";"0";"0";"0";"0";"0";"0";"1";"0";"0";"0";"0";"0";"0";"0";"0";"0";"0";"0";"0";"0";"0";"0";"0";"0";"1";"0";"0";"0";"0";"1";"0";"0";"0";"1";"0";"1";"0";"0";"0";"0";"0";"1";"0";"0";"0";"0";"0";"0";"0";"0";"0";"0";"0";"0"
"1370938";"Full House Hotel";"03 Ngô Sỹ Liên, Vạn Thắng, Nha Trang, Việt Nam";"Deluxe hướng thành phố (Deluxe City View)";"Thông tin sức chứa phòng: 2 người lớn và 2 trẻ em.";"262.346
₫";"0";"0";"0";"0";"0";"0";"0";"0";"0";"0";"0";"0";"0";"0";"0";"0";"0";"0";"0";"0";"0";"0";"0";"0";"0";"0";"1";"0";"0";"0";"0";"0";"0";"0";"0";"0";"0";"0";"1";"0";"0";"1";"0";"0";"0";"1";"0";"0";"0";"0";"0";"0";"0";"0";"0";"0";"1";"0";"0";"0";"0";"0";"0";"0";"0";"0";"0";"0";"0";"0";"0";"0";"0";"0";"1";"0";"0";"0";"0";"1";"0";"0";"0";"1";"0";"1";"0";"0";"0";"0";"0";"1";"0";"0";"0";"0";"0";"0";"0";"0";"0";"0";"0";"0"
"1370938";"Full House Hotel";"03 Ngô Sỹ Liên, Vạn Thắng, Nha Trang, Việt Nam";"Deluxe Premier";"Thông tin sức chứa phòng: 2 người lớn và 2 trẻ em.";"240.222
₫";"0";"0";"0";"0";"0";"0";"0";"0";"0";"0";"0";"0";"0";"1";"0";"0";"0";"0";"0";"0";"0";"0";"0";"0";"0";"0";"0";"0";"0";"0";"0";"0";"0";"0";"0";"0";"0";"0";"1";"0";"0";"0";"0";"0";"0";"1";"0";"0";"0";"0";"0";"0";"0";"1";"0";"0";"0";"0";"0";"0";"0";"0";"0";"0";"0";"0";"0";"0";"0";"0";"0";"0";"0";"0";"1";"0";"0";"0";"0";"1";"0";"0";"0";"1";"0";"1";"0";"0";"0";"0";"0";"1";"0";"0";"0";"0";"0";"0";"0";"0";"0";"0";"0";"0"
"1370938";"Full House Hotel";"03 Ngô Sỹ Liên, Vạn Thắng, Nha Trang, Việt Nam";"Deluxe Premier";"Thông tin sức chứa phòng: 2 người lớn và 2 trẻ em.";"262.346
₫";"0";"0";"0";"0";"0";"0";"0";"0";"0";"0";"0";"0";"0";"1";"0";"0";"0";"0";"0";"0";"0";"0";"0";"0";"0";"0";"0";"0";"0";"0";"0";"0";"0";"0";"0";"0";"0";"0";"1";"0";"0";"0";"0";"0";"0";"1";"0";"0";"0";"0";"0";"0";"0";"1";"0";"0";"0";"0";"0";"0";"0";"0";"0";"0";"0";"0";"0";"0";"0";"0";"0";"0";"0";"0";"1";"0";"0";"0";"0";"1";"0";"0";"0";"1";"0";"1";"0";"0";"0";"0";"0";"1";"0";"0";"0";"0";"0";"0";"0";"0";"0";"0";"0";"0"
"1370938";"Full House Hotel";"03 Ngô Sỹ Liên, Vạn Thắng, Nha Trang, Việt Nam";"Suite";"Thông tin sức chứa phòng: 2 người lớn và 2 trẻ em.";"253.949
₫";"0";"0";"0";"0";"0";"0";"0";"0";"0";"0";"0";"0";"0";"0";"0";"0";"0";"0";"0";"0";"0";"0";"0";"0";"0";"0";"1";"0";"0";"0";"0";"0";"0";"0";"0";"0";"0";"0";"1";"0";"0";"1";"0";"0";"0";"1";"0";"0";"0";"0";"0";"0";"0";"0";"0";"0";"0";"1";"0";"0";"0";"0";"0";"0";"0";"0";"0";"0";"0";"0";"0";"0";"0";"0";"1";"0";"0";"0";"0";"1";"0";"0";"0";"1";"0";"1";"0";"0";"0";"0";"0";"1";"0";"0";"0";"0";"0";"0";"0";"0";"0";"0";"0";"0"
"1370938";"Full House Hotel";"03 Ngô Sỹ Liên, Vạn Thắng, Nha Trang, Việt Nam";"Suite";"Thông tin sức chứa phòng: 2 người lớn và 2 trẻ em.";"277.337
₫";"0";"0";"0";"0";"0";"0";"0";"0";"0";"0";"0";"0";"0";"0";"0";"0";"0";"0";"0";"0";"0";"0";"0";"0";"0";"0";"1";"0";"0";"0";"0";"0";"0";"0";"0";"0";"0";"0";"1";"0";"0";"1";"0";"0";"0";"1";"0";"0";"0";"0";"0";"0";"0";"0";"0";"0";"0";"1";"0";"0";"0";"0";"0";"0";"0";"0";"0";"0";"0";"0";"0";"0";"0";"0";"1";"0";"0";"0";"0";"1";"0";"0";"0";"1";"0";"1";"0";"0";"0";"0";"0";"1";"0";"0";"0";"0";"0";"0";"0";"0";"0";"0";"0";"0"
"75155617";"Nhà số 33 (Nha so 33)";"Phước Hải, Nha Trang, Việt Nam";"Phòng Gia Đình (Family Room)";"Thông tin sức chứa phòng: 2 người lớn.";"1.666.667
₫";"0";"0";"0";"0";"0";"0";"0";"0";"0";"0";"0";"0";"0";"0";"0";"0";"1";"0";"0";"0";"0";"0";"0";"0";"0";"1";"0";"0";"0";"0";"0";"0";"0";"0";"0";"0";"0";"0";"1";"0";"0";"0";"0";"0";"0";"0";"1";"0";"0";"0";"0";"0";"0";"0";"0";"0";"0";"0";"0";"0";"0";"0";"0";"0";"0";"0";"0";"0";"0";"0";"0";"0";"0";"0";"0";"0";"0";"0";"0";"0";"0";"0";"0";"0";"0";"0";"0";"1";"0";"0";"1";"0";"1";"0";"1";"0";"0";"0";"1";"0";"0";"0";"0";"1"
