hotel_id,room_room_type_name,room_type_id
71897952,Phòng Deluxe Có Giường Cỡ King (Deluxe King Room),1
49685029,Phòng Tiêu Chuẩn (Standard Room),2
49685029,Phòng gia đình có ban công (Family Room with Balcony),3
65481766,Phòng Có Giường Cỡ King Với Ban Công (King Room with Balcony),4
5808626,Phòng Studio Executive (Studio Executive),5
5808626,Phòng Studio Premier (Studio Premier),6
5808626,One Bedroom Deluxe,7
5808626,Phòng Thương Gia Một Phòng Ngủ (One Bedroom Executive),8
5808626,One Bedroom Premier,9
5808626,Hai Phòng Ngủ Thương Gia (Two Bedroom Executive),10
10613675,Phòng Tiêu Chuẩn - Giường Đôi (Standard - Double),11
10613675,Phòng Executive (Executive Room),12
10613675,Phòng Superior 3 Người (Superior Triple),13
78191120,Giường Lớn Cao Cấp (Superior King),14
78191120,Superior 2 giường (Superior Twin),15
78191120,Deluxe hướng thành phố (Deluxe City View),16
78191120,Phòng Deluxe 2 Giường đơn (Deluxe Twin),17
78191120,Phòng Deluxe Executive (Deluxe Executive Room),18
78191120,Phòng Superior 2 giường đơn (Superior Twin Room),19
78191120,Phòng Loại Sang (Deluxe),20
78191120,Phòng Lớn 2 Giường Đơn (Large Twin Room),21
78191120,Suite Executive (Executive Suite),22
67742118,Phòng Đôi (Double Room),23
67742118,Phòng Hai Giường Đơn (Twin Room),24
67742118,Căn Hộ 1 Phòng Ngủ (One-Bedroom Apartment),25
67742118,Căn Hộ Nhỏ Hai Giường Đơn (Twin Studio),26
37848723,Phòng Tiêu Chuẩn (Standard Room),27
37848723,Phòng Superior (Superior Room),28
37848723,Phòng Loại Sang (Deluxe Room),29
37848723,Phòng Gia Đình (Family Room),30
37848723,Phòng Gia Đình Loại Sang (Deluxe Family Room),31
39821588,Giường Lớn Cao Cấp (Superior King),32
39821588,Superior 2 giường (Superior Twin),33
39821588,Phòng Deluxe cao cấp 2 giường (Premium Deluxe Twin Room),34
39821588,Phòng Premium Deluxe có Giường cỡ King (Premium Deluxe King Room),35
39821588,Phòng Deluxe 2 Giường đơn (Deluxe Twin),36
39821588,Suite,37
39821588,TWIN Premium Deluxe Twin (TWIN PREMIUM DELUXE TWIN),38
39821588,Premium deluxe king double,39
39821588,Suite cao cấp (Premium Suite),40
39821588,Suite Suite (Suite Suite ),41
64540148,Phòng Nhật Bản (Japan Room),42
64540148,Phòng Deluxe 2 Giường đơn (Deluxe Twin),43
64540148,Phòng Thương gia giường đôi (Business Double),44
64540148,Phòng Executive giường đôi (Executive Double),45
479494,Phòng Superior (Superior Room),46
479494,Deluxe giường đôi (Deluxe Double),47
479494,Business Suite giường đôi (Business Suite Double),48
479494,Suite Thương gia 2 giường (Business Suite Twin),49
479494,Suite,50
479494,Căn hộ (Apartment),51
39830693,Căn hộ 1 phòng ngủ (1-Bedroom Apartment),52
39830693,Căn Hộ 2 Phòng Ngủ (Two Bedroom Apartment),53
39830693,Căn hộ 2 phòng ngủ hướng thành phố có 2 phòng tắm (2-Bedroom City View Apartment with 2 Bathrooms),54
5396372,Superior giường đôi (Superior Double),55
5396372,Superior 2 giường (Superior Twin),56
5396372,Superior 1 người (Superior Single),57
5396372,Phòng Loại Sang Giường Đôi (Deluxe Double Room),58
5396372,Phòng Loại Sang (Deluxe Room),59
5396372,Deluxe 1 người (Deluxe Single),60
5396372,Executive Suite giường King (Executive Suite King),61
5396372,Phòng Suite Executive (Executive suite room),62
5396372,Phòng Tiêu Chuẩn Giường Đôi (Standard Double Room),63
5396372,Căn Hộ Áp Mái 1 Phòng Ngủ (1-Bedroom Penthouse),64
5396372,Căn Hộ (Apartment),65
5396372,Căn Hộ Áp Mái Suite (Suite Penthouse),66
25559635,"Phòng khách 1 giường King (Guest room, 1 King)",67
80191425,Phòng Đôi (Double Room),68
80191425,Deluxe giường đôi hoặc 2 giường (Deluxe Double or Twin),69
1202485,1 bedroom twin suite (1 BEDROOM TWIN SUITE),70
66152104,Phòng Tiêu Chuẩn (Standard Room),71
66152104,Phòng Gia Đình (Family Room),72
51816388,Superior 2 giường (Superior Twin),73
51816388,Giường Lớn Cao Cấp (Superior King),74
51816388,Phòng Deluxe 2 Giường đơn (Deluxe Twin),75
51816388,Deluxe giường King (Deluxe King),76
51816388,Phòng Deluxe cao cấp 2 giường (Premium Deluxe Twin Room),77
51816388,Phòng Premium Deluxe có Giường cỡ King (Premium Deluxe King Room),78
67419926,Studio Tiêu Chuẩn Hướng Vườn (Studio Standard Garden View),79
67419926,Studio Deluxe with Bathtub,80
67419926,Studio Premier có ban công (Premier Studio with Balcony),81
67419926,Studio Có Ban Công (Studio with Balcony),82
67419926,Studio (Tầng Trệt) (Studio (Ground Floor)),83
67419926,Studio Deluxe (Sky Window Studio),84
67419926,Studio Có Bồn Tắm Spa (Studio with Spa Bath),85
561997,Phòng Tiêu chuẩn Giường Đôi (Standard Double Bed),86
561997,Superior Twin Bed (Superior Twin bed),87
561997,Phòng Superior Giường Đôi (Superior Double Bed),88
561997,Phòng Deluxe 2 Giường Đơn (Deluxe Twin Bed),89
561997,"Phòng Loại Sang Giường Đôi, Phòng nghỉ (Deluxe Double Beds Room, Guest room)",90
561997,Suite (Suites),91
61697133,Căn Hộ Tiêu Chuẩn 1 Phòng Ngủ (Standard Apartment 1 Bedroom),92
61697133,Căn Hộ Tiêu Chuẩn 2 Phòng Ngủ (Standard Condo 2 Bedroom),93
7520557,Superior 2,94
7520557,Club Suite Gia đình (Family Club Suite),95
38746777,Căn hộ Studio 1 phòng ngủ (1-Bedroom Studio Apartment),96
38746777,Suite Gác Lửng Ba Người (Mezzanine Triple Suite),97
38746777,Căn hộ có ban công (Apartment with Balcony),98
38746777,Căn Hộ Cao Cấp 1 Phòng Ngủ (Premium One Bedroom Apartment),99
527777,Suite Tiêu chuẩn (Standard Suite),100
527777,Executive Suite,101
22807385,Phòng Loại Sang (Deluxe Room),102
22807385,Phòng Có 2 Giường Cỡ King (King Room with Two King Beds),103
27753977,Phòng Loại Sang Giường Đôi (Deluxe Double Room),104
41243100,Phòng Tiêu Chuẩn (Standard Room),105
41243100,Deluxe hướng thành phố (Deluxe City View),106
41243100,Phòng Deluxe có giường King (Deluxe Room with 1 King Bed),107
6592834,Phòng Tiêu Chuẩn (Standard),108
6592834,Phòng Loại Sang (Deluxe Room),109
45902478,Phòng Đôi Loại Sang (Deluxe Double Room),110
45902478,Phòng Superior Có Giường Cỡ King (Superior King Room),111
45902478,Phòng Gia đình Nhìn ra Vườn (Family Room with Garden View),112
45902478,Phòng Đôi (Double Room),113
2513138,Phòng Đôi (Double Room),114
2513138,Phòng Đôi Cao Cấp (Superior Double Room),115
2513138,Phòng Ba Người Tiêu Chuẩn (Standard Triple Room),116
2513138,Phòng cho 3 người có Ban Công (Triple Room with Balcony),117
2513138,Căn Hộ Áp Mái (Penthouse Apartment),118
2513138,Phòng Gia Đình (Family Room),119
47144675,Phòng Đôi (Double Room),120
47144675,Premier Suite 2 giường (Premier Twin Suite),121
47144675,Phòng Deluxe giường đôi lớn 2 (Deluxe Queen Room 2),122
48051693,Phòng Đôi (Double Room),123
48051693,Phòng 2 Giường Đôi (Double Room with Two Double Beds),124
48051693,Phòng Deluxe Giường Đôi/2 Giường Đơn (Deluxe Double or Twin Room),125
78472374,Phòng Tiêu Chuẩn (Standard Room),126
78472374,Phòng Deluxe có 1 Phòng ngủ (1 Bedroom Deluxe),127
32790491,Căn hộ cho 2 người (Apartment for 2 People),128
32790491,Căn Hộ có 2 Giường và Bếp Nhỏ (Apartment with 2 Beds and Kitchenette),129
32790491,Căn Hộ 1 Phòng Ngủ (One-Bedroom Apartment),130
21585838,Phòng Cao Cấp Giường Đôi (Chỉ Gồm Phòng Nghỉ) (Superior Double (Room Only)),131
21585838,Deluxe 3 người (Deluxe Triple),132
21585838,Phòng Deluxe 4 người (Deluxe Quad),133
21585838,Phòng Suite Deluxe 4 người (Deluxe Quadruple Suite),134
21585838,Phòng 4 Người (Quadruple Room),135
44688885,Phòng Đôi (Double Room),136
41771557,Superior - 1 Giường King (Superior - 1 King Bed),137
67746367,Deluxe giường đôi (Deluxe Double),138
67746367,Phòng Premier hướng hồ bơi (Premier Pool View),139
67746367,Premier Pool View Twin Room,140
67746367,Căn Hộ - 2 Giường Đôi (Apartment - 2 Double Beds),141
67746367,Phòng Có 2 Giường Cỡ King (King Room with Two King Beds),142
30507403,Phòng Tiêu Chuẩn Giường Đôi (Standard Double Room),143
30507403,Suite Nhìn Ra Vườn (Suite with Garden View),144
72814400,Phòng Đôi (Double Room),145
72814400,Phòng Có Giường Cỡ King (King Room),146
72814400,Phòng Gia Đình Có Ban Công (Family Room with Balcony),147
78189963,Phòng Tiêu Chuẩn (Standard Room),148
78189963,Deluxe giường đôi hoặc 2 giường (Deluxe Double or Twin),149
78189963,Deluxe hướng thành phố (Deluxe City View),150
78189963,Phòng Lớn 2 Giường Đơn (Large Twin Room),151
55477674,Phòng Đôi (Double Room),152
55477674,Phòng 4 người (Quadruple Room),153
5780603,Phòng Tiêu Chuẩn (Standard Room),154
25134310,Phòng Có Giường Cỡ King (King Room),155
517570,Phòng Có Giường Cỡ King (King Room),156
517570,Phòng Gia Đình Có Bồn Tắm (Family Room with Bath),157
51973678,Phòng Superior Có Giường Cỡ King (Superior King Room),158
51973678,Phòng Giường Đôi (Standard Double Room without Balcony),159
51973678,Phòng Ngủ Hai Giường Đơn Cao Cấp (Superior Twin Bedroom),160
51973678,Phòng Hai Giường Đơn (Twin Room),161
51973678,Suite Deluxe (Deluxe Suite),162
51973678,Executive Suite (Execuitve Suite),163
51973678,Phòng Deluxe (Deluxe Room with Fan),164
51973678,Phòng Gia Đình (Family Room),165
36627918,Phòng Tiêu Chuẩn (Standard Room),166
36627918,Phòng 4 Người Có Ban Công (Quadruple Room with Balcony),167
45049879,Phòng Tiêu Chuẩn (Standard),168
42822207,Phòng Đôi (Double Room),169
42822207,Phòng Tiêu Chuẩn Giường Đôi (Standard Double Room),170
42822207,Phòng Đôi Cao Cấp (Superior Double Room),171
42822207,Phòng Đôi Loại Sang (Deluxe Double Room),172
42822207,Phòng Gia Đình (Family Room),173
62514499,Phòng Đôi (Double Room),174
62514499,Phòng Ba Người (Triple Room),175
62514499,Phòng 4 người (Quadruple Room),176
60535333,Phòng Standard giường đôi (Standard Double Room),177
60535333,Phòng Cao Cấp Cho Hai Người (Superior Double Room),178
60535333,Phòng Đôi Cao Cấp (Superior Double Room),179
60535333,Phòng Loại Sang Giường Đôi (Deluxe Double Room),180
60535333,Phòng Đôi Loại Sang (Deluxe Double Room),181
4210278,Phòng Tiêu Chuẩn Giường Lớn (Standard King Room),182
4210278,Phòng Đôi Loại Sang (Deluxe Double Room),183
74448281,Phòng Đôi (Double Room),184
74448281,Phòng Hai Giường Đơn (Twin Room),185
75561452,Căn hộ (Apartment),186
47676608,Phòng Tiêu Chuẩn (Standard Room),187
47676608,Phòng suite cao cấp (Superior Suite),188
66736330,Phòng Tiêu Chuẩn (Standard Room),189
37968433,Tiêu Chuẩn Giường Lớn Không Có Khói Thuốc (Standard King Smoke Free),190
37968433,Phòng Deluxe có giường cỡ King với Giường Sofa - Không Hút thuốc (Deluxe King Room with Sofa Bed - Non-Smoking),191
37968433,Đôi hoặc Hai Giường Đơn Cao Cấp (Premium Double or Twin),192
37718196,Phòng Deluxe Tiêu chuẩn (Deluxe Standard Room),193
37718196,Superior giường Queen (Superior Queen),194
37718196,Studio Deluxe (Deluxe Studio),195
37718196,Phòng Cổ Điển Cho 3 Người (Classic Triple Room),196
61415768,Phòng Tiêu Chuẩn Giường Đôi (Standard Double Room),197
61415768,Phòng Đôi Loại Sang (Deluxe Double Room),198
61415768,Phòng Superior 4 Người (Superior Quadruple Room),199
65492084,Phòng đơn Tiêu chuẩn (Standard Individual),200
65492084,Phòng Tiêu Chuẩn (Standard),201
65492084,Phòng Superior 3 người (Triple Superior),202
65492084,Phòng 4 Người (Quadruple Room),203
65492084,Phòng 2 giường đôi (Double with 2 Double Beds),204
50419039,"Căn Hộ 1 phòng ngủ, có bếp (1-Bedroom Apartment with Kitchen)",205
50419039,Căn Hộ 2 Phòng Ngủ 1 Phòng Tắm (Two-Bedroom One Bathroom Apartment),206
50419039,Căn hộ 2 Phòng Ngủ 2 Phòng Tắm (Two-Bedroom Two Bathroom Apartment),207
1590651,Phòng Đôi Phổ Thông (Economy Double Room),208
1590651,Phòng Tiêu Chuẩn Giường Đôi (Standard Double Room),209
1590651,Phòng Đôi Loại Sang (Deluxe Double Room),210
1590651,Căn Hộ 1 Phòng Ngủ (One-Bedroom Apartment),211
21724717,Superior 2,212
21724717,Club Suite Gia đình (Family Club Suite),213
773934,Phòng Superior (Superior),214
666001,Giường đôi - 2 người (Double - 2 People),215
666001,Phòng giường đơn - 1 người (Single - 1 Person),216
55771087,Phòng Đôi (Double Room),217
55771087,Tiêu Chuẩn 3 người (Triple Standard),218
55771087,Phòng Gia Đình (Family Room),219
76607961,Căn Hộ 1 Phòng Ngủ (Apartment 1 Bedroom),220
76607961,Căn Hộ 1 Phòng Ngủ (One-Bedroom Apartment),221
76607961,Căn Hộ 1 Phòng Ngủ có Ban Công (One Bedroom Apartment - Balcony),222
76607961,Căn Hộ 1 Phòng Ngủ Có Ban Công (One-Bedroom Apartment with Balcony),223
76607961,Căn Hộ 2 Phòng Ngủ (Two Bedroom Apartment),224
76607961,Căn Hộ 2 Phòng Ngủ (Two-Bedroom Apartment),225
76607961,Căn Hộ Áp Mái 2 Phòng Ngủ (Penthouse 2-Bedroom Apartment),226
76607961,Căn hộ Gia đình 2 Phòng ngủ (Two-Bedroom Family Apartment),227
34174204,Phòng Tiêu Chuẩn Giường Lớn (Standard King Room),228
34174204,Phòng Deluxe Có Giường Cỡ King (Deluxe King Room),229
34174204,Phòng Deluxe Giường Đôi/2 Giường Đơn Nhìn Ra Thành Phố (Deluxe Double or Twin Room with City View),230
34174204,Phòng Superior Có Giường Cỡ King (Superior King Room),231
263318,Phòng Tiêu Chuẩn (Standard Room),232
263318,Phòng Superior (Superior Room),233
263318,Phòng Loại Sang (Deluxe Room),234
263318,Suite,235
263318,Suite Executive (Executive Suite with Bathtub),236
666016,Deluxe giường đôi hoặc 2 giường (Deluxe Double or Twin),237
666016,Deluxe single,238
69330436,Căn hộ (Apartment),239
69330436,Căn Hộ 1 Phòng Ngủ (One-Bedroom Apartment),240
78220176,Phòng Standard giường đôi (Standard Double Room),241
78220176,Phòng Cao Cấp Cho Hai Người (Superior Double Room),242
78220176,Phòng 4 người (Quadruple Room),243
55272061,Phòng Ba Người (Triple Room),244
55272061,Phòng Đôi hoặc 2 giường đơn Lớn (Large Double or Twin Room),245
79995184,Phòng Superior 1 Phòng Ngủ (1 Bedroom Superior),246
79995184,Phòng Deluxe 2 Phòng Ngủ (2 Bedroom Deluxe),247
79995184,Suite Deluxe 2 Phòng Ngủ (2 Bedroom Deluxe Suite),248
38783514,Phòng Standard giường đôi (Standard Double Room),249
38783514,Phòng 4 người (Quadruple Room),250
38783514,Phòng Cao Cấp Cho Hai Người (Superior Double Room),251
38783514,Phòng Loại Sang Giường Đôi (Deluxe Double Room),252
24251710,Phòng Deluxe (Deluxe),253
24251710,Deluxe giường King (Deluxe King),254
24251710,Phòng Deluxe Gia đình (Deluxe Family Room),255
64962558,Phòng Tiêu Chuẩn (Standard Room),256
64962558,Phòng Loại Sang (Deluxe),257
64962558,Phòng Tiêu Chuẩn 4 Người (Standard Quadruple Room),258
984374,Phòng Tiêu Chuẩn Giường Đôi (Standard Double Room),259
984374,Phòng Superior Có Giường Cỡ King (Superior King Room),260
984374,Phòng Đôi Loại Sang (Deluxe Double Room),261
984374,Phòng Deluxe Có 2 Giường Cỡ Queen (Deluxe Queen Room with Two Queen Beds),262
76068359,Phòng Đôi (Double Room),263
76068359,Phòng Tiêu Chuẩn Giường Đôi (Standard Double Room),264
76068359,Phòng Hai Giường Đơn (Twin Room),265
64277532,Phòng Đôi Phổ Thông (Economy Double Room),266
64277532,Phòng Loại Sang (Deluxe Room),267
77725743,Phòng Tiêu Chuẩn (Standard Room),268
74337724,Căn Hộ 1 Phòng Ngủ (One-Bedroom Apartment),269
68398360,Căn Hộ 2 Phòng Ngủ Nhìn Ra Vườn (Two-Bedroom Apartment with Garden View),270
12274398,Phòng Đôi Loại Sang (Deluxe Double Room),271
12274398,Phòng Hai Giường Đơn Loại Sang (Deluxe Twin Room),272
35427007,Phòng Ba Người (Triple Room),273
35427007,Phòng 3 người có Tầm nhìn (Triple Room with View),274
35427007,Phòng Deluxe Giường Đôi/2 Giường Đơn (Deluxe Double or Twin Room),275
65453377,Phòng Tiêu Chuẩn (Standard Room),276
65453377,Phòng Loại Sang (Deluxe),277
59318539,Phòng Đơn (Earth Single Room),278
59318539,Deluxe hướng thành phố (Deluxe City View),279
59318539,Deluxe gia đình (Family Deluxe),280
45418566,Phòng Đơn (Single Room),281
2496850,Phòng Superior giường đôi lớn (Superior Queen Room),282
2496850,Phòng Đôi Loại Sang (Deluxe Double Room),283
42295839,Phòng Tiêu Chuẩn Giường Đôi (Standard Double Room),284
42295839,Phòng Đôi (Double Room),285
42295839,Phòng 4 Người (Quadruple Room),286
75848060,Phòng Đôi (Double Room),287
75848060,Phòng 4 Người (Quadruple Room),288
79077760,Phòng Đôi (Double Room),289
79077760,Phòng 4 Người (Quadruple Room),290
78328191,"Basic Double Room, City View",291
78328191,"Standard Double Room Single Use, City View",292
78328191,Phòng Ba Người Tiêu Chuẩn (Standard Triple Room),293
78328191,Phòng Tiêu Chuẩn 4 Người (Standard Quadruple Room),294
75619509,Căn Hộ 1 Phòng Ngủ (One-Bedroom Apartment),295
54619271,Phòng Tiêu Chuẩn Giường Đôi (Standard Double Room),296
71661182,Căn hộ (Apartment),297
69127176,Phòng Đôi Loại Sang (Deluxe Double Room),298
69127176,Phòng Có Giường Cỡ King Với Ban Công (King Room with Balcony),299
42180899,Basic Double Room Single Use,300
42180899,Phòng Tiêu Chuẩn Giường Đôi (Standard Double Room),301
42180899,Phòng 4 Người (Quadruple Room),302
42180899,Phòng Đôi Cao Cấp (Superior Double Room),303
42180899,Phòng Đôi Loại Sang (Deluxe Double Room),304
39830558,Căn hộ (Apartment),305
76381694,Căn hộ (Apartment),306
47272876,Căn hộ (Apartment),307
79228704,Studio,308
79228704,Căn Hộ Studio (Studio Apartment),309
79228704,Căn Hộ 2 Phòng Ngủ (Two-Bedroom Apartment),310
79228704,Căn Hộ 2 Phòng Ngủ (Two-Bedroom Apartment),311
42072846,Phòng Tiêu Chuẩn (Standard),312
42072846,Phòng Loại Sang (Deluxe Room),313
42072846,Căn hộ Tiêu chuẩn (Standard Apartment),314
42072846,Suite,315
42072846,Suite,316
42072846,Suite,317
42072846,Suite,318
42072846,Suite,319
1423429,Phòng Standard giường đôi (Standard Double Room),320
1423429,Căn hộ Tiêu chuẩn (Standard Apartment),321
37329771,Căn hộ (Apartment),322
79134594,Superior 2 giường (Superior Twin),323
79134594,Giường Lớn Cao Cấp (Superior King),324
79134594,Superior Studio,325
79134594,Phòng Deluxe 2 Giường đơn (Deluxe Twin),326
79134594,Deluxe giường King (Deluxe King),327
79134594,Deluxe Studio 2 giường (Deluxe Twin Studio),328
79134594,Studio Deluxe giường King (Deluxe King Studio),329
79134594,Studio Premier 2 giường (Premier Studio Twin),330
79134594,Phòng Gia Đình (Family Room),331
79134594,Phòng Ba Người (Triple Room),332
79134594,Phòng Ba Người (Triple Room),333
79134594,Phòng Ba Người (Triple Room),334
65482029,Phòng Giường Đôi/2 Giường Đơn (Double or Twin Room),335
78120100,Phòng Đơn Có Phòng Tắm Riêng (Single Room With Private Bathroom),336
78120100,Phòng Hướng Vườn Giường Đơn (Single Room with Garden View),337
9846724,Căn hộ (Apartment),338
45094383,Căn hộ (Apartment),339
78120912,Phòng Giường Đôi Có Phòng Tắm Riêng (Double Room with Private Bathroom),340
55769765,Căn hộ (Apartment),341
47373560,Căn hộ (Apartment),342
64045412,Phòng Đôi Cao Cấp (Superior Double Room),343
64045412,Phòng Đôi Cao Cấp (Superior Double Room),344
64045412,Phòng Đôi Loại Sang (Deluxe Double Room),345
64045412,Phòng Executive 2 giường đơn (Executive Twin Room),346
64045412,Phòng Suite Giường Đôi (Suite Double Room),347
63143382,Căn hộ (Apartment),348
64246545,Căn hộ (Apartment),349
66727643,Căn Hộ 2 Phòng Ngủ (Two-Bedroom Apartment),350
63143718,Căn hộ (Apartment),351
78671366,Phòng Đôi (Double Room),352
78671366,Phòng Ba Người (Triple Room),353
34732752,Căn hộ (Apartment),354
63143738,Căn hộ (Apartment),355
39581491,Căn hộ (Apartment),356
74586303,Căn hộ (Apartment),357
36122072,Căn hộ (Apartment),358
80531404,Phòng Tiêu Chuẩn (Standard),359
80531404,Phòng Tiêu Chuẩn (Standard),360
80531404,Phòng VIP 2 (VIP Room 2),361
80531404,Phòng Loại Sang (Deluxe Room),362
80531404,Phòng Gia Đình Tiêu Chuẩn (Standard Family Room),363
80531404,Phòng Gia đình Nhìn ra Vườn (Family Room with Garden View),364
80531404,Phòng Gia Đình Cao Cấp (Family Premium Room),365
80531404,Phòng Deluxe Gia đình (Deluxe Family Room),366
35745040,Căn hộ (Apartment),367
79830931,Phòng Đôi (Double Room),368
79830931,Phòng 4 người (Quadruple Room),369
79830931,Phòng Đôi Loại Sang có Bồn Tắm (Deluxe Double Room with Bathtub),370
79383320,Phòng Đôi (Double Room),371
79383320,Phòng Deluxe Gia đình (Deluxe Family Room),372
79383320,Phòng Giường Đôi Nhìn Ra Vườn (Double Room with Garden View),373
60842508,Nhà riêng (home ),374
21952476,Phòng Cao Cấp Cho Hai Người (Superior Double Room),375
21952476,Phòng Superior 4 người (Superior Quadruple Room),376
59561670,Căn hộ (Apartment),377
64038795,Phòng Bình dân có Giường cỡ Queen (Budget Queen Room),378
64038795,Phòng Bình dân có Giường cỡ Queen (Budget Queen Room),379
28723451,Villa riêng (Private Villa),380
28723451,Biệt Thự (Villa),381
78040243,Nhà riêng (home ),382
78040243,Căn Hộ 1 Phòng Ngủ (One-Bedroom Apartment),383
69127449,Phòng Đôi (Double Room),384
17012626,Căn hộ (Apartment),385
51664475,Căn hộ (Apartment),386
39830475,Căn hộ (Apartment),387
79940602,Phòng Giường Đôi Nhỏ (Small Double Room),388
79940602,Phòng Đôi (Double Room),389
79940602,Phòng Đôi (Double Room),390
79940602,Phòng Deluxe Giường Đôi Có Bồn Tắm (Deluxe Double Room with Bath),391
79940602,Phòng Giường Đôi Lớn (Large Double Room),392
79940602,Phòng Giường Đôi Nhìn Ra Vườn (Double Room with Garden View),393
68549055,Căn hộ (Apartment),394
34732346,Căn hộ (Apartment),395
35228829,Căn hộ (Apartment),396
55410691,"LUXURY APARTMENT,1 BEDROOM",397
63185997,Căn hộ (Apartment),398
63326539,Căn hộ (Apartment),399
23139683,Nhà riêng (home ),400
44335172,Nhà riêng (home ),401
63143430,Căn hộ (Apartment),402
27847541,Phòng Đôi (Double),403
27847541,HAI GIƯỜNG ĐƠN (Twin),404
68419347,Căn hộ (Apartment),405
77622427,HAI GIƯỜNG ĐƠN (Twin),406
77622427,Phòng Đôi (Double Room),407
77622427,Studio,408
77622427,Studio Superior (Superior Studio),409
77622427,Căn hộ Studio (Studio Apartment),410
54619094,Phòng Đôi (Double Room),411
54619094,"Phòng Deluxe, 1 giường đôi, Quang cảnh thành phố (Deluxe Room, 1 Double Bed, City View)",412
54619094,Phòng Đôi Cao Cấp (Superior Double Room),413
54619094,"Phòng dành cho gia đình, 2 giường đôi, Quang cảnh thành phố (Family Room, 2 Double Beds, City View)",414
54619094,"Phòng dành cho gia đình, 2 giường đôi (Family Room, 2 Double Beds)",415
78757156,Căn Hộ 1 Phòng Ngủ (One-Bedroom Apartment),416
36927340,Căn hộ (Apartment),417
28853368,Phòng Cao Cấp Cho Hai Người (Superior Double Room),418
28853368,Phòng Đôi Tiêu Chuẩn (Standard Double Room),419
28853368,Phòng Superior gia đình (Superior Family Room),420
28853368,Phòng Tiêu chuẩn gia đình (Standard Familly Room),421
55323509,Nhà riêng (home),422
67378274,Phòng Tiêu Chuẩn Giường Đôi (Standard Double Room),423
67378274,Phòng Đôi Cao Cấp (Superior Double Room),424
67378274,Phòng Đôi Loại Sang (Deluxe Double Room),425
67378274,Phòng Đôi Phổ Thông (Economy Double Room),426
67378274,Phòng Economy 2 giường đơn (Economy Twin Room),427
67378274,Suite Deluxe Có Giường Cỡ King (Deluxe King Suite),428
31728060,Căn Hộ 1 Phòng Ngủ (One-Bedroom Apartment),429
60156281,Căn hộ (Apartment),430
34164435,Căn hộ (Apartment),431
61349581,Nhà riêng (home),432
68166059,Phòng Cơ Bản Giường Đôi (Basic Double Room),433
48728667,Phòng Tiêu Chuẩn (Standard Room),434
48728667,Tiêu chuẩn - 1 giường đôi (Standard - 1 Double Bed),435
32608064,Phòng Tiêu Chuẩn (Standard),436
32608064,Giường đôi - 2 người (Double - 2pax),437
32608064,Phòng Đôi Loại Sang (Deluxe Double Room),438
79972415,Phòng Đôi (Double Room),439
79972415,Phòng Giường Đôi Có Ban Công (2 Người Lớn + 1 Trẻ Em) (Double Room with Balcony (2 Adults + 1 Child)),440
64896649,Phòng Tiêu Chuẩn (Standard Room),441
51515389,Phòng Đôi (Double Room),442
23166496,Căn hộ (Apartment),443
59439521,Phòng Đôi (Double Room),444
59439521,Phòng 4 Người (Quadruple Room),445
37038854,Căn Hộ 2 Phòng Ngủ (Two-Bedroom Apartment),446
34165157,Căn hộ (Apartment),447
46886295,Căn hộ (Apartment),448
6748373,Phòng Tiêu Chuẩn Giường Đôi (Standard Double Room),449
6748373,Phòng Đôi Cao Cấp (Superior Double Room),450
73348841,Phòng Đôi (Double Room),451
73348841,Lều (Tent),452
46991867,Căn hộ (Apartment),453
59871386,Phòng Đôi (Double Room),454
34309695,Căn Hộ 1 Phòng Ngủ Hướng Biển (1-Bedroom Sea View Apartment),455
34309695,Studio hướng biển có ban công (Sea View Studio with Balcony),456
34309695,Căn hộ 3 Phòng ngủ Nhìn ra Đại dương (Three-Bedroom Ocean View Apartment),457
34309695,Căn hộ 2 phòng ngủ (2-Bedroom Apartment),458
28201768,Căn Hộ Studio Hướng Biển (Studio Apartment Sea View),459
28201768,Studio 2 Giường đơn Nhìn ra Bãi biển (Studio Ocean View Twin),460
28201768,Căn Hộ Hướng Biển 2 Phòng Ngủ (2-Bedroom Ocean View Apartment),461
28201768,Căn hộ 3 Phòng ngủ Nhìn ra Đại dương (Three-Bedroom Ocean View Apartment),462
67703642,Deluxe hướng thành phố (Deluxe City View),463
67703642,Deluxe Nhìn Ra Góc Biển (Deluxe Partial Ocean View),464
67703642,Phòng cao cấp hướng biển (Premium Ocean View),465
67703642,Phòng Đôi Cảng Loại Sang Hướng Đại Dương (Deluxe Harbor Ocean View Double Room),466
67703642,Suite,467
67703642,Suite Gia Đình (Family Suite),468
67703642,Suite Signature Hướng Biển (Signature Ocean View Suite),469
67703642,Suite Có Giường Cỡ King Nhìn Ra Biển (King Suite with Ocean View),470
33801011,Studio (Studio 25),471
33801011,Studio hướng biển (Sea View Studio),472
33801011,Studio hướng biển có ban công (Sea View Studio with Balcony),473
33801011,Studio Nhìn ra Biển (Sea View Studio with Double Bed),474
33801011,"Căn Hộ 1 Phòng Ngủ – Có Ban Công, Nhìn Một Phần Ra Mặt Nước (One Bedroom Apartment - Balcony and Partial Water View)",475
22406185,Studio,476
22406185,Phòng có ban công (Balcony Room),477
22406185,Phòng Loại Sang Hướng Biển Giường Đôi Lớn (Seaview Deluxe Queen),478
22406185,Phòng Junior Loại Sang Giường Lớn (Junior Deluxe King),479
22406185,Suite Junior (Junior Sea View Suite),480
22406185,Junior Suite hướng biển (Junior Suite Seaview),481
22406185,Suite Căn Hộ Junior (Junior Apartment Suite),482
22406185,Phòng VIP (VIP Room),483
22406185,Căn hộ 3 phòng ngủ (Three Bedroom Apartment),484
22406185,Căn Hộ 2 Phòng Ngủ (Two-Bedroom Apartment),485
22406185,Suite Hướng Biển 3 Phòng Ngủ Có Bồn Tắm (Seaview Three Bedroom Suite with Bathtub),486
18264628,Phòng Loại Sang Nhìn Ra Một Phần Biển 2 Giường Đơn (Deluxe Partial Sea View Twin),487
18264628,Loại Sang 1 Góc Hướng Biển Giường Đôi (Deluxe Partial Sea View Double),488
18264628,Phòng Executive Nhìn Ra Một Phần Đại Dương (Executive Partial Ocean View),489
18264628,Executive Suite Hướng biển (Executive Suite Ocean View),490
5663756,Phòng Tiêu chuẩn giường King (Standard King Room),491
5663756,Standard Twin Room,492
5663756,Phòng Superior 3 người (Superior Triple Room),493
5663756,Phòng Deluxe 3 người (Deluxe Triple Room),494
22420717,Studio,495
22420717,Phòng Junior Loại Sang Giường Lớn (Junior Deluxe King),496
22420717,Suite Nhỏ Hướng Đại Dương Giường Đôi ( Junior Suite Ocean View Double),497
22420717,Suite Căn Hộ Junior (Junior Apartment Suite),498
22420717,Phòng có ban công (Balcony Room),499
22420717,Phòng VIP (VIP Room),500
22420717,Căn Hộ Sang Trọng 2B Hướng Biển Có Lối Vào Bể Bơi (Sea View Luxury 2B Apartment with Swimming Pool Access),501
22420717,Suite Hướng Biển 3 Phòng Ngủ Có Bồn Tắm (Seaview Three Bedroom Suite with Bathtub),502
6910217,Phòng Đôi (Double Room),503
6910217,Phòng 4 Người (Quadruple Room),504
80556116,Căn Hộ 1 Phòng Ngủ (Homestay),505
16909731,Premier City View Twin Room,506
16909731,Phòng Premier hai giường đơn hướng đại dương (Premier Ocean View Twin Room),507
16909731,Phòng Premier giường King hướng đại dương (Premier Ocean View King Room),508
16909731,Signature Ocean View 1 King Bed,509
16909731,Phòng Premier Deluxe hướng biển cả 2 giường (Premier Deluxe Ocean View Twin Room),510
16909731,Phòng Premier Deluxe hướng biển (Premier Deluxe Ocean View Room),511
16909731,Phòng Premier Executive Đôi (Premier Executive Double Room),512
16909731,"Executive Premier, Ocean View",513
16909731,Suite Premier Hướng Biển Giường King (Premier Suite Ocean View King),514
16909731,"Premier Suite, Ocean View",515
16909731,Suite Premier Nhìn Ra Biển (Premier Suite Ocean Front),516
16909731,Executive Suite (Execuitve Suite),517
16909731,Suite Tổng thống (Presidental Suite),518
35780683,Phòng Cao Cấp Hướng Vịnh 2 Giường Đơn (Premium Bay View Twin Room),519
35780683,Phòng Đôi Cao Cấp Hướng Vịnh (Premium Bay View Double Room),520
35780683,Phòng Đôi Cao Cấp Hướng Đại Dương (Premium Ocean View Double Room),521
35780683,Phòng Hảo Hạng Hướng Đại Dương 2 Giường Đơn (Premium Ocean View Twin Room),522
35780683,2 Phòng Ngủ Cho Gia Đình Hướng Đại Dương (Two-bedroom Family Oceanview),523
35780683,Suite 3 Phòng Ngủ Hướng Đại Dương (Three-bedroom Suite Oceanview),524
34557033,Phòng 3 Người Có Bồn Tắm (Triple Room with Bath),525
34557033,Phòng 3 Người Có Bồn Tắm (Triple Room with Bath),526
34557033,Phòng giường đôi có ban công (Double Room with Balcony),527
34557033,Phòng Tiêu chuẩn 4 người (Standard Quadruple Room),528
34557033,Phòng Có Bồn Tắm (Bathtub Room),529
34557033,Phòng Bốn Người Có Bồn Tắm (Quadruple Room with Bathtub),530
34557033,Phòng giường đôi có bồn tắm (Double Room with Bathtub),531
34557033,Studio,532
34557033,Phòng Tiêu chuẩn dành cho 4 người (Standard Quad),533
34557033,Phòng Deluxe 4 người (Deluxe Quad Room),534
32654923,Classic 2 giường đơn (Classic Twin),535
32654923,Phòng cổ điển giường đôi (Classic Double),536
32654923,Phòng Hai Giường Đơn Loại Sang (Deluxe Twin Room),537
32654923,Phòng Loại Sang Giường Đôi (Deluxe Double Room),538
32654923,Premier giường đôi (Premier Double),539
32654923,Phòng gia đình 4 người (Family 4 People),540
78112429,Căn Hộ Hướng Biển (Seaview Apartment),541
25099924,Phòng Gia Đình Với Bồn Tắm (Family Room with Bathtub),542
80388739,Suite Junior (Junior Sea View Suite),543
80388739,Suite Căn Hộ Junior (Junior Apartment Suite),544
9635207,Phòng Hai Giường Đơn Loại Sang (Deluxe Twin Room),545
9635207,Phòng Loại Sang Giường Lớn (Deluxe King Room),546
9635207,Phòng Hai Giường Đơn Plus Loại Sang (Deluxe Plus Twin Room),547
9635207,Phòng Loại Sang Plus Giường Lớn (Deluxe Plus King),548
9635207,Phòng Deluxe Executive Đôi (Deluxe Executive Double Room),549
9635207,Deluxe Executive 2 giường (Deluxe Executive Twin),550
9635207,Suite Executive (Executive Suite),551
33128767,Phòng Nhìn ra Biển với Ban công (Sea View Room with Balcony),552
33128767,Căn Hộ 1 Phòng Ngủ (1 Bedroom Apartment),553
33128767,2 Phòng Ngủ Phía Đại Dương (2 BR Ocean Side),554
33128767,Phòng Gia Đình Nhìn Ra Biển (Family Room with Sea View),555
34151465,Phòng Đôi (Double Room),556
34151465,Phòng Superior giường đôi - Không hút thuốc (Superior Double Room - Non-Smoking),557
34151465,Phòng Tiêu chuẩn gia đình (Family Standard),558
34151465,Phòng Superior gia đình (Superior Family Room),559
16072744,Phòng Superior (Superior),560
16072744,Phòng Loại Sang (Deluxe),561
16072744,Phòng Giường Lớn Loại Sang Sang Trọng (Luxury Deluxe King Room),562
16072744,Grand Superior,563
16072744,Grand Deluxe,564
16072744,Suite,565
16072744,Suite Deluxe (Deluxe Suite),566
16072744,Phòng Suite gia đình (Family Suite),567
16072744,Phòng Deluxe Gia đình (Deluxe Family Room),568
40776896,Phòng Tiêu Chuẩn Giường Lớn (Standard King Room),569
40776896,Phòng Superior Có Giường Cỡ King (Superior King Room),570
40776896,Phòng Superior 3 Người (Superior Triple Room),571
40776896,Phòng Deluxe Có Giường Cỡ King (Deluxe King Room),572
40776896,Suite Gia Đình (Family Suite),573
40776896,Phòng Deluxe 3 người (Deluxe Triple Room),574
40776896,Phòng Junior Suite (Junior Suite),575
31491737,Phòng Đôi hoặc Hai Giường Đơn Hướng Biển Bên Hông (Side Sea View Double or Twin Room),576
31491737,Căn Hộ Nhỏ Hướng Biển và Thành Phố (Sea and City View Studio),577
31491737,Căn Hộ Nhỏ Superior Nhìn Nghiêng Ra Biển (Superior Side Sea View Studio),578
31491737,Studio Deluxe hướng biển (Deluxe Sea View Studio),579
31491737,Căn Hộ Plus 1 Phòng Ngủ (One Bedroom Plus Residence),580
35353918,Deluxe hướng thành phố (Deluxe City View),581
35353918,Phòng Loại Sang Hướng Đại Dương (Deluxe Ocean View),582
35353918,Phòng Cao cấp Deluxe hướng biển giường King (Premium Deluxe Ocean View King Room),583
35353918,Suite Nhỏ Hướng Đại Dương có 1 Giường Lớn và Lối Vào Bể Bơi (Junior Suite Ocean View with 1 King Bed),584
35353918,Phòng 2 tầng giường King (Duplex King),585
35353918,Suite Hướng Thành Phố (City View Suite),586
35353918,Suite Hướng biển (Suite Ocean View),587
35353918,Junior Suite Junior Suite Ocean View,588
35353918,DOUBLE DUPLEX CITY VIEW,589
10960150,Phòng Đôi (Double),590
10960150,Phòng 2 giường có phòng tắm riêng (Twin Room with Private Bathroom),591
10960150,Phòng Tiêu chuẩn dành cho 3 Khách (Standard Triple),592
10960150,Phòng Gia Đình (Family Room),593
64197741,Phòng Superior (Superior Room),594
64197741,Superior - 1 Giường Đôi (Superior - 1 Double Bed),595
64197741,Phòng Loại Sang - 1 Giường (Deluxe Room -- 1 Bed),596
64197741,Phòng Deluxe - 2 Giường đơn (Deluxe Room Twin Bed),597
64197741,Phòng Junior giường đôi (Junior Double),598
64197741,Junior Deluxe,599
64197741,Phòng Executive - Không hút thuốc (Executive Room - Non-Smoking),600
64197741,Suite Giường Lớn - Hướng Thành Phố (Suite King - City View),601
43382,Superior 2 giường (Superior Twin),602
43382,Phòng Deluxe 2 Giường đơn (Deluxe Twin),603
43382,Phòng sang trọng 2 giường (Luxury Twin),604
43382,Phòng sang trọng giường đôi (Luxury Double),605
43382,Suite Hải âu (Seagull Suite),606
43382,Superior 1 người (Superior Single),607
43382,Deluxe 1 người (Deluxe Single),608
43382,Phòng sang trọng 1 người (Luxury Single),609
18860001,Phòng Cao Cấp Cho Hai Người (Superior Double Room),610
18860001,Phòng Đôi hoặc Hai Giường Đơn Loại Sang Hướng Thành Phố (Deluxe Double or Twin Room with City View),611
18860001,Phòng Loại Sang Giường Đôi (Deluxe Double Room),612
18860001,Phòng Deluxe 3 người (Deluxe Triple Room),613
18860001,Phòng Gia Đình Loại Sang (Deluxe Family Room),614
16863459,Phòng Đôi Tiêu Chuẩn (Standard Double Room),615
16863459,Phòng Tiêu Chuẩn Hai Giường Đơn (Standard Twin Beds),616
63063114,Phòng giường Queen (Queen Room),617
63063114,Phòng King (King Room),618
63063114,Deluxe giường King Hướng phố (Deluxe King City View),619
63063114,Phòng Hai Giường Đơn (Twin Room),620
63063114,Phòng Suite Hướng Thành Phố (Suite Room City View),621
63063114,Phòng Deluxe Có Giường Cỡ King (Deluxe King Room),622
63063114,Phòng Kết Nối (Connect Room),623
63063114,Phòng Gia đình Hướng phố (Family Room City View),624
63063114,Phòng Gia Đình (Family Room),625
63063114,Phòng Gia Đình (Family Room),626
34130489,Studio có 1 giường King và 1 giường sofa - Không hút thuốc (1 King Studio Sofa Bed Non-Smoking),627
34130489,Studio 2 Giường đơn Nhìn ra Bãi biển (Studio Ocean View Twin),628
34130489,Căn Hộ 1 Phòng Ngủ (One-Bedroom Apartment),629
34130489,Suite Đại Dương 2 Phòng Ngủ (2 Bedroom Ocean Suite),630
34130489,Suite 3 Phòng Ngủ Hướng Đại Dương (3-Bedroom Ocean View Suite),631
8233222,Phòng Đôi Hướng Vườn (Double Room with Garden View),632
8233222,Phòng 2 Giường Đơn Nhìn ra Vườn. (Twin Room with Garden View),633
8233222,Phòng Loại Sang Hướng Biển Giường Đôi (Deluxe Double with Sea View),634
8233222,Phòng Gia Đình (Family Room),635
8233222,Suite Nhìn Ra Biển (Suite with Sea View),636
8233222,Signature Bliss Sea View,637
8233222,Phòng Gia Đình Hướng Biển (Family Room with Sea View),638
8233222,Phòng Hướng Thành Phố 2 Giường Đôi Lớn (City View Two Queen Beds),639
4972256,Phòng Đôi (Double Room),640
4972256,Phòng Loại Sang Giường Đôi (Deluxe Double Room),641
4972256,Phòng Hai Giường Đơn Loại Sang (Deluxe Twin Room),642
4972256,Phòng Gia đình 2 (Family 2),643
4972256,Phòng Deluxe Gia đình (Deluxe Family Room),644
443153,Phòng Deluxe 2 Giường đơn (Deluxe Twin),645
443153,Deluxe giường King (Deluxe King),646
443153,Deluxe 3 người (Deluxe Triple),647
443153,Executive Suite,648
26910673,Deluxe 2 giường Hướng phố (Deluxe Twin City View),649
26910673,Phòng Deluxe có Giường Đôi và Tầm nhìn ra Đại dương (Deluxe Double Ocean View),650
26910673,Hai Giường Đơn Loại Sang hướng Biển (Deluxe Twin Sea view),651
26910673,Phòng Premium Nhìn ra Biển (Premium Sea View Room),652
26910673,Suite Hướng biển (Suite Ocean View),653
78428571,Phòng Đôi (Double Room),654
78428571,Phòng Lớn 2 Giường Đơn (Large Twin Room),655
78428571,Phòng giường Queen (Queen Room),656
1576565,Suite Studio (Studio Suite),657
1576565,Suite Căn Hộ Nhỏ Giường Hai Giường Đơn (Studio Suite Twin),658
2962032,Phòng Deluxe hướng vườn 2 giường (Deluxe Garden View Twin Room),659
2962032,Phòng Loại Sang Giường Đôi (Deluxe Double Room),660
9050870,Phòng Cao Cấp Cho Hai Người (Superior Double Room),661
9050870,Phòng Loại Sang Giường Đôi (Deluxe Double Room),662
9050870,Phòng Hai Giường Đơn Loại Sang (Deluxe Twin Room),663
9050870,Phòng Gia Đình Loại Sang (Deluxe Family Room),664
38707586,Phòng Superior giường King (Superior King Room),665
38707586,Phòng Superior gia đình (Superior Family Room),666
25805463,Phòng Đôi (Double Room),667
25805463,Phòng Hai Giường Đơn (Twin Room),668
25805463,Phòng Ba Người (Triple Room),669
25805463,Phòng Gia Đình (Family Room),670
36161970,Căn Hộ Gia Đình Hướng Biển (Sea View Family Apartment),671
36161970,Căn Hộ Nhìn Ra Biển (Apartment with Sea View),672
36161970,Căn Hộ Nhìn Ra Biển (Apartment with Sea View),673
77050217,Phòng Deluxe Giường Đôi Có Ban Công (Deluxe Double Room with Balcony),674
77050217,Phòng Deluxe Có 2 Giường Cỡ Queen (Deluxe Queen Room with Two Queen Beds),675
59482390,Phòng Đôi (Double Room),676
59482390,Phòng Gia Đình - 2 Giường (Family Room -- 2 Bed),677
59482390,Giường Phòng Ngủ Tập Thể Cả Nam Và Nữ (Mixed Dorm Bed),678
52211152,Phòng Đôi (Double Room),679
52211152,Phòng Gia Đình (Family Room),680
37753594,Phòng Bên đồi (Hillside Room),681
37753594,Phòng Deluxe view vườn hai giường đơn (Deluxe Garden View Twin),682
37753594,Phòng Deluxe view vườn giường đôi (Deluxe Garden View Double Room),683
37753594,Phòng Premier Deluxe view hướng biển (Premier Deluxe Sea View Room),684
37753594,Phòng Executive view vườn (Executive Garden View Room),685
37753594,Phòng Premier Deluxe view hướng biển giường đôi (Premier Deluxe Sea View King Bed),686
37753594,Phòng Premier Deluxe view trực diện biển giường đôi (Premier Deluxe Ocean View Double Room),687
37753594,Phòng Executive view trực diện biển giường Đôi (Executive Ocean View Double Room),688
60462086,Studio,689
60462086,Căn Hộ 2 Phòng Ngủ (Two-Bedroom Residence),690
60462086,3 Phòng Ngủ (3 Bedroom ),691
6908956,Phòng Tiêu chuẩn 2 giường - Không hút thuốc (Standard Twin Room - Non-Smoking),692
6908956,Phòng Tiêu chuẩn giường King (Standard King Room),693
6908956,Superior 2 giường đơn (Superior Twins),694
6908956,Phòng Loại Sang Giường Lớn (Deluxe King Room),695
6908956,Phòng Loại Sang Hướng Biển có Giường Lớn (Deluxe double room with sea view King),696
6908956,Phòng Tiêu chuẩn 4 người (Standard Quadruple Room),697
6908956,Deluxe giường ba Hướng biển (Deluxe Triple Sea View),698
6908956,Phòng Deluxe 2 giường Queen (Deluxe Queen Room with Two Queen Beds),699
6908956,Phòng Bốn Người Hướng Biển (Sea View Quadruple Room),700
65964592,Phòng Tiêu Chuẩn Giường Lớn (Standard King Room),701
65964592,Phòng 2 Giường Đơn Nhìn Ra Biển (Twin Room with Sea View),702
73310,Phòng Superior Giường Đôi (Superior Double Bed),703
73310,Deluxe giường đôi (Deluxe Double),704
73310,Suite Sài Gòn (Saigon Suite),705
36641278,Studio with Sea View,706
36641278,Studio Apartment Sea View,707
36641278,Căn Hộ Gia Đình Hướng Biển (Sea View Family Apartment),708
36641278,Căn Hộ 2 Phòng Ngủ Nhìn Ra Biển (2-Bedroom Sea View Apartment),709
9051953,Loại Sang Grand Hướng Biển Phòng Hai Giường Đơn (Sea View Grand Deluxe Twin Room),710
9051953,Phòng Loại Sang Grand Hướng Đại Dương (Grand Deluxe Ocean View Room),711
24115596,Phòng Đôi Tiêu Chuẩn (Standard Double Room),712
24115596,Phòng Đôi Hướng Biển (Double Room with Sea View),713
24115596,Phòng Gia Đình Hướng Biển (Family Room with Sea View),714
35493028,Phòng Đôi (Double Room),715
35493028,Phòng King (King Room),716
35493028,Phòng King có ban công (King Room with Balcony),717
35493028,Phòng Gia Đình Loại Sang (Deluxe Family Room),718
44205914,Studio Nhìn ra Biển (Sea View Studio with Double Bed),719
44205914,Studio hướng biển có ban công (Sea View Studio with Balcony),720
44205914,Căn hộ 3 Phòng ngủ Nhìn ra Đại dương (Three-Bedroom Ocean View Apartment),721
44205914,Căn Hộ 2 Phòng Ngủ Hướng Biển (Two-Bedroom Ocean View Apartment),722
78220216,Suite Căn Hộ Nhỏ Hướng Biển (Studio Sea View Suite),723
78220216,Căn Hộ Hướng Biển (Seaview Apartment),724
2642747,Giường đôi - 2 người (Double - 2 People),725
2642747,Phòng Tiêu chuẩn 2 giường (Standard Twin),726
2642747,Bạn Bè & Gia Đình (Friends & Family),727
6692821,Phòng Đôi Tiêu Chuẩn (Standard Double Room),728
6692821,Phòng giường King đôi (Double King Room),729
6692821,Phòng 3 Người Nhìn Ra Thành Phố (Triple Room with City View),730
6692821,Phòng Ba Người (Triple Room),731
6692821,Triple Single 3 Pax,732
6692821,Phòng Deluxe có 2 giường đôi (Deluxe 2 Double),733
6692821,Phòng Gia Đình (FAMILY ROOM),734
63347126,Phòng Giường Lớn Hướng Biển có Ban Công (Sea View King Room with Balcony),735
63347126,Căn Hộ Gia Đình Hướng Biển (Sea View Family Apartment),736
63347126,Suite Hướng Biển 3 Phòng Ngủ Có Bồn Tắm (Seaview Three Bedroom Suite with Bathtub),737
16364148,Phòng Deluxe 2 Giường đơn (Deluxe Twin),738
16364148,Phòng Giường Đôi Premium (Premium Double),739
16364148,Phòng Deluxe hướng thành phố có 2 giường (Deluxe Twin Room With City View),740
16364148,Loại Sang Hướng Biển (Deluxe Twin Sea View),741
16364148,Ocean View - Deluxe Room with View Bathroom for up to 4 People,742
6767206,Phòng Giường Đôi Hạng Bình Dân (Budget Double Room),743
6767206,Phòng Deluxe Giường Đôi/2 Giường Đơn Nhìn Ra Biển (Deluxe Double or Twin Room with Sea View),744
6767206,Phòng 4 Người Nhìn Ra Biển (Quadruple Room with Sea View),745
6767206,Phòng Gia Đình Nhìn Ra Biển (Family Room with Sea View),746
24290561,Phòng Đôi Loại Sang (Deluxe Double Room),747
24290561,Phòng Deluxe 4 Người (Deluxe Quadruple Room),748
41514364,Phòng 4 Người Có Ban Công (Quadruple Room with Balcony),749
9854112,Phòng Loại Sang (Deluxe),750
9854112,Deluxe VIP,751
9854112,Deluxe gia đình (Family Deluxe),752
43435,Phòng kiểu Studio AVANI Deluxe (AVANI Deluxe Studio Room),753
43435,Suite Avani Junior Ocean (AVANI Junior Ocean Suite),754
43435,Studio Gia Đình AVANI (AVANI Family Studio ),755
79079158,Phòng Deluxe Giường Đôi Với Ban Công và Tầm Nhìn Ra Biển (Deluxe Double Room with Balcony and Sea View),756
79079158,Phòng Gia Đình Nhìn Ra Biển (Family Room with Sea View),757
31040701,Phòng Cao Cấp Cho Hai Người (Superior Double Room),758
31040701,Deluxe 2 giường Hướng phố (Deluxe Twin City View),759
31040701,Deluxe giường đôi Hướng phố (Deluxe Double City View),760
31040701,Phòng Premier Deluxe Giường Đôi Nhìn Ra Sông (Premier Deluxe Double River View),761
31040701,Phòng Đẳng Cấp Hướng Thành Phố Cho 3 Người (Premier Triple City View),762
31040701,Phòng Đẳng Cấp Hướng Sông Cho 3 Người (Premier Triple River View),763
31040701,Phòng Gia Đình (Family Room),764
31040701,Suite Hướng Sông Cho Gia Đình (Family Suite River View),765
36913112,Deluxe có ban công (Deluxe Balcony),766
36913112,Phòng 3 Người Cho 2-3 Người – Chỉ Dành Cho Gia Đình (Triple Room for 2-3 people - Family Only),767
21903011,Phòng Giường Đôi Nhìn Ra Biển (Double Room with Sea View),768
21903011,Phòng có giường cỡ King nhìn ra cảnh núi non (King Room with Mountain View),769
21903011,Phòng 2 Giường Đơn Nhìn Ra Thành Phố (Twin Room with City View),770
21903011,Phòng 3 Người Nhìn Ra Biển (Triple Room with Sea View),771
21903011,Phòng Deluxe Giường Đôi Với Ban Công và Tầm Nhìn Ra Biển (Deluxe Double Room with Balcony and Sea View),772
21903011,Phòng 4 người Nhìn ra cảnh Núi non (Quadruple Room with Mountain View),773
21903011,Phòng Gia Đình Nhìn Ra Biển (Family Room with Sea View),774
7197665,Phòng Đôi Phổ Thông (Economy Double Room),775
7197665,Phòng Giường Đôi Có Phòng Tắm Riêng (Double Room with Private Bathroom),776
7197665,Phòng Giường Đôi Nhìn Ra Biển (Double Room with Sea View),777
7197665,Phòng Có Giường Cỡ King Nhìn Ra Biển (King Room with Sea View),778
7197665,Phòng Đôi Loại Sang (Deluxe Double Room),779
7197665,Phòng Deluxe Có 2 Giường Cỡ Queen (Deluxe Queen Room with Two Queen Beds),780
7197665,Phòng Gia Đình Nhìn Ra Biển (Family Room with Sea View),781
31493280,"Phòng có 2 Giường Đôi Lớn và 1 Giường Sofa (Larger Guest room, 2 Queen, Sofa bed)",782
31493280,Phòng hướng biển có 2 giường Queen (Ocean View Room with 2 Queen Beds),783
31493280,Studio Nhìn Ra Biển (Studio with Sea View),784
31493280,Căn Hộ 2 Phòng Ngủ Hướng Biển (Two-Bedroom Ocean View Apartment),785
31493280,Căn hộ 3 phòng ngủ hướng biển (3-Bedroom Ocean View Apartment),786
31493280,Căn Hộ 3 Phòng Ngủ (Three-Bedroom Apartment),787
23071123,Phòng Tiêu Chuẩn - 1 Giường (Standard Room -- 1 Bed),788
23071123,Phòng Deluxe Giường Đôi Nhìn Ra Thành Phố (Deluxe Double City View),789
23071123,Phòng sang trọng giường đôi (Luxury Double Room),790
23071123,Deluxe hướng thành phố 2 giường (Deluxe City View Twin),791
23071123,Superior 2 giường đơn Có ban công (Superior Twin Balcony),792
23071123,Phòng Deluxe hướng biển 2 giường đơn (Deluxe Sea View Twin Room),793
23071123,Phòng sang trọng 2 giường (Luxury Twin room),794
23071123,Family Suite Sea View,795
52626203,Phòng Tiêu Chuẩn Giường Đôi (Standard Room Double),796
52626203,Phòng Giường Đôi Lớn (Large Double Room),797
52626203,Phòng Giường Lớn có Ban Công Riêng (King Room with Private Balcony),798
52626203,Phòng Giường Cỡ King Hướng Biển (Sea View Room - King Bed),799
52626203,Phòng Tiêu Chuẩn 4 Người (Standard Quadruple Room),800
52626203,Phòng 2 giường đôi (Double with 2 Double Beds),801
73014428,Phòng Đôi (Double Room),802
73014428,Phòng Loại Sang (Deluxe Room),803
73014428,Phòng Gia Đình (Family Room),804
73014428,Phòng Superior (Superior Room),805
73014428,Phòng Gia Đình Loại Sang (Deluxe Family),806
73014428,Superior gia đình (Superior Family),807
55815582,Studio Nhìn Ra Biển (Studio Sea View),808
55815582,Căn Hộ 3 Phòng Ngủ Nhìn Ra Biển (Three-Bedroom Apartment with Ocean View),809
15852758,Superior giường đôi Hướng phố (Superior Double City View),810
15852758,Phòng Loại Sang Hướng Biển 2 Giường Đơn (Deluxe Twin Room with Sea View),811
15852758,Phòng Tập Thể (Dormitory Room),812
16308715,Phòng Loại Sang Giường Đôi (Deluxe Double Room),813
16308715,Phòng Executive giường đôi (Executive Double Room),814
16308715,Junior Suite,815
16308715,Phòng Executive 2 giường (Executive Twin Room),816
16308715,Phòng Gia Đình (Family Room),817
16308715,Phòng Suite gia đình (Family Suite),818
16308715,Studio gia đình (Family Studio),819
16308715,Căn hộ Studio (Studio Apartment),820
6770736,Phòng Giường Đôi Có Phòng Tắm Riêng (Double Room with Private Bathroom),821
6770736,Phòng Giường Đôi Có Phòng Tắm Riêng (Double Room with Private Bathroom),822
6770736,Phòng 4 Người Có Ban Công (Quadruple Room with Balcony),823
6770736,Phòng Gia Đình (Family Room),824
6770736,Nhà 4 Phòng Ngủ (Four-Bedroom House),825
72125679,Phòng Tiêu chuẩn Giường đôi (Standard Room Double),826
72125679,Phòng Superior giường đôi (Double Superior Room),827
72125679,Phòng Deluxe giường đôi (Double Deluxe Room),828
72125679,Phòng Giường Đôi Nhìn Ra Vườn (Double Room with Garden View),829
72125679,Phòng giường đôi (double rooms),830
72125679,Phòng Ba Người Hướng Vườn (Garden View Triple Room),831
72125679,Phòng Ba Người (Triple Room),832
72125679,Phòng Ba Người Hướng Núi (Mountain View Triple Room),833
72125679,Phòng Giường đôi Nhìn ra Biển (Sea View Double Room),834
72125679,Phòng Superior 3 người (Superior Triple Room),835
72125679,Phòng Deluxe 3 người (Deluxe Triple Room),836
72125679,Phòng Ba Người Hướng Biển (Triple Room Sea View),837
72125679,Phòng Ba Người có Cảnh (Triple Room with View),838
72125679,Suite Cao cấp Hướng Biển (Superior Suite with Sea View),839
72125679,Suite Loại Sang Hướng Biển (Deluxe Suite with Sea View),840
72125679,Phòng Superior giường đơn (Single Superior Room),841
1602545,Villa 2 phòng ngủ (2-Bedroom Villa),842
49682296,Studio,843
49682296,Phòng có ban công (Balcony Room),844
49682296,Phòng Junior Loại Sang Giường Lớn (Junior Deluxe King),845
49682296,Studio hướng biển có ban công (Sea View Studio with Balcony),846
49682296,Junior Suite hướng biển (Junior Suite Seaview),847
49682296,Suite Căn Hộ Junior (Junior Apartment Suite),848
49682296,Phòng VIP (VIP Room),849
49682296,Căn hộ 3 phòng ngủ (Three Bedroom Apartment),850
49682296,Suite Hướng Biển 3 Phòng Ngủ Có Bồn Tắm (Seaview Three Bedroom Suite with Bathtub),851
64637095,Phòng Đôi Loại Sang có Giường Phụ (Deluxe Double Room with Extra Bed),852
64637095,Phòng Giường Đôi Có Phòng Tắm Riêng (Double Room with Private Bathroom),853
63235213,Phòng Đôi (Double Room),854
63235213,Phòng 2 Giường Đơn Với Phòng Tắm Riêng (Twin Room with Private Bathroom),855
63235213,Phòng Superior 3 người (Triple Superior),856
63235213,Phòng Bốn Người Có Phòng Tắm Riêng (Quadruple Room with Private Bathroom),857
9064028,Phòng Deluxe (Deluxe),858
9064028,Phòng Tiết kiệm giường đôi (Double Room Economy),859
63990652,Căn hộ (Apartment),860
33650741,Căn hộ (Apartment),861
31562846,Căn hộ (Apartment),862
77473025,Nhà riêng (home ),863
23068121,Căn hộ (Apartment),864
49945318,Căn hộ (Apartment),865
38580725,Nhà riêng (home ),866
58895342,Căn hộ (Apartment),867
59799427,Căn hộ (Apartment),868
64837972,Nhà riêng (home ),869
55065844,Phòng Studio Hướng biển (Studio Sea View),870
55065844,Căn Hộ 3 Phòng Ngủ Nhìn Ra Biển (Three-Bedroom Apartment with Ocean View),871
35312335,Nhà riêng (home ),872
36922230,Phòng Đơn (Single Room),873
80156760,Căn hộ (Apartment),874
15634536,Phòng Đơn (Single Room),875
80156752,Nhà riêng (home ),876
80156768,Nhà riêng (home ),877
37034340,Căn hộ (Apartment),878
33225180,Căn hộ (Apartment),879
59032699,Căn Hộ 2 Phòng Ngủ (Two-Bedroom Apartment),880
32728123,Căn hộ (Apartment),881
42106161,Căn hộ (Apartment),882
43197455,Căn hộ (Apartment),883
31264541,Căn hộ (Apartment),884
32221314,Căn hộ (Apartment),885
32602518,Căn hộ (Apartment),886
5774608,Phòng Superior (Superior Room),887
46123818,Căn hộ (Apartment),888
5662476,VILLA BUNK BED 4 DOBLE BEDS 4 QUEEN 8 BEDROOMS FOR NON-SMOKERS,889
59517476,Căn Hộ 1 Phòng Ngủ (One-Bedroom Apartment),890
59517476,Nhà riêng (home ),891
42105999,Căn hộ (Apartment),892
33225684,Căn hộ (Apartment),893
21792079,Nhà riêng (home ),894
62612320,Căn hộ Deluxe Nhìn ra Biển (Deluxe Apartment with Sea View),895
24709167,Căn hộ (Apartment),896
36850802,Căn hộ (Apartment),897
21903314,Căn hộ (Apartment),898
5984735,Phòng Deluxe (2 Người lớn + 1 Trẻ em) (Deluxe Room (2 Adults + 1 Child)),899
5984735,Phòng 4 Người Có Ban Công (Quadruple Room with Balcony),900
5984735,Phòng (1 Bed),901
43240978,Căn hộ (Apartment),902
32402824,Căn hộ (Apartment),903
5186620,Phòng Giường đôi Deluxe (2 Người lớn + 1 Trẻ em) (Deluxe Double Room (2 Adults + 1 Child)),904
5186620,Phòng 4 Người Có Ban Công (Quadruple Room with Balcony),905
70949879,"Căn Hộ 1 Phòng Ngủ – Có Ban Công, Hướng Mặt Nước (One Bedroom Apartment - Balcony and Water View)",906
34157850,Căn hộ FLC trung tâm Quy Nhơn 2 giường đôi,907
34157850,Studio FLC trung tâm Quy Nhơn 2 giường đôi,908
65482122,Căn Hộ 1 Phòng Ngủ (One-Bedroom Apartment),909
37299925,Căn hộ (Apartment),910
33039615,Căn hộ (Apartment),911
71447264,Căn Hộ 2 Phòng Ngủ (Two-Bedroom Apartment),912
80156761,Nhà riêng (home ),913
34733375,A Windowless Bathtub,914
31202293,Căn Hộ 1 Phòng Ngủ (One-Bedroom Apartment),915
67555882,Căn hộ Studio (Studio Apartment),916
67555882,Phòng Deluxe có 1 Phòng ngủ (1 Bedroom Deluxe),917
67555882,Phòng 4 Người Nhìn Ra Biển (Quadruple Room with Sea View),918
64003802,Studio Deluxe (Deluxe Studio),919
34293315,Căn Hộ 1 Phòng Ngủ (One-Bedroom Apartment),920
34293315,Căn Hộ 2 Phòng Ngủ (Two-Bedroom Apartment),921
33395564,Căn hộ (Apartment),922
25859297,Căn hộ (Apartment),923
37799388,Studio Nhìn Ra Biển (Studio with Sea View),924
37799388,Studio Có Ban Công (Studio with Balcony),925
37799388,Studio Nhìn Ra Biển (Studio with Sea View),926
37799388,Căn hộ 2 Phòng ngủ có Ban công và Nhìn ra Biển (Two-Bedroom Apartment with Balcony and Sea View),927
37799388,Căn hộ 2 Phòng ngủ có Ban công và Nhìn ra Biển (Two-Bedroom Apartment with Balcony and Sea View),928
51664357,Căn hộ (Apartment),929
52728105,"Apartment with Sea View in Altara Residenc, Quy Nhon",930
52728105,Căn hộ chung cư cao cấp Altara Residenc Quy Nhơn.,931
66737560,Phòng Superior giường đôi lớn (Superior Queen Room),932
66737560,Phòng Đôi Loại Sang (Deluxe Double Room),933
55411072,SUPERIOR APARTMENT KING BED QUEEN BED 2 BEDROOMS MOUNTAIN VIEW PORT VIEW,934
55411072,"Superior Apartment, 2 Bedrooms, 2 Bathrooms, Ocean View(1 King Bed and 1 Queen Bed)",935
59439770,Căn hộ (Apartment),936
32350002,Căn hộ (Apartment),937
33035537,Căn hộ (Apartment),938
37913386,Căn hộ (Apartment),939
569301,Tiêu chuẩn giường đôi hoặc 2 giường (Standard Double or Twin),940
569301,Phòng Đơn (Single Room),941
13444004,Nhà riêng (home ),942
10272171,An Lac Homestay Phong Gia dinh,943
10272171,An Lac Homestay Phong Gia dinh,944
10272171,An Lac Homestay Phong Gia dinh Co Ban cong,945
10272171,An Lac Homestay Phong Gia dinh Co Ban cong,946
10272171,An Lac Homestay Phong Tap the T3,947
10272171,An Lac Homestay Phong Tap the T1,948
10272171,An Lac Homestay Phong Tap the T2,949
34411743,Căn hộ (Apartment),950
77637921,Căn Hộ Studio Hướng Biển Có Ban Công (Studio Apartment Sea View with Balcony),951
77637921,Căn Hộ 2 Phòng Ngủ Nhìn Ra Biển (Two-Bedroom Apartment with Sea View),952
77637921,Căn hộ 3 Phòng ngủ Nhìn ra Đại dương (Three-Bedroom Ocean View Apartment),953
61232738,Phòng Tiêu chuẩn Giường đôi (Standard Room Double),954
61232738,Phòng Gia Đình (Family Room),955
61232738,Phòng Hai Giường Đơn (Twin Room),956
61232738,Phòng Gia Đình Nhìn Ra Biển (Family Room with Sea View),957
63303017,Căn hộ (Apartment),958
24303784,Căn hộ (Apartment),959
56386058,Căn Hộ 1 Phòng Ngủ (One-Bedroom Apartment),960
45032919,Phòng Đôi (Double Room),961
45032919,Phòng 3 Người Có Phòng Tắm Riêng (Triple Room with Private Bathroom),962
45032919,"Basic Double or Twin Room,2 Queen Beds",963
45032919,Phòng Gia Đình Có Bồn Tắm (Family Room with Bath),964
34728823,Căn Hộ 2 Phòng Ngủ (Two-Bedroom Apartment),965
39061716,Căn Hộ 1 Phòng Ngủ (One-Bedroom Apartment),966
35158314,Căn hộ (Apartment),967
79996766,Căn Hộ 1 Phòng Ngủ (Homestay),968
45032495,Phòng Đôi (Double Room),969
45032495,Phòng Ba Người Tiêu Chuẩn (Standard Triple Room),970
45032495,Phòng Deluxe 3 người (Deluxe Triple Room),971
45032495,Phòng Gia đình cho 4 người (Family Quadruple Room),972
69176878,Phòng Đôi Cao Cấp (Superior Double Room),973
69176878,Phòng Deluxe Giường Đôi/2 Giường Đơn (Deluxe Double or Twin Room),974
69176878,Phòng Deluxe Giường Đôi/2 Giường Đơn Nhìn Ra Thành Phố (Deluxe Double or Twin Room with City View),975
285380,Deluxe giường đôi (Deluxe Double),976
285380,Phòng Deluxe 2 Giường đơn (Deluxe Twin),977
285380,Deluxe 3 người (Deluxe Triple),978
285380,Phòng gia đình 4 người (Family 4 People),979
285380,Phòng Gia Đình Cho 5 Người (Family 5 People),980
33815882,Căn hộ (Apartment),981
55624250,Căn hộ (Apartment),982
31040339,Căn hộ (Apartment),983
31638521,Căn hộ (Apartment),984
38044004,Căn hộ (Apartment),985
6717362,Nhà riêng (home ),986
33546437,Nhà riêng (home ),987
32831519,Căn hộ (Apartment),988
23145356,Phòng 4 Người Nhìn Ra Biển (Quadruple Room with Sea View),989
36159995,Căn Hộ 2 Phòng Ngủ (Two Bedroom Apartment),990
68107891,Family Room,991
45254774,Căn hộ (Apartment),992
50830026,Phòng Đôi (Double Room),993
50830026,Phòng 4 Người (Quadruple Room),994
31261795,Căn hộ (Apartment),995
45032456,Phòng Đôi Cao Cấp (Superior Double Room),996
55944260,Căn hộ (Apartment),997
51986182,Căn hộ (Apartment),998
40041450,Căn hộ (Apartment),999
80156763,Nhà riêng (home ),1000
61630544,Nhà riêng (home ),1001
35414841,Căn hộ (Apartment),1002
21966583,Căn hộ (Apartment),1003
59443891,Nhà riêng (home ),1004
38692711,Căn hộ (Apartment),1005
33380942,Căn Hộ 1 Phòng Ngủ (One-Bedroom Apartment),1006
33380942,Căn Hộ 2 Phòng Ngủ (Two-Bedroom Apartment),1007
22238408,Nhà riêng (home ),1008
23385632,Căn hộ (Apartment),1009
33480108,Căn hộ (Apartment),1010
41454544,Nhà riêng (home ),1011
41278073,Căn hộ (Apartment),1012
37034894,Căn Hộ 1 Phòng Ngủ (One-Bedroom Apartment),1013
59336920,Phòng Đơn (Annex Single Room - Smoking),1014
59336920,Phòng Đôi – ẤM CÚNG (Double Room - COZY),1015
32184565,Căn Hộ 1 Phòng Ngủ (One-Bedroom Apartment),1016
40359239,Phòng Tiêu Chuẩn (Standard Room),1017
40359239,Phòng Đôi Loại Sang (Deluxe Double Room),1018
40359239,Phòng Deluxe Gia Đình 4 Người (Deluxe Family 4 pax),1019
64197158,Biệt Thự Vườn (Garden Villa),1020
64197158,Biệt Thự Vườn (Garden Villa),1021
51949040,Superior giường đôi (Superior Double),1022
51949040,Deluxe giường đôi Hướng phố (Deluxe Double City View),1023
29392314,Phòng Có Giường Cỡ King Nhìn Ra Biển (King Room with Sea View),1024
29392314,Phòng Có Giường Cỡ King Nhìn Ra Vườn (King Room with Garden View),1025
60140970,Phòng hướng biển (Sea View),1026
18942590,Suite Kiểu Studio 2 Giường Đơn (Studio Suite Twin),1027
18942590,Deluxe 2 giường hướng sân vườn (Deluxe Garden Twin),1028
61056423,Phòng Tiêu Chuẩn (Standard Room),1029
61297756,Deluxe Studio,1030
61297756,Căn Hộ Studio Hướng Biển Có Ban Công (Studio Apartment Sea View with Balcony),1031
64636784,Căn Hộ 1 Phòng Ngủ (One-Bedroom Apartment),1032
32808803,Giường đôi - 2 người (Double - 2 People),1033
32808803,Phòng có giường cỡ King Nhìn ra Quang cảnh Núi non (Mountain View King Room),1034
5646682,Phòng 2 Giường Đơn (2 Twin Bed Room),1035
5646682,Phòng có Giường Lớn (1 King Bed),1036
17016664,Room Assigned on Arrival,1037
17016664,Phòng Hai Giường Đơn (TWIN),1038
17016664,Phòng Superior (Superior),1039
75887464,Căn Hộ 2 Phòng Ngủ (Two-Bedroom Apartment),1040
75887464,Căn Hộ 2 Phòng Ngủ (Two-Bedroom Apartment),1041
34400611,Phòng Đôi Loại Sang (Deluxe Double Room),1042
34400611,Phòng 4 Người Tiện nghi (Comfort Quadruple Room),1043
34400611,Phòng Đôi Loại Sang (Deluxe Double Room),1044
23124460,Phòng Tiêu chuẩn Giường Đôi - Không có Tầm nhìn (Standard Double Room - No View),1045
23124460,Phòng Hai Giường Đơn Tiêu Chuẩn không có Cảnh (Standard Twin Room without View),1046
5059387,Phòng Hai Giường Đơn Loại Sang (Deluxe Twin Room),1047
5059387,Phòng Loại Sang Giường Đôi (Deluxe Double Room),1048
5820443,Phòng Đôi (Double Room),1049
5820443,Superior 2 Double,1050
5820443,Phòng Loại Sang (Deluxe),1051
67600587,Căn Hộ 1 Phòng Ngủ (One-Bedroom Apartment),1052
24248706,Phòng Loại Sang (Deluxe Room),1053
24248706,Phòng Gia Đình (Family Room),1054
30793117,"Phòng có 2 Giường Đôi Lớn và 1 Giường Sofa (Larger Guest room, 2 Queen, Sofa bed)",1055
30793117,Studio Có Ban Công (Studio with Balcony),1056
77418572,Phòng Giường Đôi Nhìn Ra Biển (Double Room with Sea View),1057
77418572,Phòng 4 Người Nhìn Ra Biển (Quadruple Room with Sea View),1058
12410596,Phòng Tiêu chuẩn hướng biển (Standard Sea View Room),1059
12410596,Deluxe gác mái (Deluxe Loft),1060
63312875,Phòng Standard giường đôi (Standard Double Room),1061
63312875,Phòng Superior gia đình (Superior Family Room),1062
35560301,Superior giường Queen (Superior Queen),1063
35560301,Deluxe có ban công (Deluxe Balcony),1064
31344599,STANDARD SMALL Double Or Twin (STANDARD SMALL DOUBLE OR TWIN),1065
31344599,Phòng Tiêu chuẩn Giường đôi (Standard Room Double),1066
32015498,Phòng Đôi Loại Sang (Deluxe Double Room),1067
32015498,Phòng Hai Giường Đơn (Twin Room),1068
32015498,Phòng Deluxe 4 Người (Deluxe Quadruple Room),1069
73281,Phòng Tiêu Chuẩn (Standard),1070
73281,Deluxe hướng sân vườn (Deluxe Garden View),1071
25117768,Phòng Giường Đôi Với Phòng Tắm Riêng Bên Ngoài (Double Room with Private External Bathroom),1072
25117768,Phòng Giường Đôi Có Phòng Tắm Riêng (Double Room with Private Bathroom),1073
51803322,Căn Hộ Nhìn Ra Biển (Apartment with Sea View),1074
51803322,Căn Hộ 1 Phòng Ngủ (1 Bedroom Apartment),1075
17930651,Phòng Tiêu Chuẩn Giường Đôi (Standard Double Room),1076
17930651,Phòng 2 Giường Đơn Nhìn Ra Thành Phố (Twin Room with City View),1077
17930651,Phòng 2 Giường Đơn Nhìn Ra Biển (Twin Room with Sea View),1078
56366856,Phòng Tiêu Chuẩn (Standard Room),1079
56366856,Phòng Đôi Loại Sang (Deluxe Double Room),1080
37806216,Phòng Đơn (Single),1081
37806216,Phòng Đôi Cho 2 Người Lớn Và 1 Trẻ Em (Double Room for 2 Adults and 1 Child),1082
37806216,Phòng Ba Người (Triple Room),1083
33236834,Phòng Deluxe Giường Đôi/2 Giường Đơn (Deluxe Double or Twin Room),1084
15635335,Phòng Đôi (Double Room),1085
70939303,Deluxe giường Queen (Deluxe Queen),1086
70939303,Phòng Tiêu Chuẩn (Standard),1087
36852668,Căn Hộ Tiêu Chuẩn 1 Phòng Ngủ (Standard Apartment 1 bedroom),1088
36852668,Căn Hộ 2 Phòng Ngủ (Two-Bedroom Apartment),1089
29850531,Phòng Loại Sang (2 Người lớn + 1 trẻ em) (Deluxe Room (2 Adults + 1 Child)),1090
29850531,Phòng Deluxe 2 giường Queen (Deluxe Queen Room with Two Queen Beds),1091
45494708,Phòng Đôi (Double Room),1092
45494708,Phòng Giường Đôi Có Ban Công (Double Room with Balcony),1093
45494708,Phòng Deluxe Có 2 Giường Cỡ Queen (Deluxe Queen Room with Two Queen Beds),1094
38854934,Phòng Đôi Loại Sang (Deluxe Double Room),1095
38854934,Phòng 4 Người (Quadruple Room),1096
38854934,Phòng Deluxe Gia đình (Deluxe Family Room),1097
11023481,Phòng Tiêu chuẩn - Giường đôi (Standard - Double),1098
11023481,Superior giường đôi Hướng biển (Superior Double Sea View),1099
16567931,Superior 2 giường (Superior Twin),1100
16567931,Deluxe 2 giường (Deluxe Twin),1101
9406934,Phòng Cao Cấp Cho Hai Người (Superior Double Room),1102
9406934,Phòng Loại Sang Giường Đôi (Deluxe Double Room),1103
6877377,Phòng Tiêu Chuẩn Giường Lớn (Standard King Room),1104
6877377,Standard Double No Window (Standard Double No Window),1105
77591492,Căn Hộ Nhìn Ra Biển (Apartment with Sea View),1106
78475755,Phòng Tiết Kiệm giường đôi (Double Economy),1107
78475755,Phòng Giường Đôi/2 Giường Đơn Nhìn Ra Hồ Bơi (Double or Twin Room with Pool View),1108
64245971,Studio Nhìn Ra Biển (Studio with Sea View),1109
64245971,Studio Nhìn Ra Hồ Bơi (Studio with Pool View),1110
65964475,Căn Hộ 1 Phòng Ngủ (One-Bedroom Apartment),1111
78955776,Studio Nhìn Ra Biển (Studio with Sea View),1112
78955776,Studio Nhìn Ra Biển (Studio with Sea View),1113
33030754,Phòng Superior giường đôi (Double Superior Room),1114
33030754,Phòng Deluxe giường Queen (Deluxe Queen Room),1115
3340904,Phòng Deluxe Có Giường Cỡ King (Deluxe King Room),1116
3340904,Standard Twin Room,1117
64461080,Phòng Gia đình - Phòng 4 người (Family - Quad Room),1118
22120731,Studio Deluxe Có Giường Cỡ King (Deluxe King Studio),1119
14678070,Twin Room (1 Double Or 2 Single Beds),1120
14695528,Phòng Standard giường đôi (Standard Double Room),1121
14695528,Phòng Cao Cấp Cho Hai Người (Superior Double Room),1122
14695528,Phòng Loại Sang Giường Lớn (Deluxe King Room),1123
78412387,Phòng Hai Giường Đơn (Twin Room),1124
78412387,Phòng Gia Đình (Family Room),1125
78412387,Phòng Đơn (Single Room),1126
7062355,Phòng Tiêu Chuẩn 1 giường King (Standard with 1 King Bed),1127
28523186,Phòng Đôi hoặc Hai Giường Đơn Loại Sang (Deluxe Double or Twin Room),1128
28523186,Phòng 3 người có ban công (Triple Room with Balcony),1129
11427132,Phòng Deluxe (2 Người lớn + 1 Trẻ em) (Deluxe Room (2 Adults + 1 Child)),1130
9373144,Double or Twin Room,1131
9373144,Phòng Hai Giường Đơn (Twin Room),1132
4415702,Phòng Đôi (Double),1133
4415702,Phòng Deluxe Có Giường Cỡ King (Deluxe King Room),1134
4840629,Phòng Tiêu Chuẩn (Standard),1135
4840629,Phòng Tiêu chuẩn 2 giường đơn (Standard Twins Room),1136
2652740,Phòng Đôi (Double Room),1137
2652740,Phòng Tiêu Chuẩn 2 Giường Đơn (Standard Twin Room),1138
2652740,Phòng 3 Người Nhìn Ra Biển (Triple Room with Sea View),1139
33031155,Studio,1140
33031155,Phòng Deluxe Hiện đại 1 Giường đôi (Modern Deluxe Double Room),1141
11023783,Phòng Standard giường đôi (Standard Double Room),1142
11023783,Phòng Deluxe Giường Đôi (Deluxe Double Rooms),1143
22666065,Căn Hộ Hướng Biển 1 Phòng Ngủ (One-Bedroom Ocean View Apartment),1144
8734173,Phòng Đôi Loại Sang (Deluxe Double Room),1145
8734173,Phòng 2 Giường Đôi (Double Room with Two Double Beds),1146
75243970,Tiêu Chuẩn - 1 Giường Đôi Có Bàn (Standard - 1 Double Bed with Desk),1147
75243970,Phòng Tiêu Chuẩn (Standard Room),1148
75243970,Phòng Hai Giường Đơn Loại Sang Loại A (Deluxe Twin Room Type A),1149
50181533,Phòng Tiêu Chuẩn Giường Đôi (Standard Double Room),1150
50181533,Phòng Superior giường đôi lớn (Superior Queen Room),1151
5869073,Biệt thự có hồ bơi nhìn ra đại dương (Ocean View Pool Villa),1152
5869073,Biệt thự hồ bơi hướng biển 2 phòng ngủ (Two Bedroom Ocean View Pool Villa),1153
14910733,Phòng Tiêu Chuẩn (Standard Room),1154
14910733,Phòng Superior (Superior Room),1155
14910733,Family Room - 4 Pax (Family room - 4 pax),1156
34144616,Căn Hộ 2 Phòng Ngủ (Two-Bedroom Apartment),1157
79593380,Căn Hộ 2 Phòng Ngủ (Two-Bedroom Apartment),1158
8354077,Phòng Superior 2 giường (Superior Twin Room),1159
8354077,Phòng Cao Cấp Cho Hai Người (Superior Double Room),1160
33493768,Phòng Tiêu chuẩn có Giường Đôi và Phòng tắm Riêng (Standard Double Room with Private Bathroom),1161
33493768,Phòng Đôi Cao Cấp (Superior Double Room),1162
31645576,Phòng Hai Giường Đơn (Twin Room),1163
31645576,Phòng Đôi (Double Room),1164
31645576,Phòng Đôi Loại Sang (Deluxe Double Room),1165
10953678,Phòng Tiêu Chuẩn (Standard),1166
10953678,Phòng cho 4 Người (Quadruple),1167
51086921,Căn hộ (Apartment),1168
31735416,Căn Hộ Nhỏ có Giường Lớn hoặc 2 Giường Đơn (Studio with King or 2 Single Beds),1169
31735416,Căn Hộ Nhỏ Superior Nhìn Nghiêng Ra Biển (Superior Side Sea View Studio),1170
12233891,Phòng Đôi (Double Room),1171
12233891,Phòng giường đôi Hướng phố (Double Room City View),1172
5169625,Phòng Giường Đôi Có Phòng Tắm Riêng (Double Room with Private Bathroom),1173
5169625,Phòng Giường Đôi Nhìn Ra Biển (Double Room with Sea View),1174
5169625,Phòng Đơn Có Phòng Tắm Riêng (Single Room With Private Bathroom),1175
12193105,Phòng Đôi (Double Room),1176
12193105,Phòng Double giường đôi (Double Double Room),1177
22217771,Phòng Đôi (Double Room),1178
22217771,Phòng 4 người (Quadruple Room),1179
25134987,Phòng Tiêu Chuẩn Có Giường Cỡ King (Standard King Room),1180
25134987,Phòng Loại Sang Giường Lớn (Deluxe King Room),1181
78546431,Phòng Giường Đôi Có Phòng Tắm Riêng (Double Room with Private Bathroom),1182
78546431,Phòng Có Giường Cỡ King Nhìn Ra Biển (King Room with Sea View),1183
78546431,Phòng 4 Người (Quadruple Room),1184
5642208,Superior giường đôi (Superior Double),1185
5642208,Phòng Loại Sang Giường Đôi (Deluxe Double Room),1186
10238843,Phòng Tiêu Chuẩn (Standard),1187
10238843,Phòng Superior (Superior),1188
44883298,Phòng Tiêu chuẩn Riêng (Standard Individual),1189
4070083,"Deluxe Double Room, Garden View (1 Large Twin Bed)",1190
2636139,Phòng Có Giường Cỡ Queen (Queen Room),1191
2636139,Phòng Có Giường Cỡ Queen (Queen Room),1192
63351562,Phòng Đôi Phổ Thông (Economy Double Room),1193
63351562,Phòng Giường Đôi Có Ban Công (Double Room with Balcony),1194
22217810,Room Assigned on Arrival,1195
22217810,Phòng đơn Tiêu chuẩn (Standard Individual),1196
67325024,Phòng Deluxe (2 Người lớn + 1 Trẻ em) (Deluxe Room (2 Adults + 1 Child)),1197
67325024,Phòng Hai Giường Đơn Loại Sang (Deluxe Twin Room),1198
63188990,Phòng Có Giường Cỡ King Nhìn Ra Biển (Sea View King Room),1199
63188990,Phòng có Giường cỡ King (Premium Valley View Room),1200
68341165,Studio - Phòng Giường Lớn Có Ban Công (Studio - King Room with Balcony),1201
68341165,Deluxe Double with Balcony Partial Sea View,1202
287127,Phòng Đôi (Double),1203
287127,Phòng Superior Giường Đôi/2 Giường Đơn (Superior Double or Twin Room),1204
44616110,Phòng Giường Đôi Có Ban Công (Double Room with Balcony),1205
44616110,Phòng Có Giường Cỡ King (King Room),1206
76905078,Phòng giường đôi (double rooms),1207
76905078,Phòng Ngủ Giường Lớn Có Cửa Sổ (King Bedroom with Window),1208
55271354,Phòng Tiêu Chuẩn (Standard Room),1209
55271354,Phòng Gia Đình (Family Room),1210
40473815,Phòng Gia Đình (Family Room),1211
1177941,Superior giường đôi (Superior Double),1212
1177941,Phòng Superior 2 giường đơn (Superior Twin Room),1213
60503600,Superior hướng vườn (Superior Garden View),1214
60503600,Superior 2 giường (Superior Twin),1215
60503600,Phòng Gia Đình (Family Room),1216
15309559,Phòng giường đơn (Single Room),1217
15309559,Phòng Đôi (Double Room),1218
15309559,Phòng Gia Đình (Family Room),1219
30967544,Studio hướng biển có ban công (Sea View Studio with Balcony),1220
30967544,Căn hộ Studio có ban công (Studio Apartment with Balcony),1221
285051,Phòng Tiêu Chuẩn (Standard Room),1222
27837684,Standard Twin Room,1223
27837684,Phòng Đôi Loại Sang Hướng Biển (Deluxe Double Room with Sea View),1224
41656161,Căn hộ (Apartment),1225
22235366,Phòng Tiêu Chuẩn Giường Lớn (Standard King Room),1226
22235366,Phòng Deluxe hướng biển giường đôi (Deluxe Double Room with Sea View),1227
50957499,Phòng Giường Đôi/2 Giường Đơn (Double or Twin Room),1228
37034350,Superior giường đôi Có ban công (Superior Double Balcony),1229
37034350,Phòng Loại Sang Hướng Thành Phố Có Ban Công Giường Đôi (Deluxe Double City View with Balcony),1230
4934892,Superior 2 giường (Superior Twin),1231
4934892,Superior giường đôi (Superior Double),1232
4934892,Superior 3 người (Superior Triple),1233
80351761,Căn Hộ 1 Phòng Ngủ (Homestay),1234
41592461,Nhà riêng (home),1235
27823082,Căn Hộ 2 Phòng Ngủ (Two-Bedroom Apartment),1236
32406728,Phòng Có Giường Cỡ King (King Room),1237
32406728,Phòng Hai Giường Đơn (Twin Room),1238
5180707,Phòng Đôi Loại Sang (Deluxe Double Room),1239
5180707,Suite Có Giường Cỡ King (King Suite),1240
70409036,Phòng Đôi (Double Room),1241
70409036,Phòng 4 người (Quadruple Room),1242
64393779,Căn Hộ Nhìn Ra Biển (Apartment with Sea View),1243
45874598,Căn hộ (Apartment),1244
28445756,Phòng Tiêu chuẩn Giường đôi (Standard Room Double),1245
28445756,Phòng Tiêu Chuẩn Hướng Biển Giường Đôi Có Ban Công (Standard Double Sea View Balcony),1246
21904449,Căn hộ Cơ bản (Basic Apartment),1247
72814524,Phòng Có Giường Cỡ Queen (Queen Room),1248
72814524,Phòng Tiêu Chuẩn Giường Đôi (Standard Double Room),1249
72814524,Phòng Superior giường đôi lớn (Superior Queen Room),1250
24114829,Căn hộ (Apartment),1251
54965633,Phòng Tiêu Chuẩn (Standard),1252
54965633,Phòng Đôi Cao Cấp (Superior Double Room),1253
34414608,Phòng Cao Cấp Cho Hai Người (Superior Double Room),1254
34414608,Phòng Suite giường đôi (Suite Double Room),1255
36926804,Căn hộ (Apartment),1256
32275093,Căn hộ gia đình (Family Apartment),1257
32275093,Căn Hộ 2 Phòng Ngủ (Two-Bedroom Apartment),1258
49381275,Studio gia đình (Family Studio),1259
49381275,Phòng Deluxe 2 Phòng Ngủ (2 Bedroom Deluxe),1260
59886967,Căn hộ kiểu Studio Nhìn ra Biển (Studio Apartment with Sea View),1261
59886967,Căn hộ kiểu Studio Nhìn ra Biển (Studio Apartment with Sea View),1262
16208917,Phòng Đôi (Double Room),1263
16208917,Phòng Deluxe Có 2 Giường Cỡ Queen (Deluxe Queen Room with Two Queen Beds),1264
16208917,Phòng Superior Gia Đình (Superior Family Room),1265
32213655,Phòng Có Giường Cỡ King (King Room),1266
32213655,Căn Hộ Studio (Studio Apartment),1267
32213655,Căn Hộ 2 Phòng Ngủ (Two-Bedroom Apartment),1268
5167594,Phòng 2 Giường Đơn Có Cảnh Quan (Twin Room with View),1269
5167594,Phòng Tiêu Chuẩn Giường Lớn (Standard King Room),1270
37212437,Căn Hộ 1 Phòng Ngủ Có Ban Công (One-Bedroom Apartment with Balcony),1271
37014105,Nhà riêng (home),1272
19866378,Nhà riêng (home),1273
36434229,"Panoramic Studio, 2 Queen Beds, Balcony, Sea Facing",1274
31181070,Căn Hộ 2 Phòng Ngủ (Two-Bedroom Apartment),1275
37845372,Căn Hộ 1 Phòng Ngủ (One-Bedroom Apartment),1276
46373098,Phòng Có Giường Cỡ King (King Room),1277
23172207,Căn hộ (Apartment),1278
64197143,Căn hộ Studio (Studio Apartment),1279
64197143,Standard apartment 1 bedroom,1280
24084233,Studio Nhìn Ra Biển (Studio with Sea View),1281
7475500,Phòng Tiêu Chuẩn (Standard),1282
35151542,Phòng Đôi (Double Room),1283
35151542,Phòng Double giường đôi (Double Double Room),1284
71700639,Studio,1285
2259164,Phòng Tiêu Chuẩn (Standard),1286
2259164,Phòng Superior 2 giường đơn (Superior Twin Room),1287
66501175,Căn hộ (Apartment),1288
67471075,Căn hộ Studio có Ban công (Studio Apartment with Balcony),1289
67471075,Căn Hộ Nhìn Ra Biển (Apartment with Sea View),1290
37728691,Nhà riêng (home),1291
79262073,Căn Hộ 1 Phòng Ngủ (One-Bedroom Apartment),1292
34426064,Căn hộ (Apartment),1293
34426064,Căn Hộ 2 Phòng Ngủ (Two-Bedroom Apartment),1294
14627961,Phòng Tiêu Chuẩn Giường Lớn (Standard King Room),1295
14627961,Phòng Hai Giường Đơn (Twin Room),1296
66720806,Căn Hộ 1 Phòng Ngủ (One-Bedroom Apartment),1297
39457406,Căn Hộ 3 Phòng Ngủ (Three-Bedroom Apartment),1298
38588862,Căn Hộ 1 Phòng Ngủ (One-Bedroom Apartment),1299
78326452,"Superior Room, City View (1 Queen Bed)",1300
63423570,Phòng Deluxe hướng biển giường đôi (Deluxe Double Room with Sea View),1301
55942102,Phòng Loại Sang (Deluxe),1302
55942102,Phòng Gia Đình (Family Room),1303
31188036,Phòng Loại Sang (Deluxe Room),1304
31188036,Phòng Gia Đình (Family Room),1305
52248567,Phòng Đôi (Double Room),1306
51655890,Studio,1307
38667013,Căn Hộ Có Ban Công (Apartment with Balcony),1308
36782101,Studio Nhìn Ra Biển (Studio with Sea View),1309
36782101,Căn Hộ Nhìn Ra Biển (Apartment with Sea View),1310
79291811,Phòng Đôi (Double Room),1311
79291811,Phòng Hai Giường Đơn (Twin Room),1312
34404807,Căn hộ (Apartment),1313
548583,Phòng Gia đình 2 giường đôi (Family Double (2 Double Bed)),1314
548583,Phòng Gia đình (3 giường đôi) (Family Room (3 Double Beds)),1315
31607760,Căn Hộ 2 Phòng Ngủ (Two-Bedroom Apartment),1316
23698993,Room Assigned on Arrival,1317
23698993,Studio hướng biển (Sea View Studio),1318
36826230,Căn hộ (Apartment),1319
37656762,Studio Nhìn Ra Biển (Studio with Sea View),1320
37656762,Studio Nhìn Ra Biển (Studio with Sea View),1321
71447340,Phòng 2 Giường Đơn Hạng Bình Dân (Budget Twin Room),1322
71447340,Phòng Giường Đôi Hạng Bình Dân (Budget Double Room),1323
71447340,Phòng Ngủ Tập Thể 4 Giường Cho Cả Nam Và Nữ (4-Bed Mixed Dormitory Room),1324
50518251,Căn hộ (Apartment),1325
35068468,Căn hộ (Apartment),1326
37197113,Phòng Giường Đôi Có Phòng Tắm Riêng (Double Room with Private Bathroom),1327
37197113,Phòng 4 Người Có Ban Công (Quadruple Room with Balcony),1328
37555079,Căn Hộ 2 Phòng Ngủ (Two-Bedroom Apartment),1329
65964651,Studio Nhìn Ra Biển (Studio with Sea View),1330
65964651,Căn Hộ 1 Phòng Ngủ (One-Bedroom Apartment),1331
37711121,Studio,1332
6518274,Phòng Đôi (Double Room),1333
30996987,Căn Hộ 1 Phòng Ngủ (One-Bedroom Apartment),1334
65481921,Căn Hộ 1 Phòng Ngủ (One-Bedroom Apartment),1335
66681991,Căn Hộ 1 Phòng Ngủ (One-Bedroom Apartment),1336
21826617,Căn Hộ Có Ban Công (Apartment with Balcony),1337
59799226,Căn hộ (Apartment),1338
39604990,Nhà riêng (home),1339
72814204,Căn Hộ 2 Phòng Ngủ (Two-Bedroom Apartment),1340
33840154,Phòng Đôi Loại Sang (Deluxe Double Room),1341
33840154,Phòng Tiêu Chuẩn Giường Đôi/2 Giường Đơn (Standard Double or Twin Room),1342
33840154,Phòng Deluxe Gia đình (Deluxe Family Room),1343
9362300,Studio Có Sân Hiên (Studio with Terrace),1344
9362300,Nhà trệt (Bungalow),1345
38787520,Phòng 4 Người Nhìn Ra Biển (Quadruple Room with Sea View),1346
38787520,Phòng Gia Đình (Family Room),1347
38787520,Phòng Đôi Loại Sang (Deluxe Double Room),1348
39936245,Căn Hộ 2 Phòng Ngủ (Two-Bedroom Apartment),1349
32355416,Căn hộ (Apartment),1350
52285632,Studio,1351
23087118,Căn hộ (Apartment),1352
35308672,Studio Nhìn Ra Hồ Bơi (Studio with Pool View),1353
78975271,Studio,1354
78975271,One Bedroom Apartment - 2 Adult with 2 Child,1355
34404067,Căn Hộ 1 Phòng Ngủ (One Bedroom Apartment),1356
70957009,Căn hộ (Apartment),1357
69799137,Nhà riêng (home),1358
78275123,Căn Hộ 1 Phòng Ngủ (Homestay),1359
36924743,Căn Hộ 2 Phòng Ngủ (Two-Bedroom Apartment),1360
51984745,Phòng Deluxe hướng biển (Deluxe Sea View Room),1361
51984745,Studio Có Giường Cỡ King (King Studio),1362
78342792,Phòng Tiêu Chuẩn (Standard Room),1363
61725966,Phòng Đôi (Double Room),1364
61725966,Phòng 4 người (Quadruple Room),1365
77215749,Phòng Có 2 Giường Cỡ Queen (Queen Room with Two Queen Beds),1366
77215749,Căn Hộ Nhìn Ra Thành Phố (Apartment with City View),1367
33951936,Căn hộ (Apartment),1368
31431505,Căn Hộ 2 Phòng Ngủ (Two-Bedroom Apartment),1369
67846880,Căn Hộ 1 Phòng Ngủ (One-Bedroom Apartment),1370
36928989,Căn hộ (Apartment),1371
25116480,Phòng Được sắp xếp tùy ý khi đến (Room Assigned on Arrival),1372
6873795,Phòng giường đôi (double rooms),1373
68415436,Phòng Đôi (Double Room),1374
68415436,Phòng Có Giường Cỡ Queen Nhìn Ra Biển (Queen Room with Sea View),1375
68415436,Phòng 2 Giường Đôi (Double Room with Two Double Beds),1376
69127458,Phòng Giường đôi Deluxe (2 Người lớn + 1 Trẻ em) (Deluxe Double Room (2 Adults + 1 Child)),1377
69127458,Phòng Deluxe Giường Đôi/2 Giường Đơn Nhìn Ra Biển (Deluxe Double or Twin Room with Sea View),1378
41605947,Phòng Có Giường Cỡ King Nhìn Ra Biển (King Room with Sea View),1379
41605947,Phòng Đôi (Double Room),1380
79081787,Suite Giường Đôi Hướng Thành Phố (Suite Double City View),1381
79081787,Deluxe giường đôi (Deluxe Double),1382
76583795,Nhà riêng (home),1383
33882988,Căn hộ (Apartment),1384
15635334,Phòng Tiêu Chuẩn Giường Đôi (Standard Double Room),1385
32700892,Căn hộ (Apartment),1386
80606377,Căn hộ (Apartment),1387
80156755,Nhà riêng (home),1388
66720033,Căn Hộ 2 Phòng Ngủ (Two-Bedroom Apartment),1389
36895103,Phòng Có Giường Cỡ King Nhìn Ra Vườn (King Room with Garden View),1390
36895103,Phòng Superior 3 Người (Superior Triple Room),1391
64279350,Phòng Tiêu Chuẩn Giường Đôi (Standard Double Room),1392
64279350,Phòng Giường Đôi Nhìn Ra Biển (Double Room with Sea View),1393
64279350,Phòng 3 Người Nhìn Ra Thành Phố (Triple Room with City View),1394
32194319,Căn hộ (Apartment),1395
80165738,Studio Nhìn Ra Biển (Studio with Sea View),1396
80165738,Studio Nhìn Ra Biển (Studio with Sea View),1397
34164635,Căn hộ (Apartment),1398
80156762,Căn hộ (Apartment),1399
52220486,Căn Hộ 2 Phòng Ngủ (Two-Bedroom Apartment),1400
52220486,Căn hộ (Apartment),1401
23172137,Căn hộ (Apartment),1402
23147309,Căn hộ (Apartment),1403
78928199,Căn Hộ 2 Phòng Ngủ Có Ban Công (Two-Bedroom Apartment with Balcony),1404
32886162,"Family Apartment, 2 Bedrooms (1 Queen Bed, 1 King Bed and 1 Double Sofa Bed)",1405
60012111,Căn hộ (Apartment),1406
39633312,Căn hộ (Apartment),1407
44504126,Căn hộ (Apartment),1408
41438381,Nhà riêng (home),1409
68611267,Nhà 4 Phòng Ngủ (Four-Bedroom House),1410
61013937,Phòng Đôi (Double Room),1411
61013937,Phòng 4 Người (Quadruple Room),1412
61013937,Phòng Đơn (Single Room),1413
46006621,Căn hộ (Apartment),1414
31473405,Căn hộ (Apartment),1415
80156754,Nhà riêng (home),1416
43194564,Căn hộ (Apartment),1417
31192454,Căn hộ (Apartment),1418
32863397,Căn hộ (Apartment),1419
31234121,Căn hộ (Apartment),1420
50004282,Căn hộ (Apartment),1421
30978571,Căn Hộ Hướng Biển 1 Phòng Ngủ (One-Bedroom Ocean View Apartment),1422
30978571,Căn Hộ 2 Phòng Ngủ Hướng Biển (Two-Bedroom Ocean View Apartment),1423
45586129,Căn hộ (Apartment),1424
38589079,Studio Nhìn Ra Biển (Studio with Sea View),1425
38589079,Căn hộ Tiêu chuẩn (Standard Apartment),1426
32831311,Căn hộ (Apartment),1427
21873230,Căn hộ (Apartment),1428
50142265,Căn hộ (Apartment),1429
36159944,Căn Hộ 1 Phòng Ngủ (One Bedroom Apartment),1430
55133009,Nhà 1 Phòng Ngủ (One-Bedroom House),1431
51131340,Villa riêng (Private Villa),1432
70213556,Phòng 4 Người (Quadruple Room),1433
78342145,Phòng Tiêu Chuẩn (Standard Room),1434
78342145,Phòng Tiêu Chuẩn 2 Giường Đơn (Standard Twin Room),1435
78342145,Phòng Superior (Superior Room),1436
34014948,Căn hộ (Apartment),1437
31072664,Căn hộ (Apartment),1438
62141028,Studio 2 Giường đơn Nhìn ra Bãi biển (Studio Ocean View Twin),1439
62141028,Phòng Deluxe 2 Phòng Ngủ (2 Bedroom Deluxe),1440
33382554,Căn Hộ 1 Phòng Ngủ (One-Bedroom Apartment),1441
42303337,Phòng Đôi (Double Room),1442
42303337,Phòng 4 Người (Quadruple Room),1443
33956176,Căn hộ (Apartment),1444
22985737,Phòng Tiêu Chuẩn Giường Đôi (Standard Double Room),1445
22985737,Phòng Đôi Cao Cấp (Superior Double Room),1446
76855459,Nhà riêng (home),1447
55140444,Căn hộ (Apartment),1448
38647576,Căn hộ (Apartment),1449
25016064,Căn hộ (Apartment),1450
39068159,Căn hộ (Apartment),1451
51985843,Căn hộ (Apartment),1452
80156756,Căn hộ (Apartment),1453
78308336,Studio Nhìn Ra Biển (Studio with Sea View),1454
78308336,Studio,1455
38754526,Căn hộ (Apartment),1456
78341369,"Double Room, Garden View (1 king bed)",1457
78341369,"Twin Room, Garden View (2 twin beds)",1458
78345487,Studio Deluxe (Deluxe Studio),1459
78345487,"Deluxe Apartment, 2 Bedrooms, Non Smoking, Sea View",1460
78345487,Căn hộ Gia đình (Family Apartment),1461
38580621,Căn hộ (Apartment),1462
38635888,Căn hộ (Apartment),1463
34144475,Căn hộ (Apartment),1464
31040306,Căn hộ (Apartment),1465
32321094,Nhà riêng (home),1466
7406850,Phòng Đôi (Double Room),1467
7406850,Tiêu chuẩn 4 người (Standard Quadruple),1468
7406850,Phòng Gia Đình (Family Room),1469
48543527,Phòng Gia Đình (Family Room),1470
30920987,Căn hộ (Apartment),1471
34259056,Căn hộ (Apartment),1472
52668241,Căn hộ (Apartment),1473
21994531,Căn Hộ Studio (Studio Apartment),1474
21994531,Căn Hộ 2 Phòng Ngủ (Two-Bedroom Apartment),1475
30794718,Căn hộ (Apartment),1476
36998997,Căn hộ (Apartment),1477
34465401,Căn hộ (Apartment),1478
37371200,Căn hộ (Apartment),1479
34145072,Căn hộ (Apartment),1480
31496393,Căn hộ (Apartment),1481
31473368,Lavie2,1482
31473368,Lavie,1483
36922615,Căn hộ (Apartment),1484
52053427,Căn Hộ 2 Phòng Ngủ (Two-Bedroom Apartment),1485
35750938,Căn hộ (Apartment),1486
34653352,Studio Nhìn Ra Biển (Studio with Sea View),1487
72816450,Studio,1488
72816450,Studio Deluxe (Deluxe Studio),1489
33499136,Căn hộ (Apartment),1490
32843050,Căn hộ (Apartment),1491
64276373,Căn Hộ 1 Phòng Ngủ (One-Bedroom Apartment),1492
32515722,Căn hộ kiểu Studio Nhìn ra Biển (Studio Apartment with Sea View),1493
37427937,Căn hộ (Apartment),1494
33159519,Căn hộ (Apartment),1495
64665774,Căn Hộ 1 Phòng Ngủ (One-Bedroom Apartment),1496
31211826,Căn hộ (Apartment),1497
32348710,Căn hộ (Apartment),1498
35541229,Căn hộ (Apartment),1499
37796754,Căn hộ (Apartment),1500
38589024,Nhà riêng (home),1501
38746690,Căn hộ (Apartment),1502
32784739,Căn hộ (Apartment),1503
80156759,Nhà riêng (home),1504
34486175,Three Bedroom - Apartment,1505
72814238,Căn Hộ 2 Phòng Ngủ Nhìn Ra Biển (Two-Bedroom Apartment with Sea View),1506
39892686,Căn hộ (Apartment),1507
37014340,Nhà riêng (home),1508
24179314,Căn hộ (Apartment),1509
31638400,Căn hộ (Apartment),1510
32355086,Căn hộ (Apartment),1511
31494498,Nhà riêng (home),1512
47771797,Căn hộ (Apartment),1513
62895944,Phòng Đôi Tiêu chuẩn (Standard Double),1514
23070632,Căn hộ (Apartment),1515
23070632,Căn hộ 2 phòng ngủ (2-Bedroom Apartment),1516
51651054,Căn Hộ 2 Phòng Ngủ (Two-Bedroom Apartment),1517
51909015,Căn hộ (Apartment),1518
65867796,Superior 2 giường (Superior Twin),1519
65867796,Superior - 1 Giường King (Superior - 1 King Bed),1520
65867796,Phòng Deluxe 2 Giường đơn (Deluxe Twin),1521
65867796,Loại Sang - 1 Giường Lớn (Deluxe - 1 King Bed),1522
65867796,Suite,1523
64608699,Superior 2 giường (Superior Twin),1524
64608699,Superior giường đôi (Superior Double),1525
64608699,Deluxe giường đôi (Deluxe Double),1526
64608699,Junior Suite,1527
64608699,Junior Suite,1528
64608699,Junior Suite,1529
67598114,Superior Room,1530
67598114,Phòng Đôi Cao Cấp (Superior Double Room),1531
67598114,Phòng Đôi Loại Sang (Deluxe Double Room),1532
67598114,Phòng Đôi Loại Sang (Deluxe Double Room),1533
67598114,Phòng Đôi Loại Sang (Deluxe Double Room),1534
67598114,Phòng Đôi Loại Sang (Deluxe Double Room),1535
67598114,Phòng Đôi Loại Sang (Deluxe Double Room),1536
68145704,Phòng Tiêu Chuẩn (Standard),1537
68145704,Phòng Loại Sang – 1 Giường (Deluxe Room - 1 Bed),1538
68145704,Phòng Hai Giường Đơn (Twin Room),1539
68145704,Phòng 4 Người Tiện nghi (Comfort Quadruple Room),1540
68145704,Phòng Gia Đình (Family Room),1541
18764064,Phòng Tiêu Chuẩn Giường Lớn (Standard King Room),1542
18764064,Phòng Deluxe Giường Đôi/2 Giường Đơn Có Ban Công (Deluxe Double or Twin Room with Balcony),1543
18764064,Phòng Deluxe 3 người (Deluxe Triple Room),1544
18764064,Phòng Deluxe Có 2 Giường Cỡ Queen (Deluxe Queen Room with Two Queen Beds),1545
64005153,Phòng Tiêu Chuẩn (Standard Room),1546
64005153,Phòng Đơn Luxury - Hút thuốc (Luxury Single Room - Smoking),1547
64005153,Phòng Đôi (Double),1548
64005153,Phòng Đơn (Single Room),1549
50110519,Phòng Tiêu Chuẩn (Standard Room),1550
50110519,Superior hướng thành phố (Superior City View),1551
50110519,Deluxe 2 giường Có ban công (Deluxe Twin Balcony),1552
50110519,Deluxe có ban công (Deluxe Balcony),1553
50110519,Phòng Suite Có Ban Công (Suite Balcony),1554
50110519,Phòng Executive Suite Hướng phố (Executive Suite City View),1555
35052598,Phòng Đơn Lớn (Large Single Room),1556
35052598,Phòng cơ bản 3 người (Basic Triple),1557
35052598,Phòng Đôi (Double Room),1558
35052598,Phòng Đôi (Double Room),1559
1809347,Deluxe Room - No View,1560
1809347,Phòng Loại Sang (Deluxe),1561
1809347,Phòng Tiêu Chuẩn (Standard),1562
1809347,Phòng Executive (Executive),1563
1809347,VIP,1564
1809347,Phòng Gia Đình – 2 Giường Đôi (Family - Double and Double),1565
1809347,Phòng Gia Đình – 2 Giường Đôi (Family - Double and Double),1566
10729253,Phòng Đôi (Double Room),1567
10729253,Phòng Superior 4 Người (Superior Quadruple Room),1568
10729253,Phòng Có 2 Giường Cỡ King (King Room with Two King Beds),1569
10729253,Phòng Gia Đình (Family Room),1570
517296,Phòng Loại Sang (Deluxe Room),1571
517296,Phòng Deluxe 2 giường (Twin Deluxe),1572
517296,Phòng Superior (Superior Room),1573
517296,Phòng Deluxe 3 người (Deluxe Triple Room),1574
517296,Suite,1575
517296,Phòng Tiêu Chuẩn (Standard Room),1576
517296,Phòng Tiêu Chuẩn (Standard Room),1577
517296,Phòng Tiêu Chuẩn (Standard Room),1578
63810199,khách sạn (Hotel),1579
63810199,Phòng Deluxe (2 Người lớn + 1 Trẻ em) (Deluxe Room (2 Adults + 1 Child)),1580
63810199,Phòng Đôi (Double Room),1581
63810199,Phòng Gia Đình (Family Room),1582
924063,Phòng Đôi Tiêu Chuẩn (Standard Double Room),1583
924063,Superior 2 giường (Superior Twin),1584
924063,Junior gia đình (Junior Family),1585
924063,Phòng Gia Đình Loại Sang (Deluxe Family),1586
924063,Phòng Gia Đình Loại Sang (Deluxe Family),1587
17556303,Phòng 4 giường đơn (2 Twin Bed Room),1588
17556303,Phòng 1 Giường Lớn (1 King Bed Room),1589
17556303,1 KING ACCESSIBLE ROOM (1 King Accessible Room),1590
17556303,1 King Guest room with Sofa bed,1591
48023085,Suite,1592
48023085,Suite Deluxe (Deluxe Suite),1593
48023085,Suite cao cấp (Premium Suite),1594
4124059,Phòng Superior (Superior Room),1595
4124059,Superior giường đôi Hướng phố (Superior Double City View),1596
4124059,Phòng Hai Giường Đơn Loại Sang (Deluxe Twin Room),1597
4124059,Phòng Deluxe giường đôi - Ưu đãi đặc biệt (Deluxe Double Room - Special Offer),1598
4124059,Phòng Suite giường đôi (Suite Double Room),1599
4124059,Phòng Suite giường đôi (Suite Double Room),1600
61642718,2 Giường Đơn Tiêu Chuẩn (2 Single Beds Standard),1601
61642718,Phòng Cao Cấp Giường Đôi - Không Có Cảnh (Superior Double - No View),1602
61642718,"2 Giường Đơn, Hướng Thành Phố (2 Twin, City View)",1603
61642718,Deluxe Double - city view (Deluxe Double - City View),1604
61642718,Phòng Tiêu Chuẩn 2 Giường Đơn (Standard Twin Room),1605
61642718,Tiêu chuẩn - 1 giường đôi (Standard - 1 Double Bed),1606
61642718,Phòng 2 giường đơn có ban công (Twin Room with Balcony),1607
61642718,Phòng Tiêu Chuẩn (Standard),1608
61642718,Suite Double Bed,1609
61642718,Family Deluxe with Balcony,1610
61642718,Suite Gia Đình Có Ban Công (Family Suite with Balcony),1611
61642718,Phòng Deluxe Giường Đôi Có Bồn Tắm (Deluxe Double Room with Bath),1612
61642718,Phòng Deluxe Giường Đôi Có Bồn Tắm (Deluxe Double Room with Bath),1613
734886,Phòng Deluxe 2 Giường đơn (Deluxe Twin),1614
734886,Deluxe giường đôi (Deluxe Double),1615
734886,Executive Suite,1616
3001017,Superior hướng thành phố (Superior City View),1617
3001017,Deluxe 2 giường Hướng phố (Deluxe Twin City View),1618
3001017,Phòng Deluxe giường đôi - Ưu đãi đặc biệt (Deluxe Double Room - Special Offer),1619
3001017,Phòng Premier Deluxe (Premier Deluxe Room),1620
3001017,Phòng Premier Deluxe (Premier Deluxe Room),1621
3001017,Phòng Premier Deluxe (Premier Deluxe Room),1622
68696969,Căn hộ Studio (Studio Apartment),1623
68696969,Phòng Deluxe có 1 Phòng ngủ (1 Bedroom Deluxe),1624
22039369,Superior giường đôi hoặc 2 giường (Superior Double or Twin),1625
22039369,Phòng Đôi hoặc Hai Giường Đơn Loại Sang (Deluxe Double or Twin Room),1626
22039369,Phòng Đôi hoặc Hai Giường Đơn Loại Sang (Deluxe Double or Twin Room),1627
28196964,Phòng Loại Sang (Deluxe Room),1628
28196964,Phòng Executive (Executive Room),1629
28196964,Suite Executive (Executive Suite),1630
28196964,Suite Suite Double Room,1631
28196964,Phòng Đôi hoặc 2 giường đơn Lớn (Large Double or Twin Room),1632
28196964,Phòng Đôi hoặc 2 giường đơn Lớn (Large Double or Twin Room),1633
28196964,Phòng Đôi hoặc 2 giường đơn Lớn (Large Double or Twin Room),1634
49381642,Phòng Đôi (Double Room),1635
49381642,Phòng Standard giường đôi (Standard Double Room),1636
49381642,Phòng Cao Cấp Cho Hai Người (Superior Double Room),1637
49381642,Phòng Loại Sang Giường Đôi (Deluxe Double Room),1638
56208600,Phòng Đôi (Double Room),1639
56208600,Phòng 2 Giường Đôi (Double Room with Two Double Beds),1640
66760264,Nhà riêng (home),1641
52338669,Căn hộ (Apartment),1642
76969955,Phòng Đôi (Double Room),1643
76969955,Phòng Đơn (Single Room),1644
62265740,Căn hộ (Apartment),1645
59602456,Phòng Hai Giường Đơn (Twin Room),1646
59602456,Phòng Đôi (Double Room),1647
59602456,Phòng Loại Sang Giường Đôi (Deluxe Double Room),1648
59602456,Phòng Hai Giường Đơn (Twin Room),1649
55641220,Superior 3 người (Superior Triple),1650
55641220,Phòng Superior (Superior),1651
55641220,Deluxe giường đôi hoặc 2 giường (Deluxe Double or Twin),1652
55641220,Phòng 2 Giường Đơn Có Bồn Tắm (Twin Room with Bath),1653
55641220,Phòng Bốn Người Có Phòng Tắm Riêng (Quadruple Room with Private Bathroom),1654
55641220,Phòng Superior Gia Đình (Superior Family Room),1655
55641220,Suite Gia Đình Deluxe (Deluxe Family Suite),1656
18089960,Phòng Tiêu Chuẩn Giường Lớn (Standard King Room),1657
18089960,Phòng Có 2 Giường Cỡ King (King Room with Two King Beds),1658
18089960,Phòng 4 người Nhìn ra cảnh Núi non (Quadruple Room with Mountain View),1659
50214818,Phòng Đôi (Double Room),1660
50214818,Phòng Giường Đôi Lớn (Large Double Room),1661
50214818,Phòng 3 Người Có Phòng Tắm Riêng (Triple Room with Private Bathroom),1662
75483969,Phòng Giường Đôi Có Phòng Tắm Riêng (Double Room with Private Bathroom),1663
75483969,Phòng Ba Người Tiêu Chuẩn (Standard Triple Room),1664
75483969,Phòng gia đình với phòng tắm riêng. (Family Room with Private Bathroom),1665
61045116,Phòng 4 người (Quadruple Room),1666
61045116,Phòng Gia Đình (Family Room),1667
58339329,Phòng Đôi (Double Room),1668
58339329,Phòng Gia Đình (Family Room),1669
58339329,Giường Tầng Trong Phòng Ngủ Tập Thể Cho Nam Và Nữ (Bunk Bed in Mixed Dormitory Room),1670
58339329,Giường Tầng Trong Phòng Ngủ Tập Thể Cho Nam Và Nữ (Bunk Bed in Mixed Dormitory Room),1671
46771261,Phòng Đôi (Double Room),1672
46771261,Phòng 4 Người Có Phòng Tắm Riêng Bên Ngoài (Quadruple Room with Private External Bathroom),1673
46771261,Phòng gia đình với phòng tắm riêng. (Family Room with Private Bathroom),1674
46771261,Phòng gia đình với phòng tắm riêng. (Family Room with Private Bathroom),1675
46771261,Phòng Ngủ Tập Thể Cho Cả Nam Và Nữ (Mixed Dormitory Room),1676
46633886,Phòng Tiêu Chuẩn Giường Lớn (Standard King Room),1677
46633886,Phòng Tập Thể Nam 8 Giường (8-Bed Male Dormitory Room),1678
46633886,Phòng Đôi (Double Room),1679
46633886,Phòng Đôi (Double Room),1680
46633886,Căn hộ (Apartment),1681
46633886,Giường Trong Phòng Ngủ Tập Thể 10 Giường Cho Cả Nam Lẫn Nữ (Bed in 10-Bed Mixed Dormitory Room),1682
47572929,Phòng Giường Đôi Nhìn Ra Hồ Nước (Double Room with Lake View),1683
47572929,Phòng Loại Sang (Deluxe Room),1684
47572929,Phòng Giường Đôi Nhìn Ra Núi (Double Room with Mountain View),1685
47572929,Phòng Giường Đôi Lớn (Large Double Room),1686
47572929,Phòng Có Giường Cỡ Queen Với Ban Công (Queen Room with Balcony),1687
47572929,Phòng Giường Đôi/2 Giường Đơn Với Ban Công (Double or Twin Room with Balcony),1688
47572929,Phòng Deluxe (2 Người lớn + 1 Trẻ em) (Deluxe Room (2 Adults + 1 Child)),1689
47572929,Phòng Tiêu Chuẩn Giường Đôi Lớn (Standard Queen Room),1690
33221684,Phòng Tiêu Chuẩn Giường Đôi Với Phòng Tắm Chung (Standard Double Room with Shared Bathroom),1691
33221684,Phòng 2 Giường Đơn Có Cảnh Quan (Twin Room with View),1692
33221684,Phòng Giường Đôi Có Phòng Tắm Riêng (Double Room with Private Bathroom),1693
33221684,Phòng Hạng Tiết kiệm Cho 4 Người (Economy Quadruple Room),1694
33221684,Phòng gia đình với phòng tắm riêng. (Family Room with Private Bathroom),1695
33221684,Phòng Superior Đơn Nhìn Ra Hồ (Superior Single Room with Lake View),1696
16895447,Phòng Business 1 Giường Đôi với Quyền sử dụng Phòng tập thể dục. (Business Double Room with Gym Access),1697
16895447,Phòng Đôi (Double Room),1698
16895447,Phòng Gia Đình (Family Room),1699
2568991,Phòng Ba Người Tiêu Chuẩn (Standard Triple Room),1700
2568991,Phòng Đôi (Double Room),1701
2568991,Phòng Gia Đình (Family Room),1702
2568991,Phòng Đơn Hạng Bình Dân (Budget Single Room),1703
28139087,Phòng Giường Đôi Nhìn Ra Hồ Nước (Double Room with Lake View),1704
833978,Phòng 3 Người Có Phòng Tắm Riêng (Triple Room with Private Bathroom),1705
15371877,Phòng Tiêu Chuẩn Giường Đôi (Standard Double Room),1706
15371877,Phòng Gia Đình (Family Room),1707
2418983,Phòng Giường Đôi Nhìn Ra Hồ Nước (Double Room with Lake View),1708
2418983,Phòng Giường Đôi Có Ban Công (Double Room with Balcony),1709
2418983,Phòng Bốn Người Có Phòng Tắm Riêng (Quadruple Room with Private Bathroom),1710
2418983,Phòng 4 Người Có Ban Công (Quadruple Room with Balcony),1711
13876131,Phòng Business 1 Giường Đôi với Quyền sử dụng Phòng tập thể dục. (Business Double Room with Gym Access),1712
13876131,Phòng Có Giường Cỡ King Nhìn Ra Vườn (King Room with Garden View),1713
13876131,Phòng Deluxe (2 Người lớn + 1 Trẻ em) (Deluxe Room (2 Adults + 1 Child)),1714
13876131,Phòng Giường Đôi Nhìn Ra Hồ Nước (Double Room with Lake View),1715
13876131,Phòng Giường Đôi Có Phòng Tắm Riêng (Double Room with Private Bathroom),1716
13876131,Phòng gia đình với phòng tắm riêng. (Family Room with Private Bathroom),1717
13876131,Phòng Superior Đơn Nhìn Ra Hồ (Superior Single Room with Lake View),1718
13876131,Phòng Giường Đôi Lớn Loại Sang (Deluxe Queen Room),1719
6772559,Phòng Business 1 Giường Đôi với Quyền sử dụng Phòng tập thể dục. (Business Double Room with Gym Access),1720
6772559,Phòng 4 Người Có Phòng Tắm (Quadruple Room with Bathroom),1721
6772559,Phòng Ngủ Tập Thể Cho Cả Nam Và Nữ (Mixed Dormitory Room),1722
27915093,Phòng Business 1 Giường Đôi với Quyền sử dụng Phòng tập thể dục. (Business Double Room with Gym Access),1723
27915093,Phòng Deluxe Có Giường Cỡ King (Deluxe King Room),1724
27915093,Phòng Deluxe Giường Đôi Có Ban Công (Deluxe Double Room with Balcony),1725
27915093,Phòng Giường Đôi Nhìn Ra Hồ Nước (Double Room with Lake View),1726
27915093,Phòng Giường Đôi Có Phòng Tắm Riêng (Double Room with Private Bathroom),1727
27915093,Phòng Bốn Người Có Phòng Tắm Riêng (Quadruple Room with Private Bathroom),1728
27915093,Phòng gia đình với phòng tắm riêng. (Family Room with Private Bathroom),1729
27915093,Phòng gia đình với phòng tắm riêng. (Family Room with Private Bathroom),1730
27915093,Phòng Đơn Cao Cấp (Superior Single Room),1731
27915093,Phòng Đơn Có Phòng Tắm Riêng (Single Room with Private Bathroom),1732
18096613,Phòng Tiêu Chuẩn Giường Đôi (Standard Double Room),1733
55597116,Phòng Đôi (Double Room),1734
55597116,Phòng Đôi (Double Room),1735
55597116,Phòng Đôi (Double Room),1736
45032826,Phòng cơ bản (Basic),1737
45032826,Phòng Gia Đình (Family Room),1738
78746245,Phòng Đôi (Double Room),1739
35745148,Nhà riêng (home ),1740
59281451,Phòng Đôi (Double Room),1741
61731042,Phòng Giường Đôi Có Ban Công (Double Room with Balcony),1742
61731042,Phòng Bốn Người Có Phòng Tắm Riêng (Quadruple Room with Private Bathroom),1743
18065463,Phòng Giường Đôi Lớn (Large Double Room),1744
18065463,Phòng Tiêu Chuẩn 4 Người (Standard Quadruple Room),1745
18065463,Phòng 4 Người Có Ban Công (Quadruple Room with Balcony),1746
18924891,Nhà riêng (home ),1747
55481964,Nhà riêng (home ),1748
70216506,Phòng Đôi (Double Room),1749
70216506,Phòng Gia Đình (Family Room),1750
68603080,Phòng Deluxe 2 giường có cửa sổ (Deluxe Twin Room With Window),1751
68603080,Deluxe giường đôi hoặc 2 giường có ban công (Deluxe Double or Twin Room with Balcony),1752
68603080,Phòng Junior Suite giường đôi hoặc 2 giường đơn (Junior Suite Double or Twin Bed),1753
68603080,Suite Double with Terrace,1754
68603080,Phòng Executive (Executive Room),1755
3064861,Deluxe 2 giường (Deluxe Twin),1756
3064861,Deluxe giường King (Deluxe King),1757
3064861,Deluxe 3 người (Deluxe Triple),1758
3064861,Executive Suite,1759
62101559,Phòng Đôi (Double Room),1760
62101559,Deluxe giường đôi hoặc 2 giường (Deluxe Double or Twin),1761
11148891,Deluxe 2 giường (Deluxe Twin),1762
60155526,Phòng Special giường đôi (Special Double Room),1763
60155526,Phòng đặc biệt 2 giường (Special Twin Room),1764
60155526,Tiêu chuẩn giường đôi (Double Standard Room),1765
60155526,Twin Standard,1766
60155526,Phòng Deluxe 2 giường (Twin Deluxe),1767
60155526,Phòng Đôi Loại Sang (Double Deluxe),1768
61758656,"Phòng Cao Cấp có Giường Lớn (Superior Guest Room, Guest room, 1 King)",1769
61758656,Phòng Cao Cấp có Hai Giường Đơn (2 Bed Twin Superior Room),1770
61758656,Phòng Senior (Senior Room),1771
61758656,Suite Thương Mại Giường Đôi (Commercial Suite Double Room),1772
1723741,Phòng Executive (Executive),1773
1723741,Suite,1774
1723741,Suite Hạng Tổng Thống (Presidential Suite),1775
64625935,theme queen bed room (Theme Queen Bed Room),1776
64625935,theme queen bed room (Theme Queen Bed Room),1777
64625935,Deluxe Chinese Style Single Room,1778
64625935,Phòng Hai Giường Đơn Loại Sang (Deluxe Twin Room),1779
78619109,Phòng Tiêu Chuẩn (Standard Room),1780
78619109,Phòng Gia Đình (Family Room),1781
78619109,Deluxe giường đôi hoặc 2 giường (Deluxe Double or Twin),1782
78619109,Phòng Loại Sang (Deluxe),1783
56361682,Phòng Tiêu Chuẩn Giường Đôi (Standard Double Room),1784
56361682,Phòng 4 Người (Quadruple Room),1785
1161192,2 Single Beds,1786
1161192,Phòng Loại Sang (Deluxe),1787
5859562,PHÒNG EXECUTIVE KHÔNG THUỐC THUỐC (EXECUTIVE ROOM NON SMOKING),1788
5859562,Phòng Executive giường đôi (Executive Double Room),1789
5859562,Executive 1 người (Executive Single),1790
5859562,Executive Two-Bedroom,1791
5859562,Căn hộ Executive 2 Phòng ngủ (Executive 2-Bedroom Apartment),1792
5859562,Suite giường đôi (Suite Double),1793
5859562,Suite 2 Phòng Ngủ (Suite 2-Bedroom),1794
5859562,Phòng Đơn Suite - Cấm Hút Thuốc (Suite Single Room - Non Smoking),1795
40287196,Phòng Đôi (Double Room),1796
36916702,Suite Deluxe (Deluxe Suite),1797
58309764,Phòng Giường Đôi Nhìn Ra Hồ Bơi (Double Room with Pool View),1798
58309764,Căn hộ (Apartment),1799
58309764,Căn Hộ 2 Phòng Ngủ (Two-Bedroom Apartment),1800
46275620,Suite Gia Đình (Family Suite),1801
78887940,Phòng Tiêu Chuẩn (Standard Room),1802
78887940,Phòng Superior 1 Phòng Ngủ (1 Bedroom Superior),1803
78887940,Deluxe giường đôi hoặc 2 giường (Deluxe Double or Twin),1804
78887940,Phòng Deluxe Giường Đôi Có Ban Công (Deluxe Double Room with Balcony),1805
78887940,Phòng Đơn Cao Cấp (Superior Single Room),1806
78887940,Phòng Đơn Hạng Bình Dân (Budget Single Room),1807
78887940,Phòng Đơn Có Phòng Tắm Riêng (Single Room With Private Bathroom),1808
32208137,Phòng Superior 2 giường đơn Hướng vườn (Superior Twin Garden View),1809
32208137,Phòng Đôi Cao Cấp (Superior Double Room),1810
32208137,Phòng Superior giường đôi Hướng vườn (Superior Double Garden View),1811
32208137,Phòng Giường Đôi Nhìn Ra Vườn (Double Room with Garden View),1812
32208137,Bungalow 2 Giường Đơn (Bungalow Twin),1813
32208137,Bungalow Twin Garden View,1814
32208137,Bungalow Hướng Vườn Giường Lớn (Bungalow King Garden View),1815
32208137,Bungalow Nhìn ra vườn (Bungalow with Garden View),1816
32208137,Phòng Giường Lớn Loại Sang Sang Trọng (Luxury Deluxe King Room),1817
32208137,Suite Sang Trọng Có Bồn Tắm (Luxury Suite with Bathtub),1818
32208137,Biệt Thự 2 Phòng Ngủ (Villa 2 Bedroom),1819
32208137,Villa 3 phòng ngủ (3-Bedroom Villa),1820
32208137,Biệt Thự 2 Phòng Ngủ (Two-Bedroom Villa),1821
11117919,Phòng Loại Sang (Deluxe Room),1822
60691145,Phòng Đôi (Double Room),1823
60691145,Phòng Comfy Có Giường Cỡ Queen (Comfy Queen Room),1824
60691145,Phòng Tiêu Chuẩn (Standard Room),1825
60691145,Phòng Giường Đôi Lớn Loại Sang (Deluxe Queen Room),1826
44876113,Phòng Superior Giường Đôi (Superior Double Room without Balcony),1827
44876113,Phòng Gia đình Có ban công (Balcony Family),1828
32696227,Phòng Đôi Tiêu Chuẩn (Standard Double Room),1829
65748384,Phòng Đôi (Double Room),1830
65748384,Deluxe hướng thành phố (Deluxe City View),1831
65748384,Deluxe giường đôi hoặc 2 giường (Deluxe Double or Twin),1832
26837340,Phòng Loại Sang (Deluxe Room),1833
26837340,Phòng Hai Giường Đơn (Twin Room),1834
76953185,Phòng Tiêu Chuẩn (Standard Room),1835
76953185,Phòng Đôi (Double Room),1836
59322707,Phòng Đơn Thương Gia (Business Single Room),1837
59322707,Phòng Đơn Thương Gia (Business Single Room),1838
55332596,"Standard Double Room Single Use, City View",1839
60692623,Phòng Đôi (Double Room),1840
60692623,Phòng 4 người (Quadruple Room),1841
1061899,Phòng Suite giường đôi (Suite Double Room),1842
1061899,Suite Giường Đôi Có Sân Hiên (Terrace Suite Double Room),1843
55620447,Deluxe City View Single Room (Deluxe City View single Room),1844
55620447,Deluxe City View Single Room (Deluxe City View single Room),1845
73567791,Phòng Tiêu Chuẩn Giường Đôi (Standard Double Room),1846
73567791,Phòng Hai Giường Đơn (Twin Room),1847
73567791,Phòng Đôi Loại Sang (Deluxe Double Room),1848
73567791,Suite Có Giường Cỡ King (King Suite),1849
73567791,Phòng Superior Có Giường Cỡ King (Superior King Room),1850
73567791,Căn Hộ 3 Phòng Ngủ (Three-Bedroom Apartment),1851
67816537,Phòng Tiêu Chuẩn Giường Lớn (Standard King Room),1852
43052904,Phòng Executive 2 giường đơn (Executive Twin Room),1853
9827697,Deluxe giường đôi (Deluxe Double),1854
68598879,Căn hộ (Apartment),1855
51057656,Phòng Loại Sang (Deluxe Room),1856
51057656,Phòng Superior Có Giường Cỡ King (Superior King Room),1857
51057656,"Phòng Hai Giường Đơn – Nhận Phòng Sau 11:00 Tối, Trả Phòng Tới 12:00 Trưa, Hút Thuốc (Twin Room - Check-in After 11:00 PM, Check-out Until 12:00 PM, Smoking)",1858
78981530,Phòng Đôi (Double Room),1859
78981530,Phòng Giường Đôi với Nhà vệ sinh Chung (Double Room with Shared Toilet),1860
78981530,Phòng Đơn Với Phòng Tắm Vòi Sen Và Toilet Chung (Single Room with Shared Shower and Toilet),1861
52336343,Phòng Deluxe 2 Giường Đơn Nhìn Ra Công Viên (Deluxe Twin Room Park View),1862
52336343,Căn hộ Deluxe cho 2 người lớn có bếp nhỏ (Deluxe Apartment for 2 Adults with Kitchenette),1863
35958422,Suite Senior (Senior Suite Room),1864
73191601,Bungalow (Stone Cottage),1865
73191601,Superior - 1 Giường King (Superior - 1 King Bed),1866
73191601,Bungalow Cao cấp (Superior Bungalow),1867
74558153,Phòng 2 Giường (Guest Twin Room),1868
74558153,Phòng Đơn Loại Sang (Deluxe Single Room),1869
44467732,Phòng Thương gia giường đôi (Business Double Room),1870
44467732,Phòng Deluxe view vườn hai giường đơn (Deluxe Garden View Twin),1871
30868802,Phòng Đôi (Double Room),1872
75223316,Phòng Studio Tiêu chuẩn (Standard Studio),1873
75223316,Studio Thương gia (Business Studio),1874
75223316,HAI GIƯỜNG ĐƠN (Twin),1875
75223316,Superior giường Queen (Superior Queen),1876
76059174,Căn Hộ 1 Phòng Ngủ (One-Bedroom Apartment),1877
61769258,Phòng Tiêu Chuẩn Giường Đôi Lớn (Standard Queen Room),1878
61769258,Phòng Tiêu Chuẩn Giường Đôi Lớn (Standard Queen Room),1879
61769258,Phòng Comfy Có Giường Cỡ Queen (Comfy Queen Room),1880
46120819,Căn hộ (Apartment),1881
34123276,Superior Double Room（Korea Street）,1882
34123276,Deluxe Double Room（Korea Street）,1883
34123276,Superior King Room（Korea Street）,1884
61769252,Deluxe 1-bed Room,1885
61769252,Deluxe 1-bed Room,1886
61769252,Phòng Giường Đôi Lớn Loại Sang (Deluxe Queen Room),1887
61769252,Superior 2-bed Room,1888
2809082,Phòng Đôi (Double Room),1889
49501408,Standard Room ?No Window? (Standard Room ?no Window?),1890
49501408,Standard Room ?No Window? (Standard Room ?no Window?),1891
49501408,Standard Room ?No Window? (Standard Room ?no Window?),1892
49501408,Standard Room ?No Window? (Standard Room ?no Window?),1893
74721718,Phòng Superior giường đôi lớn (Superior Queen Room),1894
74721718,Phòng Superior 2 giường đơn (Superior Twin Room),1895
39806866,Căn hộ (Apartment),1896
78322677,Căn hộ (Apartment),1897
75890127,Phòng Đôi (Double Room),1898
48644345,Căn hộ (Apartment),1899
46045254,Căn hộ (Apartment),1900
46570254,Căn Hộ 1 Phòng Ngủ (One-Bedroom Apartment),1901
46570254,Căn hộ (Apartment),1902
46570254,Căn Hộ 2 Phòng Ngủ (Two-Bedroom Apartment),1903
16157788,Phòng Hai Giường Đơn Cao Cấp Ấm Cúng (Cozy Superior Twin Room),1904
16157788,Phòng Superior Cozy Giường Đôi (Cozy Superior Double Room),1905
16157788,Phòng Signature Deluxe 2 giường đơn Hướng phố (Signature Deluxe Twin City View),1906
16157788,Phòng Đặc trưng Deluxe giường King (Signature Deluxe King Room),1907
16157788,Phòng Premier Club (Premier Club),1908
16157788,Suite Hoàn Hảo (Prime Suite),1909
963857,Superior hướng thành phố 2 giường (Superior City View Twin),1910
963857,Deluxe 2 giường Hướng sông (Deluxe Twin River View),1911
963857,Suite 2 giường đơn Hướng phố (City View Twin Suite),1912
963857,Suite Hướng Sông 2 Giường Đơn (River View Twin Suite),1913
963857,Phòng Executive Suite Hướng phố (Executive Suite City View),1914
963857,Suite Đôi Hướng Sông (River View Double Suite),1915
963857,Suite Lớn Hướng Sông (Executive Suite River View),1916
963857,Deluxe gia đình (Family Deluxe),1917
963857,Bungalow Gia đình ven sông (Riverside Family Bungalow),1918
334357,Phòng Đôi Cao Cấp cho 2 Người (Superior Double Room for 2 People),1919
334357,Superior 2 giường (Superior Twin),1920
334357,Phòng Giường Đôi Lớn (Large Double Room),1921
69127490,Phòng Hai Giường Đơn (Twin Room),1922
69127490,Phòng Superior 2 Giường Đơn Nhìn Ra Vườn (Superior Twin Room with Garden View),1923
69127490,Phòng Deluxe Giường Đôi/2 Giường Đơn Nhìn Ra Sông (Deluxe Double or Twin Room with River View),1924
69127490,Phòng Ba Người Tiêu Chuẩn (Standard Triple Room),1925
69127490,Phòng 2 Giường Đơn - Phù Hợp Cho Người Đi Lại Khó Khăn (Twin Room - Disability Access),1926
65964602,Phòng Có Giường Cỡ King (King Room),1927
65964602,Phòng Giường Đôi/2 Giường Đơn Có Sân Hiên (Double or Twin Room with Terrace),1928
65964602,Phòng cho 3 người có Ban Công (Triple Room with Balcony),1929
65964602,Phòng 4 Người Có Ban Công (Quadruple Room with Balcony),1930
65964602,Phòng Gia Đình Có Ban Công (Family Room with Balcony),1931
34159205,Phòng Đôi Phổ Thông (Economy Double Room),1932
34159205,Phòng Đôi (Double Room),1933
38685736,Phòng Deluxe (2 Người lớn + 1 Trẻ em) (Deluxe Room (2 Adults + 1 Child)),1934
38685736,Phòng 2 giường đôi (Double Twin Room),1935
63942689,Phòng Đôi (Double Room),1936
63942689,Phòng Hai Giường Đơn (Twin Room),1937
63942689,Phòng Ba Người (Triple Room),1938
63942689,Phòng 4 Người (Quadruple Room),1939
63942689,Phòng Đơn (Single Room),1940
36105583,Giường trong phòng ngủ tập thể dành cho nam (Bed in Male Dormitory Room),1941
36105583,Lều (Tent),1942
36105583,Giường trong phòng ngủ tập thể dành cho nam (Bed in Male Dormitory Room),1943
36105583,Giường trong Phòng ngủ tập thể Nữ 4 Người (Bed in 4-Bed Female Dormitory Room),1944
36105583,Lều (Tent),1945
28933149,Phòng giường đôi lớn (Large Double Room),1946
28933149,Phòng Bốn Người Có Bồn Tắm (Quadruple Room with Bath),1947
27938350,Phòng 4 Người (Quadruple Room),1948
27938350,Phòng Tiêu chuẩn 3 người (Standard Triple Room),1949
27938350,Phòng Có Giường Cỡ Queen (Queen Room),1950
27938350,Phòng Có Giường Cỡ King (King Room),1951
27938350,Phòng Đôi (Double Room),1952
27938350,Phòng Tiêu Chuẩn 2 giường Queen (Standard Queen Room with Two Queen Beds),1953
27938350,Phòng Tiêu Chuẩn 4 Người (Standard Quadruple Room),1954
27938350,Phòng 4 Người Nhìn ra Hồ nước (Quadruple Room with Lake View),1955
27938350,Phòng Gia đình Nhìn ra Vườn (Family Room with Garden View),1956
6261524,Dãy phòng Superior giường đôi (Superior Double Rooms),1957
75796646,Phòng Đôi (Double Room),1958
75796646,Phòng 4 người (Quadruple Room),1959
63405873,Bungalow giường đôi (Double Bungalow),1960
63405873,Superior Bungalow,1961
63405873,Bungalow 1 Phòng Ngủ (One-Bedroom Bungalow),1962
63405873,Phòng Với Sân Hiên Nhìn Ra Vườn (Garden View Terrace Room),1963
63405873,Chalet 1 Phòng Ngủ (One-Bedroom Chalet),1964
63405873,Bungalow 3 người (Triple Bungalow),1965
1082971,Phòng Đôi (Double Room),1966
1082971,Phòng Cơ Bản 3 Người (Basic Triple Room),1967
1082971,Phòng Giường Đôi Có Phòng Tắm Riêng (Double Room with Private Bathroom),1968
1082971,Phòng Giường Đôi Nhìn Ra Vườn (Double Room with Garden View),1969
1082971,Phòng Giường Đôi Nhìn Ra Hồ Nước (Double Room with Lake View),1970
1082971,Phòng Đơn (Single Room),1971
37839856,Phòng Tiết Kiệm giường đôi (Double Economy),1972
37839856,Phòng Tiêu Chuẩn (Standard Room),1973
37839856,Phòng Superior có Giường Cỡ Queen (Superior Queen ),1974
37839856,Tiêu Chuẩn - 1 Giường Đôi Lớn Có Ban Công (Standard - 1 Queen Bed with Balcony),1975
37839856,Phòng Đơn Loại Sang (Deluxe Single Room),1976
60714832,Phòng Deluxe Giường Đôi/2 Giường Đơn Nhìn Ra Vườn (Deluxe Double or Twin Room with Garden View),1977
60714832,Phòng Có Giường Cỡ Queen (Queen Room),1978
60714832,Phòng Có Giường Cỡ King (King Room),1979
60714832,Phòng Có Giường Cỡ King Nhìn Ra Vườn (King Room with Garden View),1980
35133124,Phòng Đôi (Double Room),1981
35133124,Phòng 4 Người Có Phòng Tắm (Quadruple Room with Bathroom),1982
33166256,Phòng cho 3 người có Ban Công (Triple Room with Balcony),1983
35839167,Nhà trệt (Bungalow),1984
633686,Phòng Superior (Superior Room),1985
5835797,Phòng Đôi (Double Room),1986
5835797,Phòng có 2 giường đơn (2 Single Beds Room),1987
5835797,Phòng Gia đình 6 người (Family Room 6 People),1988
77689576,Phòng Tiêu Chuẩn (Standard Room),1989
77689576,VIP,1990
65964798,Phòng Giường Đôi Có Ban Công (Double Room with Balcony),1991
65964798,Phòng Giường Đôi/2 Giường Đơn Có Sân Hiên (Double or Twin Room with Terrace),1992
65964798,Phòng cho 3 người có Ban Công (Triple Room with Balcony),1993
65964798,Phòng 4 Người Có Ban Công (Quadruple Room with Balcony),1994
65964798,Phòng Gia Đình Có Ban Công (Family Room with Balcony),1995
76064362,Nhà 1 Phòng Ngủ (One-Bedroom House),1996
76064362,Nhà 1 Phòng Ngủ (One-Bedroom House),1997
47641755,Phòng Đôi Loại Sang (Deluxe Double Room),1998
18769772,Phòng Deluxe 3 người (Deluxe Triple Room),1999
18769772,Phòng Deluxe 4 Người (Deluxe Quadruple Room),2000
335367,Phòng Giường Đôi Nhìn Ra Vườn (Double Room with Garden View),2001
335367,Phòng Loại Sang (Deluxe),2002
335367,Phòng Tiêu Chuẩn Hướng Vườn Cho Gia Đình (Standard Family Garden View),2003
335367,Suite với 2 Giường Đôi (Suite with Two Double Beds),2004
37783939,Bungalow Nhìn ra vườn (Bungalow with Garden View),2005
37783939,Phòng Gia đình Nhìn ra Vườn (Family Room with Garden View),2006
37783939,Cottage Nhìn Ra Vườn (Cottage with Garden View),2007
37783939,Bungalow Nhìn ra vườn (Bungalow with Garden View),2008
37783939,Giường Tầng Trong Phòng Ngủ Tập Thể Cho Nam Và Nữ (Bunk Bed in Mixed Dormitory Room),2009
2600329,Phòng Tiêu Chuẩn Giường Đôi (Standard Double Room),2010
2600329,Phòng Đôi Cao Cấp (Superior Double Room),2011
2600329,Phòng Hạng Tiết kiệm Cho 4 Người (Economy Quadruple Room),2012
2600329,Suite Gia Đình Có Ban Công (Family Suite with Balcony),2013
32762860,Chòi Không Có Máy Điều Hòa (Hut without AC),2014
32762860,Phòng Đơn Tiêu chuẩn - Cấm hút thuốc (Standard Single Room - Non-Smoking),2015
32762860,Phòng Đôi Tiêu Chuẩn (Standard Double Room),2016
32762860,Phòng giường đơn (Single Room),2017
32762860,Phòng Đôi (Double Room),2018
47429707,Phòng Giường Đôi Nhìn Ra Hồ Bơi (Double Room with Pool View),2019
47429707,Deluxe Suite 2 giường - Không hút thuốc (Deluxe Twin Suite - Non-Smoking),2020
47429707,Phòng Có Giường Cỡ King (King Room),2021
64864033,Phòng Đôi (Double Room),2022
64864033,Phòng Deluxe Giường Đôi/2 Giường Đơn Có Ban Công (Deluxe Double or Twin Room with Balcony),2023
64864033,Phòng cho 3 người có Ban Công (Triple Room with Balcony),2024
64864033,Phòng 4 Người Có Ban Công (Quadruple Room with Balcony),2025
64864033,Phòng Gia Đình Có Ban Công (Family Room with Balcony),2026
63787871,Phòng Đôi (Double Room),2027
63787871,Phòng 2 Giường Đơn Có Cảnh Quan (Twin Room with View),2028
29379521,Phòng Giường Đôi Lớn (Large Double Room),2029
29379521,Phòng Deluxe có 1 Phòng ngủ (1 Bedroom Deluxe),2030
29379521,Phòng Deluxe Có 2 Giường Cỡ Queen (Deluxe Queen Room with Two Queen Beds),2031
29379521,Phòng Gia Đình Loại Sang (Deluxe Family Room),2032
29379521,Phòng Deluxe 2 Phòng Ngủ (2 Bedroom Deluxe),2033
29379521,Giường Đơn Trong Phòng Nghỉ Tập Thể Cho Cả Nam Và Nữ (Single Bed in Mixed Dormitory Room),2034
33778346,Phòng Tiêu Chuẩn (Standard Room),2035
41172326,Phòng Đôi (Double Room),2036
41172326,Phòng 4 Người (Quadruple Room),2037
41172326,Phòng Gia Đình (Family Room),2038
38027168,Phòng Giường Đôi Nhìn Ra Vườn (Royal Garden Deluxe),2039
38027168,Phòng Deluxe có bồn tắm (Deluxe Room with Bathtub),2040
38027168,Phòng Bốn Người có Cảnh (Quadruple Room with View),2041
11766835,Nhà trệt (Bungalow),2042
61764617,Phòng Đôi (Double Room),2043
61764617,Phòng Giường Đôi Nhìn Ra Vườn (Double Room with Garden View),2044
61764617,Phòng Ngủ Tập Thể 4 Giường Cho Cả Nam Và Nữ (4-Bed Mixed Dormitory Room),2045
59071207,Căn hộ (Apartment),2046
45592045,Căn hộ (Apartment),2047
10653806,Phòng Có Giường Cỡ King (King Room),2048
10653806,Phòng Có 2 Giường Cỡ Queen (Queen Room with Two Queen Beds),2049
10653806,Phòng gia đình với phòng tắm riêng. (Family Room with Private Bathroom),2050
10653806,Giường Đơn Trong Phòng Nghỉ Tập Thể Cho Cả Nam Và Nữ (Single Bed in Mixed Dormitory Room),2051
45414206,Phòng Đôi (Double Room),2052
59338785,Phòng Tiêu Chuẩn Giường Đôi Có Quạt Máy (Standard Double Room with Fan),2053
59338785,Phòng Giường Đôi Nhìn Ra Vườn (Double Room with Garden View),2054
59338785,Phòng Gia Đình Với Sân Hiên (Family Room with Terrace),2055
21765480,Phòng Deluxe (2 Người lớn + 1 Trẻ em) (Deluxe Room (2 Adults + 1 Child)),2056
32272169,Phòng Tiêu Chuẩn Giường Đôi Có Quạt Máy (Standard Double Room with Fan),2057
32272169,Phòng Tiêu Chuẩn Giường Đôi (Standard Double Room),2058
32272169,Phòng Ngủ Tập Thể 6 Giường Cho Cả Nam Và Nữ (6-Bed Mixed Dormitory Room),2059
32272169,Phòng Gia Đình Giường Đôi (Family Double Room),2060
32272169,Phòng Gia Đình Có Phòng Tắm (Family Room with Bathroom),2061
35036877,Phòng Giường Đôi Có Phòng Tắm Riêng (Double Room with Private Bathroom),2062
78059516,Phòng Đôi (Double Room),2063
78059516,Phòng Loại Sang (Deluxe Room),2064
78059516,Suite Có Giường Cỡ King (King Suite),2065
9887560,Phòng Đôi – Phòng Tắm Riêng (Double - Private Bathroom),2066
9887560,Nhà 2 Phòng Ngủ (Two-Bedroom House),2067
54463949,Phòng Deluxe Giường Đôi Có Bồn Tắm (Deluxe Double Room with Bath),2068
48927243,Phòng Tiêu Chuẩn (Standard Room),2069
48927243,Deluxe giường đôi hoặc 2 giường (Deluxe Double or Twin),2070
48927243,Phòng Gia Đình (Family Room),2071
74573406,Phòng Đôi (Double Room),2072
74573406,Phòng 4 người nhìn ra vườn (Quadruple Room with Garden View),2073
984522,Phòng Đôi (Double Room),2074
984522,Phòng Gia Đình (Family),2075
984522,Bungalow Gia Đình (Family Bungalow),2076
984522,Phòng Gia Đình Có Ban Công (Family Room with Balcony),2077
76968958,Phòng Đôi (Double Room),2078
76968958,Phòng 4 Người (Quadruple Room),2079
9352823,Phòng Đôi (Double Room),2080
9352823,Phòng Cổ Điển Cho 4 Người (Classic Quadruple Room),2081
47639768,Phòng Giường Đôi/2 Giường Đơn (Double or Twin Room),2082
58938208,Phòng Đôi (Double Room),2083
58938208,Phòng 4 người (Quadruple Room),2084
65964761,Phòng Có Giường Cỡ King Với Ban Công (King Room with Balcony),2085
65964761,Phòng cho 3 người có Ban Công (Triple Room with Balcony),2086
65964761,Phòng 4 Người Có Ban Công (Quadruple Room with Balcony),2087
65964761,Phòng Gia Đình Có Ban Công (Family Room with Balcony),2088
47639265,Phòng Giường Đôi/2 Giường Đơn Với Ban Công (Double or Twin Room with Balcony),2089
16386381,Phòng Đôi (Double Room),2090
16386381,Phòng 4 Người Tiện nghi (Comfort Quadruple Room),2091
16386381,Phòng Gia Đình (Family Room),2092
41278071,Nhà riêng (home ),2093
3628859,Bungalow Hướng vườn (Bungalow Garden View),2094
3628859,Phòng Giường Đôi Có Phòng Tắm Riêng (Double Room with Private Bathroom),2095
3628859,Phòng Hai Giường Đơn (Twin Room),2096
3628859,Phòng gia đình với phòng tắm riêng. (Family Room with Private Bathroom),2097
56325345,Phòng Giường Đôi/2 Giường Đơn Có Sân Hiên (Double or Twin Room with Terrace),2098
56325345,Phòng Đôi (Double Room),2099
56325345,Phòng Gia Đình Với Sân Hiên (Family Room with Terrace),2100
80120567,Phòng Giường Đôi Với Phòng Tắm Chung (Double Room with Shared Bathroom),2101
49391915,Căn hộ (Apartment),2102
41591662,Nhà riêng (home ),2103
41398170,Phòng Giường đôi Deluxe (2 Người lớn + 1 Trẻ em) (Deluxe Double Room (2 Adults + 1 Child)),2104
41398170,Phòng Đôi Loại Sang (Deluxe Double Room),2105
47378532,Nhà riêng (home ),2106
60720104,Experience the 'Four Seasons' room,2107
60720104,Unwind in the 'Nacre shell' room,2108
60720104,"Eagle room, private jacuzzi and garden view",2109
78053876,Phòng Giường Đôi Lớn (Large Double Room),2110
78053876,Phòng Đôi Loại Sang (Deluxe Double Room),2111
78053876,Suite Có Giường Cỡ King (King Suite),2112
47640650,Phòng Deluxe Giường Đôi/2 Giường Đơn (Deluxe Double or Twin Room),2113
79295948,Phòng 4 người nhìn ra vườn (Quadruple Room with Garden View),2114
79295948,Phòng 4 Người Có Ban Công (Quadruple Room with Balcony),2115
71714081,Phòng Đơn Cơ bản (Basic Single Room),2116
71714081,"Superior Suite, 1 Bedroom",2117
71714081,Phòng tập thể chung tiêu chuẩn (Standard Shared Dormitory),2118
71657551,Nhà riêng (home ),2119
32880163,Bungalow (Garden & Lake View) (1 Double Bed),2120
32880163,Bungalow (Garden & Lake View),2121
32880163,"FAMILY BUNGALOW,RIVER VIEW (family bungalow,river view)",2122
6430907,Phòng Đôi (Double Room),2123
6430907,Bungalow Nhìn ra vườn (Bungalow with Garden View),2124
6430907,Bungalow Gia Đình (Family Bungalow),2125
65393904,Căn Hộ 1 Phòng Ngủ (Homestay),2126
65964472,Phòng Đôi (Double Room),2127
33840125,Nhà riêng (home ),2128
36062395,Nhà riêng (home ),2129
35041669,Phòng Giường Đôi Có Phòng Tắm Riêng (Double Room with Private Bathroom),2130
47640845,Ngôi Nhà 5 Phòng Ngủ (Five-Bedroom House),2131
78326156,"Romantic Room, City View",2132
78326156,"Romantic Room, City View",2133
78326156,"Deluxe Room, Garden View (3rd Floor)",2134
78326156,Deluxe Quadruple Room (2nd Floor),2135
78326156,Family Double Room (1st Floor),2136
60738252,Ngôi Nhà 5 Phòng Ngủ (Five-Bedroom House),2137
6165699,Superior 1,2138
36709877,Phòng Club Loại Sang Hảo Hạng Giường Lớn (Premium Deluxe Club King Room),2139
36709877,Phòng Loại Sang Hảo Hạng 2 Giường Đơn Có Cửa Sổ (Premium Deluxe Twin with Window),2140
36709877,Executive Suite (Exec Suite),2141
36709877,Phòng Suite Royal (Royal Suite),2142
36709877,Suite Tổng thống (Presidential Suite),2143
55318906,Phòng Gia Đình (Family Room),2144
55318906,Phòng Đôi (Double Room),2145
55318906,Phòng ngủ Tập thể 8 Giường cho cả Nam và Nữ (8-Bed Mixed Dormitory Room),2146
63353065,Standard 2 double,2147
63353065,Standard triple,2148
13307933,Đôi (Doubles),2149
13307933,Phòng Hai Giường Đơn (TWIN),2150
13307933,Phòng Đôi (DOUBLE),2151
13307933,Phòng Ba Người (Triple Room),2152
13307933,Giường Lớn VIP (King VIP),2153
13307933,Phòng Tiêu Chuẩn (Standard),2154
13307933,Suite Gia Đình VIP (VIP Family Ste),2155
13307933,Phòng Deluxe Có 2 Giường Cỡ Queen (Deluxe Queen Room with Two Queen Beds),2156
38008580,Phòng Cao Cấp Cho Hai Người – Gồm Đỗ Xe Miễn Phí (Superior Double Room - Free Parking Included),2157
38008580,Phòng Giường Đôi Cho 2 Người Lớn (Double Room for 2 Adults),2158
38008580,Super Deluxe 2 giường (Super Deluxe Twin),2159
28340158,Phòng Giường Đôi với Nhà vệ sinh Chung (Double Room with Shared Toilet),2160
28340158,Phòng Có Giường Cỡ Queen Với Phòng Tắm Chung (Queen Room with Shared Bathroom),2161
28340158,Phòng Giường Đôi Với Phòng Tắm Chung (Double Room with Shared Bathroom),2162
28340158,Phòng Có Giường Cỡ King Với Ban Công (King Room with Balcony),2163
28340158,Phòng gia đình với phòng tắm riêng. (Family Room with Private Bathroom),2164
28340158,Bungalow Deluxe Nhìn Ra Khu Vườn (Deluxe Bungalow with Garden View),2165
28340158,Giường Trong Phòng Ngủ Tập Thể 10 Giường Cho Cả Nam Lẫn Nữ (Bed in 10-Bed Mixed Dormitory Room),2166
55016165,Phòng Tiêu Chuẩn Giường Lớn (Standard King Room),2167
55016165,Phòng Deluxe Giường Đôi Có Bồn Tắm (Deluxe Double Room with Bath),2168
62182350,Phòng Gia Đình Loại Sang (Deluxe Family Room),2169
53014927,Phòng Deluxe 2 Giường đơn (Deluxe Twin),2170
53014927,Deluxe giường King (Deluxe King),2171
53014927,Phòng Cao Cấp Giường Lớn (Premium King),2172
53014927,Phòng cao cấp 2 giường (Premium Twin),2173
40302602,Phòng Hai Giường Đơn Loại Sang (Deluxe Twin Room),2174
40302602,Phòng Đôi Loại Sang (Deluxe Double Room),2175
40302602,Bungalow,2176
60893047,Phòng Có Giường Cỡ Queen Với Ban Công (Queen Room with Balcony),2177
60893047,Phòng có 2 Giường đơn với Phòng tắm riêng bên ngoài (Twin Room with Private External Bathroom),2178
60893047,Phòng 2 Giường Đơn Nhìn Ra Núi (Twin Room with Mountain View),2179
38536692,Phòng Giường Đôi Có Phòng Tắm Riêng (Double Room with Private Bathroom),2180
38536692,Phòng Bốn Người Có Phòng Tắm Riêng (Quadruple Room with Private Bathroom),2181
38536692,Phòng 4 Người Có Ban Công (Quadruple Room with Balcony),2182
38536692,Phòng Gia Đình Có Ban Công (Family Room with Balcony),2183
35900679,Phòng Đôi (Double Room),2184
35900679,Phòng ngủ Tập thể 8 Giường cho cả Nam và Nữ (8-Bed Mixed Dormitory Room),2185
35900679,Phòng Ngủ Tập Thể Cho Cả Nam Và Nữ (Mixed Dormitory Room),2186
67632025,Giường Trong Phòng Tập Thể (Dorm Bed),2187
67632025,Phòng Đôi Loại Sang (Deluxe Double Room),2188
67632025,Phòng Delux giường đôi (Deluxe Room Double),2189
67632025,Phòng Deluxe Giường Đôi Có Ban Công (Deluxe Double Room with Balcony),2190
14651636,Phòng có Giường Đôi (1 double),2191
14651636,Hai Giường Đơn Oda (Twin Oda),2192
14651636,Phòng có 2 giường đôi (2 Double),2193
14651636,Phòng Gia đình 3 (Family 3),2194
66233983,Phòng giường đôi Có phòng tắm chung (Double Room with Share Bathroom),2195
66233983,Phòng Đôi Hướng Núi (Double Room with Mountain View),2196
66233983,Phòng cho 3 Người Nhìn ra Núi (Triple Room with Mountain View),2197
66233983,Giường Đơn Trong Phòng Nghỉ Tập Thể Cho Cả Nam Và Nữ (Single Bed in Mixed Dormitory Room),2198
31424634,Phòng Tiêu Chuẩn (Standard Room),2199
32266787,Phòng Tiêu Chuẩn (Standard),2200
32266787,Standard Quadruple Private Bathroom,2201
32266787,Phòng Tập Thể Tiêu Chuẩn 8 Giường (Standard 8 Bed Dormitory),2202
35232366,Phòng Bốn Người Có Phòng Tắm Riêng (Quadruple Room with Private Bathroom),2203
35232366,Phòng 4 Người có Sân hiên (Quadruple Room with Terrace),2204
46060673,Phòng Ngủ Tập Thể 6 Giường Cho Cả Nam Và Nữ (6-Bed Mixed Dormitory Room),2205
46060673,Phòng Giường Đôi Với Phòng Tắm Riêng Bên Ngoài (Double Room with Private External Bathroom),2206
46060673,Giường đôi - Hướng vườn (Double - Garden View),2207
46060673,Phòng Tiêu Chuẩn (Standard),2208
46060673,Phòng 4 người nhìn ra vườn (Quadruple Room with Garden View),2209
26054281,Phòng Đôi (Double Room),2210
26054281,Phòng Đôi Loại Sang (Deluxe Double Room),2211
26054281,Phòng Đôi Cao Cấp (Superior Double Room),2212
26054281,Phòng Ba Người (Triple Room),2213
26054281,Phòng 4 Người (Quadruple Room),2214
26054281,Phòng Gia Đình Giường Đôi (Family Double Room),2215
7261716,Phòng Deluxe gia đình (Family Deluxe Room),2216
36734104,Phòng Tiêu Chuẩn (Standard),2217
2648504,Phòng Đôi Phổ Thông (Economy Double Room),2218
2648504,Phòng 2 Giường Đơn Nhìn Ra Hồ. (Twin Room with Lake View),2219
2648504,Phòng Gia Đình Nhìn Ra Hồ (Family Room with Lake View),2220
17008386,Phòng Đôi (Double Room),2221
39406715,Phòng Có Giường Cỡ King (King Room),2222
39406715,Phòng Có Giường Cỡ King (King Room),2223
39406715,Phòng Có Giường Cỡ King (King Room),2224
39406715,Phòng gia đình với phòng tắm riêng. (Family Room with Private Bathroom),2225
39406715,Phòng Gia Đình Có Phòng Tắm (Family Room with Bathroom),2226
39406715,Phòng Có Giường Cỡ King Với Ban Công (King Room with Balcony),2227
39406715,Phòng Có Giường Cỡ King Với Ban Công (King Room with Balcony),2228
2615435,Tiêu chuẩn giường đôi (Double Standard Room),2229
2615435,Phòng Tiêu chuẩn 3 người (Triple Standard Room),2230
2615435,Phòng Tiêu Chuẩn cho 4 Người Lớn (Quad Standard Room 4 adults),2231
2615435,Phòng gia đình có ban công (Family Room with Balcony),2232
63330388,"Standard Room, Multiple Beds, City View",2233
63330388,Standard Twin Room,2234
63330388,Phòng Tiêu Chuẩn Giường Đôi (Standard Double Room),2235
63330388,Phòng Cao Cấp Cho Hai Người (Superior Double Room),2236
63330388,Phòng Ba Người Hướng Vườn (Garden View Triple Room),2237
29447035,Phòng Đôi (Double Room),2238
29447035,Phòng 4 Người (Quadruple Room),2239
29447035,Phòng Gia Đình (Family Room),2240
64200915,Phòng Đôi (Double Room),2241
64200915,Phòng Ba Người (Triple Room),2242
64200915,Phòng 4 người (Quadruple Room),2243
64200915,Phòng Deluxe 4 người (Deluxe Quadruple Room),2244
37892149,Phòng Tiêu Chuẩn Giường Đôi Lớn (Standard Queen Room),2245
37892149,Phòng Superior giường đôi lớn (Superior Queen Room),2246
37892149,Phòng 4 người Nhìn ra cảnh Núi non (Quadruple Room with Mountain View),2247
9364351,Phòng Tiêu Chuẩn (Standard Room),2248
9364351,Phòng Tiêu chuẩn 2 giường (Standard Twin),2249
9364351,Phòng Tiêu chuẩn 2 giường Queen (Standard 2 Queens),2250
9364351,Phòng Gia Đình Loại Sang (Deluxe Family),2251
9364351,Phòng Deluxe có 2 giường Queen (Deluxe 2 Queens),2252
66753675,Phòng Hai Giường Đơn (Twin Room),2253
60790726,Phòng Hai Giường Đơn (Twin Room),2254
60790726,Phòng 3 Người Có Phòng Tắm Riêng (Triple Room with Private Bathroom),2255
60790726,Phòng Đôi Loại Sang (Deluxe Double Room),2256
1602702,Phòng Hai Giường Đơn Loại Sang (Deluxe Twin Room),2257
1602702,Phòng Gia Đình (Family Room),2258
1602702,Phồng Tiêu Chuẩn 3 Người (3 Người Lớn) (Standard Triple Room (3 Adults)),2259
1602702,Phòng Deluxe 3 người (Deluxe Triple Room),2260
1602702,Phòng Standard giường đôi (Standard Double Room),2261
68225346,Phòng Giường Đôi Lớn (Large Double Room),2262
68225346,Phòng Hai Giường Đơn (Twin Room),2263
68225346,Phòng Có Giường Cỡ King (King Room),2264
68225346,Phòng Ba Người (Triple Room),2265
68225346,Phòng Gia Đình (Family Room),2266
77627382,Phòng Đôi (Double Room),2267
77627382,Phòng Gia Đình (Family Room),2268
77627382,Phòng Tiêu Chuẩn Giường Lớn (Standard King Room),2269
78346824,Basic Room (1 Queen Bed),2270
78346824,Phòng cơ bản (Basic Room),2271
78346824,Phòng Đôi Phổ Thông (Economy Double Room),2272
78346824,Phòng 3 Người Hạng Tiết Kiệm (Economy Triple Room),2273
59431315,Phòng Standard giường đôi (Standard Double Room),2274
59431315,Phòng Superior 2 giường (Superior Twin Room),2275
59431315,Phòng Cao Cấp Cho Hai Người (Superior Double Room),2276
59431315,Phòng Hai Giường Đơn Loại Sang (Deluxe Twin Room),2277
59431315,Phòng Loại Sang Giường Đôi (Deluxe Double Room),2278
59431315,Phòng Ba Người (Triple Room),2279
77464816,Phòng 1 Giường Đôi Lớn (1 Queen Room),2280
77464816,Phòng 2 Giường (Guest Twin Room),2281
77464816,Phòng 2 giường đôi (Double with 2 Double Beds),2282
77464816,Phòng 3 giường đơn (Room with 3 Single Beds),2283
77464816,Phòng 2 giường có cửa sổ (Twin Room with Window),2284
40307838,Phòng Bốn Người Có Phòng Tắm Riêng (Quadruple Room with Private Bathroom),2285
40351799,Phòng Giường Đôi Có Phòng Tắm Riêng (Double Room with Private Bathroom),2286
40351799,Phòng Giường Đôi Có Ban Công (2 Người Lớn + 1 Trẻ Em) (Double Room with Balcony (2 Adults + 1 Child)),2287
40351799,Phòng Bốn Người Có Phòng Tắm Riêng (Quadruple Room with Private Bathroom),2288
40351799,Phòng gia đình với phòng tắm riêng. (Family Room with Private Bathroom),2289
55982837,Phòng Tiêu Chuẩn Giường Đôi (Standard Double Room),2290
39409436,Phòng Đôi (Double Room),2291
45877879,Phòng 4 Người (Quadruple Room),2292
45877879,Phòng Đôi (Double Room),2293
45877879,Phòng Đôi Cao Cấp (Superior Double Room),2294
50618113,Phòng Đôi (Double Room),2295
50618113,Phòng Hai Giường Đơn (Twin Room),2296
36774667,Phòng Deluxe Có Giường Cỡ King (Deluxe King Room),2297
36774667,Phòng Hai Giường Đơn Loại Sang (Deluxe Twin Room),2298
36774667,Phòng 3 Người Nhìn Ra Núi (Triple Room with Mountain View),2299
40322970,Phòng 2 Giường Đơn Có Phòng Tắm (Twin Room with Bathroom),2300
40322970,Phòng 3 Người Có Phòng Tắm Riêng (Triple Room with Private Bathroom),2301
40322970,Chalet 2 Phòng Ngủ (Two-Bedroom Chalet),2302
55897803,Phòng Ngủ Tập Thể 6 Giường Cho Cả Nam Và Nữ (6-Bed Mixed Dormitory Room),2303
55897803,Phòng Ngủ Tập Thể 6 Giường Cho Cả Nam Và Nữ (6-Bed Mixed Dormitory Room),2304
70873668,Phòng Hai Giường Đơn (Twin Room),2305
70873668,Phòng Ba Người (Triple Room),2306
70873668,Phòng Loại Sang Giường Đôi (Deluxe Double Room),2307
61296059,Phòng Hướng Sông B (River view B),2308
61296059,Standard - 2 Beds with Shower,2309
61296059,Tiêu Chuẩn - 2 Giường Đôi (Standard - 2 Double Beds),2310
43574721,Phòng Đôi (Double Room),2311
43574721,Phòng Bốn Người Có Phòng Tắm Riêng (Quadruple Room with Private Bathroom),2312
62423919,"Phòng đôi hoặc 2 giường đơn Phổ thông, 1 phòng ngủ (Economy Double or Twin Room, 1 Bedroom)",2313
62423919,Tiết Kiệm (Economy),2314
61415936,Phòng Giường Đôi Hạng Bình Dân (Budget Double Room),2315
61415936,Phòng Giường Đôi Có Phòng Tắm Riêng (Double Room with Private Bathroom),2316
52209051,Phòng Standard giường đôi (Standard Double Room),2317
52209051,Phòng Hai Giường Đơn A (Twin Room A),2318
52209051,Phòng đôi C (Double Room C),2319
76799855,"Phòng Tập Thể Cao Cấp, 4 Người, Cả Nam Và Nữ (Dorm Premium Mix 4 Sharing)",2320
76799855,Phòng Đôi (Double Room),2321
66179065,Phòng Đôi (Double Room),2322
66179065,Phòng Đôi (Double Room),2323
66179065,Phòng 4 người (Quadruple Room),2324
12545789,Nhà riêng (home),2325
61732611,Phòng Đôi hoặc 2 giường đơn Lớn (Large Double or Twin Room),2326
61732611,Phòng Đôi hoặc 2 giường đơn Lớn (Large Double or Twin Room),2327
61732611,Suite Gia Đình Có Ban Công (Family Suite with Balcony),2328
72812958,Phòng Đôi (Double Room),2329
72812958,Phòng Ba Người (Triple Room),2330
55618132,Phòng 4 Người (Quadruple Room),2331
78421741,Phòng Đôi (Double Room),2332
66170373,Suite,2333
66170373,Phòng Đôi (Double Room),2334
23748438,Phòng Giường Đôi Có Phòng Tắm Riêng (Double Room with Private Bathroom),2335
23748438,Phòng 2 Giường Đơn Với Phòng Tắm Riêng (Twin Room with Private Bathroom),2336
63055155,Phòng Tiêu Chuẩn Giường Đôi (Standard Double Room),2337
77689597,Phòng hướng thành phố (City View),2338
77689597,Phòng hướng sông (River View),2339
55982266,Phòng Tiêu Chuẩn Giường Lớn (Standard King Room),2340
71394758,Căn Hộ 1 Phòng Ngủ (Homestay),2341
70215897,Phòng 4 Người (Quadruple Room),2342
66176576,Phòng Ba Người (Triple Room),2343
66176576,Giường Đơn Trong Phòng Ngủ Tập Thể Nữ (Single Bed in Female Dormitory Room),2344
70732963,Căn hộ (Apartment),2345
66232790,Phòng Đôi (Double Room),2346
66232790,Phòng 4 người (Quadruple Room),2347
59271239,Phòng Giường Đôi Nhìn Ra Núi (Double Room with Mountain View),2348
35313851,Phòng cơ bản (Basic),2349
79124371,Phòng Giường Đôi Có Phòng Tắm Riêng (Double Room with Private Bathroom),2350
79124371,Phòng 4 Người (Quadruple Room),2351
1195868,Phòng Deluxe 2 Giường đơn (Deluxe Twin),2352
1195868,Deluxe giường King (Deluxe King),2353
7394734,Phòng Superior hướng thành phố 2 giường (Superior City View Twin Room),2354
31998528,Phòng Tiêu Chuẩn (Standard),2355
31998528,Phòng VIP 2 (VIP Room 2),2356
49684826,Tiêu chuẩn giường đôi (Double Standard Room),2357
49684826,Suite giường đôi (Double Suite),2358
49684826,Deluxe 2 giường (Deluxe Double Twin),2359
266768,Suite Tiêu chuẩn (Standard Suite),2360
266768,Phòng Vip giường King (Vip King Bed),2361
4946187,Phòng Gia Đình (Family Room),2362
4946187,Phòng Giường Đôi Hoặc 2 Giường Đơn Hạng Bình Dân (Budget Double or Twin Room),2363
9379333,Phòng Deluxe Giường Đôi Có Ban Công (Deluxe Double Room with Balcony),2364
9379333,Phòng Hai Giường Đơn Loại Sang (Deluxe Twin Room),2365
3318119,Phòng Đôi Loại Sang (Deluxe Double Room),2366
3318119,Phòng Ba Người Tiêu Chuẩn (Standard Triple Room),2367
3318119,Phòng Tiêu Chuẩn 4 Người (Standard Quadruple Room),2368
25128100,Standard small double,2369
25128100,Phòng Có Giường Cỡ King (King Room),2370
25128100,Comfort quadruple,2371
38507463,Phòng Deluxe (2 Người lớn + 1 Trẻ em) (Deluxe Room (2 Adults + 1 Child)),2372
38507463,Phòng Deluxe 3 người (Deluxe Triple Room),2373
38507463,Phòng Deluxe 4 Người (Deluxe Quadruple Room),2374
29387156,Phòng Deluxe Giường Đôi/2 Giường Đơn (Deluxe Double or Twin Room),2375
79116569,Phòng Đôi Loại Sang (Deluxe Double Room),2376
79116569,Phòng Deluxe 3 người (Deluxe Triple Room),2377
15625358,Phòng Đôi Loại Sang (Deluxe Double Room),2378
50600100,Phòng Đôi (Double Room),2379
50600100,Deluxe 1 King,2380
34399427,Phòng Tiêu Chuẩn (Standard Room),2381
5263201,Phòng khách (Guest Room),2382
5263201,Phòng Hai Giường Đơn (Twin Room),2383
5263201,Phòng 3 Người Nhìn Ra Thành Phố (Triple Room with City View),2384
79832596,Bungalow Deluxe Nhìn Ra Khu Vườn (Deluxe Bungalow with Garden View),2385
45882328,Phòng Đôi (Double Room),2386
45882328,Phòng Hai Giường Đơn (Twin Room),2387
7291113,Phòng có 2 giường đơn (Two Single Beds),2388
7291113,Phòng Ba Người (Triple Room),2389
544427,Phòng Tiêu chuẩn giường đôi (Standard Double),2390
37305910,Phòng Đôi Cao Cấp (Superior Double Room),2391
37305910,Phòng Đôi Loại Sang (Deluxe Double Room),2392
37305910,Phòng Superior Gia Đình (Superior Family Room),2393
31060078,Phòng Đôi (Double Room),2394
30957685,Phòng Loại Sang (Deluxe Room),2395
30957685,Căn Hộ 1 Phòng Ngủ (One-Bedroom Apartment),2396
76428205,Phòng Được sắp xếp tùy ý khi đến (Room Assigned on Arrival),2397
59085811,Phòng Đôi (Double Room),2398
60745901,Phòng Tiêu Chuẩn 4 Người (Standard Quadruple Room),2399
60281848,Căn hộ (Apartment),2400
62155789,"Standard Room, City View",2401
62155789,Phòng Tiêu Chuẩn Giường Đôi Lớn (Standard Queen Room),2402
78340715,Phòng Đôi (Double Room),2403
78340715,Phòng 4 Người (Quadruple Room),2404
21820974,Run of House,2405
21820974,Phòng Đôi (Double Room),2406
60746251,Phòng Đôi (Double Room),2407
67769346,Phòng Đôi Tiêu chuẩn (Standard Double),2408
67769346,Phòng Loại Sang (Deluxe Room),2409
21635966,Phòng Tiêu chuẩn Giường King (Standard Room King),2410
21635966,Phòng Tiêu chuẩn 2 giường (Standard Room Twin),2411
41658935,Phòng Deluxe Không hút thuốc (Deluxe Room Non-Smoking),2412
41658935,Suite có Phòng tắm Riêng (Suite with Private Bathroom),2413
64855051,Phòng Tiêu Chuẩn Giường Đôi (Standard Double Room),2414
64855051,Phòng Đôi Loại Sang (Deluxe Double Room),2415
64855051,Phòng Đôi (Double Room),2416
71107202,Phòng Đôi Phổ Thông (Economy Double Room),2417
71107202,Phòng Đôi Loại Sang (Deluxe Double Room),2418
71107202,Phòng Có Giường Cỡ King (King Room),2419
304309,Phòng Superior 2 giường đơn (Superior Room Twin),2420
304309,Phòng Superior giường đôi (Superior Room Double),2421
690135,Standard Room,2422
690135,Phòng Tiêu chuẩn giường đôi 2 người Không hút thuốc (Standard Double For 2 People Non-Smoking),2423
690135,Phòng Deluxe cho 3 người - Không hút thuốc (Deluxe Triple Room for 3 People - Non-Smoking),2424
46886612,Phòng Deluxe Premier Giường Đôi (Premier Deluxe Double Room),2425
46886612,Phòng Premium Deluxe có Giường cỡ King (Premium Deluxe King Room),2426
51623761,Wink Lite Twin,2427
51623761,Wink Lite Plus Twin,2428
907601,Phòng Deluxe 2 Giường đơn (Deluxe Twin),2429
907601,Deluxe giường đôi (Deluxe Double),2430
78705205,Phòng Đôi (Double Room),2431
78705205,Phòng Loại Sang (Deluxe),2432
76929593,Phòng Tiêu Chuẩn Giường Đôi (Standard Double Room),2433
76929593,Phòng Đôi Cao Cấp (Superior Double Room),2434
76929593,Phòng Đôi Loại Sang (Deluxe Double Room),2435
52275401,Phòng Đôi (Double Room),2436
52275401,Phòng 4 người (Quadruple Room),2437
37286343,Phòng Tiêu Chuẩn Giường Đôi (Standard Double Room),2438
37286343,Phòng Hai Giường Đơn (Twin Room),2439
37286343,Phòng Đôi Cao Cấp (Superior Double Room),2440
76387880,Phòng Giường Đôi Hạng Bình Dân (Budget Double Room),2441
76387880,Phòng Đôi (Double Room),2442
782987,Deluxe 2 Giường Đơn Nhìn Ra Cảnh Thành Phố (Twin Deluxe City view),2443
686316,Superior giường đôi (Superior Double),2444
686316,Phòng Deluxe 2 Giường đơn (Deluxe Twin),2445
63102579,Phòng Đôi (Double Room),2446
63102579,Phòng 4 người (Quadruple Room),2447
32807738,Phòng Tiêu Chuẩn Giường Đôi (Standard Double Room),2448
32807738,Phòng Có Giường Cỡ Queen (Queen Room),2449
32807738,Phòng Hai Giường Đơn (Twin Room),2450
64082577,Phòng Đôi Loại Sang (Deluxe Double Room),2451
64082577,Phòng Tiêu Chuẩn Giường Lớn (Standard King Room),2452
43384,Premium Deluxe Room With River View (Premium Deluxe Room with River View),2453
43384,Premium Deluxe River View Twin,2454
1519798,"Guest Room, 2 Twin",2455
1519798,"Phòng khách 1 giường King (Guest Room, 1 King)",2456
37286652,Phòng Tiêu Chuẩn Giường Đôi (Standard Double Room),2457
37286652,Phòng Đôi Cao Cấp (Superior Double Room),2458
37286652,Phòng Hai Giường Đơn (Twin Room),2459
55737063,Phòng tiết kiệm giường đôi (Economy Double Room),2460
55737063,Superior Giường Đôi Có Netflix (Superior Double with Netflix),2461
568125,Phòng Tiêu Chuẩn (Room standard),2462
568125,Phòng Tiêu chuẩn có giường Queen - Không hút thuốc (Standard 1 Queen Bed - No Smoking),2463
561890,Superior giường đôi không có cửa sổ (Superior Double without Window),2464
561890,Phòng Superior 2 giường không có cửa sổ (Superior Twin Room without Window),2465
230577,Phòng Superior (Superior Room),2466
230577,Deluxe giường đôi Hướng phố (Deluxe Double City View),2467
6707929,Phòng Cơ Bản Giường Đôi (Basic Double Room),2468
6707929,Phòng Đôi Loại Sang (Deluxe Double Room),2469
6707929,Phòng Deluxe cho 3 Người (Deluxe Triple),2470
45927198,Phòng Tiêu Chuẩn (Standard Room),2471
45927198,Phòng Ba Người (Triple Room),2472
45927198,Phòng Loại Sang (Deluxe Room),2473
33661381,Phòng Có Giường Cỡ Queen (Queen Room),2474
33661381,Phòng Superior giường đôi lớn (Superior Queen Room),2475
33661381,Phòng Ba Người (Triple Room),2476
61869543,Phòng Standard giường đôi (Standard Double Room),2477
61869543,Phòng Gia Đình Có Bồn Tắm (Family Room with Bathtub),2478
42530297,Phòng Đôi (Double Room),2479
42530297,Phòng Có Giường Cỡ Queen (Queen Room),2480
42530297,Phòng Superior giường đôi lớn (Superior Queen Room),2481
36787239,"Loại Sang - 1 Giường Lớn, Hút Thuốc (Deluxe - 1 King Bed, Smoking)",2482
36787239,Phòng đôi Superior (Superior Doubles),2483
64350457,Phòng Đôi Cao Cấp (Superior Double Room),2484
64350457,Phòng Đôi Loại Sang (Deluxe Double Room),2485
876769,Phòng Tiêu chuẩn giường đôi (Standard Double),2486
876769,Phòng 2 Giường Đôi (Double Room with Two Double Beds),2487
876769,Phòng Gia Đình (Family Room),2488
6349240,Phòng Đôi (Double Room),2489
6349240,Phòng Giường Đôi Có Ban Công (Double Room with Balcony),2490
25678578,Phòng tiết kiệm giường đôi (Economy Double Room),2491
25678578,Phòng tiết kiệm 2 giường (Economy Twin Room),2492
46770885,Phòng Đôi Phổ Thông (Economy Double Room),2493
46770885,Phòng Tiêu Chuẩn Giường Đôi (Standard Double Room),2494
46770885,Phòng Đôi Cao Cấp (Superior Double Room),2495
25128093,Phòng Đôi (Double Room),2496
25128093,Phòng Loại Sang (Deluxe),2497
25128093,Phòng Hai Giường Đơn (Twin Room),2498
55907056,Phòng Standard giường đôi (Standard Double Room),2499
55907056,Phòng Cao Cấp Cho Hai Người (Superior Double Room),2500
55907056,Phòng Loại Sang Giường Đôi (Deluxe Double Room),2501
63161438,Phòng Đôi (Double Room),2502
63161438,Phòng 4 người (Quadruple Room),2503
67505197,HAI GIƯỜNG ĐƠN (Twin),2504
67505197,Phòng Tiêu Chuẩn (Standard Room),2505
1621283,Phòng Tiêu Chuẩn (Standard),2506
1621283,Standard Twin Room - Annex,2507
67846927,Phòng Tiêu Chuẩn Giường Đôi Lớn (Standard Queen Room),2508
67846927,Phòng Hai Giường Đơn (Twin Room),2509
70214892,Căn Hộ 3 Phòng Ngủ (Three-Bedroom Apartment),2510
46592002,Phòng Đôi Loại Sang (Deluxe Double Room),2511
46592002,Phòng Có Giường Cỡ Queen Nhìn Ra Vườn (Queen Room with Garden View),2512
52067,Phòng sang trọng giường đôi (Luxury Double Bed),2513
52067,Phòng Ba Người Tiêu Chuẩn (Standard Triple Room),2514
47192567,Phòng 6 (Room 6),2515
47192567,Phòng 10 (Room 10),2516
72814731,Căn Hộ 1 Phòng Ngủ (One-Bedroom Apartment),2517
46592003,Phòng Ngủ Tập Thể 4 Giường Cho Cả Nam Và Nữ (4-Bed Mixed Dormitory Room),2518
46592003,Phòng Deluxe Có Giường Cỡ King (Deluxe King Room),2519
73014935,Phòng Đôi (Double Room),2520
73014935,Phòng Đôi Cao Cấp (Superior Double Room),2521
8091632,Phòng Tiêu chuẩn giường đôi (Standard Double),2522
8091632,Phòng Hai Giường Đơn Loại Sang (Deluxe Twin Room),2523
58349746,Phòng 2 giường đơn – Không có view (Twin Room - No View),2524
58349746,Phòng Tiêu Chuẩn (Standard Room),2525
58349746,Phòng 2 Giường Đơn (Palace Deluxe Twin Room),2526
46118471,Phòng Superior giường đôi lớn (Superior Queen Room),2527
46118471,Phòng Giường Đôi Lớn Loại Sang (Deluxe Queen Room),2528
45141904,Phòng Đôi (Double Room),2529
45141904,Phòng Đôi Cao Cấp (Superior Double Room),2530
45141904,Phòng Giường Đôi Có Ban Công (Double Room with Balcony),2531
36780685,Phòng Tiêu Chuẩn (Standard Room),2532
36780685,Phòng Superior (Superior Room),2533
64170847,Phòng Đôi (Double Room),2534
22752684,Room Assigned on Arrival,2535
22752684,Phòng Tiêu Chuẩn (Standard Room),2536
80121937,Phòng Deluxe có ban công (Deluxe Room with Balcony),2537
80121937,Phòng King có ban công (King Room with Balcony),2538
6382640,Phòng Tiêu Chuẩn Giường Đôi Với Phòng Tắm Chung (Standard Double Room with Shared Bathroom),2539
6382640,Phòng Giường Đôi Có Phòng Tắm Riêng (Double Room with Private Bathroom),2540
42180571,Phòng Tiêu chuẩn 2 (Standard Room 2),2541
42180571,Căn Gia Đình 2 Phòng Ngủ (2 Bedroom Family Room),2542
8514775,Phòng Loại Sang (Deluxe Room),2543
8514775,Căn Hộ Nhỏ có Giường Lớn (King Bed Studio),2544
10944,Phòng Senior giường đôi hoặc 2 giường đơn (Senior Double or Twin),2545
10944,Phòng cao cấp giường đôi hoặc 2 giường (Premium Double or Twin),2546
46060247,Giường Đôi-Không Có Cửa Sổ (Double Bed-No Window),2547
46060247,Phòng Đôi Tiêu Chuẩn (Standard Double Room),2548
58341906,Phòng Hai Giường Đơn (Twin Room),2549
58341906,Phòng Đôi (Double Room),2550
58341906,Phòng 4 người (Quadruple Room),2551
11996849,Phòng tiết kiệm giường đôi (Economy Double),2552
11996849,Phòng Stadard giường đôi (Stadard Double),2553
31453044,Phòng Tiêu Chuẩn Giường Đôi (Standard Double Room),2554
31453044,Phòng Loại Sang Giường Đôi (Deluxe Double Room),2555
47890293,Phòng Đôi Loại Sang (Deluxe Double Room),2556
41305625,Deluxe có cửa sổ (Deluxe with Window),2557
41305625,Phòng 4 Người Tiện nghi (Comfort Quadruple Room),2558
401008,Phòng Đôi Phổ Thông (Economy Double Room),2559
401008,Phòng Giường Đôi Hạng Bình Dân (Budget Double Room),2560
66678216,Căn Hộ 1 Phòng Ngủ (One-Bedroom Apartment),2561
47340608,Room Assigned on Arrival,2562
47340608,Phòng Đôi (Double Room),2563
280524,Standard Twin Room,2564
280524,Phòng Tiêu chuẩn giường đôi (Standard Double),2565
30980337,Phòng Tiêu Chuẩn (Standard Room),2566
30980337,Phòng Deluxe (Hotel Deluxe Room),2567
5868425,Phòng Loại Sang (Deluxe Room),2568
5868425,Phòng Deluxe Giường Đôi Có Ban Công (Deluxe Double Room with Balcony),2569
5868425,Phòng Deluxe Giường Đôi Có Bồn Tắm (Deluxe Double Room with Bath),2570
10943,Superior giường đôi (Superior Double),2571
10943,Deluxe giường đôi hoặc 2 giường (Deluxe Double or Twin),2572
66747328,Giường Đơn Trong Phòng Nghỉ Tập Thể Cho Cả Nam Và Nữ (Single Bed in Mixed Dormitory Room),2573
67635338,Phòng Đôi Cao Cấp (Superior Double Room),2574
67635338,Phòng Đôi Loại Sang (Deluxe Double Room),2575
70980621,Phòng 4 giường đơn (2 Twin Bed Room),2576
70980621,Phòng 1 Giường Lớn (1 King Bed Room),2577
467025,Phòng Tiêu chuẩn giường đôi (Standard Double),2578
467025,Superior giường đôi (Superior Double),2579
64246403,Phòng Tiêu Chuẩn (Standard),2580
64246403,Phòng Superior (Superior),2581
11130894,Phòng Có Giường Cỡ Queen Với Phòng Tắm Chung (Queen Room with Shared Bathroom),2582
11130894,Phòng Có Giường Cỡ Queen Nhìn Ra Vườn (Queen Room with Garden View),2583
305595,Phòng Đôi Tiêu Chuẩn (Standard Double Room),2584
305595,Phòng Delux giường đôi (Deluxe Room Double),2585
39862533,Phòng Đôi (Double Room),2586
39862533,Phòng Superior (Superior),2587
76930965,1 Giường Đôi Lớn (1 Queen),2588
76930965,Ban công uy tín (Prestige Balcony),2589
10945,Superior 2 giường (Superior Twin),2590
10945,Superior giường đôi (Superior Double),2591
13349118,Phòng Giường King Phía Thành Phố (Cityside King Room),2592
13349118,Phòng Tiết Kiệm giường đôi (Double Economy),2593
551811,Phòng Tiêu Chuẩn (Standard),2594
551811,Superior giường đôi (Superior Double),2595
59206893,Phòng Tiêu Chuẩn (Standard Room),2596
59206893,Giường đôi - 2 người (Double - 2 People),2597
55641852,Phòng Đôi Phổ Thông (Economy Double Room),2598
55641852,Phòng Tiêu Chuẩn (Standard),2599
33204167,Studio Gia Đình (Family Studio),2600
71112230,Superior giường Queen (Superior Queen),2601
71112230,Phòng 1 Giường Đôi Lớn (1 Queen Room),2602
36947195,Phòng Đôi (Double Room),2603
62265444,Bungalow hướng vườn (Garden View Bungalow),2604
62265444,Bungalow Deluxe (Deluxe Bungalow),2605
62265444,Phòng Gia Đình (Family Room),2606
78914190,Nhà 1 Phòng Ngủ (One-Bedroom House),2607
78914190,Nhà 1 Phòng Ngủ (One-Bedroom House),2608
299460,Giường Đôi -- Không Có Cửa Sổ (Double Bed -- No Window),2609
299460,Phòng Tiêu chuẩn giường đôi (Standard Double),2610
33907539,Phòng giường Queen (Queen Room),2611
33907539,Phòng Tình yêu (Love Room),2612
16296906,Phòng Loại Sang (Deluxe),2613
16296906,Phòng Tiêu Chuẩn (Standard),2614
16296906,Phòng 4 Người Có Ban Công (Quadruple Room with Balcony),2615
49846868,Phòng Tiêu Chuẩn (Standard Room),2616
49846868,Deluxe hướng thành phố (Deluxe City View),2617
78062483,Phòng Giường Đôi - Bao Gồm Bữa Sáng (Double Bed Room - Breakfast Included),2618
78062483,Phòng Tiêu Chuẩn (Standard Room),2619
12546254,Phòng Giường Đôi Hạng Bình Dân (Budget Double Room),2620
12546254,Phòng Đôi (Double Room),2621
76928305,Phòng Đôi (Double Room),2622
76928305,Phòng Deluxe 4 Người (Deluxe Quadruple Room),2623
402851,Phòng Tiêu Chuẩn Giường Đôi (Standard Double Room),2624
402851,Phòng Hai Giường Đơn Loại Sang (Deluxe Twin Room),2625
1488677,Phòng Tiêu Chuẩn (Standard),2626
1488677,Superior (2 giường đơn) (Superior (2 Single Beds)),2627
49913817,Tiêu chuẩn - 1 giường đôi (Standard - 1 Double Bed),2628
49913817,Tiêu chuẩn thông thường (Ordinary Standard),2629
49913817,Tiêu chuẩn gia đình (Standard Family),2630
411720,Phòng Hai Giường Đơn Loại Sang (Deluxe Twin Room),2631
411720,Phòng Deluxe 2 Giường đơn (Deluxe Twin),2632
37767711,Phòng Đôi Cao Cấp (Superior Double Room),2633
59727650,Phòng Đôi hoặc 2 giường đơn Lớn (Large Double or Twin Room),2634
76928616,Phòng Đôi (Double Room),2635
16380048,Phòng có giường đôi (1 Double Bed),2636
16380048,Phòng Tiêu chuẩn có 2 giường đơn - Không hút thuốc (Standard Room Two Single Beds No Smoking),2637
60141485,Phòng 1 Giường Đôi Lớn (1 Queen Room),2638
60141485,Phòng Deluxe (2 Người lớn + 1 Trẻ em) (Deluxe Room (2 Adults + 1 Child)),2639
12449234,Superior Room (No Bathtub),2640
12449234,Superior giường đôi (Superior Double),2641
12449234,Phòng Đôi Cao Cấp có Bồn Tắm (Superior Double Room with Bathtub),2642
5028394,Phòng giường đôi B - Không hút thuốc (Double Room B - Non-Smoking),2643
5028394,Phòng giường đôi Có ban công (Balcony Double),2644
5028394,Phòng giường đôi A - Không hút thuốc (Double Room A - Non-Smoking),2645
75131705,Phòng Giường Đôi Có Ban Công (2 Người Lớn + 1 Trẻ Em) (Double Room with Balcony (2 Adults + 1 Child)),2646
75131705,Phòng Deluxe (2 Người lớn + 1 Trẻ em) (Deluxe Room (2 Adults + 1 Child)),2647
75131705,Phòng Giường Đôi/2 Giường Đơn Có Sân Hiên (Double or Twin Room with Terrace),2648
39581276,Phòng Suite 2 giường (Suite Twin Room),2649
39581276,Phòng Tiêu Chuẩn (Standard),2650
32626851,Phòng Đôi Loại Sang (Deluxe Double Room),2651
32626851,Phòng Đơn Có Phòng Tắm Riêng (Single Room With Private Bathroom),2652
65964910,Căn Hộ 1 Phòng Ngủ Có Ban Công (One-Bedroom Apartment with Balcony),2653
76782867,Giường Trong Phòng Ngủ Tập Thể 8 Giường (Bed in 8-Bed Dormitory Room),2654
76782867,Giường Đơn trong Phòng ngủ tập thể (Single Bed in Dormitory Room),2655
67934965,Phòng Tiêu Chuẩn (Standard Room),2656
67934965,Phòng Loại Sang (Deluxe Room),2657
2968865,Phòng Đôi (Double Room),2658
2968865,Studio Có Ban Công (Studio with Balcony),2659
295671,Phòng Giường Đôi Nhỏ (Small Double Room),2660
295671,Phòng Đôi Loại Sang (Deluxe Double Room),2661
295671,Phòng Tiêu chuẩn Giường Đôi (Standard Double Bed),2662
32616060,Phòng Superior Giường Đôi/2 Giường Đơn Có Sân Hiên (Superior Double or Twin Room with Terrace),2663
32616060,Phòng Comfort 3 Người (Comfort Triple Room),2664
78363020,Phòng Studio - 2 người (Studio - 2 people),2665
78363020,Studio,2666
68415219,Căn Hộ 1 Phòng Ngủ (One-Bedroom Apartment),2667
68415219,Nhà riêng (home),2668
13422620,Phòng Đôi Loại Sang (Deluxe Double Room),2669
13422620,Phòng Deluxe 3 người (Deluxe Triple Room),2670
44639212,Tiêu chuẩn - Không hút thuốc (Standard - Non-Smoking),2671
44639212,Superior - Có máy điều hòa (Superior - Air Conditioning),2672
44639212,Deluxe Suite giường King (Deluxe King Suite),2673
66466222,Phòng 2 giường đôi (Double Twin Room),2674
66466222,Phòng Ba Người (Triple),2675
59401542,Phòng Tiêu Chuẩn (Standard Room),2676
59401542,Suite S Loft (S Loft Suite),2677
47823627,Phòng Giường Đôi Hạng Bình Dân (Budget Double Room),2678
47823627,"Phòng Hai Giường Đơn – Giá Trị Cao Nhất và Khuyến Mại Có Thời Hạn, Gồm Cả Nâng Hạng Miễn Phí (Twin Room - Best Value & Limit Time Offer, Free Upgraded Included)",2679
467020,Superior 2 giường (Superior Twin),2680
9350793,Phòng hướng vườn (Garden Room),2681
9350793,Phòng hướng hồ (Lake Room),2682
25140932,Phòng Loại Sang – 1 Giường (Deluxe Room - 1 Bed),2683
25140932,Phòng Gia Đình Giường Tầng (Family Bunk Bed),2684
36627584,Phòng Tiêu chuẩn giường đôi - Không hút thuốc (Standard Double Room - Non-Smoking),2685
36627584,Phòng giường đôi có phòng tắm vòi sen - Không hút thuốc (Double Room with Shower - Non-Smoking),2686
52943324,Phòng Có Giường Cỡ King (King Room),2687
52943324,Phòng Hai Giường Đơn (Twin Room),2688
61742964,Phòng Tiêu Chuẩn Giường Đôi Lớn (Standard Queen Room),2689
61742964,Phòng Giường Đôi/2 Giường Đơn (Double or Twin Room),2690
46595475,Phòng Đôi (Double Room),2691
46595475,Phòng Giường Đôi Lớn (Large Double Room),2692
46595475,Phòng 4 Người (Quadruple Room),2693
59069878,Deluxe gia đình (Family Deluxe),2694
30846655,Phòng Tiết Kiệm 1 người (Single Economy),2695
30846655,Phòng Tiêu Chuẩn (Standard Room),2696
60576044,Phòng Tiết Kiệm 1 người (Single Economy),2697
60576044,Giường đơn trong phòng tập thể có phòng tắm dùng chung (Single Bed in Dormitory with Shared Bathroom),2698
33553458,Phòng Tiết Kiệm giường đôi (Economic Double Room),2699
33553458,Phòng Cao Cấp Cho Hai Người (Superior Double Room),2700
33553458,Phòng Loại Sang Giường Đôi (Deluxe Double Room),2701
57135586,Phòng Đôi (Double Room),2702
57135586,Phòng Hai Giường Đơn (Twin Room),2703
57135586,Phòng Ba Người (Triple Room),2704
1762045,Phòng Hai Giường Đơn (Twin Room),2705
1762045,Phòng Đôi Cao Cấp (Superior Double Room),2706
58861716,Phòng Đôi (Double Room),2707
58861716,Phòng cho 4 người (Quadraple Room),2708
58861716,Phòng Gia Đình (Family),2709
38397945,Phòng Tiêu Chuẩn (Standard Room),2710
38397945,Phòng Loại Sang có 2 Giường Đơn (Deluxe Room with 2 Single Beds),2711
6377592,Phòng Tiêu Chuẩn (Standard),2712
6377592,Standard triple,2713
876540,Phòng Tiêu Chuẩn (Standard),2714
77639392,Superior - 1 Giường King (Superior - 1 King Bed),2715
77639392,Superior - 1 Giường Đôi (Superior - 1 Double Bed),2716
77639392,Phòng Đôi Cao Cấp (Superior Double Room),2717
52675746,Phòng Đôi (Double Room),2718
52675746,Phòng Giường Đôi Có Sân Hiên (Double Room with Terrace),2719
55762471,Phòng Đôi (Double Room),2720
55762471,Phòng Gia Đình (Family Room),2721
5617707,Bungalow hướng sông (River View Bungalow),2722
5617707,Bungalow Tiêu chuẩn (Standard Bungalow),2723
64866468,Phòng Superior Có Giường Cỡ King (Superior King Room),2724
64866468,Phòng Gia đình Nhìn ra Vườn (Family Room with Garden View),2725
59002679,Superior Room,2726
59002679,Phòng Tiêu Chuẩn Giường Đôi (Standard Double Room),2727
7487839,Phòng Đôi Loại Sang (Deluxe Double Room),2728
68561166,HAI GIƯỜNG ĐƠN (Twin),2729
68561166,Phòng Đôi (Double Room),2730
45881770,Phòng Ngủ Tập Thể 6 Giường Cho Cả Nam Và Nữ (6-Bed Mixed Dormitory Room),2731
45881770,Phòng Giường Đôi Có Phòng Tắm Riêng (Double Room with Private Bathroom),2732
30434178,Nhà trệt (Bungalow),2733
45468557,Phòng Đôi (Double Room),2734
45468557,Premier Quadruple Room - Non-Smoking,2735
241110,Phòng Đôi Tiêu chuẩn (Standard Double),2736
37295387,Nhà riêng (home),2737
871761,Phòng Loại Sang (Deluxe),2738
871761,Deluxe triple,2739
871761,Phòng Deluxe 4 Người (Deluxe Quadruple Room),2740
75908164,Căn Hộ 1 Phòng Ngủ (One-Bedroom Apartment),2741
60787310,Biệt Thự 3 Phòng Ngủ (Three-Bedroom Villa),2742
19150709,Phòng Được sắp xếp tùy ý khi đến (Room Assigned on Arrival),2743
19150709,Phòng Đôi Loại Sang (Deluxe Double Room),2744
19150709,Phòng 3 Người Nhìn Ra Thành Phố (Triple Room with City View),2745
33956733,Phòng Hai Giường Đơn (Twin Room),2746
33956733,Phòng Deluxe giường đôi có ban công (Deluxe Double Room with Balcony),2747
56324606,Standard Room,2748
56324606,Phòng Tiêu Chuẩn Giường Đôi Lớn (Standard Queen Room),2749
56324606,Phòng Superior giường đôi lớn (Superior Queen Room),2750
33589695,Phòng Standard giường đôi (Standard Double Room),2751
55766207,Căn hộ (Apartment),2752
2191178,Phòng Tiêu Chuẩn Giường Đôi (Standard Double Room),2753
51972436,Phòng Tiêu Chuẩn (Standard Room),2754
51972436,Phòng Ba Người Tiêu Chuẩn (Standard Triple Room),2755
290238,Suite Chính (Main Suite),2756
290238,Suite Chính (Main Suite),2757
240224,Superior giường đôi Hướng phố (Superior Double City View),2758
240224,Phòng Tiêu chuẩn giường đôi (Standard Double),2759
59417330,Chalet 1 Phòng Ngủ (One-Bedroom Chalet),2760
290234,Phòng 2 giường có cửa sổ (Twin Room with Window),2761
290234,Superior giường đôi (Superior Double),2762
79078176,Căn Hộ 1 Phòng Ngủ (Homestay),2763
79078176,Phòng Giường Đôi Nhìn Ra Hồ Nước (Double Room with Lake View),2764
21169915,Phòng Hai Giường Đơn (Twin Room),2765
21169915,Phòng Đôi Loại Sang (Deluxe Double Room),2766
21169915,Phòng Ba Người (Triple Room),2767
21169915,Phòng Gia Đình (Family Room),2768
21169915,Phòng Suite Gia đình (Family Suite),2769
21169915,Suite Có Phòng Xông Hơi Khô (Suite with Sauna),2770
21169915,Phòng Đơn (Single Room),2771
21169915,Phòng Đôi Phổ Thông (Economy Double Room),2772
60880131,Phòng Tiêu Chuẩn Giường Đôi (Standard Double Room),2773
60880131,Phòng Đôi (Double Room),2774
60880131,Phòng Hai Giường Đơn (Twin Room),2775
60880131,Phòng Có Giường Cỡ King (King Room),2776
60880131,Phòng Gia Đình Có Ban Công (Family Room with Balcony),2777
33650048,Phòng Gia Đình Có Ban Công (Family Room with Balcony),2778
33650048,Căn hộ với Ban công (Cottage with Balcony),2779
33650048,Gia Đình Loại Sang Cấm Hút Thuốc (Deluxe Family Non-Smoking),2780
40409197,Phòng Giường Đôi Nhỏ (Small Double Room),2781
40409197,Phòng Giường Đôi Lớn (Large Double Room),2782
40409197,Phòng Tiêu Chuẩn Giường Đôi Lớn (Standard Queen Room),2783
40409197,Phòng Đôi Cao Cấp có Cửa Sổ (Superior Double Room with Window),2784
40409197,Phòng Ba Người Tiêu Chuẩn (Standard Triple Room),2785
40409197,Phòng Gia Đình 102 (Family Room 102),2786
410813,Phòng Đôi Tiêu chuẩn - Không có Cửa sổ (Standard Double Room - no window),2787
410813,Superior giường đôi (Superior Double),2788
410813,Superior 2 giường hoặc giường đôi (Superior Twin or Double),2789
410813,Phòng Superior 3 người (Superior Triple Room),2790
410813,Phòng Gia Đình (4 Người Lớn) (Family Room (4 Adults)),2791
410813,Family Room with private external bathroom,2792
78983889,Phòng Gia Đình (Family Room),2793
78983889,Phòng Tiêu Chuẩn (Standard Room),2794
78983889,Phòng cổ điển giường đôi hoặc 2 giường (Classic Double or Twin),2795
78983889,Phòng Tiêu Chuẩn 1 người (Single Standard),2796
879581,Phòng Tiêu Chuẩn Giường Đôi (Standard Double Room),2797
68207455,Superior deluxe double or twin,2798
62518002,Phòng Giường Đôi Có Ban Công (Double Room with Balcony),2799
62518002,Phòng Hai Giường Đơn (Twin Room),2800
62518002,Phòng 3 Người Nhìn Ra Thành Phố (Triple Room with City View),2801
56181905,Nhà trệt (Bungalow),2802
30895417,Căn Hộ 3 Phòng Ngủ (Three-Bedroom Apartment),2803
10240198,Phòng Superior giường đôi có ban công (Superior Double Room with Balcony),2804
10240198,Phòng Loại Sang Giường Đôi (Deluxe Double Room),2805
10240198,Phòng Gia Đình (Family Room),2806
10240198,Nhà Trệt Có Bể Bơi (Bungalow with Pool),2807
10240198,Boong ga lô 3 phòng ngủ (Three-Bedroom Bungalow),2808
46693559,Phòng Giường Đôi Nhìn Ra Hồ Bơi (Double Room with Pool View),2809
46693559,Phòng Đôi Cao Cấp (Superior Double Room),2810
12490490,Nhà riêng (home ),2811
406842,Phòng Deluxe Giường đôi (Deluxe Double Bed),2812
406842,Phòng Superior Giường Đôi (Superior Double Bed),2813
6382563,Phòng Đôi Loại Sang (Deluxe Double Room),2814
6382563,Phòng 3 Người Nhìn Ra Vườn (Triple Room with Garden View),2815
6875126,Phòng Đôi Cao Cấp (Superior Double Room),2816
6875126,Phòng Deluxe Giường Đôi Có Ban Công (Deluxe Double Room with Balcony),2817
6875126,Phòng Superior 4 Người (Superior Quadruple Room),2818
74631303,Phòng Có Giường Cỡ King (King Room),2819
74631303,Phòng Deluxe Giường Đôi/2 Giường Đơn (Deluxe Double or Twin Room),2820
63317518,Nhà riêng (home ),2821
9646431,Căn hộ có ban công (Apartment with Balcony),2822
37006049,Phòng Đôi Cao Cấp (Superior Double Room),2823
37006049,Phòng Giường Đôi Có Ban Công (Double Room with Balcony),2824
37006049,Phòng Tiêu Chuẩn Giường Đôi (Standard Double Room),2825
37006049,Phòng Giường Đôi Có Ban Công (Double Room with Balcony),2826
37006049,Phòng Tiêu Chuẩn Giường Đôi (Standard Double Room),2827
37006049,Phòng Tiêu Chuẩn Giường Đôi (Standard Double Room),2828
37006049,Phòng Deluxe Giường Đôi Có Bồn Tắm (Deluxe Double Room with Bath),2829
37006049,Phòng Deluxe Giường Đôi Có Bồn Tắm (Deluxe Double Room with Bath),2830
37006049,Phòng Deluxe Giường Đôi Có Bồn Tắm (Deluxe Double Room with Bath),2831
37006049,Phòng Deluxe Giường Đôi Có Bồn Tắm (Deluxe Double Room with Bath),2832
37006049,Phòng Deluxe Giường Đôi Có Vòi Sen (Deluxe Double Room with Shower),2833
37006049,Phòng Deluxe Giường Đôi Có Bồn Tắm (Deluxe Double Room with Bath),2834
37006049,Phòng Deluxe Giường Đôi Có Bồn Tắm (Deluxe Double Room with Bath),2835
37006049,Phòng Đôi Cao Cấp (Superior Double Room),2836
37006049,Phòng Đôi Cao Cấp (Superior Double Room),2837
37006049,Phòng Đôi Cao Cấp (Superior Double Room),2838
37006049,Phòng Đôi Cao Cấp (Superior Double Room),2839
37006049,Phòng Đôi Cao Cấp (Superior Double Room),2840
3007719,Phòng Đôi (Double Room),2841
3007719,Phòng 2 Giường Đơn Với Phòng Tắm Riêng (Twin Room with Private Bathroom),2842
3007719,Phòng Ba Người (Triple Room),2843
3007719,Phòng Cổ Điển Cho 4 Người (Classic Quadruple Room),2844
36546170,Phòng Đôi Cao Cấp (Superior Double Room),2845
36546170,Phòng Deluxe Giường Đôi Có Ban Công (Deluxe Double Room with Balcony),2846
36546170,Phòng Deluxe 4 Người (Deluxe Quadruple Room),2847
13379397,Phòng Đôi Cao Cấp (Superior Double Room),2848
13379397,Phòng Superior 4 Người (Superior Quadruple Room),2849
13379397,Phòng Tiêu Chuẩn Giường Đôi (Standard Double Room),2850
9401797,Phòng Private Tiêu chuẩn Giường đôi (Standard Double Private Room),2851
9401797,Phòng Deluxe giường đôi có cửa sổ (Deluxe Double Room With Window),2852
9401797,Phòng Cao Cấp Cho Hai Người (Superior Double Room),2853
9401797,Phòng Đôi Loại Sang (Deluxe Double Room),2854
9401797,Standard quadruple,2855
9401797,Phòng Superior 2 giường cho 4 người (Superior Twin Room for 4 People),2856
9401797,Phòng Deluxe Có 2 Giường Cỡ Queen (Deluxe Queen Room with Two Queen Beds),2857
72812312,Phòng Đôi (Double Room),2858
72812312,Bungalow Gia Đình (Family Bungalow),2859
79344951,Phòng Đôi (Double Room),2860
79344951,Phòng Standard giường đôi (Standard Double Room),2861
79344951,Phòng Tiêu chuẩn 4 người (Standard Quadruple Room),2862
79344951,Phòng 4 người (Quadruple Room),2863
77178466,Căn Hộ 1 Phòng Ngủ (One-Bedroom Apartment),2864
64546802,Phòng Tiêu Chuẩn (Standard Room),2865
64546802,Deluxe double or twin lake view,2866
68794256,Phòng Tiêu Chuẩn (Standard Room),2867
68794256,Phòng Đơn (Single Room),2868
39458796,Phòng Deluxe Giường Đôi Có Ban Công (Deluxe Double Room with Balcony),2869
39458796,Phòng 4 Người Tiện nghi (Comfort Quadruple Room),2870
64191701,Phòng Đôi (Double Room),2871
64191701,Phòng 4 người (Quadruple Room),2872
64191701,Phòng Gia Đình (Family Room),2873
62153288,Nhà riêng (home ),2874
62153288,Căn Hộ 3 Phòng Ngủ (Three-Bedroom Apartment),2875
52242954,Phòng Tiêu Chuẩn (Standard),2876
48480524,Phòng Đôi (Double Room),2877
48480524,Junior Suite,2878
6347970,Phòng Có Giường Cỡ King (King Room),2879
6347970,Phòng Có Giường Cỡ King (King Room),2880
6347970,Phòng Gia Đình (Family Room),2881
74050556,Phòng Tiêu Chuẩn Giường Đôi (Standard Double Room),2882
74050556,Tiêu chuẩn - 1 giường đôi (Standard - 1 Double Bed),2883
74050556,Phòng Tiêu Chuẩn Giường Lớn (Standard King Room),2884
74050556,Tiêu Chuẩn - 1 Giường Đôi Lớn (Standard - 1 Queen Bed),2885
74050556,Phòng Superior Có Giường Cỡ King (Superior King Room),2886
74050556,Superior - 1 Giường Đôi (Superior - 1 Double Bed),2887
74050556,Phòng Deluxe 1 giường King (Deluxe Room 1 King),2888
74050556,Phòng Gia Đình Giường Đôi (Family Double Room),2889
74050556,Phòng Đôi Loại Sang (Deluxe Double Room),2890
74050556,Phòng Gia Đình - 2 Giường Đôi Lớn (Family Room - 2 Queen Bed),2891
74050556,Phòng đôi Deluxe có cảnh quan (Deluxe Double View),2892
74050556,Giường Trong Phòng Nghỉ Tập Thể 8 Giường Cho Cả Nam Và Nữ (Bed in 8-Bed Mixed Dormitory Room),2893
74050556,Giường trong phòng tập thể 8 giường (cả nam và nữ) (Bed in All-Gender 8-Bed Dormitory),2894
36697919,Nhà riêng (home ),2895
76964990,Căn Hộ 1 Phòng Ngủ (One-Bedroom Apartment),2896
64626063,Nhà riêng (home ),2897
79170264,Nhà riêng (home ),2898
39901214,Căn Hộ 1 Phòng Ngủ (One-Bedroom Apartment),2899
64466546,Căn Hộ 3 Phòng Ngủ (Three-Bedroom Apartment),2900
5327697,Deluxe giường đôi Hướng phố (Deluxe Double City View),2901
5327697,Phòng có giường cỡ King với Bồn tắm Spa (King Room with Spa Bath),2902
5327697,Phòng Loại Sang 2 Giường Đơn (Twin Bed Deluxe),2903
5327697,Phòng Deluxe 3 người (Deluxe Triple Rooms),2904
5327697,Phòng 4 người có phòng tắm riêng (Quadruple Room with Private Bathroom),2905
5327697,Deluxe giường đôi có bồn tắm (Deluxe Double with Bathtub),2906
5327697,Phòng Gia đình (Family Unit),2907
72699623,Deluxe có ban công (Deluxe Balcony),2908
39523906,Phòng Có Giường Cỡ King (King Room),2909
39523906,Phòng Tiêu Chuẩn Giường Lớn (Standard King Room),2910
39523906,Căn hộ (Apartment),2911
39523906,Phòng 4 Người (Quadruple Room),2912
39523906,Phòng Giường Đôi Có Ban Công (2 Người Lớn + 1 Trẻ Em) (Double Room with Balcony (2 Adults + 1 Child)),2913
37341889,Nhà riêng (home ),2914
11130483,Phòng Giường Đôi Nhìn Ra Hồ Nước (Double Room with Lake View),2915
72816765,Phòng Đôi (Double Room),2916
72816765,Phòng Đôi Cao Cấp (Superior Double Room),2917
72816765,Phòng Đôi Loại Sang (Deluxe Double Room),2918
49176857,Nhà riêng (home ),2919
39898768,Căn Hộ 3 Phòng Ngủ Có Ban Công (Three-Bedroom Apartment with Balcony),2920
72810476,Căn Hộ (Apartment),2921
63272183,Phòng Tiêu Chuẩn (Standard Room),2922
63272183,Phòng Đôi (Double Room),2923
7967691,Phòng Tiêu Chuẩn Giường Đôi (Standard Double Room),2924
7967691,Phòng Deluxe Giường Đôi/2 Giường Đơn (Deluxe Double or Twin Room),2925
7967691,Phòng Deluxe Giường Đôi/2 Giường Đơn (Deluxe Double or Twin Room),2926
7967691,Phòng Gia Đình (Family Room),2927
67337042,Căn hộ (Apartment),2928
67337042,Căn Hộ 2 Phòng Ngủ Có Ban Công (Two-Bedroom Apartment with Balcony),2929
78691507,Phòng Superior Có Giường Cỡ King (Superior King Room),2930
78691507,Phòng Gia Đình Có Ban Công (Family Room with Balcony),2931
54319988,Căn hộ (Apartment),2932
54178695,Biệt Thự (Villa),2933
8638011,Phòng Giường Đôi Có Phòng Tắm Riêng (Double Room with Private Bathroom),2934
8638011,Phòng Superior Gia Đình (Superior Family Room),2935
27837683,Phòng 3 Người Có Sân Hiên (Triple Room with Terrace),2936
36912912,Phòng Tiêu Chuẩn (Standard Room),2937
36912912,Phòng Loại Sang (Deluxe),2938
36912912,Phòng Deluxe 4 Người (Deluxe Quadruple Room),2939
11157952,Nhà riêng (home ),2940
71446956,Phòng Giường Đôi Có Phòng Tắm Riêng (Double Room with Private Bathroom),2941
71446956,Phòng Tiêu Chuẩn Giường Lớn (Standard King Room),2942
71446956,Phòng Bốn Người Có Phòng Tắm Riêng (Quadruple Room with Private Bathroom),2943
71446956,Phòng Gia Đình Có Ban Công (Family Room with Balcony),2944
49309227,Phòng giường Queen (Queen Room),2945
49309227,Suite Tiêu Chuẩn (Standard Suite),2946
55766127,Phòng Vip,2947
55766127,Phòng Duoble,2948
49140017,Phòng Đôi Phổ Thông (Economy Double Room),2949
49140017,Phòng Tiêu Chuẩn Giường Đôi (Standard Double Room),2950
49140017,Phòng Đôi Loại Sang (Deluxe Double Room),2951
49140017,Phòng Tiêu Chuẩn Giường Lớn (Standard King Room),2952
49140017,Phòng Deluxe Giường Đôi/2 Giường Đơn Nhìn Ra Thành Phố (Deluxe Double or Twin Room with City View),2953
49140017,Phòng 3 người có Tầm nhìn (Triple Room with View),2954
49140017,Phòng Hạng Tiết kiệm Cho 4 Người (Economy Quadruple Room),2955
78208012,Phòng Ba Người (Triple Room),2956
78208012,Phòng Gia Đình (Family Room),2957
63047422,Căn hộ (Apartment),2958
67486489,Phòng Giường Đôi Nhỏ (Small Double Room),2959
67486489,Phòng Có Giường Cỡ King (King Room),2960
67486489,Phòng Có Giường Cỡ King Nhìn Ra Vườn (King Room with Garden View),2961
67486489,Phòng Có Giường Cỡ King (King Room),2962
56244753,Phòng Đôi Cao Cấp (Superior Double Room),2963
76786390,Căn Hộ 1 Phòng Ngủ (One-Bedroom Apartment),2964
64170878,Phòng Tiêu Chuẩn (Standard Room),2965
64170878,Phòng Superior (Superior),2966
64170878,Phòng 4 người (Quadruple Room),2967
64170878,Superior 4 người (Superior Quadruple),2968
12000964,Nhà riêng (home ),2969
33875595,Nhà riêng (home ),2970
1032007,Phòng Hai Giường Đơn (Twin Room),2971
1032007,Phòng Tiêu Chuẩn Giường Đôi (Standard Double Room),2972
1032007,Phòng Đôi Cao Cấp (Superior Double Room),2973
1032007,Phòng Gia Đình (Family Room),2974
79170257,Nhà riêng (home ),2975
78240435,Nhà riêng (home ),2976
6343221,Phòng 2 Giường Đơn Nhìn Ra Hồ Bơi (Twin Room with Pool View),2977
45033056,Phòng Loại Sang (Deluxe Room),2978
58970034,Phòng Cơ Bản Giường Đôi (Basic Double Room),2979
54626401,"Signature Double Room, 1 Queen Bed",2980
65964890,Phòng Tiêu Chuẩn Giường Lớn (Standard King Room),2981
65964890,Phòng Deluxe Có Giường Cỡ King (Deluxe King Room),2982
65964887,Phòng Đôi Loại Sang (Deluxe Double Room),2983
301984,Tiêu chuẩn giường đôi hoặc 2 giường (Standard Double or Twin),2984
301984,Tiêu chuẩn 3 người (Standard Triple),2985
301984,Suite có Ban công. (Suite with Balcony),2986
4645662,Three-Bedroom Home,2987
4921354,Phòng Có Giường Cỡ King Với Ban Công (King Room with Balcony),2988
4921354,Phòng Có Giường Cỡ King Với Ban Công (King Room with Balcony),2989
4921354,Phòng Đôi Phổ Thông (Economy Double Room),2990
5777385,Phòng Deluxe 4 Người (Deluxe Quadruple Room),2991
7095336,Phòng Giường Đôi Có Phòng Tắm Riêng (Double Room with Private Bathroom),2992
7095336,Phòng Giường Đôi Có Phòng Tắm Riêng (Double Room with Private Bathroom),2993
10935495,Phòng Deluxe Giường Đôi Có Ban Công (Deluxe Double Room with Balcony),2994
10935495,Phòng Deluxe Đơn có ban công (Deluxe Single Room with Balcony),2995
11881242,Villa riêng (Private Villa),2996
11999734,Nhà riêng (home),2997
11999756,Nhà riêng (home),2998
12033596,Nhà riêng (home),2999
12230188,Nhà riêng (home),3000
13248938,Căn hộ (Apartment),3001
15512802,Phòng Tiêu Chuẩn (Standard Room),3002
15512802,Phòng Superior (Superior Room),3003
15512802,Phòng Ba Người (Triple Room),3004
16077420,Phòng Tiêu Chuẩn Giường Lớn (Standard King Room),3005
16077420,Phòng Giường Đôi Có Ban Công (Double Room with Balcony),3006
16210280,3-Bunk-Bed Room,3007
16862265,Phòng Đôi (Double Room),3008
24272357,Căn hộ (Apartment),3009
30906026,Nhà riêng (home),3010
31556270,Nhà trệt (Bungalow),3011
31556366,Mekong Daniel Resort (Bungalow6),3012
31556366,Mekong Daniel Resort (Bungalow5),3013
32614364,Nhà riêng (home),3014
32900642,Căn hộ (Apartment),3015
34530210,Nhà riêng (home),3016
35430244,Nhà riêng (home),3017
35493391,Nhà riêng (home),3018
35527608,Phòng phổ thông cho 3 người có phòng tắm dùng chung (Economy Triple Room with Shared Bathroom),3019
35698572,Nhà riêng (home),3020
35698572,Căn Hộ (Apartment),3021
35715991,Nhà riêng (home),3022
35810640,Nhà riêng (home),3023
36213844,Nhà riêng (home),3024
36459843,Căn Hộ (Apartment),3025
36907411,Nhà riêng (home),3026
36931656,Căn hộ (Apartment),3027
36999941,Nhà riêng (home),3028
37032961,Nhà riêng (home),3029
37044217,Phòng Đôi (Double Room),3030
38107916,Căn hộ (Apartment),3031
38110196,Căn hộ (Apartment),3032
38151613,Căn Hộ 1 Phòng Ngủ (One-Bedroom Apartment),3033
38157522,Căn Hộ 1 Phòng Ngủ (One-Bedroom Apartment),3034
38273195,Căn nhà phố 3 phòng ngủ (Three-Bedroom Townhouse),3035
38591591,Căn hộ (Apartment),3036
39391372,Nhà riêng (home),3037
39397815,Nhà riêng (home),3038
39631162,Căn hộ (Apartment),3039
39928390,Căn hộ (Apartment),3040
39928876,Căn hộ (Apartment),3041
42524128,Nhà riêng (home),3042
45031048,Phòng Đôi (Double Room),3043
45032797,"STANDARD DOUBLE ROOM,SHARED BATHROOM",3044
45032797,Phòng Lotus (Lotus Room),3045
45150539,Căn Hộ 1 Phòng Ngủ (One-Bedroom Apartment),3046
46515368,Căn hộ (Apartment),3047
47224392,Căn hộ (Apartment),3048
47492197,Căn hộ (Apartment),3049
49686487,Nhà trệt (Bungalow),3050
50217466,Phòng Deluxe (2 Người lớn + 1 Trẻ em) (Deluxe Room (2 Adults + 1 Child)),3051
50366126,Căn hộ (Apartment),3052
51816487,Căn hộ (Apartment),3053
52003073,Căn hộ (Apartment),3054
52133676,Căn hộ (Apartment),3055
52352683,Villa riêng (Private Villa),3056
52374053,Phòng Gia Đình Có Ban Công (Family Room with Balcony),3057
52374053,Phòng Đôi Loại Sang (Deluxe Double Room),3058
54320588,Nhà riêng (home),3059
54626227,Phòng Được sắp xếp tùy ý khi đến (Room Assigned on Arrival),3060
54769897,Phòng Hai Giường Đơn (Twin Room),3061
54769897,Phòng Tiêu Chuẩn Giường Đôi (Standard Double Room),3062
55269654,Phòng Đôi (Double Room),3063
55269654,Phòng Có Giường Cỡ King Với Ban Công (King Room with Balcony),3064
55287022,Căn hộ (Apartment),3065
55288098,Căn hộ (Apartment),3066
55585730,Phòng Giường Đôi Hạng Bình Dân (Budget Double Room),3067
55585730,Phòng Giường Đôi Hạng Bình Dân (Budget Double Room),3068
55630825,Phòng Đôi (Double Room),3069
55630825,Phòng 4 Người (Quadruple Room),3070
55766195,Căn hộ (Apartment),3071
78332790,Phòng Tiêu Chuẩn (Standard Room),3072
55892136,Căn hộ (Apartment),3073
58334249,Phòng Tiêu Chuẩn Giường Đôi Lớn (Standard Queen Room),3074
58961351,Nhà riêng (home),3075
59002675,Standard Room,3076
59002698,Phòng Tiêu Chuẩn Giường Đôi (Standard Double Room),3077
59002698,Phòng 4 Người (Quadruple Room),3078
59026454,Nhà trệt (Bungalow),3079
59498421,Căn hộ (Apartment),3080
59711199,Nhà riêng (home),3081
59711203,Nhà riêng (home),3082
60220201,Căn hộ (Apartment),3083
60775138,Phòng Tiêu Chuẩn (Standard Room),3084
60775138,Phòng 4 Người (Quadruple Room),3085
60775138,Căn Hộ 2 Phòng Ngủ Nhìn Ra Sông (Two-Bedroom Apartment with River View),3086
61754646,Nhà riêng (home),3087
64004619,Phòng Giường Đôi Lớn (Large Double Room),3088
64583307,Căn hộ (Apartment),3089
64901764,Phòng Đôi (Double Room),3090
64901764,Phòng 4 Người (Quadruple Room),3091
64901764,Phòng Deluxe 4 Người (Deluxe Quadruple Room),3092
64902321,Nhà riêng (home),3093
64902322,Nhà riêng (home),3094
64902323,Nhà riêng (home),3095
64902771,Nhà riêng (home),3096
65482125,Nhà 2 Phòng Ngủ (Two-Bedroom House),3097
65964878,Phòng Đôi (Double Room),3098
66102849,Nhà riêng (home),3099
67602761,Căn Hộ 1 Phòng Ngủ (One-Bedroom Apartment),3100
68107245,Bungalow Gia Đình (Family Bungalow),3101
68230560,Nhà riêng (home),3102
68415223,Căn hộ (Apartment),3103
68557780,Villa riêng (Private Villa),3104
71108555,Phòng Standard giường đôi (Standard Double Room),3105
71108555,Phòng King (King Room),3106
71447498,Phòng Tiêu Chuẩn Giường Lớn (Standard King Room),3107
71447498,Phòng Giường Đôi/2 Giường Đơn (Double or Twin Room),3108
71511312,Phòng Đôi (Double Room),3109
73567129,Căn Hộ 1 Phòng Ngủ (One-Bedroom Apartment),3110
74407596,Phòng Đôi (Double Room),3111
74407596,Phòng Ba Người (Triple Room),3112
75088811,Nhà riêng (home),3113
75167130,Nhà riêng (home),3114
76404083,Nhà riêng (home),3115
76849450,Nhà riêng (home),3116
77048509,Căn Hộ 1 Phòng Ngủ (One-Bedroom Apartment),3117
77508895,Căn Hộ 1 Phòng Ngủ (One-Bedroom Apartment),3118
77598458,Căn Hộ 1 Phòng Ngủ (One-Bedroom Apartment),3119
77679282,Căn hộ (Apartment),3120
78196507,Villa riêng (Private Villa),3121
78204002,Phòng Đôi (Double Room),3122
78332371,Phòng Đôi Loại Sang (Deluxe Double Room),3123
78420351,Nhà riêng (home),3124
78420352,Nhà riêng (home),3125
78420353,Nhà riêng (home),3126
79121752,Phòng Đôi (Double Room),3127
79121752,Phòng Đôi Loại Sang (Deluxe Double Room),3128
79170268,Nhà riêng (home),3129
79522396,Phòng giường đôi B - Không hút thuốc (Double Room B - Non-Smoking),3130
79522396,Phòng giường đôi Có ban công (Balcony Double),3131
79522396,Phòng giường đôi A - Không hút thuốc (Double Room A - Non-Smoking),3132
79990358,Phòng Tiêu Chuẩn (Standard Room),3133
80094588,Căn Hộ 3 Phòng Ngủ (Three-Bedroom Apartment),3134
80440489,Nhà riêng (home),3135
2542981,Deluxe Twin - 2 Giường Đơn (Deluxe Twin - 2 Single Beds),3136
2542981,Deluxe - 3 người (Deluxe - Triple occupancy),3137
41344799,Phòng Superior giường King (Superior King Room),3138
41344799,Phòng Cao Cấp Cho Hai Người (Superior Double Room),3139
5873574,Phòng Loại Sang (Deluxe Room),3140
5873574,Phòng Cao Cấp (Premium Room),3141
19856099,Phòng Superior 2 Giường Đơn (Superior Room Twin),3142
19856099,Phòng Được sắp xếp tùy ý khi đến (Room Assigned on Arrival),3143
30143131,Phòng Superior Giường Đôi (Superior Double Bed Room),3144
30143131,Phòng Cao Cấp Cho Hai Người (Superior Double Room),3145
68403103,Căn hộ Deluxe hướng núi 1 phòng ngủ (One Bedroom Deluxe Mountain View),3146
68403103,Phòng Hai Giường Đơn Loại Sang Loại A (Deluxe Twin Room Type A),3147
4218676,Phòng Tiêu Chuẩn Giường Đôi (Standard Double Room),3148
4218676,Phòng Giường Đôi Lớn (Large Double Room),3149
78344722,"Basic Double or Twin Room, Balcony, City View",3150
62505067,Phòng Loại Sang Hướng Bể Bơi 2 Giường Đơn (Deluxe Twin Pool View),3151
62505067,Phòng Deluxe giường King Hướng hồ bơi (Deluxe King Pool View),3152
51081407,Phòng Đôi (Double Room),3153
51081407,Phòng 4 Người (Quadruple Room),3154
79592271,Phòng Đôi (Double Room),3155
79592271,Standard Studio for 2 Adults with Double Bed,3156
79592271,Superior Studio,3157
61167500,Phòng Loại Sang -- 29 M² (Deluxe Room -- 29 sqm),3158
61167500,Studio Standard cho 2 người lớn (Standard Studio for 2 Adults),3159
77652742,Phòng Tiêu Chuẩn Có 1 Giường Lớn Không Có Cảnh (Standard with 1 King Bed without View),3160
77652742,Phòng Superior Không có Cửa sổ (Superior No Window),3161
77652742,Phòng Giường Lớn Thủ Tướng Hướng Thành Phố (Premier City View King Room),3162
59315710,Các Phòng Suite Liên Thông Cho Gia Đình (Connecting Family Suites),3163
59315710,Phòng Suite Gia đình (Family Suite),3164
31265974,Phòng Loại Sang Giường Đôi (Deluxe Double Room),3165
31265974,Phòng Hai Giường Đơn Loại Sang (Deluxe Twin Room),3166
31265974,Phòng 2 giường đơn Hướng phố (Twin Room City View),3167
70980774,Phòng tắm riêng đôi (Double Private Bathroom),3168
76975439,Phòng Tiêu Chuẩn (Standard Room),3169
76975439,Phòng Hai Giường Đơn (Twin Room),3170
76975439,Phòng Loại Sang (Deluxe),3171
9757717,"Phòng Đôi - Ở Trong Ngày, Ở Tối Đa 2 Tiếng (Day Use - Double Room - Max 2 Hours Stay)",3172
9757717,Deluxe Cửa Sổ (Deluxe Window),3173
61794973,Phòng Cao Cấp Cho Hai Người (Superior Double Room),3174
61794973,Deluxe Cửa Sổ (Deluxe Window),3175
59406845,Phòng Được sắp xếp tùy ý khi đến (Room Assigned on Arrival),3176
59406845,Phòng Tiêu Chuẩn (Standard Room),3177
45084233,Suite gia đình có ban công (Family Suite with Balcony),3178
4914609,Phòng Cao Cấp Cho Hai Người (Superior Double Room),3179
4914609,Phòng Loại Sang Giường Đôi (Deluxe Double Room),3180
4914609,Phòng Suite 2 giường (Suite Twin Room),3181
61600221,Deluxe hướng thành phố (Deluxe City View),3182
52070,Phòng Deluxe hướng Hồ (Deluxe Lake View),3183
47270864,Attic Deluxe Room (Attic Deluxe Room),3184
47270864,Phòng Tiêu Chuẩn (Standard Room),3185
3552431,Phòng Deluxe Gia đình (Deluxe Family Room),3186
3552431,Phòng Executive Gia Đình (Family Executive),3187
61425173,Phòng Tiêu Chuẩn (Standard Room),3188
61425173,Deluxe giường đôi hoặc 2 giường (Deluxe Double or Twin),3189
34467676,Studio,3190
34467676,Deluxe Cửa Sổ (Deluxe Window),3191
72082546,Phòng Tiêu chuẩn Studio (studio standard),3192
72082546,Phòng Studio Superior (Studio Superior),3193
908274,Standard Twin Room,3194
908274,Phòng Ba Người (Triple Room),3195
1156703,Classic,3196
1156703,Phòng Loại Sang (Deluxe),3197
42087656,Phòng Tiêu Chuẩn Giường Lớn (Standard King Room),3198
42087656,Superior giường đôi King (Superior Double King),3199
8553297,Phòng Tiêu Chuẩn (Standard),3200
8553297,Phòng Superior Có Giường Cỡ King (Superior King Room),3201
8553297,Phòng Loại Sang (Deluxe Room),3202
68224486,Căn Hộ 1 Phòng Ngủ (One-Bedroom Apartment),3203
68224486,Căn Hộ 1 Phòng Ngủ Có Ban Công (One-Bedroom Apartment with Balcony),3204
8607362,Phòng Cao Cấp Có Cửa Sổ (Superior Room with Window),3205
8607362,Phòng Loại Sang có Giường Lớn (Deluxe King Bed Room),3206
3582705,Phòng Executive Có Ban Công (Executive Balcony),3207
67196155,Phòng Tiêu Chuẩn Có Giường Cỡ King (Standard King Room),3208
67196155,Phòng Loại Sang Giường Đôi (Deluxe Double Room),3209
28680418,Small Double Room with Street View,3210
28680418,Phòng Tiêu chuẩn giường King (Standard King Room),3211
2985143,Phòng Loại Sang (Deluxe Room),3212
2985143,Phòng Superior (Superior Room),3213
67630606,Phòng Tiêu Chuẩn (Standard Room),3214
75685376,Phòng Đôi Cao Cấp (Superior Double Room),3215
75685376,Phòng giường Queen (Queen Room),3216
75685376,Phòng Tiêu Chuẩn (Standard Room),3217
247355,Phòng Grand 2 giường (Grand Twin Room),3218
4782362,Tiêu chuẩn - 1 giường đôi (Standard - 1 Double Bed),3219
4782362,Deluxe giường đôi (Deluxe Double),3220
66812940,Superior - 1 Giường Đôi (Superior - 1 Double Bed),3221
66812940,Phòng Superior Gia Đình (Superior Family Room),3222
39846228,Căn Hộ Có Tầm Nhìn Và Ban Công (Apartment with View and Balcony),3223
39846228,Căn Hộ Có Ban Công (Apartment with Balcony),3224
22036974,Senior Suite,3225
22036974,Executive 3 người (Executive Triple),3226
63406176,Phòng Tiêu Chuẩn Giường Lớn (Standard King Room),3227
63406176,Phòng Superior Có Giường Cỡ King (Superior King Room),3228
63406176,Phòng Loại Sang (Deluxe Room),3229
22211514,Phòng Tiêu Chuẩn (Standard Room),3230
730015,Phòng Tiêu Chuẩn (Standard Room),3231
730015,Superior giường đôi (Superior Double),3232
36144486,Phòng Cao Cấp Cho Hai Người (Superior Double Room),3233
36144486,Phòng Executive có giường cỡ King và Ban công (Executive King Room with Balcony),3234
67805512,Phòng Superior giường Queen (Superior Queen Bed),3235
67805512,Super 2 giường (Super Twin),3236
32404533,Deluxe Double - city view (Deluxe Double - City View),3237
32404533,Phòng Business 1 Giường Đôi với Quyền sử dụng Phòng tập thể dục. (Business Double Room with Gym Access),3238
108257,1-Bedroom Deluxe Twin,3239
108257,Loại Sang 1 Phòng Ngủ (1-Bedroom Deluxe),3240
76047981,Phòng Deluxe giường đôi hoặc 2 giường Hướng phố (Deluxe Double Or Twin City View),3241
76047981,Phòng Superior Hướng Cảnh Giường Đôi (Superior View Double),3242
59883653,Căn hộ Studio (Studio Apartment),3243
59883653,Căn hộ (Apartment),3244
78662700,Căn hộ Studio (Studio Apartment),3245
10960,Phòng Loại Sang (Deluxe Room),3246
10960,Grand Deluxe giường King (Grand Deluxe King),3247
18533918,Golden Classic Twin,3248
18533918,Golden Classic King,3249
80274390,Phòng Đôi (Double Room),3250
80274390,Phòng Giường Đôi Có Phòng Tắm Riêng (Double Room with Private Bathroom),3251
6417818,Sử Dụng Trong Ngày (2 Giờ) - Phòng Deluxe Giường Đôi Nhìn Ra Thành Phố (Day Use 2 Hours - Deluxe Double With City View),3252
6417818,Superior hướng thành phố (Superior City View),3253
6417818,Phòng Deluxe Plus (Deluxe Plus Room),3254
6417818,Suite giường King (Suite King),3255
5696569,Deluxe giường đôi (Deluxe Double),3256
5696569,Deluxe 2 giường Hướng phố (Deluxe Twin City View),3257
5696569,Phòng Deluxe hướng thành phố giường đôi (Deluxe City View Double Room),3258
1158452,Phòng Trendy Deluxe Giường đôi/2 Giường đơn (Trendy Deluxe Double or Twin Room),3259
1158452,Suite cao cấp (Premium Suite),3260
53015544,Superior Studio,3261
53015544,Phòng Studio Tiêu chuẩn (Standard Studio),3262
53015544,Phòng Premier Có Ban Công (Balcony Premier Room),3263
53015544,Studio Deluxe (Deluxe Studio),3264
13360968,Phòng Tiêu Chuẩn (Standard Room),3265
13360968,Superior giường đôi (Superior Double),3266
13360968,Deluxe giường đôi (Deluxe Double),3267
66680429,Phòng Tiêu Chuẩn - 1 Giường (Standard Room -- 1 Bed),3268
66680429,Phòng Tiêu Chuẩn - 2 Giường (Standard Room -- 2 Bed),3269
66680429,Phòng Loại Sang (Deluxe),3270
66680429,Phòng Superior (Superior),3271
66680429,Phòng Executive giường đôi (Double Executive),3272
66680429,Phòng Ngủ Ba Người (Triple Bedroom),3273
66680429,Studio gia đình (Family Studio),3274
66680429,Deluxe gia đình (Family Deluxe),3275
36780702,Phòng Tiêu Chuẩn (Standard Room),3276
36780702,Phòng Super (Super Room),3277
36780702,Deluxe hướng thành phố (Deluxe City View),3278
36780702,Phòng Superior (Superior),3279
18808397,Phòng tiết kiệm (Economy Room),3280
18808397,Phòng Loại Sang Giường Đôi (Deluxe Double Room),3281
18808397,Phòng Ba Người (Triple Room),3282
6888098,Phòng Standard giường đôi (Standard Double Room),3283
6888098,Standard Twin Room,3284
9367828,Standard Twin Room,3285
9367828,Phòng Tiêu chuẩn giường đôi (Standard Double),3286
9367828,Deluxe 3 người (Deluxe Triple),3287
64356592,Phòng Tiêu chuẩn Studio (studio standard),3288
64356592,Phòng Studio Deluxe (studio deluxe),3289
64356592,Căn Hộ 2 Phòng Ngủ (2 Bedroom Apartment),3290
8932285,Phòng Executive hướng thành phố (Executive City View),3291
8932285,Phòng Loại Sang Nhìn Ra Một Phần Hồ Giường Đôi (Deluxe Partial Lake View Double Room),3292
8932285,Nhà riêng Pension 2 giường (Pent House),3293
23696503,Phòng Suite giường Queen (Suite Queen),3294
38583105,Suite Căn Hộ Nhỏ Giường Hai Giường Đơn (Studio Suite Twin),3295
38583105,TWIN Studio Suite Twin,3296
21339573,Phòng Loại Sang Giường Đôi (Deluxe Double Room),3297
21339573,(Mùa Thu PKG) Đôi Tiêu Chuẩn ((Autumn PKG) Standard Double),3298
21339573,Suite The Myst có Ban Công (The Myst Suite with Balcony),3299
21339573,Phòng Đôi Tiêu chuẩn (Standard Double),3300
21339573,Phòng Giường Lớn có Hướng Vườn (King Room with Garden View),3301
21339573,Phòng giường đôi có sân thượng (Double Room with Terrace),3302
21339573,Phòng Giường Đôi Lớn Tiêu Chuẩn (Standard Queen Room),3303
2570866,Deluxe giường Queen - Chỉ có phòng nghỉ (Deluxe Room - 1 Queen Sized Bed),3304
2570866,Deluxe - Hướng phố (Deluxe - City View),3305
2570866,Phòng Deluxe 3 người (Deluxe Triple Room),3306
63990368,Phòng Superior 1 Phòng Ngủ (1 Bedroom Superior),3307
63990368,Phòng Deluxe có 1 Phòng ngủ (1 Bedroom Deluxe),3308
63990368,Deluxe 3 người (Triple Deluxe),3309
63990368,Deluxe gia đình (Family Deluxe),3310
2634548,Phòng Superior Giường Đôi/2 Giường Đơn (Superior Double or Twin Room),3311
2634548,Phòng Cao Cấp Giường Đôi Có Phòng Tắm Riêng (Superior Double Room Ensuite),3312
2634548,Superior Twin Room for 2 persons (Superior Twin Room for 2 People),3313
2634548,Superior Triple Room - Non-Smoking - No Daily Cleaning,3314
2634548,Phòng Gia Đình - 2 Giường (Family Room -- 2 Bed),3315
2634548,Phòng Đơn Cao Cấp Có Giường Kiểu Pháp (Superior Single Room with French Bed),3316
62079565,Superior giường đôi (Superior Double),3317
62079565,Phòng Studio Tiêu chuẩn (Standard Studio),3318
62079565,Deluxe Studio giường King (Deluxe Studio King),3319
62079565,Phòng Superior (Superior),3320
62079565,Căn Hộ 1 Phòng Ngủ (One Bedroom Apartment),3321
62079565,Căn Hộ Giường Đôi (Double Room Apartment),3322
62079565,Phòng Loại Sang Một Phòng Ngủ (One Bedroom Deluxe),3323
62079565,Căn hộ (Apartment),3324
62079565,Studio Deluxe Giường Cỡ King (Deluxe Studio King),3325
62079565,Căn Hộ 1A (Apartment 1A),3326
43399,Phòng Loại Sang (Deluxe Room),3327
43399,Phòng Cao Cấp (Premium Room),3328
43399,Phòng Loại Sang Cao Cấp (Premium Deluxe),3329
10966,Phòng Được sắp xếp tùy ý khi đến (Room Assigned on Arrival),3330
63268658,Các Phòng Thông Nhau Gia Đình có Giường Lớn và 2 Giường Đơn (Family Connecting Rooms with King Bed and 2 Single Beds),3331
15309556,Phòng Đôi Cao Cấp (Superior Double Room),3332
15309556,Phòng Executive 2 giường (Executive Twin Room),3333
15309556,Phòng Executive Giường Đôi (Executive Double Bedroom),3334
48273442,Superior Loft,3335
48273442,Phòng Loft Cao Cấp TV (Loft Superior TV),3336
48273442,Phòng Tiêu chuẩn Studio (studio standard),3337
48273442,Phòng Studio Superior (Studio Superior),3338
61210061,Studio Superior (Superior Studio),3339
61210061,Standard Studio,3340
61210061,Căn Hộ Nhỏ Cao Cấp Giường Đôi (Superior Studio Double Bed),3341
61210061,Studio Superior (Superior Studio),3342
61210061,Căn hộ Nhìn ra Hồ (Apartment with Lake View),3343
61210061,Căn hộ 2 phòng ngủ có Ban công (Two Bedroom Apartment with Balcony),3344
61210061,Căn Hộ Nhìn Ra Thành Phố (Apartment with City View),3345
61210061,Căn Hộ Nhìn Ra Thành Phố (Apartment with City View),3346
47207660,Superior No View Double or Twin,3347
47207660,Phòng Cao Cấp Hướng Thành Phố Giường Đôi Lớn (Premium Queen City View),3348
47207660,Room SUPERIOR NO WINDOW,3349
47207660,Phòng Deluxe Giường Đôi/2 Giường Đơn (Deluxe Double or Twin Room),3350
47207660,Deluxe hướng thành phố giường đôi hoặc 2 giường (Deluxe City View Double or Twin),3351
47207660,Phòng Executive Giường Đôi/2 Giường Đơn Có Ban Công (Executive Double or Twin Room with Balcony),3352
47207660,Room Executive City View Balcony,3353
47207660,Executive King or Twin City View with Balcony,3354
7245282,Phòng Đôi Cao Cấp (Superior Double Room),3355
7245282,Phòng Cao cấp (Premium Rooms),3356
7245282,Tiêu chuẩn - 1 giường đôi (Standard - 1 Double Bed),3357
7245282,Phòng Superior 3 người (Superior Triple Room),3358
7245282,Suite,3359
729579,Phòng Superior Giường Đôi/2 Giường Đơn có Cửa Sổ (Superior Double or Twin with Window),3360
729579,Phòng Loại Sang Giường Đôi Hoặc 2 Giường Đơn - Hướng Thành Phố (Deluxe Double or Twin - City View),3361
729579,Suite Nhìn Ra Thành Phố (Suite City View),3362
7542247,"Căn hộ 2 phòng ngủ có ban công (2 Bedroom Apartment, Balcony)",3363
6170089,Giường Lớn Cao Cấp (Superior King),3364
6170089,Phòng Deluxe giường đôi (Double Deluxe Room),3365
6170089,Phòng Deluxe - 2 Giường đơn (Deluxe Room Twin Bed),3366
6170089,Phòng Executive Giường Đôi (Executive Double Bedroom),3367
6170089,Phòng Executive 2 giường (Executive Twin Room),3368
6170089,Các phòng liên thông (Family Connecting Rooms),3369
6170089,Phòng Giường Đôi Có Ban Công (Double Room with Balcony),3370
67328851,Giường Đơn trong Phòng ngủ tập thể (Single Bed in Dormitory Room),3371
67328851,Giường Đơn trong Phòng ngủ tập thể (Single Bed in Dormitory Room),3372
67328851,Giường Đơn Trong Phòng Ngủ Tập Thể 10 Giường (Single Bed in 10-Bed Dormitory Room),3373
67328851,Giường Trong Phòng Ngủ Tập Thể 8 Giường (Bed in 8-Bed Dormitory Room),3374
33039559,Studio Có Giường Đôi Lớn Và Bếp Nhỏ (Studio with Queen Bed and Kitchenette),3375
33039559,Studio Nhìn Ra Cảnh Thành Phố (Studio City View ),3376
33039559,Phòng 2 Giường Có Máy Lạnh (Twin Bed Room With Air conditioning),3377
67287289,Phòng Đôi (Double Room),3378
67287289,Phòng 3 người Có Ban Công (Triple Balcony),3379
67287289,Phòng 3 người có ban công (Triple Room with Balcony),3380
67287289,Phòng Gia Đình (Family Room),3381
63399048,Phòng Tiêu Chuẩn Giường Lớn (Standard King Room),3382
63399048,Phòng Superior Có Giường Cỡ King (Superior King Room),3383
63399048,Phòng Loại Sang (Deluxe Room),3384
63399048,Phòng Có Giường Cỡ King (King Room),3385
63399048,Phòng có giường cỡ King với Bồn tắm Spa (King Room with Spa Bath),3386
77653331,Phòng Tiêu Chuẩn (Standard Room),3387
77653331,Indochine Sang Trọng (Indochine Deluxe),3388
77653331,Phòng Sang Trọng (Luxury Room),3389
77653331,Phòng chủ đề (Theme Room),3390
77653331,Phòng VIP (VIP Room),3391
79297332,Studio,3392
79297332,Căn Hộ 1 Phòng Ngủ (One-Bedroom Apartment),3393
55664055,Studio,3394
10543246,Superior Studio giường King (Superior Studio King),3395
10543246,Superior Studio 2 giường (Superior Studio Twin),3396
10543246,Suite Nhỏ có Ban Công (Junior Suite - Balcony),3397
10543246,Căn Hộ Áp Mái có Bếp Nhỏ và Ban Công (Penthouse with Kitchenette and Balcony),3398
10543246,"One Bedroom Junior City View with Balcony, Private Kitchen & Bathtub",3399
10543246,Suite Gia đình 2 phòng ngủ (Family Two Bedroom Suite),3400
10543246,"City View Penthouse with Balcony, Private Kitchen & Bathtub",3401
24281359,Phòng Standard giường đôi (Standard Double Room),3402
24281359,Phòng Loại Sang (Deluxe),3403
79148412,Phòng Deluxe Gia đình (Deluxe Family Room),3404
79148412,Phòng Ngủ Tập Thể 6 Giường Cho Cả Nam Và Nữ (6-Bed Mixed Dormitory Room),3405
7527607,Phòng Tiêu Chuẩn (Standard),3406
7527607,Phòng Loại Sang (Deluxe),3407
25941476,Phòng Đôi Loại Sang (Deluxe Double Room),3408
25941476,Phòng Tiêu Chuẩn Giường Lớn (Standard King Room),3409
25941476,Phòng 2 Giường Đơn Nhìn Ra Thành Phố (Twin Room with City View),3410
7959992,Phòng Superior (Superior Room),3411
7959992,Phòng Gia Đình (Family Room),3412
7959992,Phòng Loại Sang (Deluxe Room),3413
30655522,Phòng Tiêu chuẩn giường King (Standard King Room),3414
30655522,Phòng Superior giường King (Superior King Room),3415
30655522,VIP Suite,3416
30655522,Phòng Lớn Sang Trọng (Deluxe Large Room),3417
30655522,Phòng Giường Đôi Có Bồn Tắm Spa (Double Room with Spa Bath),3418
54190111,Studio,3419
54190111,Studio - Phòng Giường Lớn Có Ban Công (Studio - King Room with Balcony),3420
54190111,Căn hộ 1 phòng ngủ (1-Bedroom Apartment),3421
54190111,Suite Gia Đình (Family Suite),3422
1517145,Phòng tập thể Nam & Nữ 12 giường (Giá tính theo giường) (12 Bedded Mixed Dormitory (Price Per Bed)),3423
443298,Phòng Executive Deluxe (Executive Deluxe Room),3424
443298,Phòng Gia Đình Có Ban Công (Family Room with Balcony),3425
2919224,Phòng Đôi Cao Cấp (Superior Double Room),3426
2919224,Phòng Cao Cấp Cho Hai Người (Superior Double Room),3427
178091,Phòng Executive (Executive),3428
178091,Double Executive Double,3429
76607073,Studio Superior (Superior Studio),3430
76607073,Phòng Có Giường Cỡ Queen (Queen Room),3431
76607073,Phòng Có Giường Cỡ Queen (Queen Room),3432
61638631,Studio,3433
61638631,Phòng Cao Cấp – 1 Giường Đôi Lớn (Superior - 1 Queen Bed),3434
51376835,Phòng Cao Cấp Cho Hai Người (Superior Double Room),3435
51376835,Phòng Loại Sang Giường Đôi (Deluxe Double Room),3436
42229585,Standard Double or Twin Room,3437
34461396,Phòng Cao Cấp Hướng Thành Phố Giường Đôi Hoặc Hai Giường Đơn (Superior City View Double or Twin Room),3438
34461396,Phòng Deluxe Giường Đôi/2 Giường Đơn Nhìn ra Thành phố (Deluxe City View Double or Twin Room),3439
1199483,Phòng Đôi Deluxe (Deluxe Double),3440
1199483,Phòng Deluxe 2 Giường đơn (Deluxe Twin),3441
37483136,Phòng Loại Sang Plus Giường Đôi – Cấm Hút Thuốc (Deluxe Plus Double Room - Non-Smoking),3442
98964,Phòng Studio Executive (Studio Executive),3443
98964,Phòng Studio Premier (Studio Premier),3444
34634814,Suite Tiêu Chuẩn Hướng Thành Phố (Standard Suite City View),3445
34634814,Suite có tầm nhìn (Suite with View),3446
63500902,Phòng Loại Sang Giường Đôi (Deluxe Double Room),3447
63500902,Phòng Executive giường đôi (Executive Double Room),3448
51227663,Phòng Deluxe Giường Đôi/2 Giường Đơn (Deluxe Twin or Double),3449
51227663,Phòng Ba Người Cho 3 Người Lớn (Triple Room for 3 adults),3450
26078997,Phòng Tiêu Chuẩn (Room standard),3451
26078997,JO King Bed,3452
80188097,Căn Hộ Superior (Superior Apartment),3453
80188097,Phòng Có 2 Giường Cỡ King (King Room with Two King Beds),3454
13622655,Phòng Đôi (Double Room),3455
13622655,Căn Hộ Nhỏ Giường Lớn (Studio King Bed),3456
75088294,Phòng Tiêu Chuẩn Giường Đôi/2 Giường Đơn (Standard Double or Twin Room),3457
75088294,Phòng 4 Người Có Ban Công (Quadruple Room with Balcony),3458
18809289,Phòng Premium 2 giường đơn (Premium Twin Room),3459
13370411,Phòng cổ điển giường đôi (Classic Double Room),3460
13370411,Studio with City View,3461
76258584,Phòng Đôi (Double Room),3462
76258584,Deluxe hướng thành phố (Deluxe City View),3463
74577572,Phòng Gia Đình Cao Cấp - 4 Người Lớn (Superior Family Room - 4 Adults),3464
74577572,Phòng Gia Đình Loại Sang Hướng Sân Bay (Deluxe Family Airport View),3465
45084814,Căn Hộ Studio (Studio Apartment),3466
45084814,Phòng Tiêu Chuẩn (Standard Room),3467
1122443,Căn hộ 2 phòng ngủ (2 Bedroom Executive Apartment),3468
41429864,Basic Standard Room,3469
41429864,Phòng tầng trệt (Ground Floor Room),3470
42038967,Phòng Loại Sang Giường Đôi (Deluxe Double Room),3471
42170346,Tiêu chuẩn - 1 giường đôi (Standard - 1 Double Bed),3472
42170346,Căn Hộ 2 Phòng Ngủ (Two Bedroom Apartment),3473
79134500,Phòng Đôi Loại Sang (Deluxe Double Room),3474
79134500,Phòng hướng thành phố (City View),3475
64191916,Superior giường đôi (Superior Double),3476
64191916,Deluxe giường đôi (Deluxe Double),3477
5753016,Phòng Superior (Superior),3478
5753016,Phòng 3 Người Có Bồn Tắm (Triple Room with Bath),3479
67970527,Phòng Tiêu Chuẩn (Standard),3480
2070179,Phòng Tiêu Chuẩn (Standard Room),3481
2070179,Phòng Tiêu chuẩn giường đôi - Không hút thuốc (Standard Double Room - Non-Smoking),3482
39632985,Phòng Đôi Loại Sang (Deluxe Double Room),3483
39632985,Phòng Deluxe Giường Đôi Có Ban Công (Deluxe Double Room with Balcony),3484
34245072,Suite Deluxe giường Queen có cửa sổ (Deluxe Queen Suite with window),3485
34245072,Deluxe Queen có cửa sổ (Deluxe Queen with window),3486
32189974,Phòng Hai Giường Đơn (Twin Room),3487
32189974,Phòng Đơn (Single Room),3488
60158437,Phòng Tiêu Chuẩn (Standard Room),3489
60158437,Phòng Loại Sang Giường Đôi (Deluxe Double Room),3490
9888195,Phòng Cao Cấp Cho Hai Người (Superior Double Room),3491
9888195,Phòng Superior 2 giường (Superior Twin Room),3492
30804330,Phòng Tiêu chuẩn có giường King (Standard Room with King Bed),3493
30804330,Phòng 2 giường có phòng tắm vòi sen - Không hút thuốc (Twin Room with Shower - Non-Smoking),3494
34247201,Căn Hộ (Apartment),3495
34247201,Junior Suite Deluxe,3496
40528082,Suite Nhỏ có Ban Công (Junior Suite with Balcony),3497
5969458,Deluxe 2 giường Hướng phố (Deluxe Twin City View),3498
5969458,Deluxe giường King Hướng phố (Deluxe King City View),3499
58874258,Superior giường Queen (Superior Queen),3500
58874258,Phòng Gia đình - 3 người (Family Room - 3 Pax),3501
58874258,Suite Deluxe (Deluxe Suite),3502
62094130,Phòng Superior giường đôi hoặc 2 giường (Superior Double or Twin Room),3503
62094130,Double or Twin Superior Double or Twin Room (Double or Twin Superior Double or twin room),3504
967807,HAI GIƯỜNG ĐƠN (Twin),3505
5501107,Tiêu chuẩn giường đôi (Double Standard Room),3506
5501107,Superior giường đôi (Superior Double),3507
940491,Phòng Superior Deluxe (Superior Deluxe Room),3508
37928069,Căn Hộ 1 Phòng Ngủ (One Bedroom Apartment),3509
37928069,Căn hộ Tiêu chuẩn 2 phòng ngủ (Standard 2-Bedroom Apartment),3510
25057063,Phòng Cao Cấp Cho Hai Người (Superior Double Room),3511
68224230,Phòng Loại Sang 2 Giường (Deluxe 2-bed Room),3512
59780344,Studio có ban công (Studio with Balcony),3513
59780344,Phòng Deluxe có 1 Phòng ngủ (1 Bedroom Deluxe),3514
54535479,Phòng Cao Cấp Cho Hai Người (Superior Double Room),3515
42939405,Phòng Superior Tiêu chuẩn (Standard Superior Room),3516
42939405,Căn hộ Studio 1 phòng ngủ (1-Bedroom Studio Apartment),3517
1161652,Phòng Executive giường đôi hoặc 2 giường (Executive Double or Twin Room),3518
1161652,Phòng Suite Hướng phố (Suite City View),3519
535510,Phòng gia đình hướng thành phố (Family City View),3520
535510,Phòng Connecting Hướng phố (Connecting Room City View),3521
12412728,Grand Deluxe giường đôi (Grand Deluxe Double Room),3522
407149,Căn hộ Tiêu Chuẩn 1 phòng ngủ (Standard One-Bedroom Apartment),3523
407149,Căn hộ sang trọng 2 phòng ngủ (Luxury 2-Bedroom Apartment),3524
66131312,Phòng Đôi Tiêu Chuẩn (Standard Double Room),3525
66131312,Phòng Superior giường Queen (Superior Queen Room),3526
237755,Phòng Deluxe có cửa sổ bên trong (Deluxe Room with Internal Window),3527
237755,Phòng Premier Hướng phố (Premier City View Room),3528
75921530,Phòng Đôi (Double Room),3529
75921530,Phòng Tiêu Chuẩn (Standard Room),3530
52049663,Căn hộ Studio (Studio Apartment),3531
64670175,Phòng Tiêu Chuẩn (Standard Room),3532
64670175,Phòng Suite Có Ban Công (Suite Balcony),3533
298548,1 Bedroom Apartment (1 King bed) (1 King Bed) (1 Bedroom Apartment (1 King Bed) (1 King Bed)),3534
298548,Căn Hộ 1 Phòng Ngủ (1 Bedroom Apartment),3535
111544,Classic 2 giường đơn (Classic Twin),3536
111544,Phòng cổ điển giường King (Classic King),3537
58983007,Phòng Executive Suite Hướng phố (Executive Suite City View),3538
1615600,Phòng Superior Giường đôi/2 Giường đơn (Superior Double or Twin),3539
1615600,Deluxe giường đôi hoặc 2 giường (Deluxe Double or Twin),3540
262435,Phòng Deluxe view vườn giường đôi (Deluxe Garden View Double Room),3541
262435,Phòng Studio Hướng vườn (Studio Garden View),3542
61264748,Deluxe có ban công (Deluxe Balcony),3543
63407545,"Basic Bungalow, Garden View",3544
7796450,Phòng Deluxe giường Queen (Deluxe Queen Room),3545
7796450,Phòng Đôi Loại Sang (Deluxe Double Room),3546
41984591,Superior giường đôi (Superior Double),3547
41984591,Deluxe giường đôi (Deluxe Double),3548
7961032,Classic Shared Dormitory (8 Beds),3549
7961032,Phòng riêng cho 8 người có 4 giường tầng (Private Room for 8 People with 4 Bunk Beds),3550
74497991,Deluxe giường đôi hoặc 2 giường (Deluxe Double or Twin),3551
74497991,Phòng Executive giường đôi (Double Executive),3552
119832,Phòng Loại Sang Giường Đôi (Deluxe Double Room),3553
79331554,Phòng Superior giường đôi (Double Superior Room),3554
79331554,Deluxe giường đôi hoặc 2 giường (Deluxe Double or Twin),3555
37825609,Phòng Đơn Cơ bản (Basic Single Room),3556
37825609,Phòng Tiêu Chuẩn (Standard Room),3557
1157084,Phòng Tiêu Chuẩn (Standard Room),3558
1157084,Phòng Superior (Superior),3559
55303819,Căn Hộ 1 Phòng Ngủ (One Bedroom Apartment),3560
64096987,Phòng Đôi (Double Room),3561
64096987,Deluxe 3 người (Triple Deluxe),3562
297367,Phòng Cao Cấp Cho Hai Người (Superior Double Room),3563
297367,Phòng Standard giường đôi (Standard Double Room),3564
54165886,Phòng Deluxe 2 Giường đơn (Deluxe Twin),3565
54165886,Phòng Loại Sang Cửa Sổ Bên Trong (Deluxe Internal Window),3566
6393504,"Senior Double or Twin Room, City View",3567
6393504,Phòng Premier Hướng phố (Premier City View Room),3568
178099,Deluxe 2 giường (Deluxe Twin),3569
178099,Deluxe giường đôi (Deluxe Double),3570
5404192,"Family Suite, Balcony",3571
44111721,Phòng Tiêu Chuẩn (Standard Room),3572
44111721,Phòng Superior 2 giường đơn (Superior Twin Room),3573
63229235,Phòng Studio Tiêu chuẩn (Standard Studio),3574
16863271,Superior giường đôi hoặc 2 giường có cửa sổ (Superior Double or Twin with Window),3575
529354,"Deluxe Double, Guest room, 2 Double",3576
529354,"Deluxe King, Guest room, 1 King",3577
34334661,Phòng Cao Cấp Cho Hai Người (Superior Double Room),3578
42271962,Căn Hộ 1 Phòng Ngủ (One-Bedroom Apartment),3579
19177418,Căn Hộ Grand (Grand Apartment),3580
294450,Studio Suite with Balcony,3581
294450,Studio Suite Giường Đôi (Studio Suite Double),3582
281340,Phòng Deluxe Giường Đôi/2 Giường Đơn (Deluxe Double or Twin Room),3583
248399,Phòng Gia Đình Thương Gia có Giường Lớn và 2 Giường Đơn (Executive Family Room with King Bed and 2 Single Beds),3584
248399,Phòng Gia Đình (Family Room),3585
38098229,Phòng Đôi Tiêu Chuẩn (Standard Double Room),3586
55763050,Phòng Tiêu chuẩn Studio (studio standard),3587
55763050,Phòng Lãng mạn giường đôi (Romantic Double Room),3588
69952131,Studio Ấm cúng (Cozy Studio),3589
69952131,Phòng Giường Đôi - Số 1 (Double Room - No 1),3590
69952131,Phòng Loại Sang Giường Lớn Có Ban Công (Deluxe Balcony King),3591
69952131,Phòng Tiêu chuẩn gia đình (Standard Family Room),3592
9117968,Phòng Loại Sang (Deluxe),3593
9117968,Phòng Executive (Executive),3594
9117968,Suite,3595
9117968,Phòng Giường Đôi/2 Giường Đơn (Double or Twin Room),3596
9117968,Phòng gia đình dành cho 3 người (Family 3 Pax),3597
9117968,Suite Sân Hiên (Terrace Suite),3598
9117968,Phòng Gia đình 4 người (Family Quad),3599
9117968,Phòng Có Giường Cỡ Queen (Queen Room),3600
37825768,Phòng Loại Sang (Deluxe),3601
37825768,Phòng Tiêu Chuẩn (Standard),3602
37825768,Phòng 2 giường Không hút thuốc (Twin Room - Non-Smoking),3603
37825768,Phòng Loại Sang Giường Lớn (Deluxe King Room),3604
37825768,Phòng Loại Sang Hướng Thành Phố 2 Giường Đơn Cho Gia Đình (Deluxe Family Twin Room City View),3605
303010,Phòng Được sắp xếp tùy ý khi đến (Room Assigned on Arrival),3606
303010,Suite hướng hồ (Lake View Suite),3607
5780741,Phòng Tiêu Chuẩn (Standard),3608
5780741,Superior Studio,3609
5780741,Căn Hộ Nhỏ Loại Sang (Deluxe Studio),3610
5780741,Căn Hộ 1 Phòng Ngủ (One Bedroom Apartment),3611
11139881,Superior Studio,3612
11139881,Căn Hộ Nhỏ Loại Sang (Deluxe Studio),3613
61272941,Phòng Giường Đôi Hoặc 2 Giường Đơn - Cửa Sổ (Double or Twin - Window),3614
61272941,Phòng Loại Sang Grand Phương Đông (Oriental Grand Deluxe Room),3615
61272941,Phòng Suite Nhỏ Có Ban Công Giường Lớn (Junior Balcony Suite 1 King),3616
61272941,Phòng Gia Đình 2 Phòng Ngủ Có Ban Công Lớn (Family 2-Bedroom with Large Balcony),3617
61272941,Phòng Suite Hướng Hồ (Suite Lake View),3618
61272941,Phòng Gia Đình Nhìn Ra Hồ (Family Room with Lake View),3619
59163767,1 Phòng Ngủ Và 1 Phòng Khách (1 Bedroom and 1 Living Room),3620
59163767,Studio,3621
59163767,1 Phòng Ngủ Loại Sang (1-Deluxe Bedroom),3622
59163767,2 Giường Đôi Tiêu Chuẩn (2 Doubles Bed Standard),3623
59163767,2 Giường Đôi Lớn Thiết Yếu (Essential 2 Queen),3624
1637038,Superior giường đôi (Superior Double),3625
1637038,Phòng Loại Sang (Deluxe),3626
1637038,Phòng Executive giường đôi hoặc 2 giường (Executive Double or Twin Room),3627
1575724,Suite,3628
10535978,Phòng Executive hướng thành phố (Executive City View),3629
10535978,Phòng Grand Executive 2 Giường Đơn Hướng Thành Phố (Grand Executive Twin City View),3630
10535978,Phòng Grand Executive có 2 giường (Grand Executive Twin),3631
5305073,Phòng Tiêu chuẩn giường đôi (Standard Double),3632
5305073,Superior giường đôi (Superior Double),3633
5305073,Phòng Gia Đình Tầng 1 (Family 1st Floor),3634
61378496,Phòng Có Giường Cỡ King (King Room),3635
61378496,Phòng Studio Tiêu chuẩn (Standard Studio),3636
61378496,Suite Có Bồn Tắm (Suit with Bathtub),3637
61378496,Suite Gia Đình (Family Suite),3638
39850429,Phòng Tiết Kiệm giường đôi (Double Economy),3639
51469240,Phòng Superior Giường đôi/2 Giường đơn (Superior Double or Twin),3640
51469240,Deluxe giường đôi hoặc 2 giường (Deluxe Double or Twin),3641
51469240,Deluxe gia đình (Family Deluxe),3642
51469240,Suite Hướng Thành Phố (City View Suite),3643
51469240,Phòng 4 Giường Đôi Lớn Có Ban Công (Quad Queen Room with Balcony),3644
51469240,Phòng 4 Người Có Ban Công (Quadruple Room with Balcony),3645
41609794,Superior 2 giường (Superior Twin),3646
41609794,Phòng Superior giường đôi (Superior Room Double),3647
338583,Phòng Deluxe Nhìn Ra Sông (Deluxe Room with River View),3648
38983665,Deluxe hướng thành phố (Deluxe City View),3649
38983665,Phòng Hướng Thành Phố Hai Giường Đơn Cho Gia Đình (Family Twin City View),3650
38983665,Phòng Tiêu Chuẩn (Standard Room),3651
239635,Phòng Superior 3 Người (Superior Triple Room),3652
239635,Phòng Đôi Loại Sang (Deluxe Double Room),3653
239635,Phòng Hai Giường Đơn Loại Sang (Deluxe Twin Room),3654
239635,Phòng Deluxe Giường Đôi Có Ban Công (Deluxe Double Room with Balcony),3655
239635,Phòng Tiêu Chuẩn (Standard),3656
239635,Phòng cho 3 người có Ban Công (Triple Room with Balcony),3657
239635,Phòng Tập Thể Cao Cấp Kết Hợp 10 Người Ở Chung (Dorm Premium Mix 10 Sharing),3658
239635,Phòng Tập Thể Cao Cấp Cho Cả Nam Và Nữ 8 Người (Dorm Premium Mix 8 Sharing),3659
239635,Phòng Tập Thể Cao Cấp Cho Cả Nam Và Nữ 6 Người (Dorm Premium Mix 6 Sharing),3660
239635,"Phòng Tập Thể Cao Cấp, 4 Người, Cả Nam Và Nữ (Dorm Premium Mix 4 Sharing)",3661
6165919,Phòng Được sắp xếp tùy ý khi đến (Room Assigned on Arrival),3662
6165919,Suite Grand Executive (Grand Executive Suite),3663
6165919,Phòng Grand Executive (Grand Executive Room),3664
5173260,Giường Trong Phòng Ngủ Tập Thể Cho Cả Nam Và Nữ 6 Giường (Bed in 6-Bed Mixed Dormitory Room),3665
5173260,Giường Trong Phòng Ngủ Tập Thể Cho Cả Nam Và Nữ 6 Giường (Bed in 6-Bed Mixed Dormitory Room),3666
5173260,Giường Tầng Trong Phòng Ngủ Tập Thể Cho Nữ (Bunk Bed in Female Dormitory Room ),3667
7392436,Phòng Giường Đôi Lớn Loại Sang (Deluxe Queen Room),3668
7392436,Phòng Có Giường Cỡ Queen Với Ban Công (Queen Room with Balcony),3669
7392436,Phòng hướng hồ (Lake View Room),3670
7392436,Phòng Executive có giường King và nhà bếp - Không hút thuốc (1 King Executive Kitchen Non-Smoking),3671
7392436,Deluxe - B,3672
76383874,Tiêu chuẩn - 1 giường đôi (Standard - 1 Double Bed),3673
76383874,Tiêu Chuẩn - 1 Giường Đôi Có Ban Công (Standard - 1 Double Bed with Balcony),3674
76383874,Phòng Tiêu Chuẩn (Standard),3675
38832014,Phòng cao cấp giường đôi (Premium Double Room),3676
38832014,Phòng Loại Sang Giường Lớn (Deluxe King Room),3677
38832014,Suite Giường Lớn (King Suite),3678
58687727,Căn hộ Tiêu Chuẩn 1 phòng ngủ (Standard One-Bedroom Apartment),3679
58687727,Deluxe - 2 Bedroom Apartment Magnificent views,3680
58687727,Căn Hộ 1 Phòng Ngủ Nhìn Ra Thành Phố (One-Bedroom Apartment with City View),3681
58687727,Căn Hộ 2 Phòng Ngủ Có Ban Công (Two-Bedroom Apartment with Balcony),3682
58687727,Căn hộ 2 Phòng ngủ có Tầm nhìn (Two-Bedroom Apartment with View),3683
58687727,3 Bedroom Executive Residence King,3684
58687727,Căn Hộ 3 Phòng Ngủ Có Ban Công (Three-Bedroom Apartment with Balcony),3685
34625041,Phòng Đôi hoặc Hai Giường Đơn Loại Sang (Deluxe Double or Twin Room),3686
34625041,Phòng Ba Người Gia Đình (Family Triple Room),3687
34625041,Phòng Executive hướng thành phố (Executive City View),3688
34625041,Suite Nhỏ có Cảnh (Junior Suite with View),3689
34625041,Suite Nhìn Ra Thành Phố (Suite with City View),3690
930797,Phòng Loại Sang (Deluxe),3691
930797,Phòng Premium (Premium),3692
930797,Junior Suite,3693
63057398,Phòng Standard giường đôi (Standard Double Room),3694
63057398,Phòng Superior giường đôi có ban công (Superior Double Room with Balcony),3695
63057398,Phòng Giường Lớn Có Phòng Tắm Riêng (King Room with Private Bathroom),3696
63057398,Phòng 2 giường có ban công (Twin Room with Balcony),3697
161676,"Classic Room , City View- 1 Double Bed",3698
161676,"Classic Room , City View- 2 Single Bed",3699
161676,"Classic Superior Room, City View - 1 Double Bed",3700
161676,"Privilege Room, City View - 1 Double Bed & Sofa Bed",3701
48364,"Guest Room, 2 Twin",3702
48364,"Guest room, 2 Twin, High floor (Guest Room, 2 Twin, High Floor)",3703
48364,"Guest room, 1 King, High floor",3704
48364,"club level, 1 bedroom executive suite, 1 king (Club level, 1 Bedroom Executive Suite, 1 King)",3705
48364,"Club level, 1 Bedroom Suite, 1 King",3706
570118,"Apartment, 2 Bedrooms, Garden View(1 King Bed and 1 Queen Bed)",3707
570118,Căn hộ 2 phòng ngủ có Ban công (Two Bedroom Apartment with Balcony),3708
570118,Căn Hộ 3 Phòng Ngủ Có Ban Công (Three Bedroom Apartment with Balcony),3709
570118,Suite Suite 2 Bedrooms,3710
32780704,Suite 2 phòng ngủ (Two Bedroom Suite),3711
32780704,Căn hộ Gia đình 2 Phòng ngủ (Two-Bedroom Family Apartment),3712
246309,Superior - 1 Giường Đôi (Superior - 1 Double Bed),3713
246309,Deluxe Balcony Open View Room,3714
291350,Phòng Superior (Superior Room),3715
291350,Superior giường đôi (Superior Double),3716
409475,Superior Double Room 2 Double Beds,3717
409475,Superior Double Room,3718
409475,GIƯỜNG ĐÔI C (DOUBLE C),3719
9372581,Tiêu chuẩn - Không hút thuốc (Standard - Non-Smoking),3720
9372581,Superior - Hướng vườn (Superior - Garden View),3721
9804889,Phòng Loại Sang (Deluxe Room),3722
42154394,Phòng Gia đình có Giường cỡ King (Family Room with King Bed),3723
42154394,Phòng Deluxe Gia đình (Deluxe Family Room),3724
66577906,Phòng Tiêu chuẩn gia đình (Standard Familly Room),3725
66577906,Deluxe gia đình Hướng phố (Deluxe Family City View),3726
66577906,Deluxe có bồn tắm (Deluxe with Bathtub),3727
1060053,Phòng Loại Sang (Deluxe Room),3728
1060053,Junior Suite,3729
35701811,Phòng Giường Lớn Cao Cấp (Superior King Bed Room),3730
35701811,Superior 2 giường (Superior Twin),3731
35701811,Deluxe 2 giường hoặc giường đôi (Deluxe Twin Or Double),3732
63889989,"Luxury Apartment, Kitchenette, City View",3733
63889989,Era LT BAL/SmartTV/Lift/Washingshare,3734
63889989,Căn Hộ (Apartment),3735
1723531,Phòng Đôi Cao Cấp có Cửa Sổ (Superior Double Room with Window),3736
1723531,Phòng đôi Deluxe hoặc phòng 2 giường đơn có bồn tắm (Deluxe Double or Twin Room with Bathtub),3737
783978,"Superior Double Room, Non Smoking (1 double bed) (Superior Double Room, Non Smoking (1 Double Bed))",3738
783978,Phòng Hai Giường Đơn - Hút Thuốc (Twin - Smoking),3739
5513583,Superior có cửa sổ (Superior With Window),3740
5513583,Deluxe giường đôi có ban công (Deluxe Double with Balcony),3741
23161830,Phòng Suite Gia đình Hướng phố (Family Suite City View),3742
9367298,Phòng Cao Cấp có Giường Đôi (Superior Double Bed Room),3743
9367298,Deluxe giường đôi Hướng phố (Deluxe Double City View),3744
28826597,Căn Hộ Một Phòng Ngủ (One-Bedroom Apartment),3745
28826597,Căn Hộ Superior (Superior Apartment),3746
984367,Superior,3747
984367,Deluxe hướng thành phố (Deluxe City View),3748
38592395,Phòng Deluxe có cửa sổ bên trong (Deluxe Room with Internal Window),3749
38592395,Phòng Executive Deluxe (Executive Deluxe Room),3750
33158584,Phòng Junior Giường Đôi (Junior Double Room),3751
33158584,Meritel Suite,3752
35476089,Phòng Thương Gia Giường Đôi Có Vòi Sen (Executive Double Room with Shower),3753
35476089,Executive Suite,3754
64283106,Căn Hộ Deluxe 1 Phòng Ngủ (Deluxe One-Bedroom Apartment),3755
64283106,Căn Hộ 1 Phòng Ngủ (1 Bedroom Apartment),3756
67292797,Suite Gia Đình Có Ban Công (Family Suite with Balcony),3757
6358988,Phòng Tiêu Chuẩn Giường Đôi (Standard Double Room),3758
6358988,Deluxe Cửa Sổ (Deluxe Window),3759
68639393,Phòng Đôi (Double Room),3760
68639393,Phòng Đôi Loại Sang (Deluxe Double Room),3761
76695458,Classic giường đôi (Double Classic),3762
76695458,Deluxe có ban công (Deluxe Balcony),3763
51483614,Standard room with kitchen (Standard Room with kitchen),3764
302780,Phòng Superior 2 giường (Superior Twin Room),3765
302780,Phòng Deluxe 2 Giường Đơn (Deluxe Twin Bed),3766
2419174,Standard Twin Room,3767
2419174,Phòng Superior 2 giường (Superior Twin Room),3768
27826784,Phòng Một Giường Có Bồn Tắm (One Bed Room with Bathtub),3769
27826784,One-Bedroom Premium Apartment,3770
40818637,Giường Tầng Trong Phòng Ngủ Tập Thể Cho Nam Và Nữ (Bunk Bed in Mixed Dormitory Room),3771
40818637,Giường Trong Phòng Ngủ Tập Thể 10 Giường Cho Cả Nam Lẫn Nữ (Bed in 10-Bed Mixed Dormitory Room),3772
4218108,Phòng Loại Sang (Deluxe),3773
4218108,Phòng gia đình không có cửa sổ (Family Room without Window),3774
239422,Deluxe giường đôi hoặc 2 giường (Deluxe Double or Twin),3775
239422,Phòng Deluxe 3 người (Deluxe Triple Room),3776
35354312,Deluxe giường đôi hoặc 2 giường (Deluxe Double or Twin),3777
35354312,Phòng Executive giường đôi hoặc 2 giường (Executive Double or Twin),3778
35354312,Executive 2 giường (Executive Twin),3779
44185571,Studio - Phòng Giường Lớn Có Ban Công (Studio - King Room with Balcony),3780
46886926,Phòng loại Sang Giường Đôi - Điều Hòa (Deluxe Double - AC),3781
46886926,Family City Suite,3782
535509,Phòng Đôi Deluxe (Deluxe Double),3783
535509,Junior Suite Hướng Thành Phố (Junior City View Suite),3784
39008468,Căn Hộ 1 Phòng Ngủ có Ban Công (One Bedroom Apartment - Balcony),3785
64307,Palago Suite with Balcony,3786
55256517,Deluxe giường đôi (Deluxe Double),3787
63294402,Căn Hộ Nhỏ Giường Đôi Có Ban Công (Studio Double with Balcony),3788
63294402,Phòng Đôi Loại Sang có Bồn Tắm (Deluxe Double Room with Bathtub),3789
4362502,Phòng Superior giường King (Superior King Room),3790
4362502,Phòng Hai Giường Đơn Loại Sang (Deluxe Twin Room),3791
10665115,DELUXE DOUBLE OR TWIN ROOM 1 TWIN BED FOR NON-SMOKERS,3792
10665115,Deluxe giường đôi hoặc 2 giường (Deluxe Double or Twin),3793
2915548,Phòng 3 người có cửa sổ (Triple Room With Window),3794
2915548,Suite có tầm nhìn (Suite with View),3795
297142,Grand Superior,3796
297142,Bungalow - Hướng vườn (Bungalow - Garden View),3797
284906,Phòng Superior Giường đôi/2 Giường đơn (Superior Double or Twin),3798
284906,Deluxe giường đôi hoặc 2 giường (Deluxe Double or Twin),3799
35911952,Phòng Cao Cấp Cho Hai Người (Superior Double Room),3800
35911952,Deluxe giường đôi Hướng phố (Deluxe Double City View),3801
41456144,Căn hộ có ban công (Apartment with Balcony),3802
41456144,Căn hộ Deluxe (Deluxe Apartment),3803
31977455,Phòng Loại Sang Giường Đôi (Deluxe Double Room),3804
8018890,Phòng liên thông gia đình - Không hút thuốc (Connecting Family Rooms - Non-Smoking),3805
27804734,Phòng Thủ Tướng Hai Giường Đơn (Premier Room Twin),3806
27804734,Phòng Premier có Giường cỡ King (King Premier Room ),3807
27804734,Phòng Junior Suite (Junior Suite),3808
27804734,Suite Premier (Premier Suite),3809
27804734,Suite Deluxe (Deluxe Suite),3810
27804734,Capella Suite,3811
5500158,Phòng cổ điển (Classic Room),3812
5500158,Phòng Loại Sang (Deluxe Room),3813
5500158,Phòng Deluxe 3 người (Deluxe Triple Room),3814
5500158,Phòng 2 Giường Đơn Với Phòng Tắm Riêng (Twin Room with Private Bathroom),3815
30951704,Phòng Superior (Superior Room),3816
30951704,Phòng Superior giường King (Superior King Room),3817
30951704,Suite,3818
30951704,Suite Executive (Executive Suite),3819
30951704,Studio,3820
76837734,Studio (Studio 25),3821
76837734,Studio có ban công (Studio with Balcony),3822
76837734,Studio có bồn tắm (Studio with Bathtub),3823
76837734,"Căn hộ 2 phòng ngủ có ban công (2 Bedroom Apartment, Balcony)",3824
37207561,Căn Hộ 1 Phòng Ngủ có Ban Công (One Bedroom Apartment - Balcony),3825
68113719,Suite Giường Đôi Hướng Thành Phố (Suite Double City View),3826
68113719,Superior - 1 Giường Đôi (Superior - 1 Double Bed),3827
68113719,Deluxe giường đôi (Luxury Deluxe Room),3828
68113719,Suite Gia Đình 2 Giường Đơn (Suite Twin Family),3829
13551771,Resort Deluxe Twin,3830
13551771,Resort Junior Suite,3831
13551771,Biệt Thự Hai Phòng Ngủ (Two Bedroom Villa),3832
13551771,Biệt thự 2 Phòng ngủ với Hồ bơi Riêng (Two Bedroom Villa with Private Pool),3833
13551771,Villa 3 phòng ngủ (3-Bedroom Villa),3834
13551771,Three Bedroom Private Pool Villa,3835
13551771,Biệt Thự Bốn Phòng Ngủ Có Bể Bơi Riêng (Four Bedroom Private Pool Villa),3836
67505273,King Bed Standard City View,3837
67505273,Tiêu chuẩn - 1 giường đôi (Standard - 1 Double Bed),3838
55774723,Phòng Cao Cấp Hai Giường Đơn – Gồm Nước Uống Chào Mừng Miễn Phí (Superior Twin Room - Free Welcome Drink Included),3839
55774723,Phòng Superior (Superior),3840
55774723,Phòng Superior 3 Người (Superior Triple Room),3841
55774723,Phòng Fantasy Cho 3 Người (Triple Fantasy Room),3842
55774723,Phòng Tiêu Chuẩn (Standard),3843
37130257,Phòng Tiêu Chuẩn - Giường Đôi (Standard - Double),3844
37130257,Phòng Đôi Cao Cấp (Superior Double Room),3845
37130257,Phòng Hai Giường Đơn Loại Sang (Deluxe Twin Room),3846
37130257,Phòng Executive giường đôi (Executive Double Room),3847
37130257,Suite Có Giường Cỡ Queen (Queen Suite),3848
8233244,Phòng Đôi Loại Sang (Deluxe Double Room),3849
8233244,Suite Junior Có Ban Công (Junior Suite with Balcony),3850
9202015,Deluxe giường đôi (Deluxe Double),3851
9202015,Phòng Được sắp xếp tùy ý khi đến (Room Assigned on Arrival),3852
9202015,Deluxe hướng sông (Deluxe River View),3853
9202015,Phòng Hai Giường Đơn (Twin Room),3854
9202015,Phòng Trip (Trip Room),3855
9202015,Phòng Gia Đình (Family Room),3856
9202015,Suite,3857
34013977,Phòng Đôi Loại Sang (Deluxe Double Room),3858
34013977,Phòng Loại Sang Giường Đôi Có Cửa Sổ Bên Trong (Deluxe Double Internal Window),3859
34013977,Phòng Loại Sang 2 Giường Có Cửa Sổ Bên Trong (Deluxe Twin Internal Window),3860
34013977,Phòng Executive Giường Đôi Hướng Ra Nhà (Executive Double Neighbor View),3861
34013977,Suite Junior Có Ban Công (Junior Suite Balcony),3862
34013977,Junior Suite Twin with Balcony Street View,3863
47293697,Phòng Loại Sang Giường Đôi (Deluxe Double Room),3864
47293697,Suite Deluxe giường đôi (Deluxe Double Suite),3865
47293697,Deluxe giường đôi có bồn tắm (Deluxe Double with Bathtub),3866
47293697,Phòng Hai Giường Đơn Loại Sang (Deluxe Twin Room),3867
47293697,Phòng Gia Đình (Family Room),3868
47293697,Phòng Suite Có Ban Công – Tầng Trên (Suite Room with Balcony - Upper Floor),3869
52557603,Căn hộ (Apartment),3870
4973394,Phòng Đôi hoặc Hai Giường Đơn Loại Sang có Cửa Sổ (Deluxe Double or Twin Room with Window),3871
36989888,Căn Hộ 2 Phòng Ngủ (2 Bedroom Apartment),3872
36989888,Căn Hộ (Apartment),3873
36989888,"Căn hộ 2 phòng ngủ có ban công (2 Bedroom Apartment, Balcony)",3874
36989888,Căn Hộ Superior (Superior Apartment),3875
64523102,Căn Hộ Có Ban Công (Apartment with Balcony),3876
64523102,Căn Hộ Deluxe 1 Phòng Ngủ (Deluxe One-Bedroom Apartment),3877
64523102,Căn Hộ Nhìn Ra Thành Phố (Apartment with City View),3878
64523102,Căn hộ 1 phòng ngủ (1-Bedroom Apartment),3879
64523102,Căn Hộ Có Tầm Nhìn Và Ban Công (Apartment with View and Balcony),3880
64523102,Phòng Deluxe Giường Đôi/2 Giường Đơn (Deluxe Double or Twin Room),3881
64523102,Phòng Loại Sang Giường Đôi (Deluxe Double Room),3882
64523102,Căn Hộ Loại Sang 2 Phòng Ngủ Có Ban Công (Two-Bedroom Deluxe Apartment with Balcony),3883
5824801,Tiêu chuẩn giường đôi (Double Standard Room),3884
5824801,Tiêu Chuẩn 2 giường Hướng phố (Standard Twin City View),3885
5824801,Deluxe hướng thành phố (Deluxe City View),3886
5824801,Phòng 3 Người Nhìn Ra Thành Phố (Triple Room with City View),3887
49511989,Phòng Giường Đôi Nhìn Ra Vườn (Double Room with Garden View),3888
49511989,Phòng Giường Đôi Lớn Loại Sang (Deluxe Queen Room),3889
6406991,1 người trong phòng tập thể Cơ bản 8 giường - Nam & Nữ (1 Person in 8-Bed Basic Dormitory - Mixed),3890
6406991,1 Người trong Phòng Tập Thể - Chỉ cho Nữ (1 Person in Dormitory - Female Only),3891
239497,Phòng Standard giường đôi (Standard Double Room),3892
239497,Phòng Cao Cấp Cho Hai Người (Superior Double Room),3893
239497,Phòng Loại Sang Giường Đôi (Deluxe Double Room),3894
239497,Phòng Gia Đình (Family Room),3895
239497,Suite Executive (Executive Suite),3896
230575,Superior không có cửa sổ (Superior Without Window),3897
230575,Phòng Senior (Senior Room),3898
230575,Phòng gia đình hướng thành phố (Family City View),3899
230575,Phòng liên thông (Connecting Rooms),3900
4218907,Phòng Luxury 4 Người (Luxury Quadruple Room),3901
47333344,Phòng Standard giường đôi (Standard Double Room),3902
47333344,Phòng Đôi Loại Sang (Deluxe Double Room),3903
47333344,Deluxe Double - city view (Deluxe Double - City View),3904
4138625,Deluxe giường đôi Hướng phố (Deluxe Double City View),3905
4138625,Deluxe giường đôi hướng hồ (Deluxe Double Lake View),3906
4138625,Phòng Deluxe Queen giường đôi (Deluxe Double Queen Room),3907
4138625,Phòng Gia đình Suite (Suite Family Room),3908
2640309,Căn Hộ 1 Phòng Ngủ (One-Bedroom Apartment),3909
2640309,Căn Hộ 2 Phòng Ngủ (Two-Bedroom Apartment),3910
2640309,Căn Hộ Nhìn Ra Hồ Bơi (Apartment with Pool View ),3911
2640309,Căn Hộ Nhìn Ra Vườn (Apartment with Garden View),3912
2640309,Căn hộ Tiêu chuẩn (Standard Apartment),3913
2640309,Căn Hộ 3 Phòng Ngủ (Three-Bedroom Apartment),3914
2320483,Phòng Deluxe Giường Đôi/2 Giường Đơn (Deluxe Double/Twin Room),3915
2320483,Phòng Gia đình (1 giường đôi và 1 giường đơn) (Family (1 Double Bed + 1 Single Bed)),3916
2320483,Giường Trong Phòng Tập Thể 12 Giường Cả Nam Và Nữ (Bed in 12 Bed Mixed Dormitory),3917
2320483,Giường Tầng Trong Phòng Ngủ Tập Thể Cho Nam Và Nữ (Bunk Bed in Mixed Dormitory Room),3918
39824702,Phòng Tiêu Chuẩn (Standard Room),3919
45038749,QUEEN SUITES LUXURY,3920
45038749,Suite có giường King và ban công (King Suite with Balcony),3921
45038749,Suite giường Queen (Queen Suite),3922
38747035,Phòng Đôi hoặc Hai Giường Đơn Loại Sang (Deluxe Double or Twin Room),3923
38747035,Phòng Executive Giường Đôi/2 Giường Đơn Có Ban Công (Executive Double or Twin Room with Balcony),3924
38747035,Suite Nhỏ có Ban Công (Junior Suite with Balcony),3925
38747035,Phòng gia đình có ban công (Family Room with Balcony),3926
8261929,Phòng Deluxe (Deluxe),3927
8261929,Superior A,3928
8261929,Phòng Tiêu Chuẩn (Standard),3929
59999212,Phòng Giường Đôi Premium (Premium Double),3930
71194096,Suite (Suites Room),3931
71194096,Suite có Ban công. (Suite with Balcony),3932
71194096,Suite Cao cấp (Premium Suites),3933
71194096,Executive Suite (Execuitve Suite),3934
6429569,Phòng Cao Cấp (Premium Room),3935
63093531,Phòng Tiêu Chuẩn (Standard Room),3936
63093531,Phòng Indochine Có Giường Cỡ King (Indochine King),3937
63093531,Phòng Indochine 2 Giường Đơn (Indochine Twin),3938
63093531,Phòng Sang Trọng (Luxury Room),3939
63093531,Phòng chủ đề (Theme Room),3940
63093531,Phòng VIP (VIP Room),3941
63093531,Phòng Superior giường đôi lớn (Superior Queen Room),3942
63093531,Phòng Đôi Loại Sang (Deluxe Double Room),3943
36729457,Căn Hộ Loại Sang 1 Phòng Ngủ Có Ban Công (One-Bedroom Deluxe Apartment with Balcony),3944
36729457,Căn Hộ Thương Gia 2 Phòng Ngủ Có Ban Công (Two-Bedroom Executive Apartment with Balcony),3945
36729457,Căn Hộ Hảo Hạng 2 Phòng Ngủ Có Ban Công (Two-Bedroom Premium Apartment with Balcony),3946
36729457,Căn Hộ 1 Phòng Ngủ Có Ban Công (One-Bedroom Apartment with Balcony),3947
36729457,Căn hộ 1 Phòng ngủ có Ban công và Tầm nhìn ra Thành phố (One-Bedroom Apartment with Balcony and City View),3948
36729457,Căn hộ 2 phòng ngủ nhìn ra cảnh thành phố (Two-Bedroom Apartment with City View),3949
36729457,Căn Hộ Executive 3 Phòng Ngủ 2 Phòng Tắm (Three Bedroom Two Bathroom Executive Apartment),3950
31059105,Phòng Loại Sang (Deluxe Room),3951
31059105,Phòng Superior (Superior Room),3952
31059105,Phòng Đẳng Cấp (Premier Room),3953
31059105,Executive giường King hoặc 2 giường (Executive King or Twin),3954
38765293,Studio Suite Gold,3955
38765293,Studio Suite Platinum,3956
38765293,Phòng Studio Premier (Studio Premier),3957
38765293,Studio có ban công (Studio with Balcony),3958
38765293,Room Assigned on Arrival,3959
38765293,Studio Deluxe Có Giường Cỡ Queen (Deluxe Queen Studio ),3960
38765293,Studio Deluxe Có Giường Cỡ King (Deluxe King Studio),3961
47621127,Studio Có Giường Cỡ King (King Studio),3962
60934332,Suite Deluxe giường đôi (Deluxe Double Suite),3963
60934332,Deluxe giường đôi có bồn tắm (Deluxe Double with Bathtub),3964
60934332,Phòng Hai Giường Đơn Loại Sang (Deluxe Twin Room),3965
60934332,Phòng gia đình (Famille Room),3966
60934332,Phòng Suite Có Ban Công – Tầng Trên (Suite Room with Balcony - Upper Floor),3967
60934332,Phòng gia đình có ban công (Family with balcony),3968
1997175,Superior Double Room,3969
1997175,Phòng Superior giường Queen (Superior Queen Room),3970
1997175,Phòng Deluxe giường Queen (Deluxe Queen Room),3971
1997175,Phòng Loại Sang (Deluxe Room),3972
1997175,Phòng gia đình có ban công (Family Room with Balcony),3973
1997175,Phòng Gia Đình Nhìn Ra Hồ (Family Room with Lake View),3974
1997175,Phòng Gia đình (1 giường đôi và 1 giường đơn) (Family (1 Double Bed + 1 Single Bed)),3975
1997175,Phòng Đơn Loại Sang (Deluxe Single Room),3976
46275575,Căn 1 phòng ngủ (One Bedroom),3977
71553152,Phòng Superior giường đôi hoặc 2 giường (Superior Double or Twin Room),3978
71553152,Phòng Tiêu Chuẩn - 1 Giường (Standard Room -- 1 Bed),3979
411188,Deluxe giường đôi hoặc 2 giường (Deluxe Double or Twin),3980
411188,Đôi hoặc Hai Giường Đơn Cao Cấp (Premium Double or Twin),3981
411188,Phòng Executive 2 giường (Executive Twin Room),3982
411188,Suite giường King (Suite King),3983
411188,Phòng Executive giường King (Executive King Room),3984
13298285,Phòng Superior giường Queen (Superior Queen Room),3985
13298285,Phòng Ba Người có Cảnh (Triple Room with View),3986
13298285,Phòng Gia đình - 4 người (Family room - 4 pax),3987
13298285,Phòng Gia Đình (Family Room),3988
443864,Phòng Tiêu Chuẩn (Standard Room),3989
443864,Phòng Superior (Superior Room),3990
443864,Phòng Gia Đình (Family Room),3991
443864,Phòng Sang Trọng Hướng Thành Phố (Luxury City View Room),3992
443864,Phòng Sang trọng có ban công (Luxury Room with Balcony),3993
5100415,Phòng Sang Trọng Cho 3 Người (Luxury Triple),3994
5100415,Deluxe gia đình Có ban công (Deluxe Family Balcony),3995
15919997,Phòng Deluxe Không Có Cửa Sổ (Deluxe Room No Window),3996
15919997,Phòng Deluxe Giường Đôi/2 Giường Đơn (Deluxe Double or Twin Room),3997
15919997,Double or Twin Deluxe double or twin with No window,3998
60897091,Phòng Tập Thể 2 - Nam & Nữ (Dormitory Room 2 - Mixed),3999
60897091,Bed in 10 Bed Mixed Dormitory Room with Ensuite Bathroom,4000
60897091,"1 người trong phòng tập thể 8 giường, phòng tắm riêng, có điều hòa – Cả nam và nữ (Bed in 8 Bed Mixed AC Dormitory Room with Ensuite Bathroom)",4001
66797177,Superior 2 giường đơn (Superior Twins),4002
66797177,"Phòng Tiêu Chuẩn - 1 Giường Đôi Hướng Thành Phố Bên Hông, Cấm Hút Thuốc (Standard - 1 Bed Double Partial City View, Non-Smoking)",4003
66797177,Phòng Loại Sang (Deluxe Room),4004
66797177,Căn Hộ 1 Phòng Ngủ Loại Sang Hướng Vườn (Deluxe - 1 Bedroom Apartment Garden view),4005
66797177,Suite VIP Hướng Đại Dương (VIP Ocean View Suite),4006
45090705,Căn Hộ Một Phòng Ngủ (One-Bedroom Apartment),4007
77420591,Phòng Deluxe Có Giường Cỡ King Kèm Ban Công (Deluxe King Balcony),4008
21761551,Deluxe Cửa Sổ (Deluxe Window),4009
21761551,Phòng Deluxe Có ban công (Deluxe Balcony Room),4010
21761551,Suite Nhỏ Có Ban Công (Junior Suite Balcony),4011
21761551,Suite Lớn Có Ban Công (Balcony Executive Suite),4012
21761551,Suite 3 người (Triple Suite),4013
21761551,Phòng Deluxe liên thông (Deluxe Connecting Room),4014
1143868,Phòng Đôi (Double),4015
1143868,Phòng Loại Sang (Deluxe),4016
1143868,HAI GIƯỜNG ĐƠN (Twin),4017
1143868,Phòng Ba Người (Triple),4018
1143868,Standard quadruple,4019
36786993,Phòng Tiêu Chuẩn Giường Đôi (Standard Double Room),4020
36786993,Phòng Đôi Loại Sang có Bồn Tắm (Deluxe Double Room with Bathtub),4021
36786993,Phòng Loại Sang Giường Đôi (Deluxe Double Room),4022
36786993,Phòng Có Giường Cỡ Queen (Queen Room),4023
43962489,Studio có ban công (Studio with Balcony),4024
43962489,Studio - Phòng Giường Lớn Có Ban Công (Studio - King Room with Balcony),4025
43962489,Phòng 4 Người Có Ban Công (Quadruple Room with Balcony),4026
43962489,Căn Hộ 2 Phòng Ngủ 1 Phòng Tắm (Two-Bedroom One Bathroom Apartment),4027
43962489,Căn hộ 2 phòng ngủ - Không hút thuốc (2-Bedroom Apartment - Non-Smoking),4028
43962489,Căn hộ 2 Phòng Ngủ 2 Phòng Tắm (Two-Bedroom Two Bathroom Apartment),4029
43962489,Căn hộ 3 phòng ngủ 2 phòng tắm (Three Bedroom Two Bathroom Apartment),4030
4536632,Phòng Tiêu Chuẩn (Standard),4031
4536632,Studio,4032
4536632,Phòng hướng thành phố (City View),4033
4536632,Phòng Tiết Kiệm giường đôi (Double Economy),4034
3034341,Phòng Loại Sang (Deluxe Room),4035
3034341,Deluxe hướng thành phố (Deluxe City View),4036
3034341,Phòng Executive Có Ban Công (Executive Balcony),4037
3034341,Phòng Suite Gia đình Hướng phố (Family Suite City View),4038
3034341,Phòng Connecting Hướng phố (Connecting Room City View),4039
42158788,Căn hộ nhìn ra Hồ (Apartment with Lake View),4040
42158788,Phòng Đôi Hướng Hồ Có Ban Công (Lake View Double Room with Balcony),4041
59083191,Studio Suite Gia đình (Family Studio Suite),4042
59083191,Căn hộ Deluxe (DELUXE APARTMENT),4043
59083191,Phòng Tiêu chuẩn giường đôi (Standard Double),4044
64327112,Loại Sang - 1 Giường Lớn (Deluxe - 1 King Bed),4045
64327112,Phòng Executive - 2 Giường (Executive - 2 Beds),4046
35944407,Phòng Gia đình - Không hút thuốc (Family Room - Non-Smoking),4047
34460857,GIƯỜNG ĐÔI A (DOUBLE A),4048
34460857,Phòng Gia Đình (Family),4049
41456488,Hai Phòng Ngủ (Two Bedroom),4050
41456488,Căn Hộ 2 Phòng Ngủ (Two Bedroom Apartment),4051
41456488,Căn Hộ - 2 Phòng Ngủ (Apartment - 2 Bedrooms),4052
41456488,Căn Hộ 2 Phòng Ngủ (Two-Bedroom Apartment),4053
41456488,Căn Hộ 2 Phòng Ngủ (Two-Bedroom Apartment),4054
338654,Phòng cơ bản (Basic Room),4055
338654,Phòng Đôi hoặc Hai Giường Đơn Loại Sang (Deluxe Double or Twin Room),4056
338654,Phòng Tiêu Chuẩn Giường Đôi (Standard Double Room),4057
338654,Căn hộ Deluxe (DELUXE APARTMENT),4058
338654,Phòng Suite Có ban công Hướng phố (Suite Balcony City View),4059
186186,Phòng Loại Sang (Deluxe),4060
186186,Phòng Gia Đình (Family),4061
6409137,Phòng Loại Sang (Deluxe Room),4062
6409137,Junior Suite,4063
6409137,Senior Suite,4064
6409137,Phòng liên thông dành cho gia đình (Family Connecting Room ),4065
61428630,Tiêu Chuẩn - 1 Giường Đôi Lớn (Standard - 1 Queen Bed),4066
61428630,Loại Sang - 1 Giường Lớn (Deluxe - 1 King Bed),4067
61428630,Ban công uy tín (Prestige Balcony),4068
61428630,Suite Familia (Familia Suite),4069
61428630,Phòng 3 người - Không hút thuốc (Triple - Non-Smoking),4070
200952,Deluxe giường đôi (Deluxe Double),4071
78406395,Căn Hộ 1 Phòng Ngủ (Apartment 1 Bedroom),4072
78406395,Phòng Cổ Điển Hướng Hồ (Lake View Classic Room),4073
78406395,Phòng Giường Đôi Có Bồn Tắm Spa (Double Room with Spa Bath),4074
61057123,Phòng Superior hướng thành phố giường đôi (Superior City View Double Room),4075
61057123,Studio,4076
61057123,Căn hộ (Apartment),4077
61057123,Căn Hộ 1 Phòng Ngủ Có Ban Công (One-Bedroom Apartment with Balcony),4078
13576101,Giường Phòng Ngủ Tập Thể Cả Nam Và Nữ (Mixed Dorm Bed),4079
13576101,Phòng Tập Thể Cả Nam và Nữ (Giường Tầng) (Mixed Dormitory Room (Bunk Beds)),4080
13576101,Phòng Nghỉ Tập Thể Cho Nữ (Female Dormitory Room),4081
13576101,Phòng Ngủ Tập Thể Cho Nam (Male Dormitory Room),4082
13576101,Phòng Ngủ Tập Thể Cho Cả Nam Và Nữ (Mixed Dormitory Room),4083
13576101,Phòng Tập Thể Nam 8 Giường (8-Bed Male Dormitory Room),4084
13576101,Phòng Ngủ Tập Thể 8 Giường Dành Cho Nữ (8-Bed Female Dormitory Room),4085
13576101,Phòng Ngủ Tập Thể Cho Cả Nam Và Nữ (Mixed Dormitory Room),4086
10965,Suite,4087
10965,Suite 3 Người Lớn (Suite 3 Adults),4088
10965,Phòng The Level Cao cấp (The Level Premium Room),4089
10965,The Level Suite,4090
10965,Habitacion The Level Cao cấp 3 Người Lớn (Habitacion The Level Premium 3 Adults),4091
10965,The Level Suite 3 Người Lớn (The Level Suite 3 Adults),4092
7960878,Phòng cổ điển giường đôi hoặc 2 giường (Classic Double or Twin Room),4093
7960878,Phòng Superior giường đôi hoặc 2 giường (Superior Double or Twin Room),4094
52045,Phòng Superior hướng thành phố giường đôi (Superior City View Double Room),4095
52045,Phòng Superior hướng thành phố 2 giường (Superior City View Twin Room),4096
52045,Phòng Superior Giường Đôi/2 Giường Đơn (Superior Double or Twin Room),4097
52045,Phòng Deluxe 2 giường có cửa sổ (Deluxe Twin Room With Window),4098
52045,Phòng Deluxe giường đôi có cửa sổ (Deluxe Double Room With Window),4099
52045,Phòng Loại Sang Cho Ba Người Có Cửa Sổ (Deluxe Triple Room with Window),4100
52045,Suite Bảo Sơn 1 Phòng Ngủ (Bao Son 1-Bedroom Suite),4101
67505115,Phòng Đôi Cao Cấp (Superior Double Room),4102
67505115,Phòng Superior giường Queen (Superior Queen Bed),4103
67505115,Suite,4104
67505115,Suite Gia Đình – Hướng Thành Phố (Family Suite - City View),4105
67505115,Phòng Suite Có Ban Công (Suite Balcony),4106
2817779,Phòng Superior Có Giường Cỡ King Không Có Cửa Sổ (Superior King Room without Window),4107
2817779,Phòng Cao Cấp Cho Hai Người (Superior Double Room),4108
2817779,Phòng Superior 2 giường (Superior Twin Room),4109
2817779,Phòng Hai Giường Đơn Loại Sang (Deluxe Twin Room),4110
73179078,Phòng Superior giường Queen (Superior Queen Bed),4111
73179078,Deluxe giường Queen (Deluxe Queen),4112
73179078,Phòng Deluxe Suite Có Ban Công (Deluxe Suite Balcony),4113
24329112,One-bedroom Deluxe Apartment with Kitchen and Bathtub,4114
24329112,Suite Loại Sang 1 Phòng Ngủ (Deluxe 1-Bedroom Suite),4115
24329112,Studio có Giường cỡ King - Không hút thuốc (Executive Suite with Kitchenette),4116
24329112,Penthouse Suite,4117
62076897,Phòng đoi nhỏ hoặc phòng 2 giường đơn (Small Double or Twin Room),4118
62076897,Phòng Đôi Loại Sang (Deluxe Double Room),4119
62076897,Phòng Với Sân Hiên Nhìn Ra Vườn (Garden View Terrace Room),4120
62076897,Phòng 4 Người (Quadruple Room),4121
62076897,Phòng Gia Đình (Family Room),4122
62076897,Giường Trong Phòng Ngủ Tập Thể 6 Giường (Bed in 6-Bed Dormitory Room),4123
62076897,Phòng Đơn (Single Room),4124
37138655,Phòng Studio Tiêu chuẩn (Standard Studio),4125
37138655,Phòng Studio Có Ban Công (Studio Balcony),4126
37138655,Căn Hộ 1 Phòng Ngủ có Ban Công (One Bedroom Apartment - Balcony),4127
37138655,Căn Hộ 2 Phòng Ngủ (Two Bedroom Apartment),4128
37138655,Căn Hộ 4 Phòng Ngủ (4-Bedroom Condominium Unit),4129
9372539,Phòng Standard giường đôi (Standard Double Room),4130
9372539,Superior 2 giường (Superior Twin),4131
9372539,Phòng Cao Cấp Cho Hai Người (Superior Double Room),4132
9372539,Phòng Loại Sang Giường Đôi (Deluxe Double Room),4133
9372539,Suite Deluxe (Deluxe Suite),4134
161666,Suite Nhỏ có Cảnh (Junior Suite View),4135
161666,Suite Hoàng Đế có Giường Lớn (Imperial Suite king bed),4136
161666,Phòng Suite gia đình (Family Suite),4137
55648830,Superior Giường Đôi (Chỉ Phòng) (Superior Double (Room Only)),4138
55648830,Phòng Superior 2 Giường Đơn (Superior Twin),4139
38664563,Phòng Superior Giường Đôi - Không có Cửa sổ (Superior Double Room - No Window),4140
38664563,Phòng Đôi hoặc Hai Giường Đơn Loại Sang (Deluxe Double or Twin Room),4141
38664563,Deluxe giường đôi Hướng phố (Deluxe Double City View),4142
38664563,Phòng Deluxe 3 người (Deluxe Triple Room),4143
66756156,Deluxe giường đôi (Deluxe Double),4144
66756156,Phòng Loại Sang 2 Giường Đơn - Bữa Sáng (Deluxe Twin - Breakfast),4145
66756156,Phòng Executive giường đôi (Executive Double),4146
32821725,"Phòng Đôi - Ở Trong Ngày, Ở Tối Đa 2 Tiếng (Day Use - Double Room - Max 2 Hours Stay)",4147
32821725,"Phòng Đôi - Ở Trong Ngày, Ở Tối Đa 3 Tiếng (Day Use - Double Room - Max 3 Hours Stay)",4148
32821725,Phòng Superior (Superior Room),4149
32821725,Phòng Hai Giường Đơn Loại Sang (Deluxe Twin Room),4150
32821725,Phòng Loại Sang Giường Đôi (Deluxe Double Room),4151
32821725,Phòng Loại Sang (Deluxe Room),4152
32821725,Superior giường Queen (Superior Queen),4153
32821725,Deluxe Suite giường King (Deluxe King Suite),4154
32821725,Junior Suite,4155
32821725,Phòng Loại Sang (Deluxe Room),4156
32821725,Suite,4157
32821725,Junior Suite gia đình (Family Junior Suite),4158
32821725,Phòng Ba Người (Triple Room),4159
32821725,Phòng Bốn Người Cao Cấp (Premium Quadruple Room),4160
52165811,Phòng Superior 2 giường (Superior Twin Room),4161
52165811,Phòng Cao Cấp Cho Hai Người (Superior Double Room),4162
52165811,Phòng Hai Giường Đơn Loại Sang (Deluxe Twin Room),4163
52165811,Executive 2 giường (Executive Twin),4164
52165811,Suite Executive (Executive Suite),4165
52165811,Phòng Premier có giường King và ban công (Premier Room with King Bed and Balcony),4166
64223138,Superior 2 Doubles,4167
64223138,Superior 1 Giường Lớn (Superior 1 King),4168
64223138,Superior Balcony 1 King,4169
64223138,Deluxe 1 King,4170
64223138,Phòng Loại Sang Ban Công 1 Giường Lớn (Deluxe Balcony 1 King),4171
64223138,Phòng Loại Sang Corner 1 Giường Lớn (Deluxe Corner 1 King),4172
64223138,Junior Suite 1 Giường King (Junior Suite 1 King),4173
64223138,Phòng Suite Nhỏ Có Ban Công Giường Lớn (Junior Balcony Suite 1 King),4174
64223138,1 Bedroom Suite 1 King,4175
32907021,Phòng Executive (Executive),4176
32907021,Phòng Gia Đình (Family),4177
34467743,Căn hộ (Apartment),4178
34467743,Era HYQ Noview/TV/Lift/Washingshare,4179
34467743,Căn 1 phòng ngủ (One Bedroom),4180
27737833,Phòng 1 giường (1 bed room),4181
27737833,Phòng 1 Giường Đôi Lớn (1 Queen Room),4182
27737833,Phòng 2 giường có cửa sổ (Twin Room with Window),4183
27737833,Phòng 4 Người Tiện nghi (Comfort Quadruple Room),4184
27737833,"Phòng 2 giường - Không hút thuốc, Ưu đãi đặc biệt (Twin Room - Non-Smoking, Special Offer)",4185
27737833,Phòng 2 Giường (Guest Twin Room),4186
27737833,Phòng Đơn Nhỏ (Small Single Room),4187
27737833,Phòng Đơn Cao Cấp (Superior Single Room),4188
76387090,Studio Bungalow 2 Giường Đơn (Studio Bungalow Twin),4189
76387090,Căn Hộ 1 Phòng Ngủ có Ban Công (One Bedroom Apartment - Balcony),4190
76387090,Căn Hộ 1 Phòng Ngủ Hướng Thành Phố (1-Bedroom City View Apartment),4191
76387090,Căn hộ 2 phòng ngủ có Ban công (Two Bedroom Apartment with Balcony),4192
76387090,Căn 2 Phòng Ngủ Hướng Sông (2 Bedroom River View),4193
1193672,Phòng Loại Sang Giường Đôi (Deluxe Double Room),4194
1193672,Phòng Junior 2 giường (Junior Twin Room),4195
230684,Phòng Superior (Superior),4196
230684,Phòng Loại Sang (Deluxe Room),4197
230684,Phòng Deluxe Nhìn ra Thành phố (Deluxe City View),4198
230684,Phòng Deluxe cho 3 Người (Deluxe Triple),4199
230684,Phòng Suite giường King Hướng phố (Suite King City View),4200
230684,Phòng Thông Nhau Qua Cửa Nối Nhìn Ra Cảnh Thành Phố (Connecting Room City View),4201
49381248,Deluxe Double - city view (Deluxe Double - City View),4202
49381248,Deluxe Premier,4203
49381248,Premier Suite,4204
49381248,Familiar 3-4 người (Familiar 3-4 people),4205
49381248,Phòng Gia đình - 2 phòng (Family - 2 Rooms),4206
49381248,Phòng Gia Đình 3 Phòng Ngủ (3-Bedroom Family Room),4207
59031469,Deluxe giường đôi hoặc 2 giường (Deluxe Double or Twin),4208
11049359,Phòng Được sắp xếp tùy ý khi đến (Room Assigned on Arrival),4209
11049359,Căn hộ (Apartment),4210
293088,Deluxe 2 giường (Deluxe Twin),4211
64687515,Phòng Loại Sang (Deluxe Room),4212
64687515,Phòng Loại Sang (Deluxe),4213
35395155,Phòng Tiêu chuẩn Superior (Superior Standard),4214
10961,"PHÒNG CAO CẤP, 2 Giường Đơn, Hướng Thành Phố (SUPERIOR ROOM, 2 Single Size Beds, City View)",4215
38545674,Phòng Đôi (Double Room),4216
38545674,Phòng Tiêu Chuẩn Giường Đôi (Standard Double Room),4217
894922,Superior giường đôi (Superior Double),4218
894922,Phòng Tiêu chuẩn 2 Giường Đơn (Standard Twin),4219
5603612,Phòng Tiêu chuẩn Có cửa sổ (Standard Window),4220
5603612,Superior hướng thành phố (Superior City View),4221
4655654,Phòng Premier có giường King và ban công (Premier Balcony Room - 1 King Bed),4222
6542427,"Superior Room, 1 King size Bed, City View",4223
1157082,1 Giường Lớn Loại Sang (1 Deluxe King),4224
1157082,Phòng Loại Sang (Deluxe),4225
63399116,Phòng Tiêu Chuẩn Giường Đôi (Standard Double Room),4226
63399116,Phòng Superior Có Giường Cỡ King (Superior King Room),4227
76699183,Căn hộ Studio (Studio Apartment),4228
76699183,Căn hộ 1 phòng ngủ (1-Bedroom Condo),4229
665815,Deluxe giường King (Deluxe King),4230
41278013,Phòng Superior Giường Đôi - Không có Cửa sổ (Superior Double Room - No Window),4231
41278013,Deluxe giường đôi có cửa sổ (Deluxe Double with Window),4232
38699030,Superior 2 giường (Superior Twin),4233
546247,Premier Deluxe 2 giường (Premier Deluxe Twin),4234
36931819,Phòng Hảo Hạng (Premium Room),4235
44288720,Phòng Loại Sang Giường Đôi (Deluxe Double Room),4236
216205,Phòng Loại Sang (Deluxe),4237
247990,Phòng Premier hướng hồ 2 giường (Premier Lake View Twin Room),4238
30977576,Phòng Tiêu Chuẩn Có Giường Cỡ King (Standard King Room),4239
56185562,Phòng Studio Tiêu chuẩn (Standard Studio),4240
75622659,Phòng Gia Đình (Family Room),4241
35723928,Phòng Deluxe 2 giường (Deluxe Twin Rooms),4242
18970064,Run of House,4243
52780622,Deluxe City View (Deluxe City View),4244
3014193,Phòng Tiêu Chuẩn (Standard Room),4245
51491627,Studio không có Cửa sổ (Studio without Window),4246
51491627,Phòng Studio (Studio Room),4247
65493,1-Bedroom Premier Twin,4248
47775196,Phòng Đôi (Double Room),4249
47775196,Phòng Standard giường đôi (Standard Double Room),4250
55589298,Giường Tầng Trong Phòng Ngủ Tập Thể Cho Nam Và Nữ (Bunk Bed in Mixed Dormitory Room),4251
55589298,Giường Tầng Trong Phòng Ngủ Tập Thể Cho Nam Và Nữ (Bunk Bed in Mixed Dormitory Room),4252
16204051,Phòng Tiêu Chuẩn (Standard),4253
16204051,Deluxe Junior Suite,4254
37130625,Studio 2 Tầng (Duplex Studio),4255
37130625,Suite Duplex C (Duplex Suite Plus),4256
64834890,Standard No Window,4257
64834890,Phòng Tiêu Chuẩn (Standard Room),4258
5802442,Phòng Residential Loại Sang Giường Đôi (Residential Deluxe Double),4259
64877546,"Basic Double Room, Balcony, City View",4260
64877546,Phòng Đôi (Double Room),4261
65747213,Superior Giường Đôi Lớn - 1 Phòng Tắm (Superior Queen - 1 Bathroom),4262
65747213,Phòng Loại Sang Giường Đôi Lớn - 1 Phòng Tắm (Deluxe Queen - 1 Bathroom),4263
60239016,Phòng cổ điển giường đôi hoặc 2 giường (Classic Double or Twin Room),4264
62035781,Phòng Đôi Cao Cấp (Superior Double Room),4265
63064610,Phòng Superior Giường Đôi có Cửa sổ (Superior Double with Window),4266
63064610,Phòng Deluxe giường đôi có cửa sổ (Deluxe Double Room With Window),4267
70979566,Superior Double Room,4268
70979566,Loại Sang - 1 Giường Lớn (Deluxe - 1 King Bed),4269
2614882,Phòng Studio Executive (Studio Executive),4270
12548975,Căn hộ dạng Studio Tiêu chuẩn (Standard Studio Apartment),4271
12548975,Căn hộ Superior (Superior Apartment),4272
35720087,Phòng Đẳng Cấp (Premier Room),4273
545244,Căn Hộ 1 Phòng Ngủ (One Bedroom Apartment),4274
68396303,Phòng Đôi (Double Room),4275
5796940,Superior giường đôi hoặc 2 giường (Superior Double Or Twin Bed),4276
29464613,Phòng 4 giường đơn (2 Twin Bed Room),4277
29464613,Phòng 1 Giường Lớn (1 King Bed Room),4278
29464613,1 KING ACCESSIBLE ROOM (1 King Accessible Room),4279
45457894,Phòng Loại Sang Hướng Vườn Giường Đôi (Deluxe Garden Double),4280
45457894,Deluxe 2 giường hướng sân vườn (Deluxe Garden Twin),4281
45457894,Phòng Loại Sang Hướng Bể Bơi 2 Giường Đơn (Deluxe Twin Pool View),4282
45457894,Phòng Đôi Loại Sang Hướng Bể Bơi (Deluxe Pool View Double Room),4283
45457894,Phòng Hai Giường Đơn Thương Gia Hướng Núi (Executive Twin room- Mountain view),4284
45457894,Phòng Executive giường đôi (Executive Double Room),4285
45457894,Phòng Executive Hướng Bể Bơi Hai Giường Đơn (Executive Pool View Twin Room),4286
45457894,Phòng Executive Nhìn Ra Hồ Bơi (Executive Pool View Room),4287
45457894,Phòng Suite Hướng núi (Suite Mountain View),4288
45457894,Phòng Suite Hướng hồ bơi (Suite Pool View),4289
45457894,Suite Gia Đình Hướng Núi (Mountain View Family Suite),4290
45457894,Phòng Suite Gia đình Hướng hồ bơi (Family Suite Pool View),4291
45457894,Biệt Thự 2 BR Bể Bơi Riêng (Villa 2 BR Private Pool),4292
45457894,Villa 2 phòng ngủ có hồ bơi riêng (2-Bedroom Villa with Private Pool),4293
45457894,Biệt Thự 3 BR Bể Bơi Riêng (Villa 3 BR Private Pool),4294
25695641,Phòng Deluxe view vườn hai giường đơn (Deluxe Garden View Twin),4295
25695641,Phòng Giường Lớn Loại Sang Hướng Cảnh Thiên Nhiên (Deluxe Nature View King Room),4296
25695641,Phòng Hai Giường Đơn Loại Sang Hướng Cảnh Thiên Nhiên (Deluxe Nature View Twin Room),4297
25695641,Phòng Zen House (Zen House),4298
25695641,Phòng Suite Zen (Zen Suite),4299
25695641,Bungalow 2 giường đơn (Bungalow Twin),4300
25695641,Villa sân vườn (Garden Villa),4301
25695641,Biệt Thự Có Suối Nước Nóng Nhật Bản (Villa with Onsen),4302
64170464,Phòng Tiêu Chuẩn - 1 Giường (Standard Room -- 1 Bed),4303
64170464,Deluxe Junior Suite,4304
64170464,Suite Nhỏ Loại Sang có Ban Công (Deluxe Junior Suite with Balcony),4305
64170464,Suite - 2 Giường (Suite - 2 Beds),4306
64170464,Glamping VIP,4307
64170464,Phòng Loại Sang 2 Phòng Ngủ Cho Gia Đình (Deluxe Family 2 Bedroom),4308
64170464,Suite Nhìn Ra Hồ (Suite with Lake View),4309
64170464,Phòng Deluxe 3 người (Deluxe Triple Room),4310
64170464,Suite Cắm Trại Sang Chảnh (Glamping Suite),4311
64170464,Phòng Deluxe Gia đình (Deluxe Family Room),4312
64170464,Phòng Executive - 2 Giường (Executive - 2 Beds),4313
64170464,Phòng Tập Thể Cao Cấp Cho Cả Nam Và Nữ 6 Người (Dorm Premium Mix 6 Sharing),4314
37386405,Bungalow,4315
37386405,Phòng Standard giường đôi (Standard Double Room),4316
37386405,Bungalow gia đình (Family Bungalow),4317
37386405,Bungalow Deluxe (Deluxe Bungalow),4318
32823050,Bungalow - Hướng vườn (Bungalow - Garden View),4319
32823050,"Căn Hộ Tiêu Chuẩn 1 Phòng Ngủ, 2 Người Lớn Và 1 Trẻ Em (Standard 1-Bedroom Apartment, 2 Adults and 1 Children)",4320
32823050,Phòng Garden Executive Loại Sang (Garden Executive Deluxe),4321
32823050,Tầng Cao Suite Phòng Ngủ Giường Lớn Hướng Vườn (King Bedroom Suite Garden View High Floor),4322
32823050,Loại Sang - 1 Giường Lớn (Deluxe - 1 King Bed),4323
32823050,Suite Junior Nhìn Ra Vườn (Junior Suite with Garden View),4324
32823050,Phòng Deluxe Gia đình (Deluxe Family Room),4325
32823050,Căn hộ lớn (Large Apartment),4326
32823050,Chalet hướng vườn (Garden View Chalet),4327
32823050,Căn hộ Cổ điển (Classic Apartment),4328
65104,Phòng hướng núi (Mountain View),4329
65104,Villa Tiêu chuẩn (Standard Villa),4330
65104,Phòng Tiêu Chuẩn (Standard),4331
65104,Biệt thự - Tiêu chuẩn (Villa - Standard),4332
65104,Gia Đình Tiêu Chuẩn Phòng Tắm Riêng (Standard Family private bathroom),4333
65104,Deluxe cottage garden view,4334
65104,Suite 2 Phòng Ngủ (Two-Bedroom Suite),4335
25560513,Superior 2 giường đơn (Superior Twins),4336
25560513,Phòng Hai Giường Đơn Loại Sang (Deluxe Twin Room),4337
25560513,Superior 3 người (Superior Triple),4338
25560513,Suite,4339
25560513,Deluxe 3 người (Deluxe Triple),4340
25560513,Phòng cho 3 người có Ban Công (Triple Room with Balcony),4341
25560513,Căn hộ (Apartment),4342
25560513,Dãy phòng liền nhau (Adjoining Rooms),4343
1350336,Phòng Tiêu Chuẩn 2 Giường Đơn (Standard Twin Room),4344
1350336,Phòng Tiêu Chuẩn Giường Đôi (Standard Double Room),4345
67283563,Phòng Deluxe giường đôi có ban công (Deluxe Double Room with Balcony),4346
67283563,Phòng Đôi Loại Sang có Bồn Tắm (Deluxe Double Room with Bathtub),4347
67283563,Suite Nhìn Ra Hồ (Suite with Lake View),4348
67283563,Phòng gia đình có ban công (Family Room with Balcony),4349
67283563,Phòng Giường Đôi Lớn Có Ban Công (Queen Room with Balcony),4350
67283563,Bungalow,4351
871221,Deluxe 3 người (Deluxe Triple),4352
75218566,Bungalow,4353
75218566,Nhà gỗ (chalet) 3 Phòng ngủ (Three-Bedroom Chalet),4354
79441843,Bungalow,4355
79441843,Bungalow Tiêu Chuẩn (Standard Bungalow),4356
79441843,Bungalow Tiêu Chuẩn (Standard Bungalow),4357
79441843,Bungalow Cao cấp (Superior Bungalow),4358
79441843,Bungalow Gia Đình (Family Bungalow),4359
79441843,Bungalow Deluxe (Deluxe Bungalow),4360
79441843,Bungalow Deluxe (Deluxe Bungalow),4361
79441843,Bungalow 1 Phòng Ngủ (One-Bedroom Bungalow),4362
79441843,Bungalow 1 Phòng Ngủ (One-Bedroom Bungalow),4363
79441843,Biệt Thự Có Hồ Bơi Riêng (Villa with Private Pool),4364
804875,Cao cấp - Cổ Điển (Superior - Classic),4365
804875,Phòng Đôi Tiêu chuẩn (Standard Double),4366
804875,Deluxe 1,4367
804875,Phòng Superior Giường Đôi/2 Giường Đơn (Superior Double or Twin Room),4368
804875,Deluxe 2,4369
804875,Phòng Loại Sang (Deluxe Room),4370
67495059,Phòng Đôi (Double Room),4371
63990266,Phòng Ngủ Tập Thể Cho Cả Nam Và Nữ (Mixed Dormitory Room),4372
63990266,Phòng Ngủ Tập Thể Cho Cả Nam Và Nữ (Mixed Dormitory Room),4373
63990266,Phòng Đôi (Double Room),4374
23897083,Nhà riêng (home ),4375
10671243,Nhà trệt (Bungalow),4376
62044600,Phòng Hai Giường Đơn (Twin Room),4377
62044600,Phòng Đôi (Double Room),4378
47200651,Phòng Deluxe 2 Giường Đơn Nhìn ra Vườn (Deluxe Garden View Twin Room),4379
47200651,Phòng Deluxe 2 Giường Đơn Hướng Thiên Nhiên (Deluxe Nature View Twin),4380
47200651,Deluxe Nature View Double,4381
46034036,Phòng Đôi Glamping Có 2 Giường Đơn (Glamping Double Room with 2 Single Beds),4382
46034036,Bungalow với Sân hiên (Bungalow with Patio),4383
46034036,Bungalow Deluxe (Deluxe Bungalow),4384
46034036,Glamping VIP,4385
46034036,Căn Hộ Một Phòng Ngủ Hướng Vườn (One-Bedroom Garden View Apartment),4386
1325322,Phòng Giường Đôi/2 Giường Đơn (Double or Twin Room),4387
1325322,Phòng Ba Người (Triple Room),4388
32914012,Phòng 4 người (Quadruple Room),4389
32914012,Phòng Loại Sang Giường Đôi (Deluxe Double Room),4390
32914012,Superior gia đình (Superior Family),4391
32914012,Phòng Gia Đình Loại Sang (Deluxe Family),4392
51651177,Phòng Đôi (Double Room),4393
51651177,Phòng Có 2 Giường Cỡ King (King Room with Two King Beds),4394
51651177,Phòng Superior Có Giường Cỡ King (Superior King Room),4395
77415615,Phòng Đôi (Double Room),4396
77415615,Phòng Hai Giường Đơn (Twin Room),4397
77415615,Phòng Tiêu Chuẩn Giường Đôi (Standard Double Room),4398
77415615,Phòng Tiêu Chuẩn 2 Giường Đơn (Standard Twin Room),4399
77415615,Phòng Superior 2 giường đơn (Superior Twin Room),4400
77415615,Phòng Đôi Cao Cấp (Superior Double Room),4401
77415615,Bungalow 1 Phòng Ngủ (One-Bedroom Bungalow),4402
77415615,Bungalow 2 Phòng Ngủ (Two-Bedroom Bungalow),4403
77415615,Bungalow 3 Phòng Ngủ (Three-Bedroom Bungalow),4404
77415615,Bungalow Cao cấp (Superior Bungalow),4405
25934119,Nhà riêng (home ),4406
61559410,Villa riêng (Private Villa),4407
5966513,Phòng Deluxe 3 người (Deluxe Triple Room),4408
5966513,Phòng Deluxe 4 Người (Deluxe Quadruple Room),4409
5966513,Suite Có Giường Cỡ King (King Suite),4410
5966513,Phòng Đơn Loại Sang (Deluxe Single Room),4411
37505273,MuongRetreat-Beautyroom inMuong CultureArt Museum,4412
37505273,MườngRetreat-Beauty room trong Bảo tàngNghệthuật,4413
37505273,MườngRetreat-BeautyFamily room-Bảo tàng Nghệ thuật,4414
51968032,Nhà riêng (home ),4415
51968032,Căn Hộ (Apartment),4416
37697577,Villa riêng (Private Villa),4417
29537613,Nhà riêng (home ),4418
36212436,Nhà riêng (home ),4419
31052907,Villa gia đình 2 phòng ngủ (2-Bedroom Family Villa),4420
32735675,Villa riêng (Private Villa),4421
10934062,Villa riêng (Private Villa),4422
9764516,Nhà riêng (home ),4423
9772351,Nhà trệt (Bungalow),4424
9898156,Villa riêng (Private Villa),4425
60513131,Phòng Tiêu Chuẩn Giường Đôi (Standard Double Room),4426
32735757,Villa riêng (Private Villa),4427
61363188,Căn hộ (Apartment),4428
78307858,Villa riêng (Private Villa),4429
76235989,Phòng Đôi (Double Room),4430
76235989,Phòng Đơn (Single Room),4431
26930646,Biệt Thự Hai Phòng Ngủ (Two-bedroom Villa),4432
37287089,Phòng Superior có 2 Giường đơn với Cửa sổ (Superior Twin Room with Window),4433
37287089,Deluxe giường đôi Hướng phố (Deluxe Double City View),4434
37287089,Phòng 3 người - 3 giường đơn (Triple Room - 3 Single Beds),4435
37287089,Phòng 3 Người Nhìn Ra Vườn (Triple Room with Garden View),4436
63995759,Phòng Deluxe 2 giường (Deluxe Room Twin),4437
63995759,Phòng Deluxe giường đôi (Double Deluxe Room),4438
63995759,Phòng Premier Hướng phố (Premier City View Room),4439
63995759,Junior suite double or twin balcony,4440
63995759,Suite có giường cỡ King với ban công (King Suite with Balcony),4441
63995759,Executive Suite 1 giường King (Executive Suite 1 King),4442
63995759,Căn 1 phòng ngủ có ban công (1-Bedroom Residence with Balcony),4443
63995759,Căn Hộ 1 Phòng Ngủ Nhìn Ra Thành Phố (One-Bedroom Apartment with City View),4444
63995759,Căn hộ 2 phòng ngủ (2-Bedroom Apartment),4445
25019485,Phòng Superior (Superior),4446
25019485,Deluxe 2 giường (Deluxe Twin),4447
63746671,Super giường King (Super King),4448
63746671,Phòng Tiêu Chuẩn (Standard),4449
63746671,Phòng Deluxe Có Giường Cỡ King (Deluxe King Room),4450
63620407,Căn hộ (Apartment),4451
80109183,Căn hộ (Apartment),4452
68388662,Phòng Gia Đình (Family Room),4453
74973282,Nhà riêng (home ),4454
63620400,Nhà riêng (home ),4455
80053108,Nhà riêng (home ),4456
79917776,Phòng Standard giường đôi (Standard Double Room),4457
79917776,Phòng Đôi Tiêu Chuẩn Có 2 Giường Đôi (Standard Double Room with Two Double Beds),4458
79917776,Phòng Loại Sang (Deluxe Room),4459
58890133,Căn Hộ - 2 Phòng Ngủ Cho 2 Người (Apartment - 2 Bedrooms for 2 People),4460
58890133,Căn Hộ - 2 Phòng Ngủ Cho 3 Người (Apartment - 2 Bedrooms for 3 People),4461
64584425,Căn Hộ 1 Phòng Ngủ (One-Bedroom Apartment),4462
59315156,Phòng Cao Cấp Cho Hai Người (Superior Double Room),4463
59315156,Phòng Loại Sang Giường Đôi (Deluxe Double Room),4464
186731,Superior giường đôi (Superior Double),4465
186731,Deluxe giường đôi hoặc 2 giường (Deluxe Double or Twin),4466
9967054,Phòng Superior có giường cỡ queen - Không được hút thuốc (Superior Queen Room - Non-Smoking),4467
9967054,Căn hộ Deluxe (Deluxe Apartment),4468
34125588,Superior 2 giường đơn (Superior Twins),4469
34125588,Phòng Superior 3 người (Superior Triple Room),4470
67847945,Căn Hộ 1 Phòng Ngủ (One-Bedroom Apartment),4471
78051547,Căn Hộ (Apartment),4472
38991643,Phòng Tiêu Chuẩn (Standard),4473
38991643,Standard Twin Room,4474
38991643,Phòng Tiêu chuẩn 3 người (Standard Triple Room),4475
80605546,Suite,4476
61542799,Căn hộ (Apartment),4477
9062618,Phòng giường Queen (Queen Room),4478
9062618,Phòng Hai Giường Đơn (Twin Room),4479
1193395,Phòng Tiêu Chuẩn (Standard),4480
77145802,Căn Hộ 1 Phòng Ngủ (One-Bedroom Apartment),4481
1414714,Căn Hộ 2 Phòng Ngủ (Two-Bedroom Apartment),4482
1414714,Căn Hộ 1 Giường (1 Bed Apartment),4483
78681830,Phòng Đôi (Double Room),4484
60743932,Căn hộ (Apartment),4485
58845990,Căn Hộ 1 Phòng Ngủ (One-Bedroom Apartment),4486
58845990,Căn Hộ 1 Phòng Ngủ (One-Bedroom Apartment),4487
344872,Phòng Superior Nhìn ra Thành phố - Không Hút thuốc (Superior Room with City View - Non-Smoking),4488
344872,Superior 2 giường (Superior Twin),4489
1197953,Superior - 1 Giường King (Superior - 1 King Bed),4490
1197953,Landmark Superior Room,4491
46885616,Căn hộ (Apartment),4492
28762028,– Giá Đặc Biệt Giới Hạn Thời Gian (Time Special Price),4493
28762028,Bungalow Deluxe (Deluxe Bungalow),4494
80605644,Nhà riêng (home),4495
53883475,Căn hộ (Apartment),4496
74424088,Căn hộ (Apartment),4497
78346912,Basic room (Basic Room),4498
6393486,"Deluxe, Guest Room, 2 Twin (Deluxe, Guest room, 2 Twin)",4499
6393486,"Deluxe, Guest room, 1 King",4500
10312958,Loại Sang Phòng Hollywood 2 Giường (Deluxe Hollywood Twin Room),4501
10312958,Phòng Hai Giường Đơn Loại Sang (Deluxe Twin Room),4502
49443430,Phòng Tiêu Chuẩn (Standard Room),4503
49443430,Deluxe giường đôi hoặc 2 giường (Deluxe Double or Twin),4504
52249241,Phòng Giường Đôi Nhìn Ra Thành Phố (City Double Room),4505
52249241,Phòng Giường Đôi Nhỏ (Small Double Room),4506
58354137,"Phòng Cao Cấp có 2 Giường Đơn (Superior Room, 2 Single Beds)",4507
58354137,"STUDIO, 1 King Bed",4508
38732219,Studio,4509
38732219,Studio 2 giường - Không hút thuốc (Twin Studio - Non-Smoking),4510
35695102,Phòng Tiêu Chuẩn Giường Đôi (Standard Double Room),4511
35695102,Phòng King (King Room),4512
1032037,Phòng Golden (Golden Room),4513
1032037,Phòng Kim cương (Diamond Room),4514
61732648,Căn Hộ 1 Phòng Ngủ Có Ban Công (One-Bedroom Apartment with Balcony),4515
72514682,Căn Hộ Áp Mái (The Penthouse),4516
72514682,Căn hộ có ban công (Apartment with Balcony),4517
63547077,Phòng Tiêu Chuẩn Có Giường Cỡ King (Standard King Room),4518
63547077,Deluxe giường đôi Hướng phố (Deluxe Double City View),4519
66146599,Superior - 1 Giường King (Superior - 1 King Bed),4520
66146599,Phòng Đôi Sang Trọng - Nhận Phòng Sớm (Deluxe Double Room - Early Check-In),4521
4659590,Phòng Loại Sang Giường Đôi (Deluxe Double Room),4522
4659590,Phòng Hai Giường Đơn Loại Sang (Deluxe Twin Room),4523
78975031,Căn Hộ Studio (Studio Apartment),4524
72429497,Superior giường đôi (Superior Double),4525
72429497,Phòng Deluxe giường đôi Có ban công (Deluxe Double Balcony Room),4526
46756335,Phòng Đôi Cao Cấp (Superior Double Room),4527
46756335,Phòng Đôi Loại Sang (Deluxe Double Room),4528
108901,Phòng Đôi Cao Cấp (Superior Double Room),4529
108901,Superior giường Queen (Superior Queen),4530
80550402,Phòng Có Giường Cỡ King Nhìn Ra Vườn (King Room with Garden View),4531
80550402,Phòng Có Giường Cỡ King Với Ban Công (King Room with Balcony),4532
80550402,Phòng Giường Đôi/2 Giường Đơn (Double or Twin Room),4533
23145508,Phòng Hai Giường Đơn (Twin Room),4534
23145508,Phòng Loại Sang Giường Đôi (Deluxe Double Room),4535
67096990,Phòng Deluxe 2 Giường đơn (Deluxe Twin),4536
67096990,Deluxe giường Queen (Deluxe Queen),4537
59873041,Căn hộ 1 Phòng ngủ có Ban công và Tầm nhìn ra Thành phố (One-Bedroom Apartment with Balcony and City View),4538
59873041,Căn hộ 1 Phòng ngủ có Ban công và Tầm nhìn ra Thành phố (One-Bedroom Apartment with Balcony and City View),4539
59113855,"standard studio suite, courtyard view",4540
59113855,Studio Tiêu Chuẩn (Standard Studio),4541
38036881,Phòng Loại Sang Hướng Đồi 2 Giường Đơn (Deluxe Hill View Twin Room),4542
38036881,Phòng Giường Lớn Loại Sang Hướng Đồi (Deluxe Hill View King Room),4543
36221957,Phòng Tiêu chuẩn - Giường đôi (Standard - Double),4544
36221957,Phòng Giường Đôi có Ban công và Tầm nhìn (Double Room with Balcony and View),4545
28379940,Studio,4546
26956734,Phòng Loại Sang (Deluxe),4547
26956734,Phòng Tiêu Chuẩn (Standard),4548
36834402,Deluxe King Room,4549
36834402,Deluxe Studio giường King (Deluxe Studio King),4550
5647453,Phòng Đôi Tiêu chuẩn (Standard Double),4551
5647453,Superior 2 giường (Superior Twin),4552
40340079,Phòng Đôi Phổ Thông (Economy Double Room),4553
40340079,Phòng 2 Giường Đơn Nhìn Ra Thành Phố (Twin Room with City View),4554
36070507,Phòng Tiêu Chuẩn Giường Đôi (Standard Double Room),4555
36070507,"Tiêu Chuẩn - 1 Giường, Đôi Nhìn Ra Một Phần Thành Phố, Không Hút Thuốc (Standard - 1 Bed, Double Partial City View, Non-Smoking)",4556
4518434,Superior 2 Single Beds (Superior 2 Single Beds),4557
4518434,Phòng Superior 1 giường King (Superior 1 King Bed),4558
37219892,Phòng Có Giường Cỡ King Với Ban Công (King Room with Balcony),4559
37219892,Deluxe Double Balcony Room,4560
46758557,Phòng Đôi (Double Room),4561
46758557,Phòng 4 Người (Quadruple Room),4562
33152056,Deluxe giường đôi (Deluxe Double),4563
33152056,Deluxe Studio (Studio 30),4564
31215024,Standard Twin Room,4565
46749545,Căn hộ 1 phòng ngủ (1-Bedroom Apartment),4566
8213119,Phòng Loại Sang (Deluxe Room),4567
8213119,The Level Premium Room,4568
37374628,Studio,4569
18168590,Phòng Tiêu Chuẩn (Standard),4570
18168590,Standard Twin Room,4571
75887168,Phòng Ngủ Tập Thể Cho Cả Nam Và Nữ (Mixed Dormitory Room),4572
288586,Phòng Superior (Superior),4573
288586,Phòng Tiêu Chuẩn (Standard),4574
47863203,Phòng Cao Cấp Cho Hai Người (Superior Double Room),4575
47863203,Phòng Loại Sang Giường Đôi (Deluxe Double Room),4576
18587829,"Basic Double Room Single Use, 1 Queen Bed, Non Smoking",4577
18587829,Căn Hộ 1 Phòng Ngủ (Apartment 1 Bedroom),4578
32745831,Studio,4579
32745831,Căn Hộ Nhỏ có Giường Đôi Lớn và Bếp Nhỏ (Studio with Queen Bed and Kitchenette),4580
18482854,Phòng Deluxe giường đôi có ban công (Deluxe Double Room with Balcony),4581
18482854,Phòng Ba Người Hướng Bể Bơi (Triple Room with Pool View),4582
77532149,Superior - 1 Giường Đôi (Superior - 1 Double Bed),4583
77532149,Senior Room with Street View,4584
6884466,Phòng Executive hướng hồ (Executive Lake View Room),4585
6884466,Phòng Loại Sang (Deluxe),4586
47279296,Phòng Superior Giường Đôi/2 Giường Đơn (Superior Double or Twin Room),4587
47279296,Phòng Cao Cấp – 1 Giường Đôi Lớn (Superior - 1 Queen Bed),4588
59288614,Phòng Hai Giường Đơn Loại Sang Loại A ( Deluxe Twin Room Type A),4589
59288614,Phòng Đôi (Double Room),4590
339499,Suite 2 Phòng Ngủ (2 Bedroom Suite),4591
70579739,2 Giường Đơn Tiêu Chuẩn (2 Twin Beds Standard),4592
70579739,Phòng Superior 2 giường đơn (Superior Room Twin),4593
70579739,Biệt Thự - 4 Phòng Ngủ (Villa - 4-Bedroom),4594
70579739,Biệt thự Tiêu chuẩn (Standard Villa),4595
10955,Phòng Loại Sang - 2 Giường (Deluxe - 2 Beds),4596
10955,Phòng Loại Sang - 1 Giường (Deluxe Room -- 1 Bed),4597
10955,Phòng Executive (Executive Room),4598
10955,Phòng Thương Gia Hội Viên (Club Executive Room),4599
10955,Phòng Suite (Suite Room),4600
68192959,Căn hộ (Apartment),4601
804975,Thương Gia 2 Phòng Ngủ (2-Bedroom Executive),4602
804975,Thủ Tướng 2 Phòng Ngủ (2-Bedroom Premier),4603
804975,Loại Sang 3 Phòng Ngủ (3-Bedroom Deluxe),4604
548250,Phòng Standard giường đôi (Standard Double Room),4605
548250,Phòng Superior (Superior),4606
548250,Deluxe giường đôi hoặc 2 giường (Deluxe Double or Twin),4607
46252114,Phòng Tiêu Chuẩn Có Giường Cỡ King (Standard King Room),4608
46252114,Phòng đôi Superior A (Superior Double Room A),4609
46252114,Phòng Hai Giường Đơn Loại Sang (Deluxe Twin Room),4610
46252114,Phòng Deluxe 3 người (Deluxe Triple Room),4611
46252114,Phòng Gia đình A (Family Room A),4612
46252114,Phòng Tiêu Chuẩn (Standard),4613
37171279,Phòng Peaceful Giường Lớn (Peaceful King Room),4614
37171279,Căn hộ Tiêu chuẩn (Standard Apartment),4615
37171279,Phòng Tiêu Chuẩn (Standard Room),4616
37171279,Suite Cho 2 Người (Suite for 2 People),4617
18512710,Phòng Tiêu Chuẩn 4 Người (Standard Quadruple Room),4618
18512710,Phòng Gia Đình (Family Room),4619
18512710,Phòng Đôi Loại Sang (Deluxe Double Room),4620
36965822,Phòng Tiêu Chuẩn Giường Đôi (Standard Double Room),4621
36965822,Phòng Giường Đôi Có Sân Hiên (Double Room with Terrace),4622
36965822,Phòng Giường Đôi Có Sân Hiên (Double Room with Terrace),4623
61012565,Căn hộ (Apartment),4624
46761029,Suite Căn Hộ 1 Phòng Ngủ Có Ban Công (One-Bedroom Apartment Suite with Balcony),4625
46761029,Căn Hộ 1 Phòng Ngủ Có Ban Công (One-Bedroom Apartment with Balcony),4626
255043,Superior Twin Bed,4627
255043,Phòng Superior Giường Đôi (Superior Double Bed),4628
255043,Phòng Deluxe 2 Giường Đơn (Deluxe Twin Bed),4629
255043,Phòng Deluxe Giường đôi (Deluxe Double Bed),4630
255043,Junior Suite,4631
255043,Suite,4632
76100774,Phòng Tiêu Chuẩn - 1 Giường (Standard Room -- 1 Bed),4633
37174426,Phòng Star (Star Room),4634
37174426,Phòng Tiêu Chuẩn (Standard Room),4635
37174426,Phòng Deluxe có ban công riêng (Deluxe Room with Private Balcony),4636
37174426,Phòng Tiêu chuẩn 2 giường có phòng tắm riêng (Standard Twin with Private Bathroom),4637
23011134,Phòng 4 Người Có Ban Công (Quadruple Room with Balcony),4638
61742577,Phòng 1 Giường Đôi Lớn (1 Queen Room),4639
61742577,Phòng Giường Đôi Có Phòng Tắm Riêng (Double Room with Private Bathroom),4640
24120266,Phòng Superior Deluxe giường đôi (Superior Deluxe Double Room),4641
24120266,Phòng Delux giường đôi (Deluxe Room Double),4642
24120266,Phòng giường đôi lớn (Large Double Room),4643
24120266,Phòng Hai Giường Đơn (Twin Room),4644
290092,Phòng Cao Cấp Giường Đôi (Chỉ Gồm Phòng Nghỉ) (Superior Double (Room Only)),4645
290092,Deluxe giường đôi (Deluxe Double),4646
290092,Deluxe giường ba 1 giường đôi và 1 giường đơn (Deluxe Triple 1 Double Bed and 1 Single Bed),4647
290092,VIP,4648
10144700,Phòng giường đôi không có cửa sổ (Double Room without Window),4649
10144700,Phòng Loại Sang (Deluxe Room),4650
10144700,Loại Sang – 1 Giường Đôi Lớn (Deluxe - 1 Queen Bed),4651
10144700,"Executive - 1 Giường Đôi Lớn, Căn Hộ Dịch Vụ (Executive - 1 Queen Bed, Service Apartment)",4652
10144700,Phòng Hai Giường Đơn (Twin Room),4653
10144700,Suite 1 Phòng Ngủ (One-Bedroom Suite),4654
10144700,Suite Giường Lớn (King Suite),4655
10144700,Căn Hộ 2 Phòng Ngủ (Two-Bedroom Apartment),4656
42031357,Căn hộ 1 phòng ngủ cho 2 người lớn và 2 trẻ em (1-Bedroom Apartment for 2 Adults and 2 Children),4657
42031357,Căn Hộ Cao Cấp 1 Phòng Ngủ (Premium One Bedroom Apartment),4658
42031357,Căn Hộ Cao Cấp 1 Phòng Ngủ Hướng Vườn (1-Bedroom Superior Garden View Apartment),4659
42031357,Suite Gia Đình 2 Phòng Ngủ (2 Bedrooms Family Suite),4660
42031357,Căn Hộ 1 Phòng Ngủ (One-Bedroom Apartment),4661
42031357,Căn Hộ Nhìn Ra Vườn (Apartment with Garden View),4662
42031357,Căn hộ Deluxe (Deluxe Apartment),4663
42031357,Căn Hộ 2 Phòng Ngủ (Two-Bedroom Apartment),4664
76965355,Phòng Đôi (Double Room),4665
76965355,Phòng Gia Đình (Family Room),4666
39062704,Phòng Đôi Phổ Thông (Economy Double Room),4667
39062704,Phòng Giường Đôi Hạng Bình Dân (Budget Double Room),4668
71368079,Căn Hộ Một Phòng Ngủ (One-Bedroom Apartment),4669
71368079,Căn Hộ 2 Phòng Ngủ (Two-Bedroom Apartment),4670
46609945,Phòng Standard giường đôi (Standard Double Room),4671
46609945,Phòng đôi Superior A (Superior Double Room A),4672
46609945,Phòng 4 người (Quadruple Room),4673
16332920,Phòng Tiêu Chuẩn (Standard Room),4674
16332920,Phòng Loại Sang (Deluxe Room),4675
16332920,Phòng Cao Cấp Cho Hai Người (Superior Double Room),4676
59675831,Phòng Đôi (Double Room),4677
59675831,Phòng Đôi (Double Room),4678
34850687,Deluxe apartment - Non-Smoking,4679
34850687,Căn Hộ Superior (Superior Apartment),4680
34850687,Phòng Tiêu Chuẩn (Standard Room),4681
77626680,Căn Hộ 2 Phòng Ngủ (Two-Bedroom Apartment),4682
34526371,Standard Twin Room,4683
34526371,Superior hướng thành phố (Superior City View),4684
34526371,Deluxe 2 giường (Deluxe Double Twin),4685
34526371,Phòng Executive hướng thành phố (Executive City View),4686
34526371,Phòng Đôi (Double Room),4687
9767209,Phòng Loại Sang 1 Phòng Ngủ (Deluxe 1 Bedroom),4688
78839899,Phòng Loại Sang có Giường Lớn (Deluxe King Bed),4689
78839899,Phòng Deluxe có ban công (Deluxe Room with Balcony),4690
78839899,Phòng Đôi Loại Sang (Deluxe Double Room),4691
78839899,Căn Hộ 1 Phòng Ngủ Hướng Sông (One Bedroom Apartment River View),4692
78839899,Phòng Suite Có Bồn Tắm (Suite Room With Bathtub),4693
78839899,Suite Nhìn Ra Sông (Suite with River View),4694
13870808,Phòng Tiêu Chuẩn (Standard Room),4695
13870808,Phòng Tiêu chuẩn 1 (Standard Room 1),4696
4861685,Phòng Giường Đôi Hạng Bình Dân (Budget Double Room),4697
13342554,Phòng Giường Đôi Có Phòng Tắm Riêng (Double Room with Private Bathroom),4698
13342554,Giường đôi Premium (Double Premium),4699
13342554,Phòng Đôi (Double Room),4700
13342554,Phòng Hai Giường Đơn (Twin Room),4701
13342554,Phòng Suite (Suite Room),4702
13342554,Phòng cao cấp 2 giường (Premium Twin),4703
13342554,Phòng Đôi Loại Sang (Double Deluxe),4704
8607268,Căn hộ (Apartment),4705
8607268,Căn Hộ 1 Phòng Ngủ (One-Bedroom Apartment),4706
68601203,Phòng Loại Sang Một Phòng Ngủ (One Bedroom Deluxe),4707
68601203,Deluxe suite hot tub,4708
47636421,Căn Hộ 1 Phòng Ngủ (One-Bedroom Apartment),4709
47636421,Căn Hộ 2 Phòng Ngủ (Two-Bedroom Apartment),4710
68665044,Phòng 4 Người Có Ban Công (Quadruple Room with Balcony),4711
49702279,Căn Hộ 2 Tầng (Duplex Apartment),4712
49702279,Căn Hộ 1 Phòng Ngủ (One-Bedroom Apartment),4713
49702279,X-Stay Double,4714
77241046,Căn Hộ 3 Phòng Ngủ (Three-Bedroom Apartment),4715
46245408,Phòng Đôi (Double Room),4716
46245408,Phòng Tiêu Chuẩn Giường Lớn (Standard King Room),4717
46245408,Phòng Hai Giường Đơn (Twin Room),4718
9752576,Phòng Hai Giường Đơn (Twin Room),4719
9752576,Phòng Đôi (Double Room),4720
9752576,Phòng Loại Sang (Deluxe Room),4721
9752576,Phòng Hai Giường Đơn Loại Sang (Deluxe Twin Room),4722
9752576,Phòng Deluxe Giường Đôi/2 Giường Đơn (Deluxe Double or Twin Room),4723
9752576,Phòng Comfort 3 Người (Comfort Triple Room),4724
9752576,Phòng Giường Đôi Lớn (Large Double Room),4725
532379,Phòng bình dân có tầm nhìn toàn cảnh giường đôi (Budget Panoramic View Double Room),4726
532379,Phòng Tiêu chuẩn giường đôi (Standard Double),4727
532379,Phòng Superior (Superior),4728
532379,Phòng 3 người - 1 giường đôi và 1 giường đơn (Triple - 1 Double Bed And 1 Single Bed),4729
58282053,Phòng Standard giường đôi (Standard Double Room),4730
58282053,Phòng Cao Cấp Cho Hai Người (Superior Double Room),4731
58282053,Phòng Loại Sang Giường Đôi (Deluxe Double Room),4732
58282053,Căn hộ Studio (Studio Apartment),4733
45839222,Phòng Đôi Loại Sang (Deluxe Double Room),4734
34632533,Phòng Đôi Loại Sang (Deluxe Double Room),4735
9062186,Phòng giường đơn A (Single Room A),4736
9062186,Phòng Ba Người (Triple Room),4737
64835370,Studio,4738
64835370,Căn Hộ Nhỏ Loại Sang (Deluxe Studio),4739
39797569,Căn hộ (Apartment),4740
78569202,Nhà riêng (home),4741
79078606,Căn hộ (Apartment),4742
78342061,"Standard Apartment, Balcony, City View",4743
78342061,"Standard Apartment, Balcony, City View",4744
78342061,"Deluxe Apartment, Balcony, City View",4745
16624767,Căn hộ (Apartment),4746
78339498,"Standard Double Room, Garden View",4747
10944400,Nhà riêng (home),4748
55661539,Căn Hộ 2 Phòng Ngủ (Two-Bedroom Apartment),4749
39807000,Căn hộ (Apartment),4750
31589920,Căn hộ (Apartment),4751
72098029,One Bedroom - Entire House,4752
63414360,Căn hộ (Apartment),4753
76969792,Phòng Giường Đôi Có Ban Công (Double Room with Balcony),4754
76969792,Phòng Đôi (Double Room),4755
9642497,Studio Superior (Superior Studio),4756
78619563,Căn Hộ 1 Phòng Ngủ Có Ban Công (One-Bedroom Apartment with Balcony),4757
78619563,Căn hộ 2 phòng ngủ nhìn ra cảnh thành phố (Two-Bedroom Apartment with City View),4758
45882630,Phòng Deluxe Giường Đôi/2 Giường Đơn (Deluxe Double or Twin Room),4759
71447897,Căn Hộ 2 Phòng Ngủ (Two-Bedroom Apartment),4760
9375300,Căn hộ (Apartment),4761
9043724,Phòng Đôi (Double Room),4762
79239904,Căn Hộ Nhìn Ra Biển (Apartment with Sea View),4763
79239904,Căn hộ Deluxe (DELUXE APARTMENT),4764
78606148,Căn Hộ 1 Phòng Ngủ (One-Bedroom Apartment),4765
38963095,Căn hộ (Apartment),4766
36838148,Căn hộ (Apartment),4767
31525210,Căn hộ (Apartment),4768
76096033,Căn Hộ 2 Phòng Ngủ (Two-Bedroom Apartment),4769
32221918,Căn hộ (Apartment),4770
55906580,Căn hộ (Apartment),4771
6165157,Nhà riêng (home),4772
78089426,Nhà riêng (home),4773
56314083,Deluxe giường đôi hoặc 2 giường (Deluxe Double or Twin),4774
21918167,Căn hộ (Apartment),4775
78346168,"Deluxe Apartment, City View",4776
61710070,Căn hộ (Apartment),4777
76936576,Căn Hộ 1 Phòng Ngủ (One-Bedroom Apartment),4778
28986496,Gymaster Centre,4779
28986496,Tropical Forest,4780
28986496,Camping Garden,4781
63110722,Căn hộ (Apartment),4782
61696374,Căn hộ (Apartment),4783
39687990,Căn hộ (Apartment),4784
21918163,Căn hộ (Apartment),4785
8703878,Căn hộ (Apartment),4786
78569196,Nhà riêng (home),4787
63267011,Căn hộ (Apartment),4788
65765040,Căn hộ (Apartment),4789
80155343,Nhà riêng (home),4790
75970703,Căn Hộ 1 Phòng Ngủ (Homestay),4791
39611841,Nhà riêng (home),4792
72814141,Phòng Đôi (Double Room),4793
72814141,Phòng Đôi (Double Room),4794
52133355,Nhà riêng (home),4795
61216954,Căn hộ (Apartment),4796
73408283,One Bedroom - Entire House,4797
64351507,Căn hộ (Apartment),4798
62517975,Căn hộ Tiêu chuẩn (Standard Apartment),4799
52006913,Căn hộ (Apartment),4800
79124492,Phòng Giường Đôi Có Ban Công (Double Room with Balcony),4801
12250086,Căn hộ (Apartment),4802
61453572,Căn Hộ 2 Phòng Ngủ (Two-Bedroom Apartment),4803
67833351,Căn Hộ 1 Phòng Ngủ (Homestay),4804
45427888,Căn Hộ 1 Phòng Ngủ (One-Bedroom Apartment),4805
66063172,Căn hộ (Apartment),4806
49696907,Căn Hộ (Apartment),4807
76934843,Căn Hộ 1 Phòng Ngủ (One-Bedroom Apartment),4808
56707294,Phòng Deluxe hướng thành phố (Deluxe City View Room),4809
56707294,Phòng Deluxe hướng thành phố (Deluxe City View Room),4810
78330862,Studio Tiêu Chuẩn (Standard Studio),4811
79098922,Căn Hộ 2 Phòng Ngủ (Two-Bedroom Apartment),4812
79098922,Căn Hộ 1 Phòng Ngủ (Homestay),4813
61746100,Căn hộ (Apartment),4814
36637388,Căn hộ (Apartment),4815
77179438,Phòng Superior giường đôi lớn (Superior Queen Room),4816
77179438,Phòng 4 Người (Quadruple Room),4817
58638356,Căn hộ (Apartment),4818
44561563,Căn hộ (Apartment),4819
32736330,Căn hộ (Apartment),4820
4130057,Phòng Superior (Superior),4821
186695,Phòng Loại Sang (Deluxe),4822
186695,Phòng Executive 3 Người (Executive Triple Room),4823
58579997,Phòng Gia Đình (Family Room),4824
63199211,Phòng Đôi Loại Sang (Deluxe Double Room),4825
63199211,Phòng Đơn Loại Sang (Deluxe Single Room),4826
63199211,Phòng Hai Giường Đơn Loại Sang (Deluxe Twin Room),4827
41444332,Phòng Đôi (Double Room),4828
41444332,Phòng Ba Người (Triple Room),4829
9611442,Superior Double Room,4830
18092352,Phòng Đôi Loại Sang (Deluxe Double Room),4831
18092352,Phòng Gia đình Nhìn ra Vườn (Family Room with Garden View),4832
45881698,Phòng Giường Đôi Nhỏ (Small Double Room),4833
45881698,Phòng 2 Giường Đôi (Double Room with Two Double Beds),4834
58170167,Phòng Tiêu Chuẩn (Standard Room),4835
58170167,Phòng Tiêu Chuẩn (Standard),4836
7354265,Phòng Đôi (Double Room),4837
7354265,Phòng Deluxe Có Giường Cỡ King (Deluxe King Room),4838
61301134,Căn hộ Studio - Không hút thuốc (Studio Apartment - Non-Smoking),4839
61301134,Căn Hộ Studio Có Giường Lớn (Studio Residence with King Bed),4840
77198888,Phòng Đôi (Double Room),4841
77198888,Phòng Gia Đình Có Ban Công (Family Room with Balcony),4842
46432575,Giường đơn trong phòng tập thể có phòng tắm dùng chung (Single Bed in Dormitory with Shared Bathroom),4843
46432575,Giường Đơn Trong Phòng Nghỉ Tập Thể 8 Giường (8 Bed Dormitory),4844
33910247,Phòng Tiêu Chuẩn (Standard Room),4845
77015320,Phòng Loại Sang (Deluxe Room),4846
77015320,Suite,4847
69731246,Căn Hộ 1 Phòng Ngủ (One Bedroom Apartment),4848
69731246,Căn Hộ 2 Phòng Ngủ (Two Bedroom Apartment),4849
77423804,Phòng Superior (Superior),4850
77423804,Phòng Loại Sang (Deluxe),4851
76715752,Phòng Đôi Loại Sang (Deluxe Double Room),4852
76715752,Phòng Gia Đình (Family Room),4853
75127491,Phòng Tiêu Chuẩn Có Ban Công (Standard Balcony),4854
75127491,Phòng Tiêu Chuẩn (Standard),4855
62093551,Phòng Đôi (Double Room),4856
62093551,Phòng 4 Người (Quadruple Room),4857
39900429,Phòng Tiêu Chuẩn Giường Lớn (Standard King Room),4858
39900429,Phòng Tiêu Chuẩn Giường Lớn (Standard King Room),4859
63144373,Phòng Đôi Loại Sang (Deluxe Double Room),4860
63144373,Phòng 4 Người (Quadruple Room),4861
70348568,Căn hộ (Apartment),4862
59232062,Nhà riêng (home),4863
55605626,Phòng Tiêu Chuẩn (Standard Room),4864
55605626,Deluxe 2 giường có ban công (Deluxe Twin With Balcony),4865
6963705,Suite Một Phòng 1 Giường Lớn (1 King Bed One Room Suite),4866
78323642,Phòng Đơn Loại Sang (Deluxe Single Room),4867
78323642,Phòng Standard giường đơn (Standard Single Room),4868
5808865,Phòng Cổ điển Đơn (Classic Single Room),4869
5808865,Phòng Tiêu Chuẩn (Standard),4870
61243026,Căn Hộ 1 Phòng Ngủ (One-Bedroom Apartment),4871
10632179,Phòng Đôi Loại Sang (Deluxe Double Room),4872
10632179,Phòng Giường Đôi Nhìn Ra Núi (Double Room with Mountain View),4873
71575263,Phòng Ruby Giường Đôi (Ruby Twin),4874
71575263,Phòng Ruby Giường Lớn (Ruby King),4875
51752379,Phòng Cao Cấp Cho Hai Người (Superior Double Room),4876
51752379,Phòng Tiêu Chuẩn Giường Lớn (Standard King Room),4877
2025508,Phòng Tiêu Chuẩn Giường Đôi (Standard Double Room),4878
2025508,Phòng Superior Có Giường Cỡ King (Superior King Room),4879
18931281,Phòng Tiêu chuẩn 1 (Standard Room 1),4880
26981762,Phòng 2 giường đơn có ban công (Twin Room with Balcony),4881
26981762,Phòng Tiêu Chuẩn Giường Lớn (Standard King Room),4882
52001229,Phòng Đôi (Double Room),4883
52001229,Căn hộ Tiêu chuẩn (Standard Apartment),4884
27848241,Studio Áp mái (Attic Studio),4885
27848241,Studio Tiêu Chuẩn (Serene Studio),4886
27848241,Studio Deluxe (Sky Window Studio),4887
1803827,Phòng Superior 2 giường (Superior Twin Room),4888
1803827,Phòng Cao Cấp Cho Hai Người (Superior Double Room),4889
64665887,Phòng Tiêu Chuẩn Giường Đôi (Standard Double Room),4890
64665887,Phòng Đôi Loại Sang (Deluxe Double Room),4891
76366781,Phòng Đôi (Double Room),4892
45145588,Phòng Đôi (Double Room),4893
45145588,Phòng Hai Giường Đơn (Twin Room),4894
8513497,Phòng Tiêu Chuẩn 1 giường đôi (Standard with 1 Double Bed),4895
79396848,Nhà Liền Kề (Townhouse),4896
78956535,Phòng Loại Sang Giường Đôi (Deluxe Double Room),4897
37356734,Phòng Tiêu Chuẩn (Standard),4898
37356734,Phòng Studio - 2 người (Studio - 2 people),4899
847536,Căn hộ Deluxe (Deluxe Apartment),4900
847536,Căn Hộ Có Ban Công (Apartment with Balcony),4901
246215,Studio 2 Giường Đơn (Studio Twin),4902
246215,Phòng Studio giường đôi (Studio Double),4903
61369013,Căn Hộ Studio (Studio Apartment),4904
77464947,Phòng Đôi Cao Cấp (Superior Double Room),4905
77464947,Phòng Đôi Loại Sang (Deluxe Double Room),4906
56206943,Phòng Đôi (Double Room),4907
56206943,Phòng Giường Đôi Lớn (Large Double Room),4908
42980942,Phòng Đôi (Double Room),4909
42980942,Phòng Tiêu chuẩn cho 4 người (Standard Room for 4 People),4910
52088369,Phòng Tiêu Chuẩn (Standard),4911
78428724,Superior giường đôi (Superior Double),4912
78428724,Deluxe giường đôi (Deluxe Double),4913
54875439,Căn hộ Tiêu chuẩn (Standard Apartment),4914
54875439,Căn hộ có ban công (Apartment with Balcony),4915
63161308,Phòng Đôi Loại Sang (Deluxe Double Room),4916
63161308,Phòng Đôi Tiêu Chuẩn Hướng Đại Dương (Standard Ocean View Double Room),4917
47136096,Studio Có Giường Cỡ King (King Studio),4918
66751483,Phòng Đôi (Double Room),4919
66751483,Phòng 4 người (Quadruple Room),4920
67860471,Nhà riêng (home),4921
5958746,Phòng Hai Giường Đơn (Twin Room),4922
5958746,Phòng Đôi Cao Cấp (Superior Double Room),4923
36828409,Phòng Tiêu Chuẩn Có Giường Cỡ King (Standard King Room),4924
78443272,Căn Hộ 1 Phòng Ngủ Có Ban Công và Cảnh (1 Bedroom Apartment with Balcony and Views),4925
78443272,"Căn Hộ Tiêu Chuẩn Hai Phòng Ngủ Một Phòng Tắm (Two - Bedroom, One - Bathroom Standard Apartment)",4926
63224342,Bungalow - Hướng vườn (Bungalow - Garden View),4927
63224342,European Village,4928
65863251,Căn Hộ Tiêu Chuẩn 1 Phòng Ngủ (Standard apartment 1 bedroom),4929
65863251,Phòng Deluxe có 1 Phòng ngủ (1 Bedroom Deluxe),4930
10218540,Phòng Deluxe Giường Đôi Có Bồn Tắm (Deluxe Double Room with Bath),4931
10218540,Phòng Giường Đôi Lớn (Large Double Room),4932
10218540,Phòng 4 Người (Quadruple Room),4933
75791391,Phòng Giường Đôi Hạng Bình Dân (Budget Double Room),4934
75791391,Phòng Đôi (Double Room),4935
41698112,Căn hộ (Apartment),4936
4973584,Giường đôi 1 (Double 1),4937
4973584,HAI GIƯỜNG ĐƠN (Twin),4938
79823811,Phòng Suite Có Ban Công (Suite Balcony),4939
79823811,Suite Nhìn Ra Thành Phố (Suite with City View),4940
79085014,Nhà riêng (home),4941
76233685,Phòng Hai Giường Đơn (Twin Room),4942
76233685,Phòng Đôi (Double Room),4943
59730808,Phòng Giường Đôi Có Phòng Tắm Riêng (Double Room with Private Bathroom),4944
6253844,Phòng Cao Cấp Cho Hai Người (Superior Double Room),4945
2507447,Phòng Giường Đôi Nhỏ (Small Double Room),4946
2507447,Phòng Hai Giường Đơn (Twin Room),4947
2507447,Phòng Loại Sang (Deluxe Room),4948
6152731,Căn Hộ Studio (Studio Apartment),4949
79084095,Nhà riêng (home),4950
75944711,Căn Hộ Studio (Studio Apartment),4951
75944711,Căn Hộ Một Phòng Ngủ (One-Bedroom Apartment),4952
60540779,Căn hộ (Apartment),4953
3512393,Phòng Đôi Loại Sang (Deluxe Double Room),4954
3512393,Phòng Hai Giường Đơn Loại Sang (Deluxe Twin Room),4955
68239730,Nhà riêng (home),4956
3009732,Phòng Giường Đôi Nhỏ (Small Double Room),4957
3009732,Phòng Superior giường đôi lớn (Superior Queen Room),4958
64835298,Phòng Đôi (Double Room),4959
64835298,Phòng 4 người (Quadruple Room),4960
6476708,Phòng Tiêu Chuẩn Giường Lớn (Standard King Room),4961
6476708,Phòng Ba Người (Triple Room),4962
21596730,Phòng Giường Đôi Có Phòng Tắm Riêng (Double Room with Private Bathroom),4963
21596730,Phòng Giường Đôi Có Phòng Tắm Riêng (Double Room with Private Bathroom),4964
67798285,Nhà Liền Kề (Townhouse),4965
72591747,Deluxe giường đôi hoặc 2 giường (Deluxe Double or Twin),4966
72591747,Phòng Superior Có Ban Công (Superior Balcony),4967
44367470,Phòng Đôi (Double Room),4968
44367470,Phòng Hai Giường Đơn (Twin Room),4969
36434279,Căn Hộ 1 Phòng Ngủ (One-Bedroom Apartment),4970
36434279,Căn Hộ Studio (Studio Apartment),4971
59288300,"Phòng đôi, Quang cảnh núi (Double Room, Mountain View)",4972
59288300,Căn hộ Deluxe hướng núi 1 phòng ngủ (One Bedroom Deluxe Mountain View),4973
74491946,Phòng Cao Cấp Cho Hai Người (Superior Double Room),4974
74491946,Superior - 1 Giường Đôi (Superior - 1 Double Bed),4975
26043750,Phòng 2 Phòng Ngủ (2 Bedroom),4976
63423563,Phòng Có Giường Cỡ King Nhìn Ra Vườn (King Room with Garden View),4977
239419,Phòng Tiêu chuẩn 2 giường (Standard Twin),4978
239419,Tiêu chuẩn giường King (Standard King),4979
61385349,"Basic Studio, Non Smoking, City View",4980
61385349,Studio Apartment with King Bed,4981
38511448,Căn hộ (Apartment),4982
74352367,Phòng Hai Giường Đơn (Twin Room),4983
37783278,Căn Hộ 2 Phòng Ngủ (Two-Bedroom Apartment),4984
77639448,Phòng Đôi (Double Room),4985
77639448,Deluxe - 2 Giường Đơn (Deluxe - Twin),4986
400747,Căn Hộ 1 Phòng Ngủ (One Bedroom Apartment),4987
400747,Căn Hộ 1 Phòng Ngủ có Ban Công (One Bedroom Apartment - Balcony),4988
16783218,Phòng Đôi (Double Room),4989
16783218,Phòng 4 Người (Quadruple Room),4990
59274271,Phòng Giường Đôi Có Phòng Tắm Riêng (Double Room with Private Bathroom),4991
8607464,Căn hộ (Apartment),4992
39970173,Căn hộ (Apartment),4993
28933150,Phòng Đôi (Double Room),4994
28933150,Phòng Đôi Loại Sang (Deluxe Double Room),4995
38726951,Căn hộ (Apartment),4996
15632802,Presidential Double Room,4997
41654317,Căn Hộ 2 Phòng Ngủ (Two-Bedroom Apartment),4998
47160861,Phòng đôi Superior A (Superior Double Room A),4999
47160861,Phòng Deluxe A cho 2 người (Deluxe Double Room A),5000
60206151,Phòng Tiêu Chuẩn Có Ban Công (Standard Balcony),5001
78710886,Phòng Đôi (Double Room),5002
78710886,Phòng 4 người (Quadruple Room),5003
56308782,Phòng Đôi (Double Room),5004
56308782,Phòng 4 Người (Quadruple Room),5005
40354583,Phòng Đôi Loại Sang (Deluxe Double Room),5006
40354583,Phòng Có Giường Cỡ King (King Room),5007
288282,Superior Double High Floor,5008
288282,Phòng Superior Giường Đôi/2 Giường Đơn Nhìn Ra Thành Phố (Superior Double or Twin Room with City View),5009
38585122,Căn Hộ 3 Phòng Ngủ (Three-Bedroom Apartment),5010
51807477,Căn hộ (Apartment),5011
51807477,Căn Hộ 2 Phòng Ngủ (Two-Bedroom Apartment),5012
74595075,Phòng Đôi (Double Room),5013
74595075,Phòng Đôi (Double Room),5014
28721755,Phòng Hai Giường Đơn (Twin Room),5015
28721755,Phòng Có Giường Cỡ Queen (Queen Room),5016
79296666,Phòng Tiêu Chuẩn (Standard Room),5017
64253366,Nhà riêng (home),5018
39788672,Căn Hộ 3 Phòng Ngủ (Three-Bedroom Apartment),5019
3007755,Phòng Tiêu Chuẩn Giường Đôi (Standard Double Room),5020
3007755,Phòng Tiêu Chuẩn Giường Đôi (Standard Double Room),5021
78569195,Nhà riêng (home),5022
79292427,Căn Hộ 3 Phòng Ngủ Có Ban Công (Three-Bedroom Apartment with Balcony),5023
67781686,Căn hộ (Apartment),5024
48044045,Phòng Đôi (Double Room),5025
48044045,Phòng Deluxe (2 Người lớn + 1 Trẻ em) (Deluxe Room (2 Adults + 1 Child)),5026
72811875,Căn Hộ 1 Phòng Ngủ (One-Bedroom Apartment),5027
72811875,Căn Hộ 1 Phòng Ngủ (One-Bedroom Apartment),5028
72811875,Căn Hộ 3 Phòng Ngủ (Three-Bedroom Apartment),5029
72811875,Căn Hộ 2 Phòng Ngủ (Two-Bedroom Apartment),5030
64863710,Phòng Tiêu Chuẩn Giường Đôi Lớn (Standard Queen Room),5031
64863710,Phòng Đôi Loại Sang (Deluxe Double Room),5032
64863710,Phòng 4 Người (Quadruple Room),5033
42403157,Phòng Tiêu Chuẩn Giường Đôi (Standard Double Room),5034
42403157,Phòng Đôi Cao Cấp (Superior Double Room),5035
42403157,Phòng Loại Sang (Deluxe Room),5036
42403157,Phòng 4 Người (Quadruple Room),5037
77056381,Studio Tiêu Chuẩn (Standard Studio),5038
77258572,Căn Hộ 1 Phòng Ngủ (Homestay),5039
75136564,Phòng Đôi Loại Sang (Deluxe Double Room),5040
75136564,Phòng 3 Người Có Phòng Tắm (Triple Room with Bathroom),5041
78138587,Căn Hộ 2 Phòng Ngủ (Two-Bedroom Apartment),5042
67493173,Căn Hộ 2 Phòng Ngủ (Two-Bedroom Apartment),5043
45942865,Phòng Tiêu Chuẩn 3 (Standard Room 3),5044
75887721,Phòng Đơn nhìn ra Công viên (Single Room with Park View),5045
75887721,Phòng Đơn Nhỏ (Small Single Room),5046
59090362,Phòng Giường Đôi Có Ban Công (Double Room with Balcony),5047
61213334,Căn hộ Studio (Studio Apartment),5048
61213334,Căn hộ (Apartment),5049
73966387,Phòng Tiêu Chuẩn Giường Đôi (Standard Double Room),5050
73966387,Phòng Đôi Cao Cấp (Superior Double Room),5051
73966387,Phòng Đôi Loại Sang (Deluxe Double Room),5052
73966387,Phòng Có Giường Cỡ Queen (Queen Room),5053
73966387,Studio Deluxe Giường Đôi (Deluxe Double Studio),5054
13608266,Căn hộ (Apartment),5055
74602813,Phòng Giường Đôi Nhỏ (Small Double Room),5056
74602813,Phòng Tiêu Chuẩn Giường Đôi (Standard Double Room),5057
78043942,Phòng Hai Giường Đơn (Twin Room),5058
78043942,Căn hộ Gia đình 1 Phòng ngủ (One-Bedroom Family Apartment),5059
78043942,Phòng Đơn (Single Room),5060
62547879,Phòng Cao Cấp Cho Hai Người (Superior Double Room),5061
62547879,Phòng Đôi Loại Sang (Deluxe Double Room),5062
62547879,Suite,5063
62547879,Căn hộ (Apartment),5064
62547879,Studio,5065
6853205,Phòng Premier Giường Đôi (Premier Double Room),5066
6853205,Phòng Đẳng Cấp Hai Giường Đơn (Premier Twin Room),5067
6853205,Phòng Deluxe 3 người (Deluxe Triple Room),5068
6853205,Phòng Suite giường đôi (Suite Double Room),5069
6349407,Phòng Tiêu Chuẩn Giường Đôi Với Phòng Tắm Chung (Standard Double Room with Shared Bathroom),5070
6349407,Phòng Đôi (Double Room),5071
6349407,Phòng Tiêu Chuẩn Giường Đôi Lớn (Standard Queen Room),5072
6349407,Phòng Đôi Cao Cấp (Superior Double Room),5073
6349407,Phòng Deluxe Giường Đôi Có Vòi Sen (Deluxe Double Room with Shower),5074
6349407,Phòng Tiêu Chuẩn Giường Đôi (Standard Double Room),5075
6349407,Phòng Tiêu Chuẩn Giường Lớn (Standard King Room),5076
6349407,Phòng Deluxe (2 Người lớn + 1 Trẻ em) (Deluxe Room (2 Adults + 1 Child)),5077
6349407,Phòng Deluxe Có Giường Cỡ King (Deluxe King Room),5078
6349407,Phòng 4 Người Có Ban Công (Quadruple Room with Balcony),5079
6349407,Phòng Deluxe Có 2 Giường Cỡ Queen (Deluxe Queen Room with Two Queen Beds),5080
78368922,Phòng Deluxe Có Giường Cỡ King (Deluxe King Room),5081
78368922,Phòng Superior 3 Người (Superior Triple Room),5082
78368922,Phòng Superior 4 Người (Superior Quadruple Room),5083
78368922,Phòng Gia Đình Có Ban Công (Family Room with Balcony),5084
687047,Phòng Loại Sang (Deluxe Room),5085
687047,Phòng cổ điển (Classic Room),5086
687047,Executive giường King (Executive King),5087
8468669,Phòng Tiêu Chuẩn Giường Đôi (Standard Double Room),5088
8468669,Phòng Đôi Cao Cấp (Superior Double Room),5089
8468669,Phòng Deluxe 3 người (Deluxe Triple Room),5090
8468669,Suite 1 Phòng Ngủ (One-Bedroom Suite),5091
79852436,Căn hộ (Apartment),5092
40573257,Căn hộ (Apartment),5093
41578481,Căn hộ (Apartment),5094
47149021,Căn hộ (Apartment),5095
66225374,Căn hộ (Apartment),5096
47003760,Phòng Đôi (Double Room),5097
47003760,Phòng Hai Giường Đơn (Twin Room),5098
70941212,Căn hộ (Apartment),5099
64863360,Phòng Tiêu Chuẩn Giường Đôi Lớn (Standard Queen Room),5100
64863360,Phòng Đôi Loại Sang (Deluxe Double Room),5101
64863360,Phòng 4 Người (Quadruple Room),5102
37726734,Phòng Deluxe Tiêu chuẩn (Deluxe Standard Room),5103
37726734,Phòng Superior Deluxe Giường Đôi/2 Giường Đơn (Superior Deluxe Double or Twin Room ),5104
37726734,Phòng Bốn Người Có Phòng Tắm Riêng (Quadruple Room with Private Bathroom),5105
39820429,Căn hộ (Apartment),5106
59338535,Căn hộ 1 Phòng ngủ có Ban công và Tầm nhìn ra Thành phố (One-Bedroom Apartment with Balcony and City View),5107
59338535,Căn Hộ 2 Phòng Ngủ (Two-Bedroom Apartment),5108
46882642,Căn hộ (Apartment),5109
61733458,Căn hộ (Apartment),5110
61733458,Căn Hộ 2 Phòng Ngủ (Two-Bedroom Apartment),5111
31318413,Phòng Tiêu Chuẩn (Standard Room),5112
63422349,Căn Hộ 2 Phòng Ngủ (Two-Bedroom Apartment),5113
63422349,Căn hộ (Apartment),5114
59768842,Căn hộ (Apartment),5115
78411599,Căn Hộ 2 Phòng Ngủ (Two-Bedroom Apartment),5116
50122018,Phòng Đôi (Double Room),5117
50122018,Phòng 4 người (Quadruple Room),5118
50122018,Căn Hộ (Apartment),5119
55295422,Phòng Đôi Loại Sang (Deluxe Double Room),5120
55295422,Phòng Hai Giường Đơn (Twin Room),5121
8740518,Phòng Tiêu Chuẩn (Standard Room),5122
8740518,Phòng Deluxe giường đôi có ban công (Deluxe Double Room with Balcony),5123
8740518,Super Deluxe 2 giường (Super Deluxe Twin),5124
8740518,Căn Hộ có Ban Công và Bếp (Apartment with Balcony and Kitchen),5125
26886810,Căn Hộ Một Phòng Ngủ (One-Bedroom Apartment),5126
26886810,Studio Deluxe (Deluxe Studio),5127
46883237,Căn hộ (Apartment),5128
64459949,Căn hộ (Apartment),5129
37501125,Căn Hộ 2 Phòng Ngủ (Two-Bedroom Apartment),5130
37501125,Căn Hộ 2 Phòng Ngủ (Two-Bedroom Apartment),5131
37501125,Căn Hộ 2 Phòng Ngủ (Two-Bedroom Apartment),5132
37501125,Căn Hộ 2 Phòng Ngủ (Two-Bedroom Apartment),5133
37501125,Căn Hộ 3 Phòng Ngủ (Three-Bedroom Apartment),5134
79345617,Nhà riêng (home ),5135
6899511,Phòng Đôi Tiêu Chuẩn Có 2 Giường Đôi (Standard Double Room with Two Double Beds),5136
6899511,Phòng Đơn Có Phòng Tắm Riêng (Single Room With Private Bathroom),5137
28680393,Phòng Loại Sang Giường Đôi (Deluxe Double Room),5138
28680393,Phòng Hai Giường Đơn Loại Sang (Deluxe Twin Room),5139
9593396,Studio Tiêu chuẩn giường đôi (Standard Studio Double),5140
9593396,"Superior - 1 Giường Đôi, Căn Hộ Dịch Vụ (Superior - 1 Double Bed, Service Apartment)",5141
38071169,Căn hộ (Apartment),5142
72097783,Căn hộ Studio (Studio Apartment),5143
79123246,Phòng Có Giường Cỡ King (King Room),5144
79123246,Phòng Superior Có Giường Cỡ King (Superior King Room),5145
52007346,Căn hộ (Apartment),5146
61381581,Phòng Tiêu Chuẩn 1 người (Single Standard),5147
61381581,Phòng Đôi (Double Room),5148
61381581,Phòng Deluxe có 1 Phòng ngủ (1 Bedroom Deluxe),5149
61381581,Phòng Superior 1 Phòng Ngủ (1 Bedroom Superior),5150
61381581,Phòng Deluxe 2 Phòng Ngủ (2 Bedroom Deluxe),5151
61381581,Phòng hướng thành phố (City View),5152
61381581,Deluxe hướng thành phố (Deluxe City View),5153
53636514,Phòng Đôi (Double Room),5154
53636514,Phòng Hai Giường Đơn (Twin Room),5155
10941535,Nhà riêng (home ),5156
52057293,Căn hộ (Apartment),5157
52007195,Căn hộ (Apartment),5158
5811185,Standard Double or Twin Room(2 Twin Beds),5159
5811185,Phòng Tiêu Chuẩn 105 (Standard Room 105),5160
63870896,Căn hộ 2 phòng ngủ nhìn ra cảnh thành phố (Two-Bedroom Apartment with City View),5161
63870896,Căn hộ (Apartment),5162
68415773,Căn Hộ 3 Phòng Ngủ Có Ban Công (Three-Bedroom Apartment with Balcony),5163
58299952,Căn Hộ 3 Phòng Ngủ (Three-Bedroom Apartment),5164
58299952,Căn hộ (Apartment),5165
59090335,Nhà 3 Phòng Ngủ (Three-Bedroom House),5166
54165170,Nhà riêng (home ),5167
42360506,Phòng Tiêu Chuẩn (Standard Room),5168
42360506,Phòng Deluxe có 2 giường đôi (Deluxe 2 Double),5169
55906648,Nhà riêng (home ),5170
65962975,Căn Hộ 2 Phòng Ngủ (Two-Bedroom Apartment),5171
65962975,Căn hộ (Apartment),5172
79568864,Phòng Tiêu Chuẩn Giường Đôi (Standard Double Room),5173
79568864,Phòng Deluxe sang trọng (Deluxe Luxury Room),5174
79568864,Căn Hộ Nhỏ Hai Giường Đơn (Twin Studio),5175
79568864,The Flat,5176
43313294,Căn Hộ 3 Phòng Ngủ (Three-Bedroom Apartment),5177
42177337,Căn hộ (Apartment),5178
73950165,Nhà riêng (home ),5179
68033951,"Honeymoon Double Room, 1 Bedroom, Balcony, Garden View",5180
68033951,Phòng Đôi Loại Sang (Deluxe Double Room),5181
78719395,Nhà riêng (home ),5182
72032481,Căn Hộ 2 Phòng Ngủ (Two-Bedroom Apartment),5183
72032481,Căn hộ (Apartment),5184
46749774,Phòng Deluxe giường Queen (Deluxe Queen Room),5185
46749774,Phòng có giường Queen và ban công (Queen Room With Balcony),5186
46749774,Căn hộ có sân thượng (Apartment with Terrace),5187
46749774,Phòng 2 giường có phòng tắm riêng (Twin Room with Private Bathroom),5188
46749774,Phòng Loại Sang Giường Đôi (Deluxe Double Room),5189
46749778,Phòng Tiêu chuẩn giường King (Standard King Room),5190
46749778,Phòng King (King Room),5191
46749778,Phòng Loại Sang Giường Lớn (Deluxe King Room),5192
46749778,Phòng Tập Thể 8 Giường Cả Nam Và Nữ (8-Bed Mixed Dormitory Room),5193
46604598,Phòng Đôi (Double Room),5194
46604598,Phòng 4 người (Quadruple Room),5195
46604600,Phòng King (King Room),5196
46604600,Phòng gia đình có phòng tắm riêng (Family Room with Private Bathroom),5197
65765052,Căn hộ (Apartment),5198
79345620,Nhà riêng (home ),5199
72098030,One Bedroom - Entire House,5200
73952856,Nhà riêng (home ),5201
65765046,Căn hộ (Apartment),5202
49684864,Căn hộ (Apartment),5203
78762315,Nhà riêng (home ),5204
51754951,"Deluxe Double Room Single Use, Courtyard View",5205
51754951,"Superior Suite, Balcony, Courtyard View",5206
69732872,Căn hộ (Apartment),5207
15919376,Phòng Giường Đôi Có Phòng Tắm Riêng (Double Room with Private Bathroom),5208
78762318,Nhà riêng (home ),5209
78346597,Comfort Room,5210
79293156,Căn Hộ 3 Phòng Ngủ (Three-Bedroom Apartment),5211
31632350,Căn hộ (Apartment),5212
16724427,Căn hộ (Apartment),5213
33030734,Căn hộ (Apartment),5214
7471185,Phòng Tiêu Chuẩn 2 Giường Đơn (Standard Twin Room),5215
7471185,Phòng Giường Đôi Có Phòng Tắm Riêng (Double Room with Private Bathroom),5216
7471185,Phòng 3 Người Có Phòng Tắm (Triple Room with Bathroom),5217
7471185,Phòng Giường Đôi hay 2 Giường Đơn với phòng tắm (Double or Twin Room with Bathroom),5218
7471185,Căn Hộ 1 Phòng Ngủ (One-Bedroom Apartment),5219
59336824,Căn hộ (Apartment),5220
74352224,Căn Hộ 2 Phòng Ngủ (Two-Bedroom Apartment),5221
39687939,Căn hộ (Apartment),5222
34389345,Căn hộ (Apartment),5223
52272594,Căn hộ (Apartment),5224
31480784,Nhà trệt (Bungalow),5225
37138365,Căn hộ (Apartment),5226
78341585,Phòng cơ bản (Basic Room),5227
59768960,Căn hộ (Apartment),5228
53760402,Phòng Hai Giường Đơn (Twin Room),5229
77460897,Phòng Tiêu Chuẩn Giường Đôi (Standard Double Room),5230
77460897,Phòng Tiêu Chuẩn 2 Giường Đơn (Standard Twin Room),5231
77460897,Phòng Tiêu Chuẩn Giường Đôi (Standard Double Room),5232
77460897,Phòng Tiêu Chuẩn 2 Giường Đơn (Standard Twin Room),5233
77460897,Phòng Đôi Loại Sang (Deluxe Double Room),5234
77460897,Phòng Superior 3 Người (Superior Triple Room),5235
78328469,"Luxury Apartment, Balcony, City View",5236
52057479,Căn hộ (Apartment),5237
48750742,Căn hộ (Apartment),5238
55842848,Căn hộ (Apartment),5239
61423960,Căn hộ (Apartment),5240
36450822,Căn hộ (Apartment),5241
76735281,Căn Hộ 2 Phòng Ngủ (Two-Bedroom Apartment),5242
78762314,Nhà riêng (home ),5243
61199911,Căn hộ (Apartment),5244
78611912,Phòng Có Giường Cỡ Queen (Queen Room),5245
78611912,Phòng Giường Đôi Hạng Bình Dân (Budget Double Room),5246
78611912,Phòng Giường Đôi/2 Giường Đơn (Double or Twin Room),5247
78611912,Phòng Gia Đình (Family Room),5248
74452852,Phòng Đôi (Double Room),5249
74452852,Phòng Đôi (Double Room),5250
78511481,Nhà riêng (home ),5251
64253378,Nhà riêng (home ),5252
2107347,Phòng Superior 2 giường đơn (Superior Twin Room),5253
2107347,Phòng Superior 3 Người (Superior Triple Room),5254
2107347,Phòng Superior 2 Giường Đơn Nhìn Ra Vườn (Superior Twin Room with Garden View),5255
2107347,Phòng Deluxe 2 Giường Đơn Nhìn Ra Biển (Deluxe Twin Room with Sea View),5256
2107347,Phòng Deluxe 3 Người Nhìn Ra Biển (Deluxe Triple Room with Sea View),5257
2107347,Phòng Giường Đôi Nhìn Ra Vườn (Double Room with Garden View),5258
2107347,Phòng Deluxe hướng biển giường đôi (Deluxe Double Room with Sea View),5259
61248689,Phòng Deluxe Có 2 Giường Cỡ Queen (Deluxe Queen Room with Two Queen Beds),5260
80566353,Nhà riêng (home ),5261
76673251,Căn hộ (Apartment),5262
21139528,Căn hộ (Apartment),5263
75880782,Phòng Đôi (Double Room),5264
75880782,Phòng 4 Người (Quadruple Room),5265
75880782,Phòng Superior 4 Người (Superior Quadruple Room),5266
78762313,Nhà riêng (home ),5267
79556459,Phòng Deluxe Có Giường Cỡ King (Deluxe King Room),5268
79556459,Phòng Có Giường Cỡ King Với Ban Công (King Room with Balcony),5269
79556459,Phòng Gia Đình Có Ban Công (Family Room with Balcony),5270
79556459,Căn Hộ Có Ban Công (Apartment with Balcony),5271
78762317,Nhà riêng (home ),5272
74494838,Căn Hộ 1 Phòng Ngủ (Homestay),5273
30177172,Phòng Đôi Cao Cấp (Superior Double Room),5274
30177172,Phòng Loại Sang Giường Đôi (Deluxe Double Room),5275
30177172,Phòng Ba Người (Triple Room),5276
30177172,Phòng Superior 4 Người (Superior Quadruple Room),5277
37843051,Căn hộ (Apartment),5278
13594046,Căn hộ (Apartment),5279
36918364,Căn hộ (Apartment),5280
58638246,Nhà trệt (Bungalow),5281
58291011,Căn Hộ 2 Phòng Ngủ (Two-Bedroom Apartment),5282
55660909,Căn Hộ 2 Phòng Ngủ (Two-Bedroom Apartment),5283
78585606,Căn Hộ 1 Phòng Ngủ (One-Bedroom Apartment),5284
42033709,Căn hộ (Apartment),5285
77626630,Studio,5286
77626630,Studio Gia Đình (Family Studio),5287
49990153,Phòng Đôi Loại Sang (Deluxe Double Room),5288
49990153,Phòng Deluxe Giường Đôi/2 Giường Đơn (Deluxe Double or Twin Room),5289
47149035,Căn hộ (Apartment),5290
77138911,Phòng Giường Đôi Có Phòng Tắm Riêng (Double Room with Private Bathroom),5291
45153251,Căn Hộ 1 Phòng Ngủ (One-Bedroom Apartment),5292
52007572,Căn hộ (Apartment),5293
78544703,Phòng Hai Giường Đơn (Twin Room),5294
78544703,Phòng Đôi (Double Room),5295
78544703,Phòng Ba Người (Triple Room),5296
75667376,Phòng Giường Đôi Có Ban Công (Double Room with Balcony),5297
75667376,Phòng Superior Gia Đình (Superior Family Room),5298
61710063,Căn hộ (Apartment),5299
61423244,Căn hộ (Apartment),5300
61710057,Căn hộ (Apartment),5301
35765405,Căn hộ (Apartment),5302
71486720,Phòng Đôi Loại Sang (Deluxe Double Room),5303
71486720,Phòng Đôi Loại Sang (Deluxe Double Room),5304
59142168,Căn hộ (Apartment),5305
16133245,Villa riêng (Private Villa),5306
21918168,Căn hộ (Apartment),5307
47149005,Căn hộ (Apartment),5308
49696673,Nhà riêng (home ),5309
53633516,Căn hộ (Apartment),5310
78186687,Căn hộ (Apartment),5311
54872762,Căn hộ (Apartment),5312
66846598,Căn hộ (Apartment),5313
42092719,Phòng Loại Sang (Deluxe Room),5314
79077431,Căn Hộ 1 Phòng Ngủ (One-Bedroom Apartment),5315
39422613,Căn hộ (Apartment),5316
62152352,Phòng Đôi (Double Room),5317
62152352,Phòng Đôi Loại Sang (Deluxe Double Room),5318
79345207,Phòng Hai Giường Đơn Loại Sang (Deluxe Twin Room),5319
79345207,Phòng Loại Sang -- 1 Giường (Deluxe Room -- 1 Bed),5320
79345207,Phòng Được sắp xếp tùy ý khi đến (Room Assigned on Arrival),5321
45568649,Phòng Đôi Loại Sang (Deluxe Double Room),5322
45568649,Phòng Đôi Loại Sang (Deluxe Double Room),5323
34092604,Phòng Đôi Loại Sang (Deluxe Double Room),5324
34092604,Phòng Đôi (Double Room),5325
16259377,Phòng Loại Sang (Deluxe Room),5326
52210543,Căn hộ (Apartment),5327
78762316,Nhà riêng (home),5328
76937855,Căn hộ (Apartment),5329
10149919,Căn hộ (Apartment),5330
76734407,Nhà riêng (home),5331
13608637,Căn hộ (Apartment),5332
39806972,Căn hộ (Apartment),5333
76261053,Căn hộ (Apartment),5334
59002672,Căn hộ 1 Phòng ngủ có Ban công và Tầm nhìn ra Thành phố (One-Bedroom Apartment with Balcony and City View),5335
59002672,Căn hộ 2 phòng ngủ nhìn ra cảnh thành phố (Two-Bedroom Apartment with City View),5336
39686583,Căn hộ (Apartment),5337
36830259,Nhà riêng (home),5338
10946562,Nhà riêng (home),5339
65561493,Căn hộ (Apartment),5340
18526823,Căn hộ (Apartment),5341
78200358,Căn Hộ 2 Phòng Ngủ (Two-Bedroom Apartment),5342
78700526,Căn Hộ 3 Phòng Ngủ (Three-Bedroom Apartment),5343
65765051,Căn hộ (Apartment),5344
55661215,Căn Hộ 2 Phòng Ngủ (Two-Bedroom Apartment),5345
79084039,Nhà riêng (home),5346
79884214,Phòng Đôi (Double Room),5347
79884214,Phòng Đôi (Double Room),5348
61404353,Căn hộ (Apartment),5349
47648201,Căn hộ (Apartment),5350
37333260,Căn hộ (Apartment),5351
47148994,Căn hộ (Apartment),5352
78706354,Phòng Tiêu Chuẩn (Standard Room),5353
78706354,Deluxe hướng thành phố (Deluxe City View),5354
80448769,Nhà riêng (home),5355
21918164,Căn hộ (Apartment),5356
62143586,Nhà riêng (home),5357
34383065,Căn hộ (Apartment),5358
61200042,Căn hộ (Apartment),5359
70752304,Nhà riêng (home),5360
10614251,Căn hộ (Apartment),5361
61423186,Căn hộ (Apartment),5362
13759577,Căn hộ (Apartment),5363
56865071,Căn hộ (Apartment),5364
36927243,Phòng Loại Sang (Deluxe),5365
36927243,Phòng Tiêu Chuẩn (Standard Room),5366
33242039,1 KING ACCESSIBLE ROOM (1 King Accessible Room),5367
33242039,Phòng 4 giường đơn (2 Twin Bed Room),5368
79391873,Phòng Đôi (Double Room),5369
79391873,Phòng Đôi hoặc 2 giường đơn Lớn (Large Double or Twin Room),5370
37504990,Bungalow - Nhìn Ra Mặt Nước (Bungalow - Water Front),5371
4364648,Phòng Giường đôi Deluxe (2 Người lớn + 1 Trẻ em) (Deluxe Double Room (2 Adults + 1 Child)),5372
73573784,Phòng Đôi (Double Room),5373
73573784,Phòng Có Giường Cỡ Queen (Queen Room),5374
64245974,Căn hộ (Apartment),5375
625092,Phòng Tiêu chuẩn giường đôi hoặc 2 giường (Standard Double or Twin Room),5376
66726725,Phòng 3 Người Nhìn Ra Vườn (Triple Room with Garden View),5377
7710666,Phòng Đôi hoặc Hai Giường Đơn Loại Sang (Deluxe Double or Twin Room),5378
7710666,Phòng Deluxe Giường Đôi/2 Giường Đơn (Deluxe Double or Twin),5379
7710666,Phòng Loại Sang Đẳng Cấp Giường Đôi/Hai Giường Đơn (Premier Deluxe Double or Twin Room),5380
7710666,Phòng Senior Deluxe Đôi hoặc Ghép đôi (Senior Deluxe Double or Twin Room),5381
7710666,Florida Suite,5382
64212746,Garden Villa 1 bedroom,5383
64212746,Biệt Thự Vườn 2 Phòng Ngủ (Garden Villa 2 Bedroom),5384
64212746,Biệt Thự Hồ 2 Phòng Ngủ (Lake Villa 2 Bedroom),5385
64212746,Biệt Thự Vườn 3 Phòng Ngủ (Garden Villa 3 Bedroom),5386
64212746,Biệt Thự Hồ 3 Phòng Ngủ (Lake Villa 3 Bedroom),5387
55288610,Tiêu chuẩn - 1 giường đôi (Standard - 1 Double Bed),5388
55288610,Superior giường đôi (Superior Double),5389
55288610,Phòng Loại Sang Giường Đôi Có Bồn Tắm (Deluxe Double with Bath),5390
55288610,Phòng Senior Giường Đôi với Ban công (Senior Double Room with Balcony),5391
55288610,Deluxe 2 giường có ban công (Deluxe Twin With Balcony),5392
55288610,Phòng Ba Người (Triple Room),5393
55288610,Phòng Gia Đình (Family Room),5394
2736432,Phòng Đôi (Double Room),5395
2736432,Phòng 4 Người (Quadruple Room),5396
38072404,Phòng Superior (Superior),5397
38072404,Phòng Hai Giường Đơn Loại Sang (Deluxe Twin Room),5398
38072404,Phòng Superior 2 giường đơn (Superior Twin Room),5399
38072404,Phòng Cao Cấp 2 Giường - Bữa Sáng Cho 2 Người (Superior Twin - Breakfast for 2 People),5400
38072404,Phòng Cao Cấp Giường Đôi - Tầng Cao (Superior Double - High Floor),5401
38072404,Phòng Superior 2 Giường Đơn (Twin Superior),5402
38072404,Phòng Deluxe Giường Đôi (Double Deluxe),5403
38072404,Superior giường đôi có giường đôi (Double Superior With Double Bed),5404
38072404,Phòng Loại Sang Hướng Biển Hai Giường Đơn Có Ban Công (Deluxe Twin Seaview with Balcony),5405
38072404,Phòng Loại Sang Hướng Biển Giường Đôi Có Ban Công (Deluxe Double Seaview with Balcony),5406
38072404,Phòng Deluxe 3 người có ban công (Deluxe Triple Room with balcony),5407
38072404,Phòng Cao Cấp 3 Người Có Ban Công Có 3 Giường Đơn (Superior Triple Balcony with 3 Single Beds),5408
38072404,Phòng Premier Deluxe (Premier Deluxe),5409
38072404,Phòng superior dành cho 3 Khách (Triple superior),5410
38072404,Phòng Deluxe cho 3 người (Triple Deluxe),5411
38072404,Phòng Deluxe giường đôi hoặc 2 giường (Double or Twin Deluxe Premier),5412
38072404,Phòng Ba Người Gia Đình (Family Triple Room),5413
38072404,Phòng Tiêu Chuẩn Gia Đình (Family room Standard),5414
38072404,Phòng Gia đình - Phòng 4 người (Family - Quad Room),5415
38072404,Club Suite,5416
38072404,Executive City Suite,5417
38072404,Suite Gia Đình (Family Suite),5418
38072404,Executive Suite - Hướng Biển (Executive Suite - Ocean View),5419
38072404,Suite Club,5420
38072404,Marilyn Suite,5421
38072404,Suite Nhìn Ra Thành Phố (Suite with City View),5422
38072404,Suite Junior Nhìn Ra Biển (Junior Suite with Ocean View),5423
38072404,Phòng President (President),5424
38072404,Căn hộ 1 Phòng ngủ có Ban công và Nhìn ra Biển (One-Bedroom Apartment with Balcony and Sea View),5425
4848076,Phòng Superior 2 giường (Superior Twin Room),5426
4848076,Superior giường đôi (Superior Double),5427
4848076,Phòng Hai Giường Đơn Loại Sang (Deluxe Twin Room),5428
4848076,Phòng Loại Sang Giường Đôi (Deluxe Double Room),5429
4848076,Phòng Premier Hướng phố (Premier City View Room),5430
4848076,Phòng gia đình hướng thành phố (Family City View),5431
4848076,Suite,5432
4848076,Phòng Deluxe Gia đình (Deluxe Family Room),5433
33956809,Phòng Deluxe Giường Đôi/2 Giường Đơn Với Cửa Sổ Bên Trong (Deluxe Double or Twin Room with Internal Window),5434
33956809,Deluxe giường đôi Hướng phố (Deluxe Double City View),5435
33956809,Senior Double or Twin Room with Balcony - City View,5436
33956809,Phòng Loại Sang Cho Ba Người Có Cửa Sổ (Deluxe Triple Room with Window),5437
33956809,Phòng Gia đình Connecting (Connecting Family Room),5438
33956809,Phòng Suite Thông Nhau (Connecting Suite Room),5439
79487625,Deluxe giường đôi hoặc 2 giường (Deluxe Double or Twin),5440
79487625,Phòng Deluxe Có Giường Cỡ King Kèm Ban Công (Deluxe King Balcony),5441
79487625,Phòng giường Queen (Queen Room),5442
79487625,Superior giường Queen (Superior Queen),5443
79487625,Suite Deluxe 2 Phòng Ngủ (2 Bedroom Deluxe Suite),5444
79487625,Phòng Superior Đôi có 2 Giường Đôi (Superior Double Room with Two Double Beds),5445
79487625,Phòng Deluxe Có 2 Giường Cỡ Queen (Deluxe Queen Room with Two Queen Beds),5446
79487625,Deluxe gia đình (Family Deluxe),5447
79487625,Studio gia đình (Family Studio),5448
79487625,Phòng Suite Gia đình (Family Suite),5449
79487625,Căn Hộ 2 Phòng Ngủ Có Ban Công (Two-Bedroom Apartment with Balcony),5450
8696455,Phòng Petite (Petite Room),5451
8696455,Phòng ấm cúng (Cozy Room),5452
8696455,Phòng Deluxe Giường Đôi/2 Giường Đơn Nhìn Ra Biển (Deluxe Double or Twin Room with Sea View),5453
8696455,Suite Roomy Giường Lớn (Roomy Suite King),5454
8696455,Phòng Đôi Loại Sang (Deluxe Double Room),5455
8696455,Phòng toàn cảnh biển (Ocean Panorama),5456
1624707,Deluxe giường King (Deluxe King),5457
1624707,Premier Deluxe 2 giường (Premier Deluxe Twin),5458
1624707,Phòng Thương Hiệu (Signature Room),5459
1624707,Premier Deluxe 3 người (Premier Deluxe Triple),5460
1624707,Junior Suite gia đình (Family Junior Suite),5461
1370938,Phòng Superior (Superior),5462
1370938,Deluxe hướng thành phố (Deluxe City View),5463
1370938,Deluxe Premier,5464
1370938,Suite,5465
75155617,Phòng Gia Đình (Family Room),5466
34561841,Bungalow 1 phòng ngủ (1-Bedroom Bungalow),5467
34561841,Bungalow 2 giường (Twin Bungalow),5468
37353978,Phòng Có Giường Cỡ Queen (Queen Room),5469
37353978,Phòng Có Giường Cỡ Queen Với Ban Công (Queen Room with Balcony),5470
37353978,Phòng Superior Có Giường Cỡ King (Superior King Room),5471
63991945,Phòng Superior giường King (Superior King Room),5472
35716946,Phòng Có Giường Cỡ King (King Room),5473
35716946,Phòng Có Giường Cỡ King Với Ban Công (King Room with Balcony),5474
239493,Phòng 2 Giường Đơn Nhìn Ra Thành Phố (Twin Room with City View),5475
71338734,Phòng Đơn Hạng Tiết Kiệm (Economy Single Room),5476
71338734,Phòng Tiêu Chuẩn Giường Lớn (Standard King Room),5477
926818,Phòng Loại Sang (Deluxe),5478
926818,Phòng S Deluxe (S Deluxe Room),5479
77233250,Phòng Giường Đôi Có Ban Công (Double Room with Balcony),5480
77233250,Phòng Gia Đình (Family Room),5481
74643948,Phòng Tiêu Chuẩn Giường Đôi (Standard Double Room),5482
74643948,Phòng Giường Đôi Lớn (Large Double Room),5483
74643948,Phòng Giường Đôi/2 Giường Đơn (Double or Twin Room),5484
344975,Phòng Superior 2 giường đơn Hướng vườn (Superior Twin Garden View),5485
344975,Phòng Deluxe hướng hồ bơi 2 giường (Deluxe Pool View Twin room),5486
34742947,Phòng King (King Room),5487
34742947,Phòng King có ban công (King Room with Balcony),5488
80811256,Phòng Tiêu Chuẩn (Standard Room),5489
80811256,Phòng Tiêu Chuẩn Lớn (Standard Large Room),5490
80621572,Phòng Deluxe Giường Đôi (Deluxe Boutique Double),5491
80621572,Phòng Gia Đình Nhìn Ra Biển (Family Room with Sea View),5492
64513522,Căn hộ (Apartment),5493
64513519,"Tíu House Apartment Rạch Giá, Kiên Giang",5494
64513519,"TiuHouse Aparment Rạch Giá, Kiên Giang",5495
1761772,Phòng Đôi (Double Room),5496
1761772,Phòng Tiêu Chuẩn Giường Đôi (Standard Double Room),5497
64415270,Phòng 2 Giường Đơn Nhìn Ra Thành Phố (Twin Room with City View),5498
77376006,Phòng 4 Người Có Ban Công (Quadruple Room with Balcony),5499
77376006,Căn Hộ 2 Phòng Ngủ Nhìn Ra Biển (Two-Bedroom Apartment with Sea View),5500
62125264,Phòng Tiêu chuẩn hướng sông (Standard River View),5501
62125264,Superior giường Queen (Superior Queen),5502
1285662,Phòng Tiêu Chuẩn Giường Đôi (Standard Double Room),5503
1285662,Phòng Tiêu Chuẩn 2 Giường Đơn (Standard Twin Room),5504
37296684,Phòng Tiêu Chuẩn Giường Lớn (Standard King Room),5505
37296684,Phòng Đôi (Double Room),5506
38475826,Phòng Tiêu Chuẩn (Standard Room),5507
38475826,Standard Quadruple,5508
37663483,Phòng Tiêu Chuẩn (Standard),5509
37663483,Phòng Tiêu chuẩn dành cho 3 Khách (Standard Triple),5510
9065853,Phòng Đôi (Double Room),5511
9065853,Phòng Gia Đình (Family Room),5512
78974445,Phòng Tiêu Chuẩn 2 Giường Đơn (Standard Twin Room),5513
78974445,Phòng Đôi Cao Cấp (Superior Double Room),5514
4985621,1 Giường Đôi (1 Double Bed),5515
4985621,Phòng có 2 giường đôi (2 Double Beds),5516
67771232,Phòng Giường Lớn Hướng Núi (King Mountain View Room),5517
67771232,Phòng King có ban công (King Room with Balcony),5518
37181024,Phòng Cao Cấp Cho Hai Người (Superior Double Room),5519
37181024,Phòng 4 người (Quadruple Room),5520
79590827,Deluxe giường đôi (Deluxe Double),5521
79590827,Phòng Deluxe 2 Giường đơn (Deluxe Twin),5522
59007794,Phòng Có Giường Cỡ King Nhìn Ra Vườn (King Room with Garden View),5523
59007794,Bungalow Gia Đình (Family Bungalow),5524
7422676,Phòng Loại Sang (Deluxe Room),5525
7422676,Phòng Đôi Loại Sang (Deluxe Double Room),5526
7422676,Phòng Loại Sang (Deluxe Room),5527
32611766,Phòng Gia Đình Loại Sang (Deluxe Family Room),5528
32611766,Phòng Deluxe gia đình Hướng biển (Deluxe Family Sea View),5529
75890590,Phòng Tiêu Chuẩn (Standard),5530
75890590,Phòng Superior (Superior),5531
75890590,Phòng Loại Sang (Deluxe),5532
35962532,Phòng Với Sân Hiên Nhìn Ra Vườn (Garden View Terrace Room),5533
35962532,Bungalow hướng biển (Ocean View Bungalow),5534
45407654,Phòng Giường Đôi Nhìn Ra Vườn (Double Room with Garden View),5535
45407654,Phòng Giường Đôi có Ban công và Nhìn ra Biển (Double Room with Balcony and Sea View),5536
45407654,Phòng Giường Đôi Có Sân Trong (Double Room with Patio),5537
37773202,Bungalow,5538
49687039,Phòng Đôi (Double Room),5539
73567820,Phòng Có Giường Cỡ King (King Room),5540
73567820,Phòng Hai Giường Đơn (Twin Room),5541
73567820,Studio Deluxe (Deluxe Studio),5542
73567820,Phòng Suite Gia đình (Family Suite),5543
73567820,Phòng Ba Người (Triple Room),5544
73567820,Phòng Gia Đình Có Bồn Tắm (Family Room with Bath),5545
28761135,Studio Deluxe (Deluxe Studio),5546
28761135,Phòng Deluxe Giường Đôi/2 Giường Đơn (Deluxe Double or Twin Room),5547
28761135,Studio,5548
28761135,Studio - Lệch tầng (Studio - Split Level),5549
28761135,Studio Tiêu Chuẩn (Standard Studio),5550
28761135,Phòng Ba Người (Triple Room),5551
28761135,Phòng Gia Đình Có Ban Công (Family Room with Balcony),5552
28761135,Phòng 4 Người Có Bồn Tắm (Quadruple Room with Bath),5553
6853068,Phòng Đôi (Double Room),5554
6853068,Phòng 4 người (Quadruple Room),5555
6853068,Phòng Gia Đình (Family Room),5556
30850977,Phòng Đơn (Single Room),5557
30850977,Phòng Standard giường đơn (Standard Single Room),5558
30850977,Phòng Đôi (Double Room),5559
30850977,Phòng Ba Người (Triple Room),5560
69120035,Phòng Đôi (Double Room),5561
69120035,Phòng cổ điển giường đôi hoặc 2 giường (Classic Double or Twin),5562
69120035,Deluxe 3 người (Triple Deluxe),5563
69120035,Phòng Gia Đình (Family Room),5564
69120035,"Phòng Loại Sang – 2 Giường, 1 Giường Phụ (Deluxe - 2 Beds 1 Extra)",5565
4913327,Phòng Cao Cấp Cho Hai Người (Superior Double Room),5566
4913327,Phòng Tiêu Chuẩn 4 Người (Standard Quadruple Room),5567
4913327,Phòng Superior 4 Người (Superior Quadruple Room),5568
4913327,Phòng Deluxe 4 người (Deluxe Quadruple Room),5569
4913327,Phòng Loại Sang Giường Đôi (Deluxe Double Room),5570
35784255,Phòng Đôi Cao Cấp có Cửa Sổ (Superior Double Room with Window),5571
61140237,Phòng Đôi (Double Room),5572
64307184,Phòng Đôi (Double Room),5573
64307184,Phòng Gia Đình (Family Room),5574
64307184,Deluxe gia đình (Family Deluxe),5575
1846450,Phòng Đôi (Double Room),5576
1846450,Phòng Có Giường Cỡ King Nhìn Ra Vườn (King Room with Garden View),5577
1846450,Phòng 3 Người Nhìn Ra Vườn (Triple Room with Garden View),5578
1846450,Căn Hộ Có Sân Hiên (Apartment with Terrace),5579
1846450,Giường Đơn Trong Phòng Nghỉ Tập Thể Cho Cả Nam Và Nữ (Single Bed in Mixed Dormitory Room),5580
1846450,Giường Đơn Trong Phòng Nghỉ Tập Thể Cho Cả Nam Và Nữ (Single Bed in Mixed Dormitory Room),5581
2255883,Phòng Đôi (Double Room),5582
2255883,Phòng Hai Giường Đơn (Twin Room),5583
2255883,Phòng 3 Người Hạng Tiết Kiệm (Economy Triple Room),5584
2255883,Phòng Đôi hoặc 2 giường đơn Lớn (Large Double or Twin Room),5585
2255883,Phòng 4 Người (Quadruple Room),5586
2255883,Phòng Gia Đình (Family Room),5587
300929,Superior 2 giường (Superior Twin),5588
300929,Deluxe giường King (Deluxe King),5589
300929,Phòng Deluxe 2 Giường đơn (Deluxe Twin),5590
300929,Deluxe 3 người (Deluxe Triple),5591
300929,Executive Suite (Execuitve Suite),5592
70420210,Phòng Tiêu Chuẩn (Standard Room),5593
70420210,Phòng Đôi (Double Room),5594
70420210,Giường 3 Người - Phòng Điều Hòa (Triple Bed - AC Room),5595
6116651,Phòng Superior 2 giường đơn nhìn ra cảnh thành phố (Superior Twin Room with City View),5596
6116651,Phòng Cơ bản cho 3 người với phòng tắm dùng chung (Basic Triple Room with Shared Bathroom),5597
6116651,Phòng Deluxe Đơn có ban công (Deluxe Single Room with Balcony),5598
77191198,Phòng Đôi (Double Room),5599
60691133,Phòng Đôi (Double Room),5600
60691133,Phòng Hai Giường Đơn (Twin Room),5601
8110217,Phòng Được sắp xếp tùy ý khi đến (Room Assigned on Arrival),5602
80104789,Phòng Hai Giường Đơn (Twin Room),5603
80104789,Phòng Đôi (Double Room),5604
80104789,Phòng Ba Người (Triple Room),5605
80104789,Phòng Gia Đình (Family Room),5606
80104789,Phòng Đơn (Single Room),5607
78972995,Phòng Đôi (Double Room),5608
78972995,Phòng Hai Giường Đơn (Twin Room),5609
78972995,Phòng Ba Người (Triple Room),5610
72811107,Phòng Hai Giường Đơn (Twin Room),5611
52219631,Nhà riêng (home ),5612
77041664,Phòng Ngủ Tập Thể 10 Giường Cho Cả Nam Và Nữ (10-Bed Mixed Dormitory Room),5613
77041664,Phòng Đơn Hạng Bình Dân (Budget Single Room),5614
77041664,Phòng Tiêu Chuẩn Giường Đơn Nhìn Ra Núi (Standard Single Room with Mountain View),5615
59596051,Căn hộ (Apartment),5616
26079631,Phòng Tiêu Chuẩn Giường Đôi Lớn (Standard Queen Room),5617
26079631,Phòng Ba Người (Triple Room),5618
78972743,Phòng Đôi (Double Room),5619
78972743,Phòng Hai Giường Đơn (Twin Room),5620
78972743,Phòng 3 người có Tầm nhìn (Triple Room with View),5621
63408518,Phòng Đôi (Double Room),5622
63356186,Nhà khách (Guest House),5623
69122273,Phòng 4 giường đơn (2 Twin Bed Room),5624
69122273,Phòng 1 Giường Lớn (1 King Bed Room),5625
985340,Phòng Deluxe 2 Giường đơn (Deluxe Twin),5626
985340,Phòng Loại Sang Giường Đôi (Deluxe Double Room),5627
65490268,Phòng Deluxe hướng toàn cảnh cảng giường đôi (Deluxe Panorama Harbor View Double Room),5628
65490268,Deluxe giường đôi Có ban công (Deluxe Double Balcony),5629
54476836,Phòng Deluxe giường King (Deluxe Room King),5630
54476836,Grand Deluxe 2 giường (Grand Deluxe Twin),5631
13754996,Phòng Giường Đôi Có Phòng Tắm Riêng (Double Room with Private Bathroom),5632
13754996,Phòng 2 Giường Đơn Với Phòng Tắm Riêng (Twin Room with Private Bathroom),5633
13754996,Phòng Giường Đôi/2 Giường Đơn Có Phòng Tắm Riêng (Double or Twin Room with Private Bathroom),5634
4937400,Superior 2 giường (Superior Twin),5635
4937400,Phòng Tiêu Chuẩn (Standard),5636
46567202,Phòng Được sắp xếp tùy ý khi đến (Room Assigned on Arrival),5637
46567202,Phòng Tiêu Chuẩn Giường Đôi (Standard Double Room),5638
445977,Phòng Loại Sang (Deluxe Room),5639
445977,Junior Suite,5640
72591200,Phòng Superior (Superior Room),5641
72591200,Superior giường Queen (Superior Queen),5642
72591200,Deluxe giường đôi hoặc 2 giường (Deluxe Double or Twin),5643
4991650,Phòng Hai Giường Đơn (Twin Room),5644
4991650,Phòng Ba Người (Triple Room),5645
21120785,Suite Cổ Điển cho 2 Người (Classic Suite for 2 People),5646
21120785,Phòng Superior giường đôi hoặc 2 giường (Superior Double or Twin Room),5647
6427897,Phòng Đôi Loại Sang có Bồn Tắm (Deluxe Double Room with Bathtub),5648
6427897,Phòng Hai Giường Đơn Loại Sang có Bồn Tắm (Deluxe Twin Room with Bathtub),5649
65195279,Phòng Hai Giường Đơn Loại Sang (Deluxe Twin Room),5650
65195279,Phòng Sang Trọng (Luxury Room),5651
264387,Phòng Đôi Cao Cấp (Superior Double Room),5652
264387,Phòng Superior giường đôi hoặc 2 giường (Superior Double or Twin Room),5653
69468488,Phòng Hai Giường Đơn (Twin Room),5654
69468488,Phòng Đôi (Double Room),5655
47340641,Phòng Đôi (Double Room),5656
47340641,Phòng Tiêu Chuẩn Giường Lớn (Standard King Room),5657
35009464,Phòng Ba Người (Triple Room),5658
35009464,Phòng Deluxe Giường Đôi Có Bồn Tắm (Deluxe Double Room with Bath),5659
9109680,Superior giường King Hướng phố (Superior King City View),5660
9109680,Deluxe giường King (Deluxe King),5661
14880227,Phòng Loại Sang (Deluxe Room),5662
14880227,Phòng Executive (Executive),5663
9114276,Superior Bungalow,5664
9114276,Phòng Giường Đôi Lớn Hướng Vườn (Queen Room with Garden View),5665
8638021,Superior Double Room King Bed,5666
8638021,Giường đôi - Giường Queen (Double - Queen),5667
45929242,Phòng Đôi Loại Sang (Deluxe Double Room),5668
45929242,Phòng Đôi (Double Room),5669
55811254,Phòng Tiêu Chuẩn Giường Đôi Lớn (Standard Queen Room),5670
79232724,Phòng Đôi (Double Room),5671
69368974,Phòng cổ điển giường đôi hoặc 2 giường (Classic Double or Twin),5672
69368974,Phòng Đôi (Double Room),5673
64252763,Superior Villa,5674
64252763,Villa Deluxe (Deluxe Villa),5675
64252763,Biệt Thự 2 Phòng Ngủ (Two-Bedroom Villa),5676
61270074,Phòng Đôi (Double Room),5677
32809054,Phòng Đôi (Double Room),5678
32809054,Phòng 4 Người Có Phòng Tắm Chung (Quadruple Room with Shared Bathroom),5679
35454066,Phòng Đôi Tiêu Chuẩn (Standard Double Room),5680
35454066,Phòng Cao Cấp Cho Hai Người (Superior Double Room),5681
64335730,Phòng Đôi (Double Room),5682
64335730,Phòng Ba Người (Triple Room),5683
68225932,Phòng Đôi (Double Room),5684
68225932,Phòng 2 Giường Đơn Với Phòng Tắm Riêng (Twin Room with Private Bathroom),5685
64457143,Phòng Ba Người (Triple Room),5686
75889144,Phòng Đôi (Double Room),5687
2335456,Phòng Superior Giường đôi/2 Giường đơn (Superior Double or Twin),5688
2335456,Phòng Loại Sang Giường Lớn (Deluxe King Room),5689
55627990,Phòng Tiêu Chuẩn Giường Đôi Dành Cho Một Người (Standard Double Room Single Use),5690
55627990,Phòng Tiêu Chuẩn Giường Đôi (Standard Double Room),5691
2649855,Phòng Superior giường đôi hoặc 2 giường (Superior Double or Twin Room),5692
2649855,Phòng Đôi hoặc Hai Giường Đơn Loại Sang (Deluxe Double or Twin Room),5693
48510849,Phòng Đôi (Double Room),5694
48510849,Phòng 4 Người (Quadruple Room),5695
66700544,Phòng Đôi (Double Room),5696
66700544,Phòng 4 Người (Quadruple Room),5697
75893436,Phòng Tiêu Chuẩn Giường Đôi (Standard Double Room),5698
75893436,Phòng 3 Người Nhìn Ra Thành Phố (Triple Room with City View),5699
63329581,Căn hộ (Apartment),5700
55811124,Phòng Tiêu Chuẩn Giường Đôi Lớn (Standard Queen Room),5701
55634111,Phòng Hai Giường Đơn (Twin Room),5702
55634111,Phòng Tiêu Chuẩn Giường Đôi Lớn (Standard Queen Room),5703
687163,Phòng Tiêu chuẩn - 2 giường đơn (Standard - (2 Single Beds)),5704
687163,Phòng Tiêu chuẩn - 1 giường đôi (Standard - 1 Double),5705
37315804,Phòng Đôi (Double Room),5706
78338794,Phòng Deluxe Giường Đôi/2 Giường Đơn (Deluxe Double or Twin Room),5707
7170580,Phòng Cơ Bản Giường Đôi (Basic Double Room),5708
7170580,Phòng Được sắp xếp tùy ý khi đến (Room Assigned on Arrival),5709
55683918,Phòng Tiêu Chuẩn Giường Đôi Lớn (Standard Queen Room),5710
55683918,Phòng 4 Người (Quadruple Room),5711
64465949,Basic Room,5712
64465949,Phòng Tiêu Chuẩn Giường Đôi Lớn (Standard Queen Room),5713
64465949,Phòng Ba Người (Triple Room),5714
61453545,Basic Room,5715
61453545,Phòng Đôi (Double Room),5716
71715416,Standard Room,5717
55259603,Phòng Hai Giường Đơn (twin Room),5718
55259603,Phòng Ba Người (Triple Room),5719
58351832,Phòng Đôi Loại Sang (Deluxe Double Room),5720
58351832,Phòng Ba Người (Triple Room),5721
59871100,Căn Hộ 2 Phòng Ngủ (Two-Bedroom Apartment),5722
255004,Phòng Deluxe 2 Giường Đơn (Deluxe Twin Bed),5723
255004,Phòng Deluxe Giường đôi (Deluxe Double Bed),5724
5663879,"Deluxe Twin City View, Guest room, 2 Twin, City view (Deluxe Twin City View, Guest Room, 2 Twin, City View)",5725
5663879,"Phòng Deluxe, 1 Giường Cỡ King, Nhìn Ra Thành Phố (Deluxe King City View, Guest room, 1 King, City view)",5726
63692630,Phòng Cao Cấp Giường Đôi - Không Có Cảnh (Superior Double - No View),5727
63692630,Superior 2 giường (Superior Twin),5728
35076446,Phòng Đôi Loại Sang (Deluxe Double Room),5729
35076446,Phòng Deluxe (2 Người lớn + 1 Trẻ em) (Deluxe Room (2 Adults + 1 Child)),5730
35076446,Phòng Có 2 Giường Cỡ Queen (Queen Room with Two Queen Beds),5731
31047489,Phòng 1 Giường Lớn (1 King Bed Room),5732
31047489,1 KING ACCESSIBLE ROOM (1 King Accessible Room),5733
37633495,Deluxe Room,5734
37633495,Phòng Hướng Thành Phố Hai Giường Đơn Cho Gia Đình (Family Twin City View),5735
25128090,Phòng Đôi Cao Cấp (Superior Double Room),5736
25128090,Phòng Superior giường Queen (Superior Queen Room),5737
33589698,Giường Tầng Trong Phòng Ngủ Tập Thể Cho Nam Và Nữ (Bunk Bed in Mixed Dormitory Room),5738
70215627,Phòng Giường Đôi Có Phòng Tắm Riêng (Double Room with Private Bathroom),5739
70215627,Phòng Giường Đôi Có Phòng Tắm Riêng (Double Room with Private Bathroom),5740
70215627,Phòng Giường Đôi/2 Giường Đơn Có Phòng Tắm Riêng (Double or Twin Room with Private Bathroom),5741
50210184,Phòng Đôi Loại Sang (Deluxe Double Room),5742
77421203,Phòng Đôi (Double Room),5743
77421203,Giường Đơn Trong Phòng Nghỉ Tập Thể Cho Cả Nam Và Nữ (Single Bed in Mixed Dormitory Room),5744
61046946,Phòng Tiêu Chuẩn Giường Đôi (Standard Double Room),5745
61046946,Phòng Gia Đình - 1 Giường Đơn Và 1 Giường Đôi Lớn (Family Room - 1 Single Bed and 1 Queen Bed),5746
61046946,Phòng Gia Đình Tiêu Chuẩn (Standard Family Room),5747
75528052,Deluxe giường đôi hoặc 2 giường (Deluxe Double or Twin),5748
75528052,Phòng Tiêu Chuẩn (Standard Room),5749
64096515,Phòng Giường Đôi/2 Giường Đơn Với Ban Công (Double or Twin Room with Balcony),5750
64096515,Phòng Gia Đình Giường Đôi (Family Double Room),5751
64096515,Suite Nhìn Ra Thành Phố (Suite with City View),5752
14953986,Giường đôi VIP (Double VIP),5753
14953986,Phòng Hai Giường Đơn (TWIN),5754
9403730,Deluxe cổ điển (Classic Deluxe),5755
9403730,Executive Deluxe,5756
20061348,Phòng 1 Giường Lớn (1 King Bed Room),5757
20061348,1 King Guest room with Sofa bed,5758
37923378,Deluxe Suite 2 giường (Deluxe Suite Twin),5759
37923378,Superior hướng thành phố (Superior City View),5760
79310560,Phòng Deluxe hướng Hồ (Deluxe Lake View),5761
63409225,Phòng Đôi (Double Room),5762
63409225,Phòng 4 Người (Quadruple Room),5763
63409225,Phòng Gia Đình (Family Room),5764
64903200,Phòng Đôi (Double Room),5765
27848306,Phòng 4 Người (Quadruple Room),5766
27848306,Phòng Ba Người (Triple Room),5767
27848306,Phòng Đơn Có Ban Công (Single Room with Balcony),5768
72523395,Four Bedroom - Entire House,5769
55613252,Phòng Tiêu Chuẩn Giường Đôi (Standard Double Room),5770
274250,Phòng Tiêu chuẩn giường đôi (Standard Double),5771
80971918,Căn hộ (Apartment),5772
64233522,Phòng Hai Giường Đơn (twin Room),5773
64233522,Phòng Hướng Vườn (Garden View),5774
64233522,Phòng Gia Đình (Family Room),5775
10638351,Căn hộ (Apartment),5776
76327768,Căn hộ (Apartment),5777
1620550,Phòng Được sắp xếp tùy ý khi đến (Room Assigned on Arrival),5778
1620550,Superior 2 giường (Superior Twin),5779
1620550,Phòng Deluxe 2 Giường đơn (Deluxe Twin),5780
1620550,Deluxe giường King (Deluxe King),5781
1620550,Suite Executive (Executive Suite),5782
1620550,Executive Suite giường King (Executive Suite King),5783
1620550,Suite Tổng thống (Presidental Suite),5784
1620550,Suite Hạng Tổng Thống (Presidential Suite),5785
43574992,Phòng Tiêu Chuẩn Giường Đôi (Standard Double Room),5786
43574992,Phòng Hai Giường Đơn (Twin Room),5787
43574992,Phòng Đôi Loại Sang (Deluxe Double Room),5788
76061112,Phòng Đôi (Double Room),5789
76038936,Căn Hộ 1 Phòng Ngủ (Homestay),5790
13577801,Nhà riêng (home ),5791
462356,Superior - 1 Giường Đôi (Superior - 1 Double Bed),5792
462356,Phòng Deluxe 2 Giường Đơn (Deluxe Twin Bed),5793
462356,Deluxe cao cấp 2 giường (Premium Deluxe Twin),5794
462356,Deluxe cao cấp giường King (Premium Deluxe King),5795
462356,Junior Suite,5796
462356,Phòng Club Suite (Club Suite),5797
287957,Phòng Deluxe 2 Giường đơn (Deluxe Twin),5798
287957,Phòng Deluxe cho Gia đình 3 Người (Deluxe Family Triple),5799
287957,Phòng Deluxe cho 3 Người (Deluxe Triple),5800
32828818,Standard Twin Room,5801
32828818,Phòng Standard giường đôi (Standard Double Room),5802
32828818,Phòng Superior 2 giường đơn (Superior Twin Room),5803
32828818,Phòng Loại Sang (Deluxe Room),5804
32828818,Phòng Ba Người (Triple Room),5805
32828818,Vip (VIP),5806
1984611,Deluxe 2 giường (Deluxe Twin),5807
1984611,[Bữa Sáng 2 + 1] Phòng Gia Đình Tiêu Chuẩn 2 Giường Đơn + Bữa Sáng Tự Chọn Cho 3 Người ([Breakfast 2+1] Standard Family Twin + Breakfast buffet for 3 people),5808
1984611,Phòng Ba Người (Triple Room),5809
1984611,Executive Suite,5810
1119577,Phòng Đôi (Double Room),5811
1119577,Phòng Giường Đôi Lớn (Large Double Room),5812
1119577,Phòng Đôi Loại Sang (Deluxe Double Room),5813
1119577,Phòng Loại Sang (Deluxe Room),5814
280290,Phòng Deluxe 2 Giường đơn (Deluxe Twin),5815
280290,Phòng Loại Sang (Deluxe Room),5816
280290,Premium Deluxe,5817
280290,Deluxe cao cấp 2 giường (Premium Deluxe Twin),5818
280290,Executive Suite,5819
29379518,Phòng Đôi (Double Room),5820
29379518,Phòng cơ bản 3 người (Basic Triple Room),5821
29379518,Phòng Hai Giường Đơn (Twin Room),5822
29379522,Phòng Standard giường đôi (Standard Double Room),5823
29379522,Phòng Hai Giường Đơn (Twin Room),5824
29379522,Phòng Ba Người (Triple Room),5825
29379522,Phòng Queen Có 2 Giường Đôi Lớn (Queen Room with Two Queen Beds),5826
1195928,Deluxe giường đôi (Deluxe Double),5827
1195928,Phòng Deluxe 2 Giường đơn (Deluxe Twin),5828
1195928,Phòng Gia Đình (Family),5829
1195928,Suite,5830
1195928,Premier Suite,5831
77497810,Phòng Đôi Loại Sang (Deluxe Double Room),5832
77497810,Phòng Hai Giường Đơn (Twin Room),5833
77497810,Phòng Ba Người (Triple Room),5834
77497810,Phòng 4 Người Có Ban Công (Quadruple Room with Balcony),5835
38700007,Phòng Premier Deluxe (Premier Deluxe),5836
38700007,Phòng Deluxe 2 Giường đơn (Deluxe Twin),5837
38700007,Executive Deluxe,5838
38700007,Deluxe giường King (Deluxe King),5839
38700007,Suite Gia Đình (Family Suite),5840
38700007,Phòng Premier gia đình (Family Premier),5841
38700007,Phòng Executive gia đình (Family Executive),5842
60145485,Phòng Đôi (Double Room),5843
60145485,Phòng 4 người (Quadruple Room),5844
52475149,Phòng Đôi (Double Room),5845
18646642,Phòng Đôi Loại Sang (Deluxe Double Room),5846
18646642,Phòng Deluxe 2 Giường đơn (Deluxe Twin),5847
18646642,Phòng Premier 2 giường (Premier Twin),5848
18646642,Premier Double Room,5849
18646642,Suite lớn (Large Suite),5850
18646642,Grand Suite gia đình (Grand Family Suite),5851
18646642,Penthouse,5852
37647098,Phòng Deluxe Giường Đôi Có Ban Công (Deluxe Double Room with Balcony),5853
37647098,1 Giường Cỡ King (1 King Bed),5854
37647098,Phòng Gia Đình (Family Room),5855
59731199,Tiêu chuẩn - 1 giường đôi (Standard - 1 Double Bed),5856
59731199,Phòng Ngủ Giường Đôi Lớn Có Cửa Sổ (Queen Bedroom with Window),5857
59731199,Phòng Giường Đôi Lớn Có Ban Công (Queen Room with Balcony),5858
59731199,Phòng Tiêu Chuẩn - 2 Giường (Standard - 2 Beds),5859
59731199,Phòng Gia Đình Có Ban Công (Balcony Family Room),5860
59731199,Phòng 2 giường có ban công (Twin Room with Balcony),5861
59731199,Phòng Loại Sang 2 Giường Đơn Có Ban Công (Balcony Deluxe Twin Room),5862
36791289,Phòng Đôi Loại Sang (Deluxe Double Room),5863
36791289,Phòng Đôi Cao Cấp (Superior Double Room),5864
36791289,Phòng Deluxe Gia đình (Deluxe Family Room),5865
75224,Phòng Hai Giường Đơn Loại Sang (Deluxe Twin Room),5866
75224,Phòng Deluxe giường đôi (Deluxe Double Rooms),5867
75224,Executive 2 giường (Executive Twin),5868
75224,Suite,5869
75224,Executive Suite,5870
10690894,Giường Lớn Cao Cấp (Superior King),5871
10690894,Deluxe 2 giường (Deluxe Twin),5872
10690894,Deluxe 3 người (Triple Deluxe),5873
10690894,Executive Suite,5874
58984083,Phòng Loại Sang (Deluxe),5875
58984083,Phòng Giường Đôi Hoặc 2 Giường Đơn Hạng Bình Dân (Budget Double or Twin Room),5876
31573956,Phòng 1 Giường Đôi Lớn (1 Queen Room),5877
31573956,2 Giường Đơn Tiêu Chuẩn (2 Twin Beds Standard),5878
31573956,Phòng 3 giường đơn (Room with 3 Single Beds),5879
31573956,Phòng 2 giường đôi (Double with 2 Double Beds),5880
31573956,Phòng Đôi Loại Sang (Deluxe Double Room),5881
31573956,Phòng Hai Giường Đơn (Twin Room),5882
15634245,Phòng Được sắp xếp tùy ý khi đến (Room Assigned on Arrival),5883
55986992,Phòng Đôi (Double Room),5884
55986992,HAI GIƯỜNG ĐƠN (Twin),5885
55986992,Tiêu Chuẩn 3 người (Triple Standard),5886
55986992,Deluxe giường đôi hoặc 2 giường (Deluxe Double or Twin),5887
68971703,"Phòng Superior, Quang cảnh thành phố (Superior Room, City View )",5888
68971703,Phòng Tiêu Chuẩn (Standard Room),5889
40345142,Phòng Loại Sang (Deluxe Room),5890
40345142,Phòng Đôi (Double Room),5891
40345142,Phòng 4 người (Quadruple Room),5892
625544,Phòng Đơn (Single),5893
625544,Phòng Đôi (Double),5894
625544,VIP,5895
625544,Phòng Ba Người (Triple),5896
72814838,Phòng Đôi (Double Room),5897
72814838,Phòng 4 Người (Quadruple Room),5898
72814838,Phòng Hai Giường Đơn (Twin Room),5899
72814838,Phòng Gia Đình (Family Room),5900
79924169,Phòng Đôi (Double Room),5901
79924169,Phòng 4 Người (Quadruple Room),5902
67653243,Phòng Tiêu Chuẩn Giường Lớn (Standard King Room),5903
67653243,Phòng Đôi (Double Room),5904
67653243,Phòng Ba Người (Triple Room),5905
62150190,Phòng Hai Giường Đơn (Twin Room),5906
62150190,Phòng Superior giường đôi lớn (Superior Queen Room),5907
62150190,Phòng Ba Người (Triple Room),5908
60221377,Phòng Giường Đôi Nhìn Ra Vườn (Double Room with Garden View),5909
32926570,Phòng Deluxe Giường Đôi Có Vòi Sen (Deluxe Double Room with Shower),5910
32926570,Phòng 2 Giường Đơn Có Vòi Sen (Twin Room with Shower),5911
625837,VIP,5912
79446044,Phòng Tiêu Chuẩn (Standard Room),5913
29281214,Phòng Hai Giường Đơn Loại Sang (Deluxe Twin Room),5914
29281214,Phòng Loại Sang Giường Lớn (Deluxe King Room),5915
29281214,Phòng cao cấp giường King (Premium King Room),5916
29281214,Phòng có giường cỡ King nhìn ra cảnh núi non (King Room with Mountain View),5917
29281214,Suite Executive (Executive Suite),5918
77214815,Phòng Tiêu Chuẩn Giường Lớn (Standard King Room),5919
68803610,Nhà riêng (home ),5920
28918422,Căn hộ (Apartment),5921
77064501,Căn hộ (Apartment),5922
68803607,Nhà riêng (home ),5923
1994625,Phòng Deluxe Hướng vườn (Deluxe Room Garden View),5924
1994625,Phòng Loại Sang Hướng Hồ (Deluxe Room Lake View),5925
1994625,Phòng Deluxe Hướng biển (Deluxe Room Ocean View),5926
1994625,Phòng Suite Hướng vườn (Suite Garden View),5927
1994625,Suite Hướng biển (Suite Ocean View),5928
1994625,Suite Grand Hướng Đại Dương (Grand Suite Ocean View),5929
1994625,Villa 2 phòng ngủ có hồ bơi riêng (2-Bedroom Villa with Private Pool),5930
867571,Phòng Deluxe 2 Giường Đơn (Deluxe Twin Bed),5931
867571,Phòng Loại Sang có Giường Lớn (Deluxe King Bed),5932
867571,Deluxe 3 người (Deluxe Triple),5933
867571,Executive Suite,5934
75225,Phòng Superior 2 giường (Superior Twin Room),5935
23097743,Phòng Loại Sang Giường Đôi (Deluxe Double Room),5936
23097743,Phòng Deluxe 4 người (Deluxe Quadruple Room),5937
23097743,Phòng Tiêu chuẩn 4 người (Standard Quadruple Room),5938
23097743,Phòng Ba Người (Triple Room),5939
7432247,Phòng Đôi Loại Sang (Deluxe Double Room),5940
7432247,Phòng Hai Giường Đơn (Twin Room),5941
53731300,Giường đôi - 2 người (Double - 2 People),5942
53731300,Phòng Hướng Biển Giường Lớn Đối Diện Bãi Biển (Sea View Beachfront King Room),5943
53731300,Phòng 4 Người Gia đình Và Bạn bè (Friends and Family Quadruple Room),5944
53731300,Phòng Hướng Biển 2 Giường Đơn Đối Diện Bãi Biển (Sea View Beachfront Twin Room),5945
31958172,Phòng Gia đình Có ban công (Family Balcony Room),5946
39591358,Phòng Hai Giường Đơn (Twin Room),5947
1615350,Phòng Deluxe 2 Giường đơn (Deluxe Twin),5948
1615350,Deluxe giường King (Deluxe King),5949
1615350,Executive Suite,5950
41340442,Phòng Đôi (Double Room),5951
41340442,Bungalow Nhìn ra mặt nước (Waterfront Bungalow),5952
41340442,Phòng Đơn (Single),5953
28762037,Phòng Deluxe 2 giường Queen (Deluxe Queen Room with Two Queen Beds),5954
28762037,Phòng Executive (Executive Room),5955
28762037,Suite,5956
28762037,Phòng Loại Sang Hướng Biển 2 Giường Đơn (Deluxe Twin Room with Sea View),5957
80165287,Phòng Giường Đôi Có Ban Công (Double Room with Balcony),5958
80165287,Phòng Hai Giường Đơn Loại Sang (Deluxe Twin Room),5959
80165287,Phòng Deluxe Giường Đôi Có Ban Công (Deluxe Double Room with Balcony),5960
80165287,Phòng Có Giường Cỡ King Với Ban Công (King Room with Balcony),5961
80165287,Phòng Deluxe 3 người (Deluxe Triple Room),5962
80165287,Phòng Có Giường Cỡ King Nhìn Ra Hồ Nước (King Room with Lake View),5963
32313729,Nhà Trệt Hướng Vườn (Bungalow with Garden View),5964
32313729,Phòng Deluxe 3 người (Deluxe Triple Room),5965
32313729,Phòng Gia Đình Loại Sang (Deluxe Family Room),5966
38797426,Phòng Có Giường Cỡ King Nhìn Ra Vườn (King Room with Garden View),5967
38797426,Phòng 4 Người Có Ban Công (Quadruple Room with Balcony),5968
38797426,Phòng Gia đình Nhìn ra Vườn (Family Room with Garden View),5969
71182133,Phòng giường đôi hoặc 2 giường (Double or Twin),5970
63594716,Phòng Tiêu Chuẩn Giường Lớn (Standard King Room),5971
63594716,Phòng Có Giường Cỡ King Với Ban Công (King Room with Balcony),5972
63594716,Phòng Superior Gia Đình (Superior Family Room),5973
75853794,Phòng Gia Đình Hướng Núi (Family Room with Mountain View),5974
75853794,Phòng Gia đình Nhìn ra Vườn (Family Room with Garden View),5975
7206992,Phòng Gia Đình Loại Sang (Deluxe Family Room),5976
15005951,Phòng Deluxe 2 Giường đơn (Deluxe Twin),5977
15005951,Phòng Loại Sang Giường Đôi (Deluxe Double Room),5978
15005951,Phòng Hảo Hạng Hai Giường Đơn (Premium Twin Room),5979
15005951,Phòng sang trọng gia đình (Luxury family room),5980
63062455,Phòng Đôi (Double Room),5981
63062455,Phòng Loại Sang Giường Đôi (Deluxe Double Room),5982
63062455,Bungalow Deluxe (Deluxe Bungalow),5983
63062455,Giường Trong Phòng Nghỉ Tập Thể Cho Cả Nam Và Nữ 14 Giường (Bed in 14 Bed Mixed Dormitory Room),5984
80618696,Phòng Loại Sang Giường Đôi Hướng Vườn (Deluxe Double Garden View),5985
80618696,Phòng Loại Sang Hướng Bể Bơi 2 Giường Đơn (Deluxe Twin Room Pool View),5986
80618696,Phòng Deluxe Giường đôi Nhìn ra Hồ bơi (Deluxe Double Pool View),5987
80618696,Bungalow cho 3 Người (Bungalow Triple),5988
80618696,Phòng Gia đình - Phòng 4 người (Family - Quad Room),5989
80618696,Phòng gia đình hướng vườn (Family Garden View),5990
288116,Phòng Gia đình 2 Tầng (Duplex Family),5991
930011,Deluxe giường King (Deluxe King),5992
930011,Deluxe 2 giường (Deluxe Twin),5993
930011,Giường Lớn Cao Cấp Ban Công (King Premium Balcony),5994
930011,Phòng Cao Cấp Hai Giường Đơn Có Ban Công (Twin Premium Room With Balcony),5995
930011,Phòng Premium Có Ban Công (Premium Balcony),5996
930011,Phòng Giường Lớn Cao Cấp Grand (Grand Premium King),5997
930011,Grand Premium,5998
930011,Phòng Grand (Grand Room),5999
79159670,Phòng Đôi Tiêu Chuẩn (Standard Double Room),6000
79159670,Phòng Gia Đình (Family Room),6001
60998222,Superior 2 giường (Superior Twin),6002
60998222,Superior giường đôi (Superior Double),6003
60998222,Deluxe giường đôi (Deluxe Double),6004
60998222,Phòng Hai Giường Đơn (Twin Room),6005
60998222,Phòng Đôi (Double Room),6006
60998222,Phòng Gia đình (Family Room with Three Single Beds),6007
60998222,Suite,6008
60998222,Suite,6009
66728900,Phòng Gia đình nhìn ra Núi (Family Room with Mountain View),6010
66728900,Phòng Deluxe Giường Đôi Có Ban Công (Deluxe Double Room with Balcony),6011
80321398,Phòng Tiêu Chuẩn Có Giường Cỡ King (Standard King Room),6012
80321398,Phòng Đôi (Double Room),6013
80321398,Phòng Tiêu Chuẩn 4 Người (Standard Quadruple Room),6014
67267096,Phòng Giường Cỡ King (Kings),6015
67267096,Phòng 2 giường có cảnh quan (Twin Room with View),6016
67267096,Phòng Deluxe 1 giường King (Deluxe Room 1 King),6017
67267096,Phòng Family Hướng Vườn (Garden View Family Room),6018
28523194,Phòng Tiêu Chuẩn Có Giường Cỡ King (Standard King Room),6019
28523194,Phòng Loại Sang Giường Lớn (Deluxe King Room),6020
28523194,Phòng Deluxe 2 giường Queen (Deluxe Queen Room with Two Queen Beds),6021
28523194,Giường trong Phòng ngủ tập thể 4 người (Bed in 4-Bed Dormitory Room),6022
68784667,Phòng Tiêu Chuẩn (Standard Room),6023
68784667,Phòng Superior giường Queen (Superior Queen Bed),6024
68784667,Phòng Loại Sang (Deluxe),6025
68784667,Suite,6026
68784667,Phòng Tiêu chuẩn gia đình (Standard Familly Room),6027
68784667,Phòng Superior giường đôi lớn (Superior Queen Room),6028
68784667,Phòng Gia Đình Loại Sang (Deluxe Family),6029
68784667,Phòng Gia Đình (Family Room),6030
68784667,Phòng Gia Đình Giường Đôi (Family Double Room),6031
36878066,Phòng Đôi Hướng Vườn (Double Room with Garden View),6032
36878066,Phòng Giường Lớn Hướng Vườn (King Room with Garden View),6033
1637381,Nhà Xe Lưu Động Cắm Trại (Camping Trailer House),6034
1637381,Phòng Gia Đình Loại Sang (Deluxe Family Room),6035
288544,Phòng giường đôi hoặc 2 giường (Double or Twin),6036
288544,Phòng Deluxe Giường Đôi/2 Giường Đơn (Deluxe Double/Twin Room),6037
288544,Phòng Ba Người (Triple),6038
288544,Quad,6039
80567487,Phòng Giường Đôi Với Phòng Tắm Chung (Double Room with Shared Bathroom),6040
80567487,Phòng giường đôi Phòng tắm chung (Double Room Shared Bathroom),6041
80567487,Phòng Giường Đôi Có Ban Công (Double Room with Balcony),6042
80567487,Phòng Giường Đôi Có Ban Công (Double Room with Balcony),6043
80567487,Phòng giường đôi Có ban công (Double Room Balcony),6044
80567487,Giường Trong Phòng Ngủ Tập Thể Cho Cả Nam Và Nữ 6 Giường (Bed in 6-Bed Mixed Dormitory Room),6045
80567487,Giường Trong Phòng Ngủ Tập Thể Nữ 6 Giường (Bed in 6-Bed Female Dormitory Room),6046
80567487,Giường Trong Phòng Ngủ Tập Thể Nữ 6 Giường (Bed in 6-Bed Female Dormitory Room),6047
73278233,Phòng Tiêu Chuẩn Giường Đôi (Standard Double Room),6048
73278233,Phòng Superior giường đôi lớn (Superior Queen Room),6049
78586844,Phòng Tiêu Chuẩn Giường Đôi (Standard Double Room),6050
78586844,Phòng Deluxe Giường Đôi/2 Giường Đơn Có Ban Công (Deluxe Double or Twin Room with Balcony),6051
78586844,Phòng Ba Người (Triple Room),6052
78586844,Phòng 4 Người (Quadruple Room),6053
64005963,Phòng Đôi (Double),6054
64005963,Phòng Loại Sang Giường Đôi (Deluxe Double Room),6055
64005963,Phòng Cao Cấp Cho Hai Người (Superior Double Room),6056
64005963,Phòng giường đôi Hướng vườn (Double Room Garden View),6057
41502883,Suite Gia Đình Có Ghế Sofa (Family Suite with Sofa),6058
41502883,Biệt Thự Suite 2 Phòng Ngủ Nhìn Ra Vườn (2 Bed-room Suite Villa with Garden view),6059
77713632,Phòng Ba Người Hướng Bể Bơi (Triple Room with Pool View),6060
77713632,Phòng Gia Đình (Family),6061
77713632,Phòng Deluxe Gia đình (Deluxe Family Room),6062
77713632,Phòng Ngủ Tập Thể Cho Cả Nam Và Nữ (Mixed Dormitory Room),6063
77713632,Giường Đơn Trong Phòng Nghỉ Tập Thể Cho Cả Nam Và Nữ (Single Bed in Mixed Dormitory Room),6064
73590712,Phòng Đôi (Double Room),6065
73590712,HAI GIƯỜNG ĐƠN (Twin),6066
61903159,Deluxe giường đôi hướng núi (Deluxe Double Mountain View),6067
61903159,Phòng Loại Sang Giường Đôi Hướng Vườn (Deluxe Double Garden View),6068
61903159,Deluxe 3 người Nhìn ra vườn (Deluxe Triple Garden View),6069
61903159,Bungalow nhìn ra Vườn (Bungalow Garden View),6070
61903159,Phòng gia đình hướng hồ bơi (Family Pool View),6071
13753426,Phòng Loại Sang Giường Lớn (Deluxe King Room),6072
13753426,Phòng Đôi hoặc Hai Giường Đơn Loại Sang (Deluxe Double or Twin Room),6073
13753426,Phòng Giường Lớn Hướng Núi (King Mountain View Room),6074
13753426,Phòng có giường cỡ King nhìn ra cảnh núi non (King Room with Mountain View),6075
13753426,Phòng Gia Đình Hướng Vườn (Family Room Garden View),6076
25755134,Bungalow Nhìn ra vườn (Bungalow with Garden View),6077
25755134,Bungalow Nhìn ra vườn (Bungalow with Garden View),6078
25755134,Nhà Trệt Gia Đình (Bungalow Family),6079
35414748,Phòng Đôi Loại Sang (Deluxe Double Room),6080
35414748,Bungalow Gia Đình (Family Bungalow),6081
65970050,Superior - 1 Giường Đôi (Superior - 1 Double Bed),6082
65970050,Phòng Đôi (Double Room),6083
65970050,Phòng sang trọng gia đình (Luxury family room),6084
74647133,Biệt Thự Đẳng Cấp Hướng Vườn Có Bể Bơi (Premier Garden Pool Villa),6085
74647133,Suite Hướng Núi 1 Phòng Ngủ Có Ban Công Riêng (Mountain View Suite 1 Bedroom with Private Balcony),6086
11877804,Phòng Loại Sang (Deluxe Room),6087
11877804,Phòng Executive (Executive Room),6088
11877804,Phòng Gia Đình (Family Room),6089
11877804,Phòng Suite gia đình (Family Suite),6090
64626639,Phòng Hảo Hạng Cổ Điển (Classic Premium Room),6091
64626639,Phòng cổ điển giường đôi (Classic Double Room),6092
64626639,Phòng cổ điển 2 giường (Classic Twin Room),6093
64626639,Deluxe 3 người (Deluxe Triple),6094
64626639,Studio Nhìn ra hồ (Studio with Lake View),6095
36500185,Phòng Loại Sang Giường Đôi (Deluxe Double Room),6096
36500185,Phòng có giường cỡ King với Bồn tắm Spa (King Room with Spa Bath),6097
36500185,Phòng Hai Giường Đơn Loại Sang (Deluxe Twin Room),6098
36500185,Phòng Gia đình Có ban công (Family Balcony Room),6099
36500185,Phòng Loại Sang Giường Đôi Có Bồn Tắm (Deluxe Double with Bath),6100
21914806,Phòng Tiêu Chuẩn Giường Lớn (Standard King Room),6101
21914806,Giường Trong Phòng Ngủ Tập Thể 10 Giường Cho Cả Nam Lẫn Nữ (Bed in 10-Bed Mixed Dormitory Room),6102
39604706,Phòng Có Giường Cỡ King Nhìn Ra Hồ Bơi (King Room with Pool View),6103
39604706,Phòng 2 Giường Đơn Nhìn Ra Khu Vườn (Twin Room with Garden View),6104
39604706,Phòng Có Giường Cỡ King Nhìn Ra Hồ Bơi (King Room with Pool View),6105
39604706,Phòng Có Giường Cỡ King Nhìn Ra Hồ Bơi (King Room with Pool View),6106
39604706,Phòng Có Giường Cỡ King Nhìn Ra Hồ Bơi (King Room with Pool View),6107
5257193,Phòng Deluxe Có Giường Cỡ King (Deluxe King Room),6108
5257193,Phòng Tiêu Chuẩn Giường Lớn (Standard King Room),6109
5257193,Phòng Ba Người (Triple Room),6110
5257193,Phòng Giường Đôi Có Sân Trong (Double Room with Patio),6111
5257193,Phòng Giường Đôi Có Sân Hiên (Double Room with Terrace),6112
5257193,Phòng 3 người có Tầm nhìn (Triple Room with View),6113
5257193,Phòng 3 Người Có Sân Hiên (Triple Room with Terrace),6114
31439672,Phòng Hai Giường Đơn Loại Sang (Deluxe Twin Room),6115
31439672,Phòng Loại Sang Giường Đôi (Deluxe Double Room),6116
31439672,Junior Suite 2 giường (Junior Suite Twin),6117
31439672,Junior Suite gia đình (Family Junior Suite),6118
31439672,Serena Bungalow 1 Double Bed,6119
31439672,Phòng Suite giường đôi (Suite Double Room),6120
31439672,Phòng suite Gia đình (Family Suite Room),6121
31439672,Vedana 4 Bedrooms Villa,6122
31439672,Biệt Thự Có Hồ Bơi Riêng (Villa with Private Pool),6123
72413978,Phòng Gia Đình (Family Room),6124
24252626,Giường Đơn trong Phòng ngủ tập thể (Single Bed in Dormitory Room),6125
59048826,Deluxe giường đôi hoặc 2 giường (Deluxe Double or Twin),6126
59048826,Phòng Superior 1 Phòng Ngủ (1 Bedroom Superior),6127
59048826,Deluxe 3 người (Triple Deluxe),6128
59048826,Deluxe gia đình (Family Deluxe),6129
13607336,Phòng Hai Giường Đơn Cao Cấp có Cảnh (Superior Twin Room with View),6130
13607336,Phòng Đôi Cao Cấp có Cửa Sổ (Superior Double Room with Window),6131
13607336,Phòng Giường Đôi Nhìn Ra Vườn (Double Room with Garden View),6132
13607336,Phòng Gia Đình Loại Sang có Cửa Sổ (Deluxe Family Room with Window),6133
37843619,Phòng Loại Sang Giường Đôi (Deluxe Double Room),6134
49331126,Phòng Đôi Loại Sang (Deluxe Double Room),6135
49331126,Phòng Gia đình nhìn ra Núi (Family Room with Mountain View),6136
64362522,Phòng Loại Sang Hướng Núi Cho Gia Đình (Deluxe Family Mountain),6137
63997308,Phòng Có Giường Cỡ King Nhìn Ra Hồ Bơi (King Room with Pool View),6138
63997308,(WINGS) Phòng Kiểu Tây Nhật Loại Sang Hướng Hồ - Cấm Hút Thuốc ((WINGS) Deluxe Japanese Western Room with Lake View - Non-Smoking),6139
63997308,Phòng Có Giường Cỡ King Nhìn Ra Hồ Nước (King Room with Lake View),6140
63997308,Phòng 3 Người Nhìn Ra Hồ Nước (Triple Room with Lake View),6141
63997308,Phòng 3 Người Nhìn Ra Hồ Nước (Triple Room with Lake View),6142
63997308,Phòng 4 Người Nhìn ra Hồ nước (Quadruple Room with Lake View),6143
4200628,Phòng Giường Đôi Nhìn Ra Vườn (Double Room with Garden View),6144
4200628,Phòng 3 Người Nhìn Ra Vườn (Triple Room with Garden View),6145
4200628,Phòng Gia đình nhìn ra Núi (Family Room with Mountain View),6146
4200628,Giường Trong Phòng Nghỉ Tập Thể 8 Giường Cho Cả Nam Và Nữ (Bed in 8-Bed Mixed Dormitory Room),6147
34403272,Phòng 3 Người Nhìn Ra Núi (Triple Room with Mountain View),6148
34403272,Phòng cho 3 người có Ban Công (Triple Room with Balcony),6149
26849396,Phòng Đôi Hướng Núi (Double Room with Mountain View),6150
26849396,Superior giường đôi Hướng núi (Superior Double Mountain View),6151
26849396,Phòng Gia Đình - Hướng Núi (Family Room - Mountain View),6152
26849396,Phòng Ngủ Gia Đình Cao Cấp (Superior Family Bedroom),6153
9061202,Bungalow Nhìn ra vườn (Bungalow with Garden View),6154
9061202,Bungalow gia đình (Family Bungalow),6155
77254400,HAI GIƯỜNG ĐƠN (Twin),6156
77254400,Giường đôi - 2 người (Double - 2 People),6157
77254400,Phòng Đôi Cao Cấp (Superior Double Room),6158
77254400,Phòng 3 người - 1 giường Queen 1 giường đơn (Triple - 1 Queen 1 Single),6159
77254400,Phòng có Giường Lớn (King Bed),6160
77254400,Phòng Gia Đình (Family Room),6161
61684015,Phòng Giường Đôi Nhìn Ra Núi (Double Room with Mountain View),6162
6426066,Phòng giường đôi Hướng vườn (Double Garden View),6163
6426066,Phòng Superior Giường Đôi/2 Giường Đơn Nhìn Ra Vườn. (Superior Double or Twin Room with Garden View),6164
6426066,Phòng giường đôi Hướng núi (Double Mountain View),6165
6426066,Phòng gia đình dành cho 3 người (Family 3 Pax),6166
6426066,Phòng gia đình 4 người (Family 4 People),6167
6426066,Phòng Gia Đình Tiêu Chuẩn (Standard Family Room),6168
15904109,Phòng Tiêu chuẩn Giường đôi Có ban công (Standard Double Balcony),6169
15904109,Phòng Gia đình Có ban công (Family Balcony Room),6170
2417435,Deluxe giường đôi (Deluxe Double),6171
2417435,Phòng 3 người - 1 giường đôi và 1 giường đơn (Triple - 1 Double + 1 Single Bed),6172
2417435,Phòng Loại Sang Cho 4 Người (Deluxe Quadruple),6173
670719,Phòng giường đôi hoặc 2 giường (Double or Twin),6174
670719,Bungalow Tiêu Chuẩn (Standard Bungalow),6175
670719,Nhà kiểu nông thôn Deluxe (Deluxe Cottage),6176
670719,Phòng 1 giường đơn ( 1 SINGLE BED ROOM),6177
30953658,Phòng Đôi (Double Room),6178
30953658,Phòng Superior Gia Đình (Superior Family Room),6179
30953658,Phòng Deluxe Gia đình (Deluxe Family Room),6180
6361759,Deluxe Garden View Suite,6181
6361759,Phòng VIP giường đôi (VIP Double Room),6182
6361759,Phòng giường đôi Hướng cảnh (View Double Room),6183
6361759,Phòng Gia Đình Loại Sang (Deluxe Family Room),6184
65395976,Phòng giường đôi (Double Queen Bed Room with View),6185
65395976,Phòng Gia đình (Family Room with Loft),6186
65395976,Phòng Gia Đình (Family Room),6187
65395976,Phòng Ngủ Tập Thể 4 Giường Cho Cả Nam Và Nữ (4-Bed Mixed Dormitory Room),6188
479505,Villa có hồ bơi riêng (Villa With Private Pool),6189
59621718,Phòng Giường Đôi Nhìn Ra Núi (Double Room with Mountain View),6190
59621718,Phòng EX 2 Giường Đơn Cho 3 Người – Cấm Hút Thuốc (EX Twin Room for 3 People - Non-Smoking),6191
59621718,Phòng Với Sân Hiên Nhìn Ra Vườn (Garden View Terrace Room),6192
59621718,Giường đôi - Hướng vườn (Double - Garden View),6193
59621718,Đôi - Phòng Có Một Giường Lớn cho 2 Người (Double - Room With A Large Bed For 2 People),6194
59621718,Bungalow 3 Người ( Bungalow Triple ),6195
2736647,Bungalow - Nhìn Ra Mặt Nước (Bungalow - Water Front ),6196
59673974,Biệt thự Superior (Ocean Villa with Pool + Slide),6197
59673974,Biệt Thự 2 Phòng Ngủ Có Bể Bơi Riêng (Two-Bedroom Private Pool Villa),6198
37697638,Phòng Đôi (Double Room),6199
37697638,Phòng Gia Đình (Family Room),6200
1195566,Phòng Loại Sang (Deluxe),6201
1195566,Nhà Trệt cho 2 Người (Bungalow for 2 People),6202
1195566,Bungalow Deluxe (Deluxe Bungalow),6203
1195566,Bungalow,6204
1195566,Phòng Mango Giường Đôi (Mango Double Room),6205
64336173,Phòng Standard giường đôi (Standard Double Room),6206
64336173,Phòng Cao Cấp Cho Hai Người (Superior Double Room),6207
64336173,Phòng Loại Sang Giường Đôi (Deluxe Double Room),6208
64336173,Phòng 4 người (Quadruple Room),6209
64336173,Phòng Deluxe 4 người (Deluxe Quadruple Room),6210
9382704,Phòng Deluxe Có 2 Giường Cỡ Queen (Deluxe Queen Room with Two Queen Beds),6211
9382704,Giường Đơn Trong Phòng Nghỉ Tập Thể Cho Cả Nam Và Nữ (Single Bed in Mixed Dormitory Room),6212
77417244,Phòng Double giường đôi (Double Double Room),6213
77417244,Phòng Gia Đình (The Family Den),6214
77417244,Deluxe Family Mountain View,6215
6584565,Phòng Đôi Loại Sang (Deluxe Double Room),6216
6584565,Giường Tầng Trong Phòng Tập Thể Tiêu Chuẩn (Standard dormitory bunk),6217
79080340,Superior hướng vườn (Superior Garden View),6218
79080340,Deluxe hướng hồ bơi (Deluxe Pool View),6219
79080340,Phòng Hai Giường Đơn - 2 Người (Twin Room - 2 Person),6220
79080340,Phòng 2 Giường Đơn Nhìn Ra Khu Vườn (Twin Room with Garden View),6221
79080340,Studio gia đình (Family Studio),6222
79080340,Phòng Gia Đình Có Ban Công (Family Room with Balcony),6223
42254879,Phòng Giường Đôi Cho 2 Người Lớn (Double Room for 2 Adults),6224
42254879,Phòng Gia Đình (Family Room),6225
42254879,Bungalow hướng hồ bơi (Pool View Bungalow),6226
75859001,Phòng Tiêu Chuẩn (Standard Room),6227
75859001,Phòng Có 2 Giường Cỡ King (King Room with Two King Beds),6228
37157571,Phòng Superior Đôi có Giường đôi (Double Superior Room),6229
37157571,Phòng Loại Sang Giường Đôi (Deluxe Double Room),6230
37157571,Phòng Hai Giường Đơn Loại Sang (Deluxe Twin Room),6231
37157571,Phòng Gia Đình Loại Sang (Deluxe Family Room),6232
37157571,Phòng 2 giường Có lối vào hồ bơi (2 giường) (Pool Access Twin Room),6233
37157571,Biệt Thự Deluxe (Deluxe Villa),6234
6772018,Phòng 3 Người Nhìn Ra Vườn (Triple Room with Garden View),6235
6508799,Phòng Deluxe giường đôi (Deluxe Double Rooms),6236
6508799,Phòng gia đình lớn (Large Family Room),6237
60218439,Phòng có giường cỡ King Nhìn ra Quang cảnh Núi non (Mountain View King Room),6238
60218439,Phòng Có Giường Cỡ King Nhìn Ra Hồ Nước (Lake View King Room),6239
60218439,Phòng Có Giường Cỡ King Nhìn Ra Hồ Bơi (King Room with Pool View),6240
60218439,Bungalow - Hướng vườn (Bungalow - Garden View),6241
59392552,Phòng giường Queen (Queen Room),6242
59392552,Phòng Family Hướng Vườn (Garden View Family Room),6243
35706059,Phòng Gia đình 3 Người Giường Đôi Lớn (Family Triple Queen Room),6244
37500550,Phòng Có Giường Cỡ King (King Room),6245
37500550,Phòng Hai Giường Đơn Loại Sang (Deluxe Twin Room),6246
2115741,Phòng Superior Giường Đôi/2 Giường Đơn Nhìn Ra Thành Phố (Superior Double or Twin Room with City View),6247
2115741,Phòng Deluxe Giường Đôi/2 Giường Đơn Với Ban Công (Deluxe Double or Twin Room Balcony),6248
1734399,Bungalow Giường Đôi Nhìn ra Vườn (Bungalow Double with Garden View),6249
2562869,Phòng Deluxe Giường Đôi (1 Giường Cỡ King) (Deluxe Double Room (1 King Bed)),6250
2562869,Phòng Deluxe Có ban công (Deluxe Balcony Room),6251
18770423,Bungalow Nhìn ra vườn (Bungalow with Garden View),6252
18770423,Phòng Deluxe Gia đình (Deluxe Family Room),6253
45874692,Phòng Superior giường đôi Hướng vườn (Superior Double Garden View),6254
76160280,Phòng Ngủ Tập Thể 4 Giường Cho Cả Nam Và Nữ (4-Bed Mixed Dormitory Room),6255
76160280,Phòng Đôi (Double Room),6256
56317129,Phòng Tiêu Chuẩn Giường Lớn (Standard King Room),6257
56317129,Phòng Gia Đình (Family Room),6258
1160697,Phòng giường đôi Phòng tắm chung (Double Room Shared Bathroom),6259
72419621,Phòng Loại Sang Giường Đôi (Deluxe Double Room),6260
72419621,Suite Gia Đình Deluxe (Deluxe Family Suite),6261
37148161,Phòng Loại Sang Giường Đôi Hướng Vườn (Deluxe Double Garden View),6262
64281470,Phòng Đôi Loại Sang (Deluxe Double Room),6263
64281470,Phòng 3 Người Có Vòi Sen (Triple Room with Shower),6264
646901,Phòng Deluxe Giường Đôi/2 Giường Đơn (Deluxe Double or Twin Room),6265
646901,Deluxe giường đôi (Deluxe Double),6266
44884193,Superior - 1 Giường King (Superior - 1 King Bed),6267
2379430,Phòng Giường Đôi Với Phòng Tắm Riêng Bên Ngoài (Double Room with Private External Bathroom),6268
2379430,Bungalow 1 Phòng Ngủ (One-Bedroom Bungalow),6269
70939238,"Standard Double Room, 1 King Bed, Pool Access, Mountain View",6270
77257923,Phòng 4 Người Có Bồn Tắm (Quadruple Room with Bath),6271
77257923,Suite gia đình có ban công (Family Suite with Balcony),6272
26886812,Phòng giường đôi có phòng tắm chung (Double Room with Shared bathroom),6273
26886812,Phòng giường đôi có phòng tắm riêng (Double Room with Private Bathroom),6274
72812415,Phòng Giường Đôi Nhìn Ra Núi (Double Room with Mountain View),6275
72812415,Phòng Giường Đôi Nhìn Ra Vườn (Double Room with Garden View),6276
72812415,Phòng Giường Đôi Nhìn Ra Vườn (Double Room with Garden View),6277
39855920,Lúa House Twin,6278
39855920,Lúa House Double,6279
44247834,Phòng Đôi (Double Room),6280
16301193,Phòng Loại Sang Giường Đôi (Deluxe Double Room),6281
49393057,Deluxe 3 người (Triple Deluxe),6282
49393057,Deluxe gia đình (Family Deluxe),6283
3306616,Tiết Kiệm (Economy),6284
237315,Phòng Tiêu chuẩn 2 giường đơn (Standard Twin Bed),6285
237315,Phòng Tiêu chuẩn Giường Đôi (Standard Double Bed),6286
51976590,Deluxe hướng hồ bơi (Deluxe Pool View),6287
51976590,Phòng Loại Sang Hướng Vườn Giường Đôi (Deluxe Double Garden View Room),6288
7021123,Phòng Cổ Điển Giường Đôi/2 Giường Đơn Nhìn Ra Hồ Sen (Lotus Lake Classic Double or Twin Room),6289
7021123,Phòng Deluxe Kiểu Nông Thôn Có Giường Đôi/2 Giường Đơn (Countryside Deluxe Double or Twin Room),6290
32184190,Phòng Đôi (Double Room),6291
32184190,Phòng Gia Đình (Family Room),6292
55687926,Familiar 3-4 người (Familiar 3-4 people),6293
70979147,Phòng Tập Thể 8 Giường - Phòng Tắm Chung (8 Bed Dormitory Room - Shared Bathroom),6294
70979147,Phòng Tập Thể 6 Giường - Phòng Tắm Chung (6 Bed Dormitory Room - Shared Bathroom),6295
78485555,Phòng Loại Sang (Deluxe Room),6296
78485555,Giường Đơn Trong Phòng Ngủ Tập Thể Nữ (Single Bed in Female Dormitory Room),6297
14695695,Phòng Đôi (Double Room),6298
14695695,Phòng Đôi hoặc Hai Giường Đơn Loại Sang (Deluxe Double or Twin Room),6299
5749841,Superior Twin Room with Garden View,6300
16569260,Phòng Tiêu Chuẩn (Standard),6301
16569260,Phòng Tiêu chuẩn 2 giường (Standard Twin),6302
76923854,Phòng Đôi Hoặc Hai Giường Đơn Loại Sang Hướng Bể Bơi (Deluxe Pool View Double or Twin Room),6303
76923854,Suite Hướng Bể Bơi Giường Đôi (Suite Double Pool View),6304
5480201,Phòng Đôi (Double Room),6305
5480201,Phòng Gia Đình (Family Room),6306
6385396,Phòng Deluxe 3 người (Deluxe Triple Room),6307
6385396,Phòng Đôi Loại Sang (Deluxe Double Room),6308
2669821,Phòng Giường Đôi Lớn (Large Double Room),6309
2669821,Phòng Deluxe 4 Người (Deluxe Quadruple Room),6310
68085657,Phòng Với Sân Hiên Nhìn Ra Vườn (Garden View Terrace Room),6311
68085657,Căn Hộ Hướng Bể Bơi Cho 4 Người Lớn (Pool View Apartment for 4 Adults),6312
35744806,Phòng có giường cỡ King nhìn ra cảnh núi non (King Room with Mountain View),6313
7432280,Phòng Tiêu Chuẩn Giường Đôi (Standard Double Room),6314
6630352,Phòng Loại Sang (Deluxe),6315
6630352,Phòng giường đôi hoặc 2 giường (Double or Twin Room),6316
55764155,Phòng Đôi (Double Room),6317
55764155,Tiêu chuẩn 3 người (Standard Triple),6318
71446888,Phòng Đôi (Double Room),6319
71446888,Phòng Giường Đôi Có Ban Công (Double Room with Balcony),6320
73281605,Giường Tầng Đơn Trong Phòng Tập Thể Cho Cả Nam Và Nữ (Single Bunk Bed in Mixed Dormitory),6321
36379153,Phòng Giường Đôi Hạng Bình Dân (Budget Double Room),6322
36856418,Phòng Có 2 Giường Cỡ King (King Room with Two King Beds),6323
36856418,Phòng Superior Giường Đôi/2 Giường Đơn Nhìn Ra Núi (Superior Double or Twin Room with Mountain View),6324
61400827,Suite Lớn có Lối Vào Bể Bơi – Không Có Lợi Ích Gia Tăng (Executive Suite with Pool Access Room Only),6325
1150736,Standard Minimalism Single,6326
1150736,Phòng Tiêu Chuẩn (Standard),6327
32887044,"DESIGN BUNGALOW,GARDEN VIEW,GARDEN AREA (Design Bungalow,Garden View,Garden Area)",6328
32887044,"SIGNATURE BUNGALOW,1 KING BED,GARDEN VIEW,GARDEN AREA (Signature Bungalow,1 King Bed,Garden View,Garden Area)",6329
75859385,Phòng Giường Đôi - Số 1 (Double Room - No 1),6330
75859385,Phòng Bốn Người - Phòng 2 Giường Đôi (Quad Room - 2 Double Bed Room),6331
78966420,Phòng Gia Đình Với Sân Hiên (Family Room with Terrace),6332
78966420,Phòng Tiêu Chuẩn Giường Lớn (Standard King Room),6333
78966420,Phòng 3 Người Có Sân Hiên (Triple Room with Terrace),6334
80003234,Phòng Standard giường đôi (Standard Double Room),6335
80003234,Phòng Tiêu Chuẩn Giường Đôi (Standard Double Room),6336
74612182,Phòng Loại Sang Giường Đôi (Deluxe Double Room),6337
74612182,Phòng Đôi (Double Room),6338
31223536,Phòng Deluxe Giường Đôi Có Ban Công (Deluxe Double Room with Balcony),6339
31223536,Phòng Gia đình nhìn ra Núi (Family Room with Mountain View),6340
77199089,Phòng Superior Giường Đôi/2 Giường Đơn (Superior Double or Twin Room),6341
77199089,Phòng Deluxe Giường Đôi/2 Giường Đơn (Deluxe Double or Twin Room),6342
15242246,Suite Gia Đình Deluxe (Deluxe Family Suite),6343
64006732,Phòng giường đôi Hướng vườn (Double Room Garden View),6344
64006732,Superior - 1 Giường King (Superior - 1 King Bed),6345
4844502,Phòng có giường cỡ King nhìn ra cảnh núi non (King Room with Mountain View),6346
4844502,Phòng 3 Người Nhìn Ra Núi (Triple Room with Mountain View),6347
65106,Phòng Tiêu chuẩn có Tầm nhìn (Standard View Room),6348
65106,Phòng Deluxe 2 Giường Đơn Nhìn Ra Vườn (Deluxe Twin Garden View),6349
847534,"Deluxe Double Room, 3 Bedrooms",6350
847534,Phòng Đôi (Double Room),6351
44655313,Căn hộ Tiêu chuẩn (Standard Apartment),6352
44655313,Phòng Tiêu Chuẩn (Standard Room),6353
551790,Phòng Superior (Superior),6354
551790,Phòng Tiêu Chuẩn (Standard),6355
2690961,Phòng Đôi Loại Sang (Double Deluxe),6356
15950635,Phòng Đôi Cao Cấp (Superior Double Room),6357
15950635,Phòng Loại Sang Giường Đôi (Deluxe Double Room),6358
52211291,Phòng Superior 2 giường (Superior Twin Room),6359
52211291,Phòng Đôi (Double Room),6360
52211291,Phòng Ba Người (Triple Room),6361
40130458,Phòng Giường Đôi Có Sân Hiên (Double Room with Terrace),6362
40130458,Phòng Giường Đôi Nhìn Ra Vườn (Double Room with Garden View),6363
69996296,Phòng Hai Giường Đơn (Twin Room),6364
69996296,Phòng Đôi (Double Room),6365
37321845,Phòng Giường Đôi Có Phòng Tắm Riêng (Double Room with Private Bathroom),6366
37321845,Phòng Giường Đôi với Nhà vệ sinh Chung (Double Room with Shared Toilet),6367
71447408,Phòng Có Giường Cỡ King (King Room),6368
71447408,Phòng Có Giường Cỡ King Nhìn Ra Vườn (King Room with Garden View),6369
61380577,Phòng Đôi (Double Room),6370
61380577,Phòng Ba Người (Triple Room),6371
9586020,Phòng Loại Sang (Deluxe),6372
9586020,Phòng gia đình hướng núi (Family Mountain View Room),6373
3173066,Phòng Tiêu Chuẩn (Standard),6374
5915822,Phòng Giường Đôi Nhìn Ra Núi (Double Room with Mountain View),6375
63536865,Villa 4 phòng ngủ (4 bedrooms),6376
63536865,Biệt Thự (Villa),6377
1194419,Phòng Đôi Loại Sang (Deluxe Double Room),6378
182145,Phòng Superior Giường Đôi/2 Giường Đơn (Superior Double or Twin Room),6379
182145,Phòng Deluxe Giường Đôi/2 Giường Đơn (Deluxe Double or Twin Room),6380
51889835,Đôi Tiêu Chuẩn Hướng Vườn (Standard Garden View Double),6381
1155119,Phòng Được sắp xếp tùy ý khi đến (Room Assigned on Arrival),6382
71541161,Phòng Tiêu chuẩn có giường King (Standard Room with King Bed),6383
71541161,Phòng Deluxe giường đôi có ban công (Deluxe Double Room with Balcony),6384
64315165,Phòng Deluxe 4 Người (Deluxe Quadruple Room),6385
64315165,Phòng Deluxe Giường Đôi/2 Giường Đơn Nhìn Ra Thành Phố (Deluxe Double or Twin Room with City View),6386
51648572,Phòng Loại Sang (Deluxe),6387
51648572,Phòng Tắm Tiêu Chuẩn Cho Gia Đình (Standard family bath),6388
46595512,Phòng Đôi (Double Room),6389
46595512,Phòng Gia Đình Giường Đôi (Family Double Room),6390
64859426,Phòng Giường Đôi Nhìn Ra Vườn (Double Room with Garden View),6391
64859426,Phòng Tiêu Chuẩn Giường Đôi (Standard Double Room),6392
6772471,Phòng 3 Người Nhìn Ra Vườn (Triple Room with Garden View),6393
63324829,Phòng Đôi Delux Có Ban Công (Delux Double Room with Balcony),6394
63324829,Tiêu Chuẩn - 1 Giường Đôi - Cấm Hút Thuốc (Standard - 1 Bed Double Non-Smoking),6395
7083969,Deluxe giường đôi Hướng vườn (Deluxe Double Garden),6396
63312351,Phòng Giường Đôi Nhìn Ra Núi (Double Room with Mountain View),6397
63312351,Phòng Đôi (Double Room),6398
47844302,Bungalow,6399
64082159,Phòng Giường Đôi Hạng Bình Dân (Budget Double Room),6400
64082159,Phòng Hai Giường Đơn (Twin Room),6401
38023046,Phòng Giường Đôi Nhìn Ra Hồ Bơi (Double Room with Pool View),6402
38023046,Phòng Suite Gia đình (Family Suite),6403
64206698,Suite Executive (Executive Suite),6404
3651536,Phòng Tiêu Chuẩn (Standard),6405
3651536,Bungalow Deluxe 2 giường (Deluxe Bungalow Twin Bed),6406
10564098,Phòng Giường Đôi Nhìn Ra Núi (Double Room with Mountain View),6407
10564098,Phòng Loại Sang A 2 Giường Đơn – Cấm Hút Thuốc (Deluxe Twin Room A - Non-Smoking),6408
63062638,Deluxe Double Room,6409
63062638,Superior Double Room Single Use,6410
4984299,Phòng Superior Giường Đôi (Superior Double Room without Balcony),6411
2264284,Phòng Tiêu Chuẩn Giường Lớn (Standard King Room),6412
49849335,Bungalow Suite,6413
64237209,Phòng Deluxe Giường đôi Nhìn ra Hồ bơi (Deluxe Double Pool View),6414
64237209,Phòng Gia Đình Hướng Vườn (Family Room Garden View),6415
63328464,Phòng Gia Đình Với Sân Hiên (Family Room with Terrace),6416
63328464,Phòng Deluxe Có Giường Cỡ King (Deluxe King Room),6417
72813285,Phòng Có Giường Cỡ Queen Với Ban Công (Queen Room with Balcony),6418
72813285,Phòng Có Giường Cỡ Queen Nhìn Ra Hồ Bơi (Queen Room with Pool View),6419
40354772,Phòng giường đôi (double rooms),6420
40354772,Phòng 2 giường đôi (Double with 2 Double Beds),6421
18934033,Phòng có giường cỡ King nhìn ra cảnh núi non (King Room with Mountain View),6422
13847673,Phòng Có Giường Cỡ Queen (Queen Room),6423
13847673,Phòng Có Giường Cỡ King (King Room),6424
3011344,Phòng Giường Đôi Nhìn Ra Vườn (Double Room with Garden View),6425
3011344,Phòng Đôi Loại Sang (Deluxe Double Room),6426
51024713,Phòng Giường Đôi Nhìn Ra Vườn (Double Room with Garden View),6427
51024713,Giường Trong Phòng Ngủ Tập Thể 6 Giường (Bed in 6-Bed Dormitory Room),6428
48646807,Phòng Có Giường Cỡ King (King Room),6429
48646807,Phòng Ba Người (Triple Room),6430
48646807,Phòng Có Giường Cỡ King Với Ban Công (King Room with Balcony),6431
12657305,Phòng Superior Giường Đôi/2 Giường Đơn (Superior Double or Twin Room),6432
12657305,Phòng Superior Gia Đình (Superior Family Room),6433
67184305,Phòng 1 giường (1 bed room),6434
8995234,Phòng Có Giường Cỡ King Nhìn Ra Vườn (King Room with Garden View),6435
8995234,Phòng 3 Người Nhìn Ra Vườn (Triple Room with Garden View),6436
61765144,Phòng Tiêu Chuẩn Cho 3 Người (Standard Triple Studio),6437
61765144,Studio Gia Đình (Family Studio),6438
5734369,Bungalow Hướng vườn (Bungalow Garden View),6439
5837334,Phòng Superior Giường Đôi Nhìn Ra Vườn (Superior Double Room with Garden View),6440
5837334,Phòng Superior 2 Giường Đơn Nhìn Ra Vườn (Superior Twin Room with Garden View),6441
68539009,Phòng Tiêu Chuẩn (Standard),6442
68539009,Phòng Loại Sang (Deluxe),6443
68539009,Luxury quadruple,6444
186964,Phòng Được sắp xếp tùy ý khi đến (Room Assigned on Arrival),6445
186964,Grand Deluxe giường đôi (Grand Deluxe Double),6446
5777747,Phòng Hướng Bể Bơi Giường Đôi (Pool View Double Room),6447
63440161,Phòng Hai Giường Đơn Loại Sang (Deluxe Twin Room),6448
63440161,Phòng Đôi Loại Sang (Deluxe Double Room),6449
44876545,Phòng 4 người (Quadruple Room),6450
49733371,Phòng Superior gia đình (Superior Family Room),6451
34574286,Phòng Đôi (Double Room),6452
34574286,Phòng 2 Giường Đơn Có Phòng Tắm (Twin Room with Bathroom),6453
62097920,Phòng Deluxe Nhìn ra Khu vườn (Deluxe Garden View),6454
62097920,Deluxe hướng hồ bơi (Deluxe Pool View),6455
8513519,Phòng Hai Giường Đơn (Twin Room),6456
6843440,Phòng Deluxe giường đôi có ban công (Deluxe Double Room with Balcony),6457
6843440,Phòng 2 Giường Đôi (Double Room with Two Double Beds),6458
38542686,"Deluxe Double Room, 2 Queen Beds",6459
38542686,Phòng Loại Sang 2 Giường Đơn Cho 2 Người (Deluxe Twin Room for 2 people),6460
69326995,Phòng Loại Sang (Deluxe),6461
69326995,Phòng Superior 1 Phòng Ngủ (1 Bedroom Superior),6462
72233708,Bungalow Tiêu chuẩn (Standard Bungalow),6463
72233708,Phòng Deluxe cạnh hồ bơi (Deluxe Pool Side),6464
49691564,Phòng Superior Giường Đôi/2 Giường Đơn (Superior Double or Twin Room),6465
49691564,Phòng Deluxe Giường Đôi/2 Giường Đơn (Deluxe Double or Twin Room),6466
67661525,"Deluxe Bungalow, Mountain View",6467
67661525,Bungalow Nhìn ra mặt nước (Waterfront Bungalow),6468
63248943,Phòng Tiêu Chuẩn Giường Lớn (Standard King Room),6469
65814634,Phòng Đôi (Double Room),6470
65814634,Phòng Hai Giường Đơn Loại Sang (Deluxe Twin Room),6471
12779506,Bungalow Cao cấp (Superior Bungalow),6472
72251971,Phòng Đôi (Double Room),6473
72251971,Standard triple,6474
6254205,Deluxe Twin Room (2 Large Twin Beds),6475
6254205,Phòng Đôi Loại Sang (Deluxe Double Room),6476
71331636,Phòng Đôi (Double Room),6477
71331636,Phòng Gia Đình (Family Room),6478
256356,Suite Executive Giường Đôi (Executive Double Suite),6479
256356,Suite,6480
52388233,Phòng Hai Giường Đơn (Twin Room),6481
52388233,Phòng Ba Người (Triple Room),6482
55391242,Phòng Superior có Giường Cỡ Queen (Superior Queen),6483
5962052,Phòng Gia Đình Tiêu Chuẩn (Standard Family Room),6484
5962052,Phòng 2 Giường Đơn Nhìn Ra Khu Vườn (Twin Room with Garden View),6485
6881916,Deluxe Cửa Sổ (Deluxe Window),6486
6881916,Giường đôi - Giường Queen (Double - Queen),6487
2260130,Phòng Đôi Loại Sang (Deluxe Double Room),6488
66166718,Deluxe có ban công (Deluxe Balcony),6489
66166718,Phòng Deluxe 4 người (Deluxe Quadruple Room),6490
8996930,Giường Trong Phòng Ngủ Tập Thể 8 Giường (Bed in 8-Bed Dormitory Room),6491
31317942,Deluxe Double Room,6492
31317942,Phòng Hai Giường Đơn Loại Sang (Deluxe Twin Room),6493
31317942,Phòng Loại Sang có Giường Lớn - Cấm Hút Thuốc (Deluxe Room with King Bed - Non-Smoking),6494
66074136,Phòng Deluxe Giường Đôi Có Ban Công (Urban Room with Balcony),6495
66074136,Phòng Deluxe cho 4 Khách với Ban công (Deluxe Quadruple Room with Balcony),6496
4779429,Phòng Có Giường Cỡ King (King Room),6497
4126952,Phòng Superior Gia Đình (Superior Family Room),6498
55579950,Lake View Bungalow,6499
55579950,Phòng Deluxe Nhìn Ra Hồ Nước (Deluxe Lake View),6500
31123119,Suite Nhìn Ra Hồ (Suite with Lake View),6501
31123119,Phòng Giường Đôi Nhìn Ra Hồ Bơi (Double Room with Pool View),6502
76135726,Phòng Deluxe 1 giường King (Deluxe Room 1 King),6503
76135726,Phòng giường đôi Hướng núi (Double Mountain View),6504
7021159,Phòng Gia đình Nhìn ra Vườn (Family Room with Garden View),6505
28826596,Superior - 1 Giường Đôi (Superior - 1 Double Bed),6506
28826596,Nhà Trệt Hướng Vườn (Bungalow with Garden View),6507
68215593,Phòng Đôi (Double Room),6508
68215593,Phòng Hai Giường Đơn (Twin Room),6509
69366985,Phòng Tiêu Chuẩn (Standard Room),6510
69366985,Tiết Kiệm (Economy),6511
69366985,Phòng Đôi Loại Sang (Deluxe Double Room),6512
12041119,Phòng Đôi (Double Room),6513
12041119,Phòng giường đôi Hướng hồ bơi (Double room pool view),6514
18934077,Phòng Gia Đình (Family Room),6515
66808139,Phòng giường đôi hướng hồ bơi (Pool View Double Queen),6516
66808139,Phòng giường đôi có bồn tắm (Double Room with Bathtub),6517
55486626,Phòng Có Giường Cỡ King Với Ban Công (King Room with Balcony),6518
55486626,Phòng Tiêu Chuẩn Giường Lớn (Standard King Room),6519
78927555,Phòng Deluxe Giường Đôi Có Bồn Tắm (Deluxe Double Room with Bath),6520
78693429,Phòng Deluxe Gia đình (Deluxe Family Room),6521
78693429,Phòng Deluxe 4 Người (Deluxe Quadruple Room),6522
22986320,Phòng Giường Đôi Nhìn Ra Vườn (Double Room with Garden View),6523
43417,Superior 2 giường (Superior Twin),6524
43417,Superior giường đôi (Superior Double),6525
52247507,Phòng Deluxe hướng núi (Deluxe Mountain View),6526
52247507,Deluxe gia đình (Family Deluxe),6527
36916565,Phòng Đôi Loại Sang (Deluxe Double Room),6528
36916565,Premium Double Room,6529
11021645,Phòng 2 Giường Đôi (Double Room with Two Double Beds),6530
11021645,Phòng Có Giường Cỡ King Nhìn Ra Vườn (King Room with Garden View),6531
446551,Phòng Tiêu chuẩn giường đôi (Standard Double),6532
446551,Phòng Tiêu chuẩn 2 giường (Standard Twin),6533
46189055,Phòng Tiêu chuẩn giường đôi B - Không hút thuốc (Standard Double Room B - Non-Smoking),6534
46189055,Phòng Hai Giường Đơn (Twin Room),6535
7005554,Phòng đôi Tiêu chuẩn hướng núi (Standard Mountain View Double Room),6536
7005554,Phòng gia đình (Famille Room),6537
6910249,Phòng Gia đình Nhìn ra Vườn (Family Room with Garden View),6538
9377946,Giường King đôi (Double King Bed),6539
9377946,Phòng Đôi Loại Sang (Deluxe Double Room),6540
18957631,Phòng Deluxe Có Giường Cỡ King (Deluxe King Room),6541
18957631,Phòng Gia Đình (Family Room),6542
78484687,Phòng Tiêu Chuẩn Giường Đôi (Standard Double Room),6543
78484687,Phòng Đôi Cao Cấp (Superior Double Room),6544
48723653,Phòng Cao Cấp Cho Hai Người (Superior Double Room),6545
48723653,Phòng Loại Sang Giường Đôi (Deluxe Double Room),6546
2401379,Phòng Đôi (Double Room),6547
7461888,Phòng Hướng Vườn có Giường Lớn (Garden Room King),6548
7461888,1 Giường Tầng trong Phòng Tập Thể cho 8 Người - Cả Nam và Nữ (Bunk Bed- Mixed Dorms 8 persons),6549
7461888,Giường Trong Phòng Ngủ Tập Thể 6 Giường (Bed in 6-Bed Dormitory Room),6550
63552037,Phòng Deluxe Có Giường Cỡ King (Deluxe King Room),6551
63552037,Phòng Gia đình nhìn ra Núi (Family Room with Mountain View),6552
9776322,Room Assigned on Arrival,6553
9776322,Phòng Deluxe hướng Hồ (Deluxe Lake View),6554
23009593,Phòng Giường Đôi Nhìn Ra Hồ Bơi (Double Room with Pool View),6555
65949436,Phòng Đôi (Double Room),6556
65949436,Căn Hộ 1 Phòng Ngủ (Homestay),6557
79107220,Nhà Trệt Loại Sang có Hướng Vườn (Deluxe Bungalow with Garden View),6558
79107220,Phòng King có ban công (King Room with Balcony),6559
79107220,Suite có giường King và ban công (King Suite with Balcony),6560
2843177,Phòng Loại Sang Hướng Vườn Giường Đôi (Deluxe Garden Double),6561
4540625,"Deluxe Double Room, 1 Queen Bed, Pool View",6562
5942270,Phòng Gia Đình (Family Room),6563
31183956,Bungalow Gia đình Field View (Field View Family Bungalow),6564
6412221,Phòng Giường Đôi Có Sân Hiên (Double Room with Terrace),6565
67600284,Bungalow Gia Đình (Family Bungalow),6566
1622988,Deluxe,6567
1622988,Phòng Giường Đôi/2 Giường Đơn Hạng Tiết Kiệm (Economy Double or Twin Room),6568
36117079,Phòng Superior giường đôi lớn (Superior Queen Room),6569
60822713,Phòng Đôi hoặc Hai Giường Đơn Loại Sang (Deluxe Double or Twin Room),6570
60822713,Suite,6571
35687405,Phòng Deluxe Có Giường Cỡ King (Deluxe King Room),6572
35687405,Phòng Superior Gia Đình (Superior Family Room),6573
43020958,Phòng Đôi (Double Room),6574
43020958,Phòng Tiêu chuẩn 2 giường (Standard Room Twin),6575
39068125,Phòng Loại Sang (Deluxe),6576
39068125,Phòng Ba Người (Triple),6577
69127603,Phòng Có Giường Cỡ King Nhìn Ra Hồ Bơi (King Room with Pool View),6578
69127603,Phòng 3 Người Nhìn Ra Hồ Bơi (Triple Room with Pool View),6579
18709087,Phòng Standard giường đôi (Standard Double Room),6580
18709087,Phòng Loại Sang Giường Lớn (Deluxe King Room),6581
12184666,Phòng Deluxe Có Giường Cỡ King (Deluxe King Room),6582
12184666,Phòng Tiêu Chuẩn Giường Lớn (Standard King Room),6583
31637107,Phòng Gia đình Nhìn ra Vườn (Family Room with Garden View),6584
31637107,Bungalow Nhìn ra vườn (Bungalow with Garden View),6585
4123826,Phòng Đôi (Double Room),6586
8525896,Phòng giường đôi Hướng vườn (Double Room Garden View),6587
8525896,Phòng Đôi Loại Sang (Deluxe Double Room),6588
64343900,Phòng Giường Đôi Nhìn Ra Núi (Double Room with Mountain View),6589
64343900,Phòng Gia đình nhìn ra Núi (Family Room with Mountain View),6590
50197362,Phòng 3 Người Nhìn Ra Hồ Bơi (Triple Room with Pool View),6591
52244129,Phòng Có Giường Cỡ Queen Nhìn Ra Hồ Bơi (Queen Room with Pool View),6592
52244129,Phòng 2 Giường Đơn Nhìn Ra Hồ Bơi (Twin Room with Pool View),6593
37353201,Phòng Hai Giường Đơn Loại Sang (Deluxe Twin Room),6594
61791072,Phòng Superior Có Giường Cỡ King (Superior King Room),6595
6905328,Phòng Deluxe hướng Hồ (Deluxe Lake View),6596
64096453,Phòng Có Giường Cỡ King Nhìn Ra Vườn (King Room with Garden View),6597
64096453,Phòng Deluxe 4 Người (Deluxe Quadruple Room),6598
64096453,Phòng 3 Người Nhìn Ra Vườn (Triple Room with Garden View),6599
65481705,Bungalow Nhìn ra vườn (Bungalow with Garden View),6600
55356949,Phòng Giường Đôi/2 Giường Đơn Có Sân Hiên (Double or Twin Room with Terrace),6601
55356949,Phòng Deluxe Giường Đôi Có Ban Công (Deluxe Double Room with Balcony),6602
41768757,Phòng Hai Giường Đơn Loại Sang (Deluxe Twin Room),6603
73329304,Bungalow Deluxe Nhìn Ra Khu Vườn (Deluxe Bungalow with Garden View),6604
73329304,Bungalow Deluxe (Deluxe Bungalow),6605
11948891,Phòng Tiêu Chuẩn Giường Đôi (Standard Double Room),6606
11948891,Phòng Đôi Loại Sang (Deluxe Double Room),6607
5254379,Phòng Đôi (Double Room),6608
18983323,Phòng Tiêu Chuẩn Giường Đôi (Standard Double Room),6609
38670964,Phòng Cao Cấp Cho Hai Người (Superior Double Room),6610
38670964,Phòng Loại Sang Giường Đôi (Deluxe Double Room),6611
34157965,Phòng Đôi (Double Room),6612
34157965,Bungalow Hướng hồ bơi (Bungalow Pool View),6613
4972035,Phòng Tiêu Chuẩn (Standard),6614
79114574,Bungalow Deluxe Nhìn Ra Khu Vườn (Deluxe Bungalow with Garden View),6615
79114574,Phòng Có Giường Cỡ King Với Ban Công (King Room with Balcony),6616
72810799,Phòng Giường Đôi Nhìn Ra Hồ Bơi (Double Room with Pool View),6617
72810799,Phòng 4 Người có Sân hiên (Quadruple Room with Terrace),6618
1588865,Phòng khách (Guest Room),6619
1588865,Phòng Có Giường Cỡ King Nhìn Ra Hồ Bơi (King Room with Pool View),6620
12243828,Phòng có giường cỡ King nhìn ra cảnh núi non (King Room with Mountain View),6621
47207089,Căn Hộ Ba Người Loại Sang (Deluxe Triple Residence),6622
47207089,Phòng 4 Người (Quadruple Room),6623
61274398,Phòng Có Giường Cỡ King Nhìn Ra Hồ Bơi (King Room with Pool View),6624
61274398,Phòng Tiêu Chuẩn Giường Đôi (Standard Double Room),6625
44884179,Phòng Loại Sang Giường Đôi - Bữa Sáng Miễn Phí Cho 2 Người (Deluxe Double - Free Breakfast for 2 People),6626
73568662,Phòng Có Giường Cỡ King Nhìn Ra Hồ Nước (King Room with Lake View),6627
73568662,Căn Hộ 1 Phòng Ngủ (Homestay),6628
59356218,Phòng Đôi (Double Room),6629
59356218,Phòng 4 người (Quadruple Room),6630
59356218,Phòng Gia Đình (Family Room),6631
9092596,Phòng giường đôi Hướng vườn (Double Room Garden View),6632
10714267,Phòng Superior (Superior Room),6633
79368319,Phòng Giường Đôi Lớn (Large Double Room),6634
67338275,Phòng Deluxe Có 2 Giường Cỡ Queen (Deluxe Queen Room with Two Queen Beds),6635
67338275,Phòng 2 Giường Đôi Có Ban Công (2 Double Beds Balcony),6636
6391836,Phòng Đôi Loại Sang (Deluxe Double Room),6637
6391836,Phòng 3 người có ban công (Triple Room with Balcony),6638
6345745,Phòng Giường Đôi Có Ban Công (Double Room with Balcony),6639
6345745,Giường trong Phòng ngủ Tập thể cho cả Nam và Nữ (Bed in Mixed Dormitory Room),6640
7082448,Phòng Superior (Superior Room),6641
37993251,Phòng có giường cỡ King nhìn ra cảnh núi non (King Room with Mountain View),6642
37993251,Phòng Giường đôi Deluxe (2 Người lớn + 1 Trẻ em) (Deluxe Double Room (2 Adults + 1 Child)),6643
77148360,Phòng Đôi (Double Room),6644
77148360,Phòng Gia Đình (Family Room),6645
77148360,Phòng Ba Người (Triple Room),6646
16784983,Basic Double Room,6647
16784983,Phòng Đôi (Double),6648
67507544,Phòng Có Giường Cỡ King (King Room),6649
67507544,Phòng Giường Đôi Với Phòng Tắm Riêng Bên Ngoài (Double Room with Private External Bathroom),6650
37717021,Phòng cho 3 người có Ban Công (Triple Room with Balcony),6651
37717021,Phòng Gia Đình Có Ban Công (Family Room with Balcony),6652
59112148,Phòng Có Giường Cỡ King Nhìn Ra Hồ Nước (King Room with Lake View),6653
78457755,Căn Hộ 3 Phòng Ngủ (Three-Bedroom Apartment),6654
16266369,Phòng Bốn Người Có Phòng Tắm Riêng (Quadruple Room with Private Bathroom),6655
759274,Phòng Superior 2 giường đơn (Superior Twin Room),6656
759274,Phòng Loại Sang (Deluxe),6657
759274,Bungalow Superior Giường đôi/2 Giường đơn Nhìn ra Khu vườn (Superior Double or Twin Bungalow with Garden View),6658
759274,Phòng Đôi (Double),6659
759274,Phòng Ba Người (Triple),6660
759274,Phòng Gia Đình (Family),6661
8996910,Bungalow Superior cho 3 Người (Superior Triple Bungalow),6662
8996910,Bungalow Deluxe Nhìn Ra Khu Vườn (Deluxe Bungalow with Garden View),6663
8996910,Bungalow Gia Đình Deluxe Nhìn Ra Vườn (Deluxe Family Bungalow with Garden View),6664
9928485,Phòng giường đôi có ban công (Double Room with Balcony),6665
9928485,Phòng gia đình có ban công (Family Room with Balcony),6666
76891514,Phòng 4 người Nhìn ra cảnh Núi non (Quadruple Room with Mountain View),6667
76891514,Phòng 4 người nhìn ra vườn (Quadruple Room with Garden View),6668
76891514,Bungalow,6669
11105767,Phòng Đôi Hướng Núi (Double Room with Mountain View),6670
11105767,Phòng Giường Đôi Nhìn Ra Núi (Double Room with Mountain View),6671
11105767,Phòng Gia Đình Hướng Núi (Family Room with Mountain View),6672
11105767,Phòng Suite Gia đình (Family Suite),6673
78329925,"Luxury Double Room, 1 King Bed, Balcony, Lake View",6674
38701329,Phòng Deluxe Giường Đôi/2 Giường Đơn Nhìn Ra Vườn (Deluxe Double or Twin Room with Garden View),6675
893980,Tiêu Chuẩn - 1 Giường Đôi Hướng Vườn (Standard - 1 Double Bed with Garden View),6676
893980,Bungalow Deluxe (Deluxe Bungalow),6677
893980,Phòng 3 Người Nhìn Ra Hồ Bơi (Triple Room with Pool View),6678
893980,Bungalow gia đình (Family Bungalow),6679
893980,Biệt Thự Nhìn Ra Vườn (Villa with Garden View),6680
893980,Bungalow Deluxe Cạnh hồ bơi (Deluxe Bungalow Poolside),6681
893980,Bungalow 3 người (Triple Bungalow),6682
893980,Villa 5 phòng ngủ (5 Bedrooms),6683
80254367,Bungalow Deluxe (Deluxe Bungalow),6684
80254367,Bungalow hướng vườn (Garden View Bungalow),6685
80254367,Phòng Đôi (Double Room),6686
80254367,Bungalow Tiêu chuẩn (Standard Bungalow),6687
80254367,Deluxe giường đôi hoặc 2 giường (Deluxe Double or Twin),6688
80254367,Phòng Gia Đình (Family Room),6689
52499956,Phòng Loại Sang (Deluxe Room),6690
52499956,Phòng Gia Đình (Family Room),6691
64334295,Phòng Gia Đình (Family Room),6692
64334295,Tiêu chuẩn giường đôi hướng hồ bơi (Standard Double Pool View),6693
6023308,Phòng Deluxe Giường Đôi Có Ban Công (Deluxe Double Room with Balcony),6694
6023308,Phòng 4 người Nhìn ra cảnh Núi non (Quadruple Room with Mountain View),6695
6023308,Phòng 4 Người có Sân hiên (Quadruple Room with Terrace),6696
79451946,Phòng Có Giường Cỡ Queen (Queen Room),6697
79451946,Phòng Gia Đình Có Phòng Tắm (Family Room with Bathroom),6698
79451946,Phòng Gia Đình Có Ban Công (Family Room with Balcony),6699
1191933,Phòng Tiêu Chuẩn Giường Đôi (Standar Double Room),6700
1191933,Bungalow Nhìn ra vườn (Bungalow with Garden View),6701
8888574,Phòng Superior 2 giường đơn Hướng vườn (Superior Twin Garden View),6702
8888574,Phòng Superior giường đôi Hướng vườn (Superior Double Garden View),6703
8888574,Phòng Deluxe Có ban công (Deluxe Balcony Room),6704
8888574,Deluxe 2 giường Có ban công (Deluxe Twin Balcony),6705
8888574,Phòng Hai Giường Đơn Loại Sang (Deluxe Twin Room),6706
11041731,Phòng Có Giường Cỡ Queen Nhìn Ra Vườn (Queen Room with Garden View),6707
10310487,Phòng Cao Cấp Cho Hai Người (Superior Double Room),6708
10310487,Phòng Superior 2 giường (Superior Twin Room),6709
2832845,Phòng Tiêu Chuẩn Giường Lớn (Standard King Room),6710
2832845,Phòng Ba Người (Triple Room),6711
2832845,Phòng 3 Người Có Phòng Tắm Riêng (Triple Room with Private Bathroom),6712
2832845,Phòng 3 Người Nhìn Ra Vườn (Triple Room with Garden View),6713
14695607,Phòng Tiêu Chuẩn (Standard Room),6714
76366304,Deluxe gia đình (Family Deluxe),6715
76366304,Bungalow hướng vườn (Garden View Bungalow),6716
78324879,Phòng Hai Giường Đơn (Twin Room),6717
78324879,Phòng Đôi (Double Room),6718
9804882,Phòng Đôi Loại Sang (Deluxe Double Room),6719
9804882,Phòng Gia Đình Có Ban Công (Family Room with Balcony),6720
71447307,Phòng Gia Đình Có Ban Công (Family Room with Balcony),6721
6492218,Phòng Đôi (Double Room),6722
6492218,Phòng 3 Người Nhìn Ra Núi (Triple Room with Mountain View),6723
6492218,Phòng Deluxe Gia đình (Deluxe Family Room),6724
6492218,Phòng Deluxe (2 Người lớn + 1 Trẻ em) (Deluxe Room (2 Adults + 1 Child)),6725
70214398,Phòng Gia đình nhìn ra Núi (Family Room with Mountain View),6726
70214398,Phòng có giường cỡ King nhìn ra cảnh núi non (King Room with Mountain View),6727
70214398,Phòng Giường Đôi Nhìn Ra Núi (Double Room with Mountain View),6728
39637280,Phòng Có Giường Cỡ King (King Room),6729
39637280,Phòng Có Giường Cỡ King Với Ban Công (King Room with Balcony),6730
39637280,Phòng 4 người nhìn ra vườn (Quadruple Room with Garden View),6731
78427564,Phòng Deluxe Có Giường Cỡ King (Deluxe King Room),6732
78427564,Phòng Suite Gia đình (Family Suite),6733
78854208,Phòng Deluxe (2 Người lớn + 1 Trẻ em) (Deluxe Room (2 Adults + 1 Child)),6734
78854208,Phòng 3 Người Hạng Tiết Kiệm (Economy Triple Room),6735
78854208,Phòng Có 2 Giường Cỡ King (King Room with Two King Beds),6736
5417709,Phòng Tiêu Chuẩn Giường Lớn (Standard King Room),6737
5417709,Phòng Deluxe Có Giường Cỡ King (Deluxe King Room),6738
5417709,Phòng có giường cỡ King nhìn ra cảnh núi non (King Room with Mountain View),6739
5417709,Phòng Giường Đôi Có Ban Công (Double Room with Balcony),6740
36114954,Phòng giường Queen (Queen Room),6741
36114954,Phòng giường King - Không hút thuốc (King Room - Non-Smoking),6742
36114954,Phòng 4 người (Quadruple Room),6743
6258655,Phòng Bungalow giường đôi (Bungalow Double Room),6744
18230460,Phòng Giường Đôi Lớn Tiêu Chuẩn (Standard Queen Room),6745
18230460,Phòng King (King Room),6746
18230460,Phòng Queen có 2 giường Queen (Queen Room with 2 Queen Beds),6747
8666033,Phòng Cao Cấp Cho Hai Người (Superior Double Room),6748
8666033,Phòng Hai Giường Đơn Loại Sang (Deluxe Twin Room),6749
8666033,Phòng gia đình có ban công (Family Room with Balcony),6750
6381563,Phòng Đôi Loại Sang (Deluxe Double Room),6751
6381563,Phòng Có Giường Cỡ King Nhìn Ra Vườn (King Room with Garden View),6752
6381563,Phòng 2 Giường Đơn Nhìn Ra Khu Vườn (Twin Room with Garden View),6753
6381563,Phòng Gia đình Nhìn ra Vườn (Family Room with Garden View),6754
36701415,Phòng Deluxe Có Giường Cỡ King (Deluxe King Room),6755
36701415,Phòng Superior 2 giường đơn (Superior Twin Room),6756
36701415,Phòng Superior 3 Người (Superior Triple Room),6757
36701415,Phòng Có Giường Cỡ King (King Room),6758
36701415,Phòng 4 Người Có Bồn Tắm (Quadruple Room with Bath),6759
36701415,Phòng Luxury 4 Người (Luxury Quadruple Room),6760
80089992,Phòng Có Giường Cỡ King (King Room),6761
80089992,Phòng 4 Người Có Ban Công (Quadruple Room with Balcony),6762
80089992,Phòng Gia Đình Có Ban Công (Family Room with Balcony),6763
31627810,Phòng Gia Đình Có Vòi Sen (Family Room with Shower),6764
31627810,Phòng Giường Đôi Có Phòng Tắm Riêng (Double Room with Private Bathroom),6765
31627810,Phòng Giường Đôi Có Phòng Tắm Riêng (Double Room with Private Bathroom),6766
81047060,Bungalow Gia Đình (Family Bungalow),6767
42031269,Nhà riêng (home),6768
66754487,Phòng 4 Người Có Ban Công (Quadruple Room with Balcony),6769
56784828,Phòng Được sắp xếp tùy ý khi đến (Room Assigned on Arrival),6770
64342647,Villa riêng (Private Villa),6771
45874750,Phòng Đôi (Double Room),6772
45874750,Phòng Giường Đôi Có Ban Công (Double Room with Balcony),6773
77631744,Phòng Deluxe Giường Đôi Có Ban Công (Deluxe Double Room with Balcony),6774
78329712,"Double Room, Patio, Courtyard View",6775
78340128,"Deluxe Double Room, Patio, Lake View",6776
79351871,Phòng Đôi (Double Room),6777
75536205,Căn hộ (Apartment),6778
78331520,"Deluxe Triple Room, Non Smoking, Balcony",6779
61773594,Căn hộ (Apartment),6780
76060720,Nhà riêng (home),6781
46594166,Phòng Có Giường Cỡ King Nhìn Ra Vườn (King Room with Garden View),6782
44258591,Nhà riêng (home),6783
9372857,Phòng Có Giường Cỡ King Nhìn Ra Vườn (King Room with Garden View),6784
79103072,Phòng Đôi (Double Room),6785
79103072,Phòng Gia Đình (Family Room),6786
79103072,Phòng Ba Người (Triple Room),6787
6595276,Nhà riêng (home),6788
1143853,Phòng Deluxe Đôi nhìn ra quang cảnh Núi (Deluxe Double Room with Mountain View),6789
1143853,Phòng Được sắp xếp tùy ý khi đến (Room Assigned on Arrival),6790
7125996,Phòng 2 giường đơn có ban công (Twin Room with Balcony),6791
7125996,Phòng Có Giường Cỡ King Nhìn Ra Vườn (King Room with Garden View),6792
71446872,Phòng Có Giường Cỡ King Nhìn Ra Vườn (King Room with Garden View),6793
78330782,"Basic Double Room, Garden View",6794
78342721,"Standard Room, Garden View",6795
81042417,Phòng Đôi Loại Sang (Deluxe Double Room),6796
81042417,Phòng Deluxe Gia đình (Deluxe Family Room),6797
81042417,Phòng Gia Đình Tiêu Chuẩn (Standard Family Room),6798
71410272,Căn Hộ 1 Phòng Ngủ (Homestay),6799
39514528,Nhà riêng (home),6800
39574501,Nhà riêng (home),6801
80091180,Phòng Đôi (Double Room),6802
79528877,Biệt Thự 1 Phòng Ngủ (One-Bedroom Villa),6803
79528877,Biệt Thự 2 Phòng Ngủ (Two-Bedroom Villa),6804
25916946,Nhà riêng (home),6805
79458038,Phòng có giường cỡ King nhìn ra cảnh núi non (King Room with Mountain View),6806
16996206,Nhà riêng (home),6807
75242410,Studio Có Sân Hiên (Studio with Terrace),6808
75242410,Phòng 3 Người Nhìn Ra Vườn (Triple Room with Garden View),6809
74540579,Căn hộ (Apartment),6810
503335,Phòng Đôi (Double Room),6811
503335,Phòng Ba Người (Triple Room),6812
46748971,Nhà riêng (home),6813
73535142,Phòng Đôi Cao Cấp (Superior Double Room),6814
73535142,Phòng Đơn Cao Cấp (Superior Single Room),6815
5177341,Phòng Deluxe Giường Đôi/2 Giường Đơn Nhìn Ra Vườn (Deluxe Double or Twin Room with Garden View),6816
5177341,Phòng Deluxe Giường Đôi/2 Giường Đơn Có Ban Công (Deluxe Double or Twin Room with Balcony),6817
45032692,Phòng Được sắp xếp tùy ý khi đến (Room Assigned on Arrival),6818
78345951,"Deluxe Double Room Single Use, Mountain View",6819
78345951,"Deluxe Double Room Single Use, Mountain View",6820
48886323,Căn Hộ 3 Phòng Ngủ (Three-Bedroom Apartment),6821
4138431,Phòng 2 giường đơn có ban công (Twin Room with Balcony),6822
74395911,Phòng Đôi Loại Sang (Deluxe Double Room),6823
74395911,Phòng 4 Người (Quadruple Room),6824
36146716,Phòng Deluxe Giường Đôi/2 Giường Đơn Nhìn Ra Hồ Bơi (Deluxe Double or Twin Room with Pool View),6825
36146716,Phòng Ba Người Tiêu Chuẩn (Standard Triple Room),6826
36146716,Phòng Tiêu Chuẩn Có Ban Công (Standard Balcony),6827
71486982,Phòng Đôi Cao Cấp (Superior Double Room),6828
71486982,"Phòng 2 giường đơn Deluxe, Quang cảnh thành phố (Deluxe Twin Room, City View)",6829
71486982,Phòng Gia Đình (Family Room),6830
6952885,Phòng Deluxe Giường Đôi Có Ban Công (Deluxe Double Room with Balcony),6831
37653612,Phòng Tiêu Chuẩn 4 Người (Standard Quadruple Room),6832
37653612,Phòng Ba Người Tiêu Chuẩn (Standard Triple Room),6833
37653612,Phòng Gia Đình (Family Room),6834
74718957,Căn Hộ 1 Phòng Ngủ (One-Bedroom Apartment),6835
75618905,Phòng Superior - 1 giường King - Không hút thuốc (Superior King Room - Non-Smoking),6836
75618905,Phòng 2 Giường Đơn (Deluxe Cityscape Twin Room),6837
75618905,Deluxe Double - city view (Deluxe Double - City View),6838
78347307,"Deluxe Quadruple Room, Balcony, Mountain View (deluxe quadruple room, balcony, mountain view)",6839
73472749,Phòng Có Giường Cỡ King Nhìn Ra Vườn (King Room with Garden View),6840
73472749,Phòng có giường cỡ King nhìn ra cảnh núi non (King Room with Mountain View),6841
73472749,Phòng hướng núi (Mountain View),6842
59868443,Căn hộ Deluxe 1 Phòng ngủ (One-Bedroom Deluxe Apartment),6843
16798110,Phòng Superior Giường Đôi/2 Giường Đơn Nhìn Ra Núi (Superior Double or Twin Room with Mountain View),6844
78746068,Phòng Deluxe Có Giường Cỡ King (Deluxe King Room),6845
78329743,"Basic Double Room, City View",6846
78329743,"Phòng đôi Superior, Quang cảnh thành phố (Superior Double Room, City View)",6847
78329743,"Phòng đôi Deluxe, Ban công, Quang cảnh thành phố (Deluxe Double Room, Balcony, City View)",6848
78329743,"Phòng Suite dành cho gia đình, Quang cảnh thành phố (Family Suite, City View)",6849
78329743,"Phòng Executive, Quang cảnh thành phố (Executive Suite, City View)",6850
65686298,Deluxe 3 người (Triple Deluxe),6851
64393340,Phòng Đôi Loại Sang (Deluxe Double Room),6852
74406340,Căn Hộ 1 Phòng Ngủ (Homestay),6853
18873690,Nhà riêng (home ),6854
16209810,Phòng Loại Sang (Deluxe Room),6855
16209810,Deluxe Room With Onsen Access,6856
16209810,Deluxe Koi View Room With Onsen Access,6857
16209810,PREMIUM ROOM WITH ONSEN ACCESS,6858
16209810,Deluxe with Koi View with Onsen Access,6859
16209810,Family Connecting Room With Onsen Access,6860
16209810,Family Connecting Suite With Onsen Access,6861
16209810,One-Bedroom Villa With Private Onsen,6862
16209810,FAMILY VILLA WITH PRIVATE ONSEN,6863
16209810,Grand Two Bedroom Villa with Private Onsen,6864
16209810,Executive Suite with Onsen Access,6865
16209810,Three Bedroom Villa With Private Onsen,6866
16209810,Grand Three Bedroom Villa With Private Onsen,6867
66751260,Superior Giường Đôi Cho 2 Người - Không Hút Thuốc (Superior Double for 2 Person - Non-Smoking),6868
66751260,Phòng Loại Sang Giường Đôi - Bao Gồm 2 Bữa Sáng (Deluxe Double - 2 Breakfast Included),6869
66751260,Super Deluxe King Studio Suite,6870
66751260,Phòng Ngủ Ba Người (Triple Bedroom),6871
66751260,Phòng Gia Đình - 2 Giường (Family Room -- 2 Bed),6872
61200185,Phòng Standard giường đôi (Standard Double Room),6873
61200185,Phòng Cao Cấp Cho Hai Người (Superior Double Room),6874
61200185,Phòng Hai Giường Đơn Loại Sang (Deluxe Twin Room),6875
61200185,Phòng Đôi Loại Sang (Deluxe Double Room),6876
61200185,Phòng Deluxe 3 người (Deluxe Triple Room),6877
61200185,Phòng Deluxe Gia đình (Deluxe Family Room),6878
77572838,Phòng giường đôi có phòng tắm riêng (Double Room with Private Bathroom),6879
77572838,Phòng giường đôi có ban công (Double Room with Balcony),6880
77572838,Phòng Đôi (Double Room),6881
77572838,Phòng Đôi Hướng Vườn (Double Room with Garden View),6882
77572838,Phòng Cao Cấp Cho Hai Người (Superior Double Room),6883
77572838,Phòng 4 người có ban công (Quadruple Room with Balcony),6884
77572838,Phòng Bốn Người Hướng Vườn (Quadruple Room with Garden View),6885
34198470,Phòng Hai Giường Đơn Loại Sang có Bồn Tắm (Deluxe Twin Room with Bathtub),6886
34198470,Phòng Deluxe có Giường cỡ King và Bồn tắm (Deluxe King with Bathtub),6887
34198470,Phòng sang trọng 2 giường (Luxury Twin room),6888
34198470,Phòng sang trọng giường đôi (Luxury Double Room),6889
34198470,Package Deluxe Room with transfer to Phu Bai - Hue airport (1 way - 4 seats car),6890
34198470,Gói Phòng Deluxe Kèm Bữa Trưa/Bữa Tối Với Thực Đơn Lập Sẵn (Package Deluxe Room with Set Menu Lunch or Dinner),6891
34198470,Gói Phòng Deluxe Với 30 Phút Trị Liệu Spa (Package Deluxe Room with 30 minutes Spa Treatment),6892
34198470,Phòng Đẳng Cấp Giường Lớn (Premier King Room),6893
34198470,Phòng Đẳng Cấp Hai Giường Đơn (Premier Twin Room),6894
34198470,Phòng Thông Nhau – Cấm Hút Thuốc (Connecting Room - Non-Smoking),6895
34198470,Suite,6896
34198470,Suite Tổng thống (Presidential Suite),6897
34198470,Suite Hạng Tổng Thống + Xe Đưa Đón Miễn Phí Đến Trung Tâm Thành Phố (Presidential Suite + Free Shuttle Bus To City Center),6898
5663891,Phòng Loại Sang (Deluxe Room),6899
5663891,Phòng Loại Sang 3 Người Lớn (Deluxe Room 3 Adults),6900
5663891,PHÒNG THE LEVEL LOẠI SANG (THE LEVEL DELUXE ROOM),6901
5663891,Phòng Hảo Hạng Có Cảnh (Premium Room With Views),6902
5663891,Phòng Cao Cấp (Premium Room),6903
5663891,Phòng The Level Hảo Hạng Có Cảnh (THE LEVEL PREMIUM ROOM WITH VIEWS),6904
5663891,Suite,6905
5663891,Hai Phòng Ngủ Loại Sang (Two Bedroom Deluxe),6906
5663891,The Level Suite,6907
5663891,Phòng Gia Đình (Family Room),6908
5663891,Phòng Loại Sang Hai Phòng Ngủ 6 Người Lớn (Two Bedroom Deluxe 6 Adults),6909
5663891,Suite 2 phòng ngủ (Two Bedroom Suite),6910
5663891,Suite Hạng Tổng Thống (Presidential Suite),6911
71739043,Deluxe giường đôi Hướng vườn (Deluxe Double Garden),6912
71739043,Ba Người Loại Sang Hướng Vườn (Triple Deluxe Garden View),6913
71739043,Suite Double Bed,6914
71739043,Phòng Gia Đình (Family Room),6915
63438551,Phòng Tiêu Chuẩn - 1 Giường (Standard Room -- 1 Bed),6916
63438551,2 Giường Đơn Tiêu Chuẩn (2 Twin Beds Standard),6917
63438551,Phòng Deluxe (Luxury Rooms),6918
63438551,Phòng Loại Sang (Deluxe),6919
70624,Deluxe 2 giường Hướng phố (Deluxe Twin City View),6920
70624,Deluxe giường đôi Hướng phố (Deluxe Double City View),6921
70624,Phòng Hai Giường Đơn Loại Sang Hướng Sông (Deluxe River View Twin Room),6922
70624,Junior Suite giường Queen (Junior Suite Queen),6923
70624,Phòng Junior Suite Hướng sông (Junior Suite River View),6924
70624,Senior Suite,6925
39589147,Phòng Đôi (Double Room),6926
39589147,Phòng Ba Người Tiêu Chuẩn (Standard Triple Room),6927
39589147,Phòng King (King Room),6928
39589147,Phòng cho 3 người có Ban Công (Triple Room with Balcony),6929
39589147,Phòng Suite 3 người (Suite Triple),6930
39589147,Phòng Tiêu Chuẩn Sang Trọng (Luxury Standard Room),6931
67098247,"Phòng Tiêu Chuẩn - 1 Giường Đôi Lớn, Không Hút Thuốc (Standard - 1 Queen Bed, Non-Smoking)",6932
67098247,Phòng Có Giường Cỡ Queen Nhìn Ra Vườn (Queen Room with Garden View),6933
67098247,Phòng Có Giường Cỡ Queen (Queen Room),6934
67098247,Phòng Gia Đình Có Ban Công (Family Room with Balcony),6935
67098247,Sang Trọng (Luxury),6936
67098247,PHÒNG GIA ĐÌNH 2 GIƯỜNG ĐÔI LỚN CÓ CỬA SỔ (FAMILY 2 QUEEN ROOM WITH WINDOW),6937
67098247,Cinema Standard,6938
67098247,Cinema Couple PC Room,6939
67098247,Deluxe Twin City View (Deluxe Twin with Old Port View),6940
5987972,Phòng Deluxe Giường Đôi Có Ban Công (Deluxe Double Room with Balcony),6941
5987972,Phòng Deluxe 3 người (Deluxe Triple Room),6942
5987972,Phòng Superior 3 Người (Superior Triple Room),6943
5987972,Phòng Deluxe Gia đình (Deluxe Family Room),6944
240057,Phòng Đôi Loại Sang (Double Deluxe),6945
240057,Phòng Hai Giường Đơn Loại Sang (Twin Deluxe),6946
240057,Phòng Superior (Superior Room),6947
240057,Deluxe 3 người (Deluxe Triple),6948
240057,Superior 3 người (Superior Triple),6949
240057,Phòng Gia đình 4 người (Family Quad),6950
5877721,Phòng Loại Sang Giường Đôi (Deluxe Double Room),6951
30664964,Phòng Tiêu Chuẩn Có Ban Công (Standard Balcony),6952
30664964,Deluxe có ban công (Deluxe Balcony),6953
30664964,Phòng Gia đình Có ban công (Family Balcony Room),6954
67290066,Phòng Tiêu Chuẩn Giường Lớn (Standard King Room),6955
67290066,Phòng Deluxe Giường Đôi Có Ban Công (Deluxe Double Room with Balcony),6956
67290066,Suite Gia Đình Có Ban Công (Family Suite with Balcony),6957
72738354,Phòng Giường Đôi Có Phòng Tắm Riêng (Double Room with Private Bathroom),6958
72738354,Phòng Gia Đình Có Ban Công (Family Room with Balcony),6959
55642961,Deluxe Double - city view (Deluxe Double - City View),6960
55642961,Phòng Đôi Loại Sang (Deluxe Double Room),6961
55642961,Phòng Hai Giường Đơn Loại Sang - Anubis (Deluxe Twin Room - Anubis),6962
55642961,Phòng Loại Sang Hướng Đường Giường Lớn (Deluxe King Room Road View),6963
55642961,Suite Gia Đình Lực Lượng (Suite Family Force),6964
55642961,Phòng Deluxe Có Giường Cỡ King (Deluxe King Room),6965
55642961,Phòng Ba Người Loại Sang Cho Ba Người (Deluxe Triple Room for Three People),6966
55642961,Phòng Deluxe 3 người (Deluxe Triple Room),6967
55642961,Lực Lượng Gia Đình Loại Sang (Deluxe Family Force),6968
569020,Phòng Deluxe 2 Giường đơn (Deluxe Twin),6969
569020,Deluxe giường đôi (Deluxe Double),6970
569020,Deluxe hướng thành phố 2 giường (Deluxe City View Twin),6971
569020,Deluxe hướng thành phố giường đôi (Deluxe City View Double),6972
569020,Deluxe Panorama 2 giường đơn (Deluxe Panorama Twin),6973
569020,Deluxe Panorama giường đôi (Deluxe Panorama Double),6974
569020,Phòng Deluxe Premier đôi (Deluxe Premier Double Room),6975
569020,Deluxe Premier 2 giường (Deluxe Premier Twin),6976
41594383,Phòng Đôi (Double Room),6977
41594383,Phòng Hai Giường Đơn (Twin Room),6978
41594383,Phòng Giường Đôi/2 Giường Đơn Có Phòng Tắm Riêng (Double or Twin Room with Private Bathroom),6979
1409886,Phòng Superior 2 giường (Superior Twin Room),6980
1409886,Phòng Cao Cấp Cho Hai Người (Superior Double Room),6981
1409886,Phòng Hai Giường Đơn Loại Sang (Deluxe Twin Room),6982
1409886,Phòng Loại Sang Giường Đôi (Deluxe Double Room),6983
1409886,Phòng Deluxe Giường Đôi (Double Deluxe),6984
1409886,Deluxe gia đình (Family Deluxe),6985
52069,Phòng Superior giường đôi hoặc 2 giường (Superior Double or Twin Room),6986
52069,Phòng Đôi hoặc Hai Giường Đơn Loại Sang (Deluxe Double or Twin Room),6987
52069,Phòng Gia đình cho 4 người (Family Room For 4),6988
30860006,Phòng Tiêu Chuẩn (Standard),6989
30860006,Phòng Loại Sang (Deluxe),6990
30860006,Phòng Bốn Người – Cấm Hút Thuốc (Quadruple Room for 4 People - Non-Smoking),6991
30860006,Phòng Deluxe 4 Người (Deluxe Quadruple Room),6992
16077590,Phòng 2 Giường Đơn Với Phòng Tắm Riêng (Twin Room with Private Bathroom),6993
16077590,Phòng Bốn Người Có Phòng Tắm Riêng (Quadruple Room with Private Bathroom),6994
75699531,Suite,6995
75699531,Studio có ban công (Studio with Balcony),6996
68556373,Loại Sang 1 Phòng Ngủ (Deluxe 1 Bedroom),6997
68556373,Phòng Đôi Loại Sang (Deluxe Double Room),6998
68556373,Phòng Có Giường Cỡ King Với Ban Công (King Room with Balcony),6999
68556373,Sang Trọng - Giường King (Luxury - King Bed),7000
68556373,Phòng Gia Đình – 2 Giường Đôi (Family - Double and Double),7001
55581557,Phòng 1 Giường Đôi Lớn (1 Queen Room),7002
55581557,Phòng có ban công (Balcony Room),7003
55581557,Phòng Tiêu Chuẩn 1 giường đôi (Standard with 1 Double Bed),7004
55581557,2 Giường Đôi Lớn Thiết Yếu (Essential 2 Queen),7005
55581557,Căn Hộ (Apartment),7006
545953,Phòng Tiêu Chuẩn (Standard Room),7007
545953,Phòng Loại Sang (Deluxe),7008
545953,Phòng Ba Người 3 người lớn (Triple Room 3 adults),7009
545953,Phòng Gia đình - 4 người lớn (Family - 4 Adults),7010
28523203,Phòng Ba Người Hướng Thành Phố (Triple Room With City View),7011
28523203,Phòng Đôi hoặc Hai Giường Đơn Loại Sang Hướng Thành Phố (Deluxe Double or Twin Room with City View),7012
28523203,Phòng Có Giường Cỡ King Nhìn Ra Vườn (King Room with Garden View),7013
28523203,Standard 2 Double,7014
28523203,Phòng Đôi hoặc Hai Giường Đơn Loại Sang (Deluxe Double or Twin Room),7015
28523203,Giường trong Phòng Tập Thể Cả 8 Giường Nam và Nữ (Bed in 8-Bed Mixed Dormitory Room),7016
42011778,Phòng Tiêu chuẩn có Tầm nhìn (Standard View Room),7017
42011778,Phòng Superior - 1 Giường (Superior Room -- 1 Bed),7018
37795194,Phòng Đôi (Double Room),7019
37795194,Phòng 4 Người (Quadruple Room),7020
37795194,Phòng Gia Đình (Family Room),7021
37795194,Phòng Đơn Cao Cấp (Superior Single Room),7022
37795194,Phòng 3 Người Có Phòng Tắm (Triple Room with Bathroom),7023
65117,Deluxe 2 giường đơn Hướng phố (City View Deluxe Twin),7024
65117,Deluxe giường đôi (Deluxe Double),7025
65117,Phòng Hai Giường Đơn Loại Sang (Deluxe Twin Room),7026
65117,Deluxe 3 người (Deluxe Triple),7027
65117,Phòng Gia Đình (Family),7028
65117,Suite,7029
60802875,Superior hướng vườn (Superior Garden View),7030
60802875,Phòng Giường Đôi Lớn Có Ban Công (Queen Room with Balcony),7031
60802875,Phòng King có ban công (King Room with Balcony),7032
3004083,SUPERIOR ROOM - NO BREAKFAST (Superior Room - No Breakfast),7033
3004083,Superior Room with Free 4-Hour Transportation,7034
3004083,Superior Room with Complimentary Spa Voucher,7035
3004083,Deluxe Room with Complimentary Spa Voucher,7036
3004083,Family Superior with Family Package,7037
3004083,Tropical Villa with Free Benefit & Spa,7038
3004083,Biệt Thự Giường Đôi Có Lối Ra Hồ Bơi Với Spa & Quyền Lợi Miễn Phí (Pool Access Villa Double with Free Benefit & Spa),7039
3004083,Plunge Pool Villa with Free Benefit & Spa,7040
3004083,Family Villa with Family Package,7041
3004083,Traditional Pool Villa with Free Benefit & Spa,7042
3004083,Two-Bedrooms Pool Villa with Family Package,7043
3004083,Four-Bedrooms Pool Villa with Family Package,7044
72580683,Phòng Tập Thể - 8 Người Giường Tầng (Dormitory Room - 8 person bunk beds),7045
72580683,Phòng Deluxe Đôi Nhìn ra Lâu đài (Deluxe Double Room with Castle View),7046
72580683,Suite Deluxe với Bồn tắm Spa (Deluxe Suite with Spa Bath),7047
72580683,Phòng gia đình với phòng tắm riêng. (Family Room with Private Bathroom),7048
72580683,Sang Trọng - Giường King (Luxury - King Bed),7049
72580683,Studio Deluxe Giường Đôi (Deluxe Double Studio),7050
72580683,PHÒNG GIA ĐÌNH 2 GIƯỜNG ĐÔI LỚN CÓ CỬA SỔ (FAMILY 2 QUEEN ROOM WITH WINDOW),7051
72580683,Ban công uy tín (Prestige Balcony),7052
72580683,Giường Trong Phòng Ngủ Tập Thể 8 Giường (Bed in 8-Bed Dormitory Room),7053
57960371,Phòng Suite 1 phòng ngủ Có Ban Công (1-Bedroom Balcony Suite),7054
57960371,Loại Sang - 1 Giường Đôi Lớn Có Máy Chiếu (Deluxe - 1 Queen Bed with Projector),7055
57960371,Deluxe gia đình (Family Deluxe),7056
861642,Phòng Deluxe (Deluxe),7057
861642,Phòng Superior (Superior),7058
861642,Phòng Superior 3 người (Superior Triple Room),7059
861642,Deluxe 3 người (Deluxe Triple),7060
861642,Phòng Tập Thể (Dormitory),7061
861642,Giường Tầng Trong Phòng Ngủ Tập Thể Cho Nam Và Nữ (Bunk Bed in Mixed Dormitory Room),7062
65116,Superior giường Queen (Superior Queen),7063
65116,Superior 2 giường (Superior Twin),7064
65116,Phòng Deluxe 2 Giường Đơn Nhìn Ra Vườn (Deluxe Twin Room with Garden View),7065
65116,Phòng Deluxe có Giường cỡ King Nhìn ra Khu vườn (Deluxe King Room with Garden View),7066
65116,Phòng Giường Đôi Lớn Cao Cấp Hướng Vườn (Superior Garden View Queen Room),7067
65116,Phòng Hai Giường Đơn Cao Cấp Hướng Vườn (Superior Garden View Twin Room),7068
65116,Phòng Superior có Giường cỡ Queen và Nhìn ra Khu vườn (Superior Queen Room with Garden View),7069
65116,Superior 2 giường Hướng sông (Superior River View Twin Bed),7070
65116,Superior giường Queen Hướng sông (Superior River View Queen Room),7071
65116,Phòng Deluxe 2 Giường đơn (Deluxe Twin),7072
65116,Deluxe giường King (Deluxe King),7073
65116,Phòng Giường Lớn Loại Sang Hướng Vườn (Deluxe Garden View King Room),7074
65116,Phòng Hai Giường Đơn Loại Sang Hướng Vườn (Deluxe Garden View Twin Room),7075
65116,Deluxe Colonial Twin,7076
65116,Deluxe Colonial King,7077
65116,Phòng Hai Giường Đơn Loại Sang Hướng Sông (Deluxe River View Twin Room),7078
65116,Le Jardin Suite,7079
65116,Colonial Junior Suite,7080
65116,Le Jardin Suite,7081
65116,Suite Monument d'Égypte (Monument d'Égypte Suite),7082
65116,Suite Thuộc Địa (Colonial Suite),7083
65116,Phòng Suite hướng sông Hương (Perfume River Suite),7084
65116,Resident Suite,7085
1258378,Phòng Gia Đình Loại Sang (Deluxe Family),7086
1258378,Suite Gia Đình Deluxe (Deluxe Family Suite),7087
8715171,Phòng Deluxe (2 Người lớn + 1 Trẻ em) (Deluxe Room (2 Adults + 1 Child)),7088
8715171,Phòng Giường Đôi Lớn Loại Sang (Deluxe Queen Room),7089
8715171,Phòng Giường Đôi Có Ban Công (2 Người Lớn + 1 Trẻ Em) (Double Room with Balcony (2 Adults + 1 Child)),7090
8715171,Phòng Deluxe Giường Đôi Có Ban Công (Deluxe Double Room with Balcony),7091
8715171,Phòng 4 Người Có Ban Công (Quadruple Room with Balcony),7092
59373102,Tiêu chuẩn giường Queen (Standard Queen),7093
59373102,Phòng Đôi Phổ Thông (Economy Double Room),7094
59373102,Phòng Superior - 1 giường King - Không hút thuốc (Superior King Room - Non-Smoking),7095
59373102,Phòng Deluxe Giường Đôi Có Ban Công (Deluxe Double Room with Balcony),7096
59373102,Phòng Deluxe Giường Đôi Có Ban Công (Deluxe Double Room with Balcony),7097
99006,Phòng Superior - Chỉ riêng phòng (Superior Room Only),7098
99006,Superior hướng thành phố (Superior City View),7099
99006,Deluxe giường đôi Hướng phố (Deluxe Double City View),7100
99006,Phòng Junior Suite giường đôi Hướng công viên (Junior Suite Double Park View),7101
99006,Suite Gia Đình - 3 Người Lớn (Family Suite - 3 Adults),7102
77555616,Căn hộ Deluxe 2 Phòng ngủ (Two-Bedroom Deluxe Apartment),7103
77555616,Căn Hộ Loại Sang 2 Phòng Ngủ Có Ban Công (Two-Bedroom Deluxe Apartment with Balcony),7104
77555616,Căn Hộ Deluxe 3 Phòng Ngủ (Three-Bedroom Deluxe Apartment),7105
239766,Phòng Tiêu Chuẩn (Standard),7106
239766,Phòng Superior (Superior),7107
239766,Phòng Loại Sang (Deluxe),7108
63840807,Phòng Deluxe 2 giường có ban công (Deluxe Twin Room with Balcony),7109
63840807,Phòng Cao Cấp Cho Hai Người (Superior Double Room),7110
63840807,Phòng Deluxe giường đôi có ban công (Deluxe Double Room with Balcony),7111
63840807,Phòng Deluxe 3 người có ban công (Deluxe Triple Room with balcony),7112
63840807,Phòng Gia Đình Loại Sang (Deluxe Family Room),7113
74074326,Phòng Giường Đôi Với Phòng Tắm Riêng Bên Ngoài (Double Room with Private External Bathroom),7114
74074326,Phòng Tiêu Chuẩn Giường Đôi (Standard Double Room),7115
74074326,Phòng Gia Đình Có Ban Công (Family Room with Balcony),7116
75484042,Phòng Có Giường Cỡ Queen Với Phòng Tắm Chung (Queen Room with Shared Bathroom),7117
75484042,Phòng Giường Đôi Với Phòng Tắm Chung (Double Room with Shared Bathroom),7118
79452684,Share Bedroom in Apartment,7119
79452684,Căn Hộ 1 Phòng Ngủ (1 Bedroom Apartment),7120
79452684,Căn Hộ 2 Phòng Ngủ (2 Bedroom Apartment),7121
79452684,Căn Hộ 2 Phòng Ngủ (Two-Bedroom Apartment),7122
35039457,Phòng Tiêu Chuẩn (Standard Room),7123
35039457,Superior 2 giường đơn (Superior Twins),7124
35039457,Phòng Superior gia đình (Family Superior),7125
775115,Giường Trong Phòng Ngủ Tập Thể 6 Giường (Bed in 6-Bed Dormitory Room),7126
41293994,Phòng 3 Người Có Phòng Tắm (Triple Room with Bathroom),7127
41293994,Phòng Đôi (Double Room),7128
56636995,Phòng Đôi Loại Sang (Deluxe Double Room),7129
56636995,Phòng Giường Đôi Có Ban Công (Double Room with Balcony),7130
56636995,Phòng Có 2 Giường Cỡ King (King Room with Two King Beds),7131
46749841,Phòng giường đôi Hướng vườn (Double Room Garden View),7132
11291347,Giường Queen đôi Không hút thuốc (Double Queen Non-Smoking),7133
11291347,Phòng Superior có Giường Cỡ Queen (Superior Queen),7134
44379664,Phòng Deluxe Có ban công (Deluxe Room Balcony),7135
44379664,Phòng Gia Đình Loại Sang (Deluxe Family Room),7136
24334527,Phòng Tiêu Chuẩn (Standard),7137
24334527,Hai Giường (Twin Bed),7138
42170600,Phòng gia đình có phòng tắm riêng (Family Room with Private Bathroom),7139
42170600,Phòng Tiêu Chuẩn Có Giường Cỡ King (Standard King Room),7140
52043,Phòng Loại Sang (Deluxe),7141
52043,deluxe double/ twin room city view,7142
78398809,Phòng Có Giường Cỡ King Với Ban Công (King Room with Balcony),7143
78398809,Phòng 3 Người Nhìn Ra Thành Phố (Triple Room with City View),7144
63971167,Phòng Superior 2 giường (Superior Twin Room),7145
63971167,Deluxe giường đôi hoặc 2 giường (Deluxe Double or Twin),7146
75963355,Phòng Đôi (Double Room),7147
75963355,Phòng Đôi (Double Room),7148
42170608,Lều (Tent),7149
42170608,Nhà Gỗ Nhỏ (Wooden Cottage),7150
71315809,Suite Junior Có Ban Công (Junior Suite with Balcony),7151
56296211,Phòng Giường Đôi Nhìn Ra Núi (Double Room with Mountain View),7152
56296211,Phòng Giường Đôi Có Ban Công (Double Room with Balcony),7153
62537539,Phòng Giường Đôi Với Phòng Tắm Chung (Double Room with Shared Bathroom),7154
62537539,Phòng giường đôi có ban công (Double Room with Balcony),7155
76910809,"Phòng 2 giường đơn Deluxe, Quang cảnh vườn (Deluxe Twin Room, Garden View)",7156
76910809,Phòng Đôi (Double Room),7157
78102721,Phòng Tiêu Chuẩn Giường Lớn (Standard King Room),7158
78102721,Phòng 2 Giường Đôi (Double Room with Two Double Beds),7159
42087646,Phòng Giường Lớn có Hướng Vườn (King Room with Garden View),7160
42087646,Phòng Tiêu Chuẩn (Standard),7161
60149797,Phòng Tiêu Chuẩn Giường Đôi (Standard Double Room),7162
60149797,Phòng Đôi (Double Room),7163
66800454,Căn Hộ Loại Sang 2 Phòng Ngủ Có Ban Công (Two-Bedroom Deluxe Apartment with Balcony),7164
66800454,Căn Hộ 2 Phòng Ngủ Có Hướng Thành Phố (Two-Bedroom Apartment with City View),7165
42071332,Phòng Deluxe giường đôi có ban công (Deluxe Double Room with Balcony),7166
42071332,Phòng Loại Sang Giường Lớn (Deluxe King Room),7167
6877624,Phòng Giường Đôi Nhìn Ra Vườn (Double Room with Garden View),7168
6877624,Phòng Có Giường Cỡ King Nhìn Ra Vườn (King Room with Garden View),7169
77255430,Loại Sang - 1 Giường Lớn (Deluxe - 1 King Bed),7170
77255430,Phòng Deluxe có 1 Phòng ngủ (1 Bedroom Deluxe),7171
7427857,Phòng Giường Đôi Có Phòng Tắm Riêng (Double Room with Private Bathroom),7172
7427857,Giường Trong Phòng Ngủ Tập Thể Cho Cả Nam Và Nữ 6 Giường (Bed in 6-Bed Mixed Dormitory Room),7173
45141946,Phòng Đôi Loại Sang (Deluxe Double Room),7174
45141946,Phòng Có Giường Cỡ King Với Ban Công (King Room with Balcony),7175
38022633,Phòng Loại Sang Hướng Vườn (Deluxe Garden View Room),7176
38022633,Phòng Ba Người (Triple Room),7177
1270314,Phòng Đôi Cao Cấp (Superior Double Room),7178
1270314,Phòng Superior 2 giường đơn (Superior Twin Room),7179
38098270,Phòng Nhỏ (Tiny Room),7180
38098270,Phòng nhỏ (Small Room),7181
69791356,Phòng Tiêu Chuẩn Giường Lớn (Standard King Room),7182
72814363,Phòng Đôi (Double Room),7183
72814363,Phòng Giường Đôi/2 Giường Đơn (Double or Twin Room),7184
56199625,Phòng Đôi (Double Room),7185
56199625,Phòng Đôi Loại Sang (Deluxe Double Room),7186
297970,Phòng Tiêu Chuẩn (Standard),7187
62983613,Phòng 2 Người (Hotel Room for 2 People),7188
62983613,Phòng 3 người (Guestroom Triple),7189
62983613,Phòng 4 người (Quadruple Room),7190
28700464,Phòng Deluxe có 1 Giường Đôi (Deluxe Doubles),7191
45879560,Phòng Đôi (Double Room),7192
45879560,Phòng 4 Người (Quadruple Room),7193
63993278,Tiêu Chuẩn - 1 Giường Đôi Hướng Vườn (Standard - 1 Double Bed with Garden View),7194
47004687,Phòng Giường Đôi Có Ban Công (2 Người Lớn + 1 Trẻ Em) (Double Room with Balcony (2 Adults + 1 Child)),7195
61726016,Phòng Đôi (Double Room),7196
61726016,Phòng 4 người (Quadruple Room),7197
45910643,Phòng Đôi (Double Room),7198
39521407,Phòng Giường Đôi Có Sân Hiên (Double Room with Terrace),7199
39521407,Phòng Giường Đôi Có Ban Công (Double Room with Balcony),7200
462701,Phòng Tiêu Chuẩn (Standard),7201
42229669,"Standard Double Room, 1 Bedroom, City View",7202
42229669,Giường đôi - Giường Queen (Double - Queen),7203
42229669,Giường Đôi Lớn Cao Cấp Thiết Yếu (Essential Superior Queen),7204
55158753,Phòng Giường Đôi Hạng Bình Dân (Budget Double Room),7205
55158753,Phòng Tiêu Chuẩn (Standard Room),7206
55158753,Phòng Superior (Superior),7207
29851030,Phòng Superior (Superior),7208
29851030,Phòng Superior có ban công (Superior Room with Balcony),7209
161611,Phòng Đôi Loại Sang (Deluxe Double Room),7210
161611,Phòng Deluxe 3 người (Deluxe Triple Room),7211
40132057,Căn Hộ 2 Phòng Ngủ (Two-Bedroom Apartment),7212
63842964,Phòng Giường Đôi Có Phòng Tắm Riêng (Double Room with Private Bathroom),7213
62077661,Phòng Tiêu Chuẩn (Standard Room),7214
62077661,Phòng Superior Giường Đôi/2 Giường Đơn Nhìn Ra Thành Phố (Superior Double or Twin Room with City View),7215
62077661,Loại Sang - 2 Giường Có Ban Công (Deluxe - 2 Beds with Balcony),7216
18531925,Room Assigned on Arrival,7217
18531925,Phòng Superior Giường Đôi Nhìn ra Vườn (Superior Double Garden View),7218
18531925,Phòng với Giường cỡ Queen có Tầm nhìn (Queen Room with View),7219
18531925,Phòng Deluxe Giường đôi Nhìn ra Khu vườn (Deluxe Double Garden View),7220
18531925,Phòng Loại Sang (Deluxe Room),7221
18531925,Phòng Suite có bồn tắm nước nóng (Suite with Hot Tub),7222
63734430,Phòng Tiêu Chuẩn (Standard Room),7223
63734430,Phòng Gia Đình Loại Sang 2 Phòng Ngủ Cho 4 Người (Deluxe Family 2 Bedroom for 4 Person),7224
76163847,Studio Nhìn Ra Vườn (Studio with Garden View),7225
76163847,Studio Nhìn Ra Vườn (Studio with Garden View),7226
76898920,"Phòng Tiêu Chuẩn - 1 Giường Đôi Lớn, Không Hút Thuốc (Standard - 1 Queen Bed, Non-Smoking)",7227
76898920,Phòng Tiêu Chuẩn Có Ban Công (Standard Balcony),7228
76898920,Phòng hướng sông (River View),7229
76898920,Phòng Tiêu chuẩn hướng sông (Standard River View),7230
76898920,Phòng Giường Đôi Với Phòng Tắm Chung (Double Room with Shared Bathroom),7231
76898920,Phòng Giường Đôi Với Phòng Tắm Chung (Double Room with Shared Bathroom),7232
76898920,1 Giường Đôi Lớn (1 Queen),7233
76898920,Phòng cổ điển giường đôi hoặc 2 giường (Classic Double or Twin),7234
76898920,Deluxe hướng sông (Deluxe River View),7235
76898920,Phòng Superior Có Giường Cỡ King (Superior King Room),7236
76898920,Phòng 4 Người Có Phòng Tắm Riêng Bên Ngoài (Quadruple Room with Private External Bathroom),7237
76898920,(Mùa Thu PKG) Phòng Tiêu Chuẩn 2 Giường ((Autumn PKG) Standard Twin),7238
76898920,Deluxe giường đôi hoặc 2 giường (Deluxe Double or Twin),7239
76898920,Phòng 4 Người Nhìn ra Hồ nước (Quadruple Room with Lake View),7240
76898920,Phòng Executive hướng sông (Executive River View),7241
76898920,Phòng Có Giường Cỡ King Nhìn Ra Hồ Nước (King Room with Lake View),7242
72317525,Phòng Đôi (Double Room),7243
72317525,Phòng 4 người (Quadruple Room),7244
239407,Deluxe - Giường đôi (Deluxe - Double),7245
239407,Phòng Deluxe 2 Giường đơn (Deluxe Twin),7246
239407,Phòng Superior 3 Người (Superior Triple),7247
75417638,Phòng Đôi (Double Room),7248
75417638,Phòng Giường Đôi Nhìn Ra Vườn (Double Room with Garden View),7249
75417638,Phòng Có Giường Cỡ King Nhìn Ra Vườn (King Room with Garden View),7250
32359825,Phòng Superior giường đôi - Không hút thuốc (Superior Double Room - Non-Smoking),7251
32359825,Phòng Deluxe Hướng cảnh (Deluxe View Room),7252
32359825,Phòng gia đình dành cho 3 người (Family 3 Pax),7253
32359825,Phòng Gia Đình Loại Sang cho 3 Người (Deluxe Family Room for 3 People),7254
32267268,Phòng Đôi Loại Sang (Deluxe Double Room),7255
32267268,Phòng Cơ Bản 3 Người (Basic Triple Room),7256
32267268,Phòng Deluxe 3 người (Deluxe Triple Room),7257
32267268,Phòng Ngủ Tập Thể Cho Cả Nam Và Nữ (Mixed Dormitory Room),7258
56347165,Phòng Đôi Loại Sang (Deluxe Double Room),7259
56347165,Giường Trong Phòng Ngủ Tập Thể Cho Cả Nam Và Nữ 6 Giường (Bed in 6-Bed Mixed Dormitory Room),7260
49293019,Phòng Tiêu Chuẩn Giường Lớn (Standard King Room),7261
49293019,Phòng Superior Có Giường Cỡ King (Superior King Room),7262
49293019,Phòng Deluxe Giường Đôi Có Ban Công (Deluxe Double Room with Balcony),7263
49293019,Phòng Deluxe Giường Đôi Có Ban Công (Deluxe Double Room with Balcony),7264
55665001,Phòng 1 Giường Đôi Lớn (1 Queen Room),7265
55665001,Phòng 2 giường đôi (Double Twin),7266
55665001,Phòng Gia Đình (Family Room),7267
72810605,Căn Hộ 2 Phòng Ngủ (Two-Bedroom Apartment),7268
72810605,Căn Hộ 3 Phòng Ngủ Có Ban Công (Three-Bedroom Apartment with Balcony),7269
1293389,Phòng Được sắp xếp tùy ý khi đến (Room Assigned on Arrival),7270
78722567,Phòng Với Sân Hiên Nhìn Ra Vườn (Garden View Terrace Room),7271
78722567,Suite Nhỏ Hướng Đại Dương Giường Đôi ( Junior Suite Ocean View Double),7272
78722567,(Mùa Thu PKG) Phòng Tiêu Chuẩn 2 Giường ((Autumn PKG) Standard Twin),7273
78722567,Phòng Gia Đình (Family Room),7274
78722567,Biệt Thự 2 Phòng Ngủ Có Hồ Bơi Nhìn Ra Sông (Riverfront Two-Bedroom Pool Villa),7275
29383456,Phòng Loại Sang (Deluxe Room),7276
29383456,Phòng Hai Giường Đơn (Twin Room),7277
29383456,Phòng 3 người có ban công (Triple Room with Balcony),7278
29383456,Phòng gia đình có ban công (Family Room with Balcony),7279
29383456,Phòng 4 người có ban công (Quadruple Room with Balcony),7280
67796344,Căn Hộ 2 Phòng Ngủ (Two-Bedroom Apartment),7281
73544698,Căn Hộ 2 phòng ngủ (4 người Lớn) (2-Bedroom Apartment for 4 Adults),7282
73544698,Căn 2 Phòng Ngủ Hướng Sông (2 Bedroom River View),7283
73544698,Căn Hộ 2 Hai Phòng Ngủ Có Ban Công (1-Bedroom Apartment 2 with Balcony),7284
73544698,Căn Hộ – 3 Phòng Ngủ (Apartment - 3 Bedrooms),7285
49702344,Phòng Đôi (Double Room),7286
49702344,Phòng Ba Người (Triple Room),7287
49702344,Phòng Hai Giường Đơn (Twin Room),7288
49702344,Phòng 4 Người (Quadruple Room),7289
49702344,Phòng Gia Đình (Family Room),7290
165383,Phòng Superior Giường Đôi/2 Giường Đơn (Superior Twin or Double ),7291
41571819,Căn Hộ 2 Phòng Ngủ (Two-Bedroom Apartment),7292
2634999,Phòng 2 giường đơn có ban công (Twin Room with Balcony),7293
2634999,Phòng Deluxe Giường Đôi Có Ban Công (Deluxe Double Room with Balcony),7294
2634999,Phòng Cổ Điển Cho 4 Người (Classic Quadruple Room),7295
2634999,Phòng Đơn Có Phòng Tắm Riêng (Single Room with Private Bathroom),7296
74453371,Phòng Đôi (Double Room),7297
74453371,Phòng Giường Đôi Có Ban Công (Double Room with Balcony),7298
74453371,Phòng 2 Giường Đôi (Double Room with Two Double Beds),7299
74453371,Phòng 2 giường đơn có ban công (Twin Room with Balcony),7300
72182497,Deluxe có ban công (Deluxe Balcony),7301
72182497,Deluxe gia đình (Family Deluxe),7302
35696211,Giường đôi - 2 người (Double - 2 People),7303
63200942,Phòng Deluxe Có Giường Cỡ King (Deluxe King Room),7304
63200942,Phòng Có 2 Giường Cỡ King (King Room with Two King Beds),7305
63200942,Phòng Giường Đôi Có Giường Phụ (Double Room with Extra Bed),7306
63200942,Phòng Superior Có Giường Cỡ King (Superior King Room),7307
55209158,Phòng Giường Đôi Hạng Bình Dân (Budget Double Room),7308
55209158,Căn hộ Tiêu chuẩn (Standard Apartment),7309
38707693,Loại Sang - 1 Giường Lớn (Deluxe - 1 King Bed),7310
38707693,Phòng 2 giường có phòng tắm riêng (Twin Room with Private Bathroom),7311
38707693,Familiar 3-4 người (Familiar 3-4 people),7312
75894291,Phòng Giường Đôi Có Ban Công (Double Room with Balcony),7313
75894291,Phòng Đôi Loại Sang (Deluxe Double Room),7314
28281967,Phòng hướng vườn giường King (Garden View King Room),7315
28281967,Phòng Loại Sang (Deluxe Room),7316
28281967,Phòng Family Hướng Vườn (Garden View Family Room),7317
28281967,Phòng gia đình có ban công (Family with balcony),7318
28281967,Phòng gia đình 4 người (Family 4 People),7319
28281967,Biệt thự Gia đình (Villa Family),7320
79758142,Phòng Tiêu Chuẩn (Standard Room),7321
79758142,Phòng Tiêu Chuẩn Có Ban Công (Standard Balcony),7322
79758142,Phòng Gia Đình (Family Room),7323
78457728,Phòng Đôi Loại Sang (Deluxe Double Room),7324
78457728,Phòng Hạng Tiết kiệm Cho 4 Người (Economy Quadruple Room),7325
37181183,Phòng đơn Tiêu chuẩn (Standard Individual),7326
37181183,Phòng Hai Giường Đơn Loại Sang Loại A ( Deluxe Twin Room Type A),7327
37181183,Phòng giường đôi lớn (Large Double Room),7328
37181183,Phòng gia đình hướng thành phố (Family City View),7329
37181183,Phòng Deluxe cho 4 người (Deluxe Room for 4 People),7330
78198329,Villa riêng (Private Villa),7331
33956034,Phòng tiết kiệm giường đôi (Economy Double Room),7332
33956034,Phòng Loại Sang Giường Đôi (Deluxe Double Room),7333
33956034,Phòng Deluxe giường Queen (Deluxe Queen Room),7334
75698417,Phòng Đơn (Single Room - No Parking),7335
75698417,Phòng Giường Đôi Lớn (Large Double Room),7336
75698417,Deluxe hướng sông (Deluxe River View),7337
75698417,Phòng Giường Đôi/2 Giường Đơn (Double or Twin Room),7338
75698417,Phòng 2 giường có cửa sổ (Twin Room with Window),7339
53491126,Giường đôi - 2 người (Double - 2 People),7340
53491126,Phòng giường đôi có ban công (Double Room with Balcony),7341
53491126,Standard 2 Double Beds Accessible Non-Smoking,7342
53491126,Phòng 4 Người Có Phòng Tắm (Quadruple Room with Bathroom),7343
25971739,Phòng Đôi Loại Sang (Deluxe Double Room),7344
25971739,Phòng Hai Giường Đơn Loại Sang (Deluxe Twin Room),7345
25971739,Phòng Deluxe 3 người (Deluxe Triple Room),7346
25971739,Phòng Deluxe Gia đình (Deluxe Family Room),7347
25971739,Giường Trong Phòng Ngủ Tập Thể Cho Cả Nam Và Nữ 6 Giường (Bed in 6-Bed Mixed Dormitory Room),7348
76333392,Phòng Tiêu Chuẩn (Standard Room),7349
76333392,Phòng Tiêu Chuẩn Giường Đôi Lớn (Standard Queen Room),7350
76333392,Phòng Gia Đình (Family Room),7351
76333392,Standard dormitory,7352
64411013,Phòng Tiêu Chuẩn Giường Lớn (Standard King Room),7353
64411013,Phòng Có Giường Cỡ King Với Ban Công (King Room with Balcony),7354
64411013,Phòng Có Giường Cỡ King Nhìn Ra Vườn (King Room with Garden View),7355
64411013,Phòng Gia Đình Có Ban Công (Family Room with Balcony),7356
34156264,Phòng Superior 2 giường đôi (Superior Double Twin Room),7357
34156264,Phòng Đôi hoặc Hai Giường Đơn Loại Sang (Deluxe Double or Twin Room),7358
34156264,Phòng Gia Đình (Family Room),7359
288754,Phòng Tiêu chuẩn Giường đôi hoặc 2 giường đơn Không cửa sổ (Standard Double or Twin NO Window),7360
288754,Phòng Tiêu chuẩn giường đôi (Standard Double),7361
288754,Superior giường đôi (Superior Double),7362
288754,Deluxe giường đôi hoặc 2 giường (Deluxe Double or Twin),7363
288754,Phòng gia đình 3 người (Family Triple),7364
288754,Phòng Gia Đình (4 Người Lớn) (Family Room (4 Adults)),7365
1602795,Lều Cho 2 Người (Tent for 2 People),7366
1602795,Phòng Tiêu Chuẩn Hướng Núi Giường Đôi (Standard Double Mountain View),7367
1602795,Phòng Deluxe Giường Đôi/2 Giường Đơn Nhìn Ra Hồ Nước (Deluxe Double or Twin Room with Lake View),7368
75484029,Căn Hộ 2 Phòng Ngủ (Two-Bedroom Apartment),7369
63774894,Phòng giường Queen (Queen Room),7370
63774894,Phòng 2 Giường Đơn Nhìn Ra Núi (Twin Room with Mountain View),7371
63774894,Phòng 2 giường đơn Hướng phố (Twin Room City View),7372
74495019,Phòng Superior giường Queen (Superior Queen Bed),7373
74495019,Phòng Superior Có Ban Công (Superior Balcony),7374
46358814,Căn hộ (Apartment),7375
46358814,Phòng Đôi Loại Sang (Deluxe Double Room),7376
66752535,Phòng Tiêu Chuẩn Giường Lớn (Standard King Room),7377
66752535,Phòng Có Giường Cỡ King Với Ban Công (King Room with Balcony),7378
66752535,Giường trong Phòng ngủ tập thể 4 người (Bed in 4-Bed Dormitory Room),7379
61747439,Căn Hộ - Lệch Tầng (Apartment - Split Level),7380
61860812,Phòng Giường Đôi Nhỏ (Small Double Room),7381
61860812,Phòng Queen - Không Có cửa sổ (Queen Room no window),7382
61860812,Phòng Cơ Bản Giường Đôi Lớn (Basic Queen Room),7383
75544192,Deluxe giường đôi hoặc 2 giường (Deluxe Double or Twin),7384
75544192,Phòng Đôi (Double Room),7385
64899595,Phòng Đôi (Double Room),7386
1196103,Phòng Hạng Tiết kiệm Có Máy Điều Hòa (Economy Room with Air Conditioning),7387
1196103,Phòng Gia Đình (Family Room),7388
38139444,Phòng Cao Cấp Giường Đôi (Chỉ Gồm Phòng Nghỉ) (Superior Double (Room Only)),7389
38139444,Phòng Đôi Loại Sang (Double Deluxe),7390
78703509,Phòng Deluxe Giường Đôi Có Ban Công (Deluxe Double Room with Balcony),7391
165221,Phòng Deluxe Giường Đôi/2 Giường Đơn (Deluxe Double or Twin Bed),7392
165221,Deluxe hướng thành phố (Deluxe City View),7393
26079603,Phòng Đôi (Double Room),7394
26079603,Phòng Ba Người (Triple Room),7395
59539724,Phòng Cao Cấp Cho Hai Người (Superior Double Room),7396
59539724,Phòng Deluxe giường đôi có ban công (Deluxe Double Room with Balcony),7397
51976991,Annex Single Room - Smoking,7398
51976991,Room with Window (room with window),7399
247696,Phòng giường đôi nhỏ (Small Double Room),7400
247696,Phòng Deluxe Giường đôi Nhìn ra Hồ bơi (Deluxe Double Pool View),7401
66712862,Phòng Đôi (Double Room),7402
66712862,Phòng Deluxe Giường Đôi Có Vòi Sen (Deluxe Double Room with Shower),7403
75983502,Phòng Đôi (Double Room),7404
75983502,Phòng 4 Người (Quadruple Room),7405
24337561,Phòng Tiêu Chuẩn (Standard),7406
24337561,Phòng Loại Sang (Deluxe),7407
69127351,Căn hộ 2 phòng ngủ nhìn ra cảnh thành phố (Two-Bedroom Apartment with City View),7408
7423510,Phòng Giường Đôi Có Phòng Tắm Riêng (Double Room with Private Bathroom),7409
239449,Phòng Tiêu Chuẩn (Standard),7410
239449,Phòng Superior (Superior),7411
58958160,Căn hộ (Apartment),7412
58958160,Căn Hộ 2 Phòng Ngủ (Two-Bedroom Apartment),7413
48601347,Phòng Đôi (Double Room),7414
48601347,Phòng gia đình với phòng tắm riêng. (Family Room with Private Bathroom),7415
80193483,Villa riêng (Private Villa),7416
50160804,Nhà riêng Deluxe (Deluxe Home),7417
50160804,Biệt Thự Deluxe (Deluxe Villa),7418
50938894,Villa riêng (Private Villa),7419
61019121,Deluxe giường đôi hoặc 2 giường (Deluxe Double or Twin),7420
80245520,Phòng Giường Đôi Với Phòng Tắm Chung (Double Room with Shared Bathroom),7421
80245520,Phòng giường đôi có ban công (Double Room with Balcony),7422
72813320,Phòng Giường Đôi Nhìn Ra Vườn (Double Room with Garden View),7423
72813320,Phòng Giường Đôi Nhìn Ra Vườn (Double Room with Garden View),7424
77580459,Phòng Giường Đôi Nhìn Ra Vườn (Double Room with Garden View),7425
62132963,Phòng Tiêu Chuẩn (Standard Room),7426
62132963,HAI GIƯỜNG ĐƠN (Twin),7427
62132963,Deluxe có ban công (Deluxe Balcony),7428
78696714,Phòng Đơn (Sky Single Room),7429
78696714,Phòng Đôi (Double),7430
45764475,Biệt Thự (Villa),7431
38858115,Phòng Đôi Loại Sang (Deluxe Double Room),7432
38858115,Phòng Tiêu Chuẩn Giường Lớn (Standard King Room),7433
76248903,Căn Hộ 2 Phòng Ngủ (Two-Bedroom Apartment),7434
77598029,Phòng Đôi (Double Room),7435
63082773,Căn hộ (Apartment),7436
38942591,Phòng Đôi (Double Room),7437
38942591,Phòng Deluxe Gia đình (Deluxe Family Room),7438
5892329,Phòng giường đôi (double rooms),7439
5892329,Phòng Giường Đôi Lớn (Large Double Room),7440
78733832,Phòng Deluxe Có Giường Cỡ King (Deluxe King Room),7441
78982515,Nhà 3 Phòng Ngủ (Three-Bedroom House),7442
78982515,Nhà riêng (home),7443
70874983,Căn Hộ 2 Phòng Ngủ (Two-Bedroom Apartment),7444
70874983,Căn hộ (Apartment),7445
699556,Phòng Giường Đôi Hạng Bình Dân (Budget Double Room),7446
699556,Deluxe Cửa Sổ (Deluxe Window),7447
699556,Phòng Gia đình Có ban công (Balcony Family),7448
699556,Phòng Deluxe 4 Người (Deluxe Quadruple Room),7449
78486524,Phòng Giường Đôi Lớn (Large Double Room),7450
78486524,Phòng Deluxe Có Giường Cỡ King (Deluxe King Room),7451
78486524,Phòng Gia Đình (Family Room),7452
56381877,Căn hộ (Apartment),7453
63998076,Phòng Tiêu Chuẩn Giường Lớn (Standard King Room),7454
63998076,Phòng Đôi Loại Sang (Deluxe Double Room),7455
63998076,Suite Gia Đình Có Ban Công (Family Suite with Balcony),7456
74362090,Phòng Giường Đôi Có Phòng Tắm Riêng (Double Room with Private Bathroom),7457
74362090,Phòng Có Giường Cỡ King (King Room),7458
74362090,Phòng Có Giường Cỡ King Với Ban Công (King Room with Balcony),7459
74362090,Phòng Gia Đình (Family Room),7460
71476058,Phòng Giường Đôi Nhỏ Gọn (Compact Double Room),7461
71476058,Phòng Đôi Tiêu Chuẩn - 2 Người Lớn (Standard Double Room - 2 Adults),7462
71476058,Phòng Đôi Ấm Cúng (Cosy Double),7463
71476058,Phòng Giường Tầng Cho Gia Đình (Family Bunker Room),7464
71476058,Giường Tầng (Bunk Bed),7465
59283060,Nhà 1 Phòng Ngủ (One-Bedroom House),7466
76910620,Phòng Giường Đôi Nhìn Ra Núi (Double Room with Mountain View),7467
76910620,Phòng 4 người Nhìn ra cảnh Núi non (Quadruple Room with Mountain View),7468
76910620,Suite nhìn ra núi (Suite with Mountain View),7469
76910620,Phòng Tiêu chuẩn hướng núi (Standard Mountain View),7470
65908779,Phòng Loại Sang (Deluxe),7471
65908779,Phòng Có Giường Cỡ Queen (Queen Room),7472
65908779,Phòng 2 Giường Đơn Nhìn Ra Hồ Bơi (Twin Room with Pool View),7473
65908779,Phòng Giường Đôi Nhìn Ra Hồ Bơi (Double Room with Pool View),7474
75895328,Căn Hộ 3 Phòng Ngủ (Three-Bedroom Apartment),7475
75895328,Căn Hộ 2 Phòng Ngủ Có Ban Công (Two-Bedroom Apartment with Balcony),7476
68422202,Phòng Tiêu Chuẩn (Standard),7477
68422202,Deluxe giường đôi hoặc 2 giường (Deluxe Double or Twin),7478
68422202,Phòng 4 người nhìn ra vườn (Quadruple Room with Garden View),7479
68422202,Phòng Gia Đình (Family Room),7480
47568310,"Deluxe Double Room, 1 King Bed, Non Smoking",7481
47568310,Phòng Loại Sang Giường Đôi (Deluxe Double Room),7482
47568310,Phòng Studio (Studio Room),7483
47568310,Căn Hộ 1 Phòng Ngủ (One Bedroom Apartment),7484
76165341,Phòng Đôi Loại Sang (Deluxe Double Room),7485
76165341,Phòng Deluxe 4 Người (Deluxe Quadruple Room),7486
76165341,Nhà 3 Phòng Ngủ (Three-Bedroom House),7487
173590,Phòng Superior (Superior),7488
173590,Phòng Superior (Superior Room),7489
173590,Phòng Suite Có ban công Hướng vườn (Suite Balcony with garden view),7490
12165838,Phòng Cao Cấp Cho Hai Người (Superior Double Room),7491
12165838,Phòng Superior 2 giường (Superior Twin Room),7492
12165838,Phòng Hai Giường Đơn Loại Sang (Deluxe Twin Room),7493
5710150,Phòng Tiêu Chuẩn (Standard),7494
5710150,Phòng Superior (Superior),7495
5710150,Phòng Loại Sang (Deluxe),7496
31565013,Nhà riêng (home ),7497
66840185,Phòng Superior giường Queen (Superior Queen Bed),7498
66840185,Phòng Suite Có Ban Công (Suite Balcony),7499
47411993,Phòng Giường Đôi Lớn (Large Double Room),7500
47411993,Phòng Giường Đôi Lớn (Large Double Room),7501
47411993,Phòng Giường Đôi Lớn (Large Double Room),7502
76203985,Nhà Liền Kề (Townhouse),7503
69313636,Biệt Thự (Villa),7504
71447605,Căn Hộ 2 Phòng Ngủ Có Ban Công (Two-Bedroom Apartment with Balcony),7505
71447605,Căn Hộ 2 Phòng Ngủ Nhìn Ra Hồ Bơi (Two-Bedroom Apartment with Pool View),7506
71447605,Căn hộ 2 phòng ngủ nhìn ra cảnh thành phố (Two-Bedroom Apartment with City View),7507
63059756,Villa riêng (Private Villa),7508
73517236,Phòng giường đôi không có cửa sổ (Double Room without Window),7509
73517236,Phòng Đôi (Double Room),7510
73517236,Phòng 3 Người Cấm Hút Thuốc (Triple Room Non Smoking),7511
73517236,2 Giường Đơn Tiêu Chuẩn (2 Single Beds Standard),7512
73517236,Phòng Ngủ Ba Người (Triple Bedroom),7513
73517236,Phòng gia đình lớn (Large Family Room),7514
60140491,Phòng Deluxe Giường Đôi/2 Giường Đơn Có Ban Công (Deluxe Double or Twin Room with Balcony),7515
10219628,Studio Deluxe (Deluxe Studio),7516
10219628,Studio Deluxe (Deluxe Studio),7517
76203897,Phòng Giường Đôi Nhìn Ra Vườn (Double Room with Garden View),7518
76203897,Phòng tắm riêng đôi (Double Private Bathroom),7519
76203897,Phòng Đôi – ẤM CÚNG (Double Room - COZY),7520
76203897,Phòng Giường Đôi Có Ban Công (Double Room with Balcony),7521
76203897,Phòng Deluxe Giường Đôi Có Bồn Tắm (Deluxe Double Room with Bath),7522
76203897,Phòng đôi nhìn ra phong cảnh (Landscape View Guest Double Room),7523
76203897,Phòng Nhìn Ra Sông (River Room),7524
76203897,Phòng Toàn Cảnh có Ban Công (Panoramic Room with Balcony),7525
55759532,Căn hộ 2 phòng ngủ nhìn ra cảnh thành phố (Two-Bedroom Apartment with City View),7526
32605950,Phòng Deluxe Giường Đôi (1 Giường Cỡ King) (Deluxe Double Room (1 King Bed)),7527
32605950,Phòng Đôi hoặc Hai Giường Đơn Loại Sang (Deluxe Double or Twin Room),7528
32605950,Deluxe 2 giường hướng sân vườn (Deluxe Garden Twin),7529
32605950,Deluxe gia đình Hướng hồ bơi (Deluxe Family Pool View),7530
32605950,Villa 5 phòng ngủ (5 Bedrooms),7531
281710,Phòng Loại Sang (Deluxe),7532
281710,Phòng cho 3 người có Ban Công (Triple Room with Balcony),7533
80247895,Phòng Có Giường Cỡ Queen Với Ban Công (Queen Room with Balcony),7534
80247895,Phòng Giường Đôi Có Ban Công (2 Người Lớn + 1 Trẻ Em) (Double Room with Balcony (2 Adults + 1 Child)),7535
80247895,Phòng giường Queen (Queen Room),7536
80247895,Deluxe giường đôi hoặc 2 giường (Deluxe Double or Twin),7537
251872,Phòng Đôi (Double Room),7538
251872,Phòng Gia Đình (Family Room),7539
251872,Phòng Ba Người (Triple Room),7540
71357048,Phòng Tiêu Chuẩn Giường Đôi (Standard Double Room),7541
71357048,Phòng Đơn Có Nhà Vệ Sinh Chung (Single Room with Shared Toilette),7542
71357048,Phòng Đơn (Sky Single Room),7543
71357048,Phòng Gia Đình có 1 Giường Đôi và 1 Giường Đơn (Family Single Double Room),7544
71357048,Gia đình - Cấm Hút Thuốc (Family - Non-Smoking),7545
71357048,Nhà 4 Phòng Ngủ (4-Bedroom Pavilion),7546
18771852,Phòng Đôi (Double Room),7547
18771852,Phòng Đôi (Double Room),7548
18771852,Phòng Hai Giường Đơn (Twin Room),7549
18771852,Phòng Gia Đình (Family Room),7550
35311470,Phòng Tiêu Chuẩn Giường Lớn (Standard King Room),7551
35311470,Phòng Có Giường Cỡ King Với Ban Công (King Room with Balcony),7552
35311470,Phòng Bốn Người Có Phòng Tắm Riêng (Quadruple Room with Private Bathroom),7553
67493500,Căn Hộ 2 Phòng Ngủ (Two-Bedroom Apartment),7554
75386308,Giường Trong Phòng Ngủ Tập Thể 6 Giường (Bed in 6-Bed Dormitory Room),7555
75386308,Phòng Tiêu Chuẩn Giường Lớn (Standard King Room),7556
75386308,Phòng Giường Đôi Có Phòng Tắm Riêng (Double Room with Private Bathroom),7557
75386308,Phòng 4 Người Có Bồn Tắm (Quadruple Room with Bath),7558
75386308,Bungalow Gia Đình (Family Bungalow),7559
75386308,Phòng Ngủ Tập Thể 6 Giường Cho Cả Nam Và Nữ (6-Bed Mixed Dormitory Room),7560
66669140,Nhà riêng (home ),7561
6621435,Phòng Deluxe Có Giường Cỡ King (Deluxe King Room),7562
78201964,Villa riêng (Private Villa),7563
70366943,Nhà riêng (home ),7564
47340806,Biệt Thự Có Hồ Bơi Riêng (Villa with Private Pool),7565
47340806,Biệt Thự Có Hồ Bơi Riêng (Villa with Private Pool),7566
34633418,Căn hộ (Apartment),7567
72588625,One Bedroom - Entire House,7568
885045,Phòng Tiêu chuẩn giường đôi (Standard Double),7569
885045,Tiêu chuẩn 3 người (Standard Triple),7570
64211915,Căn Hộ 2 Phòng Ngủ Có Ban Công (Two-Bedroom Apartment with Balcony),7571
77600472,Căn Hộ 2 Phòng Ngủ Có Ban Công (Two-Bedroom Apartment with Balcony),7572
39661901,Phòng 2 Giường Đơn Có Sân Hiên (Twin Room with Terrace),7573
39661901,Phòng Có Giường Cỡ King Nhìn Ra Vườn (King Room with Garden View),7574
70216406,Phòng Giường Đôi Có Ban Công (2 Người Lớn + 1 Trẻ Em) (Double Room with Balcony (2 Adults + 1 Child)),7575
70216406,Phòng Giường Đôi Có Ban Công (Double Room with Balcony),7576
80469405,Căn hộ (Apartment),7577
72033008,Căn hộ Studio (Studio Apartment),7578
63083000,Phòng Standard giường đôi (Standard Double Room),7579
63083000,Phòng Đôi (Double Room),7580
77459815,Căn Hộ 2 Phòng Ngủ Nhìn Ra Hồ Bơi (Two-Bedroom Apartment with Pool View),7581
74649267,Phòng Có Giường Cỡ King Với Ban Công (King Room with Balcony),7582
75842023,Villa riêng (Private Villa),7583
62163000,Phòng Loại Sang Giường Đôi Có Bồn Tắm (Deluxe Double with Bath),7584
66461349,Căn Hộ 1 Phòng Ngủ (Homestay),7585
40353598,Phòng Tiêu chuẩn giường đôi hoặc 2 giường (Standard Double or Twin Room),7586
40353598,Phòng Đôi Cao Cấp (Superior Double Room),7587
48280190,Phòng Giường Đôi (Standard Double Room without Balcony),7588
48280190,Phòng Superior Có Ban Công (Superior Balcony),7589
2314890,Phòng Giường Đôi Có Ban Công (Double Room with Balcony),7590
42108816,Căn hộ (Apartment),7591
61863896,Phòng Giường Đôi Nhỏ (Small Double Room),7592
61863896,Phòng Queen - Không Có cửa sổ (Queen Room no window),7593
61863896,Phòng Cơ Bản Giường Đôi Lớn (Basic Queen Room),7594
50557298,Phòng Tiêu Chuẩn (Standard Room),7595
50557298,Phòng Đôi (Double Room),7596
75970007,Căn Hộ 2 Phòng Ngủ (Two-Bedroom Apartment),7597
16143253,Villa riêng (Private Villa),7598
65898506,Bungalow 3 Người (Bungalow Triple),7599
65898506,Căn hộ Deluxe hướng núi 1 phòng ngủ (One Bedroom Deluxe Mountain View),7600
5685848,Phòng Deluxe 2 Giường đơn (Deluxe Twin),7601
5685848,Bungalow Deluxe (Deluxe Bungalow),7602
64437128,Phòng Đôi (Double Room),7603
64437128,Phòng Ngủ Tập Thể 6 Giường Cho Cả Nam Và Nữ (6-Bed Mixed Dormitory Room),7604
64437128,Phòng 4 Người (Quadruple Room),7605
79106647,Nhà riêng (home),7606
79106646,Nhà riêng (home),7607
79106645,Nhà riêng (home),7608
79106648,Nhà riêng (home),7609
79452585,Share Bedroom in Apartment,7610
79452585,Căn Hộ 1 Phòng Ngủ (1 Bedroom Apartment),7611
254909,Room Assigned on Arrival,7612
335189,Phòng Superior Gia Đình (Superior Family Room),7613
1846026,Phòng Superior 2 giường đơn (Superior Twin Room),7614
1846026,Phòng Đôi Cao Cấp (Superior Double Room),7615
2284855,Phòng Đôi (Double Room),7616
6879356,Tropical Villa with Wellness Retreat Package,7617
6879356,Pool Access Villa with Wellness Retreat Package,7618
78747336,Phòng Superior giường King có ban công (Superior King Room with balcony),7619
78747336,Phòng Giường Lớn Cao Cấp - Hướng Thành Phố (Superior King Room - City View),7620
10548584,Phòng Đơn Có Ban Công (Single Room with Balcony),7621
12213560,Phòng Đôi (Double Room),7622
14695435,Phòng Hai Giường Đơn (Twin Room),7623
14695435,Phòng Tiêu chuẩn giường đôi (Standard Double),7624
15277003,Phòng Đôi Loại Sang (Deluxe Double Room),7625
15277003,Phòng Hai Giường Đơn Loại Sang (Deluxe Twin Room),7626
16361099,Nhà riêng (home),7627
23696833,Villa riêng (Private Villa),7628
31735933,Nhà riêng (home),7629
31924462,"Deluxe Double Room, 1 King Bed, Non Smoking",7630
31924462,Phòng Cao Cấp Cho Hai Người (Superior Double Room),7631
33062311,Căn hộ (Apartment),7632
33111364,Villa riêng (Private Villa),7633
34634345,Phòng Đôi (Double Room),7634
34634345,Phòng Đôi Executive có Sân hiên (Executive Double Room with Terrace),7635
49702319,Căn Hộ Studio (Studio Apartment),7636
49702319,Studio Gia Đình (Family Studio),7637
49912527,Căn hộ (Apartment),7638
50472561,Căn hộ (Apartment),7639
52101743,Biệt Thự 3 Phòng Ngủ (Three-Bedroom Villa),7640
52113992,Nhà riêng (home),7641
52191028,Villa riêng (Private Villa),7642
53524709,Phòng Đôi (Double Room),7643
53524709,Phòng 2 giường có ban công (Twin Room with Balcony),7644
54615402,Phòng Superior (Superior Room),7645
55140616,Nhà riêng (home),7646
55605819,Superior giường Queen (Superior Queen),7647
55605819,Superior hướng thành phố (Superior City View),7648
55682906,Căn Hộ 2 Phòng Ngủ (Two-Bedroom Apartment),7649
55707965,Biệt Thự (Villa),7650
55769451,Nhà riêng (home),7651
55906210,Căn Hộ 2 Phòng Ngủ (Two-Bedroom Apartment),7652
55906210,Căn Hộ 2 Phòng Ngủ (Two-Bedroom Apartment),7653
55948581,Căn hộ (Apartment),7654
56319227,Phòng Có Giường Cỡ Queen Nhìn Ra Hồ Bơi (Queen Room with Pool View),7655
56319227,Nhà Phố 2 Phòng Ngủ (Two-Bedroom Townhouse),7656
56359376,Căn hộ (Apartment),7657
58890063,Nhà nghỉ mát 3 Phòng ngủ (Three-Bedroom Holiday Home),7658
58890063,Nguyên căn nhà riêng (Full House),7659
59207560,Căn hộ (Apartment),7660
59434277,Phòng Đôi Loại Sang (Deluxe Double Room),7661
59439223,Căn hộ (Apartment),7662
59452089,Căn Hộ 1 Phòng Ngủ (One-Bedroom Apartment),7663
59621098,Nhà riêng (home),7664
60121884,Căn hộ (Apartment),7665
60154378,Nhà riêng (home),7666
60240616,Căn hộ (Apartment),7667
60240620,Căn hộ (Apartment),7668
60355723,Căn hộ (Apartment),7669
61030546,Căn Hộ 2 Phòng Ngủ Có Ban Công (Two-Bedroom Apartment with Balcony),7670
61453540,Phòng Giường Đôi Có Ban Công (Double Room with Balcony),7671
61891645,Phòng 2 Giường Đôi (Double Room with Two Double Beds),7672
62051086,The Apartment Has A Sofa Bed,7673
62051086,Phòng Tiêu Chuẩn (Standard Room),7674
62071739,Nhà riêng (home),7675
63082634,Nhà riêng (home ),7676
63155805,Căn Hộ 1 Phòng Ngủ (Homestay),7677
63156759,Phòng Đôi (Double Room),7678
63161673,Phòng 2 Giường Đơn (Twin Queen Room),7679
63161673,Phòng Tiêu Chuẩn (Standard Room),7680
63161673,Phòng Gia Đình (Family Room),7681
63161673,Phòng Đôi Hướng Vườn (Double Room with Garden View),7682
72588631,Home,7683
72810378,Phòng Gia đình Nhìn ra Vườn (Family Room with Garden View),7684
72810378,Phòng Gia đình nhìn ra Núi (Family Room with Mountain View),7685
72810871,Biệt Thự Có Hồ Bơi Riêng (Villa with Private Pool),7686
72811106,Chalet 1 Phòng Ngủ (One-Bedroom Chalet),7687
72813506,Phòng Deluxe (2 Người lớn + 1 Trẻ em) (Deluxe Room (2 Adults + 1 Child)),7688
72813506,Phòng Đôi (Double Room),7689
72813506,Căn Hộ 2 Phòng Ngủ (Two-Bedroom Apartment),7690
72814544,Nhà 1 Phòng Ngủ (One-Bedroom House),7691
73564067,Biệt Thự 1 Phòng Ngủ (One-Bedroom Villa),7692
73564067,Biệt Thự 2 Phòng Ngủ (Two-Bedroom Villa),7693
73564067,Biệt Thự 2 Phòng Ngủ (Two-Bedroom Villa),7694
73564067,Biệt thự Superior (Superior Villa),7695
73564067,Biệt Thự Deluxe (Deluxe Villa),7696
73564067,Biệt Thự Có Hồ Bơi Riêng (Villa with Private Pool),7697
73564067,Biệt Thự Nhìn Ra Vườn (Villa with Garden View),7698
73564067,Biệt Thự Có Hồ Bơi Riêng (Villa with Private Pool),7699
73567409,Căn Hộ (Apartment),7700
73567970,Lều (Tent),7701
73567970,Lều (Tent),7702
73949780,Nhà riêng (home ),7703
74132615,Căn hộ (Apartment),7704
74339285,Căn Hộ 2 Phòng Ngủ (Two-Bedroom Apartment),7705
74492110,Villa riêng (Private Villa),7706
74595294,Căn Hộ 2 Phòng Ngủ (Two-Bedroom Apartment),7707
74724232,Căn Hộ 2 Phòng Ngủ (Two-Bedroom Apartment),7708
74958328,Phòng Giường Đôi Có Phòng Tắm Riêng (Double Room with Private Bathroom),7709
75146719,Căn Hộ 2 Phòng Ngủ (Two-Bedroom Apartment),7710
75300196,Phòng Đôi (Double Room),7711
75300196,Phòng 4 người nhìn ra vườn (Quadruple Room with Garden View),7712
75300196,Phòng Có Giường Cỡ Queen Nhìn Ra Vườn (Queen Room with Garden View),7713
75417949,Phòng Đôi (Double Room),7714
75483990,Phòng Đôi (Double Room),7715
75483990,Phòng Tiêu Chuẩn 4 Người (Standard Quadruple Room),7716
75928887,Căn Hộ 1 Phòng Ngủ (Homestay),7717
75952716,Căn Hộ 3 Phòng Ngủ (Three-Bedroom Apartment),7718
75975442,Phòng Giường Đôi/2 Giường Đơn (Double or Twin Room),7719
75975442,Phòng Đôi Loại Sang (Deluxe Double Room),7720
76045697,Căn Hộ 1 Phòng Ngủ (Homestay),7721
76160902,Căn Hộ 2 Phòng Ngủ (Two-Bedroom Apartment),7722
76167089,Căn Hộ 2 Phòng Ngủ (Two-Bedroom Apartment),7723
76167089,Căn Hộ 3 Phòng Ngủ (Three-Bedroom Apartment),7724
76234023,Phòng Có Giường Cỡ King (King Room),7725
76234023,Studio Gia Đình (Family Studio),7726
76234023,Studio Gia Đình (Family Studio),7727
76593793,Villa riêng (Private Villa),7728
76593794,Villa riêng (Private Villa),7729
76593821,Villa riêng (Private Villa),7730
76727214,Căn hộ (Apartment),7731
76727310,Căn hộ (Apartment),7732
76741631,Nhà riêng (home ),7733
76933990,Nhà riêng (home ),7734
76960049,Biệt Thự 1 Phòng Ngủ (One-Bedroom Villa),7735
76964432,Biệt Thự 3 Phòng Ngủ (Three-Bedroom Villa),7736
76965475,Căn Hộ 2 Phòng Ngủ Nhìn Ra Hồ Bơi (Two-Bedroom Apartment with Pool View),7737
76965475,Căn hộ 2 phòng ngủ nhìn ra cảnh thành phố (Two-Bedroom Apartment with City View),7738
76965475,Căn Hộ 2 Phòng Ngủ Có Ban Công (Two-Bedroom Apartment with Balcony),7739
76965475,Căn Hộ 2 Phòng Ngủ (Two-Bedroom Apartment),7740
76968432,Căn Hộ 2 Phòng Ngủ (Two-Bedroom Apartment),7741
76968432,Căn Hộ 2 Phòng Ngủ (Two-Bedroom Apartment),7742
77037588,Căn Hộ 2 Phòng Ngủ Có Ban Công (Two-Bedroom Apartment with Balcony),7743
77252752,Căn Hộ 1 Phòng Ngủ (One-Bedroom Apartment),7744
76439229,Phòng Được sắp xếp tùy ý khi đến (Room Assigned on Arrival),7745
77414777,Căn Hộ 2 Phòng Ngủ (Two-Bedroom Apartment),7746
77626562,Phòng Có Giường Cỡ King Nhìn Ra Vườn (King Room with Garden View),7747
77626562,Phòng Có Giường Cỡ King Với Ban Công (King Room with Balcony),7748
39040431,"Phòng đôi Deluxe, Quang cảnh thành phố (Deluxe Double Room, City View)",7749
77631893,Căn Hộ 2 Phòng Ngủ Nhìn Ra Hồ Bơi (Two-Bedroom Apartment with Pool View),7750
77631893,Căn Hộ 2 Phòng Ngủ (Two-Bedroom Apartment),7751
77638849,Phòng Hai Giường Đơn (Twin Room),7752
77638849,Bungalow,7753
77638849,Phòng 4 người (Quadruple Room),7754
77973690,Căn Hộ 1 Phòng Ngủ (One Bedroom Apartment),7755
77973690,Căn Hộ 2 Phòng Ngủ (Two-Bedroom Apartment),7756
77973690,Căn Hộ - 2 Phòng Ngủ (Apartment - 2 Bedrooms),7757
78053865,Phòng Đôi (Double Room),7758
78257483,Nhà riêng (home ),7759
78306016,Nhà riêng (home ),7760
78306856,Biệt Thự Có Hồ Bơi Riêng (Villa with Private Pool),7761
78326000,Căn Hộ 2 Phòng Ngủ Có Ban Công (Two-Bedroom Apartment with Balcony),7762
78327759,Phòng Đôi (Double Room),7763
78327759,Phòng Hai Giường Đơn (Twin Room),7764
78329159,"Phòng dành cho gia đình, Ban công, Quang cảnh thành phố (Family Room, Balcony, City View)",7765
78338144,"Classic Quadruple Room, Private Bathroom, City View",7766
78338434,"Comfort Apartment, Balcony, City View (comfort apartment, balcony, city view)",7767
78338434,"Comfort Apartment, Balcony, City View (comfort apartment, balcony, city view)",7768
78338434,"Junior Apartment, Balcony, Pool View",7769
78338434,"Deluxe Apartment, Balcony, Pool View",7770
78341347,Phòng Cơ Bản Giường Đôi (Basic Double Room),7771
78348411,"Phòng đôi cơ bản, 1 giường đôi (Basic Double Room, 1 Double Bed)",7772
78348411,Phòng Đôi Loại Sang (Deluxe Double Room),7773
78348411,Phòng Tiêu Chuẩn Giường Đôi (Standard Double Room),7774
78348411,Phòng Đôi Cao Cấp (Superior Double Room),7775
78416331,Phòng Deluxe Có Giường Cỡ King (Deluxe King Room),7776
78416331,Phòng Deluxe Có Giường Cỡ King (Deluxe King Room),7777
78416331,Phòng Luxury 3 Người (Luxury Triple Room),7778
78416331,Suite Nhìn Ra Thành Phố (Suite with City View),7779
78416331,Suite Junior Gia đình (Family Junior Suite),7780
78427808,Villa riêng (Private Villa),7781
78428727,Nhà riêng (home ),7782
78446695,Nhà riêng (home ),7783
78446720,Phòng Deluxe Giường Đôi/2 Giường Đơn Nhìn Ra Vườn (Deluxe Double or Twin Room with Garden View),7784
78446720,Phòng Gia đình Nhìn ra Vườn (Family Room with Garden View),7785
78446720,Phòng Gia Đình (Family Room),7786
78457207,Căn Hộ 2 Phòng Ngủ (Two-Bedroom Apartment),7787
78457207,Căn Hộ 3 Phòng Ngủ (Three-Bedroom Apartment),7788
78457381,Biệt Thự Có Hồ Bơi Riêng (Villa with Private Pool),7789
78504634,Phòng Đôi (Double Room),7790
78504634,Phòng 4 người (Quadruple Room),7791
78554815,Biệt Thự (Villa),7792
79259957,Phòng Đôi (Double Room),7793
79259957,Phòng Hai Giường Đơn (twin Room),7794
79299577,Căn Hộ 1 Phòng Ngủ Nhìn Ra Thành Phố (One-Bedroom Apartment With City View),7795
79299577,Căn hộ 1 Phòng ngủ có Ban công và Tầm nhìn ra Thành phố (One-Bedroom Apartment with Balcony and City View),7796
79299577,Căn hộ Deluxe 1 phòng ngủ nhìn ra Vườn (Deluxe One-Bedroom Apartment with Garden View),7797
79299577,Căn hộ 1 Phòng ngủ hướng nhìn ra Công viên (One-Bedroom Apartment with Park View),7798
79299577,"Căn Hộ - 2 Người Lớn, 1 Trẻ Em (Apartment - 2 Adults, 1 Child)",7799
79299577,Căn Hộ 1 Phòng Ngủ (Apartment 1 Bedroom),7800
79299577,Suite Đôi Hướng Công Viên (Park View Double Suite),7801
79299577,Căn Hộ - 2 Giường Đôi Và Giường Sofa (Apartment - 2 Double Beds and Sofa Bed),7802
76062856,Phòng Giường Đôi Có Ban Công (Double Room with Balcony),7803
79344967,Phòng Đôi (Double Room),7804
79344967,Phòng Standard giường đôi (Standard Double Room),7805
79344967,Phòng Superior giường Queen (Superior Queen Room),7806
79344967,Phòng Cao Cấp Cho Hai Người (Superior Double Room),7807
79344967,Phòng Loại Sang Giường Đôi (Deluxe Double Room),7808
79351792,Căn Hộ 1 Phòng Ngủ (Homestay),7809
79384531,Căn Hộ Nhỏ 1 Giường Có Ban Công (Studio 1 Bed with Balcony),7810
79392125,Phòng Giường Đôi Nhìn Ra Vườn (Double Room with Garden View),7811
79392125,Phòng Giường Đôi Có Ban Công (Double Room with Balcony),7812
79392125,Phòng Hai Giường Đơn (Twin Room),7813
79392125,Suite có Ban công. (Suite with Balcony),7814
79392125,Phòng 2 giường đơn có ban công (Twin Room with Balcony),7815
79392185,Căn Hộ 1 Phòng Ngủ (One-Bedroom Apartment),7816
79447404,Phòng Tiêu Chuẩn Giường Lớn (Standard King Room),7817
79447404,Studio Có Giường Cỡ King Và Giường Sofa (King Studio with Sofa Bed),7818
79447404,Phòng Deluxe Giường Đôi/2 Giường Đơn Nhìn Ra Thành Phố (Deluxe Double or Twin Room with City View),7819
79447404,Căn Hộ Có Tầm Nhìn Và Ban Công (Apartment with View and Balcony),7820
79447404,Căn hộ 2 phòng ngủ nhìn ra cảnh thành phố (Two-Bedroom Apartment with City View),7821
79528057,Nhà 4 Phòng Ngủ (Four-Bedroom House),7822
79556628,Căn Hộ 1 Phòng Ngủ (One-Bedroom Apartment),7823
79565978,Phòng Tiêu Chuẩn Giường Lớn (Standard King Room),7824
79565978,Phòng Có Giường Cỡ King Với Ban Công (King Room with Balcony),7825
79565978,Suite Gia Đình Có Ban Công (Family Suite with Balcony),7826
79571067,Biệt Thự 3 Phòng Ngủ (Three-Bedroom Villa),7827
79781689,Căn Hộ 1 Phòng Ngủ (One-Bedroom Apartment),7828
79915846,Căn hộ (Apartment),7829
79943447,Nhà riêng (home ),7830
80075012,Phòng Giường Đôi Có Phòng Tắm Riêng (Double Room with Private Bathroom),7831
80075012,Phòng Giường Đôi Có Ban Công (Double Room with Balcony),7832
80075012,Phòng gia đình với phòng tắm riêng. (Family Room with Private Bathroom),7833
80109591,Nhà riêng (home ),7834
80164863,Phòng Giường Đôi Với Phòng Tắm Chung (Double Room with Shared Bathroom),7835
80164863,Phòng Giường Đôi Có Ban Công (Double Room with Balcony),7836
80164863,Phòng Gia Đình Có Ban Công (Family Room with Balcony),7837
80191746,Căn Hộ Nhìn Ra Vườn (Apartment with Garden View),7838
80194742,Villa riêng (Private Villa),7839
80242441,Phòng giường đôi có phòng tắm chung (Double Room with Shared bathroom),7840
80242441,Phòng Standard giường đôi (Standard Double Room),7841
80242441,Phòng giường đôi có ban công (Double Room with Balcony),7842
80242441,Phòng 4 người (Quadruple Room),7843
80246594,Phòng Đôi (Double Room),7844
80246594,Căn Hộ 2 Phòng Ngủ (Two Bedroom Apartment),7845
80246594,Căn hộ 3 phòng ngủ (Three Bedroom Apartment),7846
81043242,Phòng Có Giường Cỡ Queen Với Ban Công (Queen Room with Balcony),7847
81043242,Phòng Có Giường Cỡ King Với Ban Công (King Room with Balcony),7848
81046786,Căn Hộ 3 Phòng Ngủ (Three-Bedroom Apartment),7849
81049397,Phòng Đôi Loại Sang (Deluxe Double Room),7850
81051031,Căn Hộ 2 Phòng Ngủ Có Ban Công (Two-Bedroom Apartment with Balcony),7851
81051618,Căn Hộ 2 Phòng Ngủ (Two-Bedroom Apartment),7852
81052440,Căn Hộ Có Sân Hiên (Apartment with Terrace),7853
862549,PHÒNG 2 GIƯỜNG ĐƠN NHÌN RA VƯỜN (TWIN BED GARDEN VIEW),7854
862549,Phòng Deluxe 2 giường Hướng sông (Deluxe River View Twin Bed),7855
81047992,Phòng Đôi (Double Room),7856
37426969,Nhà trệt (Bungalow),7857
71661850,Phòng Tiêu Chuẩn (Standard Room),7858
71661850,Phòng Loại Sang (Deluxe Room),7859
44689064,Phòng Đôi (Double Room),7860
44689064,Phòng Đôi (Double Room),7861
44689064,Phòng Ba Người (Triple Room),7862
47340302,Phòng Đôi (Double Room),7863
47340302,Phòng Giường Đôi Lớn (Large Double Room),7864
47340302,Phòng 4 Người (Quadruple Room),7865
67556051,Bungalow - Hướng vườn (Bungalow - Garden View),7866
67556051,River King,7867
63298188,Phòng Có Giường Cỡ King (King Room),7868
63298188,Phòng Ba Người (Triple Room),7869
72803582,2 Giường Đôi Lớn Thiết Yếu (Essential 2 Queen),7870
72803582,Suite Có Giường Cỡ King (King Suite),7871
29851223,Phòng Giường Đôi Nhìn ra Thành phố (Double Room City View),7872
29851223,Phòng Tiêu chuẩn 2 Giường Đơn (Standard Twin),7873
62559403,Phòng Đôi (Double Room),7874
62559403,Phòng Ba Người (Triple Room),7875
62559403,Phòng Loại Sang Giường Đôi (Deluxe Double Room),7876
626326,Phòng Đôi Loại Sang (Deluxe Double Room),7877
626326,Phòng Hai Giường Đơn Loại Sang (Deluxe Twin Room),7878
63309215,Phòng Đôi (Double Room),7879
63309215,Phòng Đôi Cao Cấp (Superior Double Room),7880
63309215,Phòng Đôi Loại Sang (Deluxe Double Room),7881
67791043,Phòng Deluxe 2 Giường đơn (Deluxe Twin),7882
67791043,Phòng Đôi Deluxe (Deluxe Double),7883
67791043,Phòng Hai Giường Đơn Loại Sang (Deluxe Twin Room),7884
55769472,Superior - 2 người lớn - 2 trẻ em (Superior - 2 adults - 2 children),7885
55769472,Deluxe hướng thành phố (Deluxe City View),7886
55769472,Junior Suite,7887
47334465,Bed in 10 Bed Mixed Dormitory Room with Shared Bathroom,7888
47334465,Bed in 10 Bed Mixed Dormitory with Balcony and Mountain View,7889
36742778,Nhà riêng (home),7890
31486146,Phòng giường đơn cho 2 người - Không hút thuốc (Single Room for 2 People - Non-Smoking),7891
31486146,Phòng Queen có 2 giường Queen (Queen Room with 2 Queen Beds),7892
36755916,Nhà trệt (Bungalow),7893
37843937,Phòng Đôi Tiêu Chuẩn (Standard Double Room),7894
37843937,Tiêu chuẩn giường đôi (Double Standard Room),7895
37843937,Tiêu Chuẩn - 1 Giường Đôi Lớn (Standard - 1 Queen Bed),7896
67707562,Phòng Tiêu Chuẩn Giường Đôi (Standard Double Room),7897
67707562,Phòng Superior Có Giường Cỡ King (Superior King Room),7898
67707562,Phòng 2 giường có ban công (Twin Room with Balcony),7899
22750715,Phòng Loại Sang (Deluxe),7900
22750715,Phòng Đôi (Double Room),7901
22750715,Phòng Lớn 2 Giường Đơn (Large Twin Room),7902
28087503,Phòng Suite - Giường đôi (Suite - Double),7903
67574309,Phòng Tiêu Chuẩn Giường Đôi (Standard Double Room),7904
67574309,Phòng Có Giường Cỡ King Nhìn Ra Vườn (King Room with Garden View),7905
67574309,Phòng Đôi Loại Sang (Deluxe Double Room),7906
47275728,Phòng đôi C (Double Room C),7907
47275728,Phòng Standard giường đôi (Standard Double Room),7908
47275728,Phòng Superior 4 Người (Superior Quadruple Room),7909
34733523,Phòng Đôi (Double Room),7910
34733523,Phòng Tiêu Chuẩn Giường Đôi (Standard Double Room),7911
34733523,Phòng Hai Giường Đơn (Twin Room),7912
5875532,Surperior Twin,7913
5875532,Phòng Superior 2 giường đơn (Superior Twin Room),7914
46568020,Phòng Standard giường đôi (Standard Double Room),7915
46568020,Phòng Deluxe giường đôi có ban công (Deluxe Double Room with Balcony),7916
46568020,Căn hộ (Apartment),7917
2305737,Phòng Tiêu Chuẩn Giường Đôi (Standard Double Room),7918
2305737,Phòng 4 Người (Quadruple Room),7919
2305737,Phòng Deluxe 4 Người (Deluxe Quadruple Room),7920
36461240,Phòng Tiêu Chuẩn Giường Lớn (Standard King Room),7921
36461240,Phòng Superior Có Giường Cỡ King (Superior King Room),7922
36461240,Phòng Deluxe Giường Đôi Có Ban Công (Deluxe Double Room with Balcony),7923
36840539,Phòng Đôi (Double Room),7924
36840539,Phòng Tiêu Chuẩn (Standard),7925
36840539,Phòng Đơn Lớn (Large Single Room),7926
27848299,Phòng Đôi (Double Room),7927
27848299,Phòng 4 người (Quadruple Room),7928
27848299,Phòng Ba Người (Triple Room),7929
5898099,Bungalow Cao cấp (Superior Bungalow),7930
2822366,Phòng Giường Đôi Nhìn Ra Vườn (Double Room with Garden View),7931
2822366,Phòng 4 Người (Quadruple Room),7932
621919,Phòng Standard giường đôi (Standard Double Room),7933
621919,Phòng Cao Cấp Cho Hai Người (Superior Double Room),7934
64294833,Phòng Đôi (Double Room),7935
47853496,Phòng Giường Đôi Có Ban Công (Double Room with Balcony),7936
78731393,Phòng Tiêu Chuẩn Giường Lớn (Standard King Room),7937
78731393,Phòng Ba Người (Triple Room),7938
78731393,Phòng Ba Người (Triple Room),7939
621780,Economy (Economy),7940
38696787,Phòng Superior (Superior),7941
38696787,Phòng Loại Sang (Deluxe),7942
38696787,Phòng Đôi (Double Room),7943
11292064,Phòng 3 Người Nhìn Ra Vườn (Triple Room with Garden View),7944
64331098,Phòng Tiêu Chuẩn Giường Lớn (Standard King Room),7945
64331098,Phòng Tiêu Chuẩn Giường Đôi (Standard Double Room),7946
64331098,Phòng Có Giường Cỡ King Với Ban Công (King Room with Balcony),7947
7096891,Phòng Tiêu Chuẩn Giường Đôi (Standard Double Room),7948
7096891,Phòng Đôi Cao Cấp (Superior Double Room),7949
7096891,Phòng Ba Người (Triple Room),7950
569385,Phòng giường đôi hoặc 2 giường (Double or Twin),7951
569385,Phòng Gia Đình Cổ Điển (Classic Family Room),7952
50602635,Phòng Đôi (Double Room),7953
50602635,Phòng Gia Đình (Family Room),7954
50602635,Phòng 4 người nhìn ra vườn (Quadruple Room with Garden View),7955
47983034,Phòng Đơn (Single Room),7956
47983034,Phòng Giường Đôi Nhìn Ra Vườn (Double Room with Garden View),7957
2504563,Phòng 4 Người (Quadruple Room),7958
10297198,Phòng Giường Đôi Nhìn Ra Hồ Nước (Double Room with Lake View),7959
10297198,Phòng Tiêu Chuẩn 2 Giường Đơn Nhìn Ra Khu Vườn (Standard Twin Room with Garden View),7960
65964664,Căn Hộ 1 Phòng Ngủ (One-Bedroom Apartment),7961
47435073,Căn hộ (Apartment),7962
77592148,Phòng Tiêu Chuẩn (Standard Room),7963
47613935,Căn hộ (Apartment),7964
50039527,Căn hộ (Apartment),7965
1594540,Phòng Giường Đôi/2 Giường Đơn Nhìn Ra Vườn (Double or Twin Room with Garden View),7966
1594540,Phòng Giường Đôi/2 Giường Đơn Có Phòng Tắm Riêng (Double or Twin Room with Private Bathroom),7967
1594540,Phòng 3 Người Nhìn Ra Vườn (Triple Room with Garden View),7968
50112821,Căn hộ (Apartment),7969
50112381,Căn hộ (Apartment),7970
67878897,Căn Hộ 1 Phòng Ngủ (One-Bedroom Apartment),7971
37295304,Nhà riêng (home),7972
343584,Nhà trệt (Bungalow),7973
38107915,Căn hộ (Apartment),7974
25885170,Phòng Deluxe có giường King (Delux King),7975
25885170,Phòng Tiêu Chuẩn 2 Giường Đơn Nhìn Ra Khu Vườn (Standard Twin Room with Garden View),7976
1519974,Bungalow giường King (Bungalow King),7977
1519974,Phòng Nhà Trệt Hai Giường Đơn (Bungalow Twin Room),7978
45048975,Phòng Hai Giường Đơn có Phòng Tắm (Twin Room with Bathroom),7979
45048975,Phòng Tiêu Chuẩn (Standard Room),7980
71116342,Phòng Giường Lớn Cao Cấp - Hướng Thành Phố (Superior King Room - City View),7981
71116342,Phòng Hai Giường Đơn Cao Cấp Hướng Thành Phố (Superior Twin Room with City View),7982
71116342,Junior Suite - Nhìn ra Quang cảnh Thành phố (Junior Suite - City View),7983
71116342,Suite Lớn – Hướng Thành Phố (Executive Suite - City View),7984
35958241,Phòng Superior 2 giường đơn (Superior Twin Room),7985
35958241,Phòng Superior giường đôi hoặc 2 giường (Superior Double or Twin Room),7986
35958241,Phòng Deluxe hướng núi (Deluxe Mountain View),7987
35958241,Suite,7988
35958241,Phòng Deluxe 3 người (Deluxe Triple Room),7989
35958241,Phòng Suite Gia đình (Family Suite),7990
35958241,Suite Executive (Executive Suite),7991
35958241,Suite Hạng Tổng Thống (Presidential Suite),7992
42017501,Biệt Thự 3 Phòng Ngủ (Three-Bedroom Villa),7993
42064562,Phòng Giường Đôi Cho 2 Người Lớn (Double Room for 2 Adults),7994
42064562,Phòng Superior (Superior Room),7995
42064562,Phòng Deluxe 2 giường cho 2 người (Deluxe Twin Room for 2 People),7996
28009790,Phòng Superior hướng hồ (Superior Lake View),7997
28009790,Suite Superior 1 phòng ngủ (Superior 1 Bedroom),7998
28009790,Căn hộ nhìn ra Hồ (Apartment with Lake View),7999
28009790,Căn Hộ Superior (Superior Apartment),8000
28009790,Căn Hộ 1 Phòng Ngủ (Deluxe 1 Bedroom Apartment),8001
28009790,Grand Deluxe hướng hồ (Grand Deluxe Lake View),8002
28009790,Suite Superior 2 phòng ngủ (Superior 2 Bedroom),8003
28009790,Căn hộ nhìn ra Hồ (Apartment with Lake View),8004
67173074,Phòng Superior Giường đôi/2 Giường đơn (Superior Double or Twin),8005
67173074,Deluxe giường đôi hoặc 2 giường (Deluxe Double or Twin),8006
67173074,Phòng Executive (Executive),8007
67173074,Executive Suite,8008
67173074,Suite,8009
67173074,Suite Junior (Junior Suite),8010
70221314,Phòng Superior giường King (Superior King Room),8011
70221314,Phòng Suite Junior (Suite Junior),8012
70221314,Suite Giường Lớn - Hướng Thành Phố (Suite King - City View),8013
70221314,Junior deluxe suite,8014
70221314,Suite Nhìn Ra Thành Phố (Suite with City View),8015
59342281,Phòng Studio Deluxe (studio deluxe),8016
59342281,One-Bedroom Premium Apartment,8017
59342281,Two Bedrooms Deluxe,8018
11046846,1 Phòng Ngủ Cao Cấp King Căn Hộ (1-Bedroom Superior King Apartment),8019
11046846,Căn hộ Deluxe 1 phòng ngủ (1-Bedroom Deluxe Apartment),8020
11046846,Căn hộ Super Deluxe 1 phòng ngủ (1-Bedroom Super Deluxe Apartment),8021
80164614,Phòng Đôi Loại Sang (Deluxe Double Room),8022
80164614,Phòng Hai Giường Đơn Loại Sang (Deluxe Twin Room),8023
80164614,Suite Executive (Executive Suite),8024
36643921,Căn hộ cho 2 người (Apartment for 2 People),8025
36643921,Căn hộ 1 phòng ngủ có ban công (1-Bedroom Apartment with Terrace),8026
36643921,Căn hộ 2 phòng ngủ (2-Bedroom Apartment),8027
36643921,"Căn hộ 2 phòng ngủ có ban công (2 Bedroom Apartment, Balcony)",8028
36643921,Căn hộ hướng biển (Sea View Apartment),8029
44184739,Căn 1 phòng ngủ có ban công (1-Bedroom Residence with Balcony),8030
44184739,Căn Hộ - 2 Giường Đôi (Apartment - 2 Double Beds),8031
44184739,Căn Hộ 1 Phòng Ngủ Có Ban Công và Cảnh (1 Bedroom Apartment with Balcony and Views),8032
44184739,Căn Hộ 2 Phòng Ngủ Hướng Thành Phố (Two-Bedroom Apartment with City View),8033
44184739,3 Giường - Căn Hộ Dịch Vụ (3 Beds - Service Apartment),8034
44184739,Căn Hộ Hướng Biển 3 Phòng Ngủ Có Ban Công (3-Bedroom Sea View Apartment with Balcony),8035
161729,Phòng do khách sạn sắp xếp (Run of House),8036
161729,Phòng Residence Deluxe 2 giường đơn (Residence Deluxe Twin Room),8037
161729,Phòng Heritage Loại Sang 2 Giường Đơn (Heritage Deluxe Twin),8038
161729,Phòng Heritage Deluxe Giường Đôi Có Ban Công (Heritage Deluxe Double Room with Balcony),8039
161729,Dinh Thự Grand 2 Giường Đơn (Grand Residence Twin),8040
161729,Residence King Ocean View,8041
161729,Heritage Loại Sang Hướng Biển Giường King (Heritage Deluxe King Ocean View),8042
161729,Phòng Grand Heritage Loại Sang Hướng Đại Dương Giường Lớn (Heritage Grand Deluxe King Ocean View),8043
161729,Dinh Thự Grand Có Giường Cỡ King (Grand Residence King),8044
161729,Phòng Deluxe Heritage Grand Có Giường Cỡ King (Heritage Grand Deluxe King),8045
161729,Dinh Thự Grand 2 Giường Đơn (Grand Residence Twin),8046
161729,Phòng Heritage Deluxe 3 Người (Heritage Deluxe Triple Room),8047
161729,Heritage Grand Deluxe Ocean View,8048
161729,Căn Hộ Grand Hướng Đại Dương (Grand Ocean View Residence),8049
161729,Residence Suite Hướng Biển (Residence Suite Ocean View),8050
161729,Nhà riêng Suite (Residence Suite),8051
161729,Phòng Gia Đình Heritage Deluxe (Heritage Deluxe Family),8052
161729,Suite Heritage Nhìn Ra Biển (Heritage Suite Ocean View),8053
161729,Phòng Suite Residence Family 2 phòng ngủ (Residence 2-Bedroom Family Suite),8054
161729,Imperial Suite,8055
21585784,Phòng Cao Cấp Cho Hai Người (Superior Double Room),8056
21585784,Phòng Superior 4 người (Superior Quad Room),8057
21585784,Phòng Gia Đình Loại Sang (Deluxe Family Room),8058
47340432,Phòng Có Giường Cỡ Queen Nhìn Ra Hồ Bơi (Queen Room with Pool View),8059
47340432,Bungalow - Nhìn Ra Mặt Nước (Bungalow - Water Front ),8060
47340432,Phòng 4 Người Nhìn ra Hồ nước (Quadruple Room with Lake View),8061
47340432,Phòng Ngủ Tập Thể Cho Cả Nam Và Nữ (Mixed Dormitory Room),8062
47340432,Phòng Đơn Nhìn Ra Hồ (Single Room with Lake View),8063
22770424,Phòng Có Giường Cỡ King Nhìn Ra Vườn (King Room with Garden View),8064
22770424,Chalet 1 Phòng Ngủ (One-Bedroom Chalet),8065
22770424,Bungalow Deluxe Nhìn Ra Khu Vườn (Deluxe Bungalow with Garden View),8066
48957075,Bungalow - Nhìn Ra Mặt Nước (Bungalow - Water Front ),8067
48957075,Bungalow - Nhìn Ra Mặt Nước (Bungalow - Water Front ),8068
48957075,Giường Đơn trong Phòng ngủ tập thể (Single Bed in Dormitory Room),8069
48957075,Giường Đơn Trong Phòng Nghỉ Tập Thể Cho Cả Nam Và Nữ (Single Bed in Mixed Dormitory Room),8070
26079583,Bungalow - Nhìn Ra Mặt Nước (Bungalow - Water Front ),8071
26079583,Bungalow - Nhìn Ra Mặt Nước (Bungalow - Water Front ),8072
26079583,Bungalow - Nhìn Ra Mặt Nước (Bungalow - Water Front ),8073
26079583,Giường đơn trong phòng tập thể (Single bed in Dormitory),8074
52220986,Phòng Gia Đình Với Phòng Tắm Chung (Family Room with Shared Bathroom),8075
52220986,Phòng gia đình với phòng tắm riêng. (Family Room with Private Bathroom),8076
52220986,Bungalow - Nhìn Ra Mặt Nước (Bungalow - Water Front ),8077
52220986,Giường Trong Phòng Ngủ Tập Thể 10 Giường Cho Cả Nam Lẫn Nữ (Bed in 10-Bed Mixed Dormitory Room),8078
7430082,Phòng Tiêu Chuẩn 2 Giường Đơn Hướng Núi (Standard Twin Room with Mountain View),8079
50164315,Phòng Giường Đôi Lớn (Large Double Room),8080
50164315,Căn Hộ 1 Phòng Ngủ (One-Bedroom Apartment),8081
50164315,Phòng ngủ Tập thể 8 Giường cho cả Nam và Nữ (8-Bed Mixed Dormitory Room),8082
37315747,Phòng Phổ thông (Economy Room),8083
45599118,Phòng Đôi (Double Room),8084
45599118,2 Single Beds,8085
45599118,Phòng 3 giường đơn (Room with 3 Single Beds),8086
45599118,Phòng Đôi Loại Sang có Bồn Tắm (Deluxe Double Room with Bathtub),8087
49702238,Phòng Đôi (Double Room),8088
49702238,Phòng Đôi hoặc 2 giường đơn Lớn (Large Double or Twin Room),8089
65690350,Superior Bungalow,8090
65690350,Bungalow,8091
65690350,Bungalow Deluxe (Deluxe Bungalow),8092
65690350,Giường Trong Phòng Tập Thể (Dorm Bed),8093
65690350,Giường Tầng Trong Phòng Ngủ Tập Thể Cho Nam Và Nữ (Bunk Bed in Mixed Dormitory Room),8094
78095409,Phòng Tiêu Chuẩn (Standard Room),8095
78095409,Tiêu Chuẩn 3 người (Triple Standard),8096
78095409,HAI GIƯỜNG ĐƠN (Twin),8097
78095409,Studio gia đình (Family Studio),8098
51804486,Bungalow - Hướng vườn (Bungalow - Garden View),8099
51804486,Bungalow gia đình (Family Bungalow),8100
61001276,Phòng Có Giường Cỡ King Với Ban Công (King Room with Balcony),8101
61001276,Phòng 4 người nhìn ra vườn (Quadruple Room with Garden View),8102
79107950,Phòng Superior 2 giường (Superior Twin Room),8103
79107950,Phòng Cao Cấp Cho Hai Người (Superior Double Room),8104
79107950,Phòng Superior 3 người (Superior Triple Room),8105
79107950,Phòng Loại Sang Giường Đôi (Deluxe Double Room),8106
78726957,Phòng Đôi (Double Room),8107
78726957,Suite,8108
78726957,HAI GIƯỜNG ĐƠN (Twin),8109
78726957,Phòng Superior 3 người (Triple Superior),8110
78726957,Phòng Ngủ Tập Thể Cho Cả Nam Và Nữ (Mixed Dormitory Room),8111
80081142,Phòng Tiêu Chuẩn Giường Đôi Lớn (Standard Queen Room),8112
80081142,Phòng Có Giường Cỡ Queen Với Ban Công (Queen Room with Balcony),8113
80081142,Phòng Tiêu Chuẩn 2 Giường Đơn (Standard Twin Room),8114
80081142,Phòng 2 giường đơn có ban công (Twin Room with Balcony),8115
80081142,Phòng Gia Đình Tiêu Chuẩn (Standard Family Room),8116
64091114,Phòng Đôi (Double Room),8117
55133252,Phòng Đôi (Double Room),8118
55133252,Bungalow Tiêu Chuẩn (Standard Bungalow),8119
55133252,Bungalow 1 Phòng Ngủ (One-Bedroom Bungalow),8120
55133252,Phòng ngủ Tập thể 8 Giường cho cả Nam và Nữ (8-Bed Mixed Dormitory Room),8121
55133252,Phòng Ngủ Tập Thể Cho Cả Nam Và Nữ (Mixed Dormitory Room),8122
32776431,Phòng Giường Đôi Có Sân Hiên (Double Room with Terrace),8123
64693390,Phòng 4 Người (Quadruple Room),8124
64693390,Phòng Đôi (Double Room),8125
64693390,Phòng Gia Đình (Family Room),8126
44689079,Phòng Đôi (Double Room),8127
8192302,Phòng Standard giường đôi (Standard Double Room),8128
8192302,Bungalow,8129
8192302,Phòng sang trọng giường đôi (Luxury Double Room),8130
8192302,Phòng VIP giường đôi (VIP Double Room),8131
8192302,Phòng gia đình hướng vườn (Family Garden View),8132
8192302,Phòng Gia Đình Loại Sang (Deluxe Family),8133
34582322,Phòng Giường Đôi Nhìn Ra Hồ Nước (Double Room with Lake View),8134
34582322,Bungalow 3 người (Triple Bungalow),8135
34582322,Phòng 4 Người Nhìn ra Hồ nước (Quadruple Room with Lake View),8136
34582322,Phòng ngủ Tập thể Nữ 4 giường (4-Bed Female Dormitory Room),8137
34582322,Phòng Gia đình Nhìn ra Vườn (Family Room with Garden View),8138
34582322,Phòng Gia Đình Nhìn Ra Hồ (Family Room with Lake View),8139
48806237,Phòng Tiêu Chuẩn (Standard Room),8140
34560575,Phòng Đôi (Double Room),8141
34560575,Phòng Bốn Người Có Phòng Tắm Riêng (Quadruple Room with Private Bathroom),8142
73223032,Nhà riêng (home ),8143
75981106,Nhà riêng (home ),8144
33221837,Phòng Tiêu Chuẩn (Standard Room),8145
76928742,Phòng Superior Có Giường Cỡ King (Superior King Room),8146
76928742,Bungalow Deluxe (Deluxe Bungalow),8147
76928742,Bungalow Gia Đình (Family Bungalow),8148
76928742,Phòng Ngủ Tập Thể Cho Cả Nam Và Nữ (Mixed Dormitory Room),8149
52086063,Phòng Giường Đôi Hạng Bình Dân (Budget Double Room),8150
52086063,Phòng Tiêu Chuẩn 4 Người (Standard Quadruple Room),8151
52086063,Phòng Đôi Loại Sang (Deluxe Double Room),8152
52086063,Phòng Deluxe 4 Người (Deluxe Quadruple Room),8153
52086063,Phòng 4 người Nhìn ra cảnh Núi non (Quadruple Room with Mountain View),8154
45891729,Studio Gia Đình (Family Studio),8155
45891729,Phòng Giường Đôi Có Phòng Tắm Riêng (Double Room with Private Bathroom),8156
45891729,Phòng 4 Người (Quadruple Room),8157
48924002,Phòng Giường Đôi Có Phòng Tắm Riêng (Double Room with Private Bathroom),8158
49443632,Phòng đôi C (Double Room C),8159
49443632,1 người trong phòng tập thể 1 giường – Cả nam và nữ (Bed in Mixed Dormitory),8160
60819839,Phòng 2 Giường Đơn - Giường Siêu Lớn (Twin - King Super Single),8161
60819839,Phòng Deluxe hướng núi (Deluxe Mountain View),8162
60819839,Phòng Gia Đình Loại Sang Có Phòng Tắm Riêng (Deluxe Family Room with Attached Bathroom),8163
75629371,Phòng Đôi (Double Room),8164
75629371,Phòng 4 người (Quadruple Room),8165
75629371,Giường Trong Phòng Tập Thể Cả Nam Và Nữ (Bed in Mixed Dorm Room),8166
75629371,Giường Tầng Trong Phòng Ngủ Tập Thể Cho Nam Và Nữ (Bunk Bed in Mixed Dormitory Room),8167
73223034,Phòng Có 2 Giường Cỡ Queen (Queen Room with Two Queen Beds),8168
78452685,Phòng Đôi (Double Room),8169
78452685,Phòng Hai Giường Đơn (Twin Room),8170
78452685,Phòng Ba Người Tiêu Chuẩn (Standard Triple Room),8171
78452685,Phòng Ba Người (Triple Room),8172
78452685,Phòng 4 Người Có Ban Công (Quadruple Room with Balcony),8173
64069198,Bungalow Nhìn ra vườn (Bungalow with Garden View),8174
62111410,Căn hộ (Apartment),8175
78966357,Phòng 3 Người Nhìn Ra Hồ Bơi (Triple Room with Pool View),8176
78966357,Phòng Có Giường Cỡ King Nhìn Ra Hồ Bơi (King Room with Pool View),8177
78966357,Phòng 2 Giường Đơn Nhìn Ra Hồ. (Twin Room with Lake View),8178
78966357,Phòng Có Giường Cỡ King Nhìn Ra Hồ Nước (King Room with Lake View),8179
78966357,Bungalow Gia Đình (Family Bungalow),8180
78966357,Phòng Ngủ Tập Thể Cho Cả Nam Và Nữ (Mixed Dormitory Room),8181
62119327,Căn hộ (Apartment),8182
61800159,Phòng Đôi (Double Room),8183
78367134,Phòng Đôi (Double Room),8184
78367134,Phòng Đôi (Double Room),8185
60721215,Phòng Ba Người Tiêu Chuẩn (Standard Triple Room),8186
60721215,Phòng Có 2 Giường Cỡ King (King Room with Two King Beds),8187
60721215,Phòng Đơn Lớn (Large Single Room),8188
58588688,Nhà riêng (home ),8189
65964546,Phòng Giường Đôi Nhìn Ra Hồ Nước (Double Room with Lake View),8190
9762893,Nhà riêng (home ),8191
34232476,Phòng Gia Đình Với Phòng Tắm Chung (Family Room with Shared Bathroom),8192
34232476,Phòng Đơn Với Phòng Tắm Chung (Single Room with Shared Bathroom),8193
75001654,Phòng Giường Đôi Có Phòng Tắm Riêng (Double Room with Private Bathroom),8194
75001654,Phòng Giường Đôi Có Ban Công (Double Room with Balcony),8195
15321290,Phòng Ba Người Gia Đình (Family triple room),8196
60813846,Phòng Đôi (Double Room),8197
63067063,Chalet 1 Phòng Ngủ (One-Bedroom Chalet),8198
79522095,Phòng cổ điển giường đôi hoặc 2 giường (Classic Double or Twin),8199
79522095,Phòng Đôi (Double Room),8200
56271876,Nhà trệt (Bungalow),8201
62120084,Căn hộ (Apartment),8202
60220597,Nhà trệt (Bungalow),8203
34569816,Nhà riêng (home ),8204
73567555,Nhà 1 Phòng Ngủ (One-Bedroom House),8205
73282,Phòng Deluxe 2 Giường Đơn (Deluxe Twin Bed),8206
73282,Phòng Deluxe Giường đôi (Deluxe Double Bed),8207
70924964,Phòng Deluxe 2 Giường đơn (Deluxe Twin),8208
70924964,Deluxe giường đôi (Deluxe Double),8209
55271393,Phòng Tiêu Chuẩn 2 Giường Đơn Nhìn Ra Khu Vườn (Standard Twin Room with Garden View),8210
55271393,Phòng Superior Có Giường Cỡ King (Superior King Room),8211
45929653,Phòng 3 Người Nhìn Ra Thành Phố (Triple Room with City View),8212
45929653,Phòng 4 Người Có Ban Công (Quadruple Room with Balcony),8213
38396643,Phòng Hai Giường Đơn (Twin Room),8214
38396643,Phòng Đôi (Double Room),8215
38396643,Phòng Gia Đình Giường Đôi (Family Double Room),8216
7464240,Phòng đôi cơ bản hoặc Phòng 2 giường đơn. (Basic Double or Twin Room),8217
7464240,Phòng Đôi (Double Room),8218
7464240,Phòng Hai Giường Đơn Tiêu Chuẩn - Không Hút Thuốc (Standard Class Twin Room Non-Smoking),8219
7956476,Phòng Đôi Cao Cấp (Superior Double Room),8220
7956476,Phòng Superior Gia Đình (Superior Family Room),8221
72815399,Phòng Hai Giường Đơn Loại Sang (Deluxe Twin Room),8222
72815399,Phòng Deluxe Có Giường Cỡ King (Deluxe King Room),8223
7392620,Phòng Tiêu Chuẩn Giường Đôi (Standard Double Room),8224
7392620,Phòng Tiêu Chuẩn 2 Giường Đơn (Standard Twin Room),8225
7392620,Phòng Cơ Bản 3 Người (Basic Triple Room),8226
9885067,Phòng Gia Đình (Family Room),8227
73735238,Phòng Đôi (Double Room),8228
73735238,Phòng Superior 2 Giường Đơn (Superior Twin Room),8229
73735238,Phòng Deluxe 3 người (Deluxe Triple Room),8230
58992175,Phòng Giường Đôi Cơ Bản cho 1 Người Ở (Basic Double Room Single Use),8231
58992175,Phòng Đôi (Double Room),8232
60760925,Phòng Giường Đôi Có Ban Công (Double Room with Balcony),8233
60760925,Phòng Gia Đình Có Ban Công (Family Room with Balcony),8234
63453460,Phòng Tiêu Chuẩn (Standard Room),8235
73796125,Phòng Hai Giường Đơn (Twin Room),8236
73796125,Phòng Đôi (Double Room),8237
73796125,Phòng Ba Người (Triple Room),8238
5205367,Phòng Giường Đôi Nhìn Ra Vườn (Double Room with Garden View),8239
5205367,Phòng Gia đình nhìn ra Núi (Family Room with Mountain View),8240
62150083,Phòng Tiêu Chuẩn Giường Lớn (Standard King Room),8241
62150083,Phòng Hai Giường Đơn (Twin Room),8242
62150083,Phòng cho 3 người có Ban Công (Triple Room with Balcony),8243
1682426,Phòng Đôi (Double Room),8244
1682426,Phòng Hai Giường Đơn (Twin Room),8245
56915239,Phòng Hai Giường Đơn (Twin Room),8246
56915239,Phòng Ba Người Tiêu Chuẩn (Standard Triple Room),8247
569727,Phòng Đôi (Double),8248
569727,HAI GIƯỜNG ĐƠN (Twin),8249
55585166,Phòng Đôi (Double Room),8250
55585166,Phòng 4 Người (Quadruple Room),8251
74130555,Superior hướng sông (Superior River View),8252
74130555,Phòng Deluxe hướng Hồ (Deluxe Lake View),8253
66754194,Phòng Đôi (Double Room),8254
66754194,Phòng 4 Người Có Phòng Tắm (Quadruple Room with Bathroom),8255
66754194,Phòng Ngủ Tập Thể Cho Cả Nam Và Nữ (Mixed Dormitory Room),8256
31471972,Phòng Tiêu Chuẩn Giường Đôi (Standard Double Room),8257
31471972,Phòng Tập Thể Tiêu Chuẩn 8 Giường (Standard 8 Bed Dormitory),8258
52186628,Nhà trệt (Bungalow),8259
64003785,Phòng Loại Sang Giường Đôi (Deluxe Double Room),8260
64003785,Căn Hộ (Apartment),8261
66679119,Phòng có giường cỡ King nhìn ra cảnh núi non (King Room with Mountain View),8262
66679119,Cottage Nhìn Ra Vườn (Cottage with Garden View),8263
52143875,Nhà riêng (home),8264
64724968,Căn hộ (Apartment),8265
896752,Phòng Tiêu Chuẩn Giường Đôi (Standard Double Room),8266
896752,Deluxe giường đôi (Deluxe Double),8267
896752,Phòng Deluxe 2 Giường đơn (Deluxe Twin),8268
49702386,Phòng Đôi Cao Cấp (Superior Double Room),8269
52230359,Phòng Superior Giường Đôi/2 Giường Đơn (Superior Double or Twin Room),8270
66823148,Nhà riêng (home),8271
68857127,Standard Room,8272
64724966,Căn hộ (Apartment),8273
73512602,Standard Room,8274
965433,Phòng King (King Room),8275
965433,Phòng 2 Giường Đơn Nhìn Ra Núi (Twin Room with Mountain View),8276
55648740,Căn Hộ (Apartment),8277
71713591,Phòng Tiêu chuẩn (1 giường Queen) (Standard Room (1 Queen bed)),8278
64208109,Phòng Gia Đình (Family Room),8279
74641926,Phòng Deluxe Giường Đôi/2 Giường Đơn Có Ban Công (Deluxe Double or Twin Room with Balcony),8280
74641926,Phòng 3 Người Nhìn Ra Hồ Nước (Triple Room with Lake View),8281
56343961,Phòng Tiêu Chuẩn Giường Đôi Lớn (Standard Queen Room),8282
56343961,Phòng 4 Người (Quadruple Room),8283
50217527,Phòng 4 Người (Quadruple Room),8284
74537591,Phòng Đôi (Double Room),8285
74537591,Phòng Superior 3 người (Triple Superior),8286
64724959,Nhà riêng (home ),8287
56330896,Phòng Tiêu Chuẩn Giường Đôi Lớn (Standard Queen Room),8288
56330896,Phòng Ba Người (Triple Room),8289
56330896,Phòng 4 Người (Quadruple Room),8290
55014714,Phòng Hai Giường Đơn (Twin Room),8291
55014714,Phòng Tiêu Chuẩn Giường Đôi (Standard Double Room),8292
35305137,Phòng Giường đôi Deluxe (2 Người lớn + 1 Trẻ em) (Deluxe Double Room (2 Adults + 1 Child)),8293
35305137,Phòng Ba Người Tiêu Chuẩn (Standard Triple Room),8294
35305137,Phòng Deluxe 3 người (Deluxe Triple Room),8295
35305137,Phòng Ngủ Tập Thể Cho Cả Nam Và Nữ (Mixed Dormitory Room),8296
57923406,Phòng Đôi (Double Room),8297
57923406,Deluxe giường đôi hoặc 2 giường (Deluxe Double or Twin),8298
59310326,Phòng Đôi (Double Room),8299
55311415,Căn hộ (Apartment),8300
68033502,"Deluxe Double Room, 1 King Bed, Garden View",8301
55481327,Nhà riêng (home ),8302
63917102,Phòng Tiêu Chuẩn 2 Giường Đơn (Standard Twin Room),8303
63917102,Phòng Tiêu Chuẩn 2 Giường Đơn (Standard Twin Room),8304
64724964,Căn hộ (Apartment),8305
78347115,"Basic Triple Room, Balcony, River View",8306
78347115,"Basic Triple Room, Balcony, River View",8307
51976907,Nhà trệt (Bungalow),8308
72812479,Phòng Đôi (Double Room),8309
72812479,Phòng Đôi (Double Room),8310
71713590,Phòng Tiêu Chuẩn (Standard Room),8311
15949242,Phòng Đẳng Cấp Hai Giường Đơn (Premier Twin Room),8312
15949242,Phòng Hai Giường Đơn Loại Sang (Deluxe Twin Room),8313
15949242,Grand Suite Hướng Biển (Grand Sea View Suite),8314
15949242,Phòng Ba Người Grand Đại Dương (Loại Sang Tầng) (Ocean Grand Triple Room (Deluxe Floor)),8315
15949242,Suite Gia Đình - Hướng Đại Dương (Family Suite - Ocean View),8316
33985059,Phòng Cao Cấp Hướng Thành Phố – Gồm Cả Trà Chiều (Superior City View Room - Afternoon Tea Included),8317
33985059,Phòng Loại Sang Hướng Thành Phố Có Ban Công – Gồm Cả Trà Chiều (Deluxe City View Room with Balcony - Afternoon Tea Included),8318
33985059,Phòng Loại Sang Có Bồn Tắm Và Ban Công – Gồm Cả Trà Chiều (Deluxe Room with Bathtub and Balcony - Afternoon Tea Included),8319
33985059,Suite Toàn Cảnh – Gồm Cả Trà Chiều (Panoramic Suite - Afternoon Tea Included),8320
33985059,Phòng Thương Gia Ba Người – Gồm Cả Trà Chiều (Executive Triple Room - Afternoon Tea Included),8321
33985059,Suite Gia Đình – Gồm Cả Trà Chiều (Family Suite - Afternoon Tea Included),8322
33985059,Phòng Suite Golden Lotus Grand – Gồm Cả Trà Chiều (Golden Lotus Grand Suite - Afternoon Tea Included),8323
33985059,Suite 2 Phòng Ngủ – Gồm Cả Trà Chiều (2-Bedroom Suite - Afternoon Tea Included),8324
533079,Superior hướng thành phố (Superior City View),8325
533079,Phòng 2 Giường Đơn Nhìn Ra Thành Phố (Twin Room with City View),8326
533079,Deluxe giường đôi (Deluxe Double),8327
533079,Phòng 3 Người Nhìn Ra Thành Phố (Triple Room with City View),8328
533079,Phòng Deluxe 4 Người (Deluxe Quadruple Room),8329
533079,Suite,8330
533079,Superior Double Room,8331
533079,Deluxe gia đình (Family Deluxe),8332
4958920,Phòng Cao Cấp Cho Hai Người (Superior Double Room),8333
4958920,Phòng Deluxe 3 người (Deluxe Triple Room),8334
4958920,Phòng Gia Đình Loại Sang (Deluxe Family Room),8335
4958920,Phòng Deluxe Hướng biển (Sea View Deluxe Room),8336
4958920,Căn hộ hướng biển (Sea View Apartment),8337
15854209,Phòng Suite Hướng sông (Suite River View),8338
1269833,Phòng Tiêu Chuẩn (Standard),8339
1269833,Phòng Loại Sang Giường Đôi (Deluxe Double Room),8340
1269833,Phòng Hai Giường Đơn Loại Sang (Deluxe Twin Room),8341
1269833,Phòng Gia Đình Nhìn Ra Biển (Family Room with Sea View),8342
1269833,Suite Junior Có Ban công Và Bồn Tắm (Junior Suite With Balcony And Bathtub),8343
6522912,Superior giường đôi (Superior Double),8344
6522912,Superior 2 giường (Superior Twin),8345
6522912,Deluxe giường đôi Hướng phố (Deluxe Double City View),8346
6522912,Deluxe 2 giường (Deluxe Twin),8347
6522912,Superior 3 người (Superior Triple),8348
6522912,Deluxe Có bồn tắm (Deluxe Bathtub),8349
6522912,Phòng Tiêu Chuẩn (Standard Room),8350
6522912,Phòng Deluxe 3 người (Deluxe Triple Room),8351
6522912,Phòng Suite giường đôi (Suite Double Room),8352
1723237,Superior 2 giường đơn (Superior Twins),8353
1723237,Loại Sang Hướng Biển (Deluxe Twin Sea View),8354
502099,Superior 2 giường (Superior Twin),8355
502099,Deluxe giường King (Deluxe King),8356
502099,Phòng Deluxe 2 Giường đơn (Deluxe Twin),8357
502099,Deluxe cao cấp giường King (Premium Deluxe King),8358
502099,Deluxe 3 người (Deluxe Triple),8359
502099,Deluxe gia đình 3 giường (Deluxe Family Triple),8360
502099,Executive Suite,8361
502099,Căn hộ (Apartment),8362
502099,Suite Tổng thống (Presidental Suite),8363
4947690,Phòng Loại Sang (Deluxe Room),8364
4947690,Phòng Loại Sang Hướng Chân Trời (Deluxe Room Horizon View),8365
4947690,Phòng Grand Hảo Hạng (Grand Premium Room),8366
4947690,Junior Suite,8367
4947690,Phòng Loại Sang 3 Người Lớn (Deluxe Room 3 Adults),8368
4947690,Suite,8369
4947690,PHÒNG GRAND HẢO HẠNG BA NGƯỜI LỚN (GRAND PREMIUM ROOM 3 ADUTLS),8370
4947690,Phòng Suite gia đình (Family Suite),8371
4947690,Suite Nhìn Toàn Cảnh Sông (Suite Panoramic River View),8372
16063401,Phòng Superior Giường Đôi Nhìn Ra Thành Phố - Bao Gồm Trà Chiều (Superior Double Room with City View - Afternoon Tea Included),8373
16063401,Phòng Superior 2 Giường Đơn Nhìn Ra Thành Phố - Kèm Trà Chiều (Superior Twin Room with City View - Afternoon Tea Included),8374
16063401,Phòng Loại Sang Hướng Thành Phố 2 Giường - Có Trà Chiều (Deluxe City View Twin Room - Afternoon Tea Included),8375
16063401,Phòng Đôi Loại Sang Hướng Thành Phố - Có Trà Chiều (Deluxe City View Double Room - Afternoon Tea Included),8376
16063401,Superior Double Room - Afternoon Tea Included,8377
16063401,Phòng Đôi Loại Sang Hướng Biển Có Ban Công - Có Trà Chiều (Deluxe Sea View Double Room with Balcony - Afternoon Tea Included),8378
16063401,Phòng Loại Sang Hướng Biển 2 Giường Đơn Có Ban Công - Có Trà Chiều (Deluxe Sea View Twin Room with Balcony - Afternoon Tea Included),8379
16063401,Phòng Loại Sang 3 Người Hướng Thành Phố – Gồm Cả Trà Chiều (Deluxe City View Triple Room - Afternoon Tea Included),8380
16063401,Phòng Gia Đình Hướng Thành Phố – Gồm Cả Trà Chiều (City View Family Room - Afternoon Tea Included),8381
16063401,Phòng Gia Đình Hướng Biển Có Ban Công – Gồm Cả Trà Chiều (Sea View Family Room with Balcony - Afternoon Tea Included),8382
16063401,Suite 2 Phòng Ngủ Hướng Thành Phố – Gồm Cả Trà Chiều (2-Bedroom City View Suite - Afternoon Tea Included),8383
16063401,TWIN TWIN SIÊU HẤP DẪN (TWIN SUPERIOR TWIN),8384
16063401,TWIN Deluxe City View Twin,8385
16063401,Double Deluxe City View Double,8386
16063401,Family Room Sea View with Balcony - One Free Meal Included,8387
16063401,Double Deluxe Sea View Double (DOUBLE DELUXE SEA VIEW DOUBLE),8388
16063401,TWIN Deluxe Sea View Twin (TWIN DELUXE SEA VIEW TWIN),8389
16063401,TRIPLE Deluxe City View Triple,8390
16063401,FAMILY ROOM Family City View (FAMILY ROOM FAMILY CITY VIEW),8391
16063401,FAMILY ROOM Family Sea View,8392
16063401,SUITE Two-Bedroom Suite City View,8393
861432,Phòng Junior giường đôi (Junior Double Room),8394
861432,Superior 2 giường (Superior Twin),8395
861432,Superior giường đôi (Superior Double),8396
802894,Superior Hướng Thành Phố Có Giường Đôi (Superior City View with Double Bed),8397
802894,Superior 2 giường có cửa sổ (Superior Twin With Window),8398
802894,Phòng Loại Sang Hướng Thành Phố Giường Lớn (Deluxe City View King Bed),8399
802894,Deluxe 2 giường Hướng phố (Deluxe Twin City View),8400
802894,Phòng Loại Sang Hướng Biển 2 Giường - Mới Cải Tạo (Deluxe Sea View Twin - Newly Renovated),8401
802894,Suite Hướng Biển Cho 2 Người Lớn Và 1 Trẻ Em (Suite Sea View for 2 Adults and 1 Child),8402
802894,Suite Có Giường Cỡ King Nhìn Ra Biển (King Suite with Sea View),8403
802894,Suite Sea Triple,8404
802894,Phòng Gia Đình Loại Sang - Mới Cải Tạo (Deluxe Family Room - Newly Renovated),8405
802894,Phòng Deluxe 3 Người Nhìn Ra Biển (Deluxe Triple Room with Sea View),8406
6534301,Phòng Hai Giường Đơn Loại Sang không có Ban Công (Deluxe Twin Room without Balcony),8407
6534301,Phòng Ba Người Hướng Thành Phố (Triple Room With City View),8408
6534301,Phòng Deluxe gia đình 2 giường (Deluxe Family Twin Room),8409
6534301,Căn Hộ Nhỏ Thủ tướng Giường Đôi (Premier Double Studio),8410
6534301,Phòng Ba Người Loại Sang Hướng Biển (Deluxe Triple Room with Seaview),8411
6534301,Premier Deluxe Suite,8412
6534301,Phòng liên thông dành cho gia đình (Family Connecting Room ),8413
1195916,Phòng Superior (Superior),8414
1195916,Phòng 3 người cho 3 người lớn và 1 trẻ em (Triple Room for 3 Adults and 1 Child),8415
1195916,Phòng Gia Đình Cho 4 người – Hút Thuốc (Family Room for 4 People - Smoking),8416
1195916,Phòng Gia Đình (Family Room),8417
1195916,Loại Sang Gia Đình 3 Phòng Ngủ (3 Bedroom Family Deluxe),8418
2190907,Phòng Superior 2 giường không có cửa sổ (Superior Twin Room without Window),8419
2190907,Deluxe 2 giường Hướng phố (Deluxe Twin City View),8420
2190907,Phòng Deluxe 2 giường Hướng biển (Deluxe Twin Ocean View),8421
2190907,Suite Grand Hướng Đại Dương (Grand Suite Ocean View),8422
2190907,Presidential Suite - King,8423
2190907,Suite Hạng Tổng Thống (Presidential Suite),8424
8264400,Phòng Tiêu Chuẩn Giường Đôi (Standard Double Room),8425
8264400,Phòng Superior hướng thành phố (Superior City View Room),8426
8264400,Phòng Tiêu chuẩn không có cửa sổ (Standard Room without Window),8427
8264400,"Phòng Loại Sang Hướng Thành Phố có Giường Lớn (Deluxe King City View, Guest room, 1 King, City view)",8428
8264400,Phòng Đôi Loại Sang (Deluxe Double Room),8429
8264400,Phòng Studio (Studio Room),8430
8264400,Deluxe gia đình Hướng phố (Deluxe Family City View),8431
443623,Phòng Standard giường đôi (Standard Double Room),8432
443623,Deluxe giường đôi (Deluxe Double),8433
443623,Phòng Deluxe 2 Giường đơn (Deluxe Twin),8434
443623,Phòng Loại Sang có Giường Lớn - Cấm Hút Thuốc (Deluxe Room with King Bed - Non-Smoking),8435
443623,Phòng Gia Đình (Family),8436
443623,1 Giường Tầng trong Phòng Tập Thể - Cả Nam và Nữ (1 Bunk Bed Mixed Dormitory),8437
908374,Deluxe Double with City View (Deluxe Double with City View),8438
908374,Phòng Deluxe Giường Đôi Nhìn ra Sông (Deluxe Double with River View),8439
908374,Deluxe 2 giường Hướng sông (Deluxe Twin With River View),8440
908374,Junior Suite gia đình (Family Junior Suite),8441
37960522,Phòng Đôi hoặc Hai Giường Đơn Loại Sang (Deluxe Double or Twin Room),8442
37960522,Phòng Premier 3 người (Premier Triple Room),8443
37960522,Suite Giường cỡ King Nhìn ra Đại dương (Oceanfront Suite King),8444
37960522,Executive Suite (Execuitve Suite),8445
37960522,Phòng Gia đình Connecting (Connecting Family Room),8446
37960522,Suite Lớn Nhìn Thẳng Ra Đại Dương (Grand Oceanfront Suite),8447
2401246,Superior giường đôi (Superior Double),8448
2401246,Deluxe giường đôi (Deluxe Double),8449
2401246,Suite Nhìn Ra Thành Phố (Suite with City View),8450
2401246,Phòng 3 người (Guestroom Triple),8451
2401246,Deluxe 3 người (Triple Deluxe),8452
2401246,Phòng Executive Queen có 2 giường Queen (Executive Queen Room with 2 Queen Beds),8453
149036,Superior 2 giường Hướng phố (Superior Twin City View),8454
149036,Phòng Hai Giường Đơn Loại Sang (Deluxe Twin Room),8455
149036,Phòng Deluxe Có Giường Cỡ King (Deluxe King Room),8456
149036,Premier Deluxe Twin (Premier Deluxe Twin ),8457
149036,Phòng Deluxe Premier Giường Đôi (Premier Deluxe Double Room),8458
149036,Phòng Grand kiểu Suite (Grand Suite Room),8459
2191467,Phòng Superior hướng thành phố 2 giường (Superior City View Twin Room),8460
2191467,Phòng Deluxe Giường Đôi Hướng Phố (Deluxe City View Double Room),8461
2191467,Phòng Deluxe 2 giường Hướng phố (Deluxe City View Twin Bed Room),8462
2191467,Premier City View Twin Room,8463
2191467,Superior giường đôi Hướng biển (Superior Double Ocean View),8464
2191467,Phòng Superior hướng biển 2 giường (Superior Ocean View Twin Room),8465
2191467,Deluxe hướng biển giường đôi (Deluxe Ocean View Double),8466
2191467,Phòng Deluxe Hướng biển 2 giường (Deluxe Ocean View Twin Bed Room),8467
2191467,Phòng Premier Hướng Biển Có 2 Giường Đơn (Premier Ocean View Room with 2 Single Beds),8468
2191467,Phòng Đẳng Cấp Hướng Đại Dương Giường Đôi (Premier Ocean View Double Room),8469
2191467,Suite Hướng Đại Dương (Suite Ocean View),8470
78233501,Phòng Superior có 2 Giường đơn với Cửa sổ (Superior Twin Room with Window),8471
78233501,Phòng Đôi Cao Cấp có Cửa Sổ (Superior Double Room with Window),8472
78233501,Phòng Deluxe giường đôi có ban công (Deluxe Double Room with Balcony),8473
78233501,Superior King Studio,8474
78233501,Phòng Đôi Cao Cấp (Superior Double Room),8475
78233501,Phòng Superior 2 giường đơn (Superior Twin Room),8476
78233501,Phòng Deluxe Giường Đôi Có Ban Công (Deluxe Double Room with Balcony),8477
78233501,Studio Superior (Superior Studio),8478
78233501,Deluxe King Studio City View,8479
78233501,Toàn bộ 4 giường trong phòng tập thể riêng - Nam & Nữ (Entire 4-Bed Private Dormitory - Mixed),8480
78233501,Căn Hộ Loại Sang 1 Phòng Ngủ (Deluxe One Bedroom Apartment),8481
78233501,Căn hộ Tiêu chuẩn (Standard Apartment),8482
78233501,Phòng Ngủ Tập Thể 4 Giường Cho Cả Nam Và Nữ (4-Bed Mixed Dormitory Room),8483
78233501,Studio Deluxe (Deluxe Studio),8484
78233501,Căn Hộ 1 Phòng Ngủ Nhìn Ra Thành Phố (One-Bedroom Apartment with City View),8485
78233501,Căn hộ Tiêu chuẩn (Standard Apartment),8486
78233501,Toàn Bộ Phòng Tập Thể Riêng 6 Giường – Chỉ Cho Nữ (Entire 6-Bed Private Dormitory - Female Only),8487
78233501,Phòng Ngủ Tập Thể 6 Giường Dành Cho Nữ (6-Bed Female Dormitory Room),8488
78233501,Giường tầng trong phòng tập thể cả nam và nữ (Bunk Bed in a Mixed Dormitory),8489
78233501,Giường Tầng Trong Phòng Ngủ Tập Thể Cho Nữ (Bunk Bed in Female Dormitory Room),8490
12376453,Phòng Loại Sang Hướng Đại Dương (Deluxe Ocean View),8491
12376453,Phòng Ba Người Gia Đình (Family Triple Room),8492
12376453,Phòng gia đình hướng biển (Family Ocean View),8493
62144042,Không Có Cửa Sổ – Phòng Cao Cấp (No Window - Superior Room),8494
62144042,Deluxe giường đôi (Deluxe Double),8495
62144042,Phòng Gia Đình Loại Sang (Deluxe Family Room),8496
62144042,Phòng Gia đình Có bồn tắm (Family with Bathtub),8497
62144042,Suite gia đình có bồn tắm (Family Suite with Bathtub),8498
62144042,Phòng Grand gia đình (Grand Family Room),8499
59714076,Phòng Superior Giường Đôi - Không có Cửa sổ (Superior Double Room - No Window),8500
59714076,Phòng Deluxe giường đôi hoặc 2 giường Hướng phố (Deluxe Double Or Twin City View),8501
59714076,Phòng Deluxe Giường Đôi Nhìn ra Biển (Deluxe Double Sea View),8502
59714076,Phòng Giường Lớn Thủ Tướng Hướng Thành Phố (Premier City View King Room),8503
59714076,Phòng gia đình liên thông (Family Connecting),8504
59714076,Phòng Gia Đình Hướng Biển (Family Room with Sea View),8505
33088453,Phòng Standard giường đôi (Standard Double Room),8506
33088453,Phòng Cao Cấp Cho Hai Người (Superior Double Room),8507
33088453,Phòng Loại Sang Giường Đôi (Deluxe Double Room),8508
33088453,Phòng Deluxe 3 người (Deluxe Triple Room),8509
33088453,Phòng Tiêu chuẩn gia đình (Standard Familly Room),8510
782158,Superior 2 giường (Superior Twin),8511
782158,Deluxe giường đôi (Deluxe Double),8512
782158,Phòng Deluxe 2 Giường đơn (Deluxe Twin),8513
782158,Superior giường đôi (Superior Double),8514
782158,Deluxe 3 người (Deluxe Triple),8515
782158,Superior 3 người (Superior Triple),8516
782158,Suite Royal Ocean (Royal Ocean Suite),8517
782158,Phòng Gia đình thông nhau qua cửa nối (4 Người lớn) (Family Connecting Room (4 Adults)),8518
4965532,Superior giường đôi (Superior Double),8519
4965532,Superior 2 giường (Superior Twin),8520
4965532,Phòng Cao Cấp Grand Giường Đôi (Double Grand Premium Room),8521
4965532,Deluxe giường đôi (Deluxe Double),8522
4965532,Deluxe 2 giường (Deluxe Twin),8523
4965532,Premier giường đôi (Premier Double),8524
4965532,Phòng Đẳng Cấp Hai Giường Đơn (Premier Twin Room),8525
4965532,Phòng 3 người Hướng phố (City View Triple),8526
4965532,Phòng Executive Premier giường King có ban công (Premier Executive King Room with Balcony),8527
4965532,Phòng 3 người Hướng biển (Triple Sea View),8528
4965532,Phòng Studio Hướng biển (Studio Sea View),8529
37388682,Deluxe giường đôi (Luxury Deluxe Room),8530
37388682,Superior 2 giường (Superior Twin),8531
37388682,"Phòng 4 dành cho gia đình, 2 giường cỡ queen (Family Quadruple Room, 2 Queen Beds)",8532
37388682,Phòng Gia Đình Có Bồn Tắm (Family Room with Bathtub),8533
37388682,Suite Gia Đình (Family Suite),8534
4861708,Phòng Đôi Cao Cấp (Superior Double Room),8535
308197,Phòng Superior giường đôi hoặc 2 giường (Superior Double or Twin Room),8536
308197,Phòng Đôi hoặc Hai Giường Đơn Loại Sang Hướng Thành Phố (Deluxe Double or Twin Room with City View),8537
308197,Phòng Đôi hoặc Hai Giường Đơn Loại Sang Hướng Biển (Deluxe Double or Twin Room with Seaview),8538
308197,Suite Hướng Thành Phố (City View Suite),8539
308197,Phòng 3 Người Nhìn Ra Thành Phố (Triple Room with City View),8540
308197,Phòng sang trọng 4 người (Luxury Quadruple Room),8541
308197,Giường trong Phòng ngủ Tập thể Nam 2 Giường (Bed in 2 Bed Male Dormitory),8542
1214913,Phòng Standard giường đôi (Standard Double Room),8543
1214913,Standard Twin Room,8544
1214913,Phòng Superior 2 giường (Superior Twin Room),8545
1214913,Phòng Cao Cấp Cho Hai Người (Superior Double Room),8546
1214913,Phòng Loại Sang Giường Đôi (Deluxe Double Room),8547
1214913,Phòng Superior gia đình (Superior Family Room),8548
1214913,Phòng Gia Đình Loại Sang (Deluxe Family Room),8549
1214913,Phòng Gia đình - 6 người (Family - 6 pax),8550
10901788,Superior giường đôi (Superior Double),8551
10901788,Superior 2 giường (Superior Twin),8552
10901788,Deluxe giường ba Hướng phố (Deluxe Triple City View),8553
10901788,Phòng Bốn Người – Khuyến Mại Đặc Biệt (Quadruple Room - Special Offer),8554
10901788,Phòng Deluxe Gia đình (Deluxe Family Room),8555
58826821,Phòng Tiêu chuẩn giường đôi (Double Room Standard),8556
58826821,Phòng Superior giường đôi (Double Superior Room),8557
58826821,Deluxe giường đôi Hướng phố (Deluxe Double City View),8558
58826821,Phòng Superior gia đình (Family Superior),8559
38797641,Phòng 3 Người Có Bồn Tắm (Triple Room with Bathtub),8560
43727586,Phòng Loại Sang Nhìn Ra Một Phần Biển Hai Giường Đơn (Deluxe Twin Partial Sea View),8561
43727586,Suite Nhìn Thẳng Ra Đại Dương Giường Lớn Có Bồn Tắm (Suite King Ocean Front with Bathtub),8562
43727586,Phòng Đẳng Cấp Nhìn Ra Một Phần Biển Hai Giường Đơn Có Ban Công (Premier Twin Partial Sea View with Balcony),8563
43727586,"Premier Twin Room, Partial Sea View",8564
43727586,Phòng Premier 3 Người Nhìn Ra Một Phần Biển Có Ban Công (Premier Triple Partial Sea View with Balcony),8565
43727586,Phòng Nhìn Thẳng Ra Đại Dương 2 Phòng Ngủ (Two-Bedroom Ocean Front),8566
48029813,Deluxe 2 giường Hướng phố (Deluxe Twin City View),8567
48029813,Deluxe giường King Hướng phố (Deluxe King City View),8568
48029813,Phòng Suite Gia đình Hướng phố (Family Suite City View),8569
1165702,Superior 2 giường (Superior Twin),8570
1165702,Deluxe giường đôi (Deluxe Double),8571
1165702,Deluxe 3 người (Triple Deluxe),8572
1165702,Phòng Gia đình Hướng phố (Family Room City View),8573
1899405,Superior giường đôi (Superior Double),8574
1899405,Phòng Loại Sang Nhìn Ra Một Phần Biển Giường Đôi (Deluxe Partial Sea View Double Room),8575
1158339,Phòng hướng thành phố 2 giường (City Twin Room),8576
1158339,Phòng Superior Hướng phố giường Queen (Superior City View Queen Bed),8577
6812114,Phòng Superior 2 Giường đơn với Cửa sổ (Superior Twin with Window),8578
6812114,Phòng Deluxe 2 Giường đơn Nhìn ra Một phần Cảnh biển (Deluxe Twin Partial Sea View),8579
569140,Phòng Cao Cấp 2 Giường Đơn Không Có Cửa Sổ (Superior Twin No Window),8580
569140,Phòng Tiêu Chuẩn 2 Giường Đơn (Standard Twin Room),8581
10003415,Phòng Deluxe giường đôi Có ban công (Deluxe Double Room Balcony),8582
10003415,Junior Suite giường đôi (Junior Suite Double),8583
2235797,Suite có Giường cỡ King (Suite King Bed),8584
2235797,Phòng Tiêu chuẩn dành cho 3 Khách (Standard Triple),8585
1637585,Phòng Tiêu Chuẩn Giường Đôi (Standard Double Room),8586
35395451,Phòng Tiêu Chuẩn (Standard Room),8587
35395451,Phòng 2 giường đôi (Double with 2 Double Beds),8588
3002196,Phòng Tiêu chuẩn 2 Giường - Không cửa sổ (Standard Twin - No Window),8589
3002196,Superior giường đôi Hướng phố (Superior Double City View),8590
47008910,Phòng Precious Giường Đôi (Precious Double Room),8591
47008910,Phòng Deluxe Giường Đôi Nhìn Ra Biển Cho 2 Người Lớn Và 2 Trẻ Em (Deluxe Sea View Double Room for 2 Adults and 2 Children),8592
74957819,Deluxe Twin Studio with Balcony and City View (Deluxe twin Studio with Balcony and City View),8593
74957819,Deluxe King Studio with Balcony and City View (Deluxe king Studio with Balcony and City View),8594
876521,Phòng Cao Cấp Giường Đôi (Superior Double),8595
2599548,Phòng Được sắp xếp tùy ý khi đến (Room Assigned on Arrival),8596
47262040,Phòng Tiêu chuẩn giường đôi (Standard Double),8597
47262040,Phòng Loại Sang Giường Đôi (Deluxe Double Room),8598
1200571,Phòng Deluxe Giường Đôi Không Có Cửa Sổ (Deluxe Double No Window),8599
1200571,Phòng Cao Cấp Cho Hai Người (Superior Double Room),8600
1603126,Superior 2 giường (Superior Twin),8601
1603126,Phòng Deluxe 2 giường có ban công (Deluxe Twin Room with Balcony),8602
2562701,Phòng Tiêu chuẩn giường đôi (Standard Double),8603
2562701,Phòng Tiêu Chuẩn Giường Đôi/2 Giường Đơn (Standard Double or Twin Room),8604
9085278,Deluxe giường đôi (Deluxe Double),8605
9085278,Deluxe 2 giường (Deluxe Twin),8606
64242078,Deluxe 2 giường Hướng phố (Deluxe Twin City View),8607
64242078,Phòng Loại Sang Hướng Thành Phố Giường Lớn (Deluxe City View King Bed),8608
72310894,Phòng Tiêu Chuẩn Tiết Kiệm (Economic Standard Room),8609
72310894,Superior - 1 Giường Đôi (Superior - 1 Double Bed),8610
42158007,Phòng Tiêu chuẩn giường đôi hoặc 2 giường (Standard Double or Twin Room),8611
42158007,Phòng Đôi hoặc Hai Giường Đơn Loại Sang Hướng Thành Phố (Deluxe Double or Twin Room with City View),8612
6753530,Deluxe Cửa Sổ (Deluxe Window),8613
35444461,Superior giường đôi Có ban công (Superior Double Balcony),8614
35444461,Superior 2 giường đơn Có ban công (Superior Twin Balcony),8615
80186709,Căn Hộ 1 Một Phòng Ngủ Có Ban Công (1-Bedroom Apartment 1 with Balcony),8616
80186709,Căn Hộ 1 Phòng Ngủ - Hướng Vườn (One-Bedroom Apartment - Garden View),8617
30976878,Phòng Tiêu chuẩn giường đôi (Double Room Standard),8618
30976878,"Phòng Superior có giường King (Superior King, Guest room, 1 King)",8619
55717853,Phòng Đôi Loại Sang (Deluxe Double Room),8620
55717853,Bungalow Cao cấp (Superior Bungalow),8621
31072278,Standard Twin Room,8622
31072278,Phòng Tiêu chuẩn - Giường đôi (Standard - Double),8623
2985282,Phòng Cao Cấp Cho Hai Người (Superior Double Room),8624
2985282,Phòng Superior 2 giường (Superior Twin Room),8625
2225433,Phòng Deluxe giường đôi có cửa sổ (Deluxe Double Room With Window),8626
2225433,Phòng Loại Sang Trước Biển 2 Giường Đơn Có Ban Công (Deluxe Oceanfront Twin Room with Balcony),8627
31073015,Phòng Tiêu Chuẩn (Standard),8628
31073015,Deluxe giường đôi (Deluxe Double),8629
4139218,Phòng Loại Sang Giường Đôi (Deluxe Double Room),8630
4139218,Phòng Gia Đình (Family Room),8631
3361439,Suite Executive (Executive Suite),8632
3361439,Suite Lớn có Ban Công (Executive Suite with Balcony),8633
30125137,Phòng Ba Người Loại Sang cho 3 Người (Deluxe Triple Room for 3 People),8634
30125137,Phòng 3 Người Cho 2-3 Người – Chỉ Dành Cho Gia Đình (Triple Room for 2-3 people - Family Only),8635
305367,Phòng Executive giường đôi (Executive Double Room),8636
305367,Superior Double or Twin Room,8637
66975380,"Basic Double Room Single Use, City View",8638
66975380,Phòng Tiêu Chuẩn (Standard Room),8639
300021,Phòng Hai Giường Đơn Hướng Thành Phố – Cấm Hút Thuốc (City View Twin Room - Non-Smoking),8640
300021,Deluxe giường đôi Hướng phố (Deluxe Double City View),8641
2646007,Superior giường đôi (Superior Double),8642
2646007,Superior Có cửa sổ (Superior Window),8643
5828738,Phòng Tiêu Chuẩn (Standard),8644
5828738,Phòng Superior (Superior),8645
6428461,Phòng Vàng Loại Sang Giường Đôi Hoặc 2 Giường Đơn (Deluxe Gold Double or Twin Room),8646
6428461,Phòng Cao Cấp Hướng Thành Phố Giường Đôi Hoặc Hai Giường Đơn (Superior City View Double or Twin Room),8647
569663,Phòng Studio Hướng phố (Studio City View),8648
569663,Studio hướng thành phố 1 phòng ngủ giường lớn (1-Bedroom City View King Studio),8649
46307904,Phòng Đôi Tiêu Chuẩn (Standard Double Room),8650
46307904,Phòng Superior 2 giường (Superior Twin Room),8651
302683,Grand Suite with River View,8652
302683,Grand Suite Nhìn ra Sông Giường Đôi (Grand Suite River Front Double),8653
4435798,Phòng Tiêu chuẩn giường King (Standard King Room),8654
4435798,Superior giường King Hướng phố (Superior King City View),8655
50599322,Phòng Standard giường đôi (Standard Double Room),8656
50599322,Phòng Cao Cấp Cho Hai Người (Superior Double Room),8657
937111,Phòng Đôi Deluxe (Deluxe Double),8658
937111,Premier Nhìn Ra Sông (Premier River View),8659
4974436,Phòng 3 Người Có Bồn Tắm (Triple Room with Bathtub),8660
2486094,Superior giường đôi (Superior Double),8661
2486094,Phòng Super 2 giường (Super Twin Room),8662
1713002,Phòng Superior có 2 giường đơn (Superior Room With 2 Single Beds),8663
1713002,Phòng Cao Cấp Cho Hai Người (Superior Double Room),8664
1155320,Phòng Superior 2 Giường đơn với Vòi sen (Superior Twin Room with Shower),8665
1155320,Phòng Superior với Phòng tắm (Superior Room with Shower),8666
50202392,Tiêu chuẩn giường Queen (Standard Queen),8667
50202392,Superior hướng thành phố (Superior City View),8668
5056641,Studio có ban công (Studio with Balcony),8669
5056641,Studio gia đình (Family Studio),8670
5056641,Căn hộ 2 phòng ngủ có Ban công (Two Bedroom Apartment with Balcony),8671
9755468,Superior giường đôi (Superior Double),8672
9755468,Phòng Loại Sang Giường Đôi (Deluxe Double Room),8673
9755468,Phòng Deluxe 2 Giường đơn (Deluxe Twin),8674
9755468,Phòng Gia Đình (Family Room),8675
9755468,Suite Deluxe (Deluxe Suite),8676
9755468,Phòng Loại Sang Đẳng Cấp Giường Đôi Hướng Thành Phố (Deluxe Premier Double Room City View),8677
78365400,Căn hộ Tiêu chuẩn (Standard Apartment),8678
37710972,Phòng Loại Sang Giường Đôi (Deluxe Double Room),8679
37710972,Phòng Hai Giường Đơn Loại Sang (Deluxe Twin Room),8680
37710972,Suite Double Bed,8681
37710972,Phòng Gia Đình Loại Sang (Deluxe Family Room),8682
37710972,Phòng Gia đình Suite (Suite Family Room),8683
37710972,Căn Hộ - 2 Phòng Ngủ (Apartment - 2 Bedrooms),8684
37710972,Phòng Gia đình - 6 người (Family - 6 pax),8685
3368028,Phòng Được sắp xếp tùy ý khi đến (Room Assigned on Arrival),8686
3368028,Deluxe 2 giường có ban công (Deluxe Twin With Balcony),8687
3368028,Phòng Deluxe 3 người (Deluxe Triple Room),8688
3368028,Phòng Loại Sang Hướng Thành Phố Cho 3 Người (Deluxe Triple City View Room),8689
37871722,Phòng Đôi (Double Room),8690
37871722,Phòng Deluxe có ban công riêng (Deluxe Room with Private Balcony),8691
37871722,Phòng có 2 giường đôi - Không hút thuốc (2 Full Beds Smoke-Free),8692
37871722,Phòng Deluxe hướng biển 2 giường đơn (Deluxe Sea View Twin Room),8693
339446,Phòng Tiêu Chuẩn Giường Đôi (Standard Double Room),8694
339446,Phòng Đôi Cao Cấp Cho 2 Người Lớn (Superior Double Room for 2 Adults),8695
339446,Phòng Deluxe Giường Đôi Nhìn ra Biển (Deluxe Double Sea View),8696
339446,Deluxe Room with 2 Single Beds,8697
339446,Phòng gia đình 4 người (Family 4 People),8698
339446,Phòng Đôi Loại Sang (Deluxe Double Room),8699
339446,Suite với Giường Sofa (Suite with Sofa Bed),8700
338255,Phòng Grand hướng vườn giường King có ban công (Garden King Grand with Balcony),8701
338255,Junior Suite hướng biển có giường King và hồ bơi riêng (Junior Sea View Suite King with Private Pool),8702
338255,Suite 1 phòng ngủ hướng sân vườn có hồ bơi riêng (One Bedroom Suite Courtyard with Private Pool),8703
338255,Suite 2 phòng ngủ hướng sân vườn có hồ bơi riêng (Two Bedroom Suite Courtyard with Private Pool),8704
338255,Phòng căn hộ áp mái hướng biển 2 phòng ngủ có hồ bơi riêng tầng thượng (Skypool Two Bedroom Seaview Loft with Private Pool),8705
5358951,Phòng Được sắp xếp tùy ý khi đến (Room Assigned on Arrival),8706
5358951,Superior giường đôi (Superior Double),8707
5358951,Phòng Superior 3 người (Superior Triple Room),8708
182167,Superior 2 Single Beds with Balcony,8709
182167,Phòng Superior giường Queen Có ban công (Superior Queen Room Balcony),8710
182167,Deluxe giường Queen Có ban công (Deluxe Queen Balcony Room),8711
182167,Deluxe Queen Partial Ocean View,8712
182167,Deluxe giường Queen hướng biển (Deluxe Queen Ocean View),8713
182167,Nhà kiểu nông thôn 1 Phòng ngủ (One Bedroom Cottage),8714
182167,"Junior Family Suite with 1 Kingsize bed and 1 Bunk bed, Private balcony (Junior Family Suite With 1 Kingsize Bed And 1 Bunk Bed, Private Balcony)",8715
182167,"Suite Gia Đình, 1 Giường Lớn Và 1 Cặp Hai Giường Đơn Hollywood (Family Suite, 1 King Size Bed And 1 Hollywood Twin Bed)",8716
42158002,Giường Tầng trong Phòng Tập Thể Cả Nam và Nữ (Bunk Bed in Mixed Dormitory Room),8717
61725997,Phòng Standard giường đôi (Standard Double Room),8718
61725997,Phòng Đôi Cao Cấp có Cửa Sổ (Superior Double Room with Window),8719
61725997,Phòng Gia Đình Tiêu Chuẩn Giường Đôi (Standard Family Double Room),8720
61725997,Phòng hướng biển giường đôi (Sea View Double Room),8721
47603378,Phòng Tiêu chuẩn - Giường Queen (Standard - Queen Room),8722
47603378,Căn Hộ 1 Phòng Ngủ (One Bedroom Apartment),8723
59620000,Superior không có cửa sổ (Superior Without Window),8724
59620000,Deluxe giường đôi Hướng phố (Deluxe Double City View),8725
59620000,Phòng 3 Người Nhìn Ra Thành Phố (Triple Room with City View),8726
59620000,Phòng Đôi Thương Gia Hướng Thành Phố (Executive City View Double Room),8727
59620000,Phòng gia đình hướng thành phố (Family City View),8728
59620000,Suite có bồn tắm (Suite with Bathtub),8729
59620000,Suite Căn Hộ (Apartment Suite),8730
237529,Villa hồ bơi 1 phòng ngủ (One Bedroom Pool Villa),8731
237529,Biệt thự 1 phòng ngủ (Villa One Bedroom),8732
237529,Biệt Thự Bể Bơi Hai Phòng Ngủ (Two Bedroom Pool Villa),8733
237529,Biệt Thự Hai Phòng Ngủ Gần Đại Dương (Two Bedroom Ocean Front Villa),8734
237529,Biệt thự 3 phòng ngủ có hồ bơi riêng (Three-Bedroom Villa with Private Pool),8735
237529,Three Bedroom Pool Villa Ocean Front,8736
10252091,Deluxe giường đôi (Deluxe Double),8737
10252091,Deluxe 2 giường Hướng phố (Deluxe Twin City View),8738
10252091,Deluxe giường đôi Hướng phố (Deluxe Double City View),8739
10252091,Deluxe có bồn tắm (Deluxe with Bathtub),8740
10252091,Phòng Đôi Nhìn Ra Một Phần Biển và Dịch Vụ Giặt Là Hằng Ngày 4 Sản Phẩm Mỗi Ngày (Double Room with Partial Sea View and Daily Laundry Service of 4 Items per Day),8741
10252091,Suite đặc biệt (Signature Suite),8742
10252091,Suite Executive gia đình (Executive Family Suite),8743
10252091,Loại Sang Có Bồn Tắm – Gói Ở Nghỉ Dưỡng Mùa Hè (Deluxe with Bathtub - Summer Staycation Package),8744
77041397,Phòng Hai Giường Đơn Loại Sang (Deluxe Twin Room),8745
77041397,Phòng Loại Sang Giường Đôi (Deluxe Double Room),8746
77041397,Phòng Suite 2 giường đơn (Suite Twin),8747
77041397,Suite giường đôi (Suite Double),8748
77041397,Phòng Premier 3 người (Premier Triple),8749
77041397,Junior Suite 3 người (Junior Suite Triple),8750
77041397,Phòng giường Queen (Queen Room),8751
77041397,Phòng Hoàng Gia G - Không Hút Thuốc (Royal Room G - Non-Smoking),8752
2817614,Phòng Deluxe Giường Đôi/2 Giường Đơn (Deluxe Double or Twin Room),8753
2817614,Phòng Grand Deluxe có 2 Giường đơn (Grand Deluxe Twin Room),8754
2817614,Phòng Grand Deluxe Giường Đôi (Grand Deluxe Double Room),8755
2817614,Phòng Deluxe 2 giường được vào spa hằng ngày (Deluxe Twin Room with Daily Spa Access),8756
2817614,Phòng Grand Deluxe 2 giường được vào spa hằng ngày (Grand Deluxe Twin Room with Daily Spa Access),8757
2817614,Phòng Grand Deluxe giường đôi được vào spa hằng ngày (Grand Deluxe Double Room with Daily Spa Access),8758
2817614,Biệt Thự Bể Bơi Một Phòng Ngủ (One Bedroom Pool Villa),8759
2817614,Premier Suite,8760
2817614,Biệt thự gia đình Có hồ bơi (Family Pool Villa),8761
2817614,Biệt thự hồ bơi 1 phòng ngủ được vào spa hằng ngày (1-Bedroom Pool Villa with Daily Spa Access),8762
2817614,Biệt Thự Gia Đình Có Bể Bơi Với Quyền Sử Dụng Spa Hàng Ngày (Family Pool Villa with Daily Spa Access),8763
2817614,Suite Premier được vào spa hằng ngày (Premier Suite with Daily Spa Access),8764
2817614,Biệt Thự Bể Bơi Hai Phòng Ngủ (Two Bedroom Pool Villa),8765
2817614,Biệt thự hồ bơi 2 phòng ngủ được vào spa hằng ngày (2-Bedroom Pool Villa with Daily Spa Access),8766
47513791,Phòng Hai Giường Đơn Loại Sang (Deluxe Twin Room),8767
16360226,Phòng Studio Có Ban Công (Studio Balcony),8768
16360226,Deluxe giường ba Hướng hồ bơi (Deluxe Triple Pool View),8769
16360226,Căn Hộ Junior 2 Phòng Ngủ (2-Bedroom Junior Apartment),8770
16360226,Căn hộ loại sang có ban công 2 phòng ngủ (2-Bedroom Deluxe Apartment with Balcony),8771
52495000,Deluxe 2 giường Hướng phố (Deluxe Twin City View),8772
52495000,Deluxe hướng thành phố (Deluxe City View),8773
52495000,Suite 3 người (Triple Suite),8774
52495000,Studio Cổ điển có giường cỡ King (Classic King Studio),8775
52495000,Phòng Gia Đình (Family Room),8776
32355343,Phòng Superior giường King có ban công (Superior King Room with balcony),8777
77068255,Superior Studio có Ban công (Superior Studio with Balcony),8778
77068255,Phòng Studio Deluxe với Ban công (Deluxe Studio With Balcony),8779
77068255,Giường Tầng Trong Phòng Ngủ Tập Thể Cho Nữ (Bunk Bed in Female Dormitory Room),8780
64860148,1 Giường Cỡ King (1 King Bed),8781
64860148,Deluxe giường đôi hoặc 2 giường (Deluxe Double or Twin),8782
64860148,Phòng Superior Giường Đôi/2 Giường Đơn Nhìn Ra Biển (Superior Double or Twin Room with Sea View),8783
56790458,Phòng Đôi Loại Sang Giường Lớn (Deluxe King Double Room),8784
56790458,Deluxe 2 giường có cửa sổ (Deluxe Twin with Window),8785
56790458,Deluxe gia đình (Family Deluxe),8786
56790458,Giường Trong Phòng Tập Thể (Dorm Bed),8787
42062279,Phòng Standard giường đôi (Standard Double Room),8788
42062279,Phòng Cao Cấp Cho Hai Người (Superior Double Room),8789
42062279,Phòng Tiêu chuẩn 3 người (Standard Triple Room),8790
42062279,Phòng Tiêu chuẩn gia đình (Standard Family Room),8791
6510802,Studio gia đình (Family Studio),8792
59786672,Phòng Tiêu chuẩn Giường Đôi Không có Cửa sổ (Standard Double Room No Window),8793
59786672,Phòng Standard giường đôi (Standard Double Room),8794
59786672,Phòng giường đôi có cửa sổ (Double Room with Window),8795
59786672,Superior giường đôi Hướng phố (Superior Double City View),8796
59786672,Phòng Deluxe giường đôi có ban công (Deluxe Double Room with Balcony),8797
59786672,Phòng Đôi Cao Cấp (Superior Double Room),8798
6890862,Phòng Superior Giường Đôi Nhìn Ra Cảnh Thành Phố (Superior City View Double Room),8799
47129981,Superior giường đôi Hướng phố (Superior Double City View),8800
47129981,Phòng Giường King Phía Thành Phố (Cityside King Room),8801
47129981,Deluxe 3 người (Triple Deluxe),8802
47129981,Deluxe gia đình (Family Deluxe),8803
47129981,Phòng gia đình hướng thành phố (Family City View),8804
38703429,Phòng Junior Suite (Junior Suite),8805
38703429,Executive Suite (Execuitve Suite),8806
38703429,Suite 3 người (Triple Suite),8807
38703429,Phòng Thông Nhau Cho 7 Người - Có 2 Phòng (Connecting Room for 7 People - 2 Rooms Provided),8808
74991667,Studio Deluxe Queen (Deluxe Queen Studio),8809
61753257,Biệt Thự 1 Phòng Ngủ (One-Bedroom Villa),8810
298973,Phòng Hai Giường Đơn Loại Sang Loại A ( Deluxe Twin Room Type A),8811
7031177,Căn hộ Studio có Ban công (Studio Apartment with Balcony),8812
7031177,Căn hộ Deluxe (Deluxe apartment),8813
2275118,Phòng Đôi (Double Room),8814
2275118,Giường Trong Phòng Nghỉ Tập Thể 8 Giường Cho Cả Nam Và Nữ (Bed in 8-Bed Mixed Dormitory Room),8815
2275118,Giường Tầng Trong Phòng Ngủ Tập Thể Cho Nam Và Nữ (Bunk Bed in Mixed Dormitory Room),8816
2275118,Giường Trong Phòng Ngủ Tập Thể Cho Cả Nam Và Nữ 6 Giường (Bed in 6-Bed Mixed Dormitory Room),8817
4985702,Phòng Tiêu chuẩn có giường Queen (1 Queen Bed Standard Room),8818
4985702,Suite có giường King (King Bed Suite),8819
4985702,Phòng Superior Gia Đình (Superior Family Room),8820
4985702,Phòng 2 giường Queen (Two Queens),8821
4985702,Suite gia đình có ban công (Family Suite with Balcony),8822
4985702,Phòng Deluxe Gia đình (Deluxe Family Room),8823
9762187,Phòng Loại Sang Giường Đôi (Deluxe Double Room),8824
9762187,Căn Hộ Nhìn Ra Hồ Bơi (Apartment with Pool View ),8825
280374,Phòng Deluxe 2 Giường đơn (Deluxe Twin),8826
280374,Deluxe giường đôi (Deluxe Double),8827
280374,Deluxe hướng thành phố (Deluxe City View),8828
280374,Suite,8829
59068415,Phòng Tiêu Chuẩn (Standard Room),8830
59068415,Phòng Đôi (Double Room),8831
59068415,Deluxe Twin City View (Deluxe Twin with Old Port View),8832
59068415,Phòng Loại Sang Giường Đôi - Nhận Phòng 2:00 Chiều (Deluxe Double - Check-In 2PM),8833
59068415,Junior Suite,8834
59068415,Deluxe 3 người (Triple Deluxe),8835
59068415,Phòng Gia Đình (Family Room),8836
59068415,Phòng Đơn - Tòa Nhà 1 (Single Room - Bldg 1),8837
36703334,Phòng Hướng Thành Phố – Giường Lớn (City View Room - King Bed),8838
36703334,Deluxe hướng sông (Deluxe River View),8839
7928501,Phòng Tiêu Chuẩn Giường Đôi (Standard Double Room),8840
7928501,Phòng Superior 2 giường đơn (Superior Twin Room),8841
7928501,Phòng Superior 2 giường đơn (Superior Twin Room),8842
7928501,Giường Tầng Trong Phòng Ngủ Tập Thể Cho Nữ (Bunk Bed in Female Dormitory Room ),8843
7928501,Giường Tầng Trong Phòng Ngủ Tập Thể Cho Nam (Bunk Bed in Male Dormitory Room ),8844
11196190,Phòng Đôi Cao Cấp (Superior Double Room),8845
11196190,Phòng Đôi Loại Sang (Deluxe Double Room),8846
11196190,Phòng Superior 2 giường đơn (Superior Twin Room),8847
51906520,Tiêu Chuẩn - 1 Giường Đôi - Cấm Hút Thuốc (Standard - 1 Bed Double Non-Smoking),8848
51906520,Superior Studio,8849
5809022,Phòng Cơ Bản Giường Đôi (Basic Double Room),8850
5809022,Superior giường đôi (Superior Double),8851
4891231,Phòng riêng Giường đôi (Private DoubleRoom),8852
4891231,1 người trong phòng tập thể Standard 6 giường – Cả nam và nữ (1 Person in 6-Bed Standard Dormitory - Mixed),8853
9848046,Phòng Hai Giường Đơn (Twin Room),8854
9848046,Phòng Đôi (Double Room),8855
59913728,Phòng Cao Cấp Cho Hai Người (Superior Double Room),8856
59913728,Căn Hộ Nhỏ Loại Sang (Deluxe Studio),8857
8190193,Căn Hộ Nhỏ Hướng Bể Bơi (Studio with Pool View),8858
8190193,Căn Hộ Hướng Vườn (Apartment With Garden View),8859
443051,Phòng Deluxe Giường Đôi Không Có Cửa Sổ (Deluxe Double No Window),8860
443051,Phòng Executive 2 giường (Executive Twin Room),8861
29858225,Phòng tiết kiệm (Economy Room),8862
29858225,Superior giường đôi Hướng phố (Superior Double City View),8863
67188500,Phòng 3 Người Hướng Thành Phố (Triple City View),8864
5943721,Phòng Deluxe có ban công (Deluxe Room with Balcony),8865
40683832,Phòng Gia Đình (Family Room),8866
40683832,Suite Hướng Thành Phố Cho 3 Người (Suite Triple City View),8867
10780234,Superior Studio,8868
72584789,Superior Studio,8869
72584789,Phòng Studio Hướng phố (Studio City View),8870
58687863,Phòng giá rẻ giường đôi (Budget Double),8871
58687863,Phòng Tiêu Chuẩn (Standard Room),8872
76868006,Căn hộ 1 phòng ngủ (1-Bedroom Condo),8873
31052940,Superior Studio có Ban công (Superior Studio with Balcony),8874
31052940,Premier Studio,8875
67834990,Phòng Deluxe Giường Đôi Nhìn Ra Thành Phố (Deluxe Double Room with City View),8876
67834990,Phòng Deluxe Có Giường Cỡ King Nhìn Ra Thành Phố Hoặc Sân Trong (Deluxe King City View or Inner Courtyard View),8877
4034722,Phòng Đôi Tiêu Chuẩn (Standard Double Room),8878
4034722,Phòng giường King có ban công (King Room with Terrace),8879
33705632,Superior Double or Twin Room (2 Large Twin Beds),8880
33705632,Superior giường đôi (Superior Double),8881
11656909,Phòng Cao Cấp Cho Hai Người (Superior Double Room),8882
11656909,Phòng Superior gia đình (Superior Family Room),8883
21330679,Studio Nhìn Ra Hồ Bơi (Studio with Pool View),8884
21330679,Phòng Loại Sang Giường Lớn - Có Bữa Sáng (Deluxe King Bed - Breakfast Included),8885
51061524,Phòng Do Khách Sạn Sắp Xếp - Loại Phòng Được Giao Khi Nhận Phòng (Run of House - Room Type Assigned upon Check-In),8886
34652609,Căn hộ (Apartment),8887
33046748,Căn Hộ Tiêu Chuẩn 1 Phòng Ngủ (1-Bedroom Standard Apartment),8888
33046748,Căn Hộ Loại Sang 2 Phòng Ngủ (2-Bedroom Deluxe Apartment),8889
64088373,Phòng Tiêu Chuẩn Giường Đôi Nhìn Ra Thành Phố (Standard Double Room with City View),8890
64088373,Tiêu Chuẩn - 1 Giường Đôi Lớn - Cấm Hút Thuốc (Standard - 1 Bed Queen Non-Smoking),8891
32360829,Phòng Tiêu Chuẩn (Standard Room),8892
32360829,Phòng Deluxe có 2 giường Queen (2 Queen Beds Deluxe Room),8893
39921868,Deluxe hướng thành phố (Deluxe City View),8894
39921868,Deluxe có ban công (Deluxe Balcony),8895
79113346,Phòng Đơn (Single Room),8896
79113346,Phòng Đôi (Double Room),8897
79113346,Căn Hộ (Apartment),8898
33907573,Phòng Loại Sang (Deluxe Room),8899
33907573,Phòng Studio Deluxe (Deluxe Studio Room),8900
78390386,Deluxe giường đôi (Deluxe Double),8901
78390386,Phòng Standard Gia đình (Standard Family Room),8902
50014373,Phòng Premier 1 Giường Đơn - Không Hút thuốc (Premier Single Room - Non-Smoking),8903
50014373,Premier giường đôi (Premier Double),8904
254884,Phòng 1 Giường (1 Bed Room),8905
254884,Superior giường đôi (Superior Double),8906
254884,Superior 2 giường (Superior Twin),8907
336480,Phòng cổ điển (Classic Room),8908
336480,Phòng Deluxe 2 Giường đơn (Deluxe Twin),8909
5859599,Phòng Đơn Loại Sang (Deluxe Single Room),8910
76887731,Căn hộ (Apartment),8911
42154397,Giường trong Phòng ngủ tập thể cả Nam và Nữ 4 Người (Bed in 4-Bed Mixed Dormitory Room),8912
79887318,Phòng Superior có 2 Giường đơn với Cửa sổ (Superior Twin Room with Window),8913
79887318,Phòng Tiêu Chuẩn Gia Đình Có Cửa Sổ (Standard Family Room with Window),8914
33100210,Phòng Đôi (Double Room),8915
33100210,Phòng Hai Giường Đơn (Twin Room),8916
34389517,Phòng Loại Sang Hướng Thành Phố Có Ban Công Giường Đôi (Deluxe Double City View with Balcony),8917
34389517,Phòng Deluxe 3 người (Deluxe Triple Room),8918
52272641,Phòng Superior Có Ban Công (Superior Balcony),8919
52272641,Căn Hộ 1 Phòng Ngủ (One-Bedroom Apartment),8920
65011393,Phòng Đôi (Double Room),8921
65011393,Tiêu Chuẩn - 1 Giường Đôi Lớn (Standard - 1 Queen Bed),8922
9753073,Phòng Loại Sang (Deluxe Room),8923
9753073,Phòng Giường Đôi Nhìn Ra Công Viên (Double Room with Park View),8924
1001042,Dãy phòng Superior giường đôi (Superior Double Rooms),8925
1001042,Phòng Hai Giường Đơn Loại Sang (Deluxe Twin Room),8926
64001271,Căn Hộ 1 Phòng Ngủ Nhìn Ra Thành Phố (One-Bedroom Apartment with City View),8927
37465735,Superior Double Room,8928
37465735,Phòng Tiêu Chuẩn (Standard Room),8929
37465735,Phòng 2 giường đơn Hướng phố (Twin Room City View),8930
59580495,SUITE GARDEN BALCONY BATHTUB - Vip Offer 30 min Herbal Foot Bath & One-way Airport Transfer,8931
59580495,SUITE GARDEN BALCONY BATHTUB (Suite Garden Balcony Bathtub),8932
5943447,Phòng Deluxe Gia Đình 2 Giường Đơn (Family Deluxe Twin),8933
5943447,Studio Deluxe 2 Giường Đơn (Deluxe Studio Twin),8934
76074916,Bungalow,8935
76074916,Phòng Đôi (Double Room),8936
76074916,Giường Trong Phòng Tập Thể Cả Nam Và Nữ 6 Giường (Bed in 6 Bed Mixed Dormitory),8937
79100092,Phòng Cao Cấp Cho Hai Người (Superior Double Room),8938
79100092,Standard Twin Room,8939
79100092,Phòng Loại Sang Giường Đôi (Deluxe Double Room),8940
79100092,Phòng Giường Đôi Lớn Tiêu Chuẩn (Standard Queen Room),8941
79100092,Phòng Superior 2 giường (Superior Twin Room),8942
79100092,Phòng Hai Giường Đơn Loại Sang (Deluxe Twin Room),8943
79100092,Căn hộ (Apartment),8944
79100092,Căn hộ Superior (Superior Apartment),8945
47984700,Deluxe giường đôi Hướng phố (Deluxe Double City View),8946
47984700,Deluxe 2 giường Hướng phố (Deluxe Twin City View),8947
47984700,Deluxe giường ba Hướng phố (Deluxe Triple City View),8948
47984700,Deluxe gia đình Hướng phố (Deluxe Family City View),8949
47984700,Suite Deluxe gia đình (Deluxe Family Suite),8950
42087609,Phòng Tiêu chuẩn giường King (Standard King Room),8951
42087609,Suite có ban công (Suite with Balcony),8952
42087609,Căn hộ Studio (Studio Apartment),8953
42087609,Phòng Superior 2 giường Queen (Superior Queen Room with Two Queen Beds),8954
42087609,Căn hộ Deluxe (Deluxe Apartment),8955
42087609,Phòng Deluxe 3 người (Deluxe Triple Room),8956
42087609,Căn hộ có ban công (Apartment with Balcony),8957
6496404,Deluxe,8958
6496404,Phòng 1 góc hướng biển (Partial Sea View Room),8959
6496404,Phòng Deluxe Giường Đôi/2 Giường Đơn Nhìn ra Thành phố (Deluxe City View Double or Twin Room),8960
6496404,Phòng Superior giường đôi hoặc 2 giường (Superior Double or Twin Room),8961
6496404,Deluxe gia đình Hướng phố (Deluxe Family City View),8962
6496404,"Family Suite, Bathtub",8963
6496404,"Suite, Bathtub, Sea View",8964
6496404,Phòng Gia đình Suite (Suite Family Room),8965
6496404,Suite Nhìn Ra Biển (Sea View Suite),8966
6496404,Suite có bồn tắm (Suite with Bathtub),8967
6496404,VIP Suite Sea View,8968
6496404,Phòng Gia đình Thông nhau qua Cửa nối (Connecting Family Room),8969
6496404,Suite Grand Hướng Biển (Ocean View Grand Suite),8970
50210157,Phòng Giường Đôi Có Phòng Tắm Riêng (Double Room with Private Bathroom),8971
50210157,Phòng Deluxe Giường Đôi Có Bồn Tắm (Deluxe Double Room with Bath),8972
50210157,Phòng Gia Đình Có Phòng Tắm (Family Room with Bathroom),8973
5798038,Phòng Deluxe có 1 Phòng ngủ (1 Bedroom Deluxe),8974
58397773,Phòng Đôi Loại Sang (Deluxe Double Room),8975
58397773,Phòng Cơ Bản Giường Đôi Có Điều Hòa (Basic Double Room with Air Conditioner),8976
58397773,Studio Có Giường Cỡ Queen (Queen Studio),8977
58397773,Căn Hộ Nhìn Ra Thành Phố (Apartment with City View),8978
58397773,Căn Hộ Nhìn Ra Biển (Apartment with Sea View),8979
58397773,Căn Hộ Studio Hướng Biển (Studio Apartment Sea View),8980
58397773,Suite Deluxe Nhìn Ra Biển (Deluxe Suite with Sea View),8981
5831386,Căn hộ (Apartment),8982
42983503,Phòng Tiêu Chuẩn (Standard Room),8983
42983503,Phòng Tiêu chuẩn cho 4 người (Standard Room for 4 People),8984
42983503,Phòng Superior cho 4 người (Superior Room for 4 People),8985
42983503,Phòng Gia đình có Giường cỡ King (Family Room with King Bed),8986
49487316,Phòng Có Giường Cỡ Queen (Queen Room),8987
45083566,Phòng Loại Sang Giường Đôi (Deluxe Double Room),8988
45083566,Suite,8989
45083566,Grand Suite,8990
45083566,Suite có giường cỡ King với ban công (King Suite with Balcony),8991
45083566,Phòng Tiêu chuẩn dành cho 3 Khách (Standard Triple),8992
45083566,Phòng Hướng Đại Dương 3 Người (Triple Ocean View),8993
68061035,Phòng Hai Giường Đơn - Hút Thuốc (Twin - Smoking),8994
68061035,Suite Familia (Familia Suite),8995
68061035,Giường Trong Phòng Tập Thể (Dorm Bed),8996
61166540,Phòng Loại Sang Giường Đôi (Deluxe Double Room),8997
61166540,Căn Hộ Hướng Thành Phố Một Phòng Ngủ (City View One Bedroom Apartment),8998
61166540,"Căn Hộ 1 Phòng Ngủ – Có Ban Công, Hướng Mặt Nước (One Bedroom Apartment - Balcony and Water View)",8999
61166540,Suite Căn Hộ 1 Phòng Ngủ Có Ban Công (One-Bedroom Apartment Suite with Balcony),9000
62271846,Standard small double,9001
62271846,Tiêu chuẩn giường Queen (Standard Queen),9002
62271846,Phòng Superior (Superior),9003
62271846,Phòng Loại Sang (Deluxe),9004
67248846,Phòng lớn 2 giường (Large Twin Room),9005
67248846,Phòng Tiêu Chuẩn 2 Giường Đơn (Standard Twin Room),9006
67248846,Phòng Tiêu chuẩn 2 giường (Standard 2 Beds),9007
67248846,Phòng Đôi (Double Room),9008
67248846,Studio Nhìn Ra Vườn (Studio with Garden View),9009
67248846,Phòng Studio giường Queen (Studio Queen Room),9010
67248846,Căn hộ Deluxe 2 Phòng ngủ Nhìn ra Vườn (Deluxe Two-Bedroom Apartment with Garden View),9011
67248846,Two-Bedroom Apartment with City View,9012
67248846,Căn hộ Deluxe 1 Phòng ngủ (One-Bedroom Deluxe Apartment),9013
67248846,Căn Hộ 1 Phòng Ngủ Nhìn Ra Thành Phố (One-Bedroom Apartment with City View),9014
51931977,Phòng Loại Sang Giường Đôi (Deluxe Double Room),9015
44498829,Giường Trong Phòng Chung Cho Nữ 4 Giường (Bed in 4 Bed Female Shared Room),9016
44498829,Giường trong phòng ngủ tập thể dành cho nam (Bed in Male Dormitory Room),9017
51970454,Phòng Superior 2 giường (Superior Twin Room),9018
51970454,Superior giường đôi có ban công (Superior Double with Balcony),9019
51970454,Phòng Superior 2 giường đơn (Superior Twin Room),9020
51970454,Phòng Tiêu chuẩn 3 người (Standard Triple Room),9021
51970454,Phòng Đôi Cao Cấp (Superior Double Room),9022
51970454,Phòng Superior 3 người (Superior Triple Room),9023
51970454,Phòng Ba Người Tiêu Chuẩn (Standard Triple Room),9024
51970454,Phòng Superior 3 Người (Superior Triple Room),9025
43377873,Danatri Apt/MyKhe51/AnThuong Walk St/1min to Beach,9026
43377873,Danatri Apt 301/AnThuong Walk St/1min to Beach,9027
4121774,Phòng ngủ Đôi Tiêu chuẩn (Standard Double Bedroom),9028
4121774,Phòng ngủ Superior 2 giường đơn (Superior Twin Bedroom),9029
4121774,Phòng Superior 2 giường đơn nhìn ra cảnh thành phố (Superior Twin Room with City View),9030
4121774,Phòng ngủ Deluxe Giường Đôi (Deluxe Double Bedroom),9031
4121774,Tiêu chuẩn 3 người (Standard Triple),9032
4121774,Căn Hộ Nhỏ Loại Sang (Deluxe Studio),9033
31317944,Phòng đôi hướng phố (Street View Double Room),9034
31317944,Phòng Đôi (Double Room),9035
31317944,Phòng Bốn Người Hướng Biển (Quadruple Room with Sea View),9036
78378539,Nhà riêng (home ),9037
2639416,Deluxe - Hướng phố (Deluxe - City View),9038
2639416,Phòng Gia Đình (Family),9039
2639416,Deluxe hướng biển (Deluxe Sea View),9040
55992553,Căn hộ (Apartment),9041
56852292,Phòng Đôi Tiêu chuẩn (Standard Double),9042
56852292,Phòng giường đôi Hướng phố (Double Room City View),9043
56852292,Phòng Superior 2 giường đơn nhìn ra cảnh thành phố (Superior Twin Room with City View),9044
56852292,Superior 2 giường có cửa sổ (Superior Twin With Window),9045
56852292,Deluxe gia đình Hướng phố (Deluxe Family City View),9046
56852292,Phòng 2 Giường Đơn Nhìn Ra Hồ. (Twin Room with Lake View),9047
63691934,Phòng Đôi Cao Cấp (Superior Double Room),9048
63691934,Phòng Superior 2 giường (Superior Twin Room),9049
63691934,Phòng Superior giường Queen (Superior Queen Room),9050
63691934,Phòng Loại Sang Hướng Biển Giường Đôi (Deluxe Double with Sea View),9051
63691934,Phòng Tiêu chuẩn 1 người (Standard Single Room),9052
11295725,Phòng Đôi Tiêu Chuẩn Có 2 Giường Đôi (Standard Double Room with Two Double Beds),9053
11295725,Phòng Gia Đình (Family Room),9054
58579216,Không Có Cửa Sổ – Phòng Cao Cấp (No Window - Superior Room),9055
58579216,Studio giường đôi (Double Studio),9056
32313400,Studio,9057
32313400,Phòng Studio Có Ban Công (Studio Balcony),9058
32313400,Phòng Studio Suite Có ban công (Studio Balcony Suite),9059
70870703,Phòng Đôi Loại Sang (Deluxe Double Room),9060
70870703,Phòng Hai Giường Đơn Loại Sang (Deluxe Twin Room),9061
70870703,Phòng Deluxe 4 Người (Deluxe Quadruple Room),9062
70870703,Suite Gia Đình Có Ban Công (Family Suite with Balcony),9063
33189390,Phòng Tiêu Chuẩn (Standard),9064
11419138,Superior giường đôi (Superior Double),9065
11419138,Deluxe giường đôi (Deluxe Double),9066
11419138,Phòng Superior 3 Người (Superior Triple Room),9067
11419138,Phòng Gia đình De Luxe (De Luxe Family),9068
8189044,"Design Double Room, 1 Queen Bed, Patio, River View (design double room, 1 queen bed, patio, river view)",9069
10608734,Phòng Được sắp xếp tùy ý khi đến (Room Assigned on Arrival),9070
10608734,Phòng Deluxe giường đôi Hướng biển (Deluxe Double Room Sea View),9071
10608734,Loại Sang Hướng Biển (Deluxe Twin Sea View),9072
10608734,Phòng Ấm Cúng Hướng Vườn Giường Đôi (Double Garden View Cosy Room),9073
10608734,Giường Đôi Nhìn Ra Biển (Double Sea View),9074
46767999,Room Assigned on Arrival,9075
36142162,Deluxe 2 giường hoặc giường đôi (Deluxe Twin Or Double),9076
36142162,Deluxe có ban công (Deluxe with Balcony),9077
36142162,Phòng Quadruple cho 4 người (Quadruple Room for 4 People),9078
36142162,Suite 2 phòng ngủ (2-Bedroom Suite),9079
6812577,Studio Superior (Superior Studio),9080
6812577,Studio Balcony (Studio Balcony ),9081
161506,One Bedroom Garden View with Private Pool,9082
161506,Phòng Loại Sang Hướng Vườn 1 Phòng Ngủ (1 Bedroom Deluxe Garden View),9083
161506,Biệt Thự Bể Bơi Hướng Vườn 2 Phòng Ngủ (2 Bedroom Garden View Pool Villa),9084
161506,Biệt Thự 3 Phòng Ngủ Hướng Vườn Có Bể Bơi Riêng (3-Bedroom Garden View Villa With Private Pool),9085
16143218,Phòng Studio Deluxe (Studio Deluxe Room),9086
16143218,Phòng Studio Hướng biển (Studio Sea View),9087
16143218,Phòng Studio Có Ban Công (Studio Balcony),9088
72591732,Phòng Giường Đôi Có Phòng Tắm Riêng (Double Room with Private Bathroom),9089
72591732,Phòng Tiêu chuẩn 2 Giường Đơn (Deluxe Twin Nest),9090
72591732,Phòng Superior - Hướng phố (Superior Room - City View),9091
31265626,Studio có Giường cỡ King và Bếp nhỏ (King Studio with Kitchenette),9092
31265626,Căn Hộ Nhỏ Cho 3 Người Lớn (Studio for 3 Adults),9093
6397130,Superior Có ban công Hướng hồ bơi (Superior Balcony Pool View),9094
6397130,Phòng Gia đình Có ban công (Family Balcony Room),9095
75852436,Căn Hộ - Tầng Trệt (Apartment - Ground Floor),9096
75852436,Căn hộ Superior có Ban công (Superior Apartment with Balcony),9097
1203739,Phòng Hai Giường Đơn Cao Cấp có Vườn (Superior Twin Room with Garden),9098
1203739,Superior hướng thành phố (Superior City View),9099
1603072,Superior giường đôi (Superior Double),9100
60748875,Phòng Siêu Hạng Hai Giường Đơn (Super Single Twin Room),9101
60748875,Phòng Loại Sang 2 Giường Đơn - Bao Gồm 2 Bữa Sáng (Deluxe Twin - 2 Breakfast Included),9102
60748875,Phòng Deluxe có 1 Phòng ngủ (1 Bedroom Deluxe),9103
60748875,Executive Suite giường King (Executive King Suite),9104
60748875,Executive Suite Hướng biển (Executive Suite Ocean View),9105
60748875,Phòng Gia Đình – 2 Giường Đôi (Family - Double and Double),9106
60748875,Phòng Gia Đình Hướng Biển Cho 4 Người Lớn Và 1 Trẻ Em (Sea View Family Room for 4 Adults and 1 Child),9107
51975952,Phòng Được sắp xếp tùy ý khi đến (Room Assigned on Arrival),9108
51975952,Deluxe giường King Hướng biển (Deluxe King Ocean View),9109
51975952,Superior giường King Có ban công (Superior Balcony King),9110
51975952,Studio có Giường cỡ King và Bếp nhỏ (King Studio with Kitchenette),9111
51975952,Nơi Nghỉ Dưỡng Một Phòng Ngủ (One Bedroom Retreat),9112
6498816,Phòng Đôi (Double Room),9113
6498816,Phòng 2 Giường Đơn Có Phòng Tắm Riêng (Twin Room with Ensuite Bathroom),9114
5866683,Phòng Deluxe (2 Người lớn + 1 Trẻ em) (Deluxe Room (2 Adults + 1 Child)),9115
3355835,Phòng Được sắp xếp tùy ý khi đến (Room Assigned on Arrival),9116
3355835,Superior giường đôi không có cửa sổ (Superior Double without Window),9117
3355835,Phòng Loại Sang Giường Đôi (Deluxe Double Room),9118
3355835,Phòng Hai Giường Đơn Loại Sang (Deluxe Twin Room),9119
3355835,Suite gia đình có ban công (Family Suite with Balcony),9120
3355835,Phòng Grand gia đình (Grand Family Room),9121
3355835,Suite Cho Gia Đình Có Ban Công Và Bồn Tắm (Family Suite with Balcony and Bathtub),9122
67884670,Nhà riêng (home ),9123
908594,Căn hộ 1 phòng ngủ (1-Bedroom Apartment),9124
61443725,Phòng Đôi Loại Sang (Deluxe Double Room),9125
61443725,Studio,9126
59237813,Căn Hộ Cao Cấp Studio (Superior Studio Apartment),9127
59237813,Studio Deluxe Có Giường Cỡ King (Deluxe King Studio),9128
10301968,Suite Có Ban Công Lớn Với Tầm Nhìn Ra Thành Phố (Suite with Large Balcony with City view ),9129
10301968,Căn Hộ 2 Phòng Ngủ (Two-Bedroom Apartment),9130
621308,Garden View Villa 1 Bedroom with Private Swimming Pool,9131
621308,Biệt Thự 2 Phòng Ngủ Hướng Vườn có Bể Bơi Riêng (Garden View Villa 2 Bedrooms with Private Swimming Pool),9132
621308,Ocean Access Villa 1 Bedroom with Private Swimming Pool,9133
621308,Biệt Thự 2 Phòng Ngủ có Lối Đi Ra Biển và Bể Bơi Riêng (Ocean Access Villa 2 Bedrooms with Private Swimming Pool),9134
621308,Biệt Thự 3 Phòng Ngủ Hướng Vườn có Bể Bơi Riêng (Garden View Villa 3 Bedrooms with Private Swimming Pool),9135
621308,Biệt Thự 4 Phòng Ngủ Hướng Vườn có Bể Bơi Riêng (Garden View Villa 4 Bedrooms with Private Swimming Pool),9136
621308,Biệt Thự 3 Phòng Ngủ có Lối Đi Ra Biển và Bể Bơi Riêng (Ocean Access Villa 3 Bedrooms with Private Swimming Pool),9137
621308,Biệt Thự 4 Phòng Ngủ có Lối Đi Ra Biển và Bể Bơi Riêng (Ocean Access Villa 4 Bedrooms with Private Swimming Pool),9138
621308,Beachfront Villa with Private Swimming Pool,9139
75174180,Phòng khách sạn (Hotel Room),9140
6492769,Phòng Deluxe (2 Người lớn + 1 Trẻ em) (Deluxe Room (2 Adults + 1 Child)),9141
6492769,Phòng 2 Giường Đơn Nhìn Ra Thành Phố (Twin Room with City View),9142
6492769,Phòng 4 Người Nhìn Ra Biển (Quadruple Room with Sea View),9143
6492769,Phòng Gia Đình Tiêu Chuẩn (Standard Family Room),9144
6492769,Phòng Suite Gia đình (Family Suite),9145
7262405,Phòng Cao Cấp Cho Hai Người (Superior Double Room),9146
7262405,Phòng Gia Đình Loại Sang (Deluxe Family Room),9147
64523975,Phòng Đôi (Double Room),9148
64523975,Phòng 4 người (Quadruple Room),9149
64523975,Căn hộ (Apartment),9150
42041477,Phòng Loại Sang Giường Đôi (Deluxe Double Room),9151
42041477,Phòng Gia Đình Loại Sang (Deluxe Family Room),9152
31187877,Phòng Giường Đôi Nhỏ (Small Double Room),9153
31187877,Phòng 4 Người (Quadruple Room),9154
43424,Junior,9155
43424,Phòng Loại Sang (Deluxe),9156
43424,Super Deluxe,9157
43424,Royal Deluxe,9158
43424,Suite cao cấp (Premium Suite),9159
62083341,Phòng 2 Giường Hướng Thành Phố (Twin Bed with City View),9160
62083341,Phòng Tập Thể 4 - Nam & Nữ (Dormitory Room 4 - Mixed),9161
51973173,Căn Hộ Hướng Thành Phố (City View Apartment),9162
51973173,Căn hộ hướng sông Hàn (Han River View Residence),9163
55290781,Phòng Tiêu Chuẩn - Giường Đôi (Standard - Double),9164
59486484,Căn hộ Studio (Studio Apartment),9165
59486484,Phòng Studio Có Ban Công (Studio Balcony),9166
42154401,Phòng Đôi (Double),9167
44321032,Phòng Deluxe có 2 giường đôi (Deluxe 2 Double),9168
44321032,Phòng Loại Sang (Deluxe),9169
74648607,Nhà 4 Phòng Ngủ (Four-Bedroom House),9170
2671030,Deluxe 2 giường có ban công (Deluxe Twin With Balcony),9171
2671030,Deluxe giường đôi có ban công (Deluxe Double with Balcony),9172
2671030,Eco Suite,9173
5477700,STUDIO 203 (1 King Bed),9174
5477700,Deluxe giường đôi (Luxury Deluxe Room),9175
5477700,Suite Cao cấp (Premium Suites),9176
5477700,Suite Chính Hướng Biển (Sea View Master Suite),9177
5100406,Căn hộ Superior 1 phòng ngủ (Superior One-Bedroom Apartment),9178
5100406,Căn hộ Deluxe 1 phòng ngủ (1-Bedroom Deluxe Apartment),9179
5100406,Căn Hộ Superior 2 Phòng Ngủ (Superior Two-Bedroom Apartment),9180
5100406,Căn Hộ Loại Sang 2 Phòng Ngủ (2-Bedroom Deluxe Apartment),9181
5100406,Căn hộ gia đình thoải mái 2 phòng ngủ (2-Bedroom Comfort Family Apartment),9182
71552951,Deluxe Double - No View,9183
71552951,Superior Double - No Parking,9184
71552951,Phòng Loại Sang (Deluxe Room),9185
71552951,Superior Twin - No Parking,9186
71552951,Premium Deluxe,9187
71552951,Phòng Đôi (Double Room),9188
71552951,Suite,9189
71552951,Phòng 4 Người (Quadruple Room),9190
71552951,Family 1 Bedroom Suite - No Pets,9191
71552951,Căn Hộ 3 Phòng Ngủ Nhìn Ra Biển (Three-Bedroom Apartment with Ocean View),9192
71552951,Penthouse - 2 King and 1 Single Bed (Penthouse - 2 King And 1 Single Bed),9193
6853023,Family Apartment with Bath Tub,9194
6853023,Phòng Gia đình Studio (Studio Family),9195
6853023,Studio ấm cúng (Cozy Studio),9196
8262483,Phòng SO ấm cúng hướng thành phố giường đôi (SO Cozy City View Double Room),9197
8262483,Phòng SO ấm cúng hướng thành phố 2 giường (SO Cozy City View Twin Room),9198
8262483,Deluxe giường đôi có bồn tắm (Deluxe Double with Bathtub),9199
8262483,Phòng gia đình hướng thành phố (Family City View),9200
8262483,Suite Nhìn Ra Thành Phố (Suite with City View),9201
4641269,Phòng Superior - 2 giường đơn (Superior Room - Twin),9202
47340508,Phòng Đôi Loại Sang (Deluxe Double Room),9203
47340508,Căn hộ nhìn ra Núi (Apartment with Mountain View),9204
47340508,Căn Hộ 2 Phòng Ngủ Có Ban Công (Two-Bedroom Apartment with Balcony),9205
47340508,Suite Gia Đình Deluxe (Deluxe Family Suite),9206
2235566,Phòng Loại Sang (Deluxe),9207
2235566,Phòng Superior (Superior),9208
2235566,Deluxe - 3 người (Deluxe - 3 persons),9209
2235566,Deluxe (2 giường đơn) (Deluxe (Twin beds)),9210
2235566,Căn Hộ Studio (Studio Apartment),9211
61224349,Phòng Tiêu Chuẩn Tầng Thượng (Rooftop Floor Standard Room),9212
61224349,Tiêu chuẩn - 1 giường đôi (Standard - 1 Double Bed),9213
61224349,Căn hộ Studio (Studio Apartment),9214
31663577,Căn Hộ Nhỏ Loại Sang (Deluxe Studio),9215
31663577,Căn Hộ Lớn 1 Phòng Ngủ (1-Bedroom Large Apartment),9216
31663577,Căn Hộ 1 Phòng Ngủ (One-Bedroom Apartment),9217
267905,Căn hộ 1 Phòng ngủ (1 Bedroom Apartment),9218
267905,Căn Hộ 2 phòng ngủ (4 người Lớn) (2 Bedroom Apartment (4 Adults)),9219
267905,1 bedroom Pool Villa,9220
267905,2 bedroom Pool Villa,9221
267905,Biệt Thự Hồ Bơi Có 3 Phòng Ngủ (3 Bedroom Pool Villa),9222
267905,Biệt Thự 5 Phòng Ngủ Hướng Biển (5-Bedroom Sea View Villa),9223
267905,Biệt Thự Sang Trọng 5 Phòng Ngủ Hướng Biển (5-Bedroom Luxury Sea View Villa),9224
64258373,"Phòng 2 giường đơn Deluxe, Quang cảnh thành phố (Deluxe Twin Room, City View)",9225
64258373,Phòng Hai Giường Đơn Loại Sang (Deluxe Twin Room),9226
64258373,Phòng 2 Giường Đơn Nhìn Ra Biển (Twin Room with Sea View),9227
64258373,Phòng Có Giường Cỡ King Với Ban Công (King Room with Balcony),9228
64258373,Phòng 3 Người Nhìn Ra Thành Phố (Triple Room with City View),9229
64258373,Phòng Có Giường Cỡ King Nhìn Ra Biển (King Room with Sea View),9230
64258373,Phòng Gia Đình Có Ban Công (Family Room with Balcony),9231
64258373,Phòng gia đình hướng biển (Family Sea View),9232
64258373,Căn Hộ 1 Phòng Ngủ Nhìn Ra Thành Phố (One-Bedroom Apartment with City View),9233
15906556,Phòng Studio Suite Có ban công (Studio Suite Balcony),9234
50611228,Phòng Tiêu Chuẩn (Standard Room),9235
50611228,Phòng Ba Người (Triple Room),9236
46600816,Căn hộ Superior (Superior Apartment),9237
46600816,Căn Hộ Cao Cấp (Premium Apartment ),9238
46600816,Căn hộ Tiêu chuẩn (Standard Apartment),9239
46600816,Căn Hộ 1 Phòng Ngủ (One-Bedroom Apartment),9240
3362751,Căn hộ 1 phòng ngủ (1-Bedroom Apartment),9241
3362751,Suite Gia Đình 2 Phòng Ngủ (2 Bedrooms Family Suite),9242
3362751,Căn Hộ 1 Phòng Ngủ (One-Bedroom Apartment),9243
3362751,Căn Hộ 2 Phòng Ngủ Có Bồn Tắm (2 Bedroom Apartment with Bathtub),9244
3362751,Suite có giường cỡ King với ban công (King Suite with Balcony),9245
3362751,Căn Hộ 2 Phòng Ngủ (Two-Bedroom Apartment),9246
4965524,Phòng Tiêu chuẩn giường đôi (Standard Double),9247
4965524,Phòng VIP Giường Đôi (VIP Double Room),9248
16356346,Phòng Standard giường đôi (Standard Double Room),9249
16356346,Studio Có Giường Cỡ King Và Giường Sofa (King Studio with Sofa Bed),9250
16356346,Phòng Đôi Thương Gia có Ban Công (Executive Double Room with Balcony),9251
16356346,Suite có Ban công. (Suite with Balcony),9252
16356346,Suite Nhỏ Có Bếp Nhỏ (Junior Suite with Kitchenette),9253
16356346,Căn Hộ 1 Phòng Ngủ (One-Bedroom Apartment),9254
16356346,Suite Gia Đình Sang Trọng Có Bếp Nhỏ (Luxury Family Suite with Kitchenette),9255
16356346,Căn Hộ 2 Phòng Ngủ Nhìn Ra Hồ Bơi (Two-Bedroom Apartment with Pool View),9256
16356346,Căn hộ có ban công (Apartment with Balcony),9257
61708940,Căn Hộ 1 Phòng Ngủ Nhìn Ra Thành Phố (One-Bedroom Apartment with City View),9258
61708940,Căn Hộ 1 Phòng Ngủ Có Ban Công (One-Bedroom Apartment with Balcony),9259
61708940,Căn Hộ 1 Phòng Ngủ - Nhìn Ra Biển (One-Bedroom Apartment - Oceanfront),9260
61708940,Căn Hộ 2 Phòng Ngủ (Two-Bedroom Apartment),9261
61708940,Căn Hộ 2 Phòng Ngủ Có Ban Công (Two-Bedroom Apartment with Balcony),9262
61708940,Căn Hộ Loại Sang 2 Phòng Ngủ Có Ban Công (Two-Bedroom Deluxe Apartment with Balcony),9263
61708940,Căn Hộ 2 Phòng Ngủ Nhìn Ra Biển (Two-Bedroom Apartment with Sea View),9264
47646257,Deluxe giường ba Hướng phố (Deluxe Triple City View),9265
47646257,Deluxe gia đình Hướng phố (Deluxe Family City View),9266
47646257,Phòng Hai Giường Đơn Loại Sang (Deluxe Twin Room),9267
47646257,Phòng 3 Người Có Bồn Tắm (Triple Room with Bath),9268
47646257,Phòng Gia Đình Có Ban Công (Family Room with Balcony),9269
181788,Phòng Được sắp xếp tùy ý khi đến (Room Assigned on Arrival),9270
181788,Phòng Cao Cấp Cho Hai Người (Superior Double Room),9271
181788,Phòng Superior 2 giường (Superior Twin Room),9272
181788,Phòng Hai Giường Đơn Loại Sang (Deluxe Twin Room),9273
181788,Phòng Loại Sang Giường Đôi (Deluxe Double Room),9274
181788,Phòng Gia Đình cho 4 Người Lớn (Family Room for 4 Adults),9275
6558650,Căn hộ Grand Deluxe 1 phòng ngủ (1-Bedroom Grand Deluxe apartment),9276
6558650,"Căn Hộ 1 Phòng Ngủ có 1 Giường Đôi Lớn, 1 Giường Sofa và Ban Công (1 Bedroom Apartment, 1 Queen, Sofa bed, Balcony)",9277
6558650,Căn Hộ Superior (Superior Apartment),9278
6558650,"2 Phòng Ngủ Căn Hộ, hướng Thành Phố, Ban Công (2 Bedroom Apartment, City view, Balcony)",9279
6558650,Căn hộ Deluxe (DELUXE APARTMENT),9280
37662620,Deluxe 1 Bedroom Apartment (Deluxe 1 Bedroom Apartment),9281
37662620,Căn Hộ 2 Phòng Ngủ Nhìn Ra Hồ Bơi (Two-Bedroom Apartment with Pool View),9282
37662620,Căn hộ Gia đình 2 Phòng ngủ (Two-Bedroom Family Apartment),9283
37662620,Biệt Thự 3 BR Bể Bơi Riêng (Villa 3 BR Private Pool),9284
37662620,Biệt Thự 2 Phòng Ngủ (Two-Bedroom Villa),9285
37662620,Biệt Thự - 4 Phòng Ngủ (Villa - 4-Bedroom),9286
37662620,Biệt thự Superior (Superior Villa),9287
37662620,Biệt Thự 3 Phòng Ngủ (Three-Bedroom Villa),9288
37662620,Biệt Thự Sân Vườn 5 Phòng Ngủ (5-Bedroom Garden Villa),9289
37662620,Biệt thự Superior (Superior Villa),9290
37662620,Biệt Thự Nhìn Ra Vườn (Villa with Garden View),9291
37662620,Biệt Thự Có Hồ Bơi Riêng (Villa with Private Pool),9292
37662620,Biệt Thự Deluxe (Deluxe Villa),9293
37662620,Biệt Thự - Trước Biển (Villa - Beach Front),9294
45967666,Phòng Đôi Phổ Thông (Economy Double Room),9295
7616490,Tiêu Chuẩn - 1 Giường Đôi - Cấm Hút Thuốc (Standard - 1 Bed Double Non-Smoking),9296
7616490,"Suite Double Room - Breakfast Provided, Non-Smoking",9297
7616490,Phòng Có Giường Cỡ King Với Ban Công (King Room with Balcony),9298
7616490,Phòng Gia Đình Loại Sang (Deluxe Family Room),9299
338256,Biệt thự hướng đầm có hồ bơi riêng (Lagoon Villa with Private pool),9300
338256,Biệt thự cạnh đồi hướng biển 2 phòng ngủ có hồ bơi riêng (Two Bedroom Hillside Sea View Villa with Private Pool),9301
338256,Biệt thự cạnh đồi hướng đại dương 3 phòng ngủ có hồ bơi riêng (Three Bedroom Hillside Ocean View Villa with Private Pool),9302
338256,Biệt thự ba phòng ngủ nhìn ra biển trên sườn đồi có hồ bơi nước nóng (Three Bedroom Hillside Sea View Villa with Heated Pool),9303
47862307,Phòng Cao Cấp Giường Đôi (Chỉ Gồm Phòng Nghỉ) (Superior Double (Room Only)),9304
47862307,Deluxe Double Room 3,9305
47862307,Superior gia đình (Superior Family),9306
47862307,Phòng Gia Đình Loại Sang (Deluxe Family Room),9307
62083469,Phòng Studio Có Ban Công (Studio Balcony),9308
62083469,Suite Áp Mái Có Cảnh (Loft Suite with View),9309
16359909,Căn hộ Superior (Superior Apartment),9310
16359909,Căn Hộ Có Sân Hiên (Apartment with Terrace),9311
16359909,Căn hộ Deluxe với Sân hiên (Deluxe Apartment with Terrace),9312
16359909,Căn Hộ Loại Sang có Ban Công - Cấm Hút Thuốc (Deluxe Apartment with Balcony - Non-Smoking),9313
16359909,Deluxe gia đình Hướng phố (Deluxe Family City View),9314
78381079,Phòng Đôi (Double Room),9315
42942529,Phòng tiết kiệm giường đôi (Economy Double Room),9316
42942529,Phòng giường đôi nhỏ (Small Double Room),9317
42942529,Phòng Giường Đôi/2 Giường Đơn Với Ban Công (Double or Twin Room with Balcony),9318
42942529,Phòng Superior 1 người (Superior Single Room),9319
572366,Phòng Loại Sang (Deluxe Room),9320
572366,Phòng Giường Lớn Hướng Sân Gôn (Golf Course View King Room),9321
572366,Loại Sang Hướng Vườn - Giường King (Deluxe Garden View - King Bed),9322
572366,Junior Suite 2 giường (Junior Suite Twin),9323
572366,Suite Junior - 1 Giường cỡ King (Junior Suite - 1 King Bed),9324
572366,Suite Deluxe (Deluxe Suite),9325
572366,"Stay&Play package, Deluxe Golf View, 2 golfers",9326
572366,"Stay&Play package, Junior Suite, Twin/King Bed, 2 golfers",9327
572366,Biệt Thự Hồ Bơi Có 3 Phòng Ngủ (3 Bedroom Pool Villa),9328
572366,"Stay&Play package, Monty Suite, King Bed, 2 golfers",9329
572366,"Stay&Play package,Villa 3 King Bedrooms, 3 golfers",9330
572366,"Stay&Play package, Villa 3 King Bedrooms, 6 golfers",9331
572366,"Stay&Play package, Junior Suite, Twin/King Bed, 1 golfer",9332
572366,"Stay&Play package, Monty Suite, King Bed, 1 golfer",9333
70823295,Phòng Superior Giường Đôi/2 Giường Đơn (Superior Double or Twin Room),9334
70823295,HAI GIƯỜNG ĐƠN (Twin),9335
70823295,Phòng Tiêu Chuẩn (Standard),9336
9168092,Phòng Tiêu Chuẩn (Standard),9337
9168092,Familiar 3-4 người (Familiar 3-4 people),9338
9168092,Căn hộ 1 góc hướng biển cả 1 phòng ngủ (1-Bedroom Partial Ocean View Apartment),9339
9168092,Phòng Gia Đình Cho 5 Người (Family 5 People),9340
76466232,2 Bedroom Suite with Kitchen,9341
76466232,Biệt Thự Suite 3 Phòng Ngủ Có Bể Bơi (3 Bedroom Suite Pool Villa),9342
76466232,Biệt Thự 3 Phòng Ngủ (Three-Bedroom Villa),9343
68669574,Phòng Tiêu Chuẩn (Standard Room),9344
68669574,Phòng Gia Đình (Family Room),9345
58341030,Căn Hộ Nhìn Ra Thành Phố (Apartment with City View),9346
58341030,Căn Hộ Có Ban Công (Apartment with Balcony),9347
58341030,Căn Hộ 1 Phòng Ngủ có Ban Công (One Bedroom Apartment - Balcony),9348
58341030,Căn Hộ Cao Cấp Có Cảnh (Superior Apartment with Views),9349
1198039,Phòng Cao Cấp Cho Hai Người (Superior Double Room),9350
1198039,Phòng Superior 2 giường (Superior Twin Room),9351
1198039,Phòng Deluxe Giường Đôi Nhìn ra Biển (Deluxe Double Sea View),9352
1198039,Hai Giường Đơn Loại Sang Hướng Biển Bên Hông (Deluxe Twin with Partial Sea View),9353
1198039,Phòng Gia Đình (Không Có Cảnh) (Family Room (Non View)),9354
46758549,"Superior Apartment, Multiple Beds, 2 Bathrooms, City View",9355
46758549,Căn hộ Superior (Superior Apartment),9356
46758549,Căn hộ Deluxe (Deluxe Apartment),9357
1197964,Phòng Superior hướng thành phố 2 giường (Superior City View Twin Room),9358
1197964,Phòng Superior hướng thành phố giường đôi (Superior City View Double Room),9359
1197964,Deluxe giường đôi Hướng phố (Deluxe Double City View),9360
1197964,Phòng Deluxe 2 giường Hướng phố (Deluxe City View Twin Bed Room),9361
1197964,Phòng Loại Sang Gia Đình 2 Giường Đơn Nhìn Ra Một Phần Đại Dương (Deluxe Family Twin Partial Ocean view),9362
1197964,Phòng Ba Người Loại Sang Hướng Biển (Deluxe Triple Room with Seaview),9363
1197964,Phòng Hai Giường Đơn Loại Sang (Deluxe Twin Room),9364
1197964,Phòng VIP Hướng Biển Giường King (VIP Ocean View King Room),9365
1197964,Suite Gia đình 2 phòng ngủ (Family Two Bedroom Suite),9366
239467,Superior Triple Room(1 Queen Bed and 1 Twin Bed),9367
239467,Phòng Superior 3 người (Superior Triple Room),9368
239467,Phòng Superior gia đình (Superior Family Room),9369
239467,Phòng Deluxe 3 người (Deluxe Triple Room),9370
239467,Phòng Gia Đình Loại Sang (Deluxe Family Room),9371
782655,Superior giường đôi (Superior Double),9372
782655,Deluxe giường đôi (Deluxe Double),9373
782655,Phòng Deluxe 2 Giường đơn (Deluxe Twin),9374
782655,Suite 2 Giường Đơn (Suite Twin Bed ),9375
782655,Suite Double Bed,9376
782655,Suite Giường đôi Nhìn ra Sông (Suite Double with River View),9377
782655,Suite 2 Phòng Ngủ (Two-Bedroom Suite),9378
782655,Phòng liên thông dành cho gia đình (Family Connecting Room ),9379
782655,Phòng gia đình với phòng tắm riêng. (Family Room with Private Bathroom),9380
1161258,Phòng Được sắp xếp tùy ý khi đến (Room Assigned on Arrival),9381
1161258,Superior Hướng phố - Giường đôi (Superior City View - Double Bed),9382
1161258,Superior hướng sông (Superior River View),9383
9373100,Phòng Đôi Loại Sang có Bồn Tắm (Deluxe Double Room with Bathtub),9384
9373100,Superior giường đôi Hướng phố (Superior Double City View),9385
9373100,Phòng Suite Gia đình Hướng phố (Family Suite City View),9386
72706507,Studio Có Ban Công (Studio with Balcony),9387
72706507,Studio Deluxe Có Giường Cỡ King (Deluxe King Studio),9388
64898392,Phòng Studio Superior (Studio Superior),9389
64898392,Phòng Studio Deluxe (studio deluxe),9390
64898392,Phòng Gia đình Studio (Studio Family),9391
64898392,Phòng Studio Giường Đôi Có Bồn Tắm (Studio Bathtub Double Bed),9392
64898392,Studio Có Bồn Tắm Spa (Studio with Spa Bath),9393
50151569,Căn Hộ Có Tầm Nhìn Và Ban Công (Apartment with View and Balcony),9394
50151569,Căn Hộ (Apartment),9395
50151569,Căn hộ 2 Phòng ngủ Nhìn ra 1 Góc Đại dương (Two-Bedroom Apartment with Partial Ocean View),9396
50151569,Căn hộ 2 Phòng ngủ Nhìn ra 1 Góc Đại dương (Two-Bedroom Apartment with Partial Ocean View),9397
50151569,Căn Hộ 2 Phòng Ngủ Hướng Đại Dương (Two-Bedroom Apartment with Ocean View),9398
50151569,Căn Hộ 2 Phòng Ngủ Có Ban Công (Two-Bedroom Apartment with Balcony),9399
50151569,Căn hộ 2 Phòng ngủ Nhìn ra 1 Góc Đại dương (Two-Bedroom Apartment with Partial Ocean View),9400
50151569,Căn hộ 2 phòng ngủ nhìn ra cảnh thành phố (Two-Bedroom Apartment with City View),9401
65965130,Căn Hộ 1 Phòng Ngủ (One-Bedroom Apartment),9402
2409752,Phòng Tiêu Chuẩn Giường Đôi Lớn (Standard Queen Room),9403
2409752,Phòng Deluxe 3 người (Deluxe Triple Room),9404
2409752,Phòng Deluxe Có 2 Giường Cỡ Queen (Deluxe Queen Room with Two Queen Beds),9405
34879109,Căn hộ 1 phòng ngủ Cạnh hồ bơi (1-Bedroom Poolside Apartment),9406
34879109,Căn hộ 2 phòng ngủ (2-Bedroom Apartment),9407
34879109,Biệt thự 2 phòng ngủ Có hồ bơi riêng (2-Bedroom Villa with Private Pool),9408
34879109,Biệt Thự Bể Bơi 3 Phòng Ngủ (3-Bedroom Pool Villa),9409
34879109,Biệt thự hồ bơi 2 phòng ngủ (2-Bedroom Pool Villa),9410
34879109,Superior Villa,9411
34879109,Biệt Thự 4 Phòng Ngủ (4 Bedrooms Villa),9412
65513437,Căn hộ (Apartment),9413
11295767,Biệt Thự 2 Phòng Ngủ Hướng Vườn Có Bể Bơi Riêng (2-Bedroom Garden View Villa with Private Pool),9414
11295767,Biệt Thự 3 Phòng Ngủ Hướng Vườn có Bể Bơi Riêng (Garden View Villa 3 Bedrooms with Private Swimming Pool),9415
11295767,Biệt Thự 4 Phòng Ngủ Nhìn Ra Vườn Với Hồ Bơi Riêng (Garden View Villa 4 Bedrooms with Private Swimming Pool),9416
11295767,Biệt Thự Sang Trọng 5 Phòng Ngủ có Bể Bơi Riêng (5-Bedroom Luxury Villa with Private Pool),9417
11295767,Biệt Thự 6 Phòng Ngủ Trước Biển (Six Bedroom Oceanfront Villas),9418
77646441,Phòng Cao Cấp 2 Giường Đơn Không Có Cửa Sổ (Superior Twin No Window),9419
77646441,Phòng Deluxe 2 Giường đơn (Deluxe Twin),9420
77646441,Deluxe giường đôi (Deluxe Double),9421
77646441,Phòng Có Giường Cỡ King (King Room),9422
77646441,Phòng Giường Đôi Premium (Premium Double),9423
77646441,Suite,9424
77646441,Premier giường King (Premier King),9425
77646441,Phòng gia đình liên thông (Family Connecting),9426
5348378,Căn hộ (Apartment),9427
54462504,Biệt Thự 1 Phòng Ngủ (One-Bedroom Villa),9428
54462504,Biệt Thự 2 Phòng Ngủ (Two-Bedroom Villa),9429
54462504,Biệt Thự 3 Phòng Ngủ (Three-Bedroom Villa),9430
54462504,Biệt Thự (Villa),9431
54462504,Biệt Thự (Villa),9432
54462504,Biệt Thự (Villa),9433
54462504,Biệt Thự (Villa),9434
54462504,Biệt Thự (Villa),9435
54462504,Biệt Thự (Villa),9436
54462504,Biệt Thự (Villa),9437
54462504,Biệt Thự (Villa),9438
54462504,Biệt Thự (Villa),9439
54462504,Biệt Thự (Villa),9440
54462504,Biệt Thự (Villa),9441
54462504,Biệt Thự (Villa),9442
75888898,Phòng Đôi (Double Room),9443
75888898,Deluxe giường đôi hoặc 2 giường (Deluxe Double or Twin),9444
1985160,"2 Bedroom Pool Villa, 2 Bedroom Villa, Bedroom 1: 1 King, Bedroom 2: 1 King, Garden view (2 Bedroom Pool Villa, 2 Bedroom Villa, Bedroom 1: 1 King, Bedroom 2: 1 King, Garden View)",9445
1985160,"3 Bedroom Pool Villa, 3 Bedroom Villa, Bedroom 1: 1 King, Bedroom 2: 1 King, Bedroom 3: 2 Twin",9446
71170803,Phòng Deluxe Gia đình (Deluxe Family Room),9447
71170803,Phòng Loại Sang Giường Đôi (Deluxe Double Room),9448
39783418,King Suite Balcony Oceanfront,9449
34738710,Phòng Đôi (Double Room),9450
34738710,Phòng Hai Giường Đơn (Twin Room),9451
47002988,Nhà riêng (home),9452
48943635,Phòng Đơn (Sky Single Room),9453
48943635,Phòng giường đôi Có Ban Công (Double Balcony),9454
9780102,Căn hộ Tiêu chuẩn (Standard Apartment),9455
238037,Premium Suite Studio Queen Bed,9456
238037,Studio Deluxe giường King (Deluxe King Studio),9457
41406670,Căn Hộ 1 Phòng Ngủ (One-Bedroom Apartment),9458
41406670,Studio Có Ban Công (Studio with Balcony),9459
68624873,Phòng Đôi (Double Room),9460
68624873,Phòng Gia Đình (Family Room),9461
28028370,Phòng có giường Queen và ban công (Queen Room With Balcony),9462
28028370,Căn Hộ 1 Phòng Ngủ (One-Bedroom Apartment),9463
61733407,Biệt Thự 2 Phòng Ngủ (Two-Bedroom Villa),9464
61733407,Biệt Thự 1 Phòng Ngủ (One-Bedroom Villa),9465
75967150,Căn Hộ Nhỏ Loại Sang (Deluxe Studio),9466
75967150,Phòng Tiêu chuẩn 2 Giường Đơn (Standard Twin),9467
37726946,Căn hộ nhìn ra Núi (Apartment with Mountain View),9468
37726946,Căn Hộ Có Ban Công (Apartment with Balcony),9469
4972766,Căn hộ (Apartment),9470
76258670,Seaview Family Suite 2 Bedroom - Room Number 804,9471
76258670,Seaview Family Suite 2 Bedroom - Room Number 1605,9472
22666493,Thành phố Deluxe giường đôi (Deluxe Double City),9473
22666493,Deluxe giường đôi Hướng phố (Deluxe Double City View),9474
62980620,Phòng Loại Sang Hướng Thành Phố Có Giường Lớn - Không Hút Thuốc (Deluxe City View with King Bed -- Non-Smoking),9475
62980620,Deluxe hướng biển (Deluxe Sea View),9476
41607832,Phòng Cao Cấp Giường Đôi (Chỉ Gồm Phòng Nghỉ) (Superior Double (Room Only)),9477
394469,Room Assigned on Arrival,9478
394469,Budget Double Room F2,9479
9846077,Căn Hộ (Apartment),9480
9846077,Căn Hộ Nhìn Ra Vườn (Apartment with Garden View),9481
63345539,Phòng Đôi (Double Room),9482
63345539,Phòng Gia Đình (Family),9483
51651397,Phòng Có Giường Cỡ Queen Nhìn Ra Vườn (Queen Room with Garden View),9484
51651397,Phòng Có Giường Cỡ Queen Và Bồn Tắm Spa (Queen Room with Spa Bath),9485
7446058,Biệt Thự 2 BR Bể Bơi Riêng (Villa 2 BR Private Pool),9486
7446058,Biệt Thự 3 BR Bể Bơi Riêng (Villa 3 BR Private Pool),9487
78559224,Phòng Tiêu Chuẩn (Standard Room),9488
78559224,Căn Hộ 1 Phòng Ngủ (One-Bedroom Apartment),9489
34564137,Căn Hộ 2 Phòng Ngủ Cho 4 Người Lớn (2-Bedroom Apartment for 4 Adults),9490
8681712,Biệt Thự 3 Phòng Ngủ Nhìn Ra Vườn Với Hồ Bơi Riêng (Garden View Villa 3 Bedrooms with Private Swimming Pool),9491
8681712,Biệt Thự 3 Phòng Ngủ Có Nhà Bếp Và Bể Bơi Riêng (3-Bedroom Villa with Kitchen and Private Pool),9492
9823954,Căn Hộ Nhỏ Giường Đôi Lớn có Bếp Nhỏ (Queen Studio with Kitchenette),9493
9823954,Phòng Giường Lớn Hướng Thành Phố (City View Room King Bed),9494
31265492,Studio,9495
79352175,Studio Superior (Superior Studio),9496
79352175,Phòng Đôi Loại Sang (Deluxe Double Room),9497
78071005,Twin Beds with Extra Space,9498
78071005,Phòng Tập Thể Dành Cho Nữ (Dormitory Guest Room For Women),9499
28123735,Phòng Hai Giường Đơn Loại Sang (Deluxe Twin Room),9500
28123735,Phòng Đôi Loại Sang (Deluxe Double Room),9501
54892269,Phòng Tiêu Chuẩn Không Có Cảnh Với Giường Đôi Kiểu Pháp (Standard No View Double Room with French Bed),9502
54892269,Standard No View Double Room with 2 Single Beds,9503
34247240,Entire 1 Bed-room Apartment,9504
66669588,Phòng Đôi (Double Room),9505
49440339,Phòng Đôi (Double Room),9506
46557306,Phòng Đôi (Double Room),9507
46557306,Phòng 4 người (Quadruple Room),9508
79939317,Căn hộ (Apartment),9509
64524229,Phòng Đôi (Double Room),9510
64524229,Phòng Ba Người (Triple Room),9511
64524229,Phòng 4 người (Quadruple Room),9512
64524229,Căn hộ (Apartment),9513
284531,Superior giường đôi (Superior Double),9514
284531,Phòng Tiêu chuẩn giường đôi (Standard Double),9515
284531,Phòng Superior 2 giường (Superior Twin Room),9516
284531,Phòng Superior 3 người (Superior Triple Room),9517
284531,Phòng Loại Sang Giường Đôi (Deluxe Double Room),9518
284531,Phòng Gia Đình Loại Sang (Deluxe Family Room),9519
80251968,Phòng Gia Đình (Family Room),9520
80251968,Phòng Tập Thể Cấm Hút Thuốc (Dormitory Non-Smoking),9521
80251968,Phòng Tập Thể - Chỉ Dành Cho Nữ (Dormitory - Female Only),9522
80251968,Giường Tầng Trong Phòng Ngủ Tập Thể Cho Nữ (Bunk Bed in Female Dormitory Room ),9523
80251968,Phòng Gia Đình (Family Room),9524
37662602,Căn Hộ - 2 Phòng Ngủ (Apartment - 2 Bedrooms),9525
37662602,Biệt Thự 2 Phòng Ngủ (Villa 2 Bedroom),9526
37662602,Biệt Thự 3 BR Bể Bơi Riêng (Villa 3 BR Private Pool),9527
37662602,Villa 4 phòng ngủ (4 bedrooms),9528
37662602,Biệt Thự Có Hồ Bơi Riêng (Villa with Private Pool),9529
37662602,Biệt Thự Đẳng Cấp có Ban Công (Estate Villa with Balcony),9530
37662602,Biệt Thự Đẳng Cấp có Hiên (Estate Villa with Verandah),9531
37662602,Biệt Thự 3 Phòng Ngủ (Three-Bedroom Villa),9532
37662602,Biệt Thự (Villa),9533
37662602,Biệt Thự (Villa),9534
73735558,Villa riêng (Private Villa),9535
9084149,Căn hộ Studio (Studio Apartment),9536
9084149,Phòng có ban công (Balcony Room),9537
9084149,Căn hộ Tiêu chuẩn (Standard Apartment),9538
28197449,Phòng Tiêu Chuẩn (Standard),9539
28197449,Superior family,9540
28197449,Phòng Tiêu Chuẩn 2 Giường Đôi (Standard 2 double),9541
13565318,Biệt Thự Đẳng Cấp có Ban Công (Estate Villa with Balcony),9542
5925315,Phòng Gia đình Hướng phố (Family Room City View),9543
66533014,Căn Hộ Cao Cấp 1 Phòng Ngủ Có Ban Công (Superior One-Bedroom Apartment with Balcony),9544
3099129,Villa riêng (Private Villa),9545
1997204,Phòng Đôi (Double Room),9546
1997204,Phòng Ba Người (Triple Room),9547
1997204,Phòng Gia Đình (Family Room),9548
73359010,Căn Hộ - 2 Phòng Ngủ (Apartment - 2 Bedrooms),9549
73359010,Phòng Gia Đình Nhìn Ra Một Phần Biển (Partial Sea View Family Room),9550
73359010,Phòng Giường Đôi Nhìn Ra Núi (Double Room with Mountain View),9551
73359010,Suite Giường Lớn Nhìn Ra Một Phần Biển (Partial Sea View Suite King),9552
73359010,Căn Hộ Hướng Biển (Seaview Apartment),9553
15850263,Phòng Có Giường Cỡ Queen (Queen Room),9554
2061825,Biệt Thự 2 Phòng Ngủ (2 Bedroom Villa),9555
2061825,2 bedroom Pool Villa (2 Bedroom Pool Villa),9556
2061825,Villa 3 phòng ngủ (3 bedroom villa),9557
2061825,3-Bedroom Pool Villa (3 Bedroom Pool Villa),9558
79795547,Studio,9559
79795547,Căn Hộ 1 Phòng Ngủ Có Ban Công (One-Bedroom Apartment with Balcony),9560
37874664,Phòng Superior Giường Đôi/2 Giường Đơn (Superior Double or Twin Room),9561
37874664,Phòng Deluxe Giường Đôi Có Bồn Tắm (Deluxe Double Room with Bath),9562
37874664,Suite Nhìn Ra Thành Phố (Suite with City View),9563
37874664,Phòng Deluxe Giường Đôi/2 Giường Đơn Có Ban Công (Deluxe Double or Twin Room with Balcony),9564
37874664,Phòng cho 3 người có Ban Công (Triple Room with Balcony),9565
28816029,Phòng Có Giường Cỡ King (King Room),9566
28816029,Căn Hộ Studio (Studio Apartment),9567
28816029,Phòng Deluxe Giường Đôi/2 Giường Đơn Nhìn Ra Thành Phố (Deluxe Double or Twin Room with City View),9568
37890356,Villa riêng (Private Villa),9569
59217966,Phòng Đôi (Double Room),9570
59217966,Deluxe giường đôi hoặc 2 giường (Deluxe Double or Twin),9571
59217966,Phòng 4 người có ban công (Quadruple Room with Balcony),9572
11879450,Studio có giường sofa (Studio with Sofa Bed),9573
11879450,Phòng Standard giường đôi (Standard Double Room),9574
4998337,Deluxe 3 người (Deluxe Triple),9575
4998337,Phòng Gia Đình Loại Sang (Deluxe Family),9576
4998337,Deluxe giường đôi (Deluxe Double),9577
68400251,Căn Hộ 1 Phòng Ngủ (One-Bedroom Apartment),9578
68400251,Căn Hộ 2 Phòng Ngủ (Two-Bedroom Apartment),9579
66074995,Villa riêng (Private Villa),9580
5956356,Biệt Thự (Villa),9581
52528551,Villa hướng vườn (Garden View Villa),9582
65647552,Phòng Đôi (Double Room),9583
65647552,Phòng 4 người (Quadruple Room),9584
65647552,Phòng Gia Đình (Family Room),9585
4950509,Phòng Tiêu Chuẩn (Standard),9586
4950509,Phòng Deluxe hướng biển giường đôi (Deluxe Double Room with Sea View),9587
4950509,Phòng Đơn (Single Room),9588
5481632,Căn hộ (Apartment),9589
10690962,Biệt Thự 2 BR Bể Bơi Riêng (Villa 2 BR Private Pool),9590
10690962,Biệt Thự 3 BR Bể Bơi Riêng (Villa 3 BR Private Pool),9591
10690962,Biệt Thự - 4 Phòng Ngủ (Villa - 4-Bedroom),9592
49648459,"Biệt Thự Garden Hướng Vườn 3 Phòng Ngủ Có Ban Công Và Bể Bơi Riêng (3-Bedroom Villa Garden with Garden View, Balcony, Private Pool)",9593
49648459,Biệt Thự Khu Vườn 3 Phòng Ngủ (3-Bedroom Garden Villa),9594
49648459,Biệt Thự 4 Phòng Ngủ có Bể Bơi Riêng (4-Bedroom Villa with Private Pool),9595
255225,Superior Double or Twin Room,9596
255225,Phòng Cao Cấp Giường Đôi/Hai Giường Đơn Có Cửa Sổ (Superior Double or Twin Room with Window),9597
255225,Phòng Gia Đình Loại Sang (Deluxe Family Room),9598
255225,Phòng Deluxe giường đôi hoặc 2 giường Hướng phố (Deluxe Double Or Twin City View),9599
255225,Phòng Superior 3 người có cửa sổ và bồn tắm (Superior Triple Room with Window and Bathtub),9600
255225,Suite Hướng Thành Phố Cho 3 Người (Suite Triple City View),9601
255225,Căn Hộ 1 Phòng Ngủ (One Bedroom Apartment),9602
255225,Phòng Superior giường đơn có cửa sổ (Superior Single Room with Window),9603
255225,Phòng Đơn Loại Sang (Deluxe Single Room),9604
255225,Phòng Đơn Suite - Cấm Hút Thuốc (Suite Single Room - Non Smoking),9605
15849894,Phòng Giường Đôi Lớn (Large Double Room),9606
15849894,Phòng Giường Đôi/2 Giường Đơn Với Ban Công (Double or Twin Room with Balcony),9607
32766640,Căn hộ (Apartment),9608
45151650,Phòng Đôi Cao Cấp (Superior Double Room),9609
45151650,Phòng Đôi Loại Sang (Deluxe Double Room),9610
2233721,Biệt Thự 2 Phòng Ngủ (Two-Bedroom Villa),9611
2233721,Biệt Thự 3 Phòng Ngủ (Three-Bedroom Villa),9612
2233721,Biệt Thự Có Hồ Bơi Riêng (Villa with Private Pool),9613
545154,Standard,9614
14496642,Biệt Thự 3 Phòng Ngủ (Three-Bedroom Villa),9615
63199167,Nhà riêng (home ),9616
39920822,Studio Deluxe Có Giường Cỡ King (Deluxe King Studio),9617
39920822,Studio Premium có Giường cỡ King (Premium King Studio),9618
39920822,Studio Deluxe Queen (Deluxe Queen Studio),9619
49686997,Căn hộ (Apartment),9620
78456090,Phòng Đôi (Double Room),9621
41592214,Phòng có giường cỡ King nhìn ra cảnh núi non (King Room with Mountain View),9622
78726280,Biệt Thự Có Hồ Bơi Riêng (Villa with Private Pool),9623
2653836,Superior giường đôi (Superior Double),9624
38462721,Phòng Giường Đôi Lớn (Large Double Room),9625
47850971,Suite Tiêu Chuẩn (Standard Suite),9626
51235229,Phòng Ba Người (Triple Room),9627
71008764,Phòng Đôi (Double Room),9628
71008764,Studio,9629
73318393,Biệt Thự 3 Phòng Ngủ (Villa 3-Bedroom),9630
32720232,Phòng Tiêu Chuẩn (Standard Room),9631
64324170,Phòng 4 Người (Quadruple Room),9632
2627359,Căn hộ (Apartment),9633
72816826,Biệt Thự 1 Phòng Ngủ (One-Bedroom Villa),9634
72816826,Biệt Thự 1 Phòng Ngủ (One-Bedroom Villa),9635
67292846,Căn Hộ 1 Phòng Ngủ Có Ban Công (One-Bedroom Apartment with Balcony),9636
71446663,Biệt Thự (Villa),9637
36953351,Căn Hộ 2 Phòng Ngủ (Two-Bedroom Apartment),9638
33945010,Phòng giường Queen (Queen Room),9639
65721797,Villa riêng (Private Villa),9640
72812856,Biệt Thự 1 Phòng Ngủ (One-Bedroom Villa),9641
45887499,Villa riêng (Private Villa),9642
36867255,Căn Hộ 2 Phòng Ngủ (Two-Bedroom Apartment),9643
2646633,Tiêu chuẩn giường King (Standard King),9644
69926045,Căn Hộ 2 Phòng Ngủ (Two-Bedroom Apartment),9645
13361127,Phòng Standard giường đôi (Standard Double Room),9646
13361127,Phòng Superior gia đình (Superior Family Room),9647
70926469,"Business Studio Suite, Kitchen, Beach View",9648
70926469,High Floor City View King,9649
4915233,Phòng Đôi Tiêu Chuẩn (Standard Double Room),9650
4915233,Standard Twin Room,9651
1332521,Phòng Tiêu Chuẩn Giường Đôi Lớn (Standard Queen Room),9652
34146478,Phòng Được sắp xếp tùy ý khi đến (Room Assigned on Arrival),9653
34146478,Phòng Đôi Tiêu Chuẩn (Standard Double Room),9654
68570201,Phòng Đôi (Double Room),9655
68570201,Phòng 4 người (Quadruple Room),9656
51523503,Phòng Đôi Phổ Thông (Economy Double Room),9657
51523503,Phòng Đôi (Double Room),9658
545929,Superior giường đôi (Superior Double),9659
46737711,Căn hộ kiểu Studio Nhìn ra Biển (Studio Apartment with Sea View),9660
46737711,Căn Hộ 1 Phòng Ngủ Nhìn Ra Biển (One-Bedroom Apartment with Sea View),9661
46737711,Phòng Có Giường Cỡ King Nhìn Ra Biển (King Room with Sea View),9662
28139109,Phòng Giường Đôi Với Phòng Tắm Riêng Bên Ngoài (Double Room with Private External Bathroom),9663
60814028,Căn hộ 2 Phòng ngủ Nhìn ra cảnh Mặt nước (Two-Bedroom Apartment with Water View),9664
42073839,Phòng Tiêu Chuẩn (Standard Room),9665
42073839,VUA TIÊU CHUẨN 2 (STANDARD 2 KING),9666
16346983,Phòng Loại Sang Giường Đôi (Deluxe Double Room),9667
44883289,Grand Suite Loại Sang 2 Phòng Ngủ có Ban Công (2-Bedroom Grand Deluxe Suite with Balcony),9668
51214382,Phòng Tiêu Chuẩn Giường Đôi (Standard Double Room),9669
51214382,Phòng Gia Đình Giường Đôi (Family Double Room),9670
59054207,"Phòng Giường Đôi – Nhận Phòng Sau 11:00 Tối, Trả Phòng Đến 12:00 Trưa, Hút Thuốc (Double Room - Check-in After 11:00 PM, Check-out Until 12:00 PM, Smoking)",9671
59054207,Phòng Ngủ 3 Người - Có 3 Giường Đơn (Triple Bedroom - with 3 Single Bed),9672
31432641,Căn hộ (Apartment),9673
22236203,Biệt Thự 2 BR Bể Bơi Riêng (Villa 2 BR Private Pool),9674
22236203,Biệt Thự 3 BR Bể Bơi Riêng (Villa 3 BR Private Pool),9675
22236203,Biệt Thự - 4 Phòng Ngủ (Villa - 4-Bedroom),9676
8620793,Nhà riêng (home ),9677
31734434,Phòng Có Giường Cỡ King (King Room),9678
31734434,Phòng Có Giường Cỡ Queen (Queen Room),9679
31734434,Phòng Tiêu Chuẩn Giường Lớn (Standard King Room),9680
31734434,Lều (Tent),9681
10298907,"City Studio Suite, City View",9682
56709014,Căn Hộ 2 Phòng Ngủ (Two-Bedroom Apartment),9683
56709014,Căn Hộ 3 Phòng Ngủ (Three-Bedroom Apartment),9684
56709014,Căn Hộ 3 Phòng Ngủ Có Ban Công (Three-Bedroom Apartment with Balcony),9685
6748495,Phòng 3 Người Nhìn Ra Thành Phố (Triple Room with City View),9686
6748495,Phòng Có 2 Giường Cỡ King (King Room with Two King Beds),9687
6748495,Phòng Deluxe giường đôi hoặc 2 giường đơn với Bồn tắm Spa (Deluxe Double or Twin Room with Spa Bath),9688
6748495,Giường Trong Phòng Ngủ Tập Thể Cho Cả Nam Và Nữ 6 Giường (Bed in 6-Bed Mixed Dormitory Room),9689
2232508,Phòng Tiêu Chuẩn Giường Đôi (Standard Double Room),9690
2232508,Phòng Đôi Loại Sang (Deluxe Double Room),9691
2232508,Phòng Gia Đình (Family Room),9692
2232508,Phòng 4 Người Nhìn Ra Biển (Quadruple Room with Sea View),9693
51662396,Phòng Đôi (Double Room),9694
51662396,Phòng Hai Giường Đơn Loại Sang (Deluxe Twin Room),9695
51662396,Căn hộ Deluxe (Deluxe Apartment),9696
51662396,Căn Hộ 2 Phòng Ngủ (Two-Bedroom Apartment),9697
6944390,Căn hộ (Apartment),9698
6944390,Căn Hộ 2 Phòng Ngủ (Two-Bedroom Apartment),9699
55641200,Villa Family,9700
64221226,Căn hộ (Apartment),9701
59347393,Căn Hộ 2 Phòng Ngủ (Two-Bedroom Apartment),9702
73993942,Phòng Có Giường Cỡ King Với Ban Công (King Room with Balcony),9703
73993942,HAI GIƯỜNG ĐƠN (Twin),9704
73993942,Giường Trong Phòng Nghỉ Tập Thể 8 Giường Cho Cả Nam Và Nữ (Bed in 8-Bed Mixed Dormitory Room),9705
60995785,Villa riêng (Private Villa),9706
3719934,Biệt Thự Có Hồ Bơi Riêng (Villa with Private Pool),9707
33492231,Phòng Đôi (Double Room),9708
33492231,Phòng Ba Người (Triple Room),9709
33492231,Phòng 4 Người (Quadruple Room),9710
33492231,Studio Tiêu Chuẩn (Standard Studio),9711
60505162,Nhà riêng (home ),9712
5908605,Căn Hộ Nhìn Ra Biển (Apartment with Sea View),9713
10655416,Phòng Đôi (Double Room),9714
10655416,Phòng Ba Người (Triple Room),9715
10655416,Phòng 4 Người (Quadruple Room),9716
255299,Superior - 1 Giường Đôi (Superior - 1 Double Bed),9717
255299,Superior 2 giường (Superior Twin),9718
255299,Phòng Deluxe 1 Giường Đôi (Deluxe Double Room),9719
77346534,Hai Giường Đơn (Giường Đôi Nhỏ) (Twin Room (Semi-double Beds)),9720
22590057,Nhà riêng (home ),9721
33500482,Studio,9722
33500482,Studio,9723
62970462,Căn hộ (Apartment),9724
76786853,Nhà riêng (home ),9725
2601989,Biệt thự 3 phòng ngủ có bể bơi riêng (3-Bedroom Villa with Private Pool),9726
2601989,Biệt Thự 4 Phòng Ngủ Có Hồ Bơi Và Bếp (4 Bedroom Pool Villa with Kitchen),9727
2601989,Biệt Thự Bể Bơi 4 Phòng Ngủ Hướng Biển (4-Bedroom Sea View Pool Villa),9728
2601989,Biệt thự 5 Phòng ngủ (5-Bedroom Villa),9729
2601989,Biệt Thự 4 Phòng Ngủ Hướng Biển (4-Bedroom Sea View Villa),9730
2601989,Biệt Thự Sang Trọng 5 Phòng Ngủ có Bể Bơi Riêng (5-Bedroom Luxury Villa with Private Pool),9731
6382552,Căn Hộ Có Ban Công (Apartment with Balcony),9732
6382552,Căn Hộ Nhìn Ra Biển (Apartment with Sea View),9733
36907133,Phòng Có Giường Cỡ King (King Room),9734
36907133,Phòng Có Giường Cỡ King (King Room),9735
5943606,Phòng Đôi (Double Room),9736
55897506,Căn hộ (Apartment),9737
75822938,Nhà riêng (home ),9738
78731889,Phòng Tiêu Chuẩn Giường Lớn (Standard King Room),9739
78731889,Phòng Đôi Cao Cấp (Superior Double Room),9740
78731889,Studio Gia Đình (Family Studio),9741
63096477,Studio Superior (Superior Studio),9742
63096477,"Studio Deluxe, 1 giường cỡ king (Deluxe Studio, 1 King Bed)",9743
63096477,Superior Studio,9744
63096477,Phòng Studio giường đôi (Studio Double Room),9745
63096477,"Căn Hộ - 2 Người Lớn, 1 Trẻ Em (Apartment - 2 Adults, 1 Child)",9746
63096477,Căn Hộ Một Phòng Ngủ (One-Bedroom Apartment),9747
63096477,APARTMENT Apartment One - Bedroom No View,9748
63096477,APARTMENT Deluxe Apartment One - Bedroom With City View,9749
54313497,Căn Hộ 2 Phòng Ngủ (Two-Bedroom Apartment),9750
54313497,Căn Hộ 2 Phòng Ngủ (Two-Bedroom Apartment),9751
54313497,Căn Hộ 3 Phòng Ngủ (Three-Bedroom Apartment),9752
54313497,Căn Hộ 3 Phòng Ngủ (Three-Bedroom Apartment),9753
58351211,Phòng Đôi Cao Cấp (Superior Double Room),9754
58351211,Phòng Hai Giường Đơn (Twin Room),9755
62516220,Studio Có Ban Công (Studio with Balcony),9756
62516220,Căn Hộ 1 Phòng Ngủ (One-Bedroom Apartment),9757
77036116,Biệt Thự (Villa),9758
58282030,Nhà riêng (home ),9759
67459902,Căn Hộ Studio (Studio Apartment),9760
46582631,Phòng Tiêu Chuẩn có Giường Lớn – Cấm Hút Thuốc (Standard Room with King Bed - Non-Smoking),9761
3121992,Phòng Deluxe 3 người (Triple Deluxe Room),9762
3121992,Phòng Loại Sang Giường Đôi (Deluxe Double Room),9763
76178644,Family Room - 2-Bedroom Garden View with Children-Themed Room,9764
37663254,Biệt Thự 2 BR Bể Bơi Riêng (Villa 2 BR Private Pool),9765
37663254,Biệt Thự 3 BR Bể Bơi Riêng (Villa 3 BR Private Pool),9766
32331552,Deluxe hướng thành phố (Deluxe City View),9767
32331552,Phòng Suite Có Ban Công (Suite Balcony),9768
70213667,Căn Hộ 1 Phòng Ngủ (One-Bedroom Apartment),9769
70213667,Studio Nhìn Ra Biển (Studio with Sea View),9770
53936586,Phòng Đôi (Double Room),9771
53936586,Phòng Gia Đình – 2 Giường Đôi (Family - Double and Double),9772
55811084,Căn Hộ 1 Phòng Ngủ (One-Bedroom Apartment),9773
71448049,Căn Hộ 2 Phòng Ngủ (Two-Bedroom Apartment),9774
11414130,Phòng Tiêu Chuẩn Giường Đôi Lớn (Standard Queen Room),9775
64206107,Căn Hộ 2 Phòng Ngủ (Two-Bedroom Apartment),9776
75329228,Căn hộ (Apartment),9777
7316049,Studio ấm cúng (Cozy Studio),9778
7316049,Căn Hộ Cao Cấp 1 Phòng Ngủ (1-Bedroom Superior Apartment),9779
4930589,Phòng Tiêu Chuẩn Giường Đôi Lớn (Standard Queen Room),9780
4930589,Phòng Giường Đôi Lớn Loại Sang (Deluxe Queen Room),9781
38856055,Biệt Thự 3 Phòng Ngủ Với Hồ Bơi Riêng (Three-Bedroom Villa with Private Pool),9782
38856055,Biệt Thự 4 Phòng Ngủ Có Hồ Bơi Riêng (Four-Bedroom Villa with Private Pool),9783
9109810,Căn Hộ 2 Phòng Ngủ (Two-Bedroom Apartment),9784
7446954,Biệt thự Tiêu chuẩn (Standard Villa),9785
7446954,Biệt Thự 2 BR Bể Bơi Riêng (Villa 2 BR Private Pool),9786
50210227,Căn hộ 2 Phòng ngủ Nhìn ra 1 Góc Đại dương (Two-Bedroom Apartment with Partial Ocean View),9787
50210227,Căn hộ 2 Phòng ngủ Nhìn ra 1 Góc Đại dương (Two-Bedroom Apartment with Partial Ocean View),9788
47947503,Căn hộ sang trọng 2 phòng ngủ (Luxury 2-Bedroom Apartment),9789
47947503,Căn Hộ 2 Phòng Ngủ Nhìn Ra Biển (Two-Bedroom Apartment With Ocean View),9790
30752424,Căn hộ 2 Phòng ngủ có Tầm nhìn (Two-Bedroom Apartment with View),9791
64470327,Căn hộ (Apartment),9792
4466326,Two-Bedroom Apartment (No view),9793
10928861,Nhà riêng (home),9794
9789660,Căn hộ (Apartment),9795
5727513,Căn hộ Studio (Studio Apartment),9796
77570154,Nhà riêng (home),9797
55849651,Căn Hộ 2 Phòng Ngủ (Two-Bedroom Apartment),9798
55849651,Căn Hộ 2 Phòng Ngủ Nhìn Ra Biển (Two-Bedroom Apartment With Ocean View),9799
36764262,Phòng Loại Sang (Deluxe Room),9800
36764262,Deluxe có ban công (Deluxe Balcony),9801
37845361,Phòng Giường Đôi Có Sân Hiên (Double Room with Terrace),9802
37845361,Phòng 4 Người có Sân hiên (Quadruple Room with Terrace),9803
37845361,Phòng Deluxe Có Giường Cỡ King (Deluxe King Room),9804
49410915,Phòng Mái Vòm Cho Gia Đình (Dome Family Room),9805
49410915,Nhà trệt cho 2 người lớn và 1 trẻ em (Bungalow for 2 Adults and 1 Child),9806
49410915,Phòng gia đình (Famille Room),9807
34187919,Cottage Tiêu chuẩn (Standard Cottage),9808
34187919,Phòng Loại Sang (Deluxe),9809
34187919,Bungalow Deluxe (Deluxe Bungalow),9810
77278074,Phòng Giường Đôi Nhìn Ra Hồ Nước (Double Room with Lake View),9811
16067151,Phòng Đơn (New Single Room),9812
16067151,Phòng Đôi (Double Room),9813
64523861,Phòng Đôi (Double Room),9814
64523861,Phòng cổ điển giường đôi hoặc 2 giường (Classic Double or Twin),9815
55948196,Phòng Đôi (Double Room),9816
55948196,Phòng Đôi Loại Sang (Deluxe Double Room),9817
55948196,Phòng 4 Người (Quadruple Room),9818
61395116,Suite Loại Sang Giường Đôi (Deluxe Suite Double),9819
61395116,Deluxe Suite 2 giường (Deluxe Suite Twin),9820
61395116,Phòng Standard giường đôi (Standard Double Room),9821
35486205,Phòng Double giường đôi (Double Double Room),9822
35486205,Phòng Tiêu Chuẩn (Standard),9823
56055601,Nhà 1 Phòng Ngủ (One-Bedroom House),9824
56055601,Nhà 1 Phòng Ngủ (One-Bedroom House),9825
71447676,Phòng Loại Sang (Deluxe Room),9826
71447676,Phòng Deluxe Giường Đôi/2 Giường Đơn Nhìn Ra Vườn (Deluxe Double or Twin Room with Garden View),9827
8828968,Phòng giường đôi (double rooms),9828
8828968,Phòng Hai Giường Đơn Có Vòi Sen (Twin Room with Shower),9829
30970975,Nhà gỗ (Chalet),9830
30970975,Phòng Gia Đình Nhìn Ra Hồ (Family Room with Lake View),9831
32352480,"Bungalow - 2 Người Lớn, 2 Trẻ Em (Bungalow - 2 Adults, 2 Children)",9832
32352480,Nhà Nghỉ Dưỡng (Vacation Home),9833
60235849,Phòng Đôi (Double Room),9834
60235849,Phòng Cao Cấp Cho Hai Người (Superior Double Room),9835
60235849,Phòng Ba Người (Triple Room),9836
37283697,Phòng Đôi (Double Room),9837
37283697,Phòng Đôi Loại Sang (Deluxe Double Room),9838
6508826,Nhà riêng (home),9839
33469400,Căn hộ (Apartment),9840
64293510,Căn Hộ 1 Phòng Ngủ (Homestay),9841
75980221,Căn Hộ Studio (Studio Apartment),9842
71446798,Nhà 1 Phòng Ngủ (One-Bedroom House),9843
79825726,Nhà Trệt Khu Vườn (Garden Bungalow),9844
79825726,Suite Nhìn Ra Vườn (Garden Suite),9845
64064247,Lều (Tent),9846
4656903,Superior 1 người (Superior Single),9847
4656903,Deluxe giường đơn Có ban công (Deluxe Single Balcony),9848
45903330,Phòng Đôi (Double Room),9849
45903330,Phòng Hai Giường Đơn (Twin Room),9850
45903330,Phòng Ba Người (Triple Room),9851
69125357,Phòng Tiêu Chuẩn (Standard Room),9852
69125357,Bungalow Deluxe (Deluxe Bungalow),9853
39634025,Phòng Tiêu Chuẩn Giường Đôi Với Phòng Tắm Chung (Standard Double Room with Shared Bathroom),9854
60678075,Phòng Giường Đôi Nhỏ (Small Double Room),9855
60678075,Phòng Tiêu Chuẩn 4 Người (Standard Quadruple Room),9856
61341933,Comfort Double Room,9857
13577982,Phòng Deluxe Giường Đôi Nhìn Ra Hồ Nước (Deluxe Double Room with Lake View),9858
13577982,Deluxe có ban công (Deluxe Balcony),9859
76893193,Cao cấp - 1 Giường Lớn Rộng (Superior - 1 Wide King Bed),9860
76893193,Bunk Bed Room - Non-Smoking,9861
28915511,(Mùa Thu PKG) Phòng Tiêu Chuẩn 2 Giường ((Autumn PKG) Standard Twin),9862
28915511,Phòng Tiêu chuẩn 1 giường King (Standard 1 King),9863
28915511,Phòng Deluxe A cho 2 người (Deluxe Double Room A),9864
6760504,Phòng Đôi (Double Room),9865
6760504,Phòng Có 2 Giường Cỡ King (King Room with Two King Beds),9866
46299356,Bungalow Gia Đình (Family Bungalow),9867
16332700,Phòng Đôi (Double Room),9868
16332700,Phòng 4 Người (Quadruple Room),9869
16332700,Phòng Đơn (Single Room),9870
7487954,Phòng cho 3 người có Ban Công (Triple Room with Balcony),9871
7487954,Phòng Deluxe 3 người (Deluxe Triple Room),9872
64522614,Phòng Đôi (Double Room),9873
64522614,Phòng Loại Sang Giường Đôi (Deluxe Double Room),9874
64522614,Phòng 4 người (Quadruple Room),9875
44654029,Nhà 4 Phòng Ngủ (Four-Bedroom House),9876
44654029,Nhà riêng (home),9877
13507780,Deluxe Double Room,9878
60709408,Nhà riêng (home),9879
68784005,Lều (Tent),9880
60570051,Căn hộ (Apartment),9881
47861336,Phòng Đôi (Double Room),9882
61453578,Phòng Đôi (Double Room),9883
72816260,Phòng Giường Đôi Nhìn Ra Hồ Nước (Double Room with Lake View),9884
71719283,"Panoramic Double Room, Lake View",9885
78205317,Phòng Có Giường Cỡ King Nhìn Ra Vườn (King Room with Garden View),9886
78205317,Phòng ngủ Tập thể 8 Giường cho cả Nam và Nữ (8-Bed Mixed Dormitory Room),9887
78340350,Phòng Thiết kế Đôi (Design Double Room),9888
44690473,Lều (Tent),9889
51347147,Căn hộ (Apartment),9890
61453571,Bungalow 1 Phòng Ngủ (One-Bedroom Bungalow),9891
63183979,Chalet,9892
60561343,Căn hộ (Apartment),9893
47819417,Căn hộ (Apartment),9894
50629513,Căn hộ (Apartment),9895
51248787,Căn hộ (Apartment),9896
60709417,Nhà nghỉ mát 4 Phòng ngủ (Four-Bedroom Holiday Home),9897
79325917,Nông trại (Farmhouse),9898
64715528,Nhà nghỉ (Guesthouse),9899
59286905,Nhà trệt (Bungalow),9900
60485332,Căn hộ (Apartment),9901
287616,Phòng Đôi Cao Cấp (Superior Double Room),9902
287616,Phòng Superior 2 giường đơn (Superior Twin Room),9903
298371,Superior Double with Balcony,9904
298371,Superior Twin With Balcony (Superior Twin with Balcony),9905
299449,Phòng Tiêu Chuẩn Không Có Cửa Sổ (Standard Room without Window),9906
299449,Hai Giường Đơn Cao Cấp Cấm Hút Thuốc (Twin Superior Non-Smoking),9907
393956,Phòng Đôi (Double Room),9908
393956,Phòng Cao Cấp Cho Hai Người (Superior Double Room),9909
625091,Phòng Đôi Loại Sang (Deluxe Double Room),9910
625091,Phòng Cơ Bản 3 Người (Basic Triple Room),9911
724074,Phòng Superior (Superior Room),9912
724074,Phòng Đôi Cấm Hút Thuốc (Double Room Non Smoking),9913
810267,Phòng Đôi (Double Room),9914
810267,Phòng Hai Giường Đơn (Twin Room),9915
1120476,Deluxe giường đôi (Deluxe Double),9916
1120476,Phòng Deluxe 2 Giường đơn (Deluxe Twin),9917
1159818,Phòng Hai Người Tiêu Chuẩn Khu A không có Ban Công (A Zone Standard Double Room without Balcony),9918
1159818,Phòng Ba Người Gia Đình (Family Triple Room),9919
1160655,Phòng Deluxe 2 Giường đơn (Deluxe Twin),9920
1160655,Deluxe giường đôi (Deluxe Double),9921
1178512,Phòng Đôi Cấm Hút Thuốc (Double Room Non Smoking),9922
1178512,Phòng Hai Giường Đơn cho 2 Người (Twin Room for 2 People),9923
1622072,Deluxe Twin - 2 Giường Đơn (Deluxe Twin - 2 Single Beds),9924
1622072,Deluxe giường King (Deluxe King),9925
1622072,Executive Suite,9926
2550938,Phòng Tiêu Chuẩn (Standard),9927
2550938,Phòng Ba Người (Triple Room),9928
2736984,Phòng Deluxe Giường Đôi/2 Giường Đơn Nhìn Ra Vườn (Deluxe Double or Twin Room with Garden View),9929
2736984,Cottage Nhìn Ra Vườn (Cottage with Garden View),9930
5161316,Phòng Tiêu chuẩn 2 Giường Đơn (Standard Twin),9931
5161316,Superior 2 giường (Superior Twin),9932
9357768,Phòng Đôi (Double Room),9933
9357768,Phòng 4 Người (Quadruple Room),9934
9401533,Phòng Giường Đôi Nhìn Ra Hồ Nước (Double Room with Lake View),9935
9401533,Phòng Deluxe hướng Hồ (Deluxe Lake View),9936
9401533,Phòng Giường Đôi Nhìn Ra Hồ Nước (Double Room with Lake View),9937
9754877,Bungalow Cao cấp (Superior Bungalow),9938
9754877,Bungalow Nhìn ra vườn (Bungalow with Garden View),9939
10776614,Phòng Đôi (Double Room),9940
10776614,Chalet 1 Phòng Ngủ (One-Bedroom Chalet),9941
12782164,Nhà trệt (Bungalow),9942
13429241,Phòng có Giường Đôi (1 double),9943
13429241,2 Single Beds (2 single Beds),9944
14695806,Phòng Superior Giường Đôi/2 Giường Đơn (Superior Double or Twin Room),9945
14695806,Junior Deluxe,9946
15919314,Nhà riêng (home),9947
22231631,Phòng Tiêu Chuẩn Giường Đôi (Standard Double Room),9948
22231631,Phòng Đôi (Double Room),9949
28232285,"Standard Double Room, 1 Bedroom, River View (1 Double Bed and 1 Twin Bed)",9950
29531114,Superior - Hướng vườn (Superior - Garden View),9951
29531114,Phòng Deluxe vườn (Garden Deluxe Room),9952
29531114,Phòng Thương Hiệu Loại Sang (Deluxe Signature Room),9953
29531114,"Phòng Loại Sang Gia Đình Hướng Vườn – Cấm Hút Thuốc, Không Đảm Bảo Vào Công Viên Giải Trí (Garden Deluxe Family Room - Non-Smoking, No Theme Park Entry Guarantee)",9954
32197928,Phòng Đôi Cao Cấp cho 2 Người (Superior Double Room for 2 People),9955
32197928,Phòng Đôi Loại Sang Cho 2 Người – Cấm Hút Thuốc (Deluxe Double Room for 2 People - Non-Smoking),9956
32197928,Superior 3 người (Superior Triple),9957
32197928,Phòng Deluxe 3 người (Deluxe Triple Room),9958
32197928,Phòng Superior gia đình (Family Superior),9959
32197928,Deluxe gia đình (Family Deluxe),9960
32355557,Phòng Superior 1 giường đôi (Superior) (Superior Room with 1 Double Bed),9961
32355557,Phòng Superior có 2 giường đơn (Superior Room With 2 Single Beds),9962
32991276,Phòng Loại Sang Hướng Vườn Hoặc Bể Bơi (Deluxe Garden or Pool View Room),9963
32991276,Bungalow Nhìn Ra Hồ (Bungalow with Lake View),9964
33593281,Phòng Đôi Cao Cấp (Superior Double Room),9965
33593281,Phòng Superior 2 giường đơn (Superior Twin Room),9966
35866068,Bungalow Cao cấp (Superior Bungalow),9967
35899523,"Phòng đôi, Quang cảnh vườn (Double Room, Garden View)",9968
35899523,Phòng Deluxe Gia đình (Deluxe Family Room),9969
37355681,Phòng Tiêu Chuẩn (Standard Room),9970
37355681,VIP,9971
37355681,Phòng Giường Đôi Nhìn Ra Vườn (Double Room with Garden View),9972
37355681,Suite Gia Đình (Familier Suite),9973
37355681,Phòng Giường Đôi Nhìn Ra Vườn (Double Room with Garden View),9974
37391790,Căn hộ (Apartment),9975
37648014,Phòng Deluxe Nhìn ra Khu vườn (Deluxe Garden View),9976
37648014,Phòng Gia Đình Hướng Vườn Sinh Thái (Eco Garden View Family Room),9977
38107966,Căn hộ (Apartment),9978
38109880,Căn hộ (Apartment),9979
38597294,Căn hộ (Apartment),9980
40356842,Bungalow Nhìn ra vườn (Bungalow with Garden View),9981
41163611,Phòng 2 Giường Đơn Với Phòng Tắm Riêng (Twin Room with Private Bathroom),9982
41163611,Phòng Giường Đôi Có Phòng Tắm Riêng (Double Room with Private Bathroom),9983
41163611,Suite Tiêu Chuẩn Giường Đôi (Standard Double Suite),9984
42018029,Căn hộ (Apartment),9985
43169421,Phòng Có Giường Cỡ King (King Room),9986
43169421,Phòng Đôi (Double Room),9987
45032802,Back Garden Deluxe Room,9988
45032802,Phòng Đơn Loại Sang (Deluxe Single Room),9989
45142363,Căn Hộ 1 Phòng Ngủ (One-Bedroom Apartment),9990
46617758,Phòng Giường Đôi Nhìn Ra Vườn (Double Room with Garden View),9991
46617758,Phòng Giường Đôi Có Ban Công (Double Room with Balcony),9992
46815516,Phòng Superior 2 giường đơn (Superior Room Twin),9993
46815516,Phòng Superior giường đôi - Không hút thuốc (Superior Double Room - Non-Smoking),9994
47564699,Nhà riêng (home),9995
49699457,Bungalow Gia Đình (Family Bungalow),9996
49699457,Phòng Có 2 Giường Cỡ Queen (Queen Room with Two Queen Beds),9997
51975308,Phòng Tiêu Chuẩn (Standard Room),9998
55811320,Giường Trong Phòng Ngủ Tập Thể Cho Cả Nam Và Nữ 6 Giường (Bed in 6-Bed Mixed Dormitory Room),9999
55963132,Phòng Đôi (Double Room),10000
56231168,Nhà riêng (home),10001
56231226,Căn hộ (Apartment),10002
56383484,Phòng Superior Có Giường Cỡ King (Superior King Room),10003
59351250,Biệt Thự 3 Phòng Ngủ (Three-Bedroom Villa),10004
60747804,Căn Hộ 2 Phòng Ngủ Có Ban Công (Two-Bedroom Apartment with Balcony),10005
60766710,Nhà trệt (Bungalow),10006
60812230,Bungalow Tiêu Chuẩn (Standard Bungalow),10007
60812230,Phòng Tiêu Chuẩn (Standard),10008
60812230,Bungalow Cao cấp (Superior Bungalow),10009
60812230,Phòng Superior (Superior),10010
60812230,Bungalow Deluxe (Deluxe Bungalow),10011
60812230,Phòng Deluxe (Deluxe Room Non View),10012
61278973,Phòng 4 Người (Quadruple Room),10013
61615461,Phòng Hai Giường Đơn Cao Cấp Hướng Thành Phố (Superior Twin Room with City View),10014
61615461,Phòng Superior Giường Đôi Nhìn Ra Thành Phố (Superior Double Room with City View),10015
63294831,Căn hộ (Apartment),10016
64899794,Phòng Đôi (Double Room),10017
64899794,Phòng Loại Sang Giường Đôi (Deluxe Double Room),10018
66747312,Căn Hộ 2 Phòng Ngủ (Two-Bedroom Apartment),10019
67097550,2 Giường Đơn Tiêu Chuẩn (2 Twin Beds Standard),10020
67097550,Giường đôi - 2 người (Double - 2 People),10021
67097550,Giường đôi Basic (Double Basic),10022
67097550,Nhà Sàn Tập Thể Nam Nữ Có Ban Công (Stilt House Dormitory with Balcony - Mixed Gender),10023
67097550,Phòng Gia Đình - 4 (Family Room - 4),10024
67097550,Deluxe - 2 Giường Đơn (Deluxe - Twin),10025
67097550,VIP 2,10026
67097550,PHÒNG VIP 1 (VIP 1),10027
67097550,Villa 1 phòng ngủ (Villa 1 Bedroom),10028
67097550,Villa 2 Bedroom Lower,10029
67395497,Phòng Đôi (Double Room),10030
67395497,Phòng Đôi Cao Cấp (Superior Double Room),10031
67395497,Phòng Gia Đình (Family Room),10032
67395497,Phòng Hai Giường Đơn Loại Sang (Deluxe Twin Room),10033
67395497,Phòng Có Giường Cỡ King (King Room),10034
67395497,Phòng Có Giường Cỡ King Nhìn Ra Hồ Bơi (King Room with Pool View),10035
69988509,"Nhận Phòng Muộn - Nhận Phòng 7:00 Tối, Trả Phòng 12:00 Trưa (Late Check-In - Check-In 7PM, Check-Out 12PM)",10036
69988509,Phòng Tiêu Chuẩn (Standard Room),10037
70922994,Superior giường King Hướng phố (Superior King City View),10038
70922994,Phòng Lớn Loại Sang Hướng Sông Giường Lớn (Grand Deluxe King River View),10039
70922994,Phòng Deluxe giường King Hướng sông (Deluxe King River View),10040
70922994,Suite Executive (Executive Suite),10041
70922994,Căn Hộ 1 Phòng Ngủ Hướng Sông (One Bedroom Apartment River View),10042
71170895,Deluxe giường đôi (Deluxe Double),10043
71170895,Deluxe 3 người (Triple Deluxe),10044
73610815,Nhà riêng (home),10045
74228293,Hai Phòng Ngủ (Two Bedroom),10046
76933401,Phòng Tiêu chuẩn giường đôi (Double Room Standard),10047
76933401,Phòng Tiêu Chuẩn Giường Đôi Có Quạt Máy (Standard Double Room with Fan),10048
76933401,Garden View Classic Room with Balcony,10049
76933401,Phòng Giường Đôi Nhìn Ra Vườn (Double Room with Garden View),10050
78200408,Phòng Superior Có Ban Công (Superior Balcony),10051
78200408,Twin Standard,10052
78326351,"Basic Single Room, City View (1 Twin Bed)",10053
78341954,"Phòng Loại Sang Giường Đôi Hướng Bể Bơi (Deluxe Double Room, Pool View)",10054
78347143,"Comfort Double Room Single Use, 1 Large Twin Bed, Garden View, Lakeside",10055
78347143,"Comfort Double Room Single Use, 1 Large Twin Bed, Garden View, Lakeside",10056
79827089,Phòng Tiêu Chuẩn Giường Đôi (Standard Double Room),10057
79827089,Phòng Giường Đôi Có Ban Công (Double Room with Balcony),10058
79827089,Phòng Deluxe Đôi Với 2 Giường Đôi (Deluxe Double Room with Two Double Beds),10059
80540139,Nhà riêng (home),10060
80540140,Nhà riêng (home),10061
80986701,Phòng Tiêu Chuẩn (Standard Room),10062
80986701,Deluxe - 1 Bedroom Apartment Magnificent views,10063
80986701,Deluxe giường đôi hoặc 2 giường (Deluxe Double or Twin),10064
81051270,Phòng Gia Đình (Family Room),10065
81051270,Phòng Đôi (Double Room),10066
