hotel_id,hotel_name,region,address,district
71897952,Nha Nghi Nhung - Nhung Motel,Bà Rịa,73 Đoàn Thị Điểm,Bà Rịa
49685029,Nhà nghỉ Ruby Bà Rịa (Ruby Motel Bà Rịa),Bà Rịa,KDC Baria City Gate,Long Huong Ward
65481766,Baly Hotel Bà Rịa City (Baly Hotel Ba Ria City),Bà Rịa,QL51,Bà Rịa
5808626,Citadines Central Bình Dương (Citadines Central Binh Duong),Bình Dương,Số 328C,Đại lộ B nh Dương
10613675,KHÁCH SẠN DIAMOND (DIAMOND HOTEL),Bình Dương,153 Hoang Van Thu Street,Thủ Dầu Một
78191120,Khách sạn FELIZ – Executive Stay (FELIZ Hotel – Executive Stay),Bình Dương,80 Đ. D8,Chánh Nghĩa
67742118,Khách sạn Khang Điền (Khang Đien Hotel),Bình Dương,An Dương Vương,Hòa Phú
37848723,Khách sạn Hoa Cúc Phương (Hoa Cúc Phương Hotel),Bình Dương,Housing Area 19-8 Hoa Cuc Phuong - 72C,Hoa Cúc Phương - 72C
39821588,HIIVE by fusion Bình Dương - VSIP 1 (HIIVE by fusion Binh Duong - VSIP 1),Bình Dương,10B,đại lộ Hữu Nghị
64540148,Khách sạn TC Thành phố Mới Bình Dương (TC Hotel Binh Duong New City),Bình Dương,Số 68 đường L Duẩn,Phường B nh Dương
479494,The Mira Hotel,Bình Dương,555B,Đại lộ Bình Dương
39830693,Căn hộ The Emerald Golf View (The Emerald Golf View Apartment),Bình Dương,68 Đại lộ Bình Dương,Lái Thiêu
5396372,The Mira Boutique Hotel,Bình Dương,318A Binh Duong Boulevard,Thủ Dầu Một
25559635,Fairfield by Marriott Nam Bình Dương (Fairfield by Marriott South Binh Duong),Bình Dương,No. 5 Huu Nghi Avenue,Vietnam - Singapore Industrial Park (VSIP)
80191425,Nhà nghỉ cao cấp NP (Np Luxury Motel),Bình Dương,Đường Thuận Giao 16,Thuận Giao
1202485,Khách sạn Becamex New City (Becamex Hotel New City),Bình Dương,số B2,Đường H ng Vương
66152104,Khách sạn An Lộc (An Lộc Hotel),Bình Dương,40 Đường D3,Hiệp Th nh
51816388,HIIVE by fusion Thành phố Mới Bình Dương - VSIP 2 (HIIVE by fusion Binh Duong New City - VSIP 2),Bình Dương,32A7,đường Tạo Lực 5
67419926,Căn hộ dịch vụ ORA - Thành phố mới Bình Dương (ORA Serviced Apartments - Binh Duong New City),Bình Dương,20 đường DA7,khu Phố 2
561997,Khách Sạn Long Bảo Châu (Long Bao Chau Hotel),Bình Dương,Số 9,Đường D10
61697133,Happy One Central,Bình Dương,38A,113
7520557,Nữ Hoàng (Elizabeth),Bình Dương,17/41 Trần Văn Ơn,Thủ Dầu Một
38746777,Amanda Boutique - Căn hộ dịch vụ & Khách sạn Bình Dương (Amanda Boutique - Serviced Apartment & Hotel Binh Duong),Bình Dương,38 Duong D4,KDC Chanh Nghia
527777,Becamex Hotel Thu Dau Mot,Bình Dương,Becamex Hotel,số 230 Đại Lộ B nh Dương
22807385,Hồ Tây Hotel (Ho Tay Hotel),Bình Dương,132 Đường Hoàng Văn Thụ,Thủ Dầu Một
27753977,Khách sạn Khải Hoàn (Khai Hoan Hotel),Bình Dương,ĐƯỜNG TC1 KHU ĐÔ THỊ MỸ PHƯỚC 2 THỊ XÃ BẾN CÁT TỈNH BÌNH DƯƠNG,Bến Cát
41243100,Khách sạn Hoàng Minh Châu Mỹ Phước 3 (Hotel Hoang Minh Chau My Phuoc 3),Bình Dương,No. 39,NE8 Street
6592834,Spring Hotel,Bình Dương,23D,N2 street
45902478,Khách sạn Dạ Lan (Khach san Da Lan),Bình Dương,Số 46,Khu dân chư 19/8
2513138,Hung Phuoc Hotel,Bình Dương,43-44-45 D1 Street,Industrial Zone My Phuoc 1 Ben Cat
47144675,Nhà nghỉ VENUS 6 (Nhà Nghỉ VENUS 6(VENUS 6 Hotel)),Bình Dương,No. 116,Tran Phu Road
48051693,Thủy Quỳnh hotel (Thuy Quynh hotel),Bình Dương,Đường tỉnh 744,Bến Cát
78472374,Khách sạn Summer (SUMMER HOTEL),Bình Dương,96a Lê Hồng Phong,Tân Đông Hiệp
32790491,Căn hộ cao cấp Bcons Garden (Bcons Garden Luxury Apartment),Bình Dương,25A Phạm Hữu Lầu,Dĩ An Bcons Garden
21585838,Khách sạn Hoàng Hùng (Hoang Hung Hotel),Bình Dương,7/79 Number 10 Street,Di An administrative center
44688885,Nhà Nghỉ Tuyết Minh (Nha Nghi Tuyet Minh),Bình Dương,8 NA3,Bến Cát
41771557,Mia Hotel (Feliz Hotel Binh Duong),Bình Dương,80 Đường D8,Thủ Dầu Một
67746367,Khách sạn Khang Điền 2,Bình Dương,445 Đ. Nguyễn Văn Trỗi,Thủ Dầu Một
30507403,Vạn Huệ Homestay Bình Dương (Van Hue Homestay Binh Duong),Bình Dương,5/12C Đường Bùi Hữu Nghĩa,Khu Phố Bình Đức 2
72814400,Khách sạn LyLy 3 (Khach san LyLy 3),Bình Dương,58 Đ. NA1,Thuận An
78189963,Khách sạn Thọ Lập 3 Feliz (Thọ Lập 3 Feliz 寿立商旅酒店),Bình Dương,Đường D32,KDC Việt Sing
55477674,Khách sạn Minh Thư (Minh Thư Hotel),Bình Dương,Đ. DA 7,Làng chuyên gia Oasis
5780603,Khách sạn Trần Long Bình Dương (TRAN LONG BINH DUONG),Bình Dương,06-07,UNITOWN
25134310,Anhkhoa hotel Mỹ Phước (Anhkhoa hotel My Phuoc),Bình Dương,KP3 Đường DA01-01-KCN Mỹ Phước,phường Mỹ Phước
517570,Kim Bang Binh Duong Hotel,Bình Dương,22 Đường Trần Phú,Phường Chánh Nghĩa
51973678,Khách sạn CitiGo (CitiGo HOTEL),Bình Dương,Số 9,Đường số 13
36627918,Khách sạn Băng Boutique (BĂNG BOUTIQUE HOTEL),Bình Dương,No. 29,Tran Phu Street
45049879,Khách sạn Thanh Tùng A2 (Hotel Thanh Tùng A2),Bình Dương,176 GS3,Đông Hoà Hotel Thanh Tùng
42822207,Happy 2 Hotel Bình Dương (Happy 2 Hotel Binh Duong),Bình Dương,79 Đường NK9,Khu DC Ấp 2
62514499,Khách sạn Thanh Hằng (Thanh Hang Hotel),Bình Dương,N6 5A,TT. Lai Uyên
60535333,Khách sạn Phi Long 2 Thủ Dầu Một (Phi Long 2 Hotel Thu Dau Mot ),Bình Dương,No. 15/12,Alley 31
4210278,Hoang Phuc Hotel,Bình Dương,Vo Van Kiet,Hòa Phú
74448281,KHÁCH SẠN MlLAN (KHACH SAN MlLAN),Bình Dương,Dĩ An,Dĩ An
75561452,"Căn hộ 45 m² 1 phòng ngủ, 1 phòng tắm riêng ở Bến Cát (Dori House Honas)",Bình Dương,Số 32–34,đường Bình Thung
47676608,Khách sạn Lucky Life (Lucky life hotel ),Bình Dương,D5A,kp4
66736330,Khách sạn Phương Anh (Phương Anh Hotel),Bình Dương,ĐT743,Dĩ An
37968433,Khách sạn Thịnh Gia (Thịnh Gia Hotel),Bình Dương,Lo o95-96A,duong NF1
37718196,Khách sạn Marina Bình Dương (Marina Hotel Bình Dương),Bình Dương,150 Nguyễn Hữu Cảnh,phường Phú Thọ
61415768,Khách Sạn Đức Toàn (Khach San Đuc Toan),Bình Dương,2/B2 Bình Hoà 24,Khu Dân Cư Đồng An
65492084,Khách sạn Căn hộ dịch vụ Ruby Thủ Dầu Một,Bình Dương,137 Đường D,KDC Ch nh Nghĩa
50419039,Căn hộ cao cấp The Emerald Golf View (The Emerald Golf View Luxury Apartment),Bình Dương,No. 68 Binh Duong Avenue,Thuan An
1590651,Bideco Hotel,Bình Dương,131 Tran Phu,Chanh Nghia Ward
21724717,Nữ Hoàng (Elizabeth),Bình Dương,17/41 Trần Văn Ơn,Thủ Dầu Một
773934,khách sạn Âu Lạc (Au Lac Hotel),Bình Dương,Đường DA 1-2,Mỹ Phước 2
666001,Nhà hàng khách sạn Phạm Vân Sakura (Japanese Restaurant and Hotel Sakura),Bình Dương,53/1A Đại lộ Bình Dương,Phường Thuận Giao
55771087,Khách sạn Minh Phương Thủ Dầu Một (Minh Phương - Khách sạn Thủ Dầu Một Bình Dương),Bình Dương,24 Đường D4,Khu phố 3
76607961,Khách sạn và Căn hộ Hoàng Dũng by THC Group (Hoang Dung Hotel and Apartment by THC Group),Bình Dương,1a Đường Bình Hòa 24,Khu Phố
34174204,Ruby Hotel - Tân Uyên - Bình Dương (Ruby Hotel - Tan Uyen - Binh Duong),Bình Dương,Đường số 1,Khu phố 1
263318,Thien Ha Hotel,Bình Dương,Số 58 Đường D9,KDC Chanh Nghĩa
666016,Hoang Yen Hotel Thu Dau Mot,Bình Dương,12/66 Nguyễn Chí Thanh,Ấp 6
69330436,"Căn hộ 50 m² 1 phòng ngủ, 1 phòng tắm riêng ở Dĩ An (Luxurry Apartment Charm City)",Bình Dương,115 DT743B,KP Thống Nhất 1
78220176,Khách sạn Tân Quý Đô (Tân Quý Đô Hotel),Bình Dương,556 L Th i Tổ,Ho Ph
55272061,Nhà nghỉ nam phương (Nha nghi nam phuong),Bình Dương,Phú Thọ,Thủ Dầu Một
79995184,HongHome Compass One (HongHome Compass One ),Bình Dương,Compass One Building,239 Hoang Van Thu
38783514,Khách sạn Khánh Bình (KHÁCH SẠN KHÁNH BÌNH),Bình Dương,Đường tỉnh 741,Hòa Phú
24251710,Khách sạn Sao Băng (Sao Bang Hotel),Bình Dương,62 Đường D8,Chánh Nghĩa
64962558,Khách sạn Hoàng Gia (Hoang Gia Hotel),Bình Dương,16 TC1,Thới Hoà
984374,Cuc Phuong Hotel,Bình Dương,Số 28 đường GS2,Khu TTTM DV Quảng Trường Xanh
76068359,hotel Hương Thiên Phú (hotel Huong Thien Phu),Bình Dương,Hotel Hương Thiên Phú,Dĩ An
64277532,Khách sạn Bảo Trân 2 (Khach san Bao Tran 2),Bình Dương,D19,Thuận An
77725743,Nhà Nghỉ Hoa Đào (Nhà Nghỉ Hoa Đào ),Bình Dương,61/7 Đường D1,Khu d n cư vietsing
74337724,Charm Apartment,Bình Dương,Dĩ An,Bình Dương
68398360,"Chung cư Midori Park The Glory ưu đãi giá theo tuần , tháng (Chung cu Midori Park The Glory uu đai gia theo tuan , thang)",Bình Dương,4 Đường Hùng Vương,Hòa Phú
12274398,S79 Residences,Bình Dương,khu dan cu Chanh Nghia,Thu Dau Mot
35427007,Nhà nghỉ Thảo Ngân (Nhà Nghỉ Thảo Ngân ),Bình Dương,79 Đ. Lào Cai,Thủ Dầu Một
65453377,Khách sạn Hoàng Triều (皇朝商务会所) (KHÁCH SẠN HOÀNG TRIỀU(皇朝商务会所)Tp.Mới-Bình Dương),Bình Dương,304 Đồng Khởi,Phú Mỹ
59318539,Khách sạn Hưng Phát (Hotel Hưng Phát),Bình Dương,Binh Hoa 1 Neighborhood,Tan Phuoc Khanh
45418566,hotel mỹ việt (hotel my viet),Bình Dương,36 Nguyễn An Ninh,Dĩ An
2496850,Lavender Hotel,Bình Dương,Lot A3,D5 Street
42295839,Happy 1 Hotel Binh Duong,Bình Dương,Đường NA2,Bến Cát
75848060,Hoàng Nam 2 Hotel Bình Dương (Hoang Nam 2 Hotel Binh Duong),Bình Dương,42/2 Đường Bình Chuẩn 66,Bình Chuẩn
79077760,Hoàng Lâm Hotel (Hoang Lam Hotel),Bình Dương,14E,Đường Lê Hoàn
78328191,Ruby Home,Bình Dương,137 Duong D,KDC Chanh Nghia
75619509,The Emerald Golf View,Bình Dương,Thuận An,Bình Dương
54619271,Nhà Nghỉ Hương Giang (Nha Nghi Huong Giang),Bình Dương,289 Đường Trương Định,p Hiệp Thành
71661182,"Căn hộ 70 m² 2 phòng ngủ, 2 phòng tắm riêng ở Hòa Phú (Midori Park The Glory apartment (19th Floor))",Bình Dương,Hòa Phú,Bình Dương
69127176,Maison Mia Hotel & Apartment,Bình Dương,Maison Mia Hotel & Apartment Tòa nhà Maison Mia,Hòa Phú
42180899,Khách Sạn Khánh Bình - Bình Dương (Khach San Khanh Binh - Binh Duong),Bình Dương,Đường Khánh Bình 28,khu phố Bình Khánh
39830558,"Căn hộ 80 m² 3 phòng ngủ, 2 phòng tắm riêng ở Dĩ An (Charm House2 - Floor29)",Bình Dương,Dĩ An,Bình Dương
76381694,"Căn hộ m² 1 phòng ngủ, 1 phòng tắm riêng ở Thuận An (Emerald golf view appartment )",Bình Dương,Thuận An,Bình Dương
47272876,"Nhà riêng 100 m² 2 phòng ngủ, 3 phòng tắm riêng ở Bến Cát (Căn hộ dịch vụ Minh Yến)",Bình Dương,Bến Cát,Bình Dương
79228704,New Lavida,Bình Dương,New Lavida,Số 979 đường ĐT743A
42072846,Khách sạn Marina Bình Dương (MarinaHotelBinhDuong),Bình Dương,150 Nguyen Huu Canh,2 Town
1423429,Khách sạn New (New Hotel),Bình Dương,86 Trần Bình Trọng,TP. Thủ Dầu Một
37329771,"Căn hộ 70 m² 2 phòng ngủ, 2 phòng tắm riêng ở Dĩ An (BIG PROMO Luxyry 2 bedroom Charm City Appartment)",Bình Dương,Dĩ An,Bình Dương
79134594,Khách sạn Bcons City (Bcons City Hotel),Bình Dương,Đ. Thống Nhất,Dĩ An
65482029,Khách sạn Phương Đông 2 (Khach san Phuong Đong 2),Bình Dương,195 An Phú 10,Thuận An
78120100,Công Ty TNHH SẢN XUẤT & THƯƠNG MẠI PHÚC ĐẠT (Cong Ty TNHH SAN XUAT & THUONG MAI PHUC ĐAT),Bình Dương,Khách Sạn Phúc Đạt 3 tầng,Hòa Phú
9846724,"Chung cư 32 m² 1 phòng ngủ, 1 phòng tắm riêng ở Thuận An (MODERN 1BR APT IN VIET-SING TOWN)",Bình Dương,Thuận An,Bình Dương
45094383,"Căn hộ 80 m² 2 phòng ngủ, 2 phòng tắm riêng ở Thủ Dầu Một (Căn hộ 2 ngủ View Sài Gòn)",Bình Dương,Thủ Dầu Một,Bình Dương
78120912,Công Ty TNHH SẢN XUẤT & THƯƠNG MẠI PHÚC ĐẠT (Cong Ty TNHH SAN XUAT & THUONG MAI PHUC ĐAT),Bình Dương,Khách Sạn Phúc Đạt 3 tầng,Hòa Phú
55769765,"Căn hộ 100 m² 1 phòng ngủ, 1 phòng tắm riêng ở Thuận An (English, Vietnam, Chinese )",Bình Dương,Dĩ An,Bình Dương
47373560,"Nhà riêng 100 m² 2 phòng ngủ, 2 phòng tắm riêng ở Bến Cát (Căn hộ Minh Yến- Căn 2 phòng ngủ.)",Bình Dương,Bến Cát,Bình Dương
64045412,ELLMAN Boutique Hotel,Bình Dương,WPVC+9VW,Thuận An
63143382,"Căn hộ 22 m² 1 phòng ngủ, 1 phòng tắm riêng ở Thuận An (Nhà Nghỉ Bảo Trân)",Bình Dương,Thuận An,Bình Dương
64246545,"Căn hộ 49 m² 1 phòng ngủ, 1 phòng tắm riêng ở Dĩ An (Happy House Apartment in Charm City, Di An, BD)",Bình Dương,Dĩ An,Bình Dương
66727643,Chung cư sunrise Becamex (Chung cu sunrise Becamex),Bình Dương,Thủ Dầu Một,Bình Dương
63143718,"Căn hộ 22 m² 1 phòng ngủ, 1 phòng tắm riêng ở Thuận An (Nhà nghỉ Bảo Trân )",Bình Dương,Thuận An,Bình Dương
78671366,Hotel Gia Bình (Hotel Gia Binh),Bình Dương,Đường Hùng Vương,Bến Cát
34732752,"Căn hộ 55 m² 2 phòng ngủ, 1 phòng tắm riêng ở Thuận An (Căn Hộ Cao Cấp 2 PN Tại Dĩ An (Q1, Sân Bay, 15KM))",Bình Dương,Thuận An,Bình Dương
63143738,"Căn hộ 22 m² 1 phòng ngủ, 1 phòng tắm riêng ở Thuận An (Nhà nghỉ Bảo Trân)",Bình Dương,Thuận An,Bình Dương
39581491,Vietnamese-German University Guest Housing,Bình Dương,Bến Cát,Bình Dương
74586303,"Căn hộ 51 m² 1 phòng ngủ, 1 phòng tắm riêng ở Thuận An (-33% The Emerald Golf View Thuận An)",Bình Dương,Thuận An,Bình Dương
36122072,"Căn hộ 70 m² 2 phòng ngủ, 2 phòng tắm riêng ở Dĩ An (Tòa nhà Charm Plaza)",Bình Dương,Dĩ An,Bình Dương
80531404,Khách sạn Dìn Ký Cầu Ngang Bình Dương (Khách Sạn Dìn Ký Cầu Ngang Bình Dương),Bình Dương,94 Binh Nham 02 Street,Binh Nham Ward
35745040,"Căn hộ 50 m² 1 phòng ngủ, 1 phòng tắm riêng ở Dĩ An (Căn Hộ Homstay 2PN - 5 Sao tại Vincom, Dĩ An. )",Bình Dương,Dĩ An,Bình Dương
79830931,Khách sạn Bình Cơ (Bình Cơ Hotel),Bình Dương,Số 902 Đường Hội Nghĩa 83,Phường Hội Nghĩa
79383320,Platinum,Bình Dương,Đường KK 3,Bến Cát
60842508,"Nhà riêng m² 12 phòng ngủ, 12 phòng tắm riêng ở Thuận An (Nhà Nghỉ Ngọc Phạm)",Bình Dương,Thuận An,Bình Dương
21952476,Kỳ Phú (Ky Phu),Bình Dương,89C/1 Town 1A,An Phu Ward
59561670,"Căn hộ m² 2 phòng ngủ, 2 phòng tắm riêng ở Thủ Dầu Một (C-Sky View Apartment - 2Brs - Swimming Pool - Gym)",Bình Dương,Thủ Dầu Một,Bình Dương
64038795,Hotel Truong Giang,Bình Dương,Lot J56 NE8 Street,My Phuoc 3
28723451,"Biệt thự 1200 m² 4 phòng ngủ, 5 phòng tắm riêng ở Vinh Phú (Four Bedrooms Riverside Villa with Sunset & Pool)",Bình Dương,D88B,Thuận An
78040243,"Nhà riêng m² 1 phòng ngủ, 1 phòng tắm riêng ở Xóm Bưng Đìa (Sora Gardens1 1 bedroom 63m2)",Bình Dương,Lô C18 Đường Hùng Vương,Phú Mỹ
69127449,Khách Sạn Hoa Anh Đào (Khach San Hoa Anh Đao),Bình Dương,1231/15 Tỉnh lộ 43 1231/15,Thuận An
17012626,"Căn hộ 75 m² 2 phòng ngủ, 2 phòng tắm riêng ở Hòa Phú (Nha da ban roi. Khong cho thue nua. Not for rent)",Bình Dương,Hòa Phú,Bình Dương
51664475,"Căn hộ 100 m² 1 phòng ngủ, 1 phòng tắm riêng ở Vinh Phú (the emerad gofl view)",Bình Dương,Thuận An,Bình Dương
39830475,"Căn hộ 96 m² 1 phòng ngủ, 3 phòng tắm riêng ở Dĩ An (Charm House4 - 3bedroom, Floor25)",Bình Dương,Dĩ An,Bình Dương
79940602,Rustic Homestay Bình Dương (Rustic Homestay Binh Duong),Bình Dương,Rustic Homestay Bình Dương Số 7 D6 Khu dân cư Phú Hòa 1,Thủ Dầu Một
68549055,"Căn hộ m² 1 phòng ngủ, 1 phòng tắm riêng ở Bến Cát (Hiến )",Bình Dương,Bến Cát,Bình Dương
34732346,"Căn hộ 50 m² 1 phòng ngủ, 1 phòng tắm riêng ở Dĩ An (Căn Hộ Cao Cấp 50M2 Khu VinCom Dĩ An (Chamcity))",Bình Dương,Dĩ An,Bình Dương
35228829,"Căn hộ 55 m² 1 phòng ngủ, 1 phòng tắm riêng ở Dĩ An (Lovely Luxury Apartment 5)",Bình Dương,Dĩ An,Bình Dương
55410691,The Emerald Golf View,Bình Dương,The Emerald Golf View,Thuan An
63185997,"Căn hộ 30 m² 1 phòng ngủ, 1 phòng tắm riêng ở Thuận An (Khách Sạn Bảo Trân)",Bình Dương,Thuận An,Bình Dương
63326539,"Căn hộ 30 m² 1 phòng ngủ, 1 phòng tắm riêng ở Thuận An (Khách Sạn Bảo Trân)",Bình Dương,Thuận An,Bình Dương
23139683,"Nhà riêng 100 m² 2 phòng ngủ, 2 phòng tắm riêng ở Di An (Phong cho thue Di an)",Bình Dương,Dĩ An,Bình Dương
44335172,"Nhà riêng 80 m² 2 phòng ngủ, 2 phòng tắm riêng ở Thủ Dầu Một (Apartment with Saigon river view)",Bình Dương,Thủ Dầu Một,Bình Dương
63143430,"Căn hộ m² 1 phòng ngủ, 1 phòng tắm riêng ở Thuận An (hotell Bảo Trân)",Bình Dương,Thuận An,Bình Dương
27847541,Khu căn hộ S79 Panorama (S79 Residences Panorama),Bình Dương,khu d n cư Ch nh Nghĩa Khu 11,phường Ch nh Nghĩa
68419347,"Căn hộ 50 m² 1 phòng ngủ, 1 phòng tắm riêng ở Thủ Dầu Một (Căn hộ Bình Dương-Happy One Central Appartment)",Bình Dương,Thủ Dầu Một,Bình Dương
77622427,Khách sạn COMMON INN Thủ Dầu Một (COMMON INN Thu Dau Mot),Bình Dương,171 Đường Ho ng Văn Thụ,Ch nh Nghĩa
54619094,Hoa Cúc Phương Hotel Dĩ An - Bình Dương,Bình Dương,72C KDC duong 19/8,KP Tay B
78757156,Căn hộ nghỉ dưỡng Dĩ An (Can ho nghi duong Di An),Bình Dương,Dĩ An,Bình Dương
36927340,"Căn hộ 70 m² 2 phòng ngủ, 2 phòng tắm riêng ở Dĩ An (Khu phức hợp Charm City, căn hộ cao cấp nhất Dĩ An)",Bình Dương,Dĩ An,Bình Dương
28853368,Khách sạn Thành Đạt (Thanh Dat Hotel),Bình Dương,3 CN Street,An Phu Ward
55323509,"Nhà riêng 100 m² 3 phòng ngủ, 4 phòng tắm riêng ở Thuận An (Tropical House Bình Dương)",Bình Dương,Thuận An,Bình Dương
67378274,Ellman Hotel - 艾尔曼酒店,Bình Dương,Đường NA4,Thuận An
31728060,Charm City Apartment Di An Binh Duong,Bình Dương,Dĩ An,Bình Dương
60156281,"Căn hộ 60 m² 2 phòng ngủ, 2 phòng tắm riêng ở Thuận An (Trung tâm Tp Thuận An, cách quận 1 (HCM) chỉ 30ph )",Bình Dương,Thuận An,Bình Dương
34164435,"Căn hộ 55 m² 2 phòng ngủ, 1 phòng tắm riêng ở Dĩ An (Căn Hộ Home Stay 5 Sao (Reosort) Dĩ An - 3KM TPHCM)",Bình Dương,Dĩ An,Bình Dương
61349581,"Nhà riêng 64 m² 1 phòng ngủ, 1 phòng tắm riêng ở Bình Long (Snow Trinh Homestay)",Bình Phước,Tổ 12 khu phố 3,phường Minh Hưng
68166059,Hoang Hung Hotel,Bình Phước,Ap 3B Quoc lo 13,Bình Long
48728667,Khách sạn Tân Hạnh (KHACH SAN TAN HANH),Bình Phước,Số 179,Đường Nguyễn Tất Th nh
32608064,Khách sạn Binh Long (Binh Long Hotel),Bình Phước,207 Trần Hưng Đạo,Khu Phố Phú Nghĩa
79972415,Ladona Farmstay,Bình Phước,Ladona Farmstay,Đồng Xoài
64896649,Nhà Nghỉ Đồng Xoài Đoàn Gia,Bình Phước,1330/12/14 Phú Riềng Đỏ,Tân Đồng
51515389,Nhà nghỉ Quốc Khánh (Nha nghi Quoc Khanh),Bình Phước,198 Quốc lộ 14,Đồng Xoài
23166496,"Căn hộ 20 m² 1 phòng ngủ, 1 phòng tắm riêng ở Đồng Xoài (Hùng Oanh Hotel - Room with Double Bed)",Bình Phước,Đồng Xoài,Dồng Xoài
59439521,Nhà Nghỉ Bảo Ngọc,Bình Phước,329 Lê Quý Đôn,Tân Xuân
37038854,Nhà Ông Chú (Nha Ong Chu),Bình Phước,Lê Trọng Tấn,Phước Long
34165157,"Căn hộ 20 m² 1 phòng ngủ, 1 phòng tắm riêng ở Đồng Xoài (Hùng Oanh Hotel - Room with 2 Double Beds)",Bình Phước,Đồng Xoài,Dồng Xoài
46886295,"Căn hộ 35 m² 1 phòng ngủ, 1 phòng tắm riêng ở Đồng Xoài (May House - Căn hộ dịch vụ)",Bình Phước,Đồng Xoài,Dồng Xoài
6748373,An Loc Hotel & Spa,Bình Phước,National Highway 13,Hung Chien Ward
73348841,Vivu24h Hồ Dầu Tiếng,Bình Phước,Vivu24h- Hồ Dầu Tiếng https://maps.app.goo.gl/r5qvMRNW5YDqbLbW8,Thạnh Tân
46991867,"Căn hộ 35 m² 1 phòng ngủ, 1 phòng tắm riêng ở Đồng Xoài (May House - Căn hộ dịch vụ)",Bình Phước,Đồng Xoài,Dồng Xoài
59871386,Nhà Nghỉ KV (Nha Nghi KV),Bình Phước,Đồng Xoài,Dồng Xoài
34309695,FLC Sea Tower Quy Nhơn Seaview Apartment,Bình Định,02 Nguyen Trung Tin Quy Nhon Ward,Thành phố biển
28201768,FLC Sea Tower - The Beach Quy Nhơn (FLC Sea Tower - The Beach Quy Nhon),Bình Định,T a Nh FLC Sea Tower 44 đường V Thị Yến,Phường Nguyễn Văn Cừ
67703642,Khách sạn Sala Quy Nhơn Beach (Sala Quy Nhon Beach Hotel),Bình Định,124 Phan Chu Trinh,Thành phố biển
33801011,TMS Quy Nhơn - ROSHI Apartment Ocean View,Bình Định,28 Nguyễn Huệ,Tòa Nhà TMS
22406185,FLC Quy Nhon SeaView Condotel  (FLC Quy Nhon SeaView Condotel ),Bình Định,66 V&#245; Thị Yến,Thành phố biển
18264628,Khách sạn Fleur De Lys Quy Nhơn (Fleur De Lys Hotel Quy Nhon),Bình Định,16 Nguyen Hue Street,Le Loi Ward
5663756,Khách sạn trung tâm Quy Nhơn (Quy Nhon center hotel),Bình Định,51 Ho ng Diệu,phường Quy Nhơn
22420717,Căn hộ khách sạn FLC Quy Nhơn Beachfront (FLC Quy Nhon Beachfront Condotel),Bình Định,44 V Thị Yến,Thành phố biển
6910217,Nhà nghỉ Sunrise (Nha nghi Sunrise),Bình Định,12 Trần Văn Ơn,Thành phố biển
80556116,"m² 1 phòng ngủ, 1 phòng tắm riêng ở Thành phố biển (Homestay Dâu biển Quy Nhơn)",Bình Định,Thành phố biển,Quy Nhơn (Bình Định)
16909731,Khách sạn Anya Premier Beachfront Quy Nhơn (Anya Premier Beachfront Hotel Quy Nhon),Bình Định,44 An Duong Vương Street,Nguyen Van Cu ward
35780683,Khách sạn Grand Hyams - Bãi biển Quy Nhơn (Grand Hyams Hotel - Quy Nhon Beach),Bình Định,28 Nguyen Hue,Le Loi Ward
34557033,Khách sạn Lucien Quy Nhơn (Khách Sạn Lucien Hotel Quy Nhơn ),Bình Định,Khách Sạn Lucien Hotel Quy Nhơn,Trung tâm thành phố Quy Nhơn
32654923,Khách sạn L'amor Boutique (L'amor Boutique Hotel),Bình Định,1H1 Nguyễn Thị Định,Phường Quy Nhơn Nam
78112429,TMS Quy Nhon SeaView Condotel (TMS Quy Nhon SeaView Condotel ),Bình Định,28 Nguyễn Huệ,Phường Lê Lợi
25099924,KHÁCH SẠN LE MINT QUY NHƠN (LE MINT HOTEL QUY NHON),Bình Định,Trần Khánh Dư,Trung tâm thành phố Quy Nhơn
80388739,TMS Grand Ocean View Quy Nhơn,Bình Định,28 Nguyễn Huệ,Phường Lê Lợi
9635207,Khách sạn Anya Beach Quy Nhơn (Anya Beach Hotel Quy Nhon),Bình Định,3 Nguyễn Trung Tín,Thành phố biển
33128767,TMS Quy Nhơn View Biển,Bình Định,28 Nguyễn Huệ - Quy Nhơn City,Thành phố biển
34151465,Khách sạn Haku Boutique Quy Nhơn Kim Đồng - Xuân Diệu (Haku Boutique Hotel Quy Nhon Kim Dong - Xuan Dieu ),Bình Định,06 Kim Đồng,Thành phố biển
16072744,KHÁCH SẠN ATHENA QUY NHƠN (ATHENA HOTEL QUY NHON),Bình Định,08 Lê Lai,Phường Ngô Mây
40776896,Khách sạn Happiness (Happiness Hotel),Bình Định,No. 5,Xuong Ly
31491737,Căn hộ TMS Beachfront Quy Nhơn (TMS Beachfront Quy Nhon Apartment),Bình Định,28 Nguyễn Huệ,Thành phố biển
35353918,Khách sạn ODIN Quy Nhơn (ODIN HOTEL QUY NHON),Bình Định,6 Trần Cao Vân,Thành phố biển
10960150,Khách Sạn La Cactus (La Cactus Hotel),Bình Định,220 Nguyễn Thị Định,Trung tâm thành phố Quy Nhơn
64197741,Khách sạn & Spa A'dor (A'dor Hotel & Spa),Bình Định,Số 56 Phạm H ng,Phường Quy Nhơn
43382,Seagull Hotel,Bình Định,489 An Dương Vương,Thành phố biển
18860001,Aloha Hotel Quy Nhơn,Bình Định,50 Lê Lợi,Thành phố biển
16863459,Khách sạn và Căn hộ Yến Vi (Yen Vy Hotel and Apartment),Bình Định,18/7 Trần Văn Ơn,Thành phố biển
63063114,Khách sạn Mira Grand Quy Nhơn (Mira Grand Hotel Quy Nhon),Bình Định,07 Nguyễn Thị Định,Phường Nguyễn Văn Cừ
34130489,Căn hộ view biển FLC Sea Tower (FLC Sea Tower - Quy Nhon Beach),Bình Định,4 Nguyễn Trung Tín,Thành phố biển
8233222,Khách sạn Mira Boutique Quy Nhơn (Mira Boutique Hotel Quy Nhơn),Bình Định,20 Han Mac Tu,Thành phố biển
4972256,Phuong Dong Hotel & Apartment,Bình Định,3/21 Ngo May,Phuong Nguyen Van Cu
443153,Muong Thanh Quy Nhon Hotel,Bình Định,Số 02 Nguyễn Huệ,Thành phố biển
26910673,FLC City Hotel Beach Quy Nhon,Bình Định,11 An Duong Vuong Road,Nguyen Van Cu Ward
78428571,Khách sạn Đông Dương Quy Nhơn (Khách Sạn ĐÔNG DƯƠNG Quy Nhơn),Bình Định,4 Hải Thượng L ng ng,Trần Ph
1576565,FLC Luxury Hotel Quy Nhơn (FLC Luxury Hotel Quy Nhon),Bình Định,Zone 4,Nhon Ly - Cat Tien Beach
2962032,CASA MARINA RESORT,Bình Định,Quoc lo 1D,Bai Xep khu pho 1
9050870,Khách sạn Xavia Quy Nhơn (Xavia Hotel Quy Nhon),Bình Định,lo 24 - 25 Bui Tu Toan,P. Nguyen Van Cu
38707586,Lux Homestay (Lux Homestay Quy Nhon),Bình Định,86 Vũ Bảo,Trung tâm thành phố Quy Nhơn
25805463,Khách sạn La Cactus 2 (La Cactus Hotel 2),Bình Định,03 Tran Van On,Thành phố biển
36161970,Quy Nhon Pearl - FLC Sea Tower (Quy Nhon Pearl - FLC Sea Tower ),Bình Định,No. 02 Nguyen Trung Tin,P. Nguyen Van Cu
77050217,HAKU HOME Mini Apartments & Homestay,Bình Định,2 Nguyễn Như Đỗ,Thành phố biển
59482390,LemonHouse homestay (LemonHouse HomeStay),Bình Định,No. 230,Nguyen Thi Dinh
52211152,Koiking Homestay (Koiking Homestay Quy Nhon),Bình Định,No. 15,Vo Thi Yen
37753594,Khu nghỉ dưỡng Dankbaar (DANKBAAR RESORT),Bình Định,01 Hàn Mặc Tử,Thành phố biển
60462086,FLC SEATOWER Quy Nhơn (FLC SEATOWER QUYNHON),Bình Định,44 V Thị Yến,Thành phố biển
6908956,Galaxy Hotel,Bình Định,27 Nguyễn Lạc,Phường Trần Phú
65964592,Chill House,Bình Định,140 Xuân Diệu,Thành phố biển
73310,Saigon Quy Nhon Hotel,Bình Định,24 Nguyễn Huệ,Thành phố biển
36641278,TMS Quy Nhơn - Lee Xinh,Bình Định,28 Nguyễn Huệ,phường L&#234; Lợi
9051953,Khu Nghỉ Dưỡng Seaside Boutique Quy Nhơn (Seaside Boutique Resort Quy Nhon),Bình Định,Th n 2,X Xu n Lộc
24115596,Khách sạn Mira Eco Quy Nhơn (Mira Eco Hotel Quy Nhon),Bình Định,24 Nguyen Nhu Do,Thành phố biển
35493028,Blossom Sea homestay (Blossom Sea Homestay Quy Nhon),Bình Định,270 Diên Hồng,Trung tâm thành phố Quy Nhơn
44205914,FLC Sea Tower Quy Nhơn - View Biển,Bình Định,44 Võ Thị Yến,Thanh Pho Quy Nhon Binh Dinh
78220216,Condotel TMS Quy Nhơn Beachfront (TMS Quy Nhon Beachfront Condotel ),Bình Định,28 Nguyễn Huệ,Phường Lê Lợi
2642747,Khách sạn Yến Vy 32 (Yen Vy 32 Hotel and Pub),Bình Định,32 Chuong Duong Thanh pho Quy Nhon Tinh Binh Dinh,Thành phố biển
6692821,Khách Sạn Mira Quy Nhơn (Mira Hotel Quy Nhon),Bình Định,11A Ngo May,Phuong Nguyen Van Cu
63347126,FLC Quy Nhơn Sea Condotel,Bình Định,No. 44 V Thi Yen,TP. Quy Nhon
16364148,Misa Hotel,Bình Định,102-104 Tay Son,Nguyen Van Cu ward
6767206,Thiên Hải 2 Hotel (Thien Hai 2 Hotel),Bình Định,360 Xuân Diệu,Phường Trần Phú
24290561,THANH TÙNG HOTEL (THANH TUNG HOTEL),Bình Định,90 Bùi Xuân Phái,phường Trần Hưng Đạo - TP. Quy Nhơn - T. Bình Định 65 Bùi Xuân Phái
41514364,Thao Nguyen Homestay,Bình Định,41 Nguyễn Lạc 41 nguyễn lac,phường trần phú
9854112,The Fancy House,Bình Định,304 Dien Hong,Phuong Ngo May
43435,Khu Nghỉ Dưỡng Avani Quy Nhơn (Avani Quy Nhon Resort),Bình Định,Khu vực Bai Dai,Phường Quy Nhơn Nam
79079158,Hotel Vi-vu nhìn ra biển (Hotel Vi-vu nhin ra bien),Bình Định,108 Xuân Diệu,Thành phố biển
31040701,Khách sạn Pearl Beach Quy Nhơn (Pearl Beach Hotel Quy Nhon),Bình Định,Khu do thi Dai Phu Gia,Phuong Nhon Binh
36913112,Khách sạn CIAO Quy Nhơn (CIAO HOTEL QUY NHƠN),Bình Định,36 Trần Văn Ơn,Thành phố biển
21903011,Hotel Hoàng Hưng Quy Nhơn (Hotel Hoang Hung Quy Nhon),Bình Định,51a Nguyễn Lạc 51 A Nguyễn Lạc,Phường Trần Phú
7197665,TH Quy Nhơn Hotel (TH Quy Nhon Hotel),Bình Định,Lô 19 Nguyễn Thị Thập,Thành phố biển
31493280,Tran Ocean View - FLC Sea Tower Quy Nhơn (Tran Ocean View - FLC Sea Tower Quy Nhon),Bình Định,T&#242;a nh&#224; FLC Sea Tower Số 66 V&#245; Thị Yến,Phường Nguyễn Văn Cừ
23071123,KHÁCH SẠN CALI Quy Nhơn (CALI HOTEL Quy Nhon),Bình Định,179-181-183-185 L Đức Thọ,Phường Quy Nhơn
52626203,Khách sạn Tân Thi (Tân Thi Hotel),Bình Định,140 Nguyễn Huệ,Thành phố biển
73014428,The H House Quy Nhơn (The H House Quy Nhon ),Bình Định,02 Trần Bình Trọng,Phường Lê Lợi
55815582,Căn hộ Flc Sea Tower - Chang House (Flc Sea Tower - Chang House Apartment),Bình Định,No. 44,Vo Thi Yen
15852758,Khách sạn Chài Village (Chai Village Hotel),Bình Định,Bai Nom,Thon Ly Hoa
16308715,Khách sạn Kila Boutique (The Kila Boutique Hotel),Bình Định,06 Truong Van Cua,Nguyen Van Cu Ward
6770736,Gallery homestay,Bình Định,38a Chương Dương 38A Chương Dương,Trung tâm thành phố Quy Nhơn
72125679,Khách sạn Haven Boutique Quy Nhơn (Haven Boutique Hotel Quy Nhon),Bình Định,Bai Xep fish village,Bãi Dài
1602545,FLC Luxury Resort Quy Nhơn (FLC Luxury Resort Quy Nhon),Bình Định,Zone 4,Nhon Ly - Cat Tien Beach
49682296,FLC Sea Tower Quy Nhon SeaView Condotel,Bình Định,12 Tran Van On,Nguyen Van Cu FLC Sea Tower
64637095,Ariel Homestay,Bình Định,71 Lê Thánh Tôn,Thành phố biển
63235213,XAM HOUSE hostel (XAM HOUSE HOSTEL),Bình Định,43 Nguyễn Lữ,Ngô Mây
9064028,Nhat Tan Hotel,Bình Định,02E-04 Hai Ba Trung,Thành phố biển
63990652,"Căn hộ 50 m² 1 phòng ngủ, 1 phòng tắm riêng ở Thành phố biển (Minh Dũng - Aparment Sea View)",Bình Định,Thành phố biển,Quy Nhơn (Bình Định)
33650741,"Căn hộ 65 m² 2 phòng ngủ, 2 phòng tắm riêng ở Thành phố biển (Căn hộ cao cấp cách biển 2 phút)",Bình Định,Thành phố biển,Quy Nhơn (Bình Định)
31562846,"Căn hộ 46 m² 1 phòng ngủ, 1 phòng tắm riêng ở Thành phố biển (Can ho TMS Luxury Quy Nhon)",Bình Định,Thành phố biển,Quy Nhơn (Bình Định)
77473025,"Nhà riêng m² 2 phòng ngủ, 1 phòng tắm riêng ở Thành phố biển (Nice apartment near the sea/warm sunrise/amenities)",Bình Định,Thành phố biển,Quy Nhơn (Bình Định)
23068121,"Căn hộ 200 m² 1 phòng ngủ, 1 phòng tắm riêng ở Trung tâm thành phố Quy Nhơn (Sunshine Hotel Quy Nhơn)",Bình Định,Thành phố biển,Quy Nhơn (Bình Định)
49945318,"Căn hộ 46 m² 1 phòng ngủ, 1 phòng tắm riêng ở Thành phố biển (QUI NHON LUXURY HIGH VIEW #27 FLOORS CONDOLTEL)",Bình Định,Thành phố biển,Quy Nhơn (Bình Định)
38580725,"Nhà riêng 47 m² 1 phòng ngủ, 1 phòng tắm riêng ở Trung tâm thành phố Quy Nhơn (Hi Beach House FLC Sea Tower by Tinn - city centre)",Bình Định,Thành phố biển,Quy Nhơn (Bình Định)
58895342,"Căn hộ 48 m² 1 phòng ngủ, 1 phòng tắm riêng ở Thành phố biển (Studio)",Bình Định,Thành phố biển,Quy Nhơn (Bình Định)
59799427,"Căn hộ m² 1 phòng ngủ, 1 phòng tắm riêng ở Thành phố biển (TMS Quy Nhon Beach View Vacation Apartment)",Bình Định,Thành phố biển,Quy Nhơn (Bình Định)
64837972,"Nhà riêng m² 1 phòng ngủ, 1 phòng tắm riêng ở Thành phố biển (TMS Home View Biển)",Bình Định,Thành phố biển,Quy Nhơn (Bình Định)
55065844,Căn hộ du lịch Bột - Flc Sea Tower Quy Nhơn (Bột Tourist Apartment - Flc Sea Tower Quy Nhơn),Bình Định,44 Võ Thị Yến,Nguyễn Văn Cừ
35312335,"Nhà riêng 66 m² 2 phòng ngủ, 1 phòng tắm riêng ở Thành phố biển (Apartment For Rent TMS)",Bình Định,Thành phố biển,Quy Nhơn (Bình Định)
36922230,Lalaland hostel,Bình Định,Ngô Mây,Lalaland Hostel
80156760,"Căn hộ m² 1 phòng ngủ, 1 phòng tắm riêng ở Thành phố biển (Seaview Studio w/Balcony |TMS Quy Nhon Hupasearest)",Bình Định,Thành phố biển,Quy Nhơn (Bình Định)
15634536,Thanh Thanh Hotel,Bình Định,88-90 Tay Son,Nguyen Van Cu ward
80156752,"Nhà riêng m² 1 phòng ngủ, 1 phòng tắm riêng ở Thành phố biển (2BR/3Beds Seaview Balcony|TMS Quy Nhon Hupasearest)",Bình Định,Thành phố biển,Quy Nhơn (Bình Định)
80156768,"Nhà riêng m² 1 phòng ngủ, 1 phòng tắm riêng ở Thành phố biển (Modern OceanView Studio | TMS Quy Nhon Hupasearest)",Bình Định,Thành phố biển,Quy Nhơn (Bình Định)
37034340,"Căn hộ 25 m² 1 phòng ngủ, 1 phòng tắm riêng ở Thành phố biển (Natri House - Căn hộ TMS )",Bình Định,Thành phố biển,Quy Nhơn (Bình Định)
33225180,"Căn hộ 47 m² 1 phòng ngủ, 1 phòng tắm riêng ở Trung tâm thành phố Quy Nhơn (Flc Sea Tower Quy Nhơn - Vip House)",Bình Định,Thành phố biển,Quy Nhơn (Bình Định)
59032699,Căn hộ Altara 2 phòng ngủ Quy Nhơn - Ali Condotel (Can ho Altara 2 phong ngu Quy Nhon - Ali Condotel),Bình Định,Thành phố biển,Quy Nhơn (Bình Định)
32728123,"Căn hộ 45 m² 1 phòng ngủ, 1 phòng tắm riêng ở Trung tâm thành phố Quy Nhơn (FLC Sea Tower - QLTC homestay apartment)",Bình Định,Thành phố biển,Quy Nhơn (Bình Định)
42106161,"Căn hộ 46 m² 1 phòng ngủ, 1 phòng tắm riêng ở Thành phố biển (Altara Residences )",Bình Định,Thành phố biển,Quy Nhơn (Bình Định)
43197455,"Căn hộ 1000 m² 1 phòng ngủ, 1 phòng tắm riêng ở Thành phố biển (Căn Hộ Altara)",Bình Định,Thành phố biển,Quy Nhơn (Bình Định)
31264541,"Căn hộ 60 m² 2 phòng ngủ, 1 phòng tắm riêng ở Thành phố biển (TMS Beach front Quy Nhon Apartment )",Bình Định,Thành phố biển,Quy Nhơn (Bình Định)
32221314,"Căn hộ 47 m² 1 phòng ngủ, 1 phòng tắm riêng ở Trung tâm thành phố Quy Nhơn (FLC SEA TOWER - SELENA HOME)",Bình Định,Thành phố biển,Quy Nhơn (Bình Định)
32602518,"Căn hộ 96 m² 3 phòng ngủ, 2 phòng tắm riêng ở Thành phố biển (Sunny Apartment Quy Nhon - Can Ho 3 Phong Ngu)",Bình Định,Thành phố biển,Quy Nhơn (Bình Định)
5774608,Khách sạn Osaka Quy Nhơn (Osaka Hotel Quy Nhon),Bình Định,98A Mai Xuân Thưởng,Tp Quy Nhơn . Bình Định
46123818,"Căn hộ 88 m² 2 phòng ngủ, 2 phòng tắm riêng ở Trung tâm thành phố Quy Nhơn (Căn Hộ 2 PN View Biển)",Bình Định,Thành phố biển,Quy Nhơn (Bình Định)
5662476,Quy Nhơn Homestay BnB (Quynhonhomestaybnb),Bình Định,66/2 Chang Lia,Ghenh Rang ward
59517476,"Nhà riêng m² 1 phòng ngủ, 1 phòng tắm riêng ở Trạm xe buýt (Homestay Chuyện Của Nắng - Nang's Story)",Bình Định,Thôn Huỳnh Mai,Phước Nghĩa
42105999,"Căn hộ 69 m² 2 phòng ngủ, 2 phòng tắm riêng ở Thành phố biển (Altara Residences )",Bình Định,Thành phố biển,Quy Nhơn (Bình Định)
33225684,"Căn hộ 70 m² 2 phòng ngủ, 2 phòng tắm riêng ở Thành phố biển (Căn hộ sát biển)",Bình Định,Thành phố biển,Quy Nhơn (Bình Định)
21792079,"Nhà riêng 20 m² 1 phòng ngủ, 1 phòng tắm riêng ở Thành phố biển (Phòng Đôi cho gia đình với ban công lớn view núi)",Bình Định,Thành phố biển,Quy Nhơn (Bình Định)
62612320,Căn hộ biển Quy Nhơn - Sunflower,Bình Định,28 Nguyễn Huệ,Phường Lê Lợi
24709167,"Căn hộ 46 m² 1 phòng ngủ, 1 phòng tắm riêng ở Trung tâm thành phố Quy Nhơn (SunBrown apartment & homestay Quy Nhơn)",Bình Định,Thành phố biển,Quy Nhơn (Bình Định)
36850802,"Căn hộ 47 m² 1 phòng ngủ, 1 phòng tắm riêng ở Thành phố biển (TMS Beachfront Quy Nhon - Holiday Apartment )",Bình Định,Thành phố biển,Quy Nhơn (Bình Định)
21903314,"Căn hộ 65 m² 2 phòng ngủ, 1 phòng tắm riêng ở Thành phố biển (TMS Luxury Homestay căn góc 2 PN riêng 65m2 - 1524)",Bình Định,Thành phố biển,Quy Nhơn (Bình Định)
5984735,Anh Quan Hotel,Bình Định,65 Nguyễn Nhạc,Trung tâm thành phố Quy Nhơn
43240978,"Căn hộ 46 m² 1 phòng ngủ, 1 phòng tắm riêng ở Trung tâm thành phố Quy Nhơn (FLC Sea Tower Quy Nhon - Studio Sea View Apartment)",Bình Định,Thành phố biển,Quy Nhơn (Bình Định)
32402824,"Căn hộ 49 m² 1 phòng ngủ, 1 phòng tắm riêng ở Trung tâm thành phố Quy Nhơn (FLC sea tower beach Quy Nhon, double)",Bình Định,Thành phố biển,Quy Nhơn (Bình Định)
5186620,Mai Tra Hotel,Bình Định,45 Chuong Duong,Thành phố biển
70949879,Căn hộ khách sạn TMS Luxury Condotel - Hanna House,Bình Định,28 Nguyễn Huệ,Phường Lê Lợi
34157850,Studio FLC trung tâm Quy Nhơn 2 giường đôi,Bình Định,Nguyễn Trung Tín,FLC Sea Tower
65482122,Seaview Quy Nhon apt TMS,Bình Định,Thành phố biển,Quy Nhơn (Bình Định)
37299925,"Căn hộ 72 m² 2 phòng ngủ, 1 phòng tắm riêng ở Thành phố biển (Phú Tài Residence)",Bình Định,Thành phố biển,Quy Nhơn (Bình Định)
33039615,"Căn hộ 47 m² 1 phòng ngủ, 1 phòng tắm riêng ở Thành phố biển (View biển Gềnh Ráng)",Bình Định,Thành phố biển,Quy Nhơn (Bình Định)
71447264,Căn 0711 Altara Residences- View mặt biển (Can 0711 Altara Residences- View mat bien),Bình Định,Thành phố biển,Quy Nhơn (Bình Định)
80156761,"Nhà riêng m² 1 phòng ngủ, 1 phòng tắm riêng ở Thành phố biển (Modern Studio w/Balcony Seaview | TMS Hupasearest)",Bình Định,Thành phố biển,Quy Nhơn (Bình Định)
34733375,Khách sạn Lucien Quy Nhơn (Khách Sạn Quy Nhơn Lucien Hotel),Bình Định,223 Trần Hưng Đạo,Trung tâm thành phố Quy Nhơn
31202293,GRAND HYCHARMS serviced STUDIO,Bình Định,Thành phố biển,Quy Nhơn (Bình Định)
67555882,Căn hộ TMS Quy Nhơn - Rosella (TMS Quy Nhon - Rosella Apartment),Bình Định,28 Nguyễn Huệ,Phường L Lợi
64003802,TMS Luxury Quy Nhon - KAKA House,Bình Định,28 Nguyễn Huệ,Thành phố biển
34293315,TMS Pullman Căn Hộ Cao Cấp Quy Nhơn (TMS Pullman Can Ho Cao Cap Quy Nhon),Bình Định,28 Nguyễn Huệ,Thành phố biển
33395564,"Căn hộ 64 m² 2 phòng ngủ, 2 phòng tắm riêng ở Thành phố biển (Căn hộ cao cấp Altara Quy Nhơn)",Bình Định,Thành phố biển,Quy Nhơn (Bình Định)
25859297,"Căn hộ 48 m² 1 phòng ngủ, 1 phòng tắm riêng ở Trung tâm thành phố Quy Nhơn (Mộc's House - FLC Sea Tower Quy Nhơn)",Bình Định,Thành phố biển,Quy Nhơn (Bình Định)
37799388,Căn hộ TMS Quy Nhơn (Căn Hộ TMS Quy Nhơn),Bình Định,28 Nguyễn Huệ,TMS Quy Nhơn
51664357,"Căn hộ 47 m² 1 phòng ngủ, 1 phòng tắm riêng ở Thành phố biển (TMS Quy Nhon - Mango Apartment)",Bình Định,Thành phố biển,Quy Nhơn (Bình Định)
52728105,"Apartment with Sea View in Altara Residenc, Quy Nhon",Bình Định,No. 78,Tran Hung Dao
66737560,Rex Hotel - by BAY LUXURY,Bình Định,Cần Vương,Trạm xe buýt
55411072,Armin Serviced Apartment Quy Nhon,Bình Định,76 Tran Hung Dao,Armin Serviced Apartment Quy Nhon
59439770,"Căn hộ 110 m² 2 phòng ngủ, 1 phòng tắm riêng ở Thành phố biển (Paris Hotel)",Bình Định,Thành phố biển,Quy Nhơn (Bình Định)
32350002,"Căn hộ 95 m² 3 phòng ngủ, 2 phòng tắm riêng ở Thành phố biển (BBnB Home RESIDENCE (Qui Nhon))",Bình Định,Thành phố biển,Quy Nhơn (Bình Định)
33035537,"Căn hộ 60 m² 1 phòng ngủ, 1 phòng tắm riêng ở Thành phố biển (Beach view Apartment in the heart of Quy Nhon TMS)",Bình Định,Thành phố biển,Quy Nhơn (Bình Định)
37913386,"Nhà trệt 50 m² 1 phòng ngủ, 1 phòng tắm riêng ở Thành phố biển (QUY NHON TMS LUXURY APARTMENT)",Bình Định,Thành phố biển,Quy Nhơn (Bình Định)
569301,Eden Hotel Quy Nhon,Bình Định,60 Mai Xuân Thưởng,Trung tâm thành phố Quy Nhơn
13444004,"Nhà mặt đất 500 m² 13 phòng ngủ, 13 phòng tắm riêng ở Trung tâm thành phố Quy Nhơn (Hotel 86 Tran Khanh Du)",Bình Định,Trung tâm thành phố Quy Nhơn,Quy Nhơn (Bình Định)
10272171,An Lac Homestay Phong Gia dinh,Bình Định,24 Nguyen Trung Truc,tp Quy Nhon
34411743,"Căn hộ 71 m² 2 phòng ngủ, 1 phòng tắm riêng ở Thành phố biển (Unnamed property)",Bình Định,Thành phố biển,Quy Nhơn (Bình Định)
77637921,Căn hộ Quy Nhơn - FLC Sea Tower (Quy Nhơn Aparment - FLC sea tower),Bình Định,01 Nguyễn Trung T n,Thành phố biển
61232738,Khách sạn Thiên Các (Thien Cac Hotel),Bình Định,L 8 Nguyễn Tư,Trung tâm thành phố Quy Nhơn
63303017,"Căn hộ 66 m² 2 phòng ngủ, 2 phòng tắm riêng ở Thành phố biển (Amazing 2 bed-room sea view Quy Nhon Vietnam)",Bình Định,Thành phố biển,Quy Nhơn (Bình Định)
24303784,"Căn hộ 48 m² 1 phòng ngủ, 1 phòng tắm riêng ở Thành phố biển (HYGGE NEST - Quy Nhon Beachfront Studio Apartment)",Bình Định,Thành phố biển,Quy Nhơn (Bình Định)
56386058,TMS LaCas Quy Nhơn - Hệ Thống Căn Hộ Giá Rẻ (TMS LaCas Quy Nhon - He Thong Can Ho Gia Re),Bình Định,28 Nguyễn Huệ,Thành phố biển
45032919,Green Hotel Quy Nhơn - Hostel,Bình Định,08 Chuong Duong,Nguyen Van Cu Ward
34728823,"Căn hộ 2 phòng ngủ trực biển Quy Nhơn, TMS Pullman căn góc (Can ho 2 phong ngu truc bien Quy Nhon, TMS Pullman can goc)",Bình Định,Thành phố biển,Quy Nhơn (Bình Định)
39061716,FLC Sea Tower Quy Nhơn - SeaSandSun (FLC Sea Tower Quy Nhon - SeaSandSun),Bình Định,Thành phố biển,Quy Nhơn (Bình Định)
35158314,"Căn hộ 47 m² 1 phòng ngủ, 1 phòng tắm riêng ở Thành phố biển (TMS Beachfront Apartment with Direct Sea View in Anh Boi)",Bình Định,Thành phố biển,Quy Nhơn (Bình Định)
79996766,Ariel Homestay,Bình Định,Thành phố biển,Quy Nhơn (Bình Định)
45032495,Mira Hotel,Bình Định,11A Ngo May,Nguyen Van Cu Ward
69176878,Aloha Quy Nhon,Bình Định,50 Le Lợi,Trung tâm thành phố Quy Nhơn
285380,Khách sạn Sunflowers (Hoang Yen Canary Hotel),Bình Định,số 13-15-17,đường Nguyễn Huệ
33815882,"Căn hộ 74 m² 2 phòng ngủ, 2 phòng tắm riêng ở Thành phố biển (LAYLAHOME Căn hộ cao cấp Phú Tài Residense)",Bình Định,Thành phố biển,Quy Nhơn (Bình Định)
55624250,Căn hộ studio 50 m² có 1 phòng tắm riêng ở Trung tâm thành phố Quy Nhơn (FLC Sea Tower View Biển Quy Nhơn),Bình Định,Thành phố biển,Quy Nhơn (Bình Định)
31040339,"Căn hộ 67 m² 2 phòng ngủ, 2 phòng tắm riêng ở Thành phố biển (Armin Homes 2 Bedroom Harbour View Altara Quy Nhon)",Bình Định,Thành phố biển,Quy Nhơn (Bình Định)
31638521,"Căn hộ 47 m² 1 phòng ngủ, 1 phòng tắm riêng ở Thành phố biển (TMS Quy Nhon 2112)",Bình Định,Thành phố biển,Quy Nhơn (Bình Định)
38044004,"Căn hộ 45 m² 2 phòng ngủ, 2 phòng tắm riêng ở Trung tâm thành phố Quy Nhơn (Căn hộ tầng 12 phòng 03)",Bình Định,Thành phố biển,Quy Nhơn (Bình Định)
6717362,"Nhà mặt đất 120 m² 3 phòng ngủ, 2 phòng tắm riêng ở Thành phố biển (Container House Quy Nhon Homestay)",Bình Định,Thành phố biển,Quy Nhơn (Bình Định)
33546437,"Nhà riêng 40 m² 1 phòng ngủ, 1 phòng tắm riêng ở Trung tâm thành phố Quy Nhơn (KENNY HOMESTAY)",Bình Định,Trung tâm thành phố Quy Nhơn,Quy Nhơn (Bình Định)
32831519,"Căn hộ 45 m² 1 phòng ngủ, 1 phòng tắm riêng ở Thành phố biển (Căn hộ Alrata Quy Nhơn xinh đẹp)",Bình Định,Thành phố biển,Quy Nhơn (Bình Định)
23145356,TMS Quy Nhon Luxury homestay (TMS Quy Nhon Luxury Homestay),Bình Định,28,Căn hộ TMS LUXURY HOTEL & RESIDENCES Quy Nhơn
36159995,Căn hộ Altara Quy Nhơn (Altara Apartments Quy Nhon),Bình Định,76 Trần Hưng Đạo,Quy Nhon
68107891,SeaSide Hotel Quy Nhơn,Bình Định,39A Nguyen Lac,Phuong Tran Phu
45254774,"Căn hộ 100 m² 1 phòng ngủ, 1 phòng tắm riêng ở Bãi Dài (Moonligth hotel)",Bình Định,Bãi Dài,Quy Nhơn (Bình Định)
50830026,H Hotel,Bình Định,105A Trần Hưng Đạo,Thành phố biển
31261795,"Căn hộ 48 m² 1 phòng ngủ, 1 phòng tắm riêng ở Trung tâm thành phố Quy Nhơn (Căn hộ FLC SEA TOWER QUY NHƠN APARTMENT)",Bình Định,Thành phố biển,Quy Nhơn (Bình Định)
45032456,Mento Hotel,Bình Định,411 Nguyen Hue,Tran Phu
55944260,"Căn hộ 100 m² 1 phòng ngủ, 1 phòng tắm riêng ở Trung tâm thành phố Quy Nhơn (Sunny Homestay Quy Nhon)",Bình Định,Trung tâm thành phố Quy Nhơn,Quy Nhơn (Bình Định)
51986182,Căn hộ studio 50 m² có 1 phòng tắm riêng ở Trung tâm thành phố Quy Nhơn (FLC Studio Apartment Quy Nhon),Bình Định,Thành phố biển,Quy Nhơn (Bình Định)
40041450,"Căn hộ 47 m² 1 phòng ngủ, 1 phòng tắm riêng ở Thành phố biển (Can ho du lich TMS Quy Nhon tang cao view bien)",Bình Định,Thành phố biển,Quy Nhơn (Bình Định)
80156763,"Nhà riêng m² 2 phòng ngủ, 1 phòng tắm riêng ở Thành phố biển (Oceanfront 2BR Apartment |TMS Quy Nhon Hupasearest)",Bình Định,Thành phố biển,Quy Nhơn (Bình Định)
61630544,"Nhà riêng m² 5 phòng ngủ, 5 phòng tắm riêng ở Thành phố biển (Homestay Mazamaja )",Bình Định,Thành phố biển,Quy Nhơn (Bình Định)
35414841,"Căn hộ 46 m² 1 phòng ngủ, 1 phòng tắm riêng ở Trung tâm thành phố Quy Nhơn (Hồng Nhung Apartment)",Bình Định,Thành phố biển,Quy Nhơn (Bình Định)
21966583,"Căn hộ 620 m² 15 phòng ngủ, 15 phòng tắm riêng ở Trạm xe buýt (Hotel Tokyo)",Bình Định,Trạm xe buýt,Quy Nhơn (Bình Định)
59443891,"Nhà riêng 240 m² 3 phòng ngủ, 4 phòng tắm riêng ở Thành phố biển (X Homestay)",Bình Định,Trung tâm thành phố Quy Nhơn,Quy Nhơn (Bình Định)
38692711,"Căn hộ 75 m² 2 phòng ngủ, 2 phòng tắm riêng ở Thành phố biển (uminohi - BBnB Home Residence)",Bình Định,Thành phố biển,Quy Nhơn (Bình Định)
33380942,TMS Pullman Quy Nhơn Căn Hộ - Xuân Phương Apartment (TMS Pullman Quy Nhon Can Ho - Xuan Phuong Apartment),Bình Định,28 Nguyễn Huệ,Thành phố biển
22238408,Pimira Homestay - Nhà riêng hai phòng ngủ trung tâm thành phố Quy Nhơn (Pimira Homestay),Bình Định,Thành phố biển,Quy Nhơn (Bình Định)
23385632,"Căn hộ 75 m² 2 phòng ngủ, 1 phòng tắm riêng ở Quy Nhơn (Căn hộ Cao Cấp An Phú Thịnh)",Bình Định,Quy Nhơn,Quy Nhơn (Bình Định)
33480108,"Căn hộ 52 m² 1 phòng ngủ, 1 phòng tắm riêng ở Trung tâm thành phố Quy Nhơn (Mai's Home)",Bình Định,Thành phố biển,Quy Nhơn (Bình Định)
41454544,"Nhà riêng 204 m² 4 phòng ngủ, 4 phòng tắm riêng ở Thành phố biển (Cho thuê Homestay nguyên căn ở QN)",Bình Định,Thành phố biển,Quy Nhơn (Bình Định)
41278073,"Căn hộ 47 m² 1 phòng ngủ, 1 phòng tắm riêng ở Trung tâm thành phố Quy Nhơn (VIP HOUSE)",Bình Định,Thành phố biển,Quy Nhơn (Bình Định)
37034894,Song Suoi Quy Nhon Beachfront Apartment,Bình Định,28 Nguyễn Huệ căn 8A30,Thành phố biển
59336920,Nhà nghỉ Linh Tâm (Nhà Nghỉ Linh Tâm),Bình Định,,Hưng Lương
32184565,LILY HOUSE( Mini home 2PN),Bình Định,440 Đường Hoàng Văn Thụ,Trung tâm thành phố Quy Nhơn
40359239,Khách sạn La Beaute Quy Nhơn (La Beaute Hotel Quy Nhon),Bình Định,No. 141-143 Le Duc Tho,Trần Hung Dao
64197158,Maia Resort Quy Nhơn (Maia Resort Quy Nhon),Bình Định,Một phần điểm số 1,Khu du lịch Nhơn L C t Tiến
51949040,Khách sạn THE LUNA - Boutique (THE LUNA - Boutique Hotel),Bình Định,250/1 Xuan Dieu Str.,Tran Phu Ward
29392314,MERIA Hotel Quy Nhơn (MERIA Hotel Quy Nhon),Bình Định,09 TRƯƠNG VĂN CỦA,Thành phố biển
60140970,TMS Quy Nhơn Sea View,Bình Định,28 Nguyễn Huệ,Thành phố biển
18942590,FLC Grand Hotel Quy Nhon,Bình Định,Zone 4,Nhon Ly - Cat Tien Beach
61056423,Sun Sea Quy Nhơn,Bình Định,05 Trần Văn Ơn,Nguyễn Văn Cừ
61297756,Căn hộ FLC Sea Tower Quy Nhơn (Căn Hộ FLC Sea Tower Quy Nhơn),Bình Định,02 Nguyen Trung Tin,Nguyen Van Cu
64636784,FLC QUY NHƠN-Khách Sạn Trung Tâm Thành Phố-View Biển- Hồ Bơi 4 Mùa (FLC QUY NHON-Khach San Trung Tam Thanh Pho-View Bien- Ho Boi 4 Mua),Bình Định,Nguyễn Trung Tín,Thành phố biển
32808803,Khách sạn UMI HOUSE Quy Nhơn (UMI HOUSE HOTEL QUY NHƠN ),Bình Định,34 Trần Cao Vân,Thành phố biển
5646682,Phú Tài Center (Phu Tai center),Bình Định,56 Âu Cơ,phường Bùi Thị Xuân
17016664,CIEN Hotel,Bình Định,22 Phạm Hồng Thái,Thành phố biển
75887464,Căn hộ Altara Quy Nhơn - Căn hộ 2PN view biển cực chill (Can ho Altara Quy Nhon - Can ho 2PN view bien cuc chill),Bình Định,76 Trần Hưng Đạo 14,Thành phố biển
34400611,Tom Homestay Quy Nhơn (Tom Homestay Quy Nhon),Bình Định,435 Trần Hưng Đạo,Thành phố biển
23124460,Khách sạn Vietnam Taste Quy Nhơn (Vietnam Taste Hotel Quy Nhon - Beachfront),Bình Định,96 Xuân Diệu,P. Hải Cảng
5059387,Khách sạn Hương Việt Quy Nhơn (Huong Viet Hotel Quy Nhon - Beachfront ),Bình Định,102 Xuan Dieu Street,Quy Nhon city
5820443,Tram Anh hotel,Bình Định,34 Nguyen Hue Quy Nhon,Thành phố biển
67600587,CĂN HỘ ALTARA Hương vị Biển (CAN HO ALTARA Huong vi Bien),Bình Định,Thành phố biển,Quy Nhơn (Bình Định)
24248706,Hotel Phương Anh (Hotel Phuong Anh),Bình Định,Đường 19B,Trung tâm thành phố Quy Nhơn
30793117,FLC Sea Tower Quy Nhơn - Trần Apartment,Bình Định,T&#242;a nh&#224; FLC Sea Tower Quy Nhơn,số 66 V&#245; Thị yến Phường Nguyễn Văn Cừ
77418572,Homestay Thiên Trang Sea View (Homestay Thien Trang Sea View),Bình Định,12 Xuân Diệu,Hải Cảng
12410596,Seagate Bungalow Quy Nhơn (Seagate Bungalow Quy Nhon),Bình Định,Đường Võ Nguyên Giáp,Nhơn Hội
63312875,Khách sạn Bel-Air (Bel-Air Hotel),Bình Định,No. 5,Vo Thi Yen
35560301,The Grandparents homestay (The Grandparents Homestay),Bình Định,Nui Mo Coi Residential Area,Tay Son Street
31344599,Aria,Bình Định,139 Phan Đình Phùng,Hostel Aria
32015498,Thanh Lịch Motel (Thanh Lich Motel),Bình Định,122 Chương Dương 122 chương dương,p. Nguyễn văn cừ
73281,Royal Hotel And Healthcare Resort Quy Nhon,Bình Định,01 Hàn mạc tử,Thành phố biển
25117768,nhà Ba cơm Má (nha Ba com Ma),Bình Định,Trung Lương,Cát Tiến
51803322,TMS Sea Condotel View Biển,Bình Định,28 Nguyễn Huệ,Thành phố biển
17930651,Ocean View Quy Nhon Hotel,Bình Định,12 An Dương Vương Quy Nhon,Binh Dinh
56366856,Khách sạn Moonlight Quy Nhơn (Moonlight QuyNhon Hotel),Bình Định,26 Nguyen Viet Xuan street,Ghenh Rang distric
37806216,Khách sạn Eden Quy Nhơn (EDEN QUY NHON HOTEL),Bình Định,60 Mai Xuân Thưởng,E DEN QUY NHON HOTEL
33236834,Cô Ba Homestay (Co Ba Homestay),Bình Định,23 Trần Huy Liệu,Thành phố biển
15635335,Sunrise Guesthouse,Bình Định,12/8 Tran Van On,Thành phố biển
70939303,La Mer Homestay (La Mer Homestay Quynhon),Bình Định,03 Đặng Văn Chấn,Nguyễn Văn Cừ
36852668,FLC SEA TOWER QUY NHON,Bình Định,An Dương Vương,FLC SEA TOWER QUY NHƠN
29850531,KHÁCH SẠN NEW DAY (NEW DAY HOTEL),Bình Định,44 Nguyễn Như Đỗ,Thành phố biển
45494708,Ana's House,Bình Định,19 Nguyễn Lạc,Thành phố biển
38854934,Hotel Thanh Tuy,Bình Định,Ngô Văn Sở 15,Thành phố biển
11023481,Seaside Hotel,Bình Định,39A Nguyen Lac,phuong Tran Phu
16567931,HẢI ÂU BIÊN CƯƠNG (HAI AU BIEN CUONG),Bình Định,08 Bien Cuong Street,Quy Nhon City
9406934,Lưu Ngãi Condotel Quy Nhơn (Luu Ngai Condotel Quy Nhon),Bình Định,92 Vo Thi Yen,Thành phố biển
6877377,MENTO HOTEL QUY NHƠN (MENTO HOTEL QUY NHON),Bình Định,Nguyễn Huệ 409C - 409D,Thành phố biển
77591492,Căn hộ FLC Sea Tower Quy Nhơn Seaview (FLC Sea Tower Quy Nhơn Seaview Apartment),Bình Định,44 Võ Thị Yến,TT. Bình Định
78475755,PUN Retreat & Coffee,Bình Định,1560 Hùng Vương,Phường Quy Nhơn Bắc
64245971,Khu nghỉ dưỡng The Ocean by Fusion Quy Nhơn (The Ocean Resort by Fusion Quy Nhon),Bình Định,A part of mark No.1,Nhon Ly – Cat Tien Beach Resort
65964475,Qy Cossy apt,Bình Định,Trung tâm thành phố Quy Nhơn,Quy Nhơn (Bình Định)
78955776,FLC Sea Tower Quy Nhơn- View Biển (FLC Sea Tower Quy Nhon- View Bien),Bình Định,4b Nguyễn Trung Tín,Thành phố biển
33030754,Khách sạn Green Park 2 (GREEN PARK 2 HOTEL),Bình Định,221 Cần Vương,Trung tâm thành phố Quy Nhơn
3340904,Yen Vy 04 luxury hotel (Yen Vy 04 Luxury hotel),Bình Định,04 tran van on,Thành phố biển
64461080,Vani Homestay,Bình Định,202 Nguyễn Thị Định,Trung tâm thành phố Quy Nhơn
22120731,Căn hộ TMS Quy Nhơn - Ngọc Lan (TMS Quy Nhon - Ngoc Lan Apartments),Bình Định,28 Nguyen Hue,Thành phố biển
14678070,Khách sạn Bình Dương (Khach san Binh Duong),Bình Định,493 An Dương Vương,Thành phố biển
14695528,KHÁCH SẠN HƯNG GIA (HUNG GIA HOTEL),Bình Định,31 Dã Tượng,Trung tâm thành phố Quy Nhơn
78412387,Nhà nghỉ Thái Châu (Nha nghi Thai Chau),Bình Định,Nhà nghỉ Thái Châu 5,Thành phố biển
7062355,Khách Sạn Delight (Delight Hotel),Bình Định,07 Le Loi,Quy Nhon
28523186,Nhà nghỉ 5 Elements (5 Elements Hostel),Bình Định,30 nguyễn nhạc,Trung tâm thành phố Quy Nhơn
11427132,Sun&Sea House Homestay,Bình Định,02/1 An Dương Vương,Thành phố biển
9373144,Green Hotel,Bình Định,08 Chuong Duong street,Nguyen Van Cu ward
4415702,Queen Hotel Quy Nhon,Bình Định,46 Do Doc Bao,Thành phố biển
4840629,Khách sạn Thiên Các 2 (Thien Cac 2 Hotel),Bình Định,44 Nguyễn Tư,Trung tâm thành phố Quy Nhơn
2652740,Red Hotel,Bình Định,10 Binh Ha Street,Thành phố biển
33031155,Căn hộ FLC Sea Tower (FLC SEA TOWER - ST APARTMENT),Bình Định,68 V&#245; Thị Yến,Nguyễn Văn Cừ
11023783,NHÀ TRỌ BED STATION QUY NHƠN (BED STATION HOSTEL QUY NHON),Bình Định,03 Nguyễn Thiếp,Trần Phú
22666065,Căn hộ View Biển - Trung Tâm TP (Hanie Apartment),Bình Định,66 VO THI YEN,NGUYEN VAN CU
8734173,Khách Sạn An Ngân Phú (An Ngan Phu Hotel),Bình Định,186 Dien Hong,Quy Nhon
75243970,Khách sạn Hải Sơn (KHÁCH SẠN HẢI SƠN),Bình Định,45 Nguyễn Tư,Trung tâm thành phố Quy Nhơn
50181533,Chiic House 4 - Khách sạn tình yêu (Chiic House 4 - Khach san tinh yeu),Bình Định,52 Hàn Mặc Tử,Trung tâm thành phố Quy Nhơn
5869073,Anantara Quy Nhon Villas,Bình Định,Khu vực Bai Dai,Phường Quy Nhơn Nam
14910733,Khách sạn Bluesea Quy Nhơn (Bluesea Hotel Quy Nhon),Bình Định,02B Tran Doc,Thành phố biển
34144616,Căn hộ Block A - An Phú Thịnh (Can ho Block A - An Phu Thinh),Bình Định,Quy Nhơn,Quy Nhơn (Bình Định)
79593380,Căn hộ - Cô Ba Homestay 2 (Can ho - Co Ba Homestay 2),Bình Định,Thành phố biển,Quy Nhơn (Bình Định)
8354077,Khách sạn Anh Thảo (Anh Thao Hotel),Bình Định,171 Can Vuong,Trung tâm thành phố Quy Nhơn
33493768,Khách sạn MIA (MIA Hotel ),Bình Định,193 Nguyễn Huệ,Thành phố biển
31645576,Hồng Gấm Hotel (Hong Gam Hotel),Bình Định,28A Chương Dương,phường Nguyễn Văn Cừ
10953678,HongKong1 Hotel,Bình Định,Le Cong Mien Street - Ghenh Rang Ward - Quy Nhon City - Binh Dinh Province,Trung tâm thành phố Quy Nhơn
51086921,"Căn hộ 48 m² 1 phòng ngủ, 1 phòng tắm riêng ở Thành phố biển (TMS Quy Nhơn)",Bình Định,Thành phố biển,Quy Nhơn (Bình Định)
31735416,FLC Sea Tower Quy Nhơn - Căn hộ Seaview (FLC Sea Tower Quy Nhon - Seaview Apartel),Bình Định,02 Nguyễn Trung Tín,Thành phố biển
12233891,Hoa Cat Hotel,Bình Định,11/3 Ngo May,Thành phố biển
5169625,Khách sạn Hữu Phước (Khach san Huu Phuoc),Bình Định,34/34 An Dương Vương 34/34 An Dương Vương,Thành phố biển
12193105,HATA Hotel Quy Nhon,Bình Định,35 Nguyen Nhac,Trung tâm thành phố Quy Nhơn
22217771,Khách sạn Hoàng Oanh Quy Nhơn (Hoang Oanh Hotel Quy Nhon),Bình Định,2A Tran Doc,Quy Nhon beach City
25134987,Khách sạn Nhơn Lý LYS HOTEL (Khach San Nhon Ly LYS HOTEL),Bình Định,Ly Hoa,Nhon Ly
78546431,Khách sạn Đông Tây Quy Nhơn (Khach san Đong Tay Quy Nhon),Bình Định,402 Xuân Diệu,Thành phố biển
5642208,Khách sạn Lake View Quy Nhơn (Lake View Quy Nhon Hotel),Bình Định,44 Bình Hà,Phường Thị Nại
10238843,Thanh Van Hotel,Bình Định,311-313 Dong Da,Thành phố biển
44883298,Khách sạn Y'S Sea House (Y'S Sea House Hotel),Bình Định,190 Xuân Diệu,Trần Phú
4070083,Confetti House,Bình Định,Hàn Mặc Tử To 1,KV3
2636139,Au Lac Hotel,Bình Định,31A Nguyen Lac,Thành phố biển
63351562,Suri's Homestay,Bình Định,51 đường Trần Độc,Trần Ph
22217810,Khách sạn Hương Biển (Huong Bien Hotel),Bình Định,130 Nguyen Hue,Tran Phu
67325024,Bacada,Bình Định,1g3 Nguyễn Thị Định 11,Trung tâm thành phố Quy Nhơn
63188990,Homestay Bảo Châu - Nhơn Lý (Homestay Bao Chau - Nhon Ly Quy Nhon),Bình Định,No. 28,Street No. 7
68341165,YH3 - FLC Sea Tower Quy Nhơn ( YH3 - FLC Sea Tower Quy Nhon),Bình Định,44 Võ Thị Yến,Nguyễn Văn Cừ
287127,Hoang Yen Hotel 3,Bình Định,Số 376,Đường Xuân Diệu
44616110,luxury t&t hotel,Bình Định,09 Võ Thị Yến,phường Nguyễn Văn Cừ
76905078,AN HẠ HOME,Bình Định,,Nhơn Bình
55271354,Khách sạn Anh Phát (Anh Phát Hotel),Bình Định,Ly Hung,Nhon Ly Anh Phat Guesthouse
40473815,TRI'S Homestay,Bình Định,Thông Lý Hưng Xã Nhơn Lý TP Quy Nhơn Tỉnh Bình Định,Nhơn Lý
1177941,Ly Ky Hotel,Bình Định,368 Xuan Dieu,Thành phố biển
60503600,Khu nghỉ dưỡng Royal Bãi Xép Quy Nhơn (ROYAL RESORT BAI XEP QUY NHON),Bình Định,No. 17,Group 3
15309559,Khách sạn Kadupul (Kadupul Hotel),Bình Định,22 Tran Dang Phong,Thành phố biển
30967544,Căn hộ FLC Sea Tower (FLC Sea Tower Apartment),Bình Định,1 Nguyễn Trung Tín,Thành phố biển
285051,Khách Sạn Ý Linh (Y Linh Hotel),Bình Định,số 18,đường Nguyễn Huệ
27837684,Khách sạn Misa (Khach san Misa),Bình Định,102 Tây Sơn,Trung tâm thành phố Quy Nhơn
41656161,"Căn hộ 70 m² 2 phòng ngủ, 1 phòng tắm riêng ở Thành phố biển (TYE APARTMENT - TMS Pullman Quy Nhon)",Bình Định,Thành phố biển,Quy Nhơn (Bình Định)
22235366,Cát Homestay (Cat Homestay),Bình Định,316 Xuân Diệu,Thành phố biển
50957499,JOYCE HOUSE,Bình Định,14 Phan Đăng Lưu,Thành phố biển
37034350,Khách sạn DEZON (DEZON HOTEL),Bình Định,79 Chương Dương,Trung tâm thành phố Quy Nhơn
4934892,Ly Ky Hotel 2,Bình Định,43 Nguyen Lac,Thành phố biển
80351761,"m² 1 phòng ngủ, 3 phòng tắm riêng ở Thành phố biển (Dâu Homestay Quy Nhơn)",Bình Định,Thành phố biển,Quy Nhơn (Bình Định)
41592461,"Nhà riêng 66 m² 2 phòng ngủ, 2 phòng tắm riêng ở Trung tâm thành phố Quy Nhơn (HomeStaytune 5 - Chill Apartment)",Bình Định,Trung tâm thành phố Quy Nhơn,Quy Nhơn (Bình Định)
27823082,Căn hộ Dịch vụ Altara Quy Nhơn (Altara Serviced Residences Quy Nhon),Bình Định,76 Trần Hưng Đạo,Thành phố biển
32406728,Eo Gió Motel (Eo Gio Motel),Bình Định,134-134a chợ nhơn lý nhơn lý,Nhơn Lý
5180707,Flora Quy Nhon Hotel,Bình Định,27 Chương Dương,Thành phố biển
70409036,Khách sạn Tấn Đạt Quy Nhơn (Tấn Đạt Hotel Quy Nhơn),Bình Định,8 Trần Văn Ơn,Nguyễn Văn Cừ
64393779,TMS Quy Nhơn (TMS Quy Nhon),Bình Định,28 Nguyễn Huệ,Thành phố biển
45874598,"Căn hộ Altara 2 phòng ngủ, 2 toilet, đầy đủ nội thất (Căn Altara 2 phòng ngủ, 2 toilet, full nội thất)",Bình Định,76 Trần Hưng Đạo,Altara Recidences
28445756,Khách sạn Minh Khuê (Minh Khue Hotel),Bình Định,Nguyễn Lạc 57,Thành phố biển
21904449,NHÀ TUI Share Quy Nhơn (NHA TUI Share Quy Nhon),Bình Định,52 Trần An Tư,Trung tâm thành phố Quy Nhơn
72814524,Đào Hoa Luxury (Đao Hoa Luxury),Bình Định,30 Trần Anh Tông,Trung tâm thành phố Quy Nhơn
24114829,FLC Sea Tower Quy Nhơn – Căn hộ Thanh lịch (FLC Sea Tower Quy Nhon - The Elegant Apartment),Bình Định,Thành phố biển,Quy Nhơn (Bình Định)
54965633,Khách sạn Kim Ngân,Bình Định,71 Trần Anh Tông 71 Trần Anh Tông,Trung tâm thành phố Quy Nhơn
34414608,VV House & Cafe Quy Nhon Homestay,Bình Định,41 Nguyễn Tư,Trung tâm thành phố Quy Nhơn
36926804,"Căn hộ 110 m² 3 phòng ngủ, 2 phòng tắm riêng ở Trung tâm thành phố Quy Nhơn (FLC SEA TOWER QUY NHON - INDOCHINE HOUSE)",Bình Định,Thành phố biển,Quy Nhơn (Bình Định)
32275093,TMS Quy Nhơn Luxury homestay (TMS Quy Nhơn Luxury Homestay),Bình Định,28 Nguyễn Huệ,Căn hộ TMS LUXURY HOTEL & RESIDENCES Quy Nhơn
49381275,Căn hộ cao cấp FLC Quy Nhơn (FLC Luxury Apartment Quy Nhon),Bình Định,44 Vo Thi Yen,Thành phố biển
59886967,FLC Sea Tower Quy Nhơn 44 Võ Thị Yến ban công view biển (FLC SEA TOWER QUY NHON 44 Võ Thi Yến ban cong view bien),Bình Định,04 Nguyễn Trung T n,Thành phố biển
16208917,Sơn Hà Hotel (Son Ha Hotel),Bình Định,Lô 12,khu BB2 Khu đô thị xanh Vũng Chua
32213655,FLC Sea Tower Quy Nhơn - Charming House (FLC Sea Tower Quy Nhon - Charming House),Bình Định,40 Võ Thị Yến,Thành phố biển
5167594,Hoàng Hưng Hotel (Hoang Hung Hotel),Bình Định,51 Nguyen Lac Street,Tran Phu Ward
37212437,FLC Sea Tower Ocean View Quy Nhon,Bình Định,Nguyễn Trung Tín,Thành phố biển
37014105,"Nhà riêng 120 m² 3 phòng ngủ, 2 phòng tắm riêng ở Thành phố biển (KIM căn hộ khách sạn 3pn view biển )",Bình Định,Thành phố biển,Quy Nhơn (Bình Định)
19866378,"Nhà riêng 20 m² 1 phòng ngủ, 1 phòng tắm riêng ở Thành phố biển (Phòng Đơn xinh xắn )",Bình Định,Thành phố biển,Quy Nhơn (Bình Định)
36434229,TMS Quy Nhơn - Lee Xinh,Bình Định,28 Nguyễn Huệ,Thành phố biển
31181070,"Căn hộ cao cấp 2 phòng ngủ Altara Quy Nhơn tầng cao, view biển - MARIS Condotel (Can ho cao cap 2 phong ngu Altara Quy Nhon tang cao, view bien - MARIS Condotel)",Bình Định,Thành phố biển,Quy Nhơn (Bình Định)
37845372,FLC SEA TOWER Quy Nhơn Apartment - XP Căn Hộ Hướng Biển (FLC SEA TOWER Quy Nhon Apartment - XP Can Ho Huong Bien),Bình Định,66 Võ Thị Yến,Thành phố biển
46373098,Căn hộ du lịch TMS 5 sao (Can ho du lich TMS 5 sao),Bình Định,28 Nguyễn Huệ Tầng 25,căn 31
23172207,"Căn hộ 67 m² 2 phòng ngủ, 1 phòng tắm riêng ở Quy Nhơn (Căn hộ Cao Cấp An Phú Thịnh Garden Tower)",Bình Định,Vo Nguyen Giap,Chung cư An Phú Thịnh Garden Tower
64197143,FLC SeaTower Quy Nhơn (FLC SeaTower Quy Nhon),Bình Định,No. 60,Vo Thi Yen
24084233,"Condotel TMS HOÀNG GIA VIEW BIỂN, TÒA NHÀ CAO NHẤT QUY NHƠN (Condotel TMS HOANG GIA VIEW BIEN, TOA NHA CAO NHAT QUY NHON)",Bình Định,28 Đường Nguyễn Huệ 28 Nguyễn Huệ,thành phố Quy Nhơn
7475500,Song Suối homestay (Song Suoi Homestay),Bình Định,18 Hai Thuong Lan Ong,Thành phố biển
35151542,Abalone House Quy Nhơn,Bình Định,3/16 Ngô Mây,Trung tâm thành phố Quy Nhơn
71700639,Nhà Ann – Căn hộ trước bãi biển – Tháp TMS (Ann House - Beach Front Apartment - TMS Tower),Bình Định,26 Nguyễn Huệ,Phường Lê Lợi
2259164,King Hotel.,Bình Định,68 Han Mac Tu,Trung tâm thành phố Quy Nhơn
66501175,"Căn hộ m² 1 phòng ngủ, 1 phòng tắm riêng ở Thành phố biển (TMS PULLMAN HOTEL, CĂN HỘ TRỰC DIỆN BIỂN)",Bình Định,Thành phố biển,Quy Nhơn (Bình Định)
67471075,TMS Quy Nhon - Rosella Apartment,Bình Định,28 Nguyễn Huệ,Thành phố biển
37728691,"Nhà riêng 46 m² 14 phòng ngủ, 14 phòng tắm riêng ở Thành phố biển (Thanh Tùng Hotel)",Bình Định,Thành phố biển,Quy Nhơn (Bình Định)
79262073,FLC Sea Tower Quy Nhơn -View Biển (FLC Sea Tower Quy Nhon -View Bien),Bình Định,49 Võ Thị Yến,Thành phố biển
34426064,"Căn hộ 65 m² 2 phòng ngủ, 2 phòng tắm riêng ở Trung tâm thành phố Quy Nhơn (Maison de Rose Homestay)",Bình Định,388 Nguyễn Thái Học,809
14627961,SALAH HOTEL,Bình Định,09 Lê Lai,Ngô Mây
66720806,"Căn hộ cao cấp 2 phòng ngủ, 1 phòng khách (Can ho cao cap 2 phong ngu, 1 phong khach)",Bình Định,Thành phố biển,Quy Nhơn (Bình Định)
39457406,Mango House Retreat Quy Nhon,Bình Định,Nhơn Lý,Quy Nhơn (Bình Định)
38588862,"Nhà riêng 400 m² 8 phòng ngủ, 8 phòng tắm riêng ở Quy Nhơn (Denny Homestay)",Bình Định,Denny Homestay,Dai Phu Gia Urban Area
78326452,Rex Hotel Binh Dinh - by BAY LUXURY,Bình Định,02 Can Vuong,Trạm xe buýt
63423570,Căn hộ Du lịch Cho Nữ thuê Ở AN PHÚ THỊNH QUY NHƠN giá rẻ (Can ho Du lich Cho Nu thue O AN PHU THINH QUY NHON gia re),Bình Định,Quy Nhơn,Quy Nhơn (Bình Định)
55942102,Sunny homestay (Sunny Homestay Quy Nhơn),Bình Định,34 Trần Thị Lý,Ghềnh Ráng
31188036,Khách sạn Diễm My (Hotel Diem My),Bình Định,100 QL19B Phù Cát,Trạm xe buýt
52248567,Khách sạn Khải Hoàn (Khach san Khai Hoan),Bình Định,02 Nguyễn Tư,Trung tâm thành phố Quy Nhơn
51655890,FLC Sea Tower Quy Nhơn Condotel Sea View,Bình Định,44 Võ Thị Yến,TT. Bình Định
38667013,Căn hộ khách sạn gần biển TMS Luxury Quy Nhơn - Hanna House (Can ho khach san gan bien TMS Luxury Quy Nhon - Hanna House),Bình Định,Thành phố biển,Quy Nhơn (Bình Định)
36782101,Tony Apartment -FLC Sea Tower Quy Nhon,Bình Định,40 Võ Thị Yến,Thành phố biển
79291811,Thien Hai Home,Bình Định,328 Xuân Diệu,Thành phố biển
34404807,"Căn hộ 60 m² 1 phòng ngủ, 1 phòng tắm riêng ở Thành phố biển (Căn Hộ View biển TMS Qui Nhơn)",Bình Định,Trung tâm thành phố Quy Nhơn,Quy Nhơn (Bình Định)
548583,Hung Dong Hotel,Bình Định,11 Tây Sơn,P. Ghềnh Ráng
31607760,"Căn hộ 70 m² 2 phòng ngủ, 2 phòng tắm riêng ở Thành phố biển (Altara Quy Nhơn-Premium Beach Apartment |High view)",Bình Định,76 Trần Hưng Đạo,Chung cư cao cấp Altara - Tầng 12. Căn hộ 12.12
23698993,TMS Residences Quy Nhơn - Official,Bình Định,28 Nguyen Hue,Phuong Quy Nhon
36826230,"Căn hộ 110 m² 3 phòng ngủ, 2 phòng tắm riêng ở Trung tâm thành phố Quy Nhơn (Căn Hộ Flc Sea Tower 3PN_Tuyền )",Bình Định,Trung tâm thành phố Quy Nhơn,Quy Nhơn (Bình Định)
37656762,FLC SEA TOWER QUY NHON APARTMENT,Bình Định,Nguyễn Trung Tín,FLC SEA TOWER QUY NHON
71447340,Kaze Home Nhon Ly,Bình Định,Ky Co Nhon Ly Summer House,Nhơn Lý
50518251,"Căn hộ 1700 m² 2 phòng ngủ, 2 phòng tắm riêng ở Thành phố biển (Căn Hộ Altara Residences Quy Nhơn)",Bình Định,Thành phố biển,Quy Nhơn (Bình Định)
35068468,"Căn hộ 80 m² 3 phòng ngủ, 2 phòng tắm riêng ở Quy Nhơn (PA house)",Bình Định,Thành phố biển,Quy Nhơn (Bình Định)
37197113,Cá House (Ca House),Bình Định,17 Phan Bội Châu,Thành phố biển
37555079,Lyly's House - Altara Quy Nhơn - Căn hộ view biển 2 phòng ngủ (Lyly's House - Altara Quy Nhon - Can ho view bien 2 phong ngu),Bình Định,76 Trần Hưng Đạo,Thành phố biển
65964651,Quy Nhon FLC seatower cosy apartment,Bình Định,66 Võ Thị Yến,Thành phố biển
37711121,FLC Sea Tower Quy Nhon - 1514 (FLC Sea Tower Quy Nhơn - 1514),Bình Định,Thành phố biển,Quy Nhơn (Bình Định)
6518274,Kim Hoa Hotel,Bình Định,03 Nguyen Nhu Do,( so cu 34/3 An Duong vuong)
30996987,"Căn hộ 47 m² 1 phòng ngủ, 1 phòng tắm riêng ở Thành phố biển (TMS RUSTIC BEACH)",Bình Định,28 Đường Nguyễn Huệ,TMS - tang 8 - Rustic Beach
65481921,FLC QUY NHƠN-Khách Sạn View Biển-Hồ Bơi 4 Mùa-Minh Apartment (FLC QUY NHON-Khach San View Bien-Ho Boi 4 Mua-Minh Apartment),Bình Định,Nguyễn Trung Tín,Thành phố biển
66681991,Quy Nhon TMS cosy apartment,Bình Định,Thành phố biển,Quy Nhơn (Bình Định)
21826617,"Căn hộ 65 m² 2 phòng ngủ, 1 phòng tắm riêng ở Thành phố biển (Căn hộ Studio ban công view biển TMS (Golden Wave))",Bình Định,28 Nguyen Hue,Le Loi Ward
59799226,"Căn hộ 50 m² 1 phòng ngủ, 1 phòng tắm riêng ở Thành phố biển (Căn hộ du lịch biển TMS )",Bình Định,Thành phố biển,Quy Nhơn (Bình Định)
39604990,"Căn hộ 400 m² 1 phòng ngủ, 1 phòng tắm riêng ở Quy Nhơn (MyTran Homestay-HauLoan)",Bình Định,Quy Nhơn,Quy Nhơn (Bình Định)
72814204,Căn hộ Quy Nhơn altara Ali (Can ho Quy Nhon altara Ali),Bình Định,Thành phố biển,Quy Nhơn (Bình Định)
33840154,Khách sạn Vương Quốc 3 (Vương Quốc 3 Hotel),Bình Định,18 Ngô Văn Sở,8 tầng
9362300,"Nhà mặt đất 65 m² 1 phòng ngủ, 1 phòng tắm riêng ở Thành phố biển (BBnB Home Quy Nhon)",Bình Định,8 - 10 Nguyen Cang,Phuong Nguyen Van Cu
38787520,Bãi Xếp Beach (Bai Xep Beach),Bình Định,Tổ 3,khu vực 1 Phường Ghềnh Ráng
39936245,Căn hộ Altara Quy Nhơn - trung tâm thành phố - giáp biển (Can ho Altara Quy Nhon - trung tam thanh pho - giap bien),Bình Định,76 Trần Hưng Đạo,Thành phố biển
32355416,"Căn hộ 71 m² 2 phòng ngủ, 2 phòng tắm riêng ở Thành phố biển (An Nhiên Apartment Căn hộ cao cấp Altara Quy Nhơn)",Bình Định,Thành phố biển,Quy Nhơn (Bình Định)
52285632,TMS Quy Nhơn - HupaSeaRest,Bình Định,28 Nguyễn Huệ,Thành phố biển
23087118,"Căn hộ 50 m² 1 phòng ngủ, 1 phòng tắm riêng ở Trung tâm thành phố Quy Nhơn (FLC sea tower Quy Nhon - Kizz House)",Bình Định,Thành phố biển,Quy Nhơn (Bình Định)
35308672,Căn hộ khách sạn FLC Sea Tower Quy Nhơn Seaview (FLC Sea Tower Quy Nhon Seaview Condotel),Bình Định,Nguyễn Trung Tín,flc sea tower
78975271,Căn hộ TMS OCEAN PANORAMA ( TMS OCEAN PANORAMA - Quy Nhơn Apartment ),Bình Định,28 Nguyễn Huệ,Phường Lê Lợi
34404067,Căn hộ Sea View - Altara Quy Nhơn (Sea View Apartment - Altara Quy Nhon),Bình Định,76 Trần Hưng Đạo,Thành phố biển
70957009,"Căn hộ 70 m² 2 phòng ngủ, 2 phòng tắm riêng ở Thành phố biển (Altara residences Quy Nhon- view biển)",Bình Định,Thành phố biển,Quy Nhơn (Bình Định)
69799137,"Nhà riêng m² 3 phòng ngủ, 2 phòng tắm riêng ở Nhơn Lý (Home SÂU)",Bình Định,Nhơn Lý,Quy Nhơn (Bình Định)
78275123,"m² 5 phòng ngủ, 5 phòng tắm riêng ở Thành phố biển (Homestay mi House quy nhon)",Bình Định,Thành phố biển,Quy Nhơn (Bình Định)
36924743,FLC SEA TOWER QUY NHON - JAPANDI HOUSE,Bình Định,2 Nguyễn Trung Tín,FLC Sea Tower Quy Nhơn
51984745,Wins House - FLC Sea Tower Quy Nhon,Bình Định,44 Võ Thị Yến,TT. Bình Định
78342792,Moon Light Hotel Quy Nhon by BAYLUXURY,Bình Định,26 Nguyen Viet Xuan,Trung tâm thành phố Quy Nhơn
61725966,Khách sạn H Quy Nhơn (H Hotel Quy Nhơn),Bình Định,105A Trần Hưng Đạo,Hải Cảng
77215749,Căn Hộ FLC SEA TOWER Quy Nhơn View Biển Giá Rẻ (Can Ho FLC SEA TOWER Quy Nhon View Bien Gia Re),Bình Định,44e Võ Thị Yến,Thành phố biển
33951936,Căn hộ studio 46 m² có 1 phòng tắm riêng ở Trung tâm thành phố Quy Nhơn (FLC SKY BEACH QUY NHON),Bình Định,Nguyễn Trung Tín,Thành phố biển
31431505,"Căn hộ 95 m² 3 phòng ngủ, 2 phòng tắm riêng ở Thành phố biển (BBnB Home RESIDENCE (Sai Gon))",Bình Định,Lê Đức Thọ,Căn 19.03
67846880,FLC Sea Tower Quy Nhơn-Khách Sạn 5 Sao Mặt Biển-Hồ Bơi Bốn Mùa-TT Apartment (FLC Sea Tower Quy Nhon-Khach San 5 Sao Mat Bien-Ho Boi Bon Mua-TT Apartment),Bình Định,2 Nguyễn Trung Tín 29,Thành phố biển
36928989,"Căn hộ 110 m² 3 phòng ngủ, 2 phòng tắm riêng ở Trung tâm thành phố Quy Nhơn (FLC SEA TOWER QUY NHON - COLOR HOUSE)",Bình Định,Thành phố biển,Quy Nhơn (Bình Định)
25116480,Khách sạn Century Palace (Century Palace Hotel),Bình Định,2 Phan Dinh Phung,Binh Dinh
6873795,Khách sạn Anh Vy (Anh Vy Hotel),Bình Định,08 An Dương Vương,thành phố Quy Nhơn
68415436,SÓNG Coffee & Homestay (SONG Coffee & Homestay),Bình Định,Nhơn Hải,Nhơn Hải
69127458,Nhà Nghỉ Phát Lợi (Nha Nghi Phat Loi),Bình Định,Phát Lợi Hotel 4 tầng,5 phòng
41605947,Ánh Dương (Anh Duong),Bình Định,Xa Nhơn Hải Quy Nhơn Bình Định,Nhơn Hải
79081787,Khách sạn Sơn Hà Quy Nhơn (SƠN HÀ HOTEL QUY NHƠN),Bình Định,12 TRẦN HOÀN QUY NHƠN NAM GIA LAI,Trung tâm thành phố Quy Nhơn
76583795,"Nhà riêng 25 m² 2 phòng ngủ, 1 phòng tắm riêng ở Trạm xe buýt (minh tandsf)",Bình Định,Trạm xe buýt,Quy Nhơn (Bình Định)
33882988,"Căn hộ 106 m² 3 phòng ngủ, 2 phòng tắm riêng ở Trung tâm thành phố Quy Nhơn (FLC SEA TOWER CONDOTEL - FLC Sea Tower Jasmine)",Bình Định,Thành phố biển,Quy Nhơn (Bình Định)
15635334,Trieu Hoang Hotel,Bình Định,37 Chương Dương,Thành phố biển
32700892,"Căn hộ 47 m² 1 phòng ngủ, 1 phòng tắm riêng ở Trung tâm thành phố Quy Nhơn (Unnamed property)",Bình Định,Thành phố biển,Quy Nhơn (Bình Định)
80606377,"Căn hộ m² 1 phòng ngủ, 1 phòng tắm riêng ở Thành phố biển (Homestay Dâu Quy Nhơn)",Bình Định,Thành phố biển,Quy Nhơn (Bình Định)
80156755,"Nhà riêng m² 1 phòng ngủ, 1 phòng tắm riêng ở Thành phố biển (Beachfront Studio Balcony|TMS Quy Nhon Hupasearest)",Bình Định,Thành phố biển,Quy Nhơn (Bình Định)
66720033,"Căn hộ nguyên căn 2 phòng ngủ, 1 phòng khách (Can ho nguyen can 2 phong ngu, 1 phong khach)",Bình Định,Thành phố biển,Quy Nhơn (Bình Định)
36895103,Xuân Hải Complex-Hotel (Xuan Hai Complex-Hotel),Bình Định,Xuân Hải Thôn 4,Bãi Dài
64279350,My Hotel Quy Nhơn (My Hotel Quy Nhon),Bình Định,8/1 An Dương Vương,Thành phố biển
32194319,"Căn hộ 60 m² 2 phòng ngủ, 1 phòng tắm riêng ở Thành phố biển (TMS Quy Nhon - Panoramic beach view 2BRs apartment)",Bình Định,Thành phố biển,Quy Nhơn (Bình Định)
80165738,FLC Sea Tower - View Biển Quy Nhon (FLC Sea Tower - View Bien Quy Nhon),Bình Định,42d Võ Thị Yến,Thành phố biển
34164635,"Căn hộ 42 m² 1 phòng ngủ, 1 phòng tắm riêng ở Thành phố biển (Căn hộ TMS PullMan Quy Nhơn)",Bình Định,Thành phố biển,Quy Nhơn (Bình Định)
80156762,"Căn hộ m² 1 phòng ngủ, 1 phòng tắm riêng ở Thành phố biển (Seafront Studio w/Balcony|TMS Quy Nhon Hupasearest)",Bình Định,Thành phố biển,Quy Nhơn (Bình Định)
52220486,"Căn hộ 80 m² 2 phòng ngủ, 2 phòng tắm riêng ở Trung tâm thành phố Quy Nhơn (FLC Sea Tower 2 Phòng Ngủ View Biển)",Bình Định,44 Võ Thị Yến,Phường Nguyễn Văn Cừ
23172137,"Căn hộ studio 47 m² có 1 phòng tắm riêng ở Thành phố biển (Condotel TMS Quy Nhon, Phong Cách Hoàng Gia)",Bình Định,Thành phố biển,Quy Nhơn (Bình Định)
23147309,Căn hộ studio 47 m² có 1 phòng tắm riêng ở Thành phố biển (TMS Luxury Homestay Direct Ocean View 1 King bed),Bình Định,Thành phố biển,Quy Nhơn (Bình Định)
78928199,Kim Thảo Homestay (Kim Thao Homestay),Bình Định,Thành phố biển,Quy Nhơn (Bình Định)
32886162,Your Home,Bình Định,8 Tong Phuoc Pho,Trung tâm thành phố Quy Nhơn
60012111,"Căn hộ 70 m² 2 phòng ngủ, 2 phòng tắm riêng ở Thành phố biển (Căn Hộ Biển Altara Quy Nhơn)",Bình Định,Thành phố biển,Quy Nhơn (Bình Định)
39633312,"Căn hộ 71 m² 3 phòng ngủ, 2 phòng tắm riêng ở Thành phố biển (Cho thuê căn hộ chuẩn khách sạn)",Bình Định,Thành phố biển,Quy Nhơn (Bình Định)
44504126,"Căn hộ 65 m² 2 phòng ngủ, 2 phòng tắm riêng ở Thành phố biển (Căn hộ cao cấp 2 PN Altara Quy Nhơn, view biển)",Bình Định,Thành phố biển,Quy Nhơn (Bình Định)
41438381,"Nhà riêng 118 m² 3 phòng ngủ, 2 phòng tắm riêng ở Trung tâm thành phố Quy Nhơn (Căn hộ cho thuê FLC SeaTower Qui Nhơn HH)",Bình Định,Thành phố biển,Quy Nhơn (Bình Định)
68611267,MầM Homestay (MaM Homestay),Bình Định,Thành phố biển,Quy Nhơn (Bình Định)
61013937,Khách sạn Kinh Bắc Quy Nhơn (Kinh Bac Hotel Quy Nhon),Bình Định,1120 ui vang,Bãi Dài
46006621,"Căn hộ 70 m² 1 phòng ngủ, 1 phòng tắm riêng ở Trung tâm thành phố Quy Nhơn (Căn hộ studio )",Bình Định,Thành phố biển,Quy Nhơn (Bình Định)
31473405,"Căn hộ 46 m² 1 phòng ngủ, 1 phòng tắm riêng ở Thành phố biển (Căn Hộ Khách Sạn FLC Sea TowerQuy Nhơn-ND Condotel)",Bình Định,Thành phố biển,Quy Nhơn (Bình Định)
80156754,"Nhà riêng m² 1 phòng ngủ, 1 phòng tắm riêng ở Thành phố biển (Luxury Seaview w/Balcony| TMS Quy Nhon Hupasearest)",Bình Định,Thành phố biển,Quy Nhơn (Bình Định)
43194564,"Căn hộ 1000 m² 2 phòng ngủ, 2 phòng tắm riêng ở Thành phố biển (Căn Hộ Altara Quy Nhơn)",Bình Định,Thành phố biển,Quy Nhơn (Bình Định)
31192454,"Căn hộ 40 m² 1 phòng ngủ, 1 phòng tắm riêng ở Thành phố biển (TMS Quy Nhơn)",Bình Định,Thành phố biển,Quy Nhơn (Bình Định)
32863397,"Căn hộ 12 m² 1 phòng ngủ, 1 phòng tắm riêng ở Nhơn Lý (Nhà Nghĩ Trường Phi)",Bình Định,Nhơn Lý,Quy Nhơn (Bình Định)
31234121,"Căn hộ 75 m² 2 phòng ngủ, 2 phòng tắm riêng ở Thành phố biển (Pineapple)",Bình Định,Thành phố biển,Quy Nhơn (Bình Định)
50004282,"Căn hộ 46 m² 1 phòng ngủ, 1 phòng tắm riêng ở Thành phố biển (QUI NHON LUXURY OCEAN HIGH VIEW #27 FLOORS STUDIO)",Bình Định,Thành phố biển,Quy Nhơn (Bình Định)
30978571,FLC Sea Tower Quy Nhơn - Homestay (FLC Sea Tower Quy Nhơn - Homostay),Bình Định,Room 5-29,FLC Sea Tower
45586129,"Căn hộ 25 m² 1 phòng ngủ, 1 phòng tắm riêng ở Trung tâm thành phố Quy Nhơn (moonlingth hotel)",Bình Định,Trung tâm thành phố Quy Nhơn,Quy Nhơn (Bình Định)
38589079,FLC Sea Tower Quy Nhơn - Beach View Condotel (FLC Sea Tower Quy Nhon - Beach View Condotel),Bình Định,Nguyễn Trung Tín,FLC Sea Tower
32831311,"Căn hộ 65 m² 2 phòng ngủ, 2 phòng tắm riêng ở Thành phố biển (Căn hộ khách sạn View Biển- Thành phố Quy Nhơn)",Bình Định,Thành phố biển,Quy Nhơn (Bình Định)
21873230,Căn hộ studio 46 m² có 1 phòng tắm riêng ở Thành phố biển (Căn hộ TMS Luxury Homestay 2 giường đôi view biển),Bình Định,Thành phố biển,Quy Nhơn (Bình Định)
50142265,"Căn hộ 110 m² 2 phòng ngủ, 2 phòng tắm riêng ở Trung tâm thành phố Quy Nhơn (Căn 3PN)",Bình Định,Thành phố biển,Quy Nhơn (Bình Định)
36159944,Căn hộ TMS View Biển Luxury Quy Nhơn (TMS Apartments View Bien Luxury Quy Nhon),Bình Định,28 Nguyễn Huệ,Quy Nhon
55133009,Villa Quy Nhơn Gần Biển Gần Trung Tâm - Biệt Thự Quy Nhơn Gần Biển (Villa Quy Nhon Gan Bien Gan Trung Tam - Biet Thu Quy Nhon Gan Bien),Bình Định,Lê Thánh Tôn,Xuân Diệu
51131340,"Biệt thự 300 m² 8 phòng ngủ, 8 phòng tắm riêng ở Nhơn Lý (Villa Eo Gió)",Bình Định,Nhơn Lý,Quy Nhơn (Bình Định)
70213556,Nhà Của Táo HomeStay Quy Nhơn (Nha Cua Tao HomeStay Quy Nhon),Bình Định,18/9 Trần Văn Ơn,Thành phố biển
78342145,Khách sạn Quy Nhơn Center,Bình Định,51 hoang dieu,Trung tâm thành phố Quy Nhơn
34014948,"Căn hộ 46 m² 1 phòng ngủ, 1 phòng tắm riêng ở Trung tâm thành phố Quy Nhơn (FLC Sea Tower Quy Nhơn - TT Apartment)",Bình Định,Thành phố biển,Quy Nhơn (Bình Định)
31072664,"Căn hộ 50 m² 1 phòng ngủ, 1 phòng tắm riêng ở Thành phố biển (Bighome Quy Nhơn)",Bình Định,Thành phố biển,Quy Nhơn (Bình Định)
62141028,TMS Quy Nhơn The Maris House (TMS QUY NHƠN THE MARIS HOUSE),Bình Định,28 Nguyễn Huệ,Thành phố biển
33382554,Căn Hộ TMS 28 Nguyễn Huệ - Xuan Phuong House (Can Ho TMS 28 Nguyen Hue - Xuan Phuong House),Bình Định,28 Nguyễn Huệ,Thành phố biển
42303337,Gia Hoang Hotel,Bình Định,10 Tú Xương,Thành phố biển
33956176,"Căn hộ 50 m² 1 phòng ngủ, 1 phòng tắm riêng ở Thành phố biển (TMS Pullman Căn Hộ Quy Nhơn - TMS Aparment)",Bình Định,Thành phố biển,Quy Nhơn (Bình Định)
22985737,SUNSHINE HOTEL,Bình Định,11 Trần Văn Ơn,Thành phố biển
76855459,"Nhà riêng m² 1 phòng ngủ, 1 phòng tắm riêng ở Quy Nhơn (Nhà của hân)",Bình Định,Thành phố biển,Quy Nhơn (Bình Định)
55140444,"Căn hộ 400 m² 1 phòng ngủ, 13 phòng tắm riêng ở Thành phố biển (KS HOANG PHAT)",Bình Định,Trung tâm thành phố Quy Nhơn,Quy Nhơn (Bình Định)
38647576,"Căn hộ 71 m² 2 phòng ngủ, 2 phòng tắm riêng ở Thành phố biển (The J'Adore Hotel Quy Nhơn)",Bình Định,Thành phố biển,Quy Nhơn (Bình Định)
25016064,"Căn hộ 47 m² 1 phòng ngủ, 1 phòng tắm riêng ở Thành phố biển (Joyful Seaview Apartment- TMS Quy Nhon)",Bình Định,Thành phố biển,Quy Nhơn (Bình Định)
39068159,"Căn hộ 50 m² 1 phòng ngủ, 1 phòng tắm riêng ở Trạm xe buýt (T^R STUDIO APARMENT)",Bình Định,Trạm xe buýt,Quy Nhơn (Bình Định)
51985843,"Căn hộ 120 m² 3 phòng ngủ, 2 phòng tắm riêng ở Trung tâm thành phố Quy Nhơn (FLC Sea Tower 3 Phòng Ngủ View Biển)",Bình Định,Thành phố biển,Quy Nhơn (Bình Định)
80156756,"Căn hộ m² 1 phòng ngủ, 1 phòng tắm riêng ở Thành phố biển (Chic Studio SeaView | TMS Quy Nhon Hupasearest)",Bình Định,Thành phố biển,Quy Nhơn (Bình Định)
78308336,Lux Căn Hộ View Biển - TMS PullMan SeaView (Lux Can Ho View Bien - TMS PullMan SeaView),Bình Định,28 Nguyễn Huệ,Thành phố biển
38754526,"Nhà riêng 47 m² 1 phòng ngủ, 1 phòng tắm riêng ở Trung tâm thành phố Quy Nhơn (Flc Sea Tower Quy Nhơn- VIP HOUSE)",Bình Định,Thành phố biển,Quy Nhơn (Bình Định)
78341369,Mira Boutique Hotel Quy Nhon,Bình Định,20 Han Mac Tu,Thành phố biển
78345487,FLC Sea Tower - Quynhon Homes,Bình Định,02 nguyen trung tin,
38580621,"Căn hộ 72 m² 2 phòng ngủ, 2 phòng tắm riêng ở Thành phố biển (Phú Tài Residence - Van Tam Services Viet Nam 3)",Bình Định,Thành phố biển,Quy Nhơn (Bình Định)
38635888,"Căn hộ 47 m² 1 phòng ngủ, 1 phòng tắm riêng ở Thành phố biển (Căn hộ TMS và FLC quy nhơn )",Bình Định,Thành phố biển,Quy Nhơn (Bình Định)
34144475,"Căn hộ 65 m² 2 phòng ngủ, 1 phòng tắm riêng ở Quy Nhơn (Summer's House 2 Quy Nhơn)",Bình Định,Quy Nhơn,Quy Nhơn (Bình Định)
31040306,"Căn hộ 62 m² 2 phòng ngủ, 2 phòng tắm riêng ở Thành phố biển (Armin Homes 2 Bedrooms Ocean View Altara Quy Nhon)",Bình Định,Thành phố biển,Quy Nhơn (Bình Định)
32321094,"Nhà riêng 30 m² 2 phòng ngủ, 1 phòng tắm riêng ở Trung tâm thành phố Quy Nhơn (La Luna Quy Nhon)",Bình Định,Trung tâm thành phố Quy Nhơn,Quy Nhơn (Bình Định)
7406850,Khách Sạn Biển Xanh Quy Nhơn (Bien Xanh Hotel Quy Nhon),Bình Định,25 Vo Thi Yen street,Thành phố biển
48543527,Khách sạn Rustic (Rustic Hotel),Bình Định,21 Trần Cao Vân,Trần Phú
30920987,"Căn hộ 71 m² 2 phòng ngủ, 2 phòng tắm riêng ở Thành phố biển (Armin Homes Corner Suites 2 Bedroom with Bathtub)",Bình Định,Thành phố biển,Quy Nhơn (Bình Định)
34259056,"Căn hộ 120 m² 3 phòng ngủ, 3 phòng tắm riêng ở Trung tâm thành phố Quy Nhơn (Căn hộ cao cấp 3 phòng ngủ sát biển FLC Sea Tower)",Bình Định,Thành phố biển,Quy Nhơn (Bình Định)
52668241,"Căn hộ 47 m² 1 phòng ngủ, 1 phòng tắm riêng ở Thành phố biển (Halo Quy Nhơn)",Bình Định,Thành phố biển,Quy Nhơn (Bình Định)
21994531,TMS Apartment studio,Bình Định,28 Đường Nguyễn Huệ 7,Thành phố biển
30794718,Căn hộ studio 55 m² có 1 phòng tắm riêng ở Thành phố biển (TMS tầng 20),Bình Định,Thành phố biển,Quy Nhơn (Bình Định)
36998997,"Căn hộ 54 m² 1 phòng ngủ, 1 phòng tắm riêng ở Thành phố biển (CĂN HỘ ALTARA CAO CẤP)",Bình Định,Thành phố biển,Quy Nhơn (Bình Định)
34465401,"Căn hộ 50 m² 1 phòng ngủ, 1 phòng tắm riêng ở Trung tâm thành phố Quy Nhơn (Căn hộ FLC Sea Tower - Newday Travel Condotel )",Bình Định,Thành phố biển,Quy Nhơn (Bình Định)
37371200,"Căn hộ 83 m² 3 phòng ngủ, 2 phòng tắm riêng ở Quy Nhơn (Quy Nhon Color)",Bình Định,Quy Nhơn,Quy Nhơn (Bình Định)
34145072,"Căn hộ 48 m² 2 phòng ngủ, 1 phòng tắm riêng ở Thành phố biển (T-studio Căn hộ du lịch 2PN ở trung tâm Quy Nhơn)",Bình Định,Thành phố biển,Quy Nhơn (Bình Định)
31496393,"Căn hộ 47 m² 1 phòng ngủ, 1 phòng tắm riêng ở Thành phố biển (Khách sạn ,căn hộ nghỉ dưỡng giá rẻ)",Bình Định,Thành phố biển,Quy Nhơn (Bình Định)
31473368,Lavie2,Bình Định,28 Nguyễn Huệ,Căn hộ TMS LUXURY HOTEL & RESIDENCES Quy Nhơn
36922615,"Căn hộ 45 m² 1 phòng ngủ, 1 phòng tắm riêng ở Trung tâm thành phố Quy Nhơn (FLC Sea Tower - KALA House)",Bình Định,Trung tâm thành phố Quy Nhơn,Quy Nhơn (Bình Định)
52053427,ALTARA Quy Nhơn - Căn hộ cao cấp RUBY (ALTARA Quy Nhơn - RUBY Luxury Apartment),Bình Định,No. 76,Tran Hung Dao
35750938,"Căn hộ 45 m² 1 phòng ngủ, 1 phòng tắm riêng ở Thành phố biển (Altara Department, Hải Cảng, Quy Nhơn, Bình Định)",Bình Định,Thành phố biển,Quy Nhơn (Bình Định)
34653352,FLC Sea Tower Codotel Quy Nhon,Bình Định,66 Võ Thị Yến,Thành phố biển
72816450,TMS Quy Nhơn - Hupasearest Apartment SeaView (TMS Quy Nhon - Hupasearest Apartment SeaView),Bình Định,28 Nguyễn Huệ,Thành phố biển
33499136,"Căn hộ 47 m² 1 phòng ngủ, 1 phòng tắm riêng ở Trung tâm thành phố Quy Nhơn (The Park Home -FLC Sea Tower căn hộ 47m2 view biển)",Bình Định,Thành phố biển,Quy Nhơn (Bình Định)
32843050,"Căn hộ 47 m² 1 phòng ngủ, 1 phòng tắm riêng ở Thành phố biển (LUXURY 1-Bedroom rental apartment OCEAN VIEW)",Bình Định,Thành phố biển,Quy Nhơn (Bình Định)
64276373,FLC Sea Tower Quy Nhơn-Codotel 5 Sao View Trực Diện Biển-Hồ Bơi 4 Mùa (FLC Sea Tower Quy Nhon-Codotel 5 Sao View Truc Dien Bien-Ho Boi 4 Mua),Bình Định,2 Nguyễn Trung Tín,Thành phố biển
32515722,FLC Sea Tower Quy Nhơn - Kadupul Home (FLC Sea Tower Quy Nhon - Kadupul Home),Bình Định,01 Nguyễn Trung Tín,Thành phố biển
37427937,"Căn hộ 45 m² 1 phòng ngủ, 1 phòng tắm riêng ở Thành phố biển (TMS Quy Nhơn 25.31)",Bình Định,Thành phố biển,Quy Nhơn (Bình Định)
33159519,"Căn hộ 50 m² 1 phòng ngủ, 1 phòng tắm riêng ở Thành phố biển (TMS Quy Nhơn căn hộ cao cấp View Biển)",Bình Định,Thành phố biển,Quy Nhơn (Bình Định)
64665774,FLC Sea Tower-Khách Sạn Mặt Biển Trung Tâm TP Quy Nhơn-Hải Apartment (FLC Sea Tower-Khach San Mat Bien Trung Tam TP Quy Nhon-Hai Apartment),Bình Định,Nguyễn Trung Tín,Thành phố biển
31211826,"Căn hộ 40 m² 1 phòng ngủ, 1 phòng tắm riêng ở Trung tâm thành phố Quy Nhơn (Unnamed property)",Bình Định,Thành phố biển,Quy Nhơn (Bình Định)
32348710,"Căn hộ 45 m² 1 phòng ngủ, 1 phòng tắm riêng ở Trung tâm thành phố Quy Nhơn (Unnamed property)",Bình Định,Thành phố biển,Quy Nhơn (Bình Định)
35541229,"Căn hộ 600 m² 1 phòng ngủ, 1 phòng tắm riêng ở Thành phố biển (TMS pullman hioo luxury)",Bình Định,Thành phố biển,Quy Nhơn (Bình Định)
37796754,"Căn hộ 47 m² 1 phòng ngủ, 1 phòng tắm riêng ở Trung tâm thành phố Quy Nhơn (Căn hộ FLC SEA TOWER Quy Nhơn - Mon Aparment)",Bình Định,Thành phố biển,Quy Nhơn (Bình Định)
38589024,"Nhà riêng 280 m² 6 phòng ngủ, 1 phòng tắm riêng ở Trung tâm thành phố Quy Nhơn (Sohi Homestay)",Bình Định,Trung tâm thành phố Quy Nhơn,Quy Nhơn (Bình Định)
38746690,"Căn hộ 47 m² 1 phòng ngủ, 1 phòng tắm riêng ở Trung tâm thành phố Quy Nhơn (FLC Sea Tower Quy Nhơn - VIP HOUSE)",Bình Định,Thành phố biển,Quy Nhơn (Bình Định)
32784739,"Căn hộ 65 m² 2 phòng ngủ, 2 phòng tắm riêng ở Thành phố biển (Căn hộ cao cấp 2 phòng ngủ view cảng biển )",Bình Định,Thành phố biển,Quy Nhơn (Bình Định)
80156759,"Nhà riêng m² 2 phòng ngủ, 1 phòng tắm riêng ở Thành phố biển (Family Seaview Apartment |TMS Quy Nhơn Hupasearest)",Bình Định,Thành phố biển,Quy Nhơn (Bình Định)
34486175,"Căn hộ 110 m² 3 phòng ngủ, 2 phòng tắm riêng ở Trung tâm thành phố Quy Nhơn (FLC SEA TOWER 3BR - Q HOUSE APARTMENT)",Bình Định,Thành phố biển,Quy Nhơn (Bình Định)
72814238,Altara Residences Apartment - Góc View Biển Tầng 15 (Altara Residences Apartment - Goc View Bien Tang 15),Bình Định,Thành phố biển,Quy Nhơn (Bình Định)
39892686,"Căn hộ 70 m² 2 phòng ngủ, 2 phòng tắm riêng ở Thành phố biển (Căn hộ nghĩ dưỡng cao cấp Altara Residences)",Bình Định,Thành phố biển,Quy Nhơn (Bình Định)
37014340,"Nhà riêng 70 m² 2 phòng ngủ, 2 phòng tắm riêng ở Trung tâm thành phố Quy Nhơn (KIM Căn hộ khách sạn 2pn view biển trung tâm tp)",Bình Định,Thành phố biển,Quy Nhơn (Bình Định)
24179314,Căn hộ studio 46 m² có 1 phòng tắm riêng ở Thành phố biển (Căn hộ sang trọng cho gia đình),Bình Định,Thành phố biển,Quy Nhơn (Bình Định)
31638400,"Căn hộ 47 m² 1 phòng ngủ, 1 phòng tắm riêng ở Thành phố biển (TMS QUY NHON 2111)",Bình Định,Thành phố biển,Quy Nhơn (Bình Định)
32355086,"Căn hộ 64 m² 2 phòng ngủ, 2 phòng tắm riêng ở Quy Nhơn (COZI APARTEL )",Bình Định,Trung tâm thành phố Quy Nhơn,Quy Nhơn (Bình Định)
31494498,"Nhà riêng 25 m² 1 phòng ngủ, 1 phòng tắm riêng ở Trung tâm thành phố Quy Nhơn (Khách sạn nhìn ra biển, quảng trường, phố ẩm thực)",Bình Định,Trung tâm thành phố Quy Nhơn,Quy Nhơn (Bình Định)
47771797,Căn hộ studio 47 m² có 1 phòng tắm riêng ở Thành phố biển (Queen Apartment),Bình Định,Thành phố biển,Quy Nhơn (Bình Định)
62895944,Salah Hotel Quy Nhon,Bình Định,09 Le Lai,Ngo May Ward
23070632,Căn hộ FLC Sea Tower Quy Nhơn - Hừng Đông Tourist (FLC Sea Tower Apartment Quy Nhon - Hung Dong Tourist),Bình Định,FLC Sea Tower,Nguyen Trung Tin
51651054,TMS Quy Nhơn-Chuee Homestay (TMS Quy Nhon-Chuee Homestay),Bình Định,Thành phố biển,Quy Nhơn (Bình Định)
51909015,"Căn hộ 50 m² 1 phòng ngủ, 1 phòng tắm riêng ở Thành phố biển (TMS Quy Nhơn Luxury Homestay - Căn Hộ Du Lịch)",Bình Định,Thành phố biển,Quy Nhơn (Bình Định)
65867796,Khách sạn Cosmo Stars Bạc Liêu (COSMO STARS HOTEL BAC LIEU),Bạc Liêu,31A Tran Phu,Phuong Bạc Lieu
64608699,Khách sạn Công Tử Bạc Liêu (Hotel Công Tử Bạc Liêu),Bạc Liêu,Số 139A,Hai B Trưng
67598114,SUNRISE Hotel Bac Lieu,Bạc Liêu,House no 37 - 39,Tran Huynh Street
68145704,Phụng Hoàng Vũ (Phung Hoang Vu),Bạc Liêu,89 Phan Văn Xoàn,Phường 2
18764064,Hotel Sen Việt Bạc Liêu (Hotel Sen Viet Bac Lieu),Bạc Liêu,86 Ninh Bình,Bạc Liêu
64005153,Khách sạn Lucky (Lucky Hotel),Bạc Liêu,No. 8,Phan Dinh Phung
50110519,Khách sạn Thiên Ân Boutique (THIÊN ÂN BOUTIQUE HOTEL),Bạc Liêu,VincomHG-01,HG-03
35052598,Khách sạn Happy (Happy Hotel),Bạc Liêu,57-59 Ngô Quang Nhã,Happy Hotel
1809347,Khách sạn New Palace (New Palace Bac Lieu Hotel),Bạc Liêu,36 Trần Quang Diệu,Khu Địa Ốc
10729253,Khách sạn Vân Nhi (Khach san Van Nhi),Bạc Liêu,56 Đường Lê Hồng Phong,phường 2
517296,Sai Gon Bac Lieu Hotel,Bạc Liêu,2-4-6 Hoàng Văn Thụ,Phường 3
63810199,Nhà nghỉ Bình Dân Số 3 (NHA NGHI BINH DAN SO 3),Bạc Liêu,No. 3,Bridge
924063,Khách sạn Trần Vinh (Tran Vinh Hotel),Bạc Liêu,85-87 đường Hai Bà Trưng,Bạc Liêu
17556303,Tru by Hilton Trung tâm thành phố Bắc Giang (Tru by Hilton Bac Giang City Centre),Bắc Giang,08 Nguyen Van Cu Street,Bắc Giang
48023085,Khách sạn Linn Bắc Giang (Linn Hotel Bac Giang),Bắc Giang,218 Nguyễn Thị Lưu,Bắc Giang
4124059,Khách sạn Ravatel Luxury Bắc Giang (Ravatel Luxury Hotel Bac Giang),Bắc Giang,Số 1,Đường Hùng Vương 1
61642718,Khách sạn Marina Bắc Giang (Marina Hotel Bac Giang),Bắc Giang,No. 162,Nguyen Thi Luu
734886,Khách sạn Mường Thanh Grand Bắc Giang (Muong Thanh Grand Bac Giang Hotel),Bắc Giang,Quảng trường 3/2,đường Hoàng Văn Thụ
3001017,Nhà Ravatel Bắc Giang (Ravatel Home Bac Giang),Bắc Giang,Số 3,Đường Hùng Vương 1
68696969,Vinhomes Sky Park Bắc Giang by QMP (Vinhomes Sky Park Bac Giang by QMP),Bắc Giang,Vinhomes Sky Park,43 Ngô Gia Tự
22039369,Khách sạn Korea Bắc Giang (Korea Hotel Bac Giang),Bắc Giang,10 Minh Khai 2,Hoang Van Thu
28196964,Khách sạn & Suites Mandala Bắc Giang (Mandala Hotel & Suites Bac Giang),Bắc Giang,55 Nguyễn Văn Cừ,phường Bắc Giang
49381642,Khách sạn Sky (Sky Hotel),Bắc Giang,No. 41-42,Van Cao Street
56208600,Khách Sạn Thắng Lợi Bắc Giang (Khach San Thang Loi Bac Giang),Bắc Giang,299 Cả Trọng,Bắc Giang
66760264,"Nhà riêng 40 m² 1 phòng ngủ, 1 phòng tắm riêng ở Bắc Giang (VIN SkyPark BAC GIANG/1Bed/Self checkin/shadow)",Bắc Giang,Bắc Giang,Bắc Giang
52338669,"Căn hộ 100 m² 2 phòng ngủ, 2 phòng tắm riêng ở Bắc Giang (City park view-2BR: Tub&Netflix)",Bắc Giang,59 Nguyen Van Cu,Ngo Quyen Ward
76969955,Sky Night Hotel 2,Bắc Giang,Đường Cao Tốc Bắc – Nam Phía Đông,Bắc Giang
62265740,"Căn hộ 35 m² 1 phòng ngủ, 1 phòng tắm riêng ở Bắc Giang (Vinhomes Sky Park Bắc Giang A)",Bắc Giang,Bắc Giang,Bắc Giang
59602456,Khách sạn Trang Anh Bắc Giang (Trang Anh Hotel Bắc Giang),Bắc Giang,Song Khê 1,Bắc Giang
55641220,Khách sạn Sơn Nữ,Bắc Kạn,Đ. Kon Tum,Đức Xuân
18089960,Nhà nghỉ Phúc Anh - Cơ sở 1 (Nha nghi Phuc Anh - Co so 1),Bắc Kạn,Đường Kon Tum Số 190,Bắc Kạn
50214818,An vũ hotel (An vu hotel),Bắc Kạn,472 Đường Kon Tum,Bắc Kạn
75483969,Thảo Hân Hotel (Thao Han Hotel),Bắc Kạn,1 Trần Hưng Đạo,Bắc Kạn
61045116,Nặm Pé Homestay,Bắc Kạn,Thôn Pác Ngòi,xã Nam Mẫu
58339329,Duy Tuyên Ba Bể homestay Free BBQ (Duy Tuyen Ba Be Homestay Free BBQ),Bắc Kạn,Ban Pac Ngoi,Nam Mau Commune
46771261,Ba Bể Homestay - Nhà Nghỉ Trần Thực (Ba Be Homestay - Nha Nghi Tran Thuc),Bắc Kạn,Thôn Pác Ngòi,Nam Mẫu
46633886,"Nhà riêng 100 m² 3 phòng ngủ, 5 phòng tắm riêng ở Ba Bể (Ba Bể Hada Homestay)",Bắc Kạn,Đường tỉnh 254,Ba Bể
47572929,Ba Be Lake - Nhà Nghỉ Thư Nhạc (Ba Be Lake - Nha Nghi Thu Nhac),Bắc Kạn,nam mẫu ba bể thôn pác ngòi,Ba Bể
33221684,Pac Ngoi Village Homestay,Bắc Kạn,Thôn pác ngòi,xã nam mẫu
16895447,Hoàng Quân Homestay (Hoang Quan Homestay),Bắc Kạn,thôn pác ngòi,xã nam mẫu
2568991,Ba Be lake-Huyen Hao Homestay,Bắc Kạn,Pac Ngoi,Nam Mau
28139087,Nhà dân Ba Bể Green (Ba Be Green Homestay),Bắc Kạn,Pác Ngòi Nam Mẫu Ba Bể Bắc Kạn Pác Ngòi Nam Mẫu Ba Bể Bắc Kạn,Ba Bể
833978,Ba Be Lake View Homestay,Bắc Kạn,Pac Ngoi Village,Ba Be district
15371877,Hoang Hop Homestay - Hostel,Bắc Kạn,9JQQ+67X,Ba Bể
2418983,Hoàng Nguyên Homestay (Hoang Nguyen Homestay Ba Be),Bắc Kạn,254 Pác Ngòi,Nam Mẫu
13876131,Tran Xuan Homestay Ba Be Village,Bắc Kạn,Thôn pác ngòi xã nam mẫu huyện ba bể tỉnh bắc Kạn Thôn pác ngòi,xã Nam mẫu
6772559,Trần Thực homestay-Ba bể (Tran Thuc homestay-Ba be),Bắc Kạn,Thôn pác ngòi - xã nam mẫu - huyện ba bể - tỉnh bắc cạn pác ngòi - ba bể,Ba Bể
27915093,Nhà nghỉ Trần Xuân (Tran Xuan Homestay),Bắc Kạn,Pac Ngoi Village,Nam Mau Ward
18096613,PHÚC ANH Hotel 1 (PHUC ANH Hotel 1),Bắc Kạn,190 Đường Kon Tum,Bắc Kạn
55597116,Nhà nghỉ An Vũ Hotel cơ sở 2 (Nha nghi An Vu Hotel co so 2),Bắc Kạn,381 tá» Giao LÃ¢m,Huyá»n Tá»¥ng
45032826,Tran Xuan Homestay - Hostel,Bắc Kạn,Pac Ngoi Hamlet,Nam Mau Village
78746245,Nhà nghỉ Quang Hưng (Nha nghi Quang Hung),Bắc Kạn,ĐT254,Ba Bể
35745148,"Nhà riêng 250 m² 1 phòng ngủ, 1 phòng tắm riêng ở Ba Bể (Nhà Nghỉ Thư Nhạc)",Bắc Kạn,Ba Bể,Ba Be
59281451,Trần Đức hotel (Tran Đuc hotel),Bắc Kạn,Đường 254,Ba Bể
61731042,Nhà Nghỉ Minh Đức Homestay (Nha Nghi Minh Đuc Homestay),Bắc Kạn,xã Nam Mẫu,Ba Bể
18065463,Nhà nghỉ Phúc Anh - Bắc Kạn (Nha nghi Phuc Anh - Bac Kan),Bắc Kạn,Đường Kon Tum Số 190,Bắc Kạn
18924891,"Nhà riêng 130 m² 1 phòng ngủ, 7 phòng tắm riêng ở Ba Bể (Hồ Ba Be nhà riêng có nơi ngắm phong cảnh)",Bắc Kạn,Ba Bể,Ba Be
55481964,"Nhà riêng 100 m² 9 phòng ngủ, 7 phòng tắm riêng ở An Mã (Dat Diem homestay- Ba Be wooden stilt house)",Bắc Kạn,Ba Bể,Ba Be
70216506,Ba bể Homestay ngọc trinh (Ba be Homestay ngoc trinh),Bắc Kạn,Thôn pác ngòi xã nam mẫu huyện ba bể tỉnh Bắc Kạn,Ba Bể
68603080,Khách sạn Amira Bắc Ninh (Amira Hotel Bắc Ninh),Bắc Ninh,255A Đ. Nguyễn Gia Thiều,P.Tiền An
3064861,Muong Thanh Luxury Bac Ninh Hotel,Bắc Ninh,Số 395,Đường Ng Gia Tự
62101559,Orange Crystal Phoenix hotel,Bắc Ninh,286 Đ. Hàn Thuyên,Đại Phúc
11148891,Grand Phoenix Hotel Bac Ninh,Bắc Ninh,No 25,Ly Thai To Street (6 cross)
60155526,Khách sạn Royal Phoenix Bắc Ninh (Royal Phoenix Hotel Bac Ninh),Bắc Ninh,No. 16,Phu Dong Thien Vuong
61758656,Khách sạn Royal Bắc Ninh (Bac Ninh Royal Hotel),Bắc Ninh,Th nh phố Bắc Ninh,Võ Cường
1723741,Khách Sạn & Spa Le Indochina (Le Indochina Hotel & Spa),Bắc Ninh,Số 45 Nguyễn Đăng Đạo,Phường Suối Hoa
64625935,BEININGGUOJIHOTEL,Bắc Ninh,38 D. LE THAI TO,Võ Cường
78619109,Khách sạn SKY 2 (SKY 2 HOTEL - KHÁCH SẠN BẮC NINH),Bắc Ninh,27 P Hoàng Tích Chù,Võ Cường
56361682,Nga Tây hotel 3 (Nga Tay hotel 3),Bắc Ninh,khách sạn Nga Tây Đại Phúc Bắc Ninh,Trung tâm Thành phố Bắc Ninh
1161192,Smart Hotel,Bắc Ninh,2 To Vinh Dien,Trung tâm Thành phố Bắc Ninh
5859562,Khách Sạn & Spa Mandala Bắc Ninh (Mandala Hotel & Spa Bac Ninh),Bắc Ninh,Khu Thanh Sơn,phường Vũ Ninh
40287196,Sky Night Hotel,Bắc Ninh,Sky Night Hotel,No. 50
36916702,Khu căn hộ Viet Long Complex (Viet Long Complex Residence),Bắc Ninh,30 Ly Thai To,Viet Long Complex Residence
58309764,Modern*1br* Green Pearl Bac Ninh % view pool (Modern*1br* Green Pearl Bac Ninh% Luxury Apt),Bắc Ninh,Đ. L&#234; Th&#225;i Tổ,Võ Cường
46275620,Khách sạn Kezan - 4M2 (Kezan Hotel - 4M2),Bắc Ninh,11 Đường V #245; Cường,Võ Cường
78887940,Gisre Home,Bắc Ninh,319_ 321 đường H n Thuy n .Vũ Ninh .Th nh phố Bắc Ninh .tỉnh Bắc Ninh,Vũ Ninh
32208137,Senna Wellness Retreat,Bắc Ninh,124 Trần Lựu,Vũ Ninh
11117919,Motel Xuân Hòa (Motel Xuan Hoa),Bắc Ninh,29 Hàn Mặc Tử phường Kinh Bắc thành phố Bắc Ninh 29,Trung tâm Thành phố Bắc Ninh
60691145,China Dragon Hotel,Bắc Ninh,No. 115 Ta Quang Buu,Trung tâm Thành phố Bắc Ninh
44876113,Khách sạn SKY Bắc Ninh (SKY HOTEL - KHÁCH SẠN BẮC NINH),Bắc Ninh,36 Nguyen Quyen Sky Motel - 36 Nguyen Quyen,Bac Ninh
32696227,Khách sạn Phoenix 3 Bắc Ninh (Phoenix 3 Hotel Bac Ninh),Bắc Ninh,17 Hai Bà Trưng,Phoenix 3 Hotel
65748384,Khách sạn AMY (AMY HOTEL),Bắc Ninh,Lý Thái Tổ,Trung tâm Thành phố Bắc Ninh
26837340,Khách sạn Smart 2 (Smart Hotel 2),Bắc Ninh,92 Huyền Quang,Trung tâm Thành phố Bắc Ninh
76953185,Khách sạn Lotus 4 (Lotus hotel 4 - Khách sạn Bắc Ninh),Bắc Ninh,180 Đường Âu Cơ,Kinh Bắc
59322707,BEININGHANTINGHOTEL,Bắc Ninh,36NGOC HAN CONG CHUA PTIEN AN,Trung tâm Thành phố Bắc Ninh
55332596,Khách sạn Lotus 2 (Lotus hotel 2 khách sạn bắc ninh),Bắc Ninh,No. 62,Tô Hữu
60692623,Khách sạn Venus Bắc Ninh (Venus Hotel Bắc Ninh),Bắc Ninh,No. 23,K15 Street
1061899,Khách Sạn & Căn Hộ Hana1 Bắc Ninh (Hana 1 Apartment & Hotel Bac Ninh),Bắc Ninh,Số 6-7-8,đường Võ Cường 4
55620447,Vienna Royal Hotel Bac Ninh,Bắc Ninh,No. 32,34
73567791,Tung Bach Boutique Hotel,Bắc Ninh,Tùng Bách Hotel,Vân Dương
67816537,Dream KV HOTEL,Bắc Ninh,03 Hoài Thanh,Ninh Xá
43052904,Kinh Bắc Palace Hotel (Kinh Bac Palace Hotel),Bắc Ninh,15 Đường Lê Thái Tổ,Võ Cường
9827697,Khách sạn CD (CD Hotel),Bắc Ninh,32 - 36 Le Thai To,Võ Cường
68598879,"Căn hộ 30 m² 1 phòng ngủ, 1 phòng tắm riêng ở Bắc Ninh (Căn Hộ Evergreen Đối diện FuKang)",Bắc Ninh,Vũ Ninh,Bắc Ninh
51057656,Khách sạn Atour Phoenix (Atour Phoenix hotel),Bắc Ninh,286 Đ. Hàn Thuyên,Đại Phúc
78981530,Nhà nghỉ Đức Anh 2,Bắc Ninh,Cầu Vượt Đồng Xép,Đồng Xép
52336343,Khách sạn & Căn hộ Lucky Phoenix (LUCKY PHOENIX HOTEL & APARTMENT),Bắc Ninh,286 Han Thuyen,Suoi Hoa Ward
35958422,luxury phoenix hotel,Bắc Ninh,288 Hàn Thuyên,Trung tâm Thành phố Bắc Ninh
73191601,Khu nghỉ dưỡng Xanh Melody (Xanh Melody Resort),Bắc Ninh,Khu do thi AMDI Green City,Dong Son
74558153,Khách sạn Royal Business (Royal Business Hotel),Bắc Ninh,Kh ch sạn Đ ng Th nh Bắc Ninh,Bắc Ninh
44467732,Khách sạn J&C (J&C HOTEL),Bắc Ninh,Provincial road 286,Chi Long village
30868802,Khách sạn Dominic (DOMINIC HOTEL),Bắc Ninh,393 Nguyễn Cao,44
75223316,Khách sạn Nghi Thượng (NGHI THUONG HOTEL),Bắc Ninh,Số 83 L Đăng Đạo,Võ Cường
76059174,Evergreen Bac Giang luxury apartment,Bắc Ninh,,TT. Nếnh
61769258,Phuong Anh Villa 2,Bắc Ninh,No. 4 Nguyen Viet Xuan Street,Trung tâm Thành phố Bắc Ninh
46120819,"Căn hộ 70 m² 2 phòng ngủ, 1 phòng tắm riêng ở Bắc Ninh (Green Pearl Bac Ninh Asahi 2BRt FREE SWIMMING POOL)",Bắc Ninh,Võ Cường,Bắc Ninh
34123276,Glory 3 Hotel Korea Street,Bắc Ninh,166 Ngọc Hân Công Chúa,P.Ninh Xá
61769252,LAVANDER HOTEL,Bắc Ninh,28 Le Thai To,Võ Cường
2809082,Haengbok Hotel,Bắc Ninh,51 Lê Chân,P. Đại Phúc
49501408,VIOLIN BACNINH HOTEL,Bắc Ninh,26 Đ. L&#234; Th&#225;i Tổ,Võ Cường
74721718,BERMAN HOTEL,Bắc Ninh,No. 241,Nguyen Ying Road
39806866,"Nhà riêng 55 m² 1 phòng ngủ, 1 phòng tắm riêng ở Bắc Ninh (Asahi%Green Pearl BacNinh 1PN*near Hyundai% )",Bắc Ninh,Võ Cường,Bắc Ninh
78322677,"Căn hộ m² 1 phòng ngủ, 1 phòng tắm riêng ở Võ Cường (ASH Green Pearl Bac Ninh 1N)",Bắc Ninh,Võ Cường,Bắc Ninh
75890127,Homestay Phương Đông (Homestay Phuong Đong),Bắc Ninh,Phố Nguyễn Ấu Miễn,khu Giang Liễu
48644345,"Căn hộ 60 m² 2 phòng ngủ, 2 phòng tắm riêng ở Bắc Ninh (ASH*2Br Green Pearl Bac Ninh Near Hyundai)",Bắc Ninh,Võ Cường,Bắc Ninh
46045254,"Nhà riêng 55 m² 1 phòng ngủ, 1 phòng tắm riêng ở Bắc Ninh (GreenPearl Apartment 1BR BắcNinh)",Bắc Ninh,Võ Cường,Bắc Ninh
46570254,"Căn hộ 45 m² 1 phòng ngủ, 1 phòng tắm riêng ở Bắc Ninh (Luxury 1br Apartment-BacNinh city-pool/selfcheckin)",Bắc Ninh,Le Thai To Street,Green Pearl
16157788,KHÁCH SẠN DIAMOND STARS BẾN TRE (DIAMOND STARS BEN TRE HOTEL),Bến Tre,140 HUNG VUONG,Phường 3
963857,Ben Tre Riverside Resort,Bến Tre,708 Nguyễn Văn Tư,Phường 7
334357,Viet Uc Hotel,Bến Tre,144,Hung Vuong
69127490,Hung Vuong Hotel,Bến Tre,Việt Nam 148 Hùng Vương,phường An Hội
65964602,HoTel MoTeL ĐỒNG KHỞI (HoTel MoTeL ĐONG KHOI),Bến Tre,D26 Cảnh Quan,Đường Nguyễn Thị Định
34159205,Nhà nghỉ Trúc Mây (Nha nghi Truc May),Bến Tre,133a2 ấp Bình Thạnh,xã Bình Phú
38685736,Nhà nghỉ Ngọc Duy,Bến Tre,61B,ấp Phú Hữu
63942689,Khách Sạn Đông Nam Á 2 (Khach San Đong Nam A 2),Bến Tre,Đại Lộ Đồng Khởi,Phú Khương
36105583,Ecoco Homestay Mekong,Bến Tre,Ngã tư Lộ Làng Ấp Thới An,Xã Châu Hòa
28933149,Nhà nghỉ K house (NHA NGHI K house),Bến Tre,40E khu phố Mỹ Tân,Phường 7
27938350,Nhà dân Năm Binh (Nam Binh Homestay),Bến Tre,Cu Lao Long Thanh 181,Hamlet 1
6261524,Khách sạn Huỳnh Thảo (Huynh Thao Hotel),Bến Tre,69C Đồng Văn Cống,TP. Bến Tre
75796646,Khách sạn Điêu Thuyền Bến Tre (Điêu Thuyền Hotel Bến Tre),Bến Tre,18A3 Khu phố B nh Khởi,phường 6
63405873,Quốc Phương Riverside homestay (Quoc Phuong Riverside Homestay),Bến Tre,,Phú Túc
1082971,Ba Danh Homestay & Kitchen - Ben Tre Mekong,Bến Tre,11D,Group 3
37839856,Homestay Bảo Bình,Bến Tre,156,ap My Duc
60714832,Le Mékong Bleu Homestay (Le Mekong Bleu Homestay),Bến Tre,69C ấp Mỹ An C,xã Mỹ Thạnh An
35133124,Homestay Nam Hàm Luông (Homestay Nam Ham Luong),Bến Tre,204/1 Ấp Thạnh Sơn 1,Xã Thanh Tân
33166256,La villa de CoCo Bến Tre (La villa de CoCo Ben Tre),Bến Tre,Ấp Phú Khương,xã Phú Túc
35839167,"Nhà trệt 25 m² 1 phòng ngủ, 1 phòng tắm riêng ở Phường 7 (SUNNY BUNGALOWS 2)",Bến Tre,Phường 7,Bến Tre
633686,Forever Green Resort,Bến Tre,Ấp Phú Khương,Phú Túc Châu thành Bến Tre
5835797,Khách sạn Hùng Long Bến Tre,Bến Tre,Tỉnh lộ 885,Ấp 1
77689576,Nhà nghỉ - Homestay (Nhà Nghỉ- Homestay Bến Tre),Bến Tre,227A3 Đường Đoàn Hoàng Minh F6 TP Bến Tre,Phường 6
65964798,HOTEL MOTeL ĐỒNG KHỞI (HOTEL MOTeL ĐONG KHOI),Bến Tre,Đường số 2,Phú Tân
76064362,Biển Tôm ốc Homestay Bến Tre - Hồ Bơi & BBQ Garden (Bien Tom oc Homestay Ben Tre - Ho Boi & BBQ Garden),Bến Tre,Lộ Cơ Khí,Bình Phú
47641755,Phòng Sầu Riêng(Durian Room) - Nhà Mơ Homestay (Phong Sau Rieng(Durian Room) - Nha Mo Homestay),Bến Tre,Sơn Đông,Bến Tre
18769772,HÒANG HÔN HOMESTAY (HOANG HON HOMESTAY),Bến Tre,117/B TRẦN VĂN CẦU,MỸ THẠNH AN
335367,Mango Home Riverside,Bến Tre,Ap My Huan,Xa My Thanh
37783939,Hide Away Bungalows in Ben Tre City,Bến Tre,Mười Chín tháng Năm Thửa 39,Nhon Thanh Ward
2600329,Mekong Hotel & Restaurant,Bến Tre,232A,Dong Khoi Avenue
32762860,Người Giữ Rừng homestay (NGƯỜI GIỮ RỪNG HOMESTAY),Bến Tre,ĐT883,Phú Tân
47429707,HEDDIN homestay (HEDDIN HOMESTAY),Bến Tre,Heddin Coffee,plot of land 610 map block 6
64864033,MOTEL Đồng Khởi (MOTEL Đong Khoi),Bến Tre,Nguyễn Thị Định,Phú Tân
63787871,Khu nghỉ dưỡng Sen Hồng Town (Khu Nghi Duong Sen Hong Town),Bến Tre,Bến Tre,Số 749
29379521,Ben Tre Farm Stay,Bến Tre,Cai Suc Bridge,Hamlet 3
33778346,Nông Trại Thảnh Thơi,Bến Tre,Ấp 5,xã Mỹ Thạnh
41172326,Hoa Lan Motel & Homestay,Bến Tre,Thầy Cai,Phường 8
38027168,Khách sạn Sao Mai Bến Tre,Bến Tre,106C ấp Bình Thành,Bình Phú
11766835,"Bungalow 20 m² 1 phòng ngủ, 1 phòng tắm riêng ở Phường 7 (Sunny Bungalows)",Bến Tre,Phường 7,Bến Tre
61764617,MOCAY farmstay,Bến Tre,31 ấp An Quới,xã Định Thủy
59071207,"Căn hộ 20 m² 1 phòng ngủ, 1 phòng tắm riêng ở Phú Khương (Deluxe room with balcony in luxury residence)",Bến Tre,Phú Tân,Bến Tre
45592045,"Phòng Standard giường đôi máy chiếu phim và cửa sổ (Standard room with King bed, Window and Projector)",Bến Tre,Phú Tân,Bến Tre
10653806,Homestay Xóm Dừa Nước (Homestay Xom Dua Nuoc),Bến Tre,Lộ Cầu Nhà Việc Ấp 3,xã Phú Nhuận
45414206,Khách Sạn Vinhomes Huỳnh Hotel (Khach San Vinhomes Huynh Hotel),Bến Tre,949 DT 887,Ấp 2
59338785,Ben Tre Inn,Bến Tre,860 Phú Tự,Phú Hưng
21765480,Maison du Pays de Bến Tre (Maison du Pays de Ben Tre),Bến Tre,Số nhà 239,Ấp 1A
32272169,BenTrestay,Bến Tre,Phú Hưng,Phú Hưng
35036877,Phòng Mơ - Nhà Mơ Homestay Bến Tre (Phong Mo - Nha Mo Homestay Ben Tre),Bến Tre,Sơn Đông,Bến Tre
78059516,Nhà Nghỉ Homestay Bến Tre (Nha Nghi Homestay Ben Tre),Bến Tre,Khách sạn Bến Tre 1,Phường 6
9887560,Coco Happy Farm (Coco Happy Farm ),Bến Tre,Hoa Binh hamlet 2,Luong Hoa village
54463949,Comfy Riverside Mekong homestay Ben Tre,Bến Tre,Cầu Cái Sơn nhơn thạnh,Nhon Thanh
48927243,Homestay Bến Tre,Bến Tre,No. 156,Ap My Duc
74573406,Homestay Xom Que,Bến Tre,Phan Chu Trinh,Tân Thành Bình
984522,Charming Countryside Homestay,Bến Tre,208D Tổ 10,Ấp 4
76968958,Khách sạn Oasis (Khach san Oasis),Bến Tre,151c Âu Cơ,Mỹ Thạnh An
9352823,Mecong Homestay,Bến Tre,Đường Nguyễn Đình Chiểu 398D Ấp Phú Chiến xã Phú Hưng thành phố Bến Tre tỉnh Bến Tre 398D ấp Phú Chiến xã Phú Hưng thành phố Bến Tre tỉnh Bến Tre,Phú Hưng
47639768,Phòng Chôm Chôm (Rambutan Room) - Nhà Mơ Homestay Bến Tre (Phong Chom Chom (Rambutan Room) - Nha Mo Homestay Ben Tre),Bến Tre,Sơn Đông,Bến Tre
58938208,Khách sạn Đại An Bến Tre (Dai An Hotel Ben Tre),Bến Tre,No. 234D8 Hùng Vuong,Phuong 7
65964761,HOTEL MOTeL Đồng Khởi (HOTEL MOTeL Đong Khoi),Bến Tre,D26 Cảnh Quan,Khu Đô Thị Hưng Phú
47639265,Entire Second Floor - Nguyên Tầng 2 - Nhà Mơ Homestay Bến Tre (Entire Second Floor - Nguyen Tang 2 - Nha Mo Homestay Ben Tre),Bến Tre,Sơn Đông,Bến Tre
16386381,Du lịch Hạ Thảo Bến Tre (Du lich Ha Thao Ben Tre),Bến Tre,Ấp 3,xã Nhơn Thạnh
41278071,"Nhà riêng 200 m² 3 phòng ngủ, 5 phòng tắm riêng ở Bến Tre (Hoa Lan Motel & Homestay )",Bến Tre,Phường 8,Bến Tre
3628859,Bentre Coco Lodge,Bến Tre,THANH TÊN,MỎ CÀY BẮC
56325345,Bentrestay,Bến Tre,07C,Phú Hào
80120567,Trịnh's House (Trinh's House),Bến Tre,Phú Đức,Bến Tre
49391915,"Căn hộ 310 m² 5 phòng ngủ, 3 phòng tắm riêng ở Hữu Định (Trốn Homestay Bến Tre)",Bến Tre,Phú Hưng,Bến Tre
41591662,"Nhà riêng 1000 m² 5 phòng ngủ, 3 phòng tắm riêng ở Bình Phú (Hoa Lan Homestay & Garden)",Bến Tre,Bình Phú,Bến Tre
41398170,Vacations time in Vietnam 1,Bến Tre,Ấp Tân hoà ngoài,xã Tân Phú Tây
47378532,"Nhà riêng 100 m² 1 phòng ngủ, 1 phòng tắm riêng ở Sơn Đông (Durian Room - Nhà Mơ Homestay Bến Tre)",Bến Tre,Sơn Đông,Bến Tre
60720104,Unwind in the 'Nacre shell' room,Bến Tre,Ấp Mỹ An C,Mỹ Thạnh An
78053876,Khách Sạn Bến Tre (Khach San Ben Tre),Bến Tre,Khách sạn Bến Tre 13,Phường 6
47640650,Phòng Măng Cụt (Mangosteen room) - Nhà Mơ Homestay Bến Tre (Phong Mang Cut (Mangosteen room) - Nha Mo Homestay Ben Tre),Bến Tre,Sơn Đông,Bến Tre
79295948,Homestay and Tour Ben Tre,Bến Tre,148 Hùng Vương,Phường 3
71714081,Homestay Bao Binh,Bến Tre,156 My Duc,Binh Phu
71657551,"Nhà riêng m² 1 phòng ngủ, 1 phòng tắm riêng ở Mỹ Thành (Modern Thatch)",Bến Tre,16 Lộ Cầu Nhà Việc,Mỹ Thành
32880163,Coco Farmstay,Bến Tre,Thanh Son 4 Hamlet,Thanh Tan Ward
6430907,Nguyet Que Homestay & Tours,Bến Tre,75Đ,Ấp 4
65393904,"m² 1 phòng ngủ, 3 phòng tắm riêng ở Phú Hưng (Nhà nana)",Bến Tre,Phú Hưng,Bến Tre
65964472,Về Nhà homestay (Ve Nha homestay),Bến Tre,Về Nhà Homestay,Phú Túc
33840125,"Nhà riêng 100 m² 1 phòng ngủ, 2 phòng tắm riêng ở Phường 7 (Lò Gạch)",Bến Tre,Phường 7,Bến Tre
36062395,"Nhà riêng 25 m² 1 phòng ngủ, 1 phòng tắm riêng ở Bến Lức (SUNNY BUNGALOW 3)",Bến Tre,Phường 7,Bến Tre
35041669,Phòng Dừa - Nhà Mơ Homestay Bến Tre (Phong Dua - Nha Mo Homestay Ben Tre),Bến Tre,Sơn Đông,Bến Tre
47640845,Entire House - Nhà nguyên căn - Nhà Mơ Homestay Bến Tre (Entire House - Nha nguyen can - Nha Mo Homestay Ben Tre),Bến Tre,Sơn Đông,Bến Tre
78326156,MOTEL DONG KHOI,Bến Tre,D26 KDT Hung Phu,Phú Tân
60738252,Nhà Nguyên Căn - Entire house - Nhà Mơ Homestay Bến Tre (Nha Nguyen Can - Entire house - Nha Mo Homestay Ben Tre),Bến Tre,Sơn Đông,Bến Tre
6165699,khách sạn max boutique (max boutique hotel),Cao Bằng,Số 117 Đường Vườn Cam,Phường Hợp Giang
36709877,Mường Thanh Luxury Cao Bằng (Muong Thanh Luxury Cao Bang),Cao Bằng,42 Kim Đồng,Cao Bằng
55318906,Cao Bang Siu homestay (Cao Bang Siu Homestay),Cao Bằng,20 Phố Thầu,P. Hợp giang
63353065,CLOVER HOUSE (CLOVER HOUSE ),Cao Bằng,No. 28,Thau Street
13307933,Khách Sạn Bảo Ngọc Diamond (Bao Ngoc Diamond Hotel),Cao Bằng,124 phố Bế Văn Đàn,phường Hợp Giang
38008580,Khách sạn La Maison Boutique (La Maison Boutique Hotel),Cao Bằng,1 Hoàng Đình Giong,Cao Bằng
28340158,MiCasa - Nhà gác mái trên đỉnh đồi (MiCasa - Nha gac mai tren đinh đoi),Cao Bằng,tổ 07,phường Hòa Chung
55016165,Bản Nhỏ - Little Village (Ban Nho - Little Village),Cao Bằng,Ql3,ngọc xuân
62182350,Khuoi Han Ecolodge Cao Bang,Cao Bằng,M7Q7+273,QL3
53014927,Khách sạn Indigen Boutique Cao Bằng (Indigen Boutique Hotel Cao Bằng),Cao Bằng,83 Xuan Truong,Hop Giang ward
40302602,Kha Bản Homestay (Kha Ban Homestay),Cao Bằng,3 Pắc Bó Số nhà 048,Ngõ 3 đường Pắc Bó
60893047,Sen's Homestay - Motorbike Rental - Tours- Cao Bang City,Cao Bằng,060,Tổ 7
38536692,DH Homestay Cao Bằng (DH Homestay Cao Bang),Cao Bằng,153 Nước Giáp Hợp Giang,Cao Bằng
35900679,Green Riders House - Motorbike Rental & Tours,Cao Bằng,35 tổ 11 Nà Cạn,P.Sông Bằng
67632025,Primrose Homestay (Primrose Homestay Cao Bang),Cao Bằng,No 18,Hong Viet street
14651636,KHÁCH SẠN HIGHLANDS CAO BẰNG (HIGHLANDS HOTEL CAO BANG),Cao Bằng,019 Ly Tu Trong,Hop Giang
66233983,Bao Lac Homestay Hostel & Coffee,Cao Bằng,Kha R o Village,Kh nh Xu n Commune
31424634,An Homestay & Hostel,Cao Bằng,036 tổ 9 phường sông bằng,Cao Bằng
32266787,Lan's home,Cao Bằng,68 Lý Tự Trọng,Cao Bằng
35232366,Thanh Sơn Homestay-Cao Bằng (Thanh Son Homestay-Cao Bang),Cao Bằng,M782+2V7 Đường thanh sơn thành phố cao bằng tỉnh cao bằng,Cao Bằng
46060673,Tít Mít Homestay (Tít Mít HomeStay),Cao Bằng,A013 TỔ 4 PHƯỜNG T N GIANG TH NH PHỐ CAO BẰNG,Cao Bằng
26054281,Tường Vân Legend Hotel (Tuong Van Legend Hotel),Cao Bằng,tổ 1,phường Đề Thám
7261716,Gia Bảo homestay (Gia Bao Homestay),Cao Bằng,Số nhà 138,tổ 9
36734104,Mỡ homestay (Mỡ homestay Cao Bằng ),Cao Bằng,ward 11,Cao Bằng
2648504,Minh Hoang Hotel & Homestay,Cao Bằng,98 Kim Dong,Hop Giang
17008386,Khách sạn Los Angeles Cao Bằng (Hotel Los Angeles Cao Bang),Cao Bằng,93-Xuan Truong Street -Hop Giang ward,Cao Bằng
39406715,Mỡ Villa Cao Bằng (Mo Villa Cao Bang),Cao Bằng,TNR Star center,tổ 02 phường Đề Thám
2615435,Khách sạn Dương Hà (Duong Ha Hotel),Cao Bằng,Số nh 036,Tổ 7
63330388,Khách sạn Indigen Riverside (Indigen Riverside Hotel Cao Bang),Cao Bằng,31 Đường Hiến Giang,Cao Bằng
29447035,Green Hotel Cao Bằng (Green Hotel Cao Bang),Cao Bằng,tổ 11 phường sông bằng.Tp Cao Bằng số nhà 040,Cao Bằng
64200915,"60 m² 4 phòng ngủ, 5 phòng tắm riêng ở Cao Bằng (Tom Homestay Cao Bằng)",Cao Bằng,191b Phố Kim Đồng,P. Hợp giang
37892149,HỒNG PHƯƠNG HOTEL (HONG PHUONG HOTEL),Cao Bằng,Số 039,Khu Tái Định Cư 3
9364351,Gia Quy Hotel,Cao Bằng,007 Đường Hoàng Đình Giong,Phường Hợp Giang
66753675,Khách sạn Hoàng Anh (Khach san Hoang Anh),Cao Bằng,Cao Bằng Số 131 Kim Đồng,phường Hợp Giang
60790726,Sunshine Hotel - Cao Bang,Cao Bằng,căn 29-30 shophow quảng trường,tổ 2 phường Đề Thám
1602702,Jeanne Hotel,Cao Bằng,99 Kim Dong,Hop Giang
68225346,Bảo Ngọc Diamond Hotel 2 (Bao Ngoc Diamond Hotel 2),Cao Bằng,114 Bế Văn Đàn,tổ dân phố 3
77627382,Queen House,Cao Bằng,Cầu Bằng Giang,Cao Bằng
78346824,Duc Trung Hotel CB by Bayluxury,Cao Bằng,85 Be Van Dan,Cao Bằng
59431315,Khách sạn Đức Khôi (Duc Khoi Hotel),Cao Bằng,No. 11,Song Bang Ward
77464816,Khách sạn An Gia,Cao Bằng,97 Kim Đồng,P. Hợp giang
40307838,Homestay Quyết Thương (Homestay Quyet Thuong),Cao Bằng,Số 109 phường Sông hiến tp cao bằng việt nam,Cao Bằng
40351799,Minh Long Hotel - Motorbike Rental - Cao Bang City,Cao Bằng,Đường Quảng Trường,Cao Bằng
55982837,Nhà hàng 34 Nga Lượng Cao Bằng (Nha hang 34 Nga Luong Cao Bang),Cao Bằng,Sá» nhÃ  001,Tá» 7
39409436,Su Homestay,Cao Bằng,Tổ 9,phường Sông Bằng
45877879,Trường An Hotel,Cao Bằng,116 Phố Thầu,Trường An Hotel
50618113,Minh Loan Hotel,Cao Bằng,162 Đường tỉnh 203 Khu Giữa,thị trấn Nước Hai
36774667,Snu Motel,Cao Bằng,SNU COFFEE & MOTEL,Snu Motel & Coffee
40322970,Hồ Thang Hen (Ho Thang Hen),Cao Bằng,Đường 205 Khu du lịch sinh thái Hồ Thang Hen,Cao Bằng
55897803,Pamela Homestay (Pamela Homestay Cao Bang),Cao Bằng,064 Đường Hiến Giang,P. Hợp giang
70873668,Khách sạn Hoa Việt (Hoa Việt Hotel),Cao Bằng,14 Phố Kim Đồng,Hợp Giang
61296059,Chi's House - Homestay (Chi's House - Homestay Cao Bang),Cao Bằng,4 Phố Thầu,Cao Bằng
43574721,Hồng Vân Homestay (Hong Van Homestay),Cao Bằng,Hồng Việt,Cao Bằng
62423919,Khách sạn Vườn Cam Cao Bằng (Vườn Cam Hotel Cao Bằng),Cao Bằng,118 Vườn Cam,P. Hợp giang
61415936,Cá Homestay (Cá Homestay - Cao Bằng),Cao Bằng,Nước Giáp,Cao Bằng
52209051,Khách sạn Thuỳ Dương (Thuỳ Dương Hotel),Cao Bằng,No. 1,Bao Lac Town
76799855,An Mai Homestay,Cao Bằng,52 Phố Cũ,P. Hợp giang
66179065,Khách sạn Phương Linh (Phương Linh Hotel),Cao Bằng,Tổ d n phố 2,Thị trấn Bảo Lạc
12545789,"Nhà mặt đất 100 m² 9 phòng ngủ, 6 phòng tắm riêng ở Cao Bằng (Homestay khuoi khon)",Cao Bằng,Cao Bằng,Cao Bằng
61732611,Chi's House - homestay (Chi's House - Homestay Cao Bang),Cao Bằng,08 Phố Thầu,P. Hợp giang
72812958,Gold Hotel,Cao Bằng,phường Sông Hiến Tổ 5,Cao Bằng
55618132,cat homestay,Cao Bằng,222 Tổ 11,Cao Bằng
78421741,Khách sạn Á Đông Cao Bằng (Khach san A Đong Cao Bang),Cao Bằng,Khách sạn Á Đông - Cao Bằng,Cao Bằng
66170373,Khu nghỉ dưỡng KOLIA (KOLIA RESORT),Cao Bằng,X m Phia Đ n,X Th nh C ng
23748438,58M Motel,Cao Bằng,Khu tái định cư I phường Sông Hiến,Cao Bằng
63055155,Gia Linh Homestay,Cao Bằng,129 Nước Giáp,Cao Bằng
77689597,Khách sạn Hồng Thu (Hong Thu Hotel),Cao Bằng,205 Phố Kim Đồng,P. Hợp giang
55982266,Nhà hàng Khách Sạn 34 Nga Lượng Cao Bằng (Nha hang Khach San 34 Nga Luong Cao Bang),Cao Bằng,Số nhà 001,Tổ 07
71394758,"m² 3 phòng ngủ, 2 phòng tắm riêng ở Cao Bằng (Chill Homestay)",Cao Bằng,Cao Bằng,Cao Bằng
70215897,Nhà nghỉ Hoa Hồng (Nha nghi Hoa Hong),Cao Bằng,Tổ 12,Cao Bằng
66176576,Loop Hostel (Loop Hostel Cao Bằng),Cao Bằng,276 Tổ 4,Vò Nhạn
70732963,"Căn hộ 53 m² 1 phòng ngủ, 1 phòng tắm riêng ở Cao Bằng (Nhà của Vũ)",Cao Bằng,Cao Bằng,Cao Bằng
66232790,Khách sạn Như Quỳnh (Như Quỳnh Hotel),Cao Bằng,No. 6,Tổ D
59271239,Cao Bang Loop Homestay - Camping & Daily Trekking Tour,Cao Bằng,Xã Cao Chương,Cao Bằng
35313851,Hotel 99,Cao Bằng,Group 10,Ngoc Xuan Ward
79124371,Nhà Nghỉ Gia Linh (Nha Nghi Gia Linh),Cao Bằng,129 Nước Giáp 8 phòng nghỉ,Cao Bằng
1195868,Khách sạn Mường Thanh Luxury Cà Mau (Muong Thanh Luxury Ca Mau Hotel),Cà Mau,Lo C03 A - Khu Trung Tam Hanh Chinh – Chinh Tri Tinh Ca Mau,Phuong An Xuyen
7394734,Khách Sạn Phú Cường Cà Mau (Phu Cuong Hotel Ca Mau),Cà Mau,Pham Ngoc Hien street,Cà Mau
31998528,Khách sạn Ruby (RUBY HOTEL),Cà Mau,19-20A Hung Vuong,Ward 7
49684826,Khách sạn The One Cà Mau,Cà Mau,MG2-19-20-23-24,MG1-01-02-03-04
266768,Khách sạn Ánh Nguyệt (Anh Nguyet Hotel),Cà Mau,207,Phan Ngọc Hiển
4946187,NHÀ KHÁCH KEN (NHA KHACH KEN),Cà Mau,17H Huynh Thuc Khang bridge,Ward 7
9379333,Thanh Truc Hotel Ca Mau,Cà Mau,113 Ngô Quyền,Phường 1
3318119,Song Hung Hotel,Cà Mau,28 Phan Ngọc Hien Street,Ward 2
25128100,KHÁCH SẠN TIẾN PHÁT (KHACH SAN TIEN PHAT),Cà Mau,393A Ly Thuong Kiet,Ward 6
38507463,Nhà Khách Vạn Thành (Nha Khach Van Thanh),Cà Mau,96 Huỳnh Thúc Kháng,Cà Mau
29387156,Như Ngọc Motel (Nhu Ngoc Motel),Cà Mau,Hẻm 221 khóm 3,p6
79116569,Khách sạn Hồng Đức - Hồng Đức Hotel (Khach san Hong Đuc - Hong Đuc Hotel),Cà Mau,Khách sạn Hồng Đức - Hồng Đức Hotel 355A Trần Hưng Đạo,Phường Tân Thành
15625358,Dong Anh Hotel,Cà Mau,25 Đ. Trần Hưng Đạo,Phường
50600100,Khách sạn The One Cà Mau 2 (Khách Sạn The One Hotel Cà Mau 2),Cà Mau,Vincom Plaza,Phường 9
34399427,Khách sạn Thiên Lộc Cà Mau (Thien Loc Ca Mau Hotel),Cà Mau,Quan Lo Phung Hiep street Tan Thanh ward Ca Mau city,Cà Mau
5263201,Sao Kim,Cà Mau,03,Lưu Tấn Tài
79832596,Khu nghỉ dưỡng THU DUY (THU DUY Resort),Cà Mau,323 Lý Thường Kiệt,phường 6
45882328,Khách sạn Thiên Phúc (Khach san Thien Phuc),Cà Mau,38 Lý Bôn 03,Cà Mau
7291113,Khách Sạn Phú An (Phu An Hotel),Cà Mau,Số 24,Nguyễn Ngọc Sanh
544427,Quoc Te Hotel,Cà Mau,179 Đường Phan Ngọc Hiển,Cà Mau
37305910,Nhà khách 369 (Nha khach 369),Cà Mau,169 Đường Lương Thế Vinh,Cà Mau
31060078,Nhà nghỉ Khánh Nhi (Motel Khanh Nhi),Cà Mau,Đường 30/4,k7
30957685,Bungalow - Farmstay Hoa Rừng U Minh (Bungalow - Farmstay Hoa Rung U Minh),Cà Mau,Ấp 15,xã Khánh An
76428205,RUBY Ca Mau,Cà Mau,19 Hùng Vương,phường 7
59085811,PHẠM Homestay Ca Mau (PHAM Homestay Ca Mau),Cà Mau,Cà Mau,Cà Mau
60745901,Nhà Nghỉ THANH LIÊM (Nha Nghi THANH LIEM),Cà Mau,146 Nguyễn Tất Thành,Cà Mau
60281848,"Căn hộ m² 1 phòng ngủ, 1 phòng tắm riêng ở Cà Mau (Homestay Nguyễn Hùng)",Cà Mau,Cà Mau,Cà Mau
62155789,Thanh Nhàn 1 Hotel Cà Mau - by BAYLUXURY (Thanh Nhan 1 Hotel Ca Mau - by BAYLUXURY),Cà Mau,129 Đường Lý Thường Kiệt,Cà Mau
78340715,Khách Sạn Nguyên Hương (Khach San Nguyen Huong),Cà Mau,293 QL1A,Cà Mau
21820974,Anh Thu Hotel,Cà Mau,385 Ly Thuong Kiet,Cà Mau
60746251,Nhà Nghỉ THANH LIÊM (Nha Nghi THANH LIEM),Cà Mau,146 Nguyễn Tất Thành,Cà Mau
67769346,Khách sạn MES - Ngay Bến Ninh Kiều (MES HOTEL - Ngay Ben Ninh Kieu),Cần Thơ,Số 18,Tân Trào
21635966,Apple Hotel,Cần Thơ,431 30/4 Street,Trung tâm thành phố Cần Thơ
41658935,Khách sạn Peony (Peony Hotel),Cần Thơ,No. 31,Chau Van Liem Street
64855051,LION 15 Hotel,Cần Thơ,K9-12 Võ Nguyên Giáp,Cái Răng
71107202,Khách sạn Winny (Winny Hotel),Cần Thơ,22B Đường Lê Thánh Tôn,Bến Ninh Kiều
304309,Khách sạn Vạn Phát Riverside (Van Phat Riverside Hotel),Cần Thơ,số 2 đường Nguyễn Văn Cừ (cồn Khương),phường Cái Khế
690135,Khách sạn Lion 8 (LION 8 Hotel),Cần Thơ,79B Phạm Ngọc Thạch,Cai Khe
46886612,Charmant Suites a Boutique Hotel Cần Thơ (Charmant Suites a Boutique Hotel Can Tho),Cần Thơ,45 Ngo Quyen,Ninh Kieu Ward
51623761,Khách sạn Wink Cần Thơ Ninh Kiều Wharf - 24hrs stay & Rooftop Pool Bar (Wink Hotel Can Tho Ninh Kieu Wharf - 24hrs stay & Rooftop Pool Bar),Cần Thơ,14 Phan Dinh Phung,Tan An
907601,Khách sạn Mường Thanh Luxury Cần Thơ (Muong Thanh Luxury Can Tho Hotel),Cần Thơ,Area E1,Cai Khe River Islet
78705205,Khách sạn MBee (MBee Hotel),Cần Thơ,79 Võ Văn Tần,Tân An
76929593,LION 17 Hotel,Cần Thơ,62 Đường 30 Tháng 4 6,Trung tâm thành phố Cần Thơ
52275401,Khách sạn Kiến An Cần Thơ (Kiến An Hotel Cần Thơ),Cần Thơ,No. 25B,Dinh Cong Trang Street
37286343,LION 6 HOTEL,Cần Thơ,180/9 Đường 30 Tháng 4,Ninh Kiều
76387880,Dâu Biếc homestay (Dau Biec Homestay),Cần Thơ,58 Phạm C ng Trứ,Cái Khế
782987,Khách sạn Nesta Cần Thơ (Nesta Hotel Can Tho ),Cần Thơ,Số 9C,đường Trần Phú
686316,West Hotel,Cần Thơ,88-90-92 Hai Ba Trung ( 135A Phan Đinh Phung),Bến Ninh Kiều
63102579,Khách sạn Thanh Tâm (Thanh Tâm Hotel),Cần Thơ,Room 2B-4B,Street No. 14
32807738,LION 3 HOTEL,Cần Thơ,14-16 Phạm Ngọc Thạch,p cái Khế
64082577,LION 11 Can Tho Hotel,Cần Thơ,33 Đường Châu Văn Liêm,Bến Ninh Kiều
43384,TTC Khách Sạn Cần Thơ (TTC Hotel Can Tho),Cần Thơ,2 Hai B Trưng,Phường Ninh Kiều
1519798,Sheraton Cần Thơ (Sheraton Can Tho),Cần Thơ,Số 209,Đường 30/4
37286652,LION 5 HOTEL,Cần Thơ,4 Đường Hoàng Văn Thái Hưng Phú,Cái Răng
55737063,Khách sạn V'Luna - Quản lý bởi THM (V'Luna Hotel - Managed by THM),Cần Thơ,19-D3 Trần Quang Khải,Cái Khế
568125,Khách sạn và Spa The Iris Signature (The Iris Signature Hotel and Spa),Cần Thơ,Số 224,Đường 30/4
561890,Holiday One Hotel,Cần Thơ,59 Phạm Ngọc Thạch,P. Cái Khế
230577,Khách sạn Ninh Kiều 2 (Ninh Kieu 2 Hotel),Cần Thơ,Số 3 Hòa Bình,P.Tân An
6707929,MIDMOST Boutique Hostel,Cần Thơ,12/3 Đại lộ Hòa Bình,Quận Ninh Kiều
45927198,Khách sạn Riverside 1 (Riverside 1 Hotel ),Cần Thơ,38 L&#234; Lợi,Cái Khế
33661381,LION 7 HOTEL,Cần Thơ,Trần văn trà Số 7,KDC Hưng Phú 1
61869543,Khách sạn KP (KP Hotel),Cần Thơ,No. 09,Nam Ky Khoi Nghia
42530297,Khách sạn Ánh Sáng (Khach san Anh Sang),Cần Thơ,403 Đường 30 Tháng 4,Ninh Kiều
36787239,Khách sạn Rich (Rich Hotel),Cần Thơ,86d Hùng Vương,Rich Hotel
64350457,ON Hotel,Cần Thơ,Đường Trần Văn Sắc,Cái Răng
876769,Number One Hotel,Cần Thơ,1 B Ngo Duc Ke,Tan An
6349240,Lavender Hotel,Cần Thơ,131,KDC P2
25678578,Khách sạn FIT Cần Thơ (FIT Hotel Can Tho),Cần Thơ,D3 - 23 Trần Quang Khải,Cai Khe
46770885,khách sạn tina 5 (khach san tina 5),Cần Thơ,F8-7 -8 -9 nguyễn thị sáu,phú thứ
25128093,Thanh Hằng homestay (Thanh Hang Homestay ),Cần Thơ,54/3 Nguyen Thai Hoc,Tan An Ward
55907056,Khách sạn BIGHOTEL Cần Thơ (BIGHOTEL CẦN THƠ),Cần Thơ,31-33 Trần Quang Khải,Cái Khế
63161438,Nhà nghỉ Sugar (Sugar Motel),Cần Thơ,No. 5,Tran Binh Trong Street
67505197,Khách sạn An (An Hotel ),Cần Thơ,18 Đ. Hoàng Thế Thiện,Hưng Phú
1621283,Khách sạn Ninh Kiều Riverside (Ninh Kieu Riverside Hotel),Cần Thơ,Số 2 đường Hai Bà Trưng,phường Tân An
67846927,LION 16 Hotel,Cần Thơ,13-15 Hoàng Văn Thái,Phường Hưng Phú
70214892,Lynn's House,Cần Thơ,An Bình,Cần Thơ
46592002,09 homestay (09 Homestay),Cần Thơ,No. 11,B9 Street
52067,Khách sạn Asia Cần Thơ (Asia Hotel Can Tho),Cần Thơ,91 Châu Văn Liêm,P.An Lạc
47192567,"Khách sạn Homestay Hostel 1 Phòng ngủ ở Nhà Yến (1 Bedroom Hotel Homestay Hostel in Nha Yen, Can Tho)",Cần Thơ,609 Đường 30/4,Khu vực: Phường Hưng Lợi
72814731,Home Love Nam Long 2,Cần Thơ,Cái Răng,Cần Thơ
46592003,54 Homestay,Cần Thơ,No. 54/7A,Nguyen Thai Hoc
73014935,Nhà khách ARYE (ARYE guest house),Cần Thơ,02-04 kdc Tổ 3A,An Bình
8091632,Khu Nghỉ Dưỡng Cồn Khương Cần Thơ (Con Khuong Resort Can Tho),Cần Thơ,99A Nguyễn Hữu Cầu,Cồn Khương
58349746,Khách sạn Nam Môn Cần Thơ (Nam Môn Hotel Cần Thơ),Cần Thơ,266 Nguyễn Văn Linh,Phường Hưng Lợi
46118471,LION 10 HOTEL,Cần Thơ,9 Phạm Ngọc Thạch,Cái Khế
45141904,MIDMOST CASA,Cần Thơ,11 Võ Thị Sáu,Tân An
36780685,Khách sạn Vạn Lộc (VẠN LỘC HOTEL),Cần Thơ,Vạn Lộc Hotel,76 Dong Khoi Street
64170847,Nhà nghỉ Lộc Duyên ( LỘC DUYÊN MOTEL),Cần Thơ,No. 71a,Tran Vinh Kiet Street
22752684,ADORA CENTRAL PARK,Cần Thơ,6/28 Le Lai,An Phu Ward
80121937,Nhà nghỉ CKC - Gần trung tâm thành phố (CKC Motel - Near Can Tho City Center),Cần Thơ,24 - 26 Đường Trần Văn Nghi m,Bình Thủy
6382640,BangBang Motel,Cần Thơ,88 Xô Viết Nghệ Tĩnh,Phường An Hội
42180571,De Rivé Homestay,Cần Thơ,20 ĐƯỜNG THỦ KHOA HU N,PHƯỜNG T N AN
8514775,MAGNOLIA'S Cần Thơ (MAGNOLIA'S Can Tho),Cần Thơ,79 Chau Van Liem,Tan An
10944,Khách sạn Sài Gòn Cần Thơ (Saigon Can Tho Hotel),Cần Thơ,55 Phan Đình Phùng,P.Tân An
46060247,Khách sạn 101 Cần Thơ (KHÁCH SẠN 101 CẦN THƠ),Cần Thơ,101 Võ Văn Tần,Tân An
58341906,Khách sạn Candy Cần Thơ (Candy Hotel Cần Thơ),Cần Thơ,No. 03,Street 3
11996849,Khách Sạn Tina 2 (Tina 2 Hotel),Cần Thơ,55 Nguyen Thi Sau,Cái Răng
31453044,Khách sạn Đại Quang (Đai Quang Hotel),Cần Thơ,10B Đường số 3 KDC Hồng Phát,Phường An Bình
47890293,Khách sạn Minh Anh (MINH ANH HOTEL),Cần Thơ,Căn D1-2,Dự án Trung tâm thương mại văn phòng và nhà ở Thùy Dương
41305625,COZY HOME (COZY HOME Cần Thơ),Cần Thơ,88/2 đường Đề Th m,Phường An Cư
401008,Khách sạn Huỳnh Lạc (Huynh Lac Hotel Can Tho),Cần Thơ,56-56A-56 Bis Nam Ky Khoi Nghia,Tan An
66678216,Serviced Apartment With High View,Cần Thơ,An Khánh,Cần Thơ
47340608,LION 9 HOTEL,Cần Thơ,6 Đường Lý Tự Trọng,Trung tâm thành phố Cần Thơ
280524,Thành Đạt Resort (Thanh Dat Resort),Cần Thơ,95/4 Nguyễn Văn Cừ Nối Dài,Hẻm Liên tổ 14-13-12-11-10( Hẻm Lò Mổ)
30980337,SodaHouse Cần Thơ,Cần Thơ,Khách sạn Soda House Homestay Cần Thơ Soda House,Bình Thủy
5868425,Hanh Phat 2 Guesthouse,Cần Thơ,249H Tran Hung Dao Noi Dai,Le Binh
10943,Khách sạn International (International Hotel),Cần Thơ,Số 6-8-10-12 đường Hai Bà Trưng,P.Tân An
66747328,HOME 8b,Cần Thơ,71 Đ. 3-2,An Bình
67635338,Khách sạn Lee (Lee Hotel),Cần Thơ,A10-11 Võ Nguyên Giáp,Phú Thứ
70980621,Tru by Hilton Cái Khế (Tru by Hilton Can Tho Cai Khe),Cần Thơ,112 Tran Phu Street,Cai Khe Ward
467025,Khách sạn 65 Hùng Vương (65 Hung Vuong Hotel),Cần Thơ,65 Hung Vuong,Thoi Binh
64246403,Khách sạn VLuna Cần Thơ (VLuna Hotel Can Tho),Cần Thơ,120/40 Trần Phú,Cái Khế
11130894,Green Sunshine Homestay,Cần Thơ,Đường F2 ( Khu dân cư Bình Nhựt),phường An Thới
305595,Khách sạn Linh Phương 8 - Lưu trú 24 giờ (Linh Phuong 8 Hotel - 24 Hours Stay),Cần Thơ,97D Pham Ngoc Thach,phường cái khế
39862533,Nhà nghỉ Huy Hoàng Cần Thơ (HUY HOANG MOTEL CAN THO),Cần Thơ,25 Đ. Lê Lai,Phường An Phú
76930965,Khách sạn Gia Bảo Tây Đô 68 Cơ Sở 4 (HOTEL GIA BẢO TÂY ĐÔ 68 CƠ SỞ 4),Cần Thơ,46 đường số 1 khu đô thị hồng loan,lô 5c
10945,Victoria Can Tho Resort,Cần Thơ,Phường Cái khế,Cái Khế
13349118,Mekong Rose Hotel,Cần Thơ,59-61 Ly Hong Thanh,P. Cai Khe
551811,Anh Dao Mekong Hotel,Cần Thơ,85,Châu Văn Liêm
59206893,C - Home,Cần Thơ,22,Nguyen Viet Hong
55641852,Khách sạn Miền Tây Cần Thơ (MIEN TAY HOTEL CANTHO),Cần Thơ,91 Đ. Mậu Thân,An Phú
33204167,MIDMOST C22 Apartment,Cần Thơ,22 Nguyễn Việt Hồng,Trung tâm thành phố Cần Thơ
71112230,Khách sạn Camellia Cần Thơ (Camellia Hotel Can Tho),Cần Thơ,3-5 Hoang Van Thai,KDC Hung Phu 1
36947195,Chill Guesthouse Can Tho,Cần Thơ,Hẻm 14 Nguyễn Thị Minh Khai 14/187,Trung tâm thành phố Cần Thơ
62265444,Khu nghỉ dưỡng Brown House (Brown House Resort),Cần Thơ,Ấp Mỹ Thuận,X Mỹ Kh nh
78914190,"Nhà riêng m² 4 phòng ngủ, 4 phòng tắm riêng ở Bến Ninh Kiều (Heaven Villa)",Cần Thơ,3 Đ. Nguyễn Du,Tân An
299460,Khách sạn Dona (Dona Hotel),Cần Thơ,Lô B,TTTM Cái Khế
33907539,Khách sạn Monaco (Monaco Hotel),Cần Thơ,No. 69,Nguyen Ngoc Bich Street
16296906,CONVOI HOTEL,Cần Thơ,38 Tran Bach Dang st,An Khanh
49846868,Khách sạn Sky Star 2 (Sky Star 2 Hotel),Cần Thơ,No. 11,B16 Street
78062483,Mekong INN,Cần Thơ,76 Đ. Võ Trường Toản,Cái Khế
12546254,B Home,Cần Thơ,16 Tôn Thất Tùng,Cái Khế
76928305,Nhà nghỉ Gia Bảo Tây Đô 68 Cơ sở 1 (MOTEL GIA BẢO TÂY ĐÔ 68 CƠ SỞ 1),Cần Thơ,45 Đường Trần Hoàng Na,An Bình
402851,Khách sạn Linh Phương (Linh Phuong 2 Hotel),Cần Thơ,07 Trần Đại Nghĩa,Ninh Kiều
1488677,Anh Dao Mekong 2 Hotel,Cần Thơ,8 Xuan Thuy - Khu Dan Cu Hong Phat - Nguyen Van Cu Street,An Bình
49913817,Khách sạn AVA Cần Thơ (AVA Hotel Cần Thơ),Cần Thơ,233/10 Nguyễn Văn Linh,Hưng Lợi
411720,Khách sạn Hậu Giang 2 (Hau Giang 2 Hotel Can Tho),Cần Thơ,06-08 Hai Thuong Lan Ong,Phuong Tan An
37767711,Khach san Hoang Mai,Cần Thơ,589 Võ Văn Kiệt,Bình Thủy
59727650,Khách Sạn Hải Dương (Khach San Hai Duong),Cần Thơ,45 Đường Trần Văn Hoài,Trung tâm thành phố Cần Thơ
76928616,Nhà nghỉ Gia Bảo Tây Đô 68 Cơ Sở 2 (MOTEL GIA BẢO TÂY ĐÔ 68 CƠ SỞ 2),Cần Thơ,151 Đường Nguyễn Văn Cừ,An Bình
16380048,Khách sạn Kim Phụng Ngân (Khach San Kim Phung Ngan),Cần Thơ,Phạm Công Trứ,Cái Khế
60141485,Khách sạn Gia Bảo Tây Đô 68 Cơ Sở 3 (HOTEL GIA BẢO TÂY ĐÔ 68 CƠ SỞ 3 ),Cần Thơ,67b Đường Số 4,kdc
12449234,Holiday 2 Hotel,Cần Thơ,79 Pham NGoc Thach Str.,Cái Khế
5028394,Tulip Hotel,Cần Thơ,D5/10 + D5/11,Đường số 2
75131705,Motel ANA,Cần Thơ,K2-7 đường Võ Nguyên Giáp phường Phú Thứ quận Cái Răng thành phố Cần Thơ,Cái Răng
39581276,Khách sạn Lucasta (Lucasta Hotel),Cần Thơ,2-4 Đường B22,KDC Hưng Phú 1
32626851,Gikgo Can Tho,Cần Thơ,Hùng Vương 61/3 Hung Vuong st,Thoi Binh ward
65964910,Modern Studio w Balcony and Kitchen,Cần Thơ,39 Đường Xuân Hồng,Bình Thủy
76782867,"Dorm bed in center with balcony, rooftop and floating market tour since 2025",Cần Thơ,6/28,Trung tâm thành phố Cần Thơ
67934965,Khách sạn Senior (Senior Hotel),Cần Thơ,7 Đ. Hải Thượng Lãn Ông,Tân An
2968865,Winter Spring Homestay,Cần Thơ,75 Ung Văn Khiêm,Cái Khế
295671,Khách sạn Mỹ Kim (My Kim Hotel),Cần Thơ,12 Tân Trào,Phường Tân An
32616060,WELKOM INN,Cần Thơ,30C/8,đường Nguyễn Văn Trỗi
78363020,Lamy's House,Cần Thơ,Đ. Lý Tự Trọng,Thới Binh
68415219,"Nhà riêng m² 1 phòng ngủ, 1 phòng tắm riêng ở An Khánh (Modern Studio With City View And Kitchen)",Cần Thơ,385F/31-32 Đ. Trần Nam Phú,Xuân Khánh
13422620,Khách sạn Minh Minh Nam (Minh Minh Nam Hotel),Cần Thơ,A4/27,duong so 4
44639212,Khách sạn Hancao (HancaoHotel),Cần Thơ,53B Đường Số 4,An Bình
66466222,Khách sạn Trung Đông (Trung Dong Hotel),Cần Thơ,LK 1B 09-10 Đường Số 1 KĐT Mới STK An Bình Phường An Bình Quận Ninh Kiều,An Bình
59401542,LuxHome Mekong,Cần Thơ,MG2-08.08A,Shophouse Vincom Xuan Khanh
47823627,Khách sạn Nam Đô 2,Cần Thơ,71 Nam Kỳ Khởi Nghĩa; P.T&#226;n An; Q.Ninh Kiều; TP.Cần Thơ,Trung tâm thành phố Cần Thơ
467020,Khách sạn Ninh Kiều Fortuneland (Ninh Kieu Fortuneland Hotel),Cần Thơ,139A Tran Van Kheo Street,Cai Khe Ward
9350793,Legacy Mekong,Cần Thơ,Cồn Ấu,phường Hưng Ph
25140932,CT MORNING,Cần Thơ,81 L Hồng Thanh,Ninh Kiều
36627584,Khách sạn Linh Phương 6 (Linh phuong 6 Hotel),Cần Thơ,No. 167,Pham Hung Street
52943324,Nhà Nghỉ Xuân Lan (Nha Nghi Xuan Lan),Cần Thơ,482/17 Đường 30 Tháng 4,phường Hưng Lợi
61742964,VICTORIA hotel,Cần Thơ,134 Trần Phú,Cái Khế
46595475,Khách sạn Sơn Hà (Khach san Son Ha),Cần Thơ,172/11 Lê Bình,Phường Hưng Lợi
59069878,Sophia Healing House Cần Thơ,Cần Thơ,Room L11-11,No. 48
30846655,Khách sạn Winter Spring Ninh Kiều Quay (Winter Spring Hotel Ninh Kieu Quay),Cần Thơ,22B Lê Thánh Tôn,Bến Ninh Kiều
60576044,NAM HOME,Cần Thơ,Số 8 Hẻm 71 Đ. 3 Th ng 2,An Bình
33553458,Khách sạn Phương Thủy (Phuong Thuy Hotel ),Cần Thơ,No. 14,118 Trần Phu
57135586,Khách sạn Sao Mai (Sao Mai Hotel),Cần Thơ,No. 22,Tran Quang Khai
1762045,Ruby Can Tho Hotel,Cần Thơ,34 Nguyen An Ninh,Bến Ninh Kiều
58861716,Khách sạn Sky Star 3 (Sky Star 3 Hotel),Cần Thơ,190 A1 Duong 30 Thang 4,Phuong Hung Loi
38397945,Khách sạn BITA (KHÁCH SẠN BITA ),Cần Thơ,No. 5,180 Thang 8 Road
6377592,Khách sạn Kim Thủy (Kim Thuy Hotel),Cần Thơ,39 Đ. Ng Quyền,Bến Ninh Kiều
876540,Green Garden homestay (Green Garden Homestay - Can Tho),Cần Thơ,97 Đồng Văn Cống,An Thới
77639392,Khách sạn Soha Cần Thơ (Soha Hotel Cần Thơ),Cần Thơ,57 Đường B13,Hưng Phú
52675746,Nhà nghỉ ven sông Trần Phú (Tran Phu Riverside House),Cần Thơ,79/10 Tran Phu Street,An Cu Ward
55762471,Ngọc Mai 1 Hotel,Cần Thơ,50 Lý Hồng Thanh,Cái Khế
5617707,Hometravel Mekong Cần Thơ (Hometravel Mekong Can Tho),Cần Thơ,178c Cầu Ông Tiêm,Khu vực Thạnh Mỹ
64866468,Camellia Home Can Tho Center,Cần Thơ,108 Đường Lê Lai,Trung tâm thành phố Cần Thơ
59002679,Pandora Hotel CT by BAY LUXURY,Cần Thơ,Nguyễn Thị Tính,Bình Thủy
7487839,Fabulous Mekong Homestay,Cần Thơ,Trung tâm thành phố Cần Thơ,Cần Thơ
68561166,Khách sạn Senior 1 Cần Thơ (Senior Hotel 1 Can Tho),Cần Thơ,46-48 Đường Trần Đại Nghĩa,Cái Khế
45881770,Can Tho Riverside Hostel,Cần Thơ,454B Đinh Công Chánh,Bình Thủy
30434178,"Biệt thự 100 m² 1 phòng ngủ, 1 phòng tắm riêng ở Ninh Kiều (Nhà của Ngỗng - Goose home)",Cần Thơ,An Bình,Cần Thơ
45468557,Khách sạn Minh Minh Nam 2 (MINH MINH NAM 2 HOTEL),Cần Thơ,No. 45-46 Nguyen Van Quang,KDC Nam Long
241110,Kim Lan Hotel,Cần Thơ,138A Nguyen An Ninh Street,Tan An Ward
37295387,"Nhà trệt 45 m² 1 phòng ngủ, 1 phòng tắm riêng ở An Khánh (Cherry Blossom (Nhu’s House 2))",Cần Thơ,An Khánh,Cần Thơ
871761,Tan Loc Hotel,Cần Thơ,120 E Tran Phu,Cái Khế
75908164,Lam Homestay Minihouse,Cần Thơ,Trung tâm thành phố Cần Thơ,Cần Thơ
60787310,HO GIA AN Home - Nguyên căn gần Bệnh Viện ĐHYD (HO GIA AN Home - Nguyen can gan Benh Vien ĐHYD),Cần Thơ,65 Đường Chu Văn An,An Khánh
19150709,Linh Phương 1 Hotel (Linh Phuong 1 Hotel),Cần Thơ,161 Trần Văn Khéo 161 Trần Văn Khéo,P.Cái Khế
33956733,Khách sạn Kim Phụng Ngân (KIM PHỤNG NGÂN),Cần Thơ,No. 126,Pham Cong Tru
56324606,Hưng Thịnh Hotel Cần Thơ - by Bay Luxury (Hung Thinh Hotel Can Tho - by Bay Luxury),Cần Thơ,272e Đ. 30 Tháng 4,Ninh Kiều
33589695,Khách sạn Lê My (Hotel Le My),Cần Thơ,70/60/4 CMT8,Cái Khế
55766207,"Căn hộ 100 m² 1 phòng ngủ, 1 phòng tắm riêng ở An Bình (Phòng Thường)",Cần Thơ,An Bình,Cần Thơ
2191178,Dan Sinh Homestay,Cần Thơ,Ong Tiem Bridge,Thanh Hoa
51972436,Nhà nghỉ Trung Hậu (MOTEL TRUNG HẬU),Cần Thơ,30/8 Nguyễn Văn Linh Phường Hưng Lợi Quận Ninh Kiều TP Cần Thơ,MOTEL TRUNG HẬU
290238,Nam Bo Boutique Hotel,Cần Thơ,Số 1 đường Ngô Quyền,P.Tân An
240224,Khách sạn Kim Thơ (Kim Tho Hotel),Cần Thơ,1 Ngô Gia Tự. Phường Tân An,Quận Ninh Kiều
59417330,Dưa Hấu House (Dua Hau House),Cần Thơ,An Bình,Cần Thơ
290234,Khách sạn Linh Phương 3 (Linh Phuong 3 Hotel),Cần Thơ,55-57 Phạm Ngọc Thạch,P.Cái Khế
79078176,"m² 1 phòng ngủ, 1 phòng tắm riêng ở Trung tâm thành phố Cần Thơ (MMT Homestay)",Cần Thơ,Đ. Hồ Bún Xáng,Phường An Khánh
21169915,Khách sạn Hoàng Sơn (Hoang Son Hotel),Cần Thơ,191A Trần Văn Kh&#233;o,Cái Khế
60880131,Khách sạn Long Hà (Khach san Long Ha),Cần Thơ,107A Mậu Thân,Trung tâm thành phố Cần Thơ
33650048,Winter Spring Homestay Center,Cần Thơ,14 Trần Đại Nghĩa,Cái Khế
40409197,Bê Tông Residences homestay (BÊ TÔNG RESIDENCES HOMESTAY),Cần Thơ,1 Đ. Lê Lai,Trung tâm thành phố Cần Thơ
410813,Kim Long Hotel,Cần Thơ,9 Chau Van Liem - P Tan An - Q Ninh Kieu,Bến Ninh Kiều
78983889,Homestay F&B Lữ Gia,Cần Thơ,Khu dân cư Hồng Loan,Hưng Thành
879581,Thanh Ha Guesthouse,Cần Thơ,118/14 Phan Dinh Phung,Bến Ninh Kiều
68207455,Nhà nghỉ Thiên Phúc 1 (Motel Thiên Phúc 1),Cần Thơ,35 Lý Hồng Thanh phường cái khế quận Ninh Kiều thành phố cần Thơ,Cái Khế
62518002,Quynh My Motel,Cần Thơ,272 Đường A2,Cái Răng
56181905,"Nhà trệt 100 m² 1 phòng ngủ, 1 phòng tắm riêng ở An Bình (Floating market cabin, tropical, paceful)",Cần Thơ,Khu dân cư 923,An Bình
30895417,Can Tho Home & Apartment 1,Cần Thơ,Bến Ninh Kiều,Cần Thơ
10240198,Casa Eco Mekong Homestay,Cần Thơ,77 Nguyen Van Linh,ql 91B
46693559,Nhà dân & Quán cà phê Bến Đò Xưa (Ben Đo Xua Homestay & Coffee),Cần Thơ,23 Nguyễn Việt Dũng,Cái Răng
12490490,"Nhà mặt đất 80 m² 1 phòng ngủ, 1 phòng tắm riêng ở Bến Ninh Kiều (LaLa mini house + Balcony - 5min to Ninh Kieu Quay)",Cần Thơ,Bến Ninh Kiều,Cần Thơ
406842,Khách sạn Hậu Giang Cần Thơ (Hau Giang Hotel Can Tho),Cần Thơ,34 Nam Kỳ Khởi Nghĩa,Quận Ninh Kiều
6382563,Mỹ Ngọc Hotel (My Ngoc Hotel),Cần Thơ,25 châu văn liêm phường tân an ninh kiều thành phố cần thơ 25,Bến Ninh Kiều
6875126,Royal Hotel Can Tho,Cần Thơ,A6,43-45 Mai Chi Tho
74631303,Nhà Nghỉ LỆ TRÂN 2 (Nha Nghi LE TRAN 2),Cần Thơ,Nhà Nghỉ LỆ TRÂN 2 Số 4 Ngô Sĩ Liên,Phường Hưng Lợi
63317518,"Nhà riêng m² 1 phòng ngủ, 1 phòng tắm riêng ở Ninh Kiều (Compact and clean)",Cần Thơ,Ninh Kiều,Cần Thơ
9646431,The Lighthouse (The Lighthouse),Cần Thơ,120 Hai Ba Trung,Bến Ninh Kiều
37006049,Khách Sạn Nhà Mình (Khach San Nha Minh),Cần Thơ,288B,đường Phạm Hùng
3007719,Khoa Phu Hotel,Cần Thơ,C3,3T2 Lane
36546170,PINK Hotel Cần Thơ (PINK Hotel Can Tho),Cần Thơ,2 Bà Triệu 2/2A,Bến Ninh Kiều
13379397,AN NGỌC HOTEL (AN NGOC HOTEL),Cần Thơ,26 Lý Hồng Thanh,Phường Cái Khế
9401797,Orchid Garden homestay (Orchid Garden Homestay Can Tho),Cần Thơ,144A Cach Mang Thang Tam,Bui Huu Nghia Ward
72812312,Ann Homestay,Cần Thơ,Đường Trương Vĩnh Nguyên,Cái Răng
79344951,Tây Đô Hostel,Cần Thơ,1 Trần Bạch Đằng,Ninh Kiều
77178466,306MSNK Luxe Twin Studio l Balcony & Kitchen,Cần Thơ,Bến Ninh Kiều,Cần Thơ
64546802,Homestay Bờ Hồ Cần Thơ,Cần Thơ,196 Huỳnh Cương,Trung tâm thành phố Cần Thơ
68794256,Nhà nghỉ Mỹ Linh (nhà nghỉ mỹ linh),Cần Thơ,Cao Minh Lộc,Phú Thứ
39458796,Homestay Cô Gái Việt (Homestay Co Gai Viet),Cần Thơ,132 Hùng Vương,Trung tâm thành phố Cần Thơ
64191701,HUỲNH MAI hostel (HUỲNH MAI HOSTEL),Cần Thơ,D3 - 16 Trần Quang Khải,Cái Khế
62153288,"Nhà riêng 112 m² 2 phòng ngủ, 2 phòng tắm riêng ở Ninh Kiều (T-House 304)",Cần Thơ,304 Đ. 30 Tháng 4,Xuân Khánh
52242954,Khách sạn Lâm Nguyễn (Hotel Lâm Nguyễn),Cần Thơ,No. 130,Hai Ba Trung Street
48480524,Khách sạn Sky Star (Sky Star Hotel),Cần Thơ,No. 1-3,B23 Street
6347970,Queenie House,Cần Thơ,1/76 Lý Tự Trọng,quận Ninh Kiều
74050556,Cozy 86 homestay (Cozy 86 Homestay),Cần Thơ,86/33 Đ. Lý Tự Trọng,Tân An
36697919,"Nhà riêng 20 m² 1 phòng ngủ, 2 phòng tắm riêng ở An Bình (HO GIA AN Home - Phòng view ban công - chợ nổi)",Cần Thơ,An Bình,Cần Thơ
76964990,402MSNK Luxe Studio l Nice View l Balcony l Kitchen,Cần Thơ,Bến Ninh Kiều,Cần Thơ
64626063,"Nhà riêng m² 1 phòng ngủ, 1 phòng tắm riêng ở Bến Ninh Kiều (Home Can Tho)",Cần Thơ,Bến Ninh Kiều,Cần Thơ
79170264,"Nhà riêng m² 1 phòng ngủ, 1 phòng tắm riêng ở Ninh Kiều (Phòng đôi giá rẻ sạch sẽ tiện nghi ngay trung tâm)",Cần Thơ,An Khánh,Cần Thơ
39901214,HO GIA AN Home - Căn hộ ngay Trung Tâm (HO GIA AN Home - Can ho ngay Trung Tam),Cần Thơ,Cái Khế,Cần Thơ
64466546,Hai Homestay And Space,Cần Thơ,An Khánh,Cần Thơ
5327697,Khách sạn Hoàng Hải Đăng 1 (Hoang Hai Dang 1 Hotel),Cần Thơ,60 Nguyễn An Ninh,Phường Tân An
72699623,Chat Homestay,Cần Thơ,18 Đ. Thủ Khoa Hu n,Bến Ninh Kiều
39523906,"Căn hộ 17 m² 1 phòng ngủ, 1 phòng tắm riêng ở Cái Răng (Grandma's House 2)",Cần Thơ,53/6 Võ Tánh,Grandma's House
37341889,"Nhà riêng 65 m² 2 phòng ngủ, 2 phòng tắm riêng ở Bến Ninh Kiều (Can Tho Home & Apartment 3 )",Cần Thơ,Bến Ninh Kiều,Cần Thơ
11130483,Green Sunshine 2,Cần Thơ,( Khu dân cư Bình Nhựt) Đương F2,phuong Long Hòa
72816765,Mie Homestay 3 Cần Thơ (Mie Homestay 3 Can Tho),Cần Thơ,82b1 Đường Ung Văn Khiêm,Cái Khế
49176857,"Nhà riêng 100 m² 3 phòng ngủ, 2 phòng tắm riêng ở Cái Khế (T-House)",Cần Thơ,Trung tâm thành phố Cần Thơ,Cần Thơ
39898768,BE TONG Residences,Cần Thơ,Trung tâm thành phố Cần Thơ,Cần Thơ
72810476,Nhà Nghỉ Mỹ Linh (Nha Nghi My Linh),Cần Thơ,10 Cao Minh Lộc E8-15,Cái Răng
63272183,Khách sạn Hân Nam (Hân Nam Hotel),Cần Thơ,No. 46,Luong Dinh Cua Street
7967691,Ngọc Thuý Hotel (Ngoc Thuy Hotel),Cần Thơ,86 Nguyễn Đức Cảnh,Cái Khế
67337042,Chung cu Nam Long 2 Central Lake - Block E,Cần Thơ,đường N18/E303 2,Khu dân Cư Nam Long
78691507,De Rivé Homestay 3 - Bến Ninh Kiều (De Rive Homestay 3 - Ben Ninh Kieu),Cần Thơ,9A Đường Thủ Khoa Huân,Bến Ninh Kiều
54319988,"Căn hộ 108 m² 2 phòng ngủ, 2 phòng tắm riêng, nhiều cây xanh, mát mẻ (Open Space House with Plenty of Greenery and Fresh Air)",Cần Thơ,Cái Răng,Cần Thơ
54178695,Green Villa - Ngôi Nhà Chung (Green Villa - Ngoi Nha Chung),Cần Thơ,Cái Răng,Cần Thơ
8638011,"Chung cư 450 m² 16 phòng ngủ, 16 phòng tắm riêng ở Bến Ninh Kiều (K2 Homestay & Coffee)",Cần Thơ,60 Xo Viet Nghe Tinh,P.An Hoi
27837683,Song Ngư Pisces Homestay (Song Ngu Pisces Homestay),Cần Thơ,Chân cầu Rạch Vinh,Đường Bông Vang
36912912,Khách sạn Nam Cần Thơ (NAM CẦN THƠ HOTEL),Cần Thơ,B13- 14 Võ Nguyên Giáp,KV Thạnh Lợi
11157952,Cần Thơ GREEN SUNSHINE with nature (Nón lá R) (Homestay Can Tho Green Sunshine ),Cần Thơ,Bình Thủy,Cần Thơ
71446956,Hai Dang Hotel,Cần Thơ,70 Đường Nguyễn An Ninh,Bến Ninh Kiều
49309227,Nhà nghỉ Mỹ Vân (Motel Mỹ Vân),Cần Thơ,nguyễn văn quang khu dân cư nam long,phường hưng thạnh
55766127,Phòng Duoble,Cần Thơ,2 Đ. Số 9,KDC Hồng Phát A
49140017,Khách Sạn Nam Đô 1 (Khach San Nam Đo 1),Cần Thơ,10 Đường Điện Biên Phủ,Bến Ninh Kiều
78208012,KV2 Cần Thơ Homestay,Cần Thơ,121 Trần Văn Nghiêm,An Thới
63047422,"Căn hộ m² 6 phòng ngủ, 6 phòng tắm riêng ở Trung tâm thành phố Cần Thơ (Nhà Nghỉ Hoa Sen)",Cần Thơ,Trung tâm thành phố Cần Thơ,Cần Thơ
67486489,Hạnh Phát 8 (Hanh Phat 8),Cần Thơ,số 66 đường 34 khu dân cư Rạch Ngã ngay,Khu vực 8
56244753,Gia An Hotel-Cần thơ (Gia An Hotel-Can tho),Cần Thơ,Đường Trần Văn Trà,Cái Răng
76786390,503MSNK Luxe Studio with Balcony and Kitchen,Cần Thơ,Bến Ninh Kiều,Cần Thơ
64170878,Khách sạn Tây Hồ (Tây Hồ Hotel),Cần Thơ,No. 42,Hai Ba Trung Street
12000964,"Nhà mặt đất 20 m² 1 phòng ngủ, 1 phòng tắm riêng ở Bình Thủy (Green Sunshine Homestay - B room)",Cần Thơ,Bình Thủy,Cần Thơ
33875595,"Nhà riêng 350 m² 7 phòng ngủ, 7 phòng tắm riêng ở Cái Khế (Entire House in the Bustling City Center, 7 Rooms)",Cần Thơ,Cái Khế,Cần Thơ
1032007,Ngoc Lam Can Tho Hotel,Cần Thơ,172C 3 tháng 2,Ninh Kiều
79170257,"Nhà riêng m² 1 phòng ngủ, 1 phòng tắm riêng ở Ninh Kiều (Phòng đôi 2+1 sạch sẽ tiện nghi ở trung tâm giá rẻ)",Cần Thơ,An Khánh,Cần Thơ
78240435,"Nhà riêng m² 1 phòng ngủ, 2 phòng tắm riêng ở Bến Ninh Kiều (Cave house, typical, center, sunset lake view)",Cần Thơ,Trung tâm thành phố Cần Thơ,Cần Thơ
6343221,Mekong Delta Ricefield Lodge,Cần Thơ,Truong Phu 1,Truong Long Ward
45033056,K2 Homestay & Coffee - Hostel,Cần Thơ,60 Xo Viet Nghe Tinh Street,An Hoi Ward
58970034,YLUNA Boutiquestay,Cần Thơ,103 Ð. Ly Tu Trong Ninh Kieu,Can Tho
54626401,N&D Homestay,Cần Thơ,L19 duong so 26,khu do thi moi Hung Phu
65964890,Hotel Caravelle Cần Thơ 2 (Hotel Caravelle Can Tho 2),Cần Thơ,248-250 Đ. A2,KDC Hưng Phú 1
65964887,Phi Anh Hotel,Cần Thơ,Vietnam 1,Cái Khế
301984,Khách sạn Tân Tây Đô (Tan Tay Do Hotel),Cần Thơ,26 Tran Phu,Cái Khế
4645662,"Nhà mặt đất 120 m² 3 phòng ngủ, 3 phòng tắm riêng ở Cái Răng (Mekong Palm House)",Cần Thơ,D3-39,duong so 9
4921354,Thịnh's House (Thinh's House),Cần Thơ,Trần Việt Châu 54/16,Trung tâm thành phố Cần Thơ
5777385,BOSA Homestay - Mekong Riverside,Cần Thơ,30d/4 - Đường trường Chuyên Lý Tự Trọng mới (cuối khu dân cư Nam Long) - Hưng Thạnh - Cái Răng,Cái Răng
7095336,Quyen's house,Cần Thơ,14/54B Lý Tự Trọng,Phường An Cư
10935495,Buddha Homestay,Cần Thơ,137/89A,Hoàng Văn Thụ
11881242,"Biệt thự 20 m² 1 phòng ngủ, 1 phòng tắm riêng ở Cái Răng (SUPER MODERN SHARE HOUSE WITH PRIVATE MASTER ROOM)",Cần Thơ,Cái Răng,Cần Thơ
11999734,"Nhà mặt đất 20 m² 1 phòng ngủ, 1 phòng tắm riêng ở Bình Thủy (GREEN SUNSHINE -Nice, Quite, Near Park, Nature)",Cần Thơ,Bình Thủy,Cần Thơ
11999756,"Nhà mặt đất 20 m² 1 phòng ngủ, 1 phòng tắm riêng ở Bình Thủy (Can Tho GREEN SUNSHINE with nature ( Lotus R))",Cần Thơ,Bình Thủy,Cần Thơ
12033596,"Nhà mặt đất 120 m² 2 phòng ngủ, 3 phòng tắm riêng ở Cái Răng (Ctmedia bed and breakfast)",Cần Thơ,Cái Răng,Cần Thơ
12230188,Nhà mặt đất studio 30 m² có 0 phòng tắm riêng ở Trung tâm thành phố Cần Thơ (Rosy 1 studio with balcony on downtown),Cần Thơ,Trung tâm thành phố Cần Thơ,Cần Thơ
13248938,"Chung cư 28 m² 2 phòng ngủ, 2 phòng tắm riêng ở Cái Khế (B Home - Dormitory)",Cần Thơ,Cái Khế,Cần Thơ
15512802,Hotel 17,Cần Thơ,17 Chau Van Liem,Bến Ninh Kiều
16077420,LẠI NGUYỄN BOUTIQUE HOTEL (LAI NGUYEN BOUTIQUE HOTEL),Cần Thơ,51A Cách Mạng Tháng Tám,P.An Hòa
16210280,Sunny Hostel,Cần Thơ,124 Le Lai,Trung tâm thành phố Cần Thơ
16862265,Hello 1 Hotel Can Tho,Cần Thơ,19/4 - 19/6 Nguyen Ngoc Trai,Trung tâm thành phố Cần Thơ
24272357,"Căn hộ 70 m² 2 phòng ngủ, 1 phòng tắm riêng ở Bến Ninh Kiều (TOM’S House )",Cần Thơ,Cái Răng,Cần Thơ
30906026,"Căn hộ 80 m² 3 phòng ngủ, 2 phòng tắm riêng ở Bến Ninh Kiều (Can Tho Home & Apartment 1)",Cần Thơ,Bến Ninh Kiều,Cần Thơ
31556270,"Nhà trệt 36 m² 1 phòng ngủ, 1 phòng tắm riêng ở Ấp Nhơn Lộc (Mekong Daniel Resort(Bungalow2))",Cần Thơ,Trung tâm thành phố Cần Thơ,Cần Thơ
31556366,Mekong Daniel Resort (Bungalow5),Cần Thơ,Xã Nhơn Nghĩa,H. Phong Điền
32614364,"Nhà riêng 40 m² 1 phòng ngủ, 1 phòng tắm riêng ở An Khánh (Cafe Stay)",Cần Thơ,Bình Thủy,Cần Thơ
32900642,"Căn hộ 1000 m² 21 phòng ngủ, 21 phòng tắm riêng ở Ninh Kiều (iMotel 6 Cần Thơ )",Cần Thơ,Cái Răng,Cần Thơ
34530210,"Nhà riêng 123 m² 4 phòng ngủ, 3 phòng tắm riêng ở An Bình (HO GIA AN Home - Phòng KING)",Cần Thơ,An Bình,Cần Thơ
35430244,"Nhà riêng 124 m² 3 phòng ngủ, 3 phòng tắm riêng ở An Bình (HO GIA AN Home - Căn hộ ngay chợ nổi)",Cần Thơ,An Bình,Cần Thơ
35493391,"Nhà riêng 124 m² 1 phòng ngủ, 1 phòng tắm riêng ở An Bình (HO GIA AN Home - Phòng cho nhóm thích du lịch)",Cần Thơ,An Bình,Cần Thơ
35527608,HO GIA AN Home - Double Room,Cần Thơ,15A - Đường G1,KDC Tổ 3A
35698572,"Nhà riêng 20 m² 1 phòng ngủ, 1 phòng tắm riêng ở An Bình (Combo Phòng 3 người & Vé tham quan chợ nổi)",Cần Thơ,15a G1,HO GIA AN Home
35715991,"Nhà riêng 124 m² 1 phòng ngủ, 1 phòng tắm riêng ở An Bình (Phòng giường đôi giành cho 3 người )",Cần Thơ,An Bình,Cần Thơ
35810640,"Nhà riêng 124 m² 2 phòng ngủ, 2 phòng tắm riêng ở An Bình (HO GIA AN Home - Phòng cho nhóm đi du lịch )",Cần Thơ,An Bình,Cần Thơ
36213844,"Nhà riêng 20 m² 1 phòng ngủ, 2 phòng tắm riêng ở An Khánh (Four bedrooms house 5m walk from Ninh Kieu Quay)",Cần Thơ,Bình Thủy,Cần Thơ
36459843,"Căn hộ 40 m² 1 phòng ngủ, 1 phòng tắm riêng ở Cái Khế (Hotel Massage Quý Phi)",Cần Thơ,Cái Khế,Cần Thơ
36907411,"Nhà riêng 500 m² 4 phòng ngủ, 3 phòng tắm riêng ở Khu du lịch Phù Sa Cồn Ấu (Homestay Trà Ôn Vĩnh Long)",Cần Thơ,Khu du lịch Phù Sa Cồn Ấu,Cần Thơ
36931656,"Căn hộ 3000 m² 1 phòng ngủ, 1 phòng tắm riêng ở Khu du lịch Phù Sa Cồn Ấu (Miss Hai Homestay yên tĩnh, dân giả , địa phương )",Cần Thơ,Khu du lịch Phù Sa Cồn Ấu,Cần Thơ
36999941,"Nhà riêng 50 m² 2 phòng ngủ, 2 phòng tắm riêng ở An Khánh (Peony Flower (Nhu’s House 2))",Cần Thơ,An Khánh,Cần Thơ
37032961,"Nhà riêng 60 m² 1 phòng ngủ, 1 phòng tắm riêng ở Cái Răng (Homestay 385 - Chợ Nổi Cái Răng)",Cần Thơ,Cái Răng,Cần Thơ
37044217,HO GIA AN Home - King Room,Cần Thơ,15a G1,An Bình
38107916,"Căn hộ 500 m² 15 phòng ngủ, 15 phòng tắm riêng ở Khu du lịch Phù Sa Cồn Ấu (Nhà nghỉ Khải Hoàn Môn)",Cần Thơ,Khu du lịch Phù Sa Cồn Ấu,Cần Thơ
38110196,"Căn hộ 500 m² 15 phòng ngủ, 1 phòng tắm riêng ở Cái Khế (Nhà nghỉ Kim Yến 2)",Cần Thơ,Cái Khế,Cần Thơ
38151613,HO GIA AN Home - Dorm Room,Cần Thơ,An Bình,Cần Thơ
38157522,HO GIA AN Home - Queen Room,Cần Thơ,An Bình,Cần Thơ
38273195,Biệt thự Miha (Miha Villa),Cần Thơ,112/04 D. Hoang Quoc Viet,An Binh
38591591,"Căn hộ 150 m² 5 phòng ngủ, 5 phòng tắm riêng ở Ấp Nhơn Lộc (Nhà Nghi Anh Tuấn)",Cần Thơ,Trung tâm thành phố Cần Thơ,Cần Thơ
39391372,"Nhà riêng 600 m² 4 phòng ngủ, 4 phòng tắm riêng ở Bến Ninh Kiều (Khách sạn Minh Nhựt)",Cần Thơ,Bến Ninh Kiều,Cần Thơ
39397815,"Nhà riêng 1200 m² 5 phòng ngủ, 4 phòng tắm riêng ở Ấp Nhơn Lộc (Homestay My Thuan)",Cần Thơ,Phong Điền,Cần Thơ
39631162,"Căn hộ 18 m² 1 phòng ngủ, 1 phòng tắm riêng ở Cái Răng (Grandma's House 1)",Cần Thơ,Cái Răng,Cần Thơ
39928390,"Căn hộ 10 m² 1 phòng ngủ, 0 phòng tắm riêng ở Cái Khế (B11 - Phòng nhỏ tiện lợi dành cho 2 người )",Cần Thơ,Cái Khế,Cần Thơ
39928876,"Căn hộ 16 m² 1 phòng ngủ, 0 phòng tắm riêng ở Cái Khế (B12 - Phòng gia đình phù hợp cho 4 người)",Cần Thơ,Cái Khế,Cần Thơ
42524128,"Nhà riêng 130 m² 2 phòng ngủ, 2 phòng tắm riêng ở Bến Ninh Kiều (Nhà Phố 2 phòng ngủ gia đình, 8 giường, bếp)",Cần Thơ,Bến Ninh Kiều,Cần Thơ
45031048,Kim Lan Hotel Can Tho,Cần Thơ,138A Nguyen An Ninh Street,Tan An Ward
45032797,Green Sunshine Can Tho,Cần Thơ,Long Hoa,Binh Thuy
45150539,HO GIA AN Home - Green Room - Ngay trung tâm Phố Ẩm Thực (HO GIA AN Home - Green Room - Ngay trung tam Pho Am Thuc),Cần Thơ,An Khánh,Cần Thơ
46515368,"Căn hộ 500 m² 20 phòng ngủ, 20 phòng tắm riêng ở Cái Khế (Hotel Phú Phương Nam)",Cần Thơ,Cái Khế,Cần Thơ
47224392,"Nhà trệt 40 m² 1 phòng ngủ, 1 phòng tắm riêng ở Trung tâm thành phố Cần Thơ (Hẻm Homestay )",Cần Thơ,Trung tâm thành phố Cần Thơ,Cần Thơ
47492197,"Căn hộ 50 m² 1 phòng ngủ, 1 phòng tắm riêng ở An Bình (HẺM Homestays )",Cần Thơ,An Bình,Cần Thơ
49686487,"Nhà trệt 40 m² 1 phòng ngủ, 1 phòng tắm riêng ở An Khánh (HẺM Homestays )",Cần Thơ,Trung tâm thành phố Cần Thơ,Cần Thơ
50217466,Motel 1989,Cần Thơ,24/7 Nguyễn Việt Dũng,Cái Răng
50366126,"Căn hộ 100 m² 1 phòng ngủ, 2 phòng tắm riêng ở Ninh Kiều (An'H House & Cafe)",Cần Thơ,Ninh Kiều,Cần Thơ
51816487,"Căn hộ 40 m² 1 phòng ngủ, 1 phòng tắm riêng ở Ninh Kiều (Nam Long Diamond)",Cần Thơ,Cái Răng,Cần Thơ
52003073,"Căn hộ 20 m² 6 phòng ngủ, 1 phòng tắm riêng ở Khu du lịch Phù Sa Cồn Ấu (Mekong Riverside Homestay)",Cần Thơ,Khu du lịch Phù Sa Cồn Ấu,Cần Thơ
52133676,"Căn hộ 100 m² 1 phòng ngủ, 2 phòng tắm riêng ở Ninh Kiều (khách sạn six N)",Cần Thơ,An Bình,Cần Thơ
52352683,"Biệt thự 1300 m² 4 phòng ngủ, 4 phòng tắm riêng ở Khu du lịch Phù Sa Cồn Ấu (Biệt thự Green Villa - Ngôi Nhà Chung)",Cần Thơ,Cái Răng,Cần Thơ
52374053,Dorm Can Tho,Cần Thơ,18/2/9 Đường Trương Định,An Cư
54320588,"Nhà riêng 196 m² 4 phòng ngủ, 3 phòng tắm riêng ở Ninh Kiều (TONY HOMESTAY CẦN THƠ)",Cần Thơ,An Khánh,Cần Thơ
54626227,Aluny Boutiquestay,Cần Thơ,28 Ngo Duc Ke,Tan An
54769897,Sunny 1 Hometel Vinh Long,Cần Thơ,Cầu Đông Bình A6-24,KCN Bình Minh
55269654,Khách sạn Hula (Hula Hotel),Cần Thơ,334 Đ. A2 KDC Hung Phu 1,Hung Phu
55287022,"Căn hộ 100 m² 1 phòng ngủ, 1 phòng tắm riêng ở Khu du lịch Phù Sa Cồn Ấu (Ngôi nhà 108m2 không gian mở nhiều cây xanh mát mẻ)",Cần Thơ,Cái Răng,Cần Thơ
55288098,"Căn hộ 600 m² 1 phòng ngủ, 1 phòng tắm riêng ở Cái Răng (Khách sạn)",Cần Thơ,Cái Răng,Cần Thơ
55585730,Nhà Nghỉ Yến Quý (Nha Nghi Yen Quy),Cần Thơ,64 Đường Trần Đại Nghĩa,Cái Khế
55630825,Can Tho Farmstay,Cần Thơ,66 Đương Trương Vĩnh Nguyên,Cái Răng
55766195,"Căn hộ 100 m² 1 phòng ngủ, 1 phòng tắm riêng ở An Bình (Phòng Master)",Cần Thơ,An Bình,Cần Thơ
78332790,Huynh Han Hotel Can Tho by Bay Luxury,Cần Thơ,D. So 7 Hung Loi Ninh Kieu,Ninh Kiều
55892136,"Căn hộ 100 m² 1 phòng ngủ, 1 phòng tắm riêng ở Cái Khế (An Bình 66)",Cần Thơ,Cái Khế,Cần Thơ
58334249,Huỳnh Hân Motel CT - by BAY LUXURY (Huynh Han Motel CT - by BAY LUXURY),Cần Thơ,Đường Số 7,An Khánh
58961351,"Nhà riêng 80 m² 3 phòng ngủ, 2 phòng tắm riêng ở Bến Ninh Kiều (Can Tho Home & Apartment 2)",Cần Thơ,Bến Ninh Kiều,Cần Thơ
59002675,31A Hotel CT by BAY LUXURY,Cần Thơ,31 Ngô Đức Kế,Bến Ninh Kiều
59002698,31C Hotel CT by BAY LUXURY,Cần Thơ,94 Đường Nguyễn An Ninh,Bến Ninh Kiều
59026454,"Nhà trệt 35 m² 1 phòng ngủ, 1 phòng tắm riêng ở Ấp Nhơn Lộc (Dưa Hấu House)",Cần Thơ,Trung tâm thành phố Cần Thơ,Cần Thơ
59498421,"Căn hộ m² 1 phòng ngủ, 1 phòng tắm riêng ở Cái Khế (Nhà Nghỉ 131)",Cần Thơ,Cái Khế,Cần Thơ
59711199,"Nhà riêng m² 1 phòng ngủ, 1 phòng tắm riêng ở An Khánh (Nhà nguyên căn 1 phòng ngủ, ở trung tâm)",Cần Thơ,An Khánh,Cần Thơ
59711203,"Nhà riêng 35 m² 1 phòng ngủ, 1 phòng tắm riêng ở An Khánh (Nhà nguyên căn 1 phòng ngủ, tại trung tâm 2)",Cần Thơ,An Khánh,Cần Thơ
60220201,"Căn hộ 15 m² 1 phòng ngủ, 1 phòng tắm riêng ở Ninh Kiều (Motel Tho Phan)",Cần Thơ,Ninh Kiều,Cần Thơ
60775138,Homestay Nhà Của Gió,Cần Thơ,118b Võ Nguyên Giáp,Tân Phú
61754646,"Nhà riêng 20 m² 3 phòng ngủ, 1 phòng tắm riêng ở An Bình (Một homestay & cafe mang phong cách tân cổ điển)",Cần Thơ,Bình Thủy,Cần Thơ
64004619,Phòng Master (Phong Master),Cần Thơ,2 Đường Số 9,An Bình
64583307,CĂN HỘ CAO CẤP CẦN THƠ,Cần Thơ,KDC An Khánh,P. An Khánh
64901764,Khách sạn 31B - Gần Bến Ninh Kiều (31B Hotel - Near Ninh Kieu Wharf),Cần Thơ,60 Đường Hai Bà Trưng,Tân An
64902321,"Nhà riêng m² 1 phòng ngủ, 1 phòng tắm riêng ở Trung tâm thành phố Cần Thơ (Cozy Room with laundry, 1km to Ninh Kieu wharf)",Cần Thơ,Trung tâm thành phố Cần Thơ,Cần Thơ
64902322,"Nhà riêng m² 1 phòng ngủ, 1 phòng tắm riêng ở Trung tâm thành phố Cần Thơ (Heart of Cantho Bright Room with laundry)",Cần Thơ,Trung tâm thành phố Cần Thơ,Cần Thơ
64902323,"Nhà riêng m² 1 phòng ngủ, 1 phòng tắm riêng ở Trung tâm thành phố Cần Thơ (Heart of Cantho Cozy Room with laundry)",Cần Thơ,Trung tâm thành phố Cần Thơ,Cần Thơ
64902771,"Nhà riêng m² 1 phòng ngủ, 1 phòng tắm riêng ở Trung tâm thành phố Cần Thơ (Comfy and cozy room in centre CT)",Cần Thơ,Trung tâm thành phố Cần Thơ,Cần Thơ
65482125,"Pipo house, cool breeze, beautiful sunshine",Cần Thơ,Cái Răng,Cần Thơ
65964878,Can Tho Farmstay - Let's Go Can Tho,Cần Thơ,CẦN THƠ FARMSTAY,Cái Răng
66102849,"Nhà riêng m² 1 phòng ngủ, 1 phòng tắm riêng ở Ninh Kiều (Nhà view sông)",Cần Thơ,Ninh Kiều,Cần Thơ
67602761,Nhà Lâm Khôi (Nha Lam Khoi),Cần Thơ,Cái Răng,Cần Thơ
68107245,Green Village Mekong,Cần Thơ,Phu Hung Area,Dong Oi Bridge 200m Apart
68230560,"Nhà riêng 103 m² 1 phòng ngủ, 1 phòng tắm riêng ở Cái Răng (Homestay Nhật Ngân Cần Thơ)",Cần Thơ,Cái Răng,Cần Thơ
68415223,"Căn hộ m² 1 phòng ngủ, 1 phòng tắm riêng ở An Bình (Modern Studio w Balcony and Kitchen)",Cần Thơ,Bình Thủy,Cần Thơ
68557780,"Biệt thự 150 m² 1 phòng ngủ, 4 phòng tắm riêng ở Ninh Kiều (Noel's Villa)",Cần Thơ,An Bình,Cần Thơ
71108555,Khách sạn Mỹ Kim (My Kim Hotel),Cần Thơ,12 Đ. Tân Trào,Tân An
71447498,Nhà nghỉ Phú Mỹ (Nha nghi Phu My),Cần Thơ,19a Đường Ngô Sĩ Liên,Ninh Kiều
71511312,Vicnie House Cantho,Cần Thơ,Cái Khế,Cần Thơ
73567129,Dr 501 Modern studio with city view and kitchen,Cần Thơ,An Khánh,Cần Thơ
74407596,Pandora Hotel Cần Thơ (Pandora Hotel Can Tho),Cần Thơ,57 Nguyễn Thị Tính,phường Bùi Hữu Nghĩa
75088811,"Nhà riêng m² 1 phòng ngủ, 1 phòng tắm riêng ở An Khánh (Lam Homestay Minihouse)",Cần Thơ,Bình Thủy,Cần Thơ
75167130,"Nhà riêng m² 2 phòng ngủ, 2 phòng tắm riêng ở Bến Ninh Kiều (HiDu House CT)",Cần Thơ,Trung tâm thành phố Cần Thơ,Cần Thơ
76404083,"Nhà riêng m² 2 phòng ngủ, 2 phòng tắm riêng ở An Bình (Home Nguyên Căn Nhật Ngân- Chợ Nổi Cái Răng)",Cần Thơ,Cái Răng,Cần Thơ
76849450,"Nhà riêng m² 2 phòng ngủ, 1 phòng tắm riêng ở Trung tâm thành phố Cần Thơ (Apartment - Minihoues Cần Thơ)",Cần Thơ,Trung tâm thành phố Cần Thơ,Cần Thơ
77048509,205MSNK Spacious Studio l Window & Kitchen,Cần Thơ,Bến Ninh Kiều,Cần Thơ
77508895,403MSNK Maison Luxe Studio with Balcony,Cần Thơ,Bến Ninh Kiều,Cần Thơ
77598458,407MSNK Maison Luxe Studio w Balcony & Kitchen,Cần Thơ,Bến Ninh Kiều,Cần Thơ
77679282,"Căn hộ m² 1 phòng ngủ, 1 phòng tắm riêng ở Trung tâm thành phố Cần Thơ (Nguyễn dũng)",Cần Thơ,Trung tâm thành phố Cần Thơ,Cần Thơ
78196507,"Biệt thự m² 4 phòng ngủ, 4 phòng tắm riêng ở Cái Răng (Villa 200 m2 lake view in Nam Long residence area)",Cần Thơ,Cái Răng,Cần Thơ
78204002,Nhà nghỉ Hoàn Chun (Motel Hoàn Chun),Cần Thơ,27 Đ. Trần Hưng Đạo,Thới Bình
78332371,Kim Phung Ngan Hotel,Cần Thơ,126 Pham Cong Tru,Phuong Cai Khe
78420351,"Nhà riêng m² 1 phòng ngủ, 2 phòng tắm riêng ở Khu du lịch Phù Sa Cồn Ấu (Full house in Pomelo Garden)",Cần Thơ,Khu du lịch Phù Sa Cồn Ấu,Cần Thơ
78420352,"Nhà riêng m² 1 phòng ngủ, 1 phòng tắm riêng ở Khu du lịch Phù Sa Cồn Ấu (Twin room in pomelo garden)",Cần Thơ,Khu du lịch Phù Sa Cồn Ấu,Cần Thơ
78420353,"Nhà riêng m² 1 phòng ngủ, 1 phòng tắm riêng ở Khu du lịch Phù Sa Cồn Ấu (Double Room in Pomelo Garden)",Cần Thơ,Khu du lịch Phù Sa Cồn Ấu,Cần Thơ
79121752,Ciara Homestay,Cần Thơ,142A1 Đường Nguyễn Hiền,An Khánh
79170268,"Nhà riêng m² 2 phòng ngủ, 2 phòng tắm riêng ở Ninh Kiều (Phòng 4+1 sạch sẽ tiện nghi ngay trung tâm giá rẻ)",Cần Thơ,An Khánh,Cần Thơ
79522396,Tulip Hotel,Cần Thơ,D5/10 + D5/11,Đường số 2
79990358,Khách sạn Joy (Joy hotel),Cần Thơ,H3-13 Võ Nguyên Giáp,Phú Thứ
80094588,"Tiny house, traditional, friendly neighbour, center, sunset lake view",Cần Thơ,Trung tâm thành phố Cần Thơ,Cần Thơ
80440489,"Nhà riêng m² 1 phòng ngủ, 1 phòng tắm riêng ở Bến Ninh Kiều (Home in the center with full facilities)",Cần Thơ,Bến Ninh Kiều,Cần Thơ
2542981,Muong Thanh Luxury Ha Nam Hotel,Hà Nam,Khu đất phía bắc Cầu Hồng Phú,Phường Quang Trung
41344799,Khách sạn Riverside Hà Nam (Riverside Hotel Hà Nam),Hà Nam,Lê Hoàn,Tp. Phủ Lý
5873574,Meliá Vinpearl Phủ Lý (Meliá Vinpearl Phu Ly),Hà Nam,No. 60 Bien Hoa Street,Phu Ly Ward
19856099,Tam Chuc Complex,Hà Nam,Ba Sao Town,Kim Bang District
30143131,Khách sạn Hoa Đồng Aureum (Hoa Dong Aureum Hotel),Hà Nam,Đối diện Cổng chính Đại Học Công nghiệp Hà Nội,Ngô Gia Tự
68403103,The Dome Grand,Hà Nam,,Đồng Văn
4218676,Khach san INCO 515.9,Hà Nam,Đường Lê Hoàn,Hai Bà Trưng
78344722,Thanh Dat Presidence Palace Phu Ly,Hà Nam,DT497,Thanh Dat Hotel
62505067,Khách sạn Legend Valley Hà Nam (Legend Valley Hotel Ha Nam),Hà Nam,Tổ dan pho Quang Thừa,Phường Nguyen Uy
51081407,Khách sạn Hoàng Gia Royal (Hoang Gia Hotel Royal),Hà Nam,Thon Thinh Dai,Xa Dai Cuong
79592271,Khách sạn Love In The Atlantis (Love In The Atlantis Hotel),Hà Nội,37 Ng. 20 P. Nguyễn Chánh,Trung Hoà
61167500,Căn hộ & Khách sạn Eco Nest Classic (Eco Nest Classic Apartment & Hotel),Hà Nội,91 P. Lý Thường Kiệt,Cửa Nam
77652742,Khách sạn M Village Kim Mã (M Village Hotel Kim Mã),Hà Nội,132 P. Kim Mã,Kim Mã
59315710,Khách sạn & Spa Le Chateau Hà Nội (Hanoi Le Chateau Hotel & Spa),Hà Nội,23-25 Phố Hàng Thiếc,Phố Cổ
31265974,KHÁCH SẠN PING DIAMOND (PING DIAMOND HOTEL),Hà Nội,76 Trần Thái Tông,Cầu Giấy
70980774,La Casa Di Dicembre 18 Hàng Cháo (La Casa Di Dicembre 18 Hang Chao),Hà Nội,18 P. Hàng Cháo,Cát Linh
76975439,Khách sạn Eco Nest Signature (Eco Nest Signature Hotel),Hà Nội,18 Ng. 19 P. Trần Quang Diệu,Chợ Dừa
9757717,Khách Sạn Old Quarter 1961 (Old Quarter Hotel 1961),Hà Nội,6/22 Hang Voi Street- Ly Thai To- Hoan Kiem- Ha Noi,Quận Hoàn Kiếm
61794973,Khách sạn & Du lịch Madelise Stardust (Madelise Stardust Hotel & Travel),Hà Nội,11 P. Nguyễn Thái Học,Cửa Nam
59406845,Khách sạn & Căn hộ Eco Nest (Eco Nest Hotel & Apartment),Hà Nội,92 Phố Thợ Nhuộm,Quận Hoàn Kiếm
45084233,Khách sạn & Spa Ký Ức Trung tâm Hà Nội (Ha Noi Memory Central Hotel & Spa),Hà Nội,90 Đ. Trần Nhật Duật,Phố Cổ
4914609,Khách sạn và Spa Grand Cititel Hà Nội (Grand Cititel Hanoi Hotel & Spa),Hà Nội,13B Tong Dan,Quận Hoàn Kiếm
61600221,Vinhome Sky Lake,Hà Nội,Đ. Phạm Hùng,Vinhome Sky Lake S2
52070,Khách sạn Thắng Lợi Hà Nội (Thang Loi Hotel Hanoi),Hà Nội,Số 200 phố Y n Phụ,phường T y Hồ
47270864,Căn hộ Atlantis Nguyễn Thái Học (Atlantis Apartment Nguyen Thai Hoc),Hà Nội,No. 123,P. Nguyen Thai Hoc
3552431,Khách sạn & Spa Bendecir (Bendecir Hotel & Spa),Hà Nội,25-27 Lò Sũ,Hoàn Kiếm
61425173,Khách sạn Tiến Minh 113 Lê Thanh Nghị (Tien Minh Hotel 113 Le Thanh Nghi),Hà Nội,113 Le Thanh Nghị,Quận Hai Bà Trưng
34467676,Căn hộ Era Cozy (Era Cozy Apartment),Hà Nội,2 Ng. 77 P. Y&#234;n H&#242;a,Cầu Giấy
72082546,Luxe Paradise Residence 21 Nguyễn Văn Trỗi (Luxe Paradise Residence 21 Nguyen Van Troi),Hà Nội,21 P. Nguyễn Văn Trỗi,P. Mộ Lao
908274,Khách Sạn Box (Box Hotel),Hà Nội,16 Hàng Buồm - Hoàn Kiếm - Hà Nội,Vietnam
1156703,One Hotel Hanoi,Hà Nội,C3D6 - Ngõ 56 Đường Trương Công Giai - Quận Cầu Giấy - Hà Nội - Việt Nam,Cầu Giấy
42087656,Ami House 1,Hà Nội,Room 14B,No. 135
8553297,Khách Sạn King's Yên Hòa (King's Hotel Yen Hoa),Hà Nội,Cơ sở 2- Biệt thự 17H1,Khu Đô Thị Yên Hòa (Ngõ 20
68224486,Căn hộ Era Đoàn Kế Thiện (Era Apartment Doan Ke Thien),Hà Nội,Số 4 ng ch 64 Ng 105 Phố Do n Kế Thiện,Cầu Giấy
8607362,Marina Hotel Hanoi,Hà Nội,22 phố Miếu Đầm,phường Mễ Trì
3582705,Hanoi Allure Hotel,Hà Nội,52 Dao Duy Tu Str,Hoan Kiem Dist
67196155,Khách sạn Madelise Hanoi View (Madelise Hanoi View Hotel),Hà Nội,48 ng Ng Sỹ Li n,Đống Đa
28680418,Green Homestay,Hà Nội,No. 160,2nd Floor
2985143,Khách sạn Sunrise Hà Nội (Sunrise Hanoi Hotel),Hà Nội,716 Bạch Đằng,Quận Hai Bà Trưng
67630606,"Studio Đại học Y, vị trí trung tâm",Hà Nội,ngo 18 ton that tung,Đống Đa
75685376,Khách sạn Lieber (Lieber Hotel ),Hà Nội,Số 4 phố Yên Phúc,phường Phúc La
247355,Khách sạn Grand Plaza Hà Nội (Grand Plaza Hotel Hanoi ),Hà Nội,117 Tran Duy Hung,Yen Hoa Ward
4782362,Căn hộ & Khách sạn Eco Nest Đinh Ngang (Eco Nest Apartment & Hotel Dinh Ngang),Hà Nội,06 Đình Ngang,Cửa Nam
66812940,Khách sạn Majestik (Majestik Hotel),Hà Nội,30c Ng. 89 Đ. L Đức Thọ,Mỹ Đình
39846228,Vinhomes Smart City Tây Mỗ Nam Từ Liêm (Vinhomes Smart City Tay Mo Nam Tu Liem),Hà Nội,Đại lộ Thăng Long,Mỹ Đình
22036974,Scent Premium Hotel,Hà Nội,31 Hang Hanh,Hoan Kiem
63406176,Khách sạn King’s Trung Yên (King’s Hotel Trung Yen),Hà Nội,12 Ngõ 42 Trung Hòa,Cầu Giấy
22211514,Affa Boutique Hotel,Hà Nội,17 Tràng Thi,Hoan Kiem
730015,Khách sạn Mely (Mely Hotel),Hà Nội,Số 21-23 Nhân Hòa - Nhân Chính - Thanh Xuân,Trung Hòa Nhân Chính
36144486,Khách sạn & Spa Madelise Palace (Madelise Palace Hotel & Spa),Hà Nội,116 Phố Hàng Buồm 9,Phố Cổ
67805512,Khách sạn Bảo Anh (Bao Anh Hotel),Hà Nội,Bảo Anh Hotel,Quận Long Biên
32404533,Khách sạn My House (MY HOUSE HOTEL),Hà Nội,350 Trần Kh t Ch n,Quận Hai Bà Trưng
108257,Somerset Hoa Bình Hà Nội (Somerset Hoa Binh Hanoi),Hà Nội,Số 106,Đường Hoàng Quốc Việt
76047981,Khách sạn và Spa Sky Charm Hà Nội (Sky Charm Hanoi Hotel and Spa),Hà Nội,27 P. Tống Duy Tân,Hàng Bông
59883653,Căn hộ Era Trung Liệt (Era Apartment Trung Liet),Hà Nội,Ngõ 69 Phố Trung Liệt Số 4,Đống Đa
78662700,Căn hộ Era Tam Đa (Era Apartment Tam Da),Hà Nội,16 Tam Đa,Ba Đình
10960,Hanoi Daewoo Hotel,Hà Nội,Số 360,Phố Kim Mã
18533918,Dolce by Wyndham Hanoi Golden Lake,Hà Nội,B7 Giang Vo,Ba Đình
80274390,Căn hộ studio tuyệt vời ở Hà Nội (Amazing studio in Hanoi),Hà Nội,21,Tổ 5
6417818,Khách sạn Tây Hồ Westlake (Westlake Tay Ho Hotel),Hà Nội,696 Lac Long Quan,Nhat Tran
5696569,Khách sạn Bel Ami Hà Nội (Hotel Bel Ami Hanoi),Hà Nội,244 Hang Bong,Quận Hoàn Kiếm
1158452,Khách sạn Bespoke Trendy Hà Nội (Bespoke Trendy Hotel Hanoi Hotel),Hà Nội,12 Nguyễn Quang Bích,Phố Cổ
53015544,Căn hộ Era Cát Linh (Era Apartment Cát Linh),Hà Nội,No. 19,Alley 167
13360968,Khách Sạn Patel Hà Nội (Patel Hotel Hanoi),Hà Nội,Alley 35,No 51A
66680429,Khách sạn Hanoi Sail (Hanoi Sail Hotel),Hà Nội,979 Đ. Hồng Hà,Phan Chu Trinh
36780702,Khách sạn Coco Hà Nội (Coco Hanoi Hotel),Hà Nội,No. 5B,Tran Duy Hung Street
18808397,Nhà Newstyle Nguyễn Ngọc Vũ (Newstyle House Nguyen Ngoc Vu),Hà Nội,141 Nguyễn Ngọc Vũ,Cầu Giấy
6888098,Khách Sạn Thăng Long (Thang Long Hotel),Hà Nội,713 Giai Phong Street,Hoang Mai District
9367828,OYO 1143 Khách sạn Thu Giang (OYO 1143 Thu Giang Hotel),Hà Nội,Ngõ 45 Trần Thái Tông,Cầu Giấy
64356592,Luxe Paradise Residence Đông Tác,Hà Nội,No. 41,Dong Tac Street
8932285,22Land Moon Hồ Tây (22Land Moon West Lake),Hà Nội,185A Trich Sai,Quận Tây Hồ
23696503,Khách sạn Carillon Boutique (Carillon Boutique Hotel),Hà Nội,Hàng Đồng,Phố Cổ
38583105,L7 WEST LAKE HANOI by LOTTE HOTELS,Hà Nội,Alley No. 683 Lac Long Quan Street,Phu Thuong Ward
21339573,alley homestay,Hà Nội,So 9 Ngo 34 Tran Dai Nghia,Quận Hai Bà Trưng
2570866,Khách sạn Nam Long Hà Nội (NAM LONG HOTEL HA NOI ),Hà Nội,38 Miếu Đầm,Phường Mễ Trì
63990368,Khách sạn Kỳ Mới (The Ky Moi Hotel),Hà Nội,8 Ng. 55 P. L Đại H nh,Quận Hai Bà Trưng
2634548,Khách sạn AVS Nội Bài (AVS Noi Bai Hotel ),Hà Nội,11 Đ. VO NGUYEN GIAP,THAI PHU
62079565,Khách sạn Moonlit Suites (Moonlit Suites Hotel),Hà Nội,7 Ngõ 275 Âu Cơ,Quảng An
43399,Hanoi Hotel,Hà Nội,D8 Giảng V - Phường Giảng V - Th nh Phố H Nội,Ba Đình
10966,Pan Pacific Hanoi,Hà Nội,Số 1,Đường Thanh Niên
63268658,Khách sạn de LAGOM (HOTEL de LAGOM),Hà Nội,30B-C-D Ly Nam De,Cua Dong Ward
15309556,Hillary Hanoi Hotel,Hà Nội,Số 2,ng 70 Trương C ng Giai
48273442,Căn hộ Era Khúc Thừa Dụ Cầu Giấy (Era Khuc Thua Du Cau Giay Apartment),Hà Nội,No. 11A,Lane 1
61210061,Luxe Paradise Residence 76 Tô Ngọc Vân (Luxe Paradise Residence 76 To Ngoc Van),Hà Nội,No. 19,Alley 76
47207660,Khách sạn Wilque Hà Nội (Wilque Hotel Hanoi),Hà Nội,80 Cua Bac,Truc Bach Ward
7245282,Khách sạn Aloha Hà Nội (Aloha Hotel Hanoi),Hà Nội,Aloha Hotel,74A Lane 28
729579,Khách sạn Hà Nội Gallant (Hanoi Gallant Hotel),Hà Nội,No 68 V n Đồn Street,Bach Dang ward
7542247,Oakwood Residence Hà Nội (Oakwood Residence Hanoi),Hà Nội,17/35 Đặng Thai Mai,Quảng An
6170089,Khách sạn Nature (Nature Hotel),Hà Nội,Số 62 Phố Khuc Thừa Dụ,P. Dịch Vọng
67328851,Hanoi Backpackers Lodge,Hà Nội,70 Đường Trần Nhật Duật,Chợ Đồng Xuân
33039559,Khách sạn & Căn hộ Grace (Grace Hotel & Residence),Hà Nội,No. 32,Alley 39
67287289,Michi House - Lê Hồng Phong 2,Hà Nội,3 Ng. 77 Lê Hồng Phong,Điện Biên
63399048,Khách sạn King's Linh Đàm 2 (King's Hotel Linh Dam 2),Hà Nội,Room TT4,Alley D1
77653331,Khách sạn Romeo Linh Đàm 1 (Romeo Hotel Linh Đàm 1),Hà Nội,14BT3X2,Khu đô thị Bắc Linh Đàm
79297332,Khách sạn & căn hộ Quiet Hoàng Quốc Việt (Quiet Hoang Quoc Viet Hotel & apartment),Hà Nội,17,alley 123
55664055,Căn hộ Era Ham Long (Era Apartment Ham Long),Hà Nội,Ng. Hàm Long 2,Phan Chu Trinh
10543246,The Bloom Hà Nội - Bespoke Living (The Bloom Hanoi - Bespoke Living),Hà Nội,No. 36,Dich Vong Hau Street
24281359,Khách sạn Thiên Phú Garden (Thien Phu Garden Hotel),Hà Nội,No.8 Alley 22 Phu Vien,Bo De
79148412,Sword Lake hostel,Hà Nội,8 P. Tố Tịch,Phố Cổ
7527607,Khách Sạn King's Mỹ Đình (King's Hotel My Dinh),Hà Nội,Cơ sở 1- Biệt thự A14,BT1
25941476,Hotel Red River,Hà Nội,Lô 4 Liền Kề 22 Khu đô thị văn khê,Hà Đông
7959992,Green Hotel near Lotte Center,Hà Nội,30 Nguyễn Văn Ngọc,Phường Giảng V
30655522,Khách sạn King's Nguyễn Thị Định (King's Hotel Nguyen Thi Đinh),Hà Nội,Villa B45,Alley 109 Nguyen Thi Dinh
54190111,Khách sạn Luxe Paradise Suites Hoàng Cầu (Luxe Paradise Suites Hotel Hoang Cau),Hà Nội,26 Ng. 31 P. Hoàng Cầu,Chợ Dừa
1517145,Old Quarter View Hanoi Hostel,Hà Nội,(No 3 Noi Mieu),42 Hang Giay
443298,Khách sạn Dã Liên (Wild Lotus Hotel - Hang Be),Hà Nội,63 Hàng Bè,Quận Hòan Kiếm
2919224,Khách sạn Dinh Elegant (Dinh Elegant Hanoi Hotel),Hà Nội,So 4 Lo 15D KST moi Trung Yen,Trung Hoa
178091,Khách sạn Silk Path Hà Nội (Silk Path Hotel Hanoi),Hà Nội,195-199 Hàng Bông,Quận Hoàn Kiếm
76607073,HoLo Ba Dinh Hanoi - Serviced HomeStay,Hà Nội,629/5 Phố Kim Mã số 2,Ba Đình
61638631,LaHomestay Khuất Duy Tiến (LaHomestay Khuat Duy Tien),Hà Nội,27a Khuất Duy Tiến,Hà Đông
51376835,Khách sạn Lam Anh 2 Dương Nội Hà Đông (Lam Anh Hotel 2 Duong Noi Ha Dong),Hà Nội,L04-01,An Khang
42229585,Khách sạn Everest (EVEREST HOTEL),Hà Nội,44 Nguyen Ngoc Nai,Trung Hoa Nhan Chinh
34461396,Khách sạn & Spa Elpis Hà Nội (Hanoi Elpis Hotel & Spa),Hà Nội,32 Phố L&#253; Th&#225;i Tổ,Quận Hoàn Kiếm
1199483,Au Viet Hotel,Hà Nội,126 đường Nguyễn Hoàng,Mỹ Đình
37483136,Khách sạn & Căn hộ dịch vụ Five Star Westlake Tầng 1-4 (Five Star Westlake 1st-4th Floors Hotel & Serviced Apartment),Hà Nội,162 Hoàng Hoa Thám,Thuy Khue
98964,Khách sạn & Căn hộ Wil'que Westlake (Wil'que Westlake Hotel and Residences),Hà Nội,254 D Thụy Khuê,Quận Tây Hồ
34634814,Khách sạn & Spa Hanoi Garden (Hanoi Garden Hotel & Spa),Hà Nội,3 Phố Chả C,Phố Cổ
63500902,Khách sạn Vista Hà Nội (Hanoi Vista Hotel),Hà Nội,58 Trieu Viet Vuong,Hai Ba Trung
51227663,Khách sạn Skylark Boutique (Skylark Boutique Hotel),Hà Nội,15D Phan Dinh Phung,Ba Dinh
26078997,Sojo Hotel GA Hanoi,Hà Nội,115 Trần Hưng Đạo,Cửa Nam
80188097,Khách sạn Ocean Homes (Hotel Ocean Homes),Hà Nội,5 Biển Hồ Bh9a.sp05-33,Gia Lâm
13622655,HANA STAY,Hà Nội,No.148 Phan Ke Binh Str.,Ba Dinh Dist.
75088294,Khách sạn Miah Boutique (Miah Boutique Hotel),Hà Nội,205 P. Hàng Bông,Hàng Bông
18809289,Khách sạn Marigold Hà Nội (Marigold Hotel Hanoi),Hà Nội,Ng 12 phố Gầm Cầu,Chợ Đồng Xuân
13370411,Khách Sạn Bridge Lakeside Hà Nội (Bridge Lakeside Hotel Hanoi),Hà Nội,24 Nguyen Chi Thanh Street,Ngoc Khanh Ward
76258584,Khách sạn One Villa 5 Hà Nội (One Villa Hotel 5 Ha Noi),Hà Nội,TT3 -11 Khu Đô Thị Mới,Cổ Nhuế 1
74577572,Khách sạn sân bay Jademay (Jademay Airport Hotel),Hà Nội,So 08,Duong Truc Chinh Phia Tay
45084814,Căn hộ 22housing Residence Suites (22housing Residence Suites),Hà Nội,Số 352 Đường Bưởi,Ba Đình
1122443,Novotel Suites Hà Nội (Novotel Suites Hanoi),Hà Nội,5 Duy Tan Street Cau Giay Ward,Cầu Giấy
41429864,Blue homestay Cầu Giấy (Blue Homestay Cau Giay),Hà Nội,No. 80,Alley 25
42038967,Khách sạn Hanvet Hà Nội (Hanvet Hotel Ha Noi),Hà Nội,No. 3/113 Le Thanh Nghi,Dong Tam Ward
42170346,Căn hộ và khách sạn Le Parfum (Le Parfum Apartment And Hotel),Hà Nội,22/245; Tức Mặc,phố Trần Hưng Đạo
79134500,Khách sạn Chez Lumi (Chez Lumi Hotel),Hà Nội,39D Ng. Hàng Hành,Hàng Trống
64191916,Khách sạn Lam Anh 8 Ngoại Giao Đoàn BT3-10 (Lam Anh Hotel 8 Ngoại Giao Đoàn BT3-10),Hà Nội,Đ. Xuân Đỉnh,Bắc Từ Liêm
5753016,Khách sạn Victor Hà Nội (Victor Hanoi Hotel ),Hà Nội,Số 24,ngõ 165
67970527,Khách sạn Azumaya Đào Tấn (Azumaya Hotel Dao Tan),Hà Nội,82 Phố Đ o Tấn,Phường Cống Vị
2070179,Khách sạn Halo Hà Nội (Halo Hanoi Hotel),Hà Nội,Số 33,ngõ 71
39632985,Vĩnh Sơn Nội Bài (Vinh Son Noi Bai),Hà Nội,Số 34,đường Quốc lộ 2
34245072,Khách sạn Vacanza Premier Hà Nội (Hanoi Vacanza Premier Hotel ),Hà Nội,1 Hang Vai Street - Old Quarter,Phố Cổ
32189974,Khách sạn HK - 42 Ngõ 100 Trung Kính (HK HOTEL - 42 Ngõ 100 Trung Kính),Hà Nội,No. 42,Alley 100
60158437,Khách sạn A89 Rosarian (A89 Rosarian Hotel),Hà Nội,số 7 ngõ 89 Lê Đức Thọ,Mỹ Đình
9888195,KHÁCH SẠN QUEEN'S (QUEEN'S HOTEL),Hà Nội,No. 34,Alley 9
30804330,Khách sạn & Spa 22Land Residence Hà Nội (22Land Residence Hotel & Spa Ha Noi),Hà Nội,02 Nguyen Dinh Hoan,Cau Giay
34247201,Căn hộ dịch vụ VNAHOMES (VNAHOMES Serviced Apartment),Hà Nội,no.26 Vong Thi Street,Buoi
40528082,Khách sạn Amira Hà Nội (Amira Hotel Hanoi),Hà Nội,1 Ngõ Gạch,No. 01 Ngo Gach street
5969458,Khách Sạn T&M Luxury Hà Nội (T&M Luxury Hotel Hanoi),Hà Nội,89 Lê Đức Thọ,Mỹ Đình
58874258,Khách sạn A25 - 21 Lê Đức Thọ (A25 Hotel - 21 Le Duc Tho),Hà Nội,09 Ngo 21,Le Duc Tho
62094130,Khách sạn Sao Mai Boutique Hà Nội (Sao Mai Boutique Hotel Hanoi),Hà Nội,23 Ng. Thông Phong,Quốc Tử Giám
967807,Buồng ngủ VATC - Ga 2 (VATC Sleep Pod - Terminal 2),Hà Nội,Tầng 2,Sảnh công cộng
5501107,Khách sạn A25 - Dịch Vọng Hậu (A25 Hotel - Dich Vong Hau),Hà Nội,2 Ngo 25 Dich Vong Hau,Phuong Cau Giay
940491,Khách sạn Peridot Gallery Classic (Peridot Gallery Classic Hotel),Hà Nội,52 Bat Su Street,Old Quarter
37928069,Luxe Paradise Residence Xuân La (Luxe Paradise Residence Xuan La),Hà Nội,No. 36,Alley 28
25057063,KHÁCH SẠN MIA (MIA HOTEL),Hà Nội,No. 90,Alley 116
68224230,Căn hộ Era Thịnh Hào (Era Apartment Thinh Hao),Hà Nội,52 Ngách 74 ngõ Thịnh Hào 1 52,Đống Đa
59780344,Khách sạn căn hộ Sun Global Boutique (Sun Global Boutique Apart Hotel),Hà Nội,36 Đ. To Ngoc Van,Quang An
54535479,Khách sạn Lam Anh 4 Ngoại Giao Đoàn BT6-19 (Lam Anh Hotel 4 Ngoại Giao Đoàn BT6-19),Hà Nội,Xuan Tao Villa Hotel,Lam Anh
42939405,Khách sạn & Căn hộ Narcissus 2 (Narcissus 2 Hotel & Apartment ),Hà Nội,84 Đường Lê Duẩn,phường Cửa Nam
1161652,Midori Boutique Hotel,Hà Nội,43 Triệu Việt Vương,Quận Hai Bà Trưng
535510,Khách sạn và Spa La Palm Premier Hà Nội (Hanoi La Palm Premier Hotel & Spa),Hà Nội,35 Hang Quat,Hoan Kiem District
12412728,Khách sạn Peridot Grand Luxury Boutique (Peridot Grand Luxury Boutique Hotel),Hà Nội,33 Duong Thanh,Phố Cổ
407149,Atlanta Residences,Hà Nội,49 Hàng Chuối,Quận Hai Bà Trưng
66131312,Khách sạn Sunflower Nội Bài (Noi Bai Sunflower Hotel),Hà Nội,No. 7,Alley Dinh 1
237755,Khách sạn May De Ville Lakeside (May De Ville Lakeside Hotel),Hà Nội,43 Gia Ngư,Quận Hòan Kiếm
75921530,Khách sạn Grand Hanoi (Grand Hanoi Hotel),Hà Nội,Đ. Lê Trọng Tấn,Dương Nội
52049663,Căn hộ 22Housing 8 Nguyễn Văn Ngọc (22Housing Apartment 8 Nguyen Van Ngoc),Hà Nội,Room 8,Nguyen Van Ngoc
64670175,Căn hộ & Khách sạn Eco Nest Nam Ngư (Eco Nest Apartment & Hotel Nam Ngu),Hà Nội,65 P. Nam Ngư,Cửa Nam
298548,Diamond Westlake Suites,Hà Nội,96 Tô Ngọc Vân,Quảng An
111544,Khách sạn Movenpick Hà Nội Centre (Movenpick Hotel Hanoi Centre),Hà Nội,83A Ly Thuong Kiet,Phuong Cua Nam
58983007,Khách sạn T Boutique (T Boutique Hotel),Hà Nội,84 To Hien Thanh Str.,Hai Ba Trung Ward
1615600,Thang Long Opera Hotel Hanoi,Hà Nội,1C Tông Đản,Quận Hoàn Kiếm
262435,Khách sạn Wild Lotus – Xuân Diệu (Wild Lotus Hotel – Xuan Dieu),Hà Nội,106 Xuân Diệu,Quận Tây Hồ
61264748,22 Land 50 Trương Công Giai (22 Land 50 Truong Cong Giai),Hà Nội,No. 50,P. Truong Cong Giai
63407545,Mat Retreat,Hà Nội,Thon Chong,Yen Bai
7796450,Khách Sạn Eden Westlake - The Art (Eden Westlake Hotel - The Art),Hà Nội,số 8,phố từ Hoa
41984591,Khách sạn The Hanoi (Hotel The Hanoi),Hà Nội,20 Phố Xuân Quỳnh,Cầu Giấy
7961032,Nhà Trọ Tabalo Hà Nội (Tabalo Hostel Hanoi),Hà Nội,42 Hàng Đường,phường Hàng Đào
74497991,22 Land Cloud 150 Nguyễn Thái Học (22 Land Cloud 150 Nguyen Thai Hoc),Hà Nội,150 P. Nguyễn Thái Học,Điện Biên
119832,Lucky 2 Hotel & Travel,Hà Nội,46 Hàng Hòm,Quận Hoàn Kiếm
79331554,Khách sạn Manevi Premier (Manevi Premier Hotel ),Hà Nội,40 P. Nguyễn Siêu,Hàng Buồm
37825609,Lighthouse & Rooftop,Hà Nội,26 Ng. 62 P. Trần Quý Cáp,Đống Đa
1157084,Canary Hotel & Apartment,Hà Nội,Số 15,ngõ 19 Liễu Giai
55303819,L7 West Lake Hà Nội by Lotte – L7 Residences (L7 West Lake Hanoi by Lotte – L7 Residences),Hà Nội,Alley 683,Lac Long Quan Street
64096987,Wanderlust Station Hostel,Hà Nội,64 P. Nguyễn Trường Tộ,Trúc Bạch
297367,Khách sạn B (B Hotel),Hà Nội,1065 Đường Hồng H&#224;,Quận Ho&#224;n Kiếm
54165886,Khách sạn CLASSYC (CLASSYC Hotel),Hà Nội,No. 9,Hang Thung street
6393504,Khách Sạn & Spa Acoustic (Acoustic Hotel & Spa),Hà Nội,39 Tho Nhuom,Hoan Kiem
178099,Khách Sạn & Spa Alisa (Alisa Hotel & Spa),Hà Nội,Sô 9,Hàng Vôi
5404192,Khách sạn Hanvet Hà Nội (Hanoi Hanvet Hotel),Hà Nội,Số 5 Ngõ Huyên,Hàng Trống
44111721,Khách sạn & Căn hộ Galaxy Hà Nội (Galaxy Hanoi Hotel & Apartment),Hà Nội,12 Ng. 80 Trần Duy Hưng,Trung Hoà
63229235,My Home WestLake Hà Nội (My Home WestLake Hanoi),Hà Nội,Số 10 Ng ch 28 Ng 31 Xu n Diệu,Quận Tây Hồ
16863271,Khách sạn & Du lịch Airport Classic (Airport Classic Hotel & Travel),Hà Nội,11 Võ Nguyên Giáp,Sân bay Nội Bài
529354,Khách sạn JW Marriott Hà Nội (JW Marriott Hotel Hanoi),Hà Nội,Số 8,đường Đỗ Đức Dục
34334661,Khách sạn Le Grand Hà Nội (HA NOI LE GRAND HOTEL),Hà Nội,3 B9 Đầm Trấu,phường Bạch Đằng
42271962,9 LIGHT APARTMENT,Hà Nội,9 Ngõ 675 Lạc Long Quân,Quận Tây Hồ
19177418,Pegasy Suites Lakeside,Hà Nội,Số 33,ngõ 399
294450,Golden Silk Boutique Hotel,Hà Nội,109-111 Phố Hàng Gai,Quận Hoàn Kiếm
281340,Khách sạn và Spa Holiday Suites (Holiday Suites Hotel & Spa),Hà Nội,5 Nguyễn Siêu,Phường Hàng Buồm
248399,Tirant Hotel,Hà Nội,38 phố Gia Ngư,Phố Cổ
38098229,Okaeri Homestay,Hà Nội,20 P. Lương Ngọc Quyến,Phố Cổ
55763050,Căn hộ Era 158 Nguyễn Khánh Toàn (Era Apartment 158 Nguyen Khanh Toan),Hà Nội,No. 12,Alley 43
69952131,Maison Nha 51 Quảng Khánh (Maison Nha 51 Quang Khanh),Hà Nội,51 P. Quảng Khánh,Quảng An
9117968,Khách sạn và Spa Hanoi Fiesta Central (Hanoi Fiesta Central Hotel And Spa),Hà Nội,18 Hang Duong,Hoan Kiem
37825768,Khách sạn Royal Lotus (Royal Lotus Hotel),Hà Nội,52 Phố Quan Nhân Số 10,Cầu Giấy
303010,Khách sạn Authentic Boutique Hà Nội (Authentic Hanoi Boutique Hotel),Hà Nội,13 Lý Thái Tổ,Hoàn Kiếm
5780741,iStay Hotel Apartment 6,Hà Nội,Số 3 ngõ 148 Trần Duy Hưng,Cầu Giấy
11139881,Khách Sạn và Căn Hộ Narcissus (Narcissus Hotel and Apartment),Hà Nội,33 Tuc Mac,Tran Hung Dao
61272941,Aurora Oriental,Hà Nội,26 P. L Th i Tổ,L Th i Tổ
59163767,Khách sạn Hà Nội (Hanoi Hotel),Hà Nội,1 Ng. 269 Đ. Lạc Long Qu n,Cầu Giấy
1637038,Blue Hanoi Hotel,Hà Nội,86 Mai Hắc Đế,Hai Bà Trưng
1575724,Smile Hotel,Hà Nội,34 Cửa Bắc,Ba Đình
10535978,Anatole Hotel Hanoi,Hà Nội,26-28-30 Nha Chung Str.,Hoan Kiem Dist
5305073,Khách sạn A25 - 96 Hai bà Trưng (A25 Hotel- 96 Hai Ba Trung),Hà Nội,96 Hai Ba Trung,Phuong Cua Nam
61378496,Dodo Home 4,Hà Nội,No. 342,Lac Long Quan Street
39850429,Achie Home - Phố cổ Hà Nội - Phố đường tàu (Achie Home - Ha Noi Old Quarter - Train Street),Hà Nội,38 P. L Nam Đế,Phố Cổ
51469240,Khách sạn và Spa Amara Hà Nội (Amara Hanoi Hotel And Spa),Hà Nội,18 P. H&#224;ng Quạt,H&#224;ng Gai
41609794,Khách sạn A25 - 12 Phố Huế (A25 Hotel - 12 Pho Hue),Hà Nội,12 Pho Hue,Phuong Cua Nam
338583,Khách sạn Chalcedony Grand (Chalcedony Grand Hotel),Hà Nội,Số 4 Nguyễn Trường Tộ,Ba Đình
38983665,Khách sạn Diamond Hà Nội (Diamond Hotel Hanoi),Hà Nội,ngõ 28/5 Dương Khuê,Cầu Giấy
239635,Nhà nghỉ Solo Hà Nội (Solo Hanoi Hostel),Hà Nội,35-37 Mã Mây,Phường Hàng Buồm
6165919,Khách Sạn & Spa Sen Grand quản lý bởi Sen Group (Sen Grand Hotel & Spa managed by Sen Group),Hà Nội,20/118Nguyễn Khánh Toàn,Cầu Giấy
5173260,Hanoi Central Backpackers Hostel,Hà Nội,16 Thanh Ha Street,Hoan Kiem District
7392436,Khách sạn Azumaya Kim Mã 2 (Azumaya Hotel Kim Ma 2),Hà Nội,18A Phạm Huy Th ng Phường Giảng V,Ba Đình
76383874,AL19 - Phố Cổ - Bữa sáng & Tour (AL19 - Old Quarter - Breakfast & Tours),Hà Nội,19 P. Bát Đàn,Hàng Gai
38832014,Khách sạn Hoàng Gia Xa La Boutique (Hoàng Gia Xa La Boutique Hotel),Hà Nội,8B Tổ dân phố số 17,Hà Đông
58687727,Vinhomes Skylake - South Land,Hà Nội,85 Pham Hung Road,Nam Tu Liem District
34625041,Khách sạn & Du lịch Aviary Hà Nội (Aviary Hanoi Hotel & Travel),Hà Nội,19 Ngõ Trung Yên,Phố Cổ
930797,La Casa Hanoi Hotel,Hà Nội,17 đường Phạm Đ nh Hổ,Phường Hai B Trưng
63057398,Khách sạn Royal Trâu Quỳ Boutique (Royal Trau Quy Boutique Hotel),Hà Nội,No. 102,P. Nguyen Khiem Ich
161676,Khách sạn Mercure Hà Nội La Gare (Mercure Hanoi La Gare Hotel),Hà Nội,94 L Thường Kiệt,phường Cửa Nam
48364,Khách sạn Sheraton Hà Nội (Sheraton Hanoi Hotel),Hà Nội,K5 Nghi Tam,11 Xuan Dieu
570118,Elegant Suites Hồ Tây (Elegant Suites Westlake),Hà Nội,10B Đặng Thai Mai,Hà Nội
32780704,Nesta - The Grand Hào Nam (Nesta - The Grand Hao Nam),Hà Nội,83 Phố Hào Nam,Đống Đa
246309,Khách sạn Phoenix Legend (Phoenix Legend Hotel),Hà Nội,14A Ch n Cầm,Quận Ho n Kiếm
291350,Khách sạn A25 - 26 Hàng Nón (A25 Hotel - 26 Hang Non),Hà Nội,26 Hang Non,Phuong Hoan Kiem
409475,Khách sạn Hồng Hà (Hong Ha Hotel),Hà Nội,Số 204,Đường Trần Quang Khải
9372581,Khách sạn Graffiti (Graffiti Hotel ),Hà Nội,13B Hang Hom,Phố Cổ
9804889,Khách Sạn & Spa La Beaute Boutique (La Beaute Boutique Hotel & Spa),Hà Nội,11 Trung Yen Lane,Dinh Liet Str
42154394,Sunny Hanoi Homestay,Hà Nội,2nd Floor,No. 64A
66577906,Khách sạn Hoàng Gia Cầu Giấy (Hoang Gia Hotel Cau Giay),Hà Nội,39 Ng. 45 Trần Thái Tông,Dịch Vọng
1060053,Khách sạn Hà Nội La Selva (Hanoi La Selva Hotel),Hà Nội,57 Lò Sũ,Hoàn Kiếm
35701811,Căn hộ & Khách sạn Branda (Branda Apartment & Hotel),Hà Nội,141 Hong Tien,Bo De Ward
63889989,Căn hộ Era La Thành (Era Apartment La Thanh),Hà Nội,18 Đê La Thành nhỏ,Đống Đa
1723531,Khách sạn và Gym Luxury Old Quarter (Luxury Old Quarter Hotel & Gym),Hà Nội,67 Hang Bo,Hoan Kiem
783978,Khách sạn Sakura (Sakura Hotel),Hà Nội,Số16,đường Liễu Giai
5513583,Khách Sạn Suji (Suji Hotel),Hà Nội,Sô 40 Ngõ 2 Trần Văn Lai,Phường Mỹ Đình 1
23161830,Romantique Hotel De Hanoi,Hà Nội,35-37 Bat Su,Hang Bo
9367298,Khách sạn New Century Cầu Giấy (New Century Hotel Cau Giay),Hà Nội,Số 4 Đường Khúc Thừa Dụ,Phường Dịch Vọng
28826597,KHÁCH SẠN SANG TRỌNG VINHOMES SKYLAKE 5 phút tới KEANGNAM (LUXURY APARTMENT VINHOMES SKYLAKE 5min to KEANGNAM),Hà Nội,Vinhomes Skylake,Pham Hung Road
984367,Khách sạn Eco Luxury Hà Nội (Eco Luxury Hotel Hanoi),Hà Nội,17 Cửa Đông,Phố Cổ
38592395,La Siesta Classic Hàng Thùng (La Siesta Classic Hang Thung),Hà Nội,21 Hang Thung Str,Ly Thai To Ward
33158584,Meritel Hà Nội (Meritel Hanoi),Hà Nội,151 - 153 Hàng Bông,Hoàn Kiếm
35476089,Khách sạn và Spa La Sinfonia Citadel (La Sinfonia Citadel hotel and Spa),Hà Nội,12-14 Dinh Ngang Street,Cua Nam Ward
64283106,Căn hộ The Setai Linh Lang by XOI Residences (The Setai Apartment Linh Lang by XOI Residences),Hà Nội,13 Ng. 41 P. Linh Lang,Cống Vị
67292797,Huong’s Family Homestay,Hà Nội,91A P. Lý Nam Đế,Cửa Đông
6358988,Spoon Hotel,Hà Nội,Nguyễn Văn Tố,Phố Cổ
68639393,Khách sạn sân bay Mia Nội Bài (Mia Noi Bai Airport Hotel),Hà Nội,31 Đ. Vo Nguyen Giap,Thai Phu
76695458,Khách sạn sân bay Sunrise (Nội Bài) (Sunrise (Noi Bai) Airport Hotel),Hà Nội,No. 17,Alley 3
51483614,Căn hộ Gem Vinhomes Skylake Hà Nội (Vinhomes Skylake Ha Noi - Gem Apartment),Hà Nội,85 Đ. Phạm Hung,Mỹ Đinh
302780,Khách sạn Mango (Mango Hotel - Le Duan),Hà Nội,118 Lê Duẩn,Khu vực Ga Hà Nội
2419174,Khách sạn Super OYO Capital O 387 Bạch Dương (Super OYO Capital O 387 Bach Duong Hotel),Hà Nội,Số C5,D6 phố Trần Thái Tông
27826784,Căn hộ LIVIE Hà Nội Hàm Long (LIVIE Hanoi Ham Long),Hà Nội,42a Hàm Long,Hàng Bài
40818637,Hanoi Traveller House,Hà Nội,13 Phố Mã Mây,Phố Cổ
4218108,Khách sạn & Spa Paon Hà Nội (Hanoi Paon Hotel & Spa),Hà Nội,27 Hang Thung Str,Hoan Kiem
239422,Khách sạn Hanoi House & Travel (Hanoi House Hotel & Travel),Hà Nội,85 Mã Mây,Hoàn Kiếm
35354312,Khách sạn Minasi Grand (Minasi Grand Hotel),Hà Nội,61 Hue alley,Quận Hai Bà Trưng
44185571,Dcapitale - Feria Homes,Hà Nội,No. 259,Tran Duy Hung Street
46886926,Khách sạn & Spa The Silk Boutique (The Silk Boutique Hotel & Spa),Hà Nội,15 P. Hàng Cân,Hàng Bồ
535509,Khách sạn & Spa Brilliant Hà Nội (Hanoi Brilliant Hotel and Spa),Hà Nội,44 H&#224;ng Trống,Quận Ho&#224;n Kiếm
39008468,Khách sạn & Căn hộ Vinhomes Skylake (Vinhomes Skylake Residence & Hotel),Hà Nội,Phạm Hùng Street,Cau Giay
64307,Khách sạn Boutique Palago (Palago Boutique Hotel),Hà Nội,Số 10,Phố Bát Đàn
55256517,Khách sạn Clover Hà Nội - Trung tâm thành phố (Clover Hanoi Hotel - City Center),Hà Nội,50 Ton Duc Thang Street,Dong Da District
63294402,Khách sạn & Căn hộ Boutique Riverview Hà Nội (Hanoi Riverview Boutique Hotel & Apartment),Hà Nội,25 Ng ch 264/21 Đường u Cơ,T y Hồ
4362502,Khách sạn Inearth (Inearth Hotel - 华夏商务酒店),Hà Nội,36D,Dich Vong Hau street
10665115,Khách Sạn Minasi HanoiOi LakeSide (Minasi HanoiOi LakeSide Hotel),Hà Nội,30 Ba Trieu str.,Hoan Kiem district
2915548,Khách sạn & Spa Hanoi Nostalgia (Hanoi Nostalgia Hotel & Spa),Hà Nội,15 Luong Ngoc Quyen,Phố Cổ
297142,Khu nghỉ dưỡng Asean - Shiki Onsen & Spa (Asean Resort - Shiki Onsen & Spa),Hà Nội,21A H&#242;a Lạc,Thạch Thất
284906,Dragon Hotel,Hà Nội,48,đường Xuân Diệu
35911952,Khách sạn Beryl Signature Hà Nội (Beryl Signature Hanoi Hotel),Hà Nội,24 P. Quán Sứ,Quận Hoàn Kiếm
41456144,Luxe Paradise Residence 11 Tô Ngọc Vân (Luxe Paradise Residence 11 To Ngoc Van),Hà Nội,17 Ng 11 - T Ngọc V n,Quận Tây Hồ
31977455,Khách sạn và spa The West (The West hotel and spa),Hà Nội,23 Hang Dao Street,Hoan Kiem District
8018890,Khách sạn TrangTrang Boutique (Trang Trang Boutique Hotel),Hà Nội,104 Ma May Street,Hoan Kiem
27804734,Capella Hà Nội (Capella Hanoi),Hà Nội,11 Le Phung Hieu,Trang Tien Ward
5500158,Green Hadong Hotel,Hà Nội,Số 1,ngõ 36 Lê Trọng Tấn
30951704,Hồng Vận Hotel,Hà Nội,No. 71 Luu Quang Vu Street,Trung Hoa Ward
76837734,Khách sạn Paradise Tôn Đức Thắng by Luxe Hospitality (Paradise Hotel Ton Duc Thang by Luxe Hospitality),Hà Nội,273A P.Tôn Đức Thắng,Hàng Bột
37207561,Căn hộ cao cấp Yen (Yen Boutique Apartments),Hà Nội,29,alley 44 Nguyen Dinh Chieu
68113719,Khách sạn Nam Cường X (Nam Cường X Hotel),Hà Nội,57 Trần Quốc Vượng,Dịch vọng Hậu
13551771,Khu nghỉ dưỡng và biệt thự Wyndham Sky Lake (Wyndham Sky Lake Resort and Villas),Hà Nội,Van Son Lake area,Hoang Van Thu
67505273,Căn hộ Hương Linh (Hương Linh Apartment),Hà Nội,61 phương liệt,thanh xu n
55774723,Khách sạn AMANDA BOUTIQUE & Du lịch (AMANDA BOUTIQUE Hotel & Travel),Hà Nội,62E P. Cầu Gỗ,Hàng Bạc
37130257,Khách sạn YAH Hà Nội & Spa (HOTEL YAH HANOI & SPA),Hà Nội,14 Phố Kim Mã Thượng,Ba Đình
8233244,Khách Sạn & Spa Babylon Premium (Babylon Premium Hotel & Spa),Hà Nội,5-7 Hang Hom,Hoan Kiem
9202015,Hanoi Amore Hotel,Hà Nội,105 Vu Tong Phan,Thanh Xuan
34013977,Khách sạn du Lac Hà Nội (L'HÔTEL du LAC Hanoi),Hà Nội,35 Phố Hàng Trống,2022
47293697,Khách sạn sân bay Chemi Nội Bài (Chemi Noi Bai Airport Hotel),Hà Nội,No. 10A,Thai Phu Road
52557603,PentStudio West Lake - KIM Apartment & Homestays,Hà Nội,PentStudio,699 Lac Long Quan
4973394,Antique Angel Hotel,Hà Nội,40 Hang Dong,Hoan Kiem
36989888,Khách sạn căn hộ TSQ STAY (TSQ STAY Hotel Apartment),Hà Nội,4 Đường Quang Trung,Tòa tháp Thiên Niên kỷ - Hatay Millennium
64523102,Khách sạn Luxe Paradise Nguyễn Khắc Hiếu (Luxe Paradise Hotel Nguyen Khac Hieu),Hà Nội,No. 25,P. Nguyen Khac Hieu
5824801,Khách sạn Nk Hà Nội (Nk Hotel Hanoi),Hà Nội,95 Trần Quốc Toản str.,Hoan Kiem Dist.
49511989,Chez Van,Hà Nội,2 Ngõ Hàng Chuối 2,Quận Hai Bà Trưng
6406991,Nhà Nghỉ Banana Hà Nội (Hanoi Banana Hostel),Hà Nội,38 Hàng Giầy,Hoàn Kiếm
239497,A25 Hotel - 45 Phan Chu Trinh,Hà Nội,45 Phan Chu Trinh,Phuong Cua Nam
230575,Khách sạn May De Ville Corner (May De Ville Corner Hotel),Hà Nội,24 Duong Phan Huy Chu,Hoan Kiem
4218907,Hanoi Moon Cactus,Hà Nội,alley 24B,Ly Quoc Su street
47333344,Khách sạn Jacayl HD (Jacayl Hotel HD),Hà Nội,138 Đ. Phùng Hưng,P. Phúc La
4138625,Khách Sạn Trang Trang Premium (Trang Trang Premium Hotel),Hà Nội,15 Ng Cầu Gỗ,Quận Ho n Kiếm
2640309,Full House Times City,Hà Nội,458 Minh Khai,Hanoi
2320483,Hanoi Luxury Hotel,Hà Nội,Số 2 Ngõ Phủ Doãn,Phố Phủ Doãn
39824702,Khách sạn Blubiz Mỹ Đình (Blubiz Hotel 2) (Blubiz Hotel Mỹ Đình (Blubiz Hotel 2)),Hà Nội,73B TT4,pho Do Dinh Thien
45038749,Camellia Residence Hà Nội (Camellia Residence Hanoi),Hà Nội,95 P. Triệu Việt Vương,Bùi Thị Xuân
38747035,Khách sạn Lucky Central & Du lịch (Lucky Central Hotel & Travel),Hà Nội,12 Phố H ng Trống,Quận H an Kiếm
8261929,Cactus Homestay,Hà Nội,4/463 Hong Ha,Hoan Kiem
59999212,Khách sạn Serene Central (Serene Central Hotel),Hà Nội,106 P. H ng B ng,Quận Hoàn Kiếm
71194096,Khách sạn Paragon Nội Bài hồ bơi và view đẹp sân bay (Paragon Noi Bai Pool And Best View Airport Hotel),Hà Nội,,Điền Xá
6429569,Garco Dragon Hotel 2,Hà Nội,765A Nguyễn Văn Linh,Phường Sài Đồng
63093531,Khách sạn Romeo Pháp Vân (Romeo Hotel Pháp Vân),Hà Nội,P. Tran Thu Do,Tứ Hiep Urban Area Phap Van
36729457,Vinhomes Skylake - CitiHome,Hà Nội,Vinhomes Skylake Pham Hung,Mỹ Đình
31059105,FTE Ba Đình (FTE BA DINH),Hà Nội,268 Buoi Street,Ngoc Ha ward
38765293,Myrcella Urban Studio,Hà Nội,Room 33,Alley 12
47621127,HoLo Central Hanoi - Serviced HomeStay,Hà Nội,7 Phố Bùi Thị Xuân,Quận Hai Bà Trưng
60934332,Khách sạn sân bay Chemi Hà Nội (Chemi Hanoi Airport Hotel),Hà Nội,10 Đ. Vo Nguyen Giap,Thai Phu
1997175,Splendid Hotel and Spa,Hà Nội,No. 6 Hang Hanh str,Hoan Kiem dist.
46275575,FLESTA Núi Trúc (FLESTA Núi Trúc ),Hà Nội,75 N&#250;i Tr&#250;c,quận Ba Đ&#236;nh
71553152,Khách sạn San Quatorze Hà Nội (San Quatorze Hanoi Hotel),Hà Nội,56 Nguyen Chanh,Trung Hoa
411188,Khách Sạn Sen Luxury (Sen Luxury Hotel),Hà Nội,26/118,đường Nguyễn Khánh Toàn
13298285,Khách sạn Quang Chung (Quang Chung Hotel Le Van Thiem),Hà Nội,56 Le Van Thiem,Trung Hòa Nhân Chính
443864,Khách sạn Night (Night Hotel),Hà Nội,89 Bùi Thị Xuân,Quận Hai Bà Trưng
5100415,Khách sạn Ancient Lane (Ancient Lane Hotel),Hà Nội,Số 2 đường Tam Thương,Phường Hàng Gai
15919997,Khách sạn và Spa La Sinfonia Majesty (La Sinfonia Majesty Hotel and Spa),Hà Nội,No. 1 Cau Go,Hang Bac
60897091,Hanoi Vibes Hostel,Hà Nội,66 P. Bát Sứ,Hàng Bồ
66797177,Khách sạn PCA 2 - Vinhomes Ocean Park (PCA Hotel 2 - Vinhomes Ocean Park),Hà Nội,Sao Biển 11,SP11-45
45090705,Căn hộ NINE HOUSING tại 535 Kim Mã (NINE HOUSING apartments at 535 Kim Ma),Hà Nội,22/2 Ng. 535 P. Kim Mã,Ngọc Khánh
77420591,Willow Hà Nội Old Quarter (Willow Hanoi Old Quarter),Hà Nội,số 38 phố H ng Quạt,Phố Cổ
21761551,Khách sạn và Spa Aira Boutique Hà Nội (Aira Boutique Hanoi Hotel and Spa),Hà Nội,38A Tran Phu,Ba Dinh
1143868,Golden Diamond Hotel,Hà Nội,10 Trần Nhật Duật,Chợ Đồng Xuân
36786993,Khách sạn VP Luxury (VP HOTEL LUXURY),Hà Nội,No. 214,Lane 214
43962489,Vinhome D'capital - Trần Duy Hưng (Vinhome D'capital - Tran Duy Hung),Hà Nội,119 Đ. Trần Duy Hưng,Cầu Giấy
4536632,Khách sạn & Căn hộ của Ann (Ann's Hotel & Apartment),Hà Nội,26B Ngõ 1 Đình Thôn,Mỹ Đình
3034341,Khách sạn Hanoi Center Silk Premium (Hanoi Center Silk Premium Hotel),Hà Nội,20-22 Chan Cam,Quận Hoàn Kiếm
42158788,Căn hộ iRest Orange Tây Hồ Lakeside (iRest Orange Tay Ho Lakeside Apartment),Hà Nội,196 P. Vũ Miên,Yên Phụ
59083191,Bridgo Home,Hà Nội,28b P. Cầu Gỗ,Hoàn Kiếm
64327112,Khách sạn SEN Boutique - Quản lý bởi SEN HOTEL GROUP (SEN BOUTIQUE HOTEL - Managed by SEN HOTEL GROUP),Hà Nội,26 Đ. Nguyễn Khánh Toàn,Quan Hoa
35944407,Khách sạn A25 - 18 Nguyễn Hy Quang (A25 Hotel - 18 Nguyễn Hy Quang),Hà Nội,18 Nguyen Hy Quang,Phuong Dong Da
34460857,Khách sạn boutique sân bay Nội Bài S79 (S79 Noi Bai Airport Boutique Hotel),Hà Nội,No. 35,QL2
41456488,Luxe Paradise Residence 79 Nguyễn Du (Luxe Paradise Residence 79 Nguyen Du ),Hà Nội,79 Phố Nguyễn Du,Quận Hoàn Kiếm
338654,Au Coeur d' Hanoi Boutique Hotel,Hà Nội,62 Hàng Bè,Hoàn Kiếm
186186,Hanoi Street Hotel,Hà Nội,1 Cấm Chỉ,Quận Hoàn Kiếm
6409137,Khách sạn và Spa Hà Nội Fiesta (Hanoi Fiesta Hotel and Spa),Hà Nội,Số 9 Hàng Muối,Lý Thái Tổ
61428630,Căn hộ & Khách sạn Eco Nest - 6 Đình Ngang (Eco Nest Apartment & Hotel - 6 Đình Ngang),Hà Nội,6 Đình Ngang,Cửa Nam
200952,Hanoi Golden Moon Hotel,Hà Nội,65 Nguyễn Hữu Huân,Quận Hoàn Kiếm
78406395,An Homestay Lakeview Apartment,Hà Nội,47 P. Trich Sai,Thuy Khue
61057123,Khách sạn Bliss Nam Ngư Hà Nội (Hanoi Bliss Nam Ngu),Hà Nội,50 P. Nam Ngư,Cửa Nam
13576101,Tuna Homestay Experience,Hà Nội,Ngõ 445 Lạc Long Quân,Quận Tây Hồ
10965,Melia Hanoi Hotel,Hà Nội,Số 44B L Thường Kiệt,Phường Cửa Nam
7960878,Khách Sạn & Spa Classy Holiday (Classy Holiday Hotel & Spa),Hà Nội,49 Lãn Ông,Phố Cổ
52045,Khách sạn Quốc tế Bảo Sơn (Bao Son International Hotel),Hà Nội,Số 50,Phố Nguyễn Chí Thanh
67505115,Westlake Pearl Suites & Spa 70 Xuân Diệu - By Pegasy Group (Westlake Pearl Suites & Spa 70 Xuan Dieu - By Pegasy Group),Hà Nội,70 Xu n Diệu,T y Hồ
2817779,Royal St Hanoi Hotel,Hà Nội,112 Nguyen Khanh Toan,Cầu Giấy
73179078,Khách sạn A25 - 130 Bà Triệu (A25 Hotel - 130 Bà Triệu),Hà Nội,130 Ba Trieu,Phuong Hai Ba Trung
24329112,The Bloom Classic – Sự kết hợp tuyệt vời giữa không gian ấm cúng và thư giãn đô thị (The Bloom Classic – An Excellent Blend of Cozy Living and Urban Relaxation),Hà Nội,No. 58,Truong Cong Giai Street
62076897,Ba Đình Le Rêveur homestay (Ba Dinh Le Rêveur Homestay),Hà Nội,No. 114,Ngoc Ha Street
37138655,Căn hộ cao cấp Muse Hanoi - D' Eldorado (Muse Hanoi Luxury Apartment - D' Eldorado),Hà Nội,659a Lac Long Quan,Tay Ho District
9372539,Khách sạn A25 - 63A Phương Liệt (A25 Hotel - 63A Phuong Liet),Hà Nội,63A Phuong Liet,Phuong Phuong Liet
161666,Khách Sạn & Spa Imperial (Imperial Hotel & Spa),Hà Nội,44 Phố Hàng Hành,Quận Hoàn Kiếm
55648830,Hotel 239,Hà Nội,645 vũ t ng phan,Trung Hòa Nhân Chính
38664563,Khách sạn & Spa La Renta Center (La Renta Center Hotel & Spa),Hà Nội,50A Phố Mã Mây,Phố Cổ
66756156,Khách sạn 22Land Cloud (22Land Cloud Hotel),Hà Nội,150 P. Nguyễn Thai Học,
32821725,Khách sạn A83 Hà Nội (Hanoi A83 Hotel),Hà Nội,83/10 Xa Dan Street,Dong Da Dist.
52165811,Khách sạn Luxe Paradise Premium (Luxe Paradise Premium Hotel),Hà Nội,No.75 Pham Hong Thai street,Ba Dinh District
64223138,Dusit Le Palais Từ Hoa Hà Nội (Dusit Le Palais Tu Hoa Hanoi),Hà Nội,Lane 431 Au Co Street,Nhat Tan Ward
32907021,Khách sạn Delica Premium (Delica Premium Hotel),Hà Nội,41 Phố Hàng Quạt,Phố Cổ
34467743,Căn hộ Era Hà Yên Quyết (Era Apartment Ha Yen Quyet),Hà Nội,Số 30,Ng. 32 P. Hạ Y n Quyết
27737833,Khách sạn Linh Anh (Linh Anh Hotel),Hà Nội,No. 24,Alley 266
76387090,Khu căn hộ Harmony Red River (The Harmony Red River Residence),Hà Nội,11 Ng. 343 An Duong Vuong,Quận Từ Liêm
1193672,Khách sạn & Spa Emerald Waters Hà Nội (Hanoi Emerald Waters Hotel and Spa),Hà Nội,47 Lò Sũ,Quận Hoàn Kiếm
230684,Hanoi Emotion Hotel,Hà Nội,26 Hàng Bột,Khu Phố Cổ
49381248,Khách sạn Luxe Paradise Suites Dịch Vọng Hậu (Luxe Paradise Suites Hotel Dich Vong Hau),Hà Nội,46 Phố Dịch Vọng Hậu,Cầu Giấy
59031469,H Hôtel L'art Hanoi (H Hotel L'art Hanoi),Hà Nội,74-76 P. H ng G,H ng Bồ
11049359,Khách Sạn La Batisse Kim Mã (La Batisse Kim Ma Hotel),Hà Nội,143 Kim Ma,Ba Đình
293088,Khách sạn Ping Hà Nội (Ping Hanoi Hotel),Hà Nội,26,phố Mễ Trì Hạ
64687515,Khách sạn LuxTel Tây Hồ (LuxTel Hotel Tay Ho),Hà Nội,No. 99A,Alley 141 Trich Sai
35395155,Hanoi Jade Hostel,Hà Nội,46 P. Hàng Gà,Phố Cổ
10961,Khách sạn Pullman Hà Nội (Pullman Hanoi Hotel),Hà Nội,Số 40,Phố Cát Linh (Lối vào số 61 phố Giảng Võ)
38545674,HOTTEL HÀ THÀNH (HOTTEL HA THANH),Hà Nội,HÀ NỘI 34C NGÕ 63 LÊ ĐỨC THỌ MỸ ĐÌNH NAM TỪ LIÊM,Mỹ Đình
894922,Dragon Airport Hotel,Hà Nội,Nhà Ga Quốc Tế T2,Làng Điện Xá
5603612,Khách sạn Louisland Hà Nội (Louisland Hanoi Hotel),Hà Nội,23 Nguyen Ngoc Vu,Trung Hoa
4655654,Khách Sạn & Nhà Hàng Hai Bảy Hà Nội (Hai Bay Hotel & Restaurant),Hà Nội,27 Hàng Bông,Phố Cổ
6542427,Novotel Hà Nội Thái Hà (Novotel Hanoi Thai Ha),Hà Nội,2 Thai Ha Street,Đống Đa
1157082,Khách sạn Sân bay Nội Bài (Noi Bai Airport Hotel),Hà Nội,Km2 Võ Văn Kiệt,Sân bay Nội Bài
63399116,Khách sạn King's Linh Đàm 1 (King's Hotel Linh Dam 1),Hà Nội,No. 10,BT1 - X2
76699183,Khách sạn Harmony Riverside Seven (The Harmony Hotel Riverside Seven),Hà Nội,7 Đ. Bờ S ng S t,Quận Hoàng Mai
665815,Khách sạn Lotte Hà Nội (Lotte Hotel Hanoi),Hà Nội,54 Liễu Giai,Ba Đình
41278013,Khách sạn Hanoi Little (Hanoi Little Hotel),Hà Nội,9 Ng. Trung Y n,Phố Cổ
38699030,Khu nghỉ dưỡng Amour Ba Vì (Amour Resort Bavi),Hà Nội,Coste 400,Ba Vì
546247,Khách sạn La Palm (La Palm Hotel),Hà Nội,45 Hàng Bồ,Hoàn Kiếm
36931819,Khách sạn Grand K Suites Hà Nội (Grand K Hotel Suites Hanoi),Hà Nội,Số 2,phố Phạm Văn Bạch
44288720,Khách sạn & Spa Le Chanvre Hà Nội (Le Chanvre Hanoi Hotel & Spa),Hà Nội,84 P. Hàng Gai,Phố Cổ
216205,Khách Sạn Eternity Hà Nội (Eternity Hanoi Hotel),Hà Nội,32 Yết Kiêu,Quận Hoàn Kiếm
247990,Khách Sạn & Căn Hộ Hà Nội Club (The Hanoi Club Hotel & Residences),Hà Nội,76 Y n Phụ,phường T y Hồ
30977576,Khách sạn & Căn hộ Fukurai 2 (Fukurai Hotel & Apartment 2),Hà Nội,1 Ngõ 7,Ba Đình
56185562,Signature by M Village Thợ Nhuộm,Hà Nội,84 phố Thợ Nhuộm,Quận Ho n Kiếm
75622659,Khách sạn Blue Sky Nội Bài và hồ bơi (BLUE SKY NOI BAI HOTEL AND POOL),Hà Nội,17 Ngo Dinh 2,Thon Dien Xa
35723928,Khách sạn Reyna Luxury (Reyna Luxury Hotel),Hà Nội,34 Mieu Dam Street,Tu Liem Ward
18970064,Khách sạn A25 - 15 Trần Quốc Toản (A25 Hotel - 15 Tran Quoc Toan),Hà Nội,15 Tran Quoc Toan,Phuong Cua Nam
52780622,Khách sạn Legend Westlake (Legend Westlake Hotel ),Hà Nội,1a,Yen Phu
3014193,Royal Hotel,Hà Nội,19 Hang Chao,Ba Đình
51491627,Khách sạn M Village Hồ Gươm (M Village Hotel Hồ Gươm),Hà Nội,38 Phố Hai B&#224; Trưng,Quận Ho&#224;n Kiếm
65493,Somerset Grand Hà Nội (Somerset Grand Hanoi),Hà Nội,Số 49,Phố Hai Bà Trưng
47775196,Khách sạn Lake Sóc Sơn (Lake Hotel Sóc Sơn),Hà Nội,Dong Xuan,Soc Son
55589298,Hanoi Capsule Station Hostel,Hà Nội,22 Tran Nhat Duat street,Dong Xuan ward
16204051,Khách sạn King's Dịch Vọng (King's Hotel Dich Vong),Hà Nội,Dịch Vọng,Cầu Giấy
37130625,Muse PentStudio Hồ Tây (Muse Hanoi PentStudio West Lake ),Hà Nội,699 Lac Long Quan street,Tay Ho
64834890,Azumaya Kim Mã 3 (Azumaya Kim Ma 3),Hà Nội,68 P. Phạm Huy Th ng,Ba Đình
5802442,Roygent Parks Hà Nội (Roygent Parks Hanoi),Hà Nội,289 Khuat Duy Tien,Cầu Giấy
64877546,Khách sạn sân bay Success (Success Airport Hanoi Hotel),Hà Nội,11A Vo Nguyen Giap. Thai Phu,Mai Dinh
65747213,Aloha Home & Apartment Ba Đình (Aloha Home & Apartment Ba Dinh),Hà Nội,Số 1 ng 266 Đội Cấn,Cống Vị
60239016,Khách sạn & Spa Kecho Legacy (Kecho Legacy Hotel & Spa),Hà Nội,02 Trung Yen Alley,Hang Bac Ward
62035781,Khách sạn Madelise Amica & Du lịch (Madelise Amica Hotel & Travel),Hà Nội,No. 33A,Hang Dieu
63064610,Khách sạn Luxe Paradise Trường Chinh (Luxe Paradise Hotel Truong Chinh),Hà Nội,No. 146,Ng. 120
70979566,Hà Nội Bliss Ba Đình (Hanoi Bliss Ba Dinh),Hà Nội,11 Ng. 19 P. Liễu Giai,Liễu Giai
2614882,Somerset West Point Hà Nội (Somerset West Point Hanoi),Hà Nội,2 Tay Ho,Quận Tây Hồ
12548975,KHÁCH SẠN ARL CÁT LINH (ARL CAT LINH HOTEL),Hà Nội,55,Alley 35
35720087,Khách sạn Le Jardin Haute Couture (Le Jardin Hotel Haute Couture),Hà Nội,105 Nguyen Truong To street,Ba Dinh district
545244,Căn hộ Rose Garden (Rose Garden Residences),Hà Nội,170 Ngọc Khánh,Ba Đình
68396303,Studio Hai Bà Trưng,Hà Nội,36A Ng. 17 P. Ta Quang Buu,Bach Khoa
5796940,Khách sạn và Spa L'Heritage Diamond Hà Nội (Hanoi L'Heritage Diamond Hotel and Spa),Hà Nội,17 Nha Chung Str,Hoan Kiem Dist
29464613,Tru by Hilton Trung tâm thành phố Hòa Bình (Tru by Hilton Hoa Binh City Centre),Hòa Bình,No.112 Le Thanh Tong Street,Hòa Bình
45457894,Mandala Retreats Kim Bôi,Hòa Bình,Khu Mo Da,xa Kim Boi
25695641,Khu nghỉ dưỡng Serena Kim Bôi – Hòa Bình (Serena Kim Boi Resort - Hoa Binh),Hòa Bình,Thửa đất số 380,x m Khai Đồi
64170464,Vayang Retreat and Camping (Vayang Retreat and Camping Hoa Binh),Hòa Bình,Ang,Vay hamlet
37386405,Xoan Retreat - Đà Bắc,Hòa Bình,X m Mơ,Hiền Lương
32823050,Công viên MEDDOM (MEDDOM Park ),Hòa Bình,Công Viên Di Sản,Xóm Tiềng
65104,V Resort,Hòa Bình,Thôn Kim Đức,Xã Vĩnh Tiến
25560513,KHÁCH SẠN SAKURA (SAKURA HOTEL),Hòa Bình,133 L&#234; Th&#225;nh T&#244;ng,Hòa Bình
1350336,Hai Duong Guesthouse,Hòa Bình,150 Dien Bien Phu,Hòa Bình
67283563,Gia Trang Heian Hòa Bình (Gia Trang Heian Hoa Binh),Hòa Bình,To Thau,phuong Thai Binh
871221,Hoa Dao Hotel,Hòa Bình,Đường Lê Thánh Tông,Tổ 5
75218566,Chiềng Farm homestay (Chiềng Farm Homestay Hoà Bình),Hòa Bình,Xom Chiềng Farm,Hòa Bình
79441843,Xoan Retreat,Hòa Bình,Xóm Mơ Xã Hiền Lương,Hòa Bình
804875,Grand Hotel,Hòa Bình,129 đường Lê Thánh Tông,Hòa Bình
67495059,"SolStay Home Kim Bôi, Hòa Bình (SolStay Home Kim Boi, Hoa Binh)",Hòa Bình,Kim Bôi,Hòa Bình
63990266,Làng Nắng (Nắng Village),Hòa Bình,Xóm Tháu,P Thái Bình
23897083,"Mường Retreat- Phòng Hoa hồng đậm chất Văn hóa Nghệ thuật, Hòa Bình (Mường Retreat - Room Rose with Rich Cultural and Artistic Essence, Hoa Binh)",Hòa Bình,Hòa Bình,Hòa Bình
10671243,"Mường Retreat- Phòng gỗ xinh xắn trong Bảo tàng Văn hóa Nghệ thuật, Hòa Bình (MuongRetreat1 Hoa Binh, ArtBr view garden onhill)",Hòa Bình,Hòa Bình,Hòa Bình
62044600,Seaper Island,Hòa Bình,Seaper Island,Hiền Lương harbor
47200651,Serena Resort Kim Boi,Hòa Bình,Khai Doi Village,Sao Bay
46034036,Ora Hill Farmstay & Glamping (Ora Hill Farmstay & Glamping Hoa Binh),Hòa Bình,X m Mỗ 2,X B nh Thanh
1325322,Hai Duong Hotel,Hòa Bình,524 Tran Hung Dao,Hòa Bình
32914012,Khách sạn Hoa Viên - Suối nước nóng Kim Bôi (Hoa Vien Hotel - Kim Boi Hot Spring),Hòa Bình,Khách sạn Hoa Viên (Hoa Viên Hotel),xom Mo Da
51651177,4L HOTEL KIM BÔI (4L HOTEL KIM BOI),Hòa Bình,Suối Khoáng Kim Bôi Hòa Bình,Kim Bôi
77415615,Yasumi Onsen Resort,Hòa Bình,Yasumi Onsen Resort 11,Kim Bôi
25934119,"Mường Retreat- Phòng Hoa Mai đậm chất Văn hóa- Nghệ thuật, Hòa Bình (Mường Retreat - Hoa Mai Room with Cultural and Artistic Essence, Hoa Binh)",Hòa Bình,Hòa Bình,Hòa Bình
61559410,"Biệt thự 2000 m² 8 phòng ngủ, 1 phòng tắm riêng ở Hòa Bình (Bảo Quyên greenhouse )",Hòa Bình,Hòa Bình,Hòa Bình
5966513,Hùng Mạnh Plaza Hotel (Hung Manh Plaza Hotel),Hòa Bình,Ngã ba Mãn Đức,khu 3
37505273,MườngRetreat-Beauty room trong Bảo tàngNghệthuật,Hòa Bình,202 Tây Tiến,Mường Retreat Beauty 2
51968032,Mộc An Hill hòa mình với thiên nhiên,Hòa Bình,Xóm Đầm,Kim Bôi
37697577,"Biệt thự 3000 m² 6 phòng ngủ, 7 phòng tắm riêng ở Hòa Bình (Hoà Bình Ann's Villa Hill)",Hòa Bình,Hòa Bình,Hòa Bình
29537613,"Nhà riêng 100 m² 1 phòng ngủ, 2 phòng tắm riêng ở Hòa Bình (An Nhiên Retreat 1)",Hòa Bình,Hòa Bình,Hòa Bình
36212436,"Nhà riêng 10 m² 1 phòng ngủ, 1 phòng tắm riêng ở Hòa Bình (Mường Retreat - Tree House at Art Museum)",Hòa Bình,Hòa Bình,Hòa Bình
31052907,Hasu Village Hòa Bình - Mountain view (Hasu Village Hòa Bình - Moutain view),Hòa Bình,Xóm Nước Hang,Xã Mông Hóa
32735675,"Biệt thự 100 m² 3 phòng ngủ, 1 phòng tắm riêng ở Hòa Bình (Thung Rech House - Green House)",Hòa Bình,Kim Bôi,Hòa Bình
10934062,"Biệt thự 6000 m² 2 phòng ngủ, 2 phòng tắm riêng ở Hòa Bình (Thung Rech House - Wood House)",Hòa Bình,Hòa Bình,Hòa Bình
9764516,"Mường Retreat- Phòng Tập thể ấm cúng trong Bảo tàng Văn hóa Nghệ thuật, Hòa Bình (MuongRetreat Hoa Binh,GroupR Peacefull Culture Art)",Hòa Bình,Hòa Bình,Hòa Bình
9772351,"Mường Retreat- Phòng gia đình Nghệ thuật trong Bảo tàng Văn hóa, Hòa Bình (Mường Retreat - Family Room Art in Culture Museum, Hoa Binh)",Hòa Bình,Hòa Bình,Hòa Bình
9898156,"Biệt thự 150 m² 2 phòng ngủ, 2 phòng tắm riêng ở Hòa Bình (Biet thu 2pn be boi Biodesign cach HN 50km)",Hòa Bình,Hòa Bình,Hòa Bình
60513131,Muong Retreat,Hòa Bình,202 Tay Tien,Hoa Binh
32735757,"Biệt thự 120 m² 2 phòng ngủ, 3 phòng tắm riêng ở Hòa Bình (Thung Rech House - Sun House)",Hòa Bình,Kim Bôi,Hòa Bình
61363188,"Căn hộ 35 m² 1 phòng ngủ, 1 phòng tắm riêng ở Hòa Bình (Muong Retreat-Beauty Family4 in Culture Art Museum)",Hòa Bình,Hòa Bình,Hòa Bình
78307858,"Biệt thự m² 4 phòng ngủ, 4 phòng tắm riêng ở Hòa Bình (Rose Villa - Beverly Hill)",Hòa Bình,Hòa Bình,Hòa Bình
76235989,Nhà nghỉ Minh Hiếu (Nha nghi Minh Hieu),Hòa Bình,Nhà Nghỉ Minh Hiếu,Kim Bôi
26930646,Tu Viên Xanh homestay (Tu Vien Xanh Homestay),Hòa Bình,Xóm Gò Bùi,xã Dân Hoà
37287089,Khách sạn Quỳnh Trang Hưng Yên (Quynh Trang Hung Yen Hotel),Hưng Yên,Km 18,National Highway 5
63995759,Khách sạn ADAMO Hưng Yên (ADAMO HOTEL HUNG YEN),Hưng Yên,DT200 TT V ng xuyến,ng 5
25019485,White Palace 2,Hưng Yên,34 Doc Nhuong st.,Tran Hung Dao Ward
63746671,Khách sạn Bảo An Hưng Yên (Bao An Hotel Hung Yen),Hưng Yên,New Urban Area,Van Giang
63620407,"Căn hộ m² 2 phòng ngủ, 2 phòng tắm riêng ở Hưng Yên (Landmark 2 ngủ view hồ)",Hưng Yên,Hưng Yên,Hưng Yên
80109183,"Căn hộ m² 1 phòng ngủ, 1 phòng tắm riêng ở Hưng Yên (Anhome Ecopark)",Hưng Yên,Hưng Yên,Hưng Yên
68388662,Ocean Park - 6 Giường Đôi - Tầng 3 Sunny Residence (Ocean Park - 6 Giuong Đoi - Tang 3 Sunny Residence),Hưng Yên,,Nghĩa Trụ
74973282,"Nhà riêng 25 m² 1 phòng ngủ, 1 phòng tắm riêng ở Hưng Yên (Le Chateau Vinhomes Ocean Park3)",Hưng Yên,Hưng Yên,Hưng Yên
63620400,"Nhà riêng m² 1 phòng ngủ, 1 phòng tắm riêng ở Hưng Yên (Haven Park Căn hộ homestay 1 ngủ)",Hưng Yên,Hưng Yên,Hưng Yên
80053108,"Nhà riêng m² 1 phòng ngủ, 1 phòng tắm riêng ở Hưng Yên (Comfy home)",Hưng Yên,Hưng Yên,Hưng Yên
79917776,Khách sạn Sông Lô (Khách Sạn Sông Lô),Hải Dương,281 Bùi Thị Xuân,Hải Dương
58890133,Khách sạn & Căn hộ Mandala Hải Dương (Mandala Hotel & Suites Hai Duong),Hải Dương,Toa nha Apec Mandala Hai Duong,nga tu Le Thanh Nghi
64584425,Apec Mandala Wyndham ( Apec Mandala Wyndham),Hải Dương,8/346 Yết Kiêu,P. Hải Tân
59315156,Khách sạn YO (YO Hotel),Hải Dương,No. 22 Dao Dao,Binh Han Ward
186731,Nam Cuong Hai Duong Hotel,Hải Dương,Số 1 Đại Lộ Võ Nguyên Giáp,Phường Tứ Minh
9967054,Khách Sạn Sen Tím (Purple Lotus Hotel),Hải Dương,Số 232 Đường Trường Chinh,Phường Tân Bình
34125588,Nhà khách Công đoàn Hải Dương (Guest House of Hai Duong Trade Union),Hải Dương,106 Phố Chi Lăng,Hải Dương
67847945,Homestay Apec Mandala Hotel & Suites Hai Duong,Hải Dương,Hải Dương,Hải Dương
78051547,Apec Mandala Hotel & Suites Condotel Hải Dương (Apec Mandala Hotel & Suites Condotel Hai Duong),Hải Dương,Highlands Coffee Apec Mandala Hải Dương,Hải Dương
38991643,Khách sạn Asean (Asean Hotel),Hải Dương,168 Trần Hưng Đạo,8
80605546,APEC MANDALA & SUITE Hải Dương (APEC MANDALA & SUITE HẢI DƯƠNG),Hải Dương,ĐL Lê Thanh Nghị,Yết Kiêu
61542799,"Căn hộ 38 m² 1 phòng ngủ, 1 phòng tắm riêng ở Hải Dương (Apec Mandala Wyndham)",Hải Dương,Hải Dương,Hải Dương
9062618,Khách Sạn Kim Bảo (Kim Bao Hotel),Hải Dương,16 Vuong Chieu,Phuong.Binh Han
1193395,Star Hotel Hai Duong,Hải Dương,Số 01,Phố Hông Châu
77145802,LiLi,Hải Dương,Hải Dương,Hải Dương
1414714,Hai Duong Garden Apartment,Hải Dương,54 Do Ngoc Du,Tan Binh Ward
78681830,Ecorivers Hải Dương (Ecorivers Hai Duong),Hải Dương,Hải Dương,Hải Dương
60743932,"Căn hộ 34 m² 1 phòng ngủ, 1 phòng tắm riêng ở Hải Dương (Apec Mandala Wyndham - Airbnb)",Hải Dương,Hải Dương,Hải Dương
58845990,MOMIZI Serviced Apartment,Hải Dương,15 Vũ Văn Dũng,Hải Dương
344872,Khách Sạn Phương Anh 1 Hải Dương (Phuong Anh Hotel 1 Hai Duong),Hải Dương,L 18.1.3 đường Ng Quyền,Phường L Thanh Nghị
1197953,Khách Sạn Phương Anh 2 Hải Dương (Phuong Anh Hotel 2 Hai Duong),Hải Dương,Số 03 đường Trường Chinh,phường L Thanh Nghị
46885616,"Căn hộ 70 m² 1 phòng ngủ, 1 phòng tắm riêng ở Hải Dương (Căn hộ nghỉ dưỡng chữa lành ở trung tâm)",Hải Dương,Hải Dương,Hải Dương
28762028,Mio Hotel,Hải Dương,Số 3 ngõ 118 Ngô Sỹ Liên,Phường Tứ Minh
80605644,"Nhà riêng m² 1 phòng ngủ, 1 phòng tắm riêng ở Hải Dương (Cá chuồn Home - Touching a peaceful alley)",Hải Dương,Hải Dương,Hải Dương
53883475,"Căn hộ 33 m² 1 phòng ngủ, 1 phòng tắm riêng ở Hải Dương (LAKHA HOUSE)",Hải Dương,Hải Dương,Hải Dương
74424088,"Căn hộ m² 2 phòng ngủ, 1 phòng tắm riêng ở Hải Dương (MIO HOTET)",Hải Dương,Hải Dương,Hải Dương
78346912,Hotel London,Hải Dương,Pho Ghe,Hải Dương
6393486,Sheraton Hải Phòng (Sheraton Hai Phong),Hải Phòng,Khu đô thị Vinhomes Imperia Hải Phòng,Đường Hà Nội
10312958,Khách Sạn Nikko Hải Phòng (Hotel Nikko Hai Phong),Hải Phòng,Số 1,Đường số 1
49443430,Khách sạn Paul Chabot (Paul Chabot Hotel ),Hải Phòng,26D Ly Tu Trong Street,Hong Bang Ward
52249241,Halidao Homestay,Hải Phòng,4/54 Cao Thắng,Hạ Lý
58354137,Khách sạn Pullman Grand Hải Phòng (Pullman Hai Phong Grand Hotel),Hải Phòng,No.12 Tran Phu Street,Cau Dat Ward
38732219,Khách sạn & Căn hộ Ostara (Ostara Hotel & Apartment),Hải Phòng,No. 3,Do Nhuan Street
35695102,AUI Nguyễn Trãi,Hải Phòng,95 Nguyen Trai street,Trung tâm thành phố/chợ Sắt
1032037,Tòa nhà Haiphong (Căn hộ và Khách sạn) (Haiphong Tower (Apartment and Hotel)),Hải Phòng,85 Trần Phú,Ngô Quyền
61732648,META HOME - Vinhomes Imperia Hải Phòng (META HOME - Vinhomes Imperia Hai Phong),Hải Phòng,Vinhomes Imperia,Thuong Ly
72514682,Căn hộ LuxHomes Vinhomes Marina (The LuxHomes Apartment Vinhomes Marina),Hải Phòng,HD103 Vinhome Marina,Vinh Niem
63547077,Khách sạn IRIS Hải Phòng (IRIS Hotel Hai Phong),Hải Phòng,No. 87,Hoang The Thien
66146599,Khách sạn CiCi Hải Phòng (CiCi Hotel Hải Phòng),Hải Phòng,No. 28,Dong Khe
4659590,Khách Sạn Manoir Des Arts (Manoir Des Arts Hotel),Hải Phòng,64 Điện Biên Phủ,Hồng Bàng
78975031,Merry House Hoàng Huy Riverside (Merry House Hoang Huy Riverside),Hải Phòng,Số LK-07/19 Hoang Huy Riverside,Thượng Lý/Quán Toan
72429497,Khách sạn & Căn hộ The Eastern (The Eastern Hotel & Apartment),Hải Phòng,9 P. Phan Bội Châu,Hoàng Văn Thụ
46756335,"HTOWER - 197 Văn Cao, Gia Viên, Hải Phòng (HTOWER - 197 Van Cao, Gia Vien, Hai Phong)",Hải Phòng,Phố Văn Cao số 195-197,Ngã năm – Sân bay Cát Bi
108901,Khách sạn và Căn hộ Pearl River (Pearl River Hotel & Apartment),Hải Phòng,Km 8 Phạm Văn Đồng,Phường Anh Dũng
80550402,Khách sạn Anna's House (Anna's House Hotel),Hải Phòng,Anna House,KL3.08
23145508,Khách sạn Opera (The Opera Hotel),Hải Phòng,20b Minh Khai 8,Trung tâm thành phố/chợ Sắt
67096990,Khách sạn Wink Hải Phòng - Lưu trú 24 giờ & Quầy bar hồ bơi tầng thượng (Wink Hotel Hai Phong - 24hrs Stay & Rooftop Pool Bar),Hải Phòng,No.135,Dien Bien Phu
59873041,Hapi Home,Hải Phòng,Toà nhà Diamond Crown,Ngã tư BigC Lê Hồng Phong
59113855,The Eudora Homestay,Hải Phòng,57 Phố Trại Lẻ,Cầu Rào
38036881,Khu nghỉ dưỡng Dream Dragon (Dream Dragon Resort),Hải Phòng,Khu du lịch Quốc tế,Bãi Biển Đồ Sơn
36221957,Aui Máy Tơ,Hải Phòng,38 Máy Tơ,Trung tâm thành phố/chợ Sắt
28379940,Roygent Parks Hải Phòng (Roygent Parks Hai Phong),Hải Phòng,No.3 Road No.1,Waterfront City
26956734,Khách sạn Queenie (Queenie Hotel),Hải Phòng,83 Hoang The Thien,Trung tâm thành phố/chợ Sắt
36834402,Khách sạn & Căn hộ PH (PH Hotel & Apartment),Hải Phòng,Room PH,94 P. Tran Phu
5647453,Khách sạn Gallant 154 - Gần sân bay Cát Bi (Gallant Hotel 154 - Near Cat Bi Airport),Hải Phòng,154 Ng Gia Tự,C t Bi
40340079,Thanh Bình Hotel (Thanh Binh Hotel),Hải Phòng,7c Lê Hồng Phong,Trung tâm thành phố/chợ Sắt
36070507,Khách sạn và Căn hộ Lotus (Lotus Hotel and Apartment),Hải Phòng,18 Lô 3C Lê Hồng Phong,Lotus Hotel & Apartment
4518434,Mercure Hải Phòng (Mercure Hai Phong),Hải Phòng,Số 12 Lạch Tray,Phường LạchTray
37219892,Khách sạn PHAM. & Views (PHAM. Hotel & Views),Hải Phòng,Ngõ 134 P. Cầu Đất,Trung tâm thành phố/chợ Sắt
46758557,Nhà nghỉ Tây Đại Dương (Tay Dai Duong Guesthouse),Hải Phòng,5/70 Lach Tray,Lach Tray Ward
33152056,Căn hộ & Khách sạn Grand Hill (GRAND HILL APARTMENT & HOTEL),Hải Phòng,số 118 Kiều Sơn,phường Đằng L m
31215024,Khách sạn KOVIE (KOVIE HOTEL),Hải Phòng,lô 2A Lê Hồng Phong,Trung tâm thành phố/chợ Sắt
46749545,Căn hộ META HOME - Vinhomes Imperia (META HOME Apartment - Vinhomes Imperia ),Hải Phòng,Room 17-02,Vinhomes Imperia
8213119,Meliá Vinpearl Hải Phòng Rivera (Meliá Vinpearl Hai Phong Rivera),Hải Phòng,Manhattan 9 Street,Vinhomes Imperia Urban Area
37374628,Merci Vinhomes Imperia Hải Phòng (Merci Vinhomes Imperia Hai Phong),Hải Phòng,BH04-07 Vinhomes Imperia,Hong Bang
18168590,THE SHINE HOTEL,Hải Phòng,Số 1 - L 22A,đường L Hồng Phong
75887168,Bé Homestay (Be Homestay),Hải Phòng,Số 16/89 Phố Chùa Hàng,Trung tâm thành phố/chợ Sắt
288586,Hòn Dấu Resort (Hon Dau Resort),Hải Phòng,Khu 3,Phường Vạn Hương
47863203,Khách sạn Le Haute (Le Haute Hotel),Hải Phòng,275 Lạch Tray,Ngã năm – Sân bay Cát Bi
18587829,Căn hộ Lee (Lee Apartment),Hải Phòng,23 Van Cao,Dang Giang
32745831,Khách sạn & Căn hộ Madelise (MADELISE HOTEL&APARTMENT),Hải Phòng,No 1,Lot 03 C
18482854,KHÁCH SẠN TE AMO (HOTEL TE AMO),Hải Phòng,18 Phung Phap,Dang Giang
77532149,KATKA Hotel Hai Phong,Hải Phòng,1 Ngõ 580 Ngô Gia Tự,Thành Tô
6884466,Khách Sạn Azumaya Hải Phòng (Azumaya Hotel Hai Phong),Hải Phòng,No. 195 Vu Trong Khanh Str.,Gia Vien Ward.
47279296,Khách sạn & Căn hộ CM (CM Hotel & Apartment),Hải Phòng,71 Hoàng Thế Thiện,Trung tâm thành phố/chợ Sắt
59288614,Nhà nghỉ Mia (Mia motel),Hải Phòng,27 Nguyễn Hữu Cầu,Bãi Biển Đồ Sơn
339499,Làng Quốc tế Hướng Dương (Sunflower International Village),Hải Phòng,35A Đường Văn Cao,Ngã năm – Sân bay Cát Bi
70579739,Khách sạn BIDV Đồ Sơn (BIDV Hotel Đồ Sơn),Hải Phòng,1 L Th nh T ng,Hải Sơn
10955,Khách sạn Harbour View Hải Phòng (Hai Phong Harbour View Hotel),Hải Phòng,12 Trần Phú,Trung tâm thành phố/chợ Sắt
68192959,"Căn hộ 60 m² 1 phòng ngủ, 1 phòng tắm riêng ở Trung tâm thành phố/chợ Sắt (One Bedroom Apartment in Diamond Crown Hai Phong)",Hải Phòng,19 Đ. Lê Hồng Phong,Đông Khê
804975,Somerset Central TD Hải Phòng (Somerset Central TD Hai Phong City),Hải Phòng,Tower A,TD Plaza
548250,Khách sạn Đông Dương (Dong Duong Hotel),Hải Phòng,4D Hồ Sen,quận Lê Chân
46252114,Tan An Palace,Hải Phòng,No. 22,Hong Bang Street
37171279,Lều Vịt Homestay,Hải Phòng,15/54 Cao Thắng,Hạ Lý
18512710,Nhà nghỉ Tây Hồ (Motel Tay Ho),Hải Phòng,20/420 Lach Tray,Ngo Quyen
36965822,Cửa Biển Homestay (Cua Bien Homestay),Hải Phòng,số 04/16D mặt đường Lê Hồng Phong,Ngã năm – Sân bay Cát Bi
61012565,Căn hộ The LuxHomes - 231 Văn Cao (The LuxHomes Apartment - 231 Văn Cao),Hải Phòng,1/231 P. Văn Cao,Ngã năm – Sân bay Cát Bi
46761029,Merci Vinhomes Marina Hải Phòng (Merci Vinhomes Marina Hai Phong),Hải Phòng,HD.75 + HD.77 Vinhomes Marina,An Bien
255043,Khách sạn The Tray Hải Phòng (The Tray Hotel Hai Phong),Hải Phòng,47 Lạch Tray,Trung tâm thành phố/chợ Sắt
76100774,HAMA HOUSE,Hải Phòng,29 Ng 33 Kiều Sơn,Ngã năm – Sân bay Cát Bi
37174426,Nhà nghỉ Adal (Adal Motel),Hải Phòng,No. 262,11
23011134,Nhà nghỉ Hoàng Tuyết (Hoang Tuyet Guest House),Hải Phòng,số 19/70 Lạch Tray,Trung tâm thành phố/chợ Sắt
61742577,Kiara's Home,Hải Phòng,Số 12 Ng 273 Đường Đằng Hải,Hải An
24120266,Punt Hotel,Hải Phòng,No. 41,Lane 3C
290092,Hoang Hai Hotel Haiphong,Hải Phòng,109 Cầu Đất,Quận Ngô Quyền
10144700,Khách Sạn Menrva (Menrva Hotel),Hải Phòng,No.4D Tran Hung Dao,Hong Bang
42031357,Khách sạn The LuxHomes Apartment - SAKURA (The LuxHomes Apartment - SAKURA Hotel),Hải Phòng,19/15 Tô Vũ,193 Văn Cao
76965355,Peaceful Paradise Homestay,Hải Phòng,106 Phố Lương Khánh Thiện ngõ 106 Lương Khánh Thiện,homestay là toà nhà 6 tầng ngay cạnh trường mầm non Sakura
39062704,Cozy Central House,Hải Phòng,3 Phan Đình Phùng,Ven sông - Sông Cấm/Cảng cũ
71368079,Merry House Harmony,Hải Phòng,27/174 Văn Cao,Phường Đằng Giang
46609945,Khách sạn Song Kim (Song Kim Hotel),Hải Phòng,102/225 Ngô Gia Tự,Ngã năm – Sân bay Cát Bi
16332920,Khách sạn MV (MV HOTEL),Hải Phòng,15A Phuong Luu,Dong Hai 1
59675831,Quang Minh Hotel,Hải Phòng,29 Nguyễn Hữu Cầu,Bãi Biển Đồ Sơn
34850687,Phong Lan Apartments,Hải Phòng,20 Đinh Tiên Hoàng,Trung tâm thành phố/chợ Sắt
77626680,Lotus Apartment Hoang Huy Commerce,Hải Phòng,Cầu Rào,Hải Phòng
34526371,Khách sạn & Căn hộ The Shine 2 (THE SHINE 2 HOTEL & APARTMENT),Hải Phòng,Số 16,L 22B
9767209,Victory Hotel and Apartment,Hải Phòng,119 Nguyễn Đức Cảnh,quận Lê Chân
78839899,Khách sạn & Căn hộ Mango Riverside Hải Phòng (Mango Riverside Hotel & Apartment - Hai Phong),Hải Phòng,,Thượng Lý
13870808,Khách Sạn Và Căn Hộ The Nova (The Nova Hotel and Apartment),Hải Phòng,135 Hoang The Thien,Trung tâm thành phố/chợ Sắt
4861685,"Nhà mặt đất 20 m² 1 phòng ngủ, 1 phòng tắm riêng ở Khu đô thị Ngã Năm - sân bay Cát Bi (Private room, international area, near Airport)",Hải Phòng,193 Van Cao,No 4 An Khe resident area
13342554,KHÁCH SẠN MOMIZI HẢI PHÒNG (MOMIZI HOTEL HAI PHONG),Hải Phòng,373 Van Cao Str.,Hai An Dist.
8607268,Chung cư studio 40 m² có 1 phòng tắm riêng ở Trung tâm thành phố/chợ Sắt (1218A Studio apartment in Diamond Crown Hai Phong - friendly and warm like home),Hải Phòng,Le Hong Phong street,Trung tâm thành phố/chợ Sắt
68601203,Cozy Apartment Văn Cao Garden Villa - Homestay,Hải Phòng,41 Đ. Đỗ Nhuận,Đằng Lâm
47636421,The Key - Vinhomes Marina,Hải Phòng,Đường Hải Đăng,Cầu Rào
68665044,GARE D'47 l 47 Luong Khanh Thien,Hải Phòng,47 Phố Lương Khánh Thiện,Trung tâm thành phố/chợ Sắt
49702279,X-Stay,Hải Phòng,Vinhomes Marina Cầu Rào 2,Lê Chân
77241046,Căn hộ tuyệt vời trung tâm Thành phố 2! (Can ho tuyet voi trung tam Thanh pho 2!),Hải Phòng,Trung tâm thành phố/chợ Sắt,Hải Phòng
46245408,Hotel Nam Sơn (Hotel Nam Son),Hải Phòng,47 Bạch Đằng,TT Núi Đèo
9752576,Thien Anh Hotel,Hải Phòng,Số 3,ngõ 82 Trần Phú
532379,Khách sạn Rose (Rose Hotel),Hải Phòng,Số 36,Ngõ 384 Lạch Tray
58282053,Khách sạn căn hộ D&H (D&H Apartment Hotel),Hải Phòng,No. 333,Văn Cao
45839222,Holiday Hotel 2,Hải Phòng,193 Phố Văn Cao,Ngã năm – Sân bay Cát Bi
34632533,Cuccu homestay,Hải Phòng,Cầu Rào,Hải Phòng
9062186,Nhà Nghỉ Vân Anh (Van Anh Motel),Hải Phòng,số nhà 15 đường Dầu Lửa,Sở Dầu
64835370,Hiu homestay (Hiu Homestay),Hải Phòng,124 P. Đào Nhuận,Kênh Dương
39797569,"Căn hộ 40 m² 1 phòng ngủ, 1 phòng tắm riêng ở Trung tâm thành phố/chợ Sắt (Super Nice Room 193 Văn Cao No.1)",Hải Phòng,Ngã năm – Sân bay Cát Bi,Hải Phòng
78569202,"Nhà riêng m² 1 phòng ngủ, 1 phòng tắm riêng ở Cầu Rào (Shin Apartment-Hoang Huy Commerce-1 bedroom)",Hải Phòng,Cầu Rào,Hải Phòng
79078606,"Căn hộ m² 2 phòng ngủ, 2 phòng tắm riêng ở Khác (Jolli Home - Homestay in Haiphong)",Hải Phòng,Chung cư Hoàng Huy Commerce,Hải Phòng
78342061,FLESTA Lach Tray,Hải Phòng,358 Lach Tray,Ngã năm – Sân bay Cát Bi
16624767,"Căn hộ 30 m² 1 phòng ngủ, 1 phòng tắm riêng ở Cầu Rào (perfect)",Hải Phòng,Cầu Rào,Hải Phòng
78339498,Doson Resort,Hải Phòng,Thung Lung Xanh,Phuong Van Huong
10944400,"Nhà mặt đất 26 m² 1 phòng ngủ, 1 phòng tắm riêng ở Khu đô thị Ngã Năm - sân bay Cát Bi (HMhause#feellikehome)",Hải Phòng,Ngã năm – Sân bay Cát Bi,Hải Phòng
55661539,JOYCE-Celia 27,Hải Phòng,Cầu Rào,Hải Phòng
39807000,"Căn hộ 40 m² 1 phòng ngủ, 1 phòng tắm riêng ở Trung tâm thành phố/chợ Sắt (Supper Nice Apartment 193Văn Cao)",Hải Phòng,Ngã năm – Sân bay Cát Bi,Hải Phòng
31589920,Hà Thịnh Phát Apartment,Hải Phòng,Trung tâm thành phố/chợ Sắt,Hải Phòng
72098029,"Nhà riêng m² 1 phòng ngủ, 1 phòng tắm riêng ở Trung tâm thành phố/chợ Sắt (Ann Apartment)",Hải Phòng,Ngã năm – Sân bay Cát Bi,Hải Phòng
63414360,"Căn hộ 30 m² 1 phòng ngủ, 1 phòng tắm riêng ở Cầu Rào (Lucky home )",Hải Phòng,Ngã năm – Sân bay Cát Bi,Hải Phòng
76969792,Aurelia Hotel,Hải Phòng,Số 51,Căn 35.5
9642497,The Peninsula Haiphong,Hải Phòng,số 21,dãy A2
78619563,Pi & Pu Apartment Hai Phong- Hoang Huy Commerce,Hải Phòng,70 Võ Nguyên Giáp Hoang Huy Commerce Building,Cầu Rào
45882630,Viet House Yen Duc Village,Hải Phòng,Du lịch Yên Đức,Thôn Yên Khánh
71447897,Moonlight Homestay,Hải Phòng,Trung tâm thành phố/chợ Sắt,Hải Phòng
9375300,"Chung cư 60 m² 1 phòng ngủ, 1 phòng tắm riêng ở Cầu Rào (Sunshine House )",Hải Phòng,Cầu Rào,Hải Phòng
9043724,SƠN HÀ Motel (SON HA Motel),Hải Phòng,227 Đào Nhuận 227 đào nhuận kênh dương lê chân hải phòng,Cầu Rào
79239904,Hoa Đảo Vua (Hoa Đao Vua),Hải Phòng,Vinhome Vũ Yên Island Đảo vua 3-32,Ven sông - Sông Cấm/Cảng cũ
78606148,Homestay căn studio HOMESTAY TẠI DIAMOND CROWN - HẢI PHÒNG (Homestay can studio HOMESTAY TAI DIAMOND CROWN - HAI PHONG),Hải Phòng,Trung tâm thành phố/chợ Sắt,Hải Phòng
38963095,"Căn hộ 100 m² 2 phòng ngủ, 2 phòng tắm riêng ở Cầu Rào (The Nook G8 Me Linh)",Hải Phòng,Cầu Rào,Hải Phòng
36838148,Căn hộ studio 33 m² có 1 phòng tắm riêng ở Cầu Rào (Bao Ngoc Han Phat apartment),Hải Phòng,Cầu Rào,Hải Phòng
31525210,"Căn hộ 160 m² 20 phòng ngủ, 20 phòng tắm riêng ở Trung tâm thành phố/chợ Sắt (Khách sạn Nam Sơn)",Hải Phòng,Trung tâm thành phố/chợ Sắt,Hải Phòng
76096033,căn hộ chung cư cao cấp (can ho chung cu cao cap),Hải Phòng,Cầu Rào,Hải Phòng
32221918,"Căn hộ 300 m² 1 phòng ngủ, 1 phòng tắm riêng ở Trung tâm thành phố/chợ Sắt (Sakura Apartment)",Hải Phòng,Ngã năm – Sân bay Cát Bi,Hải Phòng
55906580,"Nhà riêng 100 m² 3 phòng ngủ, 2 phòng tắm riêng ở Thượng Lý/Quán Toan (Ấm cúng, hiện đại, tiện nghi!)",Hải Phòng,Thượng Lý/Quán Toan,Hải Phòng
6165157,Nhà mặt đất studio 35 m² có 1 phòng tắm riêng ở Trung tâm thành phố/chợ Sắt (Ventana house 201),Hải Phòng,Trung tâm thành phố/chợ Sắt,Hải Phòng
78089426,"Nhà riêng m² 1 phòng ngủ, 1 phòng tắm riêng ở Quận Kiến An (Khanh Phong Apartment Vinhome Royal Island)",Hải Phòng,Quận Kiến An,Hải Phòng
56314083,Khách sạn Golden Moon (GOLDENMOONHOTEL),Hải Phòng,ĐT456,Thôn Tử Đô
21918167,"Căn hộ 45 m² 1 phòng ngủ, 1 phòng tắm riêng ở Cầu Rào (SAOLA Apartment Le Chan, Haiphong, 201)",Hải Phòng,Cầu Rào,Hải Phòng
78346168,LuxHomes Apartment,Hải Phòng,P. Van Cao,Ngã năm – Sân bay Cát Bi
61710070,"Căn hộ m² 1 phòng ngủ, 1 phòng tắm riêng ở Thượng Lý/Quán Toan (Superior studio 35m2 )",Hải Phòng,Trung tâm thành phố/chợ Sắt,Hải Phòng
76936576,The Nest High-Floor Studio with City View,Hải Phòng,Trung tâm thành phố/chợ Sắt,Hải Phòng
28986496,Zen Love Station - Adults Only,Hải Phòng,Mahattan 14-07,Vinhomes Imperia
63110722,"Căn hộ m² 1 phòng ngủ, 1 phòng tắm riêng ở Thượng Lý/Quán Toan (Mun's House)",Hải Phòng,Thượng Lý/Quán Toan,Hải Phòng
61696374,"Căn hộ 50 m² 1 phòng ngủ, 1 phòng tắm riêng ở Ven sông - Sông Cấm/Cảng cũ (MiMi Homestay-Delux room for 4 per-2Queen beds)",Hải Phòng,Trung tâm thành phố/chợ Sắt,Hải Phòng
39687990,Căn hộ studio 30 m² có 1 phòng tắm riêng ở Thượng Lý/Quán Toan (Manhattan 17-02 Áp Mái),Hải Phòng,Ven sông - Sông Cấm/Cảng cũ,Hải Phòng
21918163,"Căn hộ 45 m² 1 phòng ngủ, 1 phòng tắm riêng ở Vila Mariana (SAOLA Apartment Le Chan, Haiphong, 401)",Hải Phòng,Cầu Rào,Hải Phòng
8703878,"Chung cư 45 m² 1 phòng ngủ, 1 phòng tắm riêng ở Thượng Lý/Quán Toan (Vinhomes Serviced Apartment high quality)",Hải Phòng,Thượng Lý/Quán Toan,Hải Phòng
78569196,"Nhà riêng m² 1 phòng ngủ, 2 phòng tắm riêng ở Cầu Rào (Pi Home (Hoang Huy Commerce) - 2 bedrooms - 2 wc)",Hải Phòng,Cầu Rào,Hải Phòng
63267011,"Căn hộ 40 m² 1 phòng ngủ, 1 phòng tắm riêng ở Trung tâm thành phố/chợ Sắt (X-Stay Bonita)",Hải Phòng,Trung tâm thành phố/chợ Sắt,Hải Phòng
65765040,"Căn hộ m² 2 phòng ngủ, 2 phòng tắm riêng ở Khác (2 Bedroom 2wc SHP Khánh Phong Apartment)",Hải Phòng,Trung tâm thành phố/chợ Sắt,Hải Phòng
80155343,"Nhà riêng m² 1 phòng ngủ, 1 phòng tắm riêng ở Cầu Rào (Căn studio tầng 25 Sentosa Sky Park Hải Phòng)",Hải Phòng,Cầu Rào,Hải Phòng
75970703,"m² 1 phòng ngủ, 1 phòng tắm riêng ở Khác (Vip 1 & Víp 2)",Hải Phòng,Trung tâm thành phố/chợ Sắt,Hải Phòng
39611841,"Nhà riêng 60 m² 1 phòng ngủ, 3 phòng tắm riêng ở Ngã năm – Sân bay Cát Bi (Nhà Kiến)",Hải Phòng,Ngã năm – Sân bay Cát Bi,Hải Phòng
72814141,Cozy Homestay Diamond Crown Hải Phòng (Cozy Homestay Diamond Crown Hai Phong),Hải Phòng,Diamond Crown Hải Phòng,Trung tâm thành phố/chợ Sắt
52133355,"Nhà riêng 100 m² 1 phòng ngủ, 1 phòng tắm riêng ở Thượng Lý/Quán Toan (58 House - Mỹ Anh Homestay (201))",Hải Phòng,Thượng Lý/Quán Toan,Hải Phòng
61216954,"Căn hộ m² 2 phòng ngủ, 2 phòng tắm riêng ở Thượng Lý/Quán Toan (Mun's house)",Hải Phòng,Thượng Lý/Quán Toan,Hải Phòng
73408283,"Nhà riêng m² 1 phòng ngủ, 1 phòng tắm riêng ở Trung tâm thành phố/chợ Sắt (The Nest | Căn hộ cao cấp)",Hải Phòng,Trung tâm thành phố/chợ Sắt,Hải Phòng
64351507,"Căn hộ 100 m² 2 phòng ngủ, 1 phòng tắm riêng ở Cầu Rào (Tom Homestay Hải Phòng)",Hải Phòng,Cầu Rào,Hải Phòng
62517975,Homestay Hải Phòng (Homestay Hai Phong),Hải Phòng,Trung tâm thành phố/chợ Sắt,Hải Phòng
52006913,"Căn hộ 300 m² 1 phòng ngủ, 1 phòng tắm riêng ở Thượng Lý/Quán Toan (Halidao Homestay Hải Phòng)",Hải Phòng,Trung tâm thành phố/chợ Sắt,Hải Phòng
79124492,The Muse 1,Hải Phòng,Kim Long 1.36 Kl 1.36 Khu du lịch Quốc tế Đồi Rồng,Bãi Biển Đồ Sơn
12250086,"Chung cư 60 m² 2 phòng ngủ, 1 phòng tắm riêng ở Trung tâm thành phố/chợ Sắt (Shp plaza apartment)",Hải Phòng,Trung tâm thành phố/chợ Sắt,Hải Phòng
61453572,Ann Homestay Hải Phòng (Ann Homestay Hai Phong),Hải Phòng,Cầu Rào,Hải Phòng
67833351,"m² 1 phòng ngủ, 1 phòng tắm riêng ở Thượng Lý/Quán Toan (malela homestay )",Hải Phòng,Trung tâm thành phố/chợ Sắt,Hải Phòng
45427888,Warm & Cozy Apartment,Hải Phòng,Cầu Rào,Hải Phòng
66063172,"Căn hộ 72 m² 2 phòng ngủ, 2 phòng tắm riêng ở Cầu Rào (Nàng Bún House)",Hải Phòng,Cầu Rào,Hải Phòng
49696907,"Nhà riêng 100 m² 2 phòng ngủ, 1 phòng tắm riêng ở Cầu Rào (X-Stay Duplex Lê Chân)",Hải Phòng,Cầu Rào,Hải Phòng
76934843,Bin Homestay Hải Phòng (Bin Homestay Hai Phong),Hải Phòng,Trung tâm thành phố/chợ Sắt,Hải Phòng
56707294,My Anh 58 House Homestay,Hải Phòng,LKV-58 Pruksa Town Urban Area,Mang Nuoc Street
78330862,Anvi House - Vinhomes Marina,Hải Phòng,18 San Ho 1,Vinhomes Marina
79098922,"m² 1 phòng ngủ, 1 phòng tắm riêng ở Khác (HOMIE Stay)",Hải Phòng,7 Lạch Tray,Lê Lợi
61746100,Căn hộ studio 45 m² có 1 phòng tắm riêng ở Trung tâm thành phố/chợ Sắt (Modern Apartment),Hải Phòng,Ngã năm – Sân bay Cát Bi,Hải Phòng
36637388,"Căn hộ 1000 m² 1 phòng ngủ, 1 phòng tắm riêng ở Ngã Năm / Cát Bi Airport (The Sun Hotel Hai Phong)",Hải Phòng,Ngã năm – Sân bay Cát Bi,Hải Phòng
77179438,Phạm Hà Hotel HP - by BAY LUXURY (Pham Ha Hotel HP - by BAY LUXURY),Hải Phòng,139 P. Hoàng Thế Thiện,Trung tâm thành phố/chợ Sắt
58638356,"Căn hộ 35 m² 1 phòng ngủ, 1 phòng tắm riêng ở Thượng Lý/Quán Toan (Phòng superior studio hướng công viên )",Hải Phòng,Ven sông - Sông Cấm/Cảng cũ,Hải Phòng
44561563,"Căn hộ 62 m² 2 phòng ngủ, 2 phòng tắm riêng ở Thượng Lý/Quán Toan (Teddy HomeStay garden)",Hải Phòng,Ven sông - Sông Cấm/Cảng cũ,Hải Phòng
32736330,"Biệt thự 50 m² 1 phòng ngủ, 1 phòng tắm riêng ở Trung tâm thành phố/chợ Sắt (Subi housings- apartment for rent)",Hải Phòng,Trung tâm thành phố/chợ Sắt,Hải Phòng
4130057,Lavender Hai Phong Hotel,Hải Phòng,440-442 Phủ Thượng Đoạn,Đông Hải 1
186695,Camela Hotel and Resort,Hải Phòng,Số 515A Đường Hùng Vương,Quận Hồng Bàng
58579997,Homestay giá SV gần Ga HP (Homestay gia SV gan Ga HP),Hải Phòng,Trung tâm thành phố/chợ Sắt,Hải Phòng
63199211,PHẠM. Homes,Hải Phòng,30/71 Tran Phu,Cau Dat
41444332,Khách sạn Phương Minh,Hải Phòng,45 An Chân,Phương Minh Hotel
9611442,Khách sạn K-Zone The Star (K-Zone The Star Hotel),Hải Phòng,185-187 Van Cao,Dang Giang Ward
18092352,Trường Sinh Hotel (Truong Sinh Hotel),Hải Phòng,134 Văn Cao 11/134 Văn Cao,Đằng Giang
45881698,Holiday Hotel 2,Hải Phòng,27 Đường Đỗ Nhuận 8/27 Đỗ Nhuận,Ngỗ 193 Văn Cao
58170167,Khách sạn Solis (Khách sạn Solis Hotel),Hải Phòng,Số 7,đường Ho ng Diệu
7354265,Tuong Vi 2,Hải Phòng,số 10 lô 22B Lê Hồng Phong,Trung tâm thành phố/chợ Sắt
61301134,Khách sạn & Căn hộ META HOME (META HOME Hotel & Apartment),Hải Phòng,Vinhomes Marina,Vinh Niem
77198888,Điêu Thuyền Motel 199VTK (Đieu Thuyen Motel 199VTK),Hải Phòng,199 Phố Vũ Trọng Khánh tòa nhà 6 tầng,Cầu Rào
46432575,Nhà khách Basic (Basic Guest House Hai Phong),Hải Phòng,L4A117 Hoang Huy Pruksa Town An Dong,HOÀNG HUY PRUKSA TOWN AN ĐÔNG
33910247,Khách sạn The Quin (The Quin Hotel),Hải Phòng,Hoàng Huy Riverside,Lk10 . 08
77015320,Melia Vinpearl Hai Phong Rivera,Hải Phòng,Đường Manhattan 9 Vinhomes Imperia,Ward
69731246,Căn hộ Thuý Doji Diamond (Thuý Doji Diamond Apartment),Hải Phòng,19 Đ. Lê Hồng Phong,Đằng Lâm
77423804,Khách sạn Hào Phúc (HÀO PHÚC HOTELS),Hải Phòng,bấc vang,thuỷ nguyên
76715752,KAPÁS Hotel - House & Drinks Đồi Rồng (KAPAS Hotel - House & Drinks Đoi Rong),Hải Phòng,Vạn Hương,Bãi Biển Đồ Sơn
75127491,Căn hộ cao cấp Miami (Miami Luxury Apartment Hai Phong),Hải Phòng,116 P. Bạch Thái Bưởi,Đằng Giang
62093551,Holiday Hotel 2,Hải Phòng,Đường Đỗ Nhuận,Ngã năm – Sân bay Cát Bi
39900429,Napoli Hotel,Hải Phòng,94 Hoàng Ngọc Phách,Kênh Dương
63144373,Holiday Hotel 2,Hải Phòng,27 Đường Đỗ Nhuận,Ngã năm – Sân bay Cát Bi
70348568,Homie Homestay,Hải Phòng,Hoàng Huy Commerce,Võ Nguyên Giáp
59232062,"Nhà riêng 60 m² 1 phòng ngủ, 1 phòng tắm riêng ở Trung tâm thành phố/chợ Sắt (16 HOME - Homestay in Hai Phong)",Hải Phòng,Trung tâm thành phố/chợ Sắt,Hải Phòng
55605626,Khách sạn Ocean Senses (Ocean Senses Hotel),Hải Phòng,Kl 32-34,Kim Long Street
6963705,Khách sạn Ngọc Hà (Ngoc Ha Hotel),Hải Phòng,no 168 Trung Hành 5,lô 16 mở rộng
78323642,HOMESTAY 1986,Hải Phòng,Đường Tương Lai,Ven sông - Sông Cấm/Cảng cũ
5808865,Khách Sạn Trung Kiên (Trung Kien Hotel),Hải Phòng,27 Lots 3B Le Hong Phong Street,Trung tâm thành phố/chợ Sắt
61243026,Golden Love Studio Apartment in Diamond Crown Hai Phong,Hải Phòng,Trung tâm thành phố/chợ Sắt,Hải Phòng
10632179,Win Win Hotel - Khách Sạn Hải Phòng (Win Win Hotel - Khach San Hai Phong),Hải Phòng,Số 2 Ngách 1 Ngõ 568,Trần Nhân Tông
71575263,Biệt thự sân golf Ruby Tree (Ruby Tree Golf Villas),Hải Phòng,Khu d n cư số 8,đường 353
51752379,Khách sạn Diamond (Diamond Hotel),Hải Phòng,12 Đằng Hải,Ngã năm – Sân bay Cát Bi
2025508,F & F Hotel,Hải Phòng,26/15b Le Hong Phong st,Dang Lam ward
18931281,Khách sạn và Căn hộ GM (GM Hotel and Apartment),Hải Phòng,300 P. Văn Cao,Ngã năm – Sân bay Cát Bi
26981762,Nhà nghỉ Ngọc Hà (Ngoc Ha Motel),Hải Phòng,So 10 Doan Chuan,Dong Hai 1
52001229,Căn hộ khách sạn Glory Hải Phòng (Glory Hotel Apartment Hải Phòng),Hải Phòng,No. 75,Hoang The Thien
27848241,Merry House Imperia,Hải Phòng,BH 04-12A,Khu đô thị Vinhomes Imperia
1803827,Khách Sạn Gallant 168 (Gallant Hotel 168),Hải Phòng,168 Phố Trung Lực,Phường Đằng Lâm
64665887,GARE D'47 l 21 Lê Chân street l Đối diện Nhà hát lớn (GARE D'47 l 21 Le Chan street l Đoi dien Nha hat lon),Hải Phòng,21 Phố Lê Chân,Trung tâm thành phố/chợ Sắt
76366781,New Hải An Nhiên Hotel (New Hai An Nhien Hotel),Hải Phòng,16/3/568 Trần Nhân Tông,Phường Kiến An
45145588,Hotel Nam Sơn (Hotel Nam Son),Hải Phòng,WMGV+R8V,ĐT359
8513497,Hải Phòng Backpacker Hostel (Hai Phong Backpacker Hostel),Hải Phòng,17/3 Ly Tu Trong,Trung tâm thành phố/chợ Sắt
79396848,"m² 2 phòng ngủ, 2 phòng tắm riêng ở Khác (Chill Homestay)",Hải Phòng,6/18 thư trung đằng lâm hải phòng,Trung tâm thành phố/chợ Sắt
78956535,Khách sạn Vienna (Vienna Hotel),Hải Phòng,333 Đ. Lê Hồng Phong,Đằng Hải
37356734,Khách sạn & căn hộ AU79 (AU79 hotel & apartment),Hải Phòng,12A4 Lo,8A Duong Le Hồng Phong
847536,Cindy Hotel & Apartments - Khach San Can Ho o Trung Tam TP Hai Phong,Hải Phòng,23-24 Nguyen Duc Canh,Trung tâm thành phố/chợ Sắt
246215,Khách sạn Sono Belle Hải Phòng (Sono Belle Haiphong),Hải Phòng,Sono Belle Haiphong Golf Resort – Luu Kiem,Thuy Nguyen
61369013,"Căn hộ 30 m² 1 phòng ngủ, 1 phòng tắm riêng ở Trung tâm thành phố/chợ Sắt (Chill Homestay - Diamond Crown - Hải Phòng)",Hải Phòng,Diamond Cown - Hải Phòng,Diamond Crown Hải Phòng
77464947,Hào Phúc Hotel (Hao Phuc Hotel),Hải Phòng,Lô 103 + 104 Thôn Bấc Vang,Dương Quan
56206943,Đình Vũ 3 MOTEL (Đinh Vu 3 MOTEL),Hải Phòng,917 Phố Thiên Lôi,Cầu Rào
42980942,Căn hộ Sunset (Sunset Apartment),Hải Phòng,No. 05,Lot 18
52088369,Homestay Cobalt House,Hải Phòng,15 - Khu TĐC 6 The Lu - Ha Ly - Hong Bang - Hai Phong,Trung tâm thành phố/chợ Sắt
78428724,Belvilla gần Lotte Mart (trước đây là Nam Phương Hoàng Hậu) (Belvilla Near Lotte Mart Formerly Nam Phuong Hoang Hau),Hải Phòng,,Vạn Hương
54875439,2CE APARTMENT & HOTEL,Hải Phòng,3 Ngõ 98 Văn Cao,Ngã năm – Sân bay Cát Bi
63161308,Khách sạn Hồng Ngọc (Hong Ngoc Hotel),Hải Phòng,KL 28 ND3 03 Zone 1 International Tourist Area Do Dragon,Van Huong
47136096,Khách sạn & Căn hộ Golden Joy (GOLDEN JOY HOTEL & APARTMENT),Hải Phòng,Số 162-163 Lô 4 Khu đô thị mới - Đường Hồng Bàng - P.Sở Dầu - Q.Hồng Bàng,TP Hải Phòng
66751483,Biệt thự Khue Le Bleu Hải Phòng (Khue Le Bleu Villa Hải Phòng ),Hải Phòng,KL6.15,Đường Kim Long 6
67860471,"Nhà riêng m² 1 phòng ngủ, 1 phòng tắm riêng ở Thượng Lý/Quán Toan (malela homestay )",Hải Phòng,Trung tâm thành phố/chợ Sắt,Hải Phòng
5958746,Canh Hung Palace,Hải Phòng,Số 32 khu đô thị mới,Quán Toan
36828409,Khách sạn The One (The One Hotel),Hải Phòng,1 Đường Đỗ Nhuận,The One Hotel
78443272,Căn hộ Pi & Pu - Hoàng Huy Commerce (Pi & Pu Apartment- Hoang Huy Commerce),Hải Phòng,Võ Nguyên Giáp,Kênh Dương
63224342,Sunflower homestay (Sunflower Homestay Hải Phòng),Hải Phòng,2 P. Nguyễn Khuyến,Trung tâm thành phố/chợ Sắt
65863251,Căn hộ dịch vụ & Khách sạn FLESTA Lạch Tray (FLESTA Lạch Tray Serviced Apartment & Hotel),Hải Phòng,358 Lạch Tray,Đằng Giang
10218540,Đình Vũ 3 Motel (Đinh Vu 3 Motel),Hải Phòng,917 Thiên Lôi,Kênh Dương
75791391,Quỳnh Tuyết Trang (Quynh Tuyet Trang),Hải Phòng,701b Đường Lê Hồng Phong,Ngã năm – Sân bay Cát Bi
41698112,"Căn hộ 32 m² 1 phòng ngủ, 1 phòng tắm riêng ở Cầu Rào (Space Apartment and Homestay tại Vinhomes Marina)",Hải Phòng,Cầu Rào,Hải Phòng
4973584,Khách sạn Đại Thành Phúc (Dai Thanh Phuc),Hải Phòng,Lo 41 + 42,thua dat F2
79823811,Căn hộ Mopius Hoàng Huy Commerce Võ Nguyên Giáp (Hoàng Huy Commerce Võ Nguyên Giáp Mopius Apartment),Hải Phòng,Hoang Huy Commerce,Vo Nguyen Giap
79085014,"Nhà riêng m² 2 phòng ngủ, 2 phòng tắm riêng ở Khác (Loỏi’s house)",Hải Phòng,Trung tâm thành phố/chợ Sắt,Hải Phòng
76233685,Homestay Đồ Sơn - Cocochi (Homestay Đo Son - Cocochi),Hải Phòng,Cocochi Homestay,Bãi Biển Đồ Sơn
59730808,Lava Homestay Hải Phòng (Lava Homestay Hai Phong),Hải Phòng,19/23 Phố Nguyễn Đức Cảnh,Trung tâm thành phố/chợ Sắt
6253844,VIET 4 SEASONS HOTEL,Hải Phòng,275 Lạch Tray,Q. Ngô Quyền
2507447,Cozi Hotel,Hải Phòng,83 Nguyen Trai,Trung tâm thành phố/chợ Sắt
6152731,Khanh Phong Apartment PG02-20,Hải Phòng,Số 1 Lê Thánh Tông Hải Phòng PG0220,Trung tâm thành phố/chợ Sắt
79084095,"Nhà riêng m² 2 phòng ngủ, 2 phòng tắm riêng ở Trung tâm thành phố/chợ Sắt (Nhà Bông Homestay Hải Phòng)",Hải Phòng,Trung tâm thành phố/chợ Sắt,Hải Phòng
75944711,Merry House Bách Dương (Merry House Bach Duong),Hải Phòng,136 Phụng Pháp,Phường Đằng Giang
60540779,"Căn hộ 35 m² 1 phòng ngủ, 1 phòng tắm riêng ở Trung tâm thành phố/chợ Sắt (Green Camel - Netflix & More)",Hải Phòng,Trung tâm thành phố/chợ Sắt,Hải Phòng
3512393,Phuong Anh 3 Hotel,Hải Phòng,No 107,Hoang The Thien street
68239730,"Nhà riêng m² 1 phòng ngủ, 1 phòng tắm riêng ở Thượng Lý/Quán Toan (malela homestay)",Hải Phòng,Trung tâm thành phố/chợ Sắt,Hải Phòng
3009732,Pham Ha Hotel,Hải Phòng,69/618,Ngo Gia Tu
64835298,Uni Homestay 2,Hải Phòng,9 Ngõ 55 P. Hoàng Ngọc Phách,Kênh Dương
6476708,Thiên An Hotel (Thien An Hotel),Hải Phòng,Lô 102 Khu Đô Thị Đông Khê Mở Rộng,Đông Khê
21596730,BA CON ECH Home and Stay- No 28 lane 259 Nguyen Duc Canh,Hải Phòng,20 Phố Nguyễn Đức Cảnh,Thượng Lý/Quán Toan
67798285,"m² 1 phòng ngủ, 1 phòng tắm riêng ở Thượng Lý/Quán Toan (malela homestay )",Hải Phòng,Thế Lữ,Thượng Lý
72591747,Khách sạn Sunny (sunny hotel),Hải Phòng,đường Lý Thái Tổ,Vạn Hương
44367470,"Nhà riêng 20 m² 1 phòng ngủ, 1 phòng tắm riêng ở Trung tâm thành phố/chợ Sắt (Holiday Hotel 2)",Hải Phòng,27 Đ. Đỗ Nhuận,Đằng Giang
36434279,Marina Golfview,Hải Phòng,188 Nguyễn Hữu Cầu,Bãi Biển Đồ Sơn
59288300,Khách sạn & Căn hộ Gala (Gala Hotel & Apartment),Hải Phòng,Truong Thanh,An Lao
74491946,Vu'Stay,Hải Phòng,,Thủy Triều
26043750,Căn hộ Khánh Phong SHP Plaza (SHP Plaza Khanh Phong Homestay),Hải Phòng,12 Lach Tray,Apartment 1006
63423563,Cozy Embassy Garden,Hải Phòng,Đường Thanh Toán 2,Thượng Lý/Quán Toan
239419,Do Son Resort,Hải Phòng,Khu 3,Bãi Biển Đồ Sơn
61385349,X-Stay Thư Trung (X-Stay Thu Trung),Hải Phòng,82d Thư Trung,Ngã năm – Sân bay Cát Bi
38511448,"Căn hộ 55 m² 1 phòng ngủ, 1 phòng tắm riêng ở Bãi Biển Đồ Sơn (MARINA APPARTMENT-RUBY STUDIO)",Hải Phòng,Bãi Biển Đồ Sơn,Hải Phòng
74352367,GOLDEN RICE hoel,Hải Phòng,Thôn Tử Đô nha 5 tang,Quận Tiên Lãng
37783278,"Căn hộ 68 m² 2 phòng ngủ, 2 phòng tắm riêng ở Thượng Lý/Quán Toan (Homestay Honey Appartment - Hoàng Huy grand Tower )",Hải Phòng,Hoang Huy Grand Tower,2 Hong Bang Road
77639448,Cocochi Homestay Đồ Sơn (Cocochi Homestay Do Son),Hải Phòng,No. 17,Kim Long 3 Street
400747,Căn hộ cao cấp Trang Thanh (Trang Thanh Luxury Apartment),Hải Phòng,Địa chỉ 16 Trần Phú,Quận Ngô Quyền
16783218,King Hotel Hải Phòng (King Hotel Hai Phong),Hải Phòng,Đâu Kiên Quốc Tuấn,An Lão
59274271,Blue Homestay Hải Phòng (Blue Homestay Hai Phong),Hải Phòng,44e Phố Lê Lai,Trung tâm thành phố/chợ Sắt
8607464,"Chung cư 60 m² 1 phòng ngủ, 1 phòng tắm riêng ở Ven sông - Sông Cấm/Cảng cũ (One bedroom apartment, next to the shopping mall)",Hải Phòng,Trung tâm thành phố/chợ Sắt,Hải Phòng
39970173,"Căn hộ 20 m² 1 phòng ngủ, 1 phòng tắm riêng ở Trung tâm thành phố/chợ Sắt (Sunflower Homestay (Bắc Âu1))",Hải Phòng,Trung tâm thành phố/chợ Sắt,Hải Phòng
28933150,Khách sạn Cozi 9 – Khách sạn Chủ Đề (Cozi 9 Hotel - Theme Hotel),Hải Phòng,Lê Duẩn 141C,Hải Phòng
38726951,"Căn hộ 35 m² 1 phòng ngủ, 1 phòng tắm riêng ở Thượng Lý/Quán Toan (Manhattan, Vin Imperia apartment)",Hải Phòng,Ven sông - Sông Cấm/Cảng cũ,Hải Phòng
15632802,Khach San Tuong VI - le Hong Phong,Hải Phòng,10 Le Hong Phong,Dang Giang Ward
41654317,Cosy homestay and apartment,Hải Phòng,Thượng Lý/Quán Toan,Hải Phòng
47160861,Khách sạn & Căn hộ Pandora (Pandora Hotel & Apartment),Hải Phòng,Quán Toan,Hồng Bàng
60206151,C&K Luxury homestay Hải Phòng (C&K Luxury Homestay Hai Phong),Hải Phòng,So 5,Lo 9 The Lu
78710886,Nhà nghỉ Nhật Minh Hải Phòng (Nhật Minh Motel Hải Phòng),Hải Phòng,483 đường 208,phường An Hải
56308782,Hotel Nam Sơn Tân Dương (Hotel Nam Son Tan Duong),Hải Phòng,211 Tân Dương,Thuỷ Nguyên
40354583,Khách sạn Tuấn Nam (Khách Sạn Tuấn Nam),Hải Phòng,246 P. Ho&#224;ng Minh Thảo,Thượng Lý/Quán Toan
288282,Khách sạn Hoàng Long - Trung tâm thành phố Hải Phòng (Hoang Long Hotel - Hai Phong City Center),Hải Phòng,25 Trần Quang Khải,Hồng B ng
38585122,HAPPY HOMESTAY Đình Đông (HAPPY HOMESTAY Đinh Đong),Hải Phòng,Trung tâm thành phố/chợ Sắt,Hải Phòng
51807477,V-Homestay,Hải Phòng,,Vinhomes Marina
74595075,Nhà Nghỉ Gia Anh (Nha Nghi Gia Anh),Hải Phòng,218 Đường xóm mới lô 222,Quận Kiến An
28721755,Quỳnh Trang (Quynh Trang),Hải Phòng,32 bồ đề,xã thuỷ đường
79296666,Khách sạn SƠN NGUYÊN (SƠN NGUYÊN Hotel),Hải Phòng,118,Quyết Thành
64253366,"Nhà riêng 0 m² 1 phòng ngủ, 1 phòng tắm riêng ở Khác (Big Sale New Apartment 231 Van Cao LuxHomes)",Hải Phòng,Trung tâm thành phố/chợ Sắt,Hải Phòng
39788672,Ngoc Homestay Hoàng Huy Grand Tower (Ngoc Homestay Hoang Huy Grand Tower),Hải Phòng,02 a Đường Hồng Bàng Hoàng Huy Grand Tower,Thượng Lý/Quán Toan
3007755,Holiday Hotel,Hải Phòng,50/333 Van Cao,Dang Lan
78569195,"Nhà riêng m² 2 phòng ngủ, 2 phòng tắm riêng ở Cầu Rào (Pu home (Hoang Huy Commerce) - 2.5 sleeps - 2 wc)",Hải Phòng,Cầu Rào,Hải Phòng
79292427,Lakeview 3Bedroom FarmhouseStyle Special Promo,Hải Phòng,Trung tâm thành phố/chợ Sắt,Hải Phòng
67781686,"Căn hộ m² 2 phòng ngủ, 2 phòng tắm riêng ở Thượng Lý/Quán Toan (Gờ Homestay)",Hải Phòng,Thượng Lý/Quán Toan,Hải Phòng
48044045,Khách sạn & Căn hộ Minh Anh (Minh Anh Hotel & Apartment),Hải Phòng,Nguyễn Văn Hới,Cát Bi
72811875,DG Tower,Hải Phòng,15 Phố Trần Phú,Cầu Đất
64863710,Luxury Hotel 2 HP- by BAY LUXURY,Hải Phòng,381 Lô 22 Lê Hồng Phong,Trung tâm thành phố/chợ Sắt
42403157,Ánh Dương Hotel Hải Phòng (Anh Duong Hotel Hai Phong),Hải Phòng,43 Ngô Kim Tài Phường Kênh Dương,Quận Lê Chân
77056381,Nạ House - Homestay Đất Cảng (Na House - Homestay Đat Cang),Hải Phòng,Hoang Huy Riverside Nhà số 1,Liền kề 9
77258572,"m² 1 phòng ngủ, 2 phòng tắm riêng ở Trung tâm thành phố/chợ Sắt (Nhà Bông - Homestay Hải Phòng)",Hải Phòng,Trung tâm thành phố/chợ Sắt,Hải Phòng
75136564,GolDen RiCe,Hải Phòng,T1 tòa nhà 5 tầng,Quận Tiên Lãng
78138587,An Homestay,Hải Phòng,Cầu Rào,Hải Phòng
67493173,TC Homestay Apartment,Hải Phòng,Toà Tulip Hoàng Huy Commerce,Võ Nguyên Giáp
45942865,GM Homestay,Hải Phòng,312 Phố Tô Hiệu,Số nhà 12
75887721,"Homestay 1986 & Homestay Vinhomes Vu Yen, Hai Phong City",Hải Phòng,TLA-37 Đường Tương Lai,Vinhomes Vũ Yên
59090362,cúc cu homestay 5 (cuc cu homestay 5),Hải Phòng,80 Lãm Khê,Cầu Rào
61213334,Căn hộ Bắp Hải Phòng (Bap Apartment Hai Phong),Hải Phòng,Hồng Bàng,Sở Dầu
73966387,Katka Riverside Homestay Hai Phong,Hải Phòng,OH02-10Dự án Hoàng Huy Riverside,phường Thượng Lý
13608266,Chung cư studio 25 m² có 1 phòng tắm riêng ở Ven sông - Sông Cấm/Cảng cũ (The Flamboyant - Standard Room @ Vinhomes Imperia),Hải Phòng,Ven sông - Sông Cấm/Cảng cũ,Hải Phòng
74602813,Nhà Nghỉ Mia (Nha Nghi Mia),Hải Phòng,QL10,Thượng Lý/Quán Toan
78043942,homestay BlueSeavia Vin Vũ Yên - HP432 (homestay BlueSeavia Vin Vu Yen - HP432),Hải Phòng,Đường Tài Lộc Vinhomes Vũ Yên,Ven sông - Sông Cấm/Cảng cũ
62547879,Khách sạn & Căn hộ PHƯƠNG ĐÔNG (PHUONG DONG Hotel & Apartment),Hải Phòng,19 Ng. 333A Văn Cao,Đằng Lâm
6853205,Biệt Thự Đồ Sơn - Biệt Thự Bảo Đại (Do Son Villa - Villa of Bao Dai King),Hải Phòng,Zone 2,Van Huong Ward
6349407,Royal Hotel,Hải Phòng,98,Lot 11
78368922,Cobalt House,Hải Phòng,Khu du lịch quốc tế Đồi Rồng Kim Long 2.23,Bãi Biển Đồ Sơn
687047,Draco - Thang Long Hotel,Hải Phòng,Số 2 đường Hoàng Văn Thụ,phường Minh Khai
8468669,TRUNG KIÊN HOTEL (TRUNG KIEN HOTEL),Hải Phòng,Trực Cát,Vĩnh Niệm
79852436,"Căn hộ m² 3 phòng ngủ, 2 phòng tắm riêng ở Cầu Rào (La Vue Homestay)",Hải Phòng,Cầu Rào,Hải Phòng
40573257,"Căn hộ 80 m² 2 phòng ngủ, 2 phòng tắm riêng ở Cầu Rào (Flash Promo Super No1 Apt Vinhome Marina HP)",Hải Phòng,Cầu Rào,Hải Phòng
41578481,"Nhà riêng 90 m² 3 phòng ngủ, 2 phòng tắm riêng ở Thượng Lý/Quán Toan (Hoang Huy Grand Tower - Jun's Apartment & Homestay)",Hải Phòng,Ven sông - Sông Cấm/Cảng cũ,Hải Phòng
47149021,"Căn hộ 90 m² 2 phòng ngủ, 2 phòng tắm riêng ở Thượng Lý/Quán Toan (R401 ( MHT09-24))",Hải Phòng,Ven sông - Sông Cấm/Cảng cũ,Hải Phòng
66225374,"Căn hộ 56 m² 2 phòng ngủ, 1 phòng tắm riêng ở Cầu Rào (Bống house - Hoàng Huy Commerce)",Hải Phòng,Cầu Rào,Hải Phòng
47003760,Khách Sạn Nam Sơn (Khach San Nam Son),Hải Phòng,8 Đường Lê Hồng Phong,Trung tâm thành phố/chợ Sắt
70941212,"Căn hộ 72 m² 2 phòng ngủ, 2 phòng tắm riêng ở Cầu Rào (Sứa’s Homestay)",Hải Phòng,Cầu Rào,Hải Phòng
64863360,Luxury Hotel 1 HP- by BAY LUXURY,Hải Phòng,Lo 8A - A2 So 17 Le Hong Phong,Thành phố Hải Phòng
37726734,Khách sạn Noblesse (Noblesse Hotel),Hải Phòng,Km 11,Quốc lộ 5 cũ
39820429,"Căn hộ 38 m² 2 phòng ngủ, 1 phòng tắm riêng ở Thượng Lý/Quán Toan (Homestay Honey Apppartment 03 - HHG Tower)",Hải Phòng,Thượng Lý/Quán Toan,Hải Phòng
59338535,"Aa Home - HH Commerce, Le Chan, Hai Phong",Hải Phòng,Chung cư Hoàng Huy Commerce Võ Nguyên Giáp,Kênh Dương
46882642,"Căn hộ 20 m² 1 phòng ngủ, 1 phòng tắm riêng ở Ven sông - Sông Cấm/Cảng cũ (Cozy central Flex room 2)",Hải Phòng,Ven sông - Sông Cấm/Cảng cũ,Hải Phòng
61733458,"Căn hộ m² 2 phòng ngủ, 1 phòng tắm riêng ở Trung tâm thành phố/chợ Sắt (Séjour de luxe à Hải Phòng)",Hải Phòng,No. 19,Le Hong Phong Street
31318413,Khách sạn và Căn hộ Kim (Kim Hotel and Apartment),Hải Phòng,Long Son Urban Area - Quan Toan - Hong Bang Kim's Hotel & Apartment,Kim's Hotel & Apartment
63422349,"Căn hộ 72 m² 2 phòng ngủ, 2 phòng tắm riêng ở Trung tâm thành phố/chợ Sắt (The Mark)",Hải Phòng,Room 19,Diamond Crown Dong Khe
59768842,"Căn hộ 35 m² 1 phòng ngủ, 1 phòng tắm riêng ở Ngã năm – Sân bay Cát Bi (X-Stay Neon)",Hải Phòng,Ngã năm – Sân bay Cát Bi,Hải Phòng
78411599,Ok! Home chung cư Hoàng Huy commerce gần Aeon (Ok! Home chung cu Hoang Huy commerce gan Aeon),Hải Phòng,Hoàng huy commerce,Lê Chân
50122018,Khách sạn An Tín (An Tin Hotel),Hải Phòng,Room 7,365 HK Waterfront
55295422,Hotel Nam Sơn Tân Dương (Hotel Nam Son Tan Duong),Hải Phòng,211 Phố Mới,Tân Dương
8740518,Nhà nghỉ & Căn hộ Thùy Dương (Thuy Duong Motel & Apartments),Hải Phòng,No. 139,Nguyen Binh Street
26886810,Căn hộ S20 (S20 Apartment),Hải Phòng,170 PHUONG LUU,DONG HAI
46883237,"Căn hộ 15 m² 1 phòng ngủ, 1 phòng tắm riêng ở Ven sông - Sông Cấm/Cảng cũ (Central Single Bed)",Hải Phòng,Ven sông - Sông Cấm/Cảng cũ,Hải Phòng
64459949,"Căn hộ 55 m² 2 phòng ngủ, 2 phòng tắm riêng ở Trung tâm thành phố/chợ Sắt (Homestay couple)",Hải Phòng,Ngã năm – Sân bay Cát Bi,Hải Phòng
37501125,LAD Apartment & Homestay Hải Phòng - Hoàng Huy Grand Tower (LAD Apartment & Homestay Hai Phong - Hoang Huy Grand Tower),Hải Phòng,2 Đường Hồng Bàng,Thượng Lý/Quán Toan
79345617,"Nhà riêng m² 1 phòng ngủ, 1 phòng tắm riêng ở Khác (Căn hộ tuyệt vời tâm Thành phố 2!)",Hải Phòng,Trung tâm thành phố/chợ Sắt,Hải Phòng
6899511,Nhà nghỉ Mạnh Bình (Nha nghi Manh Binh),Hải Phòng,59 Bình Kiều 2,phường Đông Hải 2
28680393,Khách sạn Hoa Phượng (Hoa Phuong Hotel.),Hải Phòng,44,Lot 3C
9593396,Khách Sạn & Căn Hộ Zen Riverside (Zen Riverside Hotel n Residences),Hải Phòng,146 Mac Quyet str,Duong Kinh Dist
38071169,"Căn hộ 80 m² 2 phòng ngủ, 2 phòng tắm riêng ở Cầu Rào (Căn hộ 2 ngủ CHILL rẻ nhất Vin Marina 401HD106)",Hải Phòng,Cầu Rào,Hải Phòng
72097783,Căn hộ Ann (Ann apartment),Hải Phòng,37 P. Vũ Trọng Khánh,Đằng Giang
79123246,The Muse 3,Hải Phòng,Kim Long 1.36 Kl 1.36 Khu du lịch Quốc tế Đồi Rồng,Bãi Biển Đồ Sơn
52007346,"Căn hộ 300 m² 1 phòng ngủ, 1 phòng tắm riêng ở Thượng Lý/Quán Toan (Halidao Homestay Hải Phòng)",Hải Phòng,Trung tâm thành phố/chợ Sắt,Hải Phòng
61381581,Khách sạn Hoàng Lâm (Hoang Lam Hotel),Hải Phòng,Vạn Hoa,Khu du lịch Đồ Sơn
53636514,Hotel Nam Sơn Tân Dương (Hotel Nam Son Tan Duong),Hải Phòng,211 Phố Mới,Tân Dương
10941535,"Nhà mặt đất 75 m² 3 phòng ngủ, 2 phòng tắm riêng ở Trung tâm thành phố/chợ Sắt (MOONIE HOMESTAY - The hidden gem in center city)",Hải Phòng,Trung tâm thành phố/chợ Sắt,Hải Phòng
52057293,"Căn hộ 300 m² 1 phòng ngủ, 1 phòng tắm riêng ở Thượng Lý/Quán Toan (Halidao Homestay Hải Phòng)",Hải Phòng,Trung tâm thành phố/chợ Sắt,Hải Phòng
52007195,"Căn hộ 300 m² 1 phòng ngủ, 1 phòng tắm riêng ở Thượng Lý/Quán Toan (Halidao Homestay Hải Phòng)",Hải Phòng,Trung tâm thành phố/chợ Sắt,Hải Phòng
5811185,Hai Au Hotel,Hải Phòng,Khu 2,phuong Van Huong
63870896,"Căn hộ 65 m² 2 phòng ngủ, 2 phòng tắm riêng ở Cầu Rào (TC Apartment & Homestay)",Hải Phòng,Võ Nguyên Giáp,Kênh Duong TC Apartment & Homestay
68415773,"Ấm cúng, hiện đại, tiện nghi 4! (Am cung, hien đai, tien nghi 4!)",Hải Phòng,Thượng Lý/Quán Toan,Hải Phòng
58299952,"Căn hộ 83 m² 3 phòng ngủ, 2 phòng tắm riêng ở Thượng Lý/Quán Toan (Ấm cúng, hiện đại, tiện nghi 3!)",Hải Phòng,2A Sở Dầu,Hoàng Huy Grand Tower
59090335,Cuccu homestay 5,Hải Phòng,Cầu Rào,Hải Phòng
54165170,"Nhà trệt 50 m² 2 phòng ngủ, 2 phòng tắm riêng ở Trung tâm thành phố/chợ Sắt (Homestay Andy House)",Hải Phòng,Trung tâm thành phố/chợ Sắt,Hải Phòng
42360506,Nhà nghỉ Thiên Trang (Nha nghi Thien Trang),Hải Phòng,262 Nguyễn Lương Bằng,12
55906648,"Nhà riêng 83 m² 3 phòng ngủ, 2 phòng tắm riêng ở Thượng Lý/Quán Toan (Ấm cúng, hiện đại, tiện nghi 2!)",Hải Phòng,Thượng Lý/Quán Toan,Hải Phòng
65962975,"Căn hộ 65 m² 2 phòng ngủ, 2 phòng tắm riêng ở Cầu Rào (SevenHomestay)",Hải Phòng,Võ Nguyên Giáp,Kênh Dương
79568864,Khách sạn & căn hộ BOYUE (BOYUE hotel& apartment ),Hải Phòng,5 Lô 48 P. Vũ Trọng Khánh,Đằng Giang
43313294,"Nhà riêng 100 m² 3 phòng ngủ, 2 phòng tắm riêng ở Thượng Lý/Quán Toan (Am cung, hien dai, tien nghi!)",Hải Phòng,2 Đ. Hồng Bàng,Sở Dầu
42177337,"Căn hộ 68 m² 2 phòng ngủ, 2 phòng tắm riêng ở Thượng Lý/Quán Toan (Cosy city view)",Hải Phòng,Thượng Lý/Quán Toan,Hải Phòng
73950165,"Nhà riêng 70 m² 2 phòng ngủ, 2 phòng tắm riêng ở Cầu Rào (X-Stay Cine)",Hải Phòng,Cầu Rào,Hải Phòng
68033951,Golden Moon Hotel TP,Hải Phòng,Thon Tu Do xa Thuy Son,GOLDENMOON HOTEL
78719395,"Nhà riêng m² 5 phòng ngủ, 6 phòng tắm riêng ở Bãi Biển Đồ Sơn (Sea la vie - Do Son Beach Homestay)",Hải Phòng,Bãi Biển Đồ Sơn,Hải Phòng
72032481,"Căn hộ 60 m² 1 phòng ngủ, 1 phòng tắm riêng ở Trung tâm thành phố/chợ Sắt (Seven Homestay )",Hải Phòng,19 Đ. Lê Hồng Phong,Đông Khê
46749774,Khách sạn Alee Hải Phòng (Alee Haiphong Hotel),Hải Phòng,Room HA 03.03,Vinhomes Marina
46749778,Khách sạn GreenHome (GreenHome Hotel),Hải Phòng,16 Đồng Thiện,Cầu Rào
46604598,Motel Đức Tuân 2 (Duc Tuan 2 Motel ),Hải Phòng,No. 416,Alley 40
46604600,Khách sạn DT Hải Phòng (DT Hotel Hai Phong),Hải Phòng,54 Đông Trà,Thượng Lý/Quán Toan
65765052,"Căn hộ m² 1 phòng ngủ, 1 phòng tắm riêng ở Ven sông - Sông Cấm/Cảng cũ (Khánh Phong Apartment PG02-20 Vincom LTT)",Hải Phòng,Trung tâm thành phố/chợ Sắt,Hải Phòng
79345620,"Nhà riêng m² 2 phòng ngủ, 1 phòng tắm riêng ở Thượng Lý/Quán Toan (Căn hộ tuyệt vời trung tâm thành phố!)",Hải Phòng,Thượng Lý/Quán Toan,Hải Phòng
72098030,"Nhà riêng m² 1 phòng ngủ, 1 phòng tắm riêng ở Trung tâm thành phố/chợ Sắt (Ann apartment)",Hải Phòng,Ngã năm – Sân bay Cát Bi,Hải Phòng
73952856,"Nhà riêng 138 m² 1 phòng ngủ, 2 phòng tắm riêng ở Khác (Large 3 Bedroom Apartment SHP Plaza Building)",Hải Phòng,Trung tâm thành phố/chợ Sắt,Hải Phòng
65765046,"Căn hộ m² 3 phòng ngủ, 2 phòng tắm riêng ở Khác (3 Bedroom SHP Khánh Phong Homestay Model Style)",Hải Phòng,Trung tâm thành phố/chợ Sắt,Hải Phòng
49684864,"Căn hộ 55 m² 2 phòng ngủ, 1 phòng tắm riêng ở Cầu Rào (Chippie House)",Hải Phòng,Cầu Rào,Hải Phòng
78762315,"Căn hộ nhà Mopius 1 phòng ngủ, 1 phòng tắm ở toà Camellia 2, Hoàng Huy Võ Nguyên Giáp (Apartment 1 sleeping 1 wc Camellia 2)",Hải Phòng,Cầu Rào,Hải Phòng
51754951,Sun Residence,Hải Phòng,No. 1,386 P. Van Cao
69732872,Thuý Apartment Hải Phòng,Hải Phòng,Số 55,Đ. Số 4
15919376,Khu phố Water Front (Khu pho Water Front),Hải Phòng,HK14 - Khu đô thị ven sông Lạch Tray (khu Water Front) số nhà 66,Cầu Rào
78762318,"Căn hộ nhà Mopius 2 phòng ngủ, 2 phòng tắm ở toà Camellia 1, Hoàng Huy Võ Nguyên Giáp (Apartment 2 ngủ 2wc Camellia)",Hải Phòng,Cầu Rào,Hải Phòng
78346597,X-Stay Da Nang,Hải Phòng,291 Da Nang Ngo Quyen,Trung tâm thành phố/chợ Sắt
79293156,Chic Boho 3BR Retreat Lakefront View,Hải Phòng,Trung tâm thành phố/chợ Sắt,Hải Phòng
31632350,"Căn hộ 17 m² 1 phòng ngủ, 1 phòng tắm riêng ở Trung tâm thành phố/chợ Sắt (Hotel nam sơn)",Hải Phòng,Trung tâm thành phố/chợ Sắt,Hải Phòng
16724427,"Căn hộ 30 m² 1 phòng ngủ, 1 phòng tắm riêng ở Khu đô thị Ngã Năm - sân bay Cát Bi (vip room)",Hải Phòng,Ngã năm – Sân bay Cát Bi,Hải Phòng
33030734,"Căn hộ 20 m² 1 phòng ngủ, 1 phòng tắm riêng ở Trung tâm thành phố/chợ Sắt (Khách Sạn Nam sơn)",Hải Phòng,Trung tâm thành phố/chợ Sắt,Hải Phòng
7471185,Le Thanh Hotel,Hải Phòng,Quốc Lộ 5,Thôn Do Nha
59336824,"Căn hộ 59 m² 2 phòng ngủ, 1 phòng tắm riêng ở Thượng Lý/Quán Toan (Homestay Thu vivu- Hoàng Huy Grand Tower)",Hải Phòng,Thượng Lý/Quán Toan,Hải Phòng
74352224,X-Stay 2908 Lotus,Hải Phòng,Cầu Rào,Hải Phòng
39687939,"Căn hộ 40 m² 1 phòng ngủ, 1 phòng tắm riêng ở Trung tâm thành phố/chợ Sắt (Căn hộ SAKURA 1 Ngủ)",Hải Phòng,Ngã năm – Sân bay Cát Bi,Hải Phòng
34389345,"Căn hộ 40 m² 1 phòng ngủ, 1 phòng tắm riêng ở Trung tâm thành phố/chợ Sắt (Perfect Sakura apartment full services Swimming)",Hải Phòng,Ngã năm – Sân bay Cát Bi,Hải Phòng
52272594,"Căn hộ 72 m² 2 phòng ngủ, 2 phòng tắm riêng ở Cầu Rào (TOM Homestay )",Hải Phòng,Cầu Rào,Hải Phòng
31480784,"Nhà trệt 130 m² 10 phòng ngủ, 10 phòng tắm riêng ở Trung tâm thành phố/chợ Sắt (thoải mái vô tư sạch sẽ an tâm)",Hải Phòng,Trung tâm thành phố/chợ Sắt,Hải Phòng
37138365,"Căn hộ 30 m² 1 phòng ngủ, 1 phòng tắm riêng ở Cầu Rào (Sweet home)",Hải Phòng,Cầu Rào,Hải Phòng
78341585,Phuong Hoang Hotel HP by BAY LUXURY,Hải Phòng,KDC To 09 Cai Tat,Thượng Lý/Quán Toan
59768960,"Căn hộ 25 m² 1 phòng ngủ, 1 phòng tắm riêng ở Ngã năm – Sân bay Cát Bi (X-Stay Argon)",Hải Phòng,Ngã năm – Sân bay Cát Bi,Hải Phòng
53760402,Hotel Nam Sơn Tân Dương (Hotel Nam Son Tan Duong),Hải Phòng,211 phố Mới,Tân Dương
77460897,Thien Anh Hai Phong,Hải Phòng,No.3,Alley 82
78328469,X-Stay 2908 Lotus,Hải Phòng,Võ Nguyên Giáp Lê Chân,Cầu Rào
52057479,"Căn hộ 300 m² 1 phòng ngủ, 1 phòng tắm riêng ở Thượng Lý/Quán Toan (Halidao Homestay Hải Phòng)",Hải Phòng,Trung tâm thành phố/chợ Sắt,Hải Phòng
48750742,"Căn hộ 76 m² 3 phòng ngủ, 2 phòng tắm riêng ở Thượng Lý/Quán Toan (Happy homestay )",Hải Phòng,Thượng Lý/Quán Toan,Hải Phòng
55842848,"Căn hộ 73 m² 2 phòng ngủ, 2 phòng tắm riêng ở Thượng Lý/Quán Toan (Happy homestay )",Hải Phòng,2A Đ. Hồng Bàng,Sở Dầu
61423960,"Căn hộ 50 m² 1 phòng ngủ, 1 phòng tắm riêng ở Ven sông - Sông Cấm/Cảng cũ (MiMi Homestay Classic Room VN - 4pers-2Kingbeds)",Hải Phòng,Trung tâm thành phố/chợ Sắt,Hải Phòng
36450822,"Căn hộ 25 m² 1 phòng ngủ, 1 phòng tắm riêng ở Bãi Biển Đồ Sơn (Mini Cozy Room)",Hải Phòng,Bãi Biển Đồ Sơn,Hải Phòng
76735281,97Homestay,Hải Phòng,Cầu Rào,Hải Phòng
78762314,"Căn hộ nhà Mopius 2 phòng ngủ, 2 phòng tắm ở toà Camellia 2, Hoàng Huy Võ Nguyên Giáp (Apartment 2 bedrooms 2 wc Camellia 2)",Hải Phòng,Cầu Rào,Hải Phòng
61199911,"Căn hộ 37 m² 1 phòng ngủ, 1 phòng tắm riêng ở Trung tâm thành phố/chợ Sắt (Happy house)",Hải Phòng,Trung tâm thành phố/chợ Sắt,Hải Phòng
78611912,Nhà Nghỉ Hùng Ngà (Nha Nghi Hung Nga),Hải Phòng,80 Kim Liên,Ngã năm – Sân bay Cát Bi
74452852,Candy Hotel,Hải Phòng,5/4 Đường Hùng Vương,Thượng Lý/Quán Toan
78511481,"Nhà riêng m² 2 phòng ngủ, 2 phòng tắm riêng ở Trung tâm thành phố/chợ Sắt (2 bedrooms apartment in Luong Khanh Thien)",Hải Phòng,Trung tâm thành phố/chợ Sắt,Hải Phòng
64253378,"Nhà riêng 0 m² 1 phòng ngủ, 2 phòng tắm riêng ở Khác (The LuxHomes 2bedroom Vinhome Marina T4.HD106)",Hải Phòng,Trung tâm thành phố/chợ Sắt,Hải Phòng
2107347,Hanvet Hotel Do Son,Hải Phòng,Area 1,Van Huong Ward
61248689,MiMi Homestay Hải Phòng (MiMi Homestay Hai Phong),Hải Phòng,44e Phố Lê Lai,Trung tâm thành phố/chợ Sắt
80566353,"Nhà riêng m² 1 phòng ngủ, 1 phòng tắm riêng ở Cầu Rào (Gờ Homestay - Giường King - Trung tâm thành phố)",Hải Phòng,Cầu Rào,Hải Phòng
76673251,"Căn hộ m² 2 phòng ngủ, 2 phòng tắm riêng ở Cầu Rào (Green Home)",Hải Phòng,Cầu Rào,Hải Phòng
21139528,"Căn hộ 60 m² 5 phòng ngủ, 1 phòng tắm riêng ở Cầu Rào (Venus)",Hải Phòng,Cầu Rào,Hải Phòng
75880782,Hương Sen Hotel Hải Phòng (Huong Sen Hotel Hai Phong),Hải Phòng,Khu chung cư Phạm Ngọc Đa,khu 8
78762313,"Căn hộ nhà Mopius 1 phòng ngủ, 1 phòng tắm ở toà Camellia 1, Hoàng Huy Võ Nguyên Giáp (Apartment 1 ngủ 1 wc Camellia 1)",Hải Phòng,Cầu Rào,Hải Phòng
79556459,The Nếp House (The Nep House),Hải Phòng,Khách Sạn The Nếp House,Bãi Biển Đồ Sơn
78762317,"Căn hộ nhà Mopius 1 phòng ngủ, 1 phòng tắm ở toà Lotus, Hoàng Huy Võ Nguyên Giáp (Apartment 1 Bedroom 1 wc Lotus)",Hải Phòng,Cầu Rào,Hải Phòng
74494838,"m² 5 phòng ngủ, 5 phòng tắm riêng ở Ven sông - Sông Cấm/Cảng cũ (Vu' Stay)",Hải Phòng,Ven sông - Sông Cấm/Cảng cũ,Hải Phòng
30177172,Khách sạn Ngọc Sơn (Ngoc Son Hotel),Hải Phòng,101 Hạ Đoạn 2 đông hai 2,hải an . hải phòng
37843051,"Nhà riêng 68 m² 2 phòng ngủ, 2 phòng tắm riêng ở Thượng Lý/Quán Toan (Honey Apppartment 02 - Hoàng Huy Grand Tower)",Hải Phòng,Thượng Lý/Quán Toan,Hải Phòng
13594046,"Chung cư 25 m² 1 phòng ngủ, 1 phòng tắm riêng ở Trung tâm thành phố/chợ Sắt (Special price R201 HK apartment bigc branch)",Hải Phòng,Trung tâm thành phố/chợ Sắt,Hải Phòng
36918364,"Căn hộ 60 m² 2 phòng ngủ, 2 phòng tắm riêng ở Thượng Lý/Quán Toan (Ky’s Home)",Hải Phòng,Ven sông - Sông Cấm/Cảng cũ,Hải Phòng
58638246,"Nhà trệt 75 m² 2 phòng ngủ, 2 phòng tắm riêng ở Thượng Lý/Quán Toan (2 phòng studio cùng tầng duy nhất cho 4 người )",Hải Phòng,Ven sông - Sông Cấm/Cảng cũ,Hải Phòng
58291011,HOMESTAY nhà Trang (HOMESTAY nha Trang),Hải Phòng,Thượng Lý/Quán Toan,Hải Phòng
55660909,JOYCE-Celia 34,Hải Phòng,Cầu Rào,Hải Phòng
78585606,Romaji House,Hải Phòng,Cầu Rào,Hải Phòng
42033709,"Căn hộ 55 m² 2 phòng ngủ, 2 phòng tắm riêng ở Cầu Rào (D'Joyce Homestay & Apartment - Liana Home)",Hải Phòng,Cầu Rào,Hải Phòng
77626630,Na's Homestay Hải Phòng (Na's Homestay Hai Phong),Hải Phòng,3/3 Trần Quang Khải,P. Phường Hồng Bàng
49990153,Hotel Nam Sơn (Hotel Nam Son),Hải Phòng,25 Đồng Cau,Thị trấn Núi Đèo
47149035,"Căn hộ 40 m² 1 phòng ngủ, 1 phòng tắm riêng ở Thượng Lý/Quán Toan (Căn Hộ Đẹp Sang Trọng Giá Rẻ Vinhome R302 (09-15))",Hải Phòng,Ven sông - Sông Cấm/Cảng cũ,Hải Phòng
77138911,Méow Homestays (Meow Homestays),Hải Phòng,Trung tâm thành phố/chợ Sắt,Hải Phòng
45153251,Sunset Apartment in Hai Phong,Hải Phòng,Thượng Lý/Quán Toan,Hải Phòng
52007572,"Căn hộ 300 m² 1 phòng ngủ, 1 phòng tắm riêng ở Thượng Lý/Quán Toan (Halidao Homestay Hải Phòng)",Hải Phòng,Trung tâm thành phố/chợ Sắt,Hải Phòng
78544703,Sao Mai,Hải Phòng,384 Nguyễn Văn Linh,Lê Chân
75667376,HoTel Ven Hồ (HoTel Ven Ho),Hải Phòng,T1 toa 4 tang,Quận Tiên Lãng
61710063,"Căn hộ m² 1 phòng ngủ, 1 phòng tắm riêng ở Thượng Lý/Quán Toan (Standard studio 25 m 2 )",Hải Phòng,Trung tâm thành phố/chợ Sắt,Hải Phòng
61423244,"Căn hộ 50 m² 1 phòng ngủ, 1 phòng tắm riêng ở Ven sông - Sông Cấm/Cảng cũ (MiMi Homestay Family Room 6pers- 2 Super King beds)",Hải Phòng,Trung tâm thành phố/chợ Sắt,Hải Phòng
61710057,"Căn hộ m² 1 phòng ngủ, 1 phòng tắm riêng ở Thượng Lý/Quán Toan (Studio deluxe 25 m2 )",Hải Phòng,Ven sông - Sông Cấm/Cảng cũ,Hải Phòng
35765405,"Căn hộ 45 m² 1 phòng ngủ, 1 phòng tắm riêng ở Ngã Năm / Cát Bi Airport (Legend House)",Hải Phòng,Ngã năm – Sân bay Cát Bi,Hải Phòng
71486720,Trang Thanh Apartment,Hải Phòng,Tran Phu,Trung tâm thành phố/chợ Sắt
59142168,"Căn hộ 70 m² 2 phòng ngủ, 2 phòng tắm riêng ở Cầu Rào (JL homestay căn hộ 2pn 2wc Hoàng Huy Commerce )",Hải Phòng,Cầu Rào,Hải Phòng
16133245,"Biệt thự 100 m² 5 phòng ngủ, 5 phòng tắm riêng ở Ven sông - Sông Cấm/Cảng cũ (Vinhomes Imperia villa 6 bedrooms)",Hải Phòng,Ven sông - Sông Cấm/Cảng cũ,Hải Phòng
21918168,"Căn hộ 45 m² 1 phòng ngủ, 1 phòng tắm riêng ở Cầu Rào (SAOLA Apartment Le Chan, Haiphong, 202)",Hải Phòng,Cầu Rào,Hải Phòng
47149005,"Căn hộ 45 m² 1 phòng ngủ, 1 phòng tắm riêng ở Thượng Lý/Quán Toan (R301 ( MHT09-24))",Hải Phòng,Ven sông - Sông Cấm/Cảng cũ,Hải Phòng
49696673,"Nhà riêng 100 m² 2 phòng ngủ, 1 phòng tắm riêng ở Cầu Rào (X-Stay Double Lê Chân)",Hải Phòng,Cầu Rào,Hải Phòng
53633516,"Căn hộ 50 m² 1 phòng ngủ, 1 phòng tắm riêng ở Quận Hoàn Kiếm - Hàng Bông/Quán Sứ (Home Sweet Home)",Hải Phòng,Trung tâm thành phố/chợ Sắt,Hải Phòng
78186687,"Căn hộ m² 2 phòng ngủ, 2 phòng tắm riêng ở Thượng Lý/Quán Toan (Cam's House - Homestay Hải Phòng)",Hải Phòng,Ven sông - Sông Cấm/Cảng cũ,Hải Phòng
54872762,"Căn hộ 100 m² 1 phòng ngủ, 1 phòng tắm riêng ở Trung tâm thành phố/chợ Sắt (2CE APARTMENT & HOTEL)",Hải Phòng,Ngã năm – Sân bay Cát Bi,Hải Phòng
66846598,"Căn hộ m² 1 phòng ngủ, 1 phòng tắm riêng ở Cầu Rào (Friendly apt)",Hải Phòng,Ngã năm – Sân bay Cát Bi,Hải Phòng
42092719,Meliá Vinpearl Hai Phong Rivera,Hải Phòng,Manhattan 9 Street,Vinhomes Imperia Hai Phong
79077431,Tom Homestay Hải Phòng (Tom Homestay Hai Phong),Hải Phòng,Cầu Rào,Hải Phòng
39422613,"Căn hộ 25 m² 1 phòng ngủ, 1 phòng tắm riêng ở Cầu Rào (HappyHome)",Hải Phòng,Cầu Rào,Hải Phòng
62152352,SH17 Villa Hải Phòng (SH17 Villa Hai Phong),Hải Phòng,SH17 Vinhome Marina,Đại Lộ Thăng Long
79345207,Avani Hai Phong Harbour View,Hải Phòng,12 Tran Phu Street,Haiphong
45568649,Khách Sạn Nam Sơn (Khach San Nam Son),Hải Phòng,8a Lê Hồng Phong Số 18 Lô 8A2,Lê Hồng Phong
34092604,Khách Sạn Nam Sơn (Khach San Nam Son),Hải Phòng,Số 18,lô 8A
16259377,Lotus House,Hải Phòng,Ngoc Lien Dai ha Kien Thuy,Kiến Thụy
52210543,"Căn hộ 45 m² 2 phòng ngủ, 1 phòng tắm riêng ở Cầu Rào (Hai phong Friendly Apartment)",Hải Phòng,Ngã năm – Sân bay Cát Bi,Hải Phòng
78762316,"Căn hộ nhà Mopius 2 phòng ngủ, 2 phòng tắm ở toà Lotus, Hoàng Huy Võ Nguyên Giáp (Apartment 2 Bedroom 2wc Lotus)",Hải Phòng,Cầu Rào,Hải Phòng
76937855,"Căn hộ m² 2 phòng ngủ, 1 phòng tắm riêng ở Cầu Rào (Green Home 2)",Hải Phòng,Cầu Rào,Hải Phòng
10149919,"Chung cư 35 m² 1 phòng ngủ, 1 phòng tắm riêng ở Thượng Lý/Quán Toan (Vinhomes Serviced Apartment high quality 3)",Hải Phòng,Thượng Lý/Quán Toan,Hải Phòng
76734407,"Nhà riêng m² 1 phòng ngủ, 2 phòng tắm riêng ở Cầu Rào (Happy Home Apartment & Homestay)",Hải Phòng,Cầu Rào,Hải Phòng
13608637,"Chung cư 15 m² 1 phòng ngủ, 1 phòng tắm riêng ở Thượng Lý/Quán Toan (Rainbow Apartments)",Hải Phòng,Thượng Lý/Quán Toan,Hải Phòng
39806972,"Căn hộ 40 m² 1 phòng ngủ, 1 phòng tắm riêng ở Trung tâm thành phố/chợ Sắt (Căn Hộ VIP Sakura 193 Văn Cao supper large)",Hải Phòng,Ngã năm – Sân bay Cát Bi,Hải Phòng
76261053,"Căn hộ m² 1 phòng ngủ, 1 phòng tắm riêng ở Khác (Luna’s Homestay )",Hải Phòng,Trung tâm thành phố/chợ Sắt,Hải Phòng
59002672,LeeVy Hai Phong,Hải Phòng,Võ Nguyên Giáp,Cầu Rào
39686583,"Căn hộ 45 m² 2 phòng ngủ, 2 phòng tắm riêng ở Trung tâm thành phố/chợ Sắt (Căn hộ SAKURA 2 Ngủ)",Hải Phòng,Ngã năm – Sân bay Cát Bi,Hải Phòng
36830259,"Căn hộ 80 m² 1 phòng ngủ, 1 phòng tắm riêng ở Ven sông - Sông Cấm/Cảng cũ (Stay 1986)",Hải Phòng,Trung tâm thành phố/chợ Sắt,Hải Phòng
10946562,"Nhà mặt đất 25 m² 1 phòng ngủ, 1 phòng tắm riêng ở Khu đô thị Ngã Năm - sân bay Cát Bi (HyminHome)",Hải Phòng,Ngã năm – Sân bay Cát Bi,Hải Phòng
65561493,"Căn hộ m² 3 phòng ngủ, 1 phòng tắm riêng ở Khác (Cozihotel)",Hải Phòng,Trung tâm thành phố/chợ Sắt,Hải Phòng
18526823,"Căn hộ 150 m² 20 phòng ngủ, 20 phòng tắm riêng ở Khu đô thị Ngã Năm - sân bay Cát Bi (Sương giang hotel)",Hải Phòng,Ngã năm – Sân bay Cát Bi,Hải Phòng
78200358,Anmie Home - Hoàng Huy CMC Camelia (Anmie Home - Hoang Huy CMC Camelia),Hải Phòng,Cầu Rào,Hải Phòng
78700526,Ari Apartment cùng bạn khám phá foodtour Hải Phòng (Ari Apartment cung ban kham pha foodtour Hai Phong),Hải Phòng,Thượng Lý/Quán Toan,Hải Phòng
65765051,"Căn hộ m² 1 phòng ngủ, 1 phòng tắm riêng ở Ven sông - Sông Cấm/Cảng cũ (Studio PG02-20 KP Apartment Neo classic.)",Hải Phòng,Trung tâm thành phố/chợ Sắt,Hải Phòng
55661215,JOYCE-Celia 25,Hải Phòng,Cầu Rào,Hải Phòng
79084039,"Nhà riêng m² 1 phòng ngủ, 3 phòng tắm riêng ở Khác (Khanh Phong Apartment Vin Vu Yen 3 Bedroom)",Hải Phòng,Trung tâm thành phố/chợ Sắt,Hải Phòng
79884214,HAMA HOUSE Lạch Tray (HAMA HOUSE Lach Tray),Hải Phòng,30/2 Nguyễn Văn Linh số 30 Ngõ 2 Nguyễn Văn Linh,Thượng Lý/Quán Toan
61404353,"Căn hộ m² 2 phòng ngủ, 2 phòng tắm riêng ở Cầu Rào (Chuỗi căn hộ cc The Minato Residence Hải Phòng)",Hải Phòng,Cầu Rào,Hải Phòng
47648201,"Căn hộ 65 m² 2 phòng ngủ, 2 phòng tắm riêng ở Thượng Lý/Quán Toan (Blue House Apartment & Homestay)",Hải Phòng,Thượng Lý/Quán Toan,Hải Phòng
37333260,"Căn hộ 90 m² 1 phòng ngủ, 1 phòng tắm riêng ở Cầu Rào (Khánh Linh Hotel )",Hải Phòng,Ngã năm – Sân bay Cát Bi,Hải Phòng
47148994,"Căn hộ 45 m² 1 phòng ngủ, 1 phòng tắm riêng ở Phước Mỹ (R301 ( MHT09-15))",Hải Phòng,Trung tâm thành phố/chợ Sắt,Hải Phòng
78706354,Khách sạn Cat Ba Friendly (Cat Ba Friendly hotel),Hải Phòng,192 N i Ngọc,Cát Bà
80448769,"Nhà riêng m² 2 phòng ngủ, 2 phòng tắm riêng ở Trung tâm thành phố/chợ Sắt (căn hộ tiện nghi trung tâm phố cổ Hải Phòng)",Hải Phòng,Trung tâm thành phố/chợ Sắt,Hải Phòng
21918164,"SAOLA Apartment Le Chan, Haiphong, 301",Hải Phòng,Cầu Rào,Hải Phòng
62143586,"Nhà riêng 75 m² 2 phòng ngủ, 2 phòng tắm riêng ở Ngã năm – Sân bay Cát Bi (Two bedrooms Apt. in Diamond Crown tower (1923))",Hải Phòng,Ngã năm – Sân bay Cát Bi,Hải Phòng
34383065,"Căn hộ 40 m² 1 phòng ngủ, 1 phòng tắm riêng ở Trung tâm thành phố/chợ Sắt (Relax & Beautiful Apartment for weekend at Van Cao)",Hải Phòng,Ngã năm – Sân bay Cát Bi,Hải Phòng
61200042,"Căn hộ 30 m² 1 phòng ngủ, 1 phòng tắm riêng ở Cầu Rào (Homestay HP)",Hải Phòng,Cầu Rào,Hải Phòng
70752304,KATKA - Muffin Room,Hải Phòng,Thượng Lý/Quán Toan,Hải Phòng
10614251,"Nhà mặt đất 20 m² 1 phòng ngủ, 1 phòng tắm riêng ở Trung tâm thành phố/chợ Sắt (Khanh Phong Apartment PG02-20 Vincom Shophouse)",Hải Phòng,Trung tâm thành phố/chợ Sắt,Hải Phòng
61423186,"Căn hộ 50 m² 1 phòng ngủ, 1 phòng tắm riêng ở Ven sông - Sông Cấm/Cảng cũ (MiMi Homestay-Delux room for 4 persons-2King beds)",Hải Phòng,Trung tâm thành phố/chợ Sắt,Hải Phòng
13759577,Chung cư studio 30 m² có 1 phòng tắm riêng ở Ven sông - Sông Cấm/Cảng cũ (The Flamboyant - Deluxe Room @ Vinhomes Imperia),Hải Phòng,Ven sông - Sông Cấm/Cảng cũ,Hải Phòng
56865071,"Căn hộ 67 m² 2 phòng ngủ, 2 phòng tắm riêng ở Cầu Rào (Happy House)",Hải Phòng,Cầu Rào,Hải Phòng
36927243,Khách sạn Bông Sen (Khách Sạn Bông Sen),Hậu Giang,60 Trần Hưng Đạo,Vị Thanh
33242039,Tru by Hilton Trung tâm thành phố Hậu Giang (Tru by Hilton Hau Giang City Centre),Hậu Giang,16a Nguyen Cong Tru,01 ward
79391873,Thảo Tiên Vị Thanh (Thao Tien Vi Thanh),Hậu Giang,131-133 Nguyên Hồng,Vị Thanh
37504990,Ann Village (Glamping),Hậu Giang,Ong Tiem Bridge,the road Truong Vinh Nguyen
4364648,Boutique Lodge Can Tho Homestay,Hậu Giang,Đường 61C,Phong Điền
73573784,Nhà Nghĩ Hồng Hải (Nha Nghi Hong Hai),Hậu Giang,QG4M+G7H,Nàng Mau
64245974,"Căn hộ 50 m² 1 phòng ngủ, 1 phòng tắm riêng ở Cái Răng (Nhà Của Mon)",Hậu Giang,Châu Thành A,Châu Thành A
625092,Le Garden Villa Homestay,Hậu Giang,Xa My Nhon,My Khanh
66726725,Experience Homestay,Hậu Giang,152 KV Yên Thạnh - Thường Thạnh - Cái Răng - Cần Thơ,Cái Răng
7710666,Khách sạn Florida (Florida Hotel),Khánh Hòa,66 Quang Trung,Lộc Thọ
64212746,Swiss-Belvillas Solavita Bình Tiên (Swiss-Belvillas Solavita Binh Tien),Khánh Hòa,Khu Du lịch B nh Ti n,X C ng Hải
55288610,Daisy Flower Nha Trang (Daisy Flower Nha Trang ),Khánh Hòa,79 Nguyễn Thị Minh Khai,T&#226;n Lập
2736432,Vitamin Sea Homestay Nha Trang,Khánh Hòa,39 Yet Kieu,Van Thang
38072404,Khách sạn Annova Nha Trang (Annova Nha Trang Hotel),Khánh Hòa,5 Lý Tự Trọng,Lộc Thọ
4848076,Sen Vang Luxury,Khánh Hòa,33 - 37 Mê Linh - Phường Tân Lập - Nha Trang - Khanh Hoa,Phước Tiến
33956809,Khách sạn Astica Nha Trang (Astica Hotel Nha Trang),Khánh Hòa,101 Hồng Bàng,Tân Lập
79487625,Khách sạn Gold Coast Nha Trang (The Gold Coast Hotel Nha Trang),Khánh Hòa,12 Đ. Trần Nguy n H n,Phường Nha Trang
8696455,Khách Sạn Boutique Em Ơi (Em Oi Boutique Hotel),Khánh Hòa,60 Phan Chu Trinh,Xương Huân
1624707,KHÁCH SẠN SEAESTA NHA TRANG (SEAESTA NHA TRANG HOTEL),Khánh Hòa,116A Hồng Bàng,Tân Lập
1370938,Full House Hotel,Khánh Hòa,03 Ngô Sỹ Liên,Vạn Thắng
75155617,Nhà số 33 (Nha so 33),Khánh Hòa,Phước Hải,Nha Trang
34561841,Khu nghỉ dưỡng Hoàng Phúc (Hoang Phuc resort),Kiên Giang,186a Vo Truong Toan,Rạch Giá
37353978,Sea Stars Hotel,Kiên Giang,2G5 Đường Phạm Hùng,Phường An Hòa
63991945,Biệt thự cao cấp Hiếu Sang 68 Khu Bến tàu Rạch Giá (Hieu Sang 68 Luxury Villas Khu Ben tau Rach Gia),Kiên Giang,B7 - 21 L Thường Kiệt,Vĩnh Quang
35716946,Khách sạn Hasu (Hasu The Hotel),Kiên Giang,số 9+10 Lô A2,khu đô thị tây bắc
239493,Sea Light Hotel,Kiên Giang,A11,Đường 3/2
71338734,Khách sạn Mỹ Phượng (Hotel My Phuong),Kiên Giang,Khu đô thị lấn biển Tây Bắc,Rạch Giá Lô A7 căn 10
926818,Sai Gon Rach Gia Hotel,Kiên Giang,844 Nguyễn Trung Trực,Phường An H a
77233250,Homestay Là Nhà (Homestay La Nha),Kiên Giang,Lô A8 Căn 20 - 21,Đường Số 5
74643948,Hotel AN KHƯƠNG (Hotel AN KHUONG),Kiên Giang,A7_02,Đường Số 27 A7_02
344975,Hòa Bình Rạch Giá Resort (Hoa Binh - Rach Gia Resort),Kiên Giang,Số 62-64-66 đường C Bắc,khu phố 1
34742947,Khách sạn Cốc Cốc (Khach San Coc Coc),Kiên Giang,Room A2-41-42,Street 11
80811256,Khách sạn King Sea (KING SEA HOTEL),Kiên Giang,D3 căn 5 đường Số 5,khu đo thị Tay Bắc
80621572,Khách sạn Thiên Trang 2 - gần bến tàu Rạch Giá (Thien Trang 2 Hotel - gan ben tau Rach Gia),Kiên Giang,Lý Thường Kiệt,Rạch Giá
64513522,"Căn hộ m² 1 phòng ngủ, 2 phòng tắm riêng ở [location not yet specified] (TiuHouse Aparment Rạch Giá, Kiên Giang)",Kiên Giang,Rạch Giá,Rạch Giá (Kiên Giang)
64513519,"TiuHouse Aparment Rạch Giá, Kiên Giang",Kiên Giang,Đ. Phan Thị Ràng,P. An Hoà
1761772,Quoc Dung Hotel,Kiên Giang,Lo 4 - Can 01,Phan Thi Rang
64415270,Palace Apollo Hotel - Bến Tàu (Palace Apollo Hotel - Ben Tau),Kiên Giang,14 Đ. 3 Tháng 2,Rạch Giá
77376006,Căn Hộ Sophia Rạch Giá (Can Ho Sophia Rach Gia),Kiên Giang,Rạch Giá,Rạch Giá
62125264,Khách sạn Hà Tiên Sea View (Hà Tiên Sea View Hotel),Kiên Giang,No. 6,Ha Tien Night Market New Urban Area
1285662,Ha Tien Hanh Phuc Hotel,Kiên Giang,13-14 Hoang Van Thu,Binh San Ward
37296684,NHÀ NGHỈ NAM PHƯƠNG (NHA NGHI NAM PHUONG),Kiên Giang,19 Đường Ngô Mây,Pháo Đài
38475826,Nhà nghỉ Thanh Thủy 2 (nhà nghỉ thanh thuy 2),Kiên Giang,38 Đường Nguyễn Cửu Đàm,Pháo Đài
37663483,Nhà nghỉ Sao Mai (Nhà Nghỉ Sao Mai),Kiên Giang,No. 32,Tran Cong An Street
9065853,Sele House,Kiên Giang,38 Street,Phao Dai
78974445,Khách sạn VISUHA (VISUHA HOTEL),Kiên Giang,Số 81 Trần Hầu,Phường Ha Tien
4985621,Nhà nghỉ Bảo Châu (Bao Chau Hostel),Kiên Giang,26 Đường Nguyễn Tr&#227;i,Pháo Đài
67771232,Hà Hùng Panorama Hotel (Ha Hung Panorama Hotel),Kiên Giang,Số 104 đường Nguyễn Huệ,Khu đ thị mới
37181024,Phuoc Long Homestay (Phuoc Long Homestay ),Kiên Giang,9 Rạch Ụ,Bình San
79590827,Khu nghỉ dưỡng Sài Gòn Hà Tiên (Sai Gon Ha Tien Resort),Kiên Giang,Tổ 3 Khu phố 3,Pháo Đài
59007794,"Căn hộ 1500 m² 1 phòng ngủ, 9 phòng tắm riêng ở Hà Tiên (𝐓𝐮̀𝐧𝐠 𝐓𝐡𝐮̛ 𝐆𝐚𝐫𝐝𝐞𝐧 - nhà vườn phố biển)",Kiên Giang,Tổ 1,KP3 Nguyễn Chí Thanh
7422676,Nam Du VIEW Guest House,Kiên Giang,An Son,Kien Hai
32611766,Khách sạn Nam Du Palace (KHÁCH SẠN NAM DU PALACE),Kiên Giang,Dat Do Beach,An Sơn
75890590,Khu nghỉ dưỡng Meta Sea (Meta Sea Resort),Kiên Giang,Ấp Bãi Ngự,An Sơn
35962532,Khu nghỉ dưỡng Langchia Nam Du (LANGCHIA NAM DU RESORT),Kiên Giang,an son,kien hai
45407654,THE NAM DU HILL,Kiên Giang,Tổ 6,Ấp Củ Tron
37773202,Homestay Thảo Thường Camp,Kiên Giang,Tổ 1,Bãi Cỏ Nhỏ
49687039,Jahouse viila,Kiên Giang,An Sơn,An Sơn (Kiên Giang)
73567820,Bông Boutique Hotel Kon Tum (Bong Boutique Hotel Kon Tum),Kon Tum,Bông Boutique Hotel Lô 175 - 176 - 178 Khu quy hoạch Sân vận động Trường Chinh - Tp Kon Tum,Kon Tum
28761135,Bông Villa Hotel & Apartment (Bong Villa Hotel & Apartment),Kon Tum,41 Âu Cơ 41 Âu Cơ,Quang Trung
6853068,Khách sạn Window 2 (Window 2 Hotel),Kon Tum,131 Thi Sách,Thắng Lợi
30850977,Khách sạn Hội An - Kon Tum (Khach san Hoi An - Kon Tum),Kon Tum,734 ( số cũ 113) Phan Đình Phùng,Phường Quang Trung
69120035,Khách sạn An Thái (An Thái HoTel),Kon Tum,39 L Thường Kiệt,Quang Trung 39
4913327,Khách sạn Window 1 (Window 1 Hotel),Kon Tum,189 (06 cũ) Đoàn Thị Điểm,Quyết Thắng
35784255,Nhà nghỉ Y.O (Y.O Inn),Kon Tum,16A Nguyễn Trãi,Thống Nhất
61140237,Khách sạn Sacly (Khach san Sacly),Kon Tum,202 Lê Lợi,Quyết Thắng
64307184,Chang Coffee & Homestay (Chang Coffee & Homestay Kon Tum),Kon Tum,No. 51,Nguyen Viet Xuan
1846450,Vietnam Phuot Real Home,Kon Tum,485/3 Pham Van Dong,Tran Hung Dao Ward
2255883,Bac Huong Hotel,Kon Tum,196 Tran Hung Dao,Quyết Thắng
300929,Muong Thanh Lai Chau Hotel,Lai Châu,số 113 Lê duẩn,Phường Tân Phong
70420210,Khách sạn Hồng Ngọc,Lai Châu,Điện Bi n Phủ,Đo n Kết Kh ch Sạn Hồng Ngọc
6116651,Minh Sơn HOTEL (Minh Son HOTEL),Lai Châu,33 Mường Kim,phường Tân Phong
77191198,A Chỉnh Homestay - Sìn Suối Hồ (A Chinh Homestay - Sin Suoi Ho),Lai Châu,Lai Châu,Lai Châu
60691133,Khách sạn Nam Anh Lai Châu (Nam Anh Hotel Lai Châu),Lai Châu,No. 98,Hoang Dieu
8110217,Hoang Nham Luxury Hotel,Lai Châu,69 Dien Bien Phu,Lai Châu
80104789,Hotel Hoàng Gia (Hotel Hoang Gia),Lai Châu,Nguyễn Thái Bình,Lai Châu
78972995,Quỳnh Chi Hotel (Quynh Chi Hotel),Lai Châu,Tô Vĩnh Diện,Lai Châu
72811107,迪利酒店,Lai Châu,滨河路,Lai Châu
52219631,"Nhà riêng 66 m² 5 phòng ngủ, 2 phòng tắm riêng ở Lai Châu (Homestay Cứ A Lồng )",Lai Châu,Lai Châu,Lai Châu
77041664,"A Chỉnh Homestay - Sìn Suối Hồ, Lai Châu (A Chinh Homestay - Sin Suoi Ho, Lai Chau)",Lai Châu,Sìn Hồ,Lai Châu
59596051,"Căn hộ 70 m² 1 phòng ngủ, 2 phòng tắm riêng ở Lai Châu (Homesatay người dao A San)",Lai Châu,Lai Châu,Lai Châu
26079631,Khách sạn Thủy Tiên (Thuy Tien Hotel),Lai Châu,87,Group 9
78972743,Quỳnh Chi Hotel (Quynh Chi Hotel),Lai Châu,Tô Vĩnh Diện,Lai Châu
63408518,Hoa Sữa Hotel Lai Châu - by BAY LUXURY (Hoa Sua Hotel Lai Chau - by BAY LUXURY),Lai Châu,179 Lê Duẩn,Lai Châu
63356186,"70 m² 1 phòng ngủ, 1 phòng tắm riêng ở Lai Châu (Homestay A Páo)",Lai Châu,Lao Chải 1,Lai Châu
69122273,Tru by Hilton Riverside (Tru by Hilton Lao Cai City Riverside),Lào Cai,No.2 An Duong Vuong street Coc Leu ward,Lào Cai
985340,KHÁCH SẠN MƯỜNG THANH LÀO CAI (Muong Thanh Grand Lao Cai Hotel ),Lào Cai,86 duong Thanh Nien,Phuong Coc Leu
65490268,Khách sạn ELLA Riverside Lào Cai (ELLA RIVERSIDE LAO CAI HOTEL),Lào Cai,666 An Đ. Vương,Lào Cai
54476836,Garrya Mù Cang Chải (Garrya Mu Cang Chai),Lào Cai,Pu Nhu Village,Pung Luong Commune
13754996,Van Anh Motel,Lào Cai,108 Nguyễn Huệ,Lào Cai
4937400,Sen Trang Hotel,Lào Cai,An Dương Vương,Lào Cai
46567202,Khách sạn Big Lào Cai (Big Hotel Lào Cai),Lào Cai,No. 503,Hoang Lien Street
445977,Khách sạn Sapaly Lào Cai (Sapaly Lao Cai City Hotel),Lào Cai,Số 48 Đường Nguyễn Huệ,Lào Cai
72591200,Khách sạn Việt Trung,Lào Cai,022 Thủy Hoa,Duyên Hải
4991650,Mai Anh Hotel,Lào Cai,38 Phan Dinh Phung,Lào Cai
21120785,Khách sạn Lào Cai Diamond (Lao cai Diamond Hotel),Lào Cai,Nguyễn Huệ,Lào Cai
6427897,Khách Sạn và Spa Đức Huy Grand (Duc Huy Grand Hotel and Spa),Lào Cai,72-74 Tran Hung Dao avenue,Bac Cuong ward
65195279,Khách sạn SOCA Lào Cai (SOCA LAO CAI HOTEL ),Lào Cai,072 Thuy Hoa Str,Coc Leu Ward
264387,Khách sạn Lào Cai Star (Lao Cai Star Hotel),Lào Cai,Số 003 đường Hoàng Liên - Phường Cốc Lếu,Lào Cai
69468488,Khách sạn The Wiltons Lào Cai (The Wiltons Hotel Lào Cai),Lào Cai,35 Sơn T ng,Lào Cai
47340641,Nhà nghỉ Hải Đăng - Hai Dang Hotel (Nha nghi Hai Đang - Hai Dang Hotel),Lào Cai,352 Nguyễn Huệ,Lào Cai
35009464,Ngọc Hà Hotel,Lào Cai,001 Trần Quốc Toản TX. Lào Cai,Lào Cai
9109680,Khách Sạn Cao Minh (Cao Minh Hotel),Lào Cai,198 An Dương Vương,Lào Cai
14880227,Khách sạn Michis Lào Cai (Michis hotel laocai),Lào Cai,Vạn Hoa,Lào Cai
9114276,Khách sạn Heaven Gate Ô Quy Hồ Sapa (Heaven Gate O Quy Ho Hotel Sapa),Lào Cai,Khu Cổng Trời,Tam Đường
8638021,Liberty Lao Cai Hotel - Events,Lào Cai,120 Đường Soi Tiền,Lào Cai
45929242,Khách sạn Bảo Sơn 1 (Khach san Bao Son 1),Lào Cai,058 Sơn Đạo kéo dài phường Cốc Lếu thành phố Lào Cai Tỉnh Lào Cai,Lào Cai
55811254,Lake Side Hotel Lào Cai - by Bay Luxury (Lake Side Hotel Lao Cai - by Bay Luxury),Lào Cai,12 Chiềng On,Lào Cai
79232724,Khách sạn tokyo (Khach san tokyo),Lào Cai,2 Phan Đình Phùng,Lào Cai
69368974,Khách sạn căn hộ Olive Lào Cai (Olive Apartment Hotel Lao Cai),Lào Cai,208 An Dương Vương,Lào Cai
64252763,Khu nghỉ dưỡng Cloud Paradise (Cloud Paradise Resort),Lào Cai,Thon Mo Phu,Y Ty
61270074,Nhà Nghỉ Hoàng Xuân (Nha Nghi Hoang Xuan),Lào Cai,028 Quang Minh,Lào Cai
32809054,Nhà nghỉ Hoàng Lan (Nha nghi Hoang Lan),Lào Cai,009a-đường kim chung,Lào Cai
35454066,Khách sạn Song Hồng View (SONG HONG VIEW HOTEL),Lào Cai,188 Duyên Hải,Lào Cai
64335730,Khách sạn Kim Ngân Lào Cai (Kim Ngân Hotel Lào Cai),Lào Cai,58 Hợp Thành,Phố Mới
68225932,The Dang's Home in Lao Cai,Lào Cai,535 Nhạc Sơn,Lào Cai
64457143,Khách sạn Vĩnh Lộc (Khach san Vinh Loc),Lào Cai,Khách sạn Vĩnh Lộc,lô K4 khu TMCN Kim Thành
75889144,The Dang's Home inn Lao Cai,Lào Cai,Nhac Son,Coc Leu
2335456,Lao Cai Royal Hotel,Lào Cai,Tổ 29,Phường Duyên Hải
55627990,Hoàng Anh Hotel Lào Cai - by Bay Luxury (Hoang Anh Hotel Lao Cai - by Bay Luxury),Lào Cai,Sơn Tùng,Lào Cai
2649855,Khách sạn Red River View Lào Cai (RED RIVER VIEW HOTEL LAO CAI),Lào Cai,178 Lê Đại Hành - Kim Tân - Lào Cai,Lào Cai
48510849,Cô Chung Hotel (Co Chung Hotel),Lào Cai,Nguyễn Đức Cảnh,Cốc Lếu
66700544,Thanh Hà Hotel Lào Cai (Thanh Ha Hotel Lao Cai),Lào Cai,1 Phạm Văn Xảo,Lào Cai
75893436,Lao Cai Sun Hotel,Lào Cai,Lao Cai Sun Hotel 024 đường Hoàng Liên,phường Cốc Lếu
63329581,"Căn hộ 500 m² 13 phòng ngủ, 13 phòng tắm riêng ở Lào Cai (Hoàng lan hotell)",Lào Cai,Lào Cai,Lào Cai
55811124,Hoa Sữa Hotel Lào Cai - by Bay Luxury (Hoa Sua Hotel Lao Cai - by Bay Luxury),Lào Cai,89 Phố Châu Úy,Lào Cai
55634111,Như Ý Hotel Lào Cai - by Bay Luxury (Nhu Y Hotel Lao Cai - by Bay Luxury),Lào Cai,154 Nhạc Sơn,Lào Cai
687163,Aristo International Hotel,Lào Cai,028 Yết Kiêu,Phường Kim Tân
37315804,SONG HONG VIEW HOTEL,Lào Cai,Duyen Hai,Lao Cai
78338794,July Hotel Central Sapa,Lào Cai,2 To Vinh Dien,Lào Cai
7170580,Kim Cuong Hotel,Lào Cai,N358,Nguyen Hue
55683918,"Kim Thành Hotel - 718 Trần Thái Tông, TP Lào Cai - by Bay Luxury (Kim Thanh Hotel - 718 Tran Thai Tong, TP Lao Cai - by Bay Luxury)",Lào Cai,Duyen Hai,Lào Cai
64465949,Hòa Bình Hotel LC - by BAY LUXURY (Hoa Binh Hotel LC - by BAY LUXURY),Lào Cai,51 Minh Khai,Lào Cai
61453545,A10 Thủy Hoa Hotel LC - by BAY LUXURY (A10 Thuy Hoa Hotel LC - by BAY LUXURY),Lào Cai,10 Thủy Hoa,Lào Cai
71715416,Kim Thanh Hotel Lao Cai - by Bay Luxury,Lào Cai,Tran Thai Tong,Duyen Hai
55259603,Vân Hà Hotel Lào Cai - by Bay Luxury (Van Ha Hotel Lao Cai - by Bay Luxury),Lào Cai,022 Thủy Hoa,Lào Cai
58351832,Red River Hotel LC- by BAY LUXURY,Lào Cai,Lê Đại Hành,Lào Cai
59871100,bubukika,Lào Cai,Lào Cai,Lào Cai
255004,Khách Sạn Mường Thanh Luxury Lạng Sơn (Muong Thanh Luxury Lang Son Hotel),Lạng Sơn,68 Đường Ngô Quyền,Phường Vĩnh Trại
5663879,Four Points by Sheraton Lạng Sơn (Four Points by Sheraton Lang Son),Lạng Sơn,2 Trần Hưng Đạo,Lạng Sơn
63692630,Khách sạn Imperial Lạng Sơn (IMPERIAL HOTEL LẠNG SƠN),Lạng Sơn,69 Ly Thuong Kiet,Vinh Trai ward
35076446,Nhà Nghỉ Xuân Mai (Nha Nghi Xuan Mai),Lạng Sơn,Lạng sơn Tổ 4 khối 10 thị trấn cao lộc,TP Lạng Sơn
31047489,Tru by Hilton Trung tâm thành phố Lạng Sơn (Tru by Hilton Lang Son City Centre),Lạng Sơn,297 Phai Ve Mai Pha Commune,Lạng Sơn
37633495,Khách sạn Trà Linh (TRA LINH HOTEL),Lạng Sơn,Ngã 3 Đồng Tân,Đồng Tân
25128090,Khách sạn Triệu Ký Voòng Lạng Sơn (Trieu Ky Voong Hotel Lang Son),Lạng Sơn,130 Ly Thuong Kiet,Hoang Van Thu Ward
33589698,Hava Homestay,Lạng Sơn,608b Ba Trieu street,Dong Kinh Ward
70215627,Hava House,Lạng Sơn,7D Ngõ 123 Lê Lợi,Vĩnh Trại
50210184,ANH TU Hotel,Lạng Sơn,95 Lý Thường Kiệt,Lạng Sơn
77421203,Duong Dinh Hanh homestay (Duong Dinh Hanh Homestay Lang Son),Lạng Sơn,Th n T n Sơn,X Bắc Sơn
61046946,Khách sạn Nhật Minh (NHẬT MINH HOTEL),Lạng Sơn,50 L Thường Kiệt,Lạng Sơn
75528052,Khách sạn New Sun Nam Định (NEW SUN NAM ĐỊNH HOTEL),Nam Định,20 Trần Anh T ng,Nam Định
64096515,Khách sạn P&L (Khach san P&L),Nam Định,4 Mỹ Trọng,Nam Định
14953986,Khách sạn Wiltons (The Wiltons Hotel),Nam Định,32 Hồ Xuân Hương,Nam Định
9403730,Nam Cuong Nam Dinh Hotel,Nam Định,Số 538 Trần Hưng Đạo,P. Hòa Vượng
20061348,Tru by Hilton Nam Định City Centre (Tru by Hilton Nam Dinh City Centre),Nam Định,272 Tran Hung Dao,Cua Bac ward
37923378,Khách sạn Ruby (Ruby Hotel),Nam Định,118pho Bắc Ninh,Nam Định
79310560,Khách sạn MD (MD Hotel),Nam Định,502 Đ. Kênh,Lộc Vượng
63409225,My Trà Hotel (My Tra Hotel),Nam Định,Khu Công Nghiệp Hoà Xá,Mỹ Xá
64903200,Khách sạn Dệt,Nam Định,62 Nguyễn Hiền,Trần Đăng Ninh
27848306,NHÀ NGHỈ TRÀ MY (NHA NGHI TRA MY),Nam Định,KHU CÔNG NGHIỆP MAI XÁ-- MỸ XÁ- TP NAM ĐỊNH XÓM GÔI- MAI XÁ - MỸ XÁ- TPND,Nam Định
72523395,"Nhà riêng 20 m² 4 phòng ngủ, 2 phòng tắm riêng ở Nam Định (Big house with beautiful garden)",Nam Định,Nam Định,Nam Ðịnh
55613252,Khách sạn & Cà phê Hương Giang (Hương Giang Hotel & Coffee),Nam Định,,Hoà Bình
274250,Khách sạn Phú Mỹ (Phu My Hotel),Nam Định,36 Lê Hồng Phong,Nam Định
80971918,"Căn hộ m² 1 phòng ngủ, 1 phòng tắm riêng ở Nam Định (Goldenbell backpacker hostell)",Nam Định,Nam Định,Nam Ðịnh
64233522,Khu du lịch sinh thái Núi Ngăm,Nam Định,,thôn Thượng
10638351,"Chung cư 80 m² 2 phòng ngủ, 2 phòng tắm riêng ở Nam Định (Nam Dinh Tower )",Nam Định,Nam Định,Nam Ðịnh
76327768,"Căn hộ m² 2 phòng ngủ, 1 phòng tắm riêng ở Nam Định (An Eco Homestay Ramsar Xuân Thủy :) )",Nam Định,Nam Định,Nam Ðịnh
1620550,Khách Sạn Mường Thanh Con Cuông (Muong Thanh Con Cuong Hotel),Nghệ An,Khối 2 thị trấn Con Cuông,huyện Con Cuông
43574992,KHÁCH SẠN KIM NHAN (KHACH SAN KIM NHAN),Nghệ An,tổ dân phố 1,Con Cuông
76061112,Bảo Yến HOTEL (Bao Yen HOTEL),Nghệ An,Khối 3 Thị Trấn Con Cuông,Tỉnh Nghệ An
76038936,Homestay Hoa Thụ,Nghệ An,Con Cuông,Con Cuông (Nghệ An)
13577801,Nhà mặt đất studio 70 m² có 12 phòng tắm riêng ở Con Cuông ( beside rice fields and life-giving streams.),Nghệ An,Con Cuông,Con Cuông (Nghệ An)
462356,Khách sạn Mường Thanh Sông Lam (Muong Thanh Song Lam Hotel),Nghệ An,13 Đường Quang Trung,Thành phố Vinh
287957,Khách Sạn Mường Thanh Vinh (Muong Thanh Vinh Hotel),Nghệ An,Số 1,Đường Phan Bội Châu
32828818,Khách sạn Vinh Plaza (Vinh Plaza Hotel),Nghệ An,3 Mai Hac De,Thành phố Vinh
1984611,Khách Sạn Mường Thanh Cửa Đông (Muong Thanh Cua Dong Hotel),Nghệ An,167 Nguyen Phong Sac,Phuong Hung Dung
1119577,Victory Hotel (Victory Hotel Vinh),Nghệ An,7 Vương Thúc Mậu,Thành phố Vinh
280290,Muong Thanh Phuong Dong Hotel,Nghệ An,Số 2,Trường Thi
29379518,Khách sạn Hoàng Ngân 1 - TP. Vinh (Hoang Ngan 1 Hotel - TP. Vinh),Nghệ An,07 Yên Dũng Thượng,phường Hưng Dũng
29379522,Khách sạn Hoàng Ngân 2 - TP. Vinh (Hoang Ngan 2 Hotel - TP. Vinh),Nghệ An,15 Nguyen Sy Que Sreet,Hung Dung Ward
1195928,Lam Giang Hotel,Nghệ An,43 Quang Trung,Vinh
77497810,Khách sạn Thanh Đạt 2 (Thanh Dat 2 Hotel),Nghệ An,59,Le Ninh st
38700007,Khách sạn Cửa Đông Luxury (Cua Dong Luxury Hotel),Nghệ An,12 V.I. L&#234; Nin,Sân bay quốc tế Vinh
60145485,Khách sạn White (White Hotel),Nghệ An,63 Hồ Xuân Hương,Quang Trung
52475149,khach san viet uc,Nghệ An,275 Võ Nguyên Hiến,Thành phố Vinh
18646642,Khách sạn Toàn Thắng Stone (Khach san Toan Thang Stone),Nghệ An,V.I. Lê Nin,Thành phố Vinh
37647098,LAM HONG HOTEL,Nghệ An,26 Phan Bội Châu,Khách Sạn LAM HỒNG
59731199,Khách sạn Rubillion Vinh (Rubillion Hotel - Vinh),Nghệ An,31 Đường Nguyễn Duy Trinh,Thành phố Vinh
36791289,Trường Thịnh Hotel (Truong Thinh Hotel),Nghệ An,171 đường Kim Liên 171 Đường Kim Liên (Cạnh cây xăng Hưng Chính),Thành phố Vinh
75224,Khách sạn Sài Gòn Kim Liên - Vinh - Nghe An (Saigon Kim Lien Hotel - Vinh City),Nghệ An,Số 25,Đường Quang Trung
10690894,Thong Do Hotel,Nghệ An,Đường tránh Vinh,Khối 2
58984083,Nhà nghỉ Long Lưu (Nhà Nghỉ Long Lưu),Nghệ An,Đường Phạm Định Toái,Xóm 23 xã nghi phú
31573956,Khách sạn Sao Việt (Sao Viet Hotel ),Nghệ An,666 Pham Hong Thai Street,facing both Pham Hong Thai Street and National Highway 1A Bypass
15634245,Thuong Hai Hotel Vinh,Nghệ An,26 Le Loi,Thành phố Vinh
55986992,Khách sạn Cẩm Lai (KHÁCH SẠN CẨM LAI),Nghệ An,95 L&#253; Thường Kiệt,Thành phố Vinh
68971703,Bac Kinh Hotel Vinh - by BAY LUXURY,Nghệ An,110 Mai Hac De,Thành phố Vinh
40345142,Khách sạn sân bay Vinh (Vinh Airport Hotel),Nghệ An,4 Hồ Học Lãm,Sân bay quốc tế Vinh
625544,Vuong Hoan Hotel 2,Nghệ An,34 Đại lộ L&#234; Nin,Thành phố Vinh
72814838,Nhà nghỉ 79 (Nha nghi 79),Nghệ An,Nhà nghỉ 79 5 tầng,Sân bay quốc tế Vinh
79924169,Visip Hotel,Nghệ An,Xóm Khoa Đà,Xã Hưng Nguyên
67653243,Khách sạn Global (Khach san Global),Nghệ An,176 Phong Định Cảng,Thành phố Vinh
62150190,Beijing Hotel Vinh - by BAY LUXURY,Nghệ An,110 Mai Hắc Đế,Thành phố Vinh
60221377,Tre Yoga Retreat,Nghệ An,Đường Vạn Xuân,Sân bay quốc tế Vinh
32926570,Khách sạn AMI (Khach san AMI),Nghệ An,8 Đường Duy Tân B,Thành phố Vinh
625837,Duy Tan Vinh Hotel,Nghệ An,9C Phượng Hoàng,Phường Trung Đô
79446044,Khách sạn JingDong (Khách sạn JingDong 京东酒店),Nghệ An,Nguyễn Văn Trỗi,Hưng T y Kh ch sạn Jingdong 京东酒店
29281214,Khách sạn Sông Lam Waterfront (SongLam Waterfront Hotel),Nghệ An,Block 2,Xuan An Town
77214815,Mỹ Hạnh HOTEL (My Hanh HOTEL),Nghệ An,Quốc lộ 46A,Trung tâm Vinh
68803610,"Nhà riêng 100 m² 1 phòng ngủ, 2 phòng tắm riêng ở Trung tâm Vinh (Bé Mỡ House 16 - Vinh Homestay)",Nghệ An,Thành phố Vinh,Vinh
28918422,"Căn hộ 25 m² 1 phòng ngủ, 1 phòng tắm riêng ở Vinh (Phòng Vip RUBY Hotel)",Nghệ An,Sân bay quốc tế Vinh,Vinh
77064501,"Căn hộ m² 3 phòng ngủ, 2 phòng tắm riêng ở Trung tâm Vinh (Nhà của Thỏ)",Nghệ An,Thành phố Vinh,Vinh
68803607,"Nhà riêng 60 m² 1 phòng ngủ, 2 phòng tắm riêng ở Trung tâm Vinh (Bé Mỡ House 26 - Vinh Homestay)",Nghệ An,Thành phố Vinh,Vinh
1994625,"Vinpearl Cửa Hội, Affiliated by Meliá (Vinpearl Cua Hoi, Affiliated by Meliá)",Nghệ An,Bình Minh street - Nghi Hai Ward - Cua Lo Beach - Nghe An province,Viet Nam
867571,Khách sạn Mường Thanh Grand Cửa Lò (Muong Thanh Grand Cua Lo Hotel),Nghệ An,Số 232 Đường Bình Minh,Phường Nghi Thu
75225,Sài Gòn Kim Liên Resort - Biển Cửa Lò (Saigon Kim Lien Resort - Cua Lo Beach),Nghệ An,Số 212 Đường Bình Minh,Bãi biển Cửa Lò
23097743,Khách sạn Kingdom Cửa Lò (Kingdom Hotel Cua Lo),Nghệ An,10 Hoang Van Tam,Nghi Huong
7432247,Bong Mai,Nghệ An,Đường Làng Vạc,Bãi biển Cửa Lò
53731300,Khách sạn SAMMY (SAMMY Hotel - Khách sạn SAMMY),Nghệ An,306 Bình Minh,Nghi Hương
31958172,Khách sạn Tuấn Thảo (Khách Sạn Tuấn Thảo),Nghệ An,8 Đường Nguyễn Cảnh Quế,Khách sạn Tuấn Thảo
39591358,Khách sạn 1986 (1986 Hotel),Nghệ An,No. 10,Nguyen Su Hoi Street
1615350,Mường Thanh Luxury Diễn Lâm (Muong Thanh Luxury Dien Lam),Nghệ An,Xã Diễn Lâm,Diễn Châu
41340442,Khu du lịch sinh thái Hòn Mát (KHU DU LỊCH SINH THÁI HÒN MÁT),Nghệ An,Xom Son Hai,Nghia Loc Commune
28762037,Khách sạn Blue Wave (Blue Wave Hotel),Nghệ An,1 Hoang Van Tam,Nghi Huong
80165287,Khách sạn C'Lau Ninh Bình (C'Lau Hotel Ninh Binh),Ninh Bình,Phố cổ Hoa Lư,Phường Hoa Lư
32313729,Tam Coc Minh Hung Homestay,Ninh Bình,CÔI KHÊ,Động Tam Cốc - Bích Động
38797426,Nha Xanh Homestay,Ninh Bình,No. 196,Trinh Tu Street
71182133,Tam Cốc Eco House (Tam Coc Eco House),Ninh Bình,Van Lam,Ninh Hai
63594716,Milan Hotel Ninh Binh,Ninh Bình,33 Trần Hưng Đạo,Ninh Bình
75853794,Khách sạn The Sun Tam Cốc (The Sun Tam Coc Hotel),Ninh Bình,Ninh Hải,Động Tam Cốc - Bích Động
7206992,Lavender homestay (Lavender Homestay),Ninh Bình,Tam cốc- Hoa Lư- Ninh Bình,Động Tam Cốc - Bích Động
15005951,KHÁCH SẠN MOMALI NINH BÌNH (MOMALI HOTEL NINH BINH),Ninh Bình,02 Ly Thuong Kiet,Nam Binh
63062455,Khách sạn Sunny Garden Riverside Ninh Bình (Sunny Garden Riverside Hotel Ninh Binh),Ninh Bình,478 Nguyễn Huệ,Phố
80618696,Khu nghỉ dưỡng & Spa Tam Cốc Forest Banana (Tam Coc Forest Banana Retreat & Spa),Ninh Bình,,Ninh Hải
288116,Emeralda Resort Ninh Binh,Ninh Bình,Làng Tập Ninh,Xã Gia Vân
930011,The Reed Hotel,Ninh Bình,Đường Đinh Điền,Phường Đông Thành
79159670,Ngáo Home - Hoa Lư,Ninh Bình,27,ngõ 77 Lương Văn Thăng
60998222,Khách sạn Núi Vàng Tràng An Ninh Bình (Nui Vang Trang An Hotel Ninh Binh),Ninh Bình,,Hoàng Sơn
66728900,HANA Tam Coc Homestay,Ninh Bình,Cổng Làng Khả Lương,Động Tam Cốc - Bích Động
80321398,Khách sạn Phố Cổ Ninh Bình (Khach san Pho co Hotel Ninh Binh),Ninh Bình,07 Tràng An 2,Tân Thành
67267096,Nhà khách Tam Cốc One & Khách sạn Ninh Bình (Tam Coc Guest House One & Hotel Ninh Binh),Ninh Bình,Tuan Cao Village,Ninh Thang Commune
28523194,Khách sạn Elisa Hotel (Elisa Hotel),Ninh Bình,458 Đường Ngô Gia Tự,Ninh Bình
68784667,Khách sạn D.Residence Ninh Bình (D.Residence Hotel Ninh Binh),Ninh Bình,168 Xuân Thành,Tân Thành
36878066,Khu nghỉ dưỡng sinh thái Nature Garden Ninh Bình (Nature Garden Ecolodge Ninh Bình),Ninh Bình,Thon Trung Tru,Ninh Giang
1637381,Khu Nghỉ Dưỡng An's Eco Garden (An's Eco Garden Resort),Ninh Bình,Thôn Bình Khê,Xã Ninh Nhất
288544,Khách sạn Việt Nhật Ninh Bình (Viet Nhat Hotel Ninh Binh),Ninh Bình,Số 456,Đường Ngô Gia Tự
80567487,Golden Bell Backpacker Hostel,Ninh Bình,34 Nguyen Thai Hoc,Ninh Bình
73278233,The Northwalk Ninh Binh,Ninh Bình,926 Trần Hưng Đạo,Tân Thành
78586844,Ninh Binh Railway Venus Hotel,Ninh Bình,66 Đường 27/7,Ninh Phong
64005963,Ailee Villa & Khách sạn Tam Cốc (Ailee Villa&Hotel Tam Coc),Ninh Bình,Coi Khe Ninh Hai Hoa Lu Ninh Binh,Động Tam Cốc - Bích Động
41502883,Tam Cốc Retreat Ninh Bình,Ninh Bình,Tam Coc,Động Tam Cốc - Bích Động
77713632,An Homestay Tam Cốc (An Homestay Tam Coc),Ninh Bình,xóm hòa bình xã ninh hải huyện hoa lư tỉnh ninh bình,Động Tam Cốc - Bích Động
73590712,Khách sạn Sonavie Ninh Bình (Sonavie Hotel Ninh Binh),Ninh Bình,148 Đ. Đinh Điền,Ninh Khánh
61903159,Khu nghỉ dưỡng & spa Trang An Ecorest (Trang An Ecorest Resort & Spa),Ninh Bình,Khe Ha,Quận Hoa Lư
13753426,Mountain Side Homestay (Ninh Binh Mountain Side Homestay),Ninh Bình,Ninh Xuan,Hoa Lu
25755134,Khách sạn Tam Cốc Lion Kings (Tam Coc Lion Kings Hotel),Ninh Bình,Thuan Nam Khanh Ninh Ba,Động Tam Cốc - Bích Động
35414748,Trang An Elegant Homestay,Ninh Bình,Ninh Xuan,Trang An Elegant Homestay
65970050,Khách sạn Kana Boutique Ninh Bình (Kana Boutique Hotel Ninh Binh),Ninh Bình,Trần Hưng Đạo,Ninh Khánh
74647133,Làng La Sen (La Sen Village),Ninh Bình,Số 7,đường Tam Cốc
11877804,Khách Sạn Tam Cốc Condeluz Boutique (Tam Coc Condeluz Boutique Hotel),Ninh Bình,đội 3 văn l&#226;m,Động Tam Cốc - Bích Động
64626639,Khách sạn Green Bay Ninh Bình (Green Bay Hotel Ninh Bình),Ninh Bình,23 Tràng An 2,Tân Thành
36500185,DOLCE MIA HOME,Ninh Bình,5 Đinh Tất Miễn,Ninh Bình
21914806,The Symphony 9 Tam Coc,Ninh Bình,DT491C,Ninh Hai
39604706,Nha Lua homestay (Nha Lua Homestay),Ninh Bình,thôn cầu vàng,xã gia hoà
5257193,Tuan Nam Homestay,Ninh Bình,Văn Lâm Ninh Hải,Hoa Lư
31439672,Wyndham Grand Vedana Ninh Bình (Wyndham Grand Vedana Ninh Binh),Ninh Bình,Dong Tam Village Cuc Phuong Commune,Huyện Nho Quan
72413978,Amazing Ninh Binh Garden,Ninh Bình,Hang Mua,Quận Hoa Lư
24252626,Halise Home and Retreat Ninh Binh,Ninh Bình,khả lương,ninh thắng
59048826,Khách sạn Vạn Xuân Royal (Vạn Xuân Royal Hotel),Ninh Bình,No. 1,Thien Son Street
13607336,Sona Resort,Ninh Bình,Tràng An Street,Ninh Binh City
37843619,Khu nghỉ dưỡng Emeralda Tam Cốc (Emeralda Resort Tam Cốc ),Ninh Bình,Van Lam Hamlet,Nam Hoa Lu Ward
49331126,Trang an rice field homestay,Ninh Bình,Tràng An,Quận Hoa Lư
64362522,Cháy Mountain Retreat Ninh Bình,Ninh Bình,,Khê Hạ
63997308,Serena riverside homestay - Tràng An (Serena riverside homestay - Trang An),Ninh Bình,479 B,Ninh Xuân
4200628,Tam Coc Rice Fields Homestay,Ninh Bình,Tam Coc Bich Dong,Group 3
34403272,Nhà Tam Cốc Elegance (Tam Coc Elegance House),Ninh Bình,Tam Coc Road,Tam Coc Elegance House
26849396,Sierra homestay (Sierra Homestay),Ninh Bình,Xuan Thanh Road,Xuan Ang Noi Village
9061202,viet anh homestay,Ninh Bình,doi 4,van lam
77254400,Khách sạn Đại An Ninh Bình (Khach san Đai An Ninh Binh),Ninh Bình,72 Đường Tân An,Tân Thành
61684015,An HOSTEL,Ninh Bình,45 Ngõ 45,Ninh Bình
6426066,Biệt thự Boutique Little Tam Cốc Ninh Bình (LittleTamCoc Boutique villa Ninh Binh),Ninh Bình,Thon Dam khe Ngoai,Xa ninh Hai
15904109,Tam Cốc Tường Vy homestay (Tam Coc Tuong Vy Homestay),Ninh Bình,Đội 4,thôn Văn Lâm
2417435,Khách sạn Central Ninh Bình (Ninh Binh Central Hotel),Ninh Bình,so 46,duong 27/7
670719,Cuc Phuong Hotel,Ninh Bình,Thôn Đồng Tâm,Huyện Nho Quan
30953658,Trang An View Poit homestay (Trang An View Poit Homestay),Ninh Bình,Thôn Nội,Xã Ninh Xuân huyện Hoa Lư
6361759,King Kong homestay (King Kong Homestay),Ninh Bình,Xom Lo Voi,Ninh Hai
65395976,Blue Moon Motel,Ninh Bình,Đường 38B,Quận Hoa Lư
479505,Tam Coc Garden Resort,Ninh Bình,Hai Nham Hamlet,Ninh Hai Commune
59621718,Tam Cốc Moutainside Homestay (Tam Coc Moutainside Homestay),Ninh Bình,Tam Coc Thon Co Khê,Ninh Hải Commune
2736647,Tam Coc Lake View Homestay,Ninh Bình,Van Lam,Ninh Hai
59673974,Khu nghỉ dưỡng Tràng An garden (Tràng An garden Resort),Ninh Bình,,Khê Hạ
37697638,Tam Coc Koi Homestay,Ninh Bình,doi 2,van lam
1195566,Ninh Binh Nature Homestay,Ninh Bình,Khu Du Lich Van Long - Thon Tap Ninh - Xa Gia Van - Huyen Gia Vien,Đầm Vân Long
64336173,"JOY.ur Home, Tea n Coffee",Ninh Bình,No. 744,Tran Hung Dao
9382704,Tam Cốc Banana Bungalow (Tam Coc Banana Bungalow),Ninh Bình,Tuan Cao village,Ninh Thang
77417244,Khu nghỉ dưỡng sinh thái An Riverside (An Riverside Ecolodge),Ninh Bình,479B Trường Yên Hoa Lư Ninh Bình,9
6584565,Tam Cốc Golden Sky homestay (Tam Coc Golden Sky Homestay),Ninh Bình,Tam Cốc-Bich Dong,Huyện Hoa Lư
79080340,Tam Cốc Mango homestay Free Swimming Pool (Tam Coc Mango Homestay Free Swimming Pool),Ninh Bình,Van Lam,Ninh Hai
42254879,Lagom Ninh Bình Homestay,Ninh Bình,Chi Phong,Truong Yen
75859001,Thung Din Homestay,Ninh Bình,,Nga 2
37157571,Khu nghỉ dưỡng Châu Sơn Garden (Châu Sơn Garden Resort),Ninh Bình,567 Vạn Hạnh,Châu Sơn Garden Resort
6772018,Tam Coc Minh Gia Homestay,Ninh Bình,Văn Lâm Ninh Hải Hoa lư Ninh Bình Văn lâm Ninh Hải Hoa Lư Ninh Bình,Động Tam Cốc - Bích Động
6508799,Tam Cốc Tuấn Minh homestay (Tam coc Tuan Minh Homestay),Ninh Bình,TAM COC LAKE,491C ROAD
60218439,Trang An Village homestay (Trang An Village Homestay),Ninh Bình,Khe Thuong Hamlet,Ninh Xuan Commune
59392552,Khách sạn Tamcoc Lights (Tamcoc Lights Hotel),Ninh Bình,Tamcoc Lights Hotel,Doi 8 Tuan Cao
35706059,Khách sạn Tamcoc Catalina (Tamcoc Catalina Hotel),Ninh Bình,Đội 3 - Văn Lâm,Động Tam Cốc - Bích Động
37500550,Vani's Home,Ninh Bình,Hành Cung,Ninh Thắng
2115741,Camellia Hotel Ninh Binh,Ninh Bình,Khu du lịch sinh thái Tràng An,Trung tâm thành phố Ninh Bình
1734399,Tam Cốc Bungalow (Tam Coc Bungalow),Ninh Bình,Van Lam,Ninh Hai
2562869,Tam Coc Westlake Homestay,Ninh Bình,Tam Coc ninh hai,hoa lu
18770423,HoangLong Riverside Homestay,Ninh Bình,Dung-Nhung,Thon trang an
45874692,ChezCao Rice Field Ecolodge Ninh Bình (ChezCao Rice Field Ecolodge Ninh Binh ),Ninh Bình,Hoàng Sơn,Ninh Tiến
76160280,Vi Hostel-Motels-Hotel,Ninh Bình,DT491C Đối diện nhà văn hóa Đam Khê Ngoài Ninh Hải Hoa Lư Ninh Bình,Động Tam Cốc - Bích Động
56317129,Thuy Xuyen Tam Coc Homestay,Ninh Bình,Đội 4 - thôn Văn Lâm - Xã Ninh Hải,Động Tam Cốc - Bích Động
1160697,Mountain View Homestay (Ninh Binh Mountain View Homestay),Ninh Bình,Hamlet number 10,Gia Sinh post office
72419621,Cổng Gỗ (The Wooden Gate),Ninh Bình,,Ninh Xuân
37148161,Tam Cốc Forest Bungalow & Spa (Tam Coc Forest Bungalow & Spa),Ninh Bình,Dam Sen Homestay,Ninh Thang
64281470,Tam Coc TK Homestay,Ninh Bình,Van Lam _ Ninh Hai _ Hoa Lu _ Ninh Binh,Động Tam Cốc - Bích Động
646901,Khách sạn Bái Đính (Bai Dinh Hotel),Ninh Bình,Chùa Bái Đính,xã Gia Sinh
44884193,For You Ninh Bình Boutique,Ninh Bình,479 B,Quận Hoa Lư
2379430,Hung Anh Homestay,Ninh Bình,Tam Coc,Van Lam Hamlet
70939238,Trang An Freedom Hood,Ninh Bình,Tràng An,Trường Yên
77257923,Khách sạn Tam Cốc Babylon (Tam Coc Babylon Hotel),Ninh Bình,Tam Coc Rd,Đam Khê Ngoài
26886812,Khách sạn Tam Cốc Family (Tam Coc Family Hotel),Ninh Bình,Group 3,Van Lam Hamlet
72812415,Trang An by Linh Homestay,Ninh Bình,Trang An By Linh Homestay,Quận Hoa Lư
39855920,Nham Village Resort,Ninh Bình,Thung Nham,Động Tam Cốc - Bích Động
44247834,Trang An Ecolodge,Ninh Bình,,Trường Yên
16301193,Việt Xưa Homestay,Ninh Bình,Phuc Son 1,Ninh Tien
49393057,Khách sạn Le Maison Tam Coc Boutique (Le Maison Tam Coc Boutique Hotel),Ninh Bình,Ninh Hải,Hoa Lư
3306616,New Way homestay (New Way Homestay),Ninh Bình,ninh thang hoa lu ninh binh vietnam,newway homestay
237315,Khách Sạn Queen Ninh Bình (Queen Hotel Ninh Binh),Ninh Bình,Số 20,Đường Ho ng Hoa Th m
51976590,Khu nghỉ dưỡng La Vento Ninh Bình (La Vento Resort Ninh Bình),Ninh Bình,1A highway,Thị trấn Thiên Tôn
7021123,Aravinda Resort Ninh Binh,Ninh Bình,Thôn Hải Nham,xã Ninh Hải
32184190,Tam Coc Hao Hao Homestay,Ninh Bình,Ninh Hải,Hoa Lư
55687926,TRANG AN LUXURY homestay (TRANG AN LUXURY HOMESTAY),Ninh Bình,7WC6+CPV,Tràng An
70979147,Tam Coc Backpack Chill Hostel,Ninh Bình,Cong Hoa,Ninh Hai
78485555,Favos Resort Ninh Binh,Ninh Bình,Tam Coc Rd,Động Tam Cốc - Bích Động
14695695,Khách sạn Cozy Son (Cozy Son Hotel),Ninh Bình,Khê Ngoài Ninh Hải,Động Tam Cốc - Bích Động
5749841,Trang An Spring Garden Homestay,Ninh Bình,479B,Ninh Xuân
16569260,Bao An Hotel Ninh Binh,Ninh Bình,16 - Ngo 1 - Duong Ton Duc Thang Phuong Dong Thanh,Ninh Bình
76923854,Khách sạn & Spa La Charm Ninh Bình (La Charm Ninh Binh Hotel & Spa),Ninh Bình,,Xóm 5
5480201,Khách Sạn Tam Cốc Victoria (Tam Coc Victoria Hotel),Ninh Bình,doi 1,van lam
6385396,Tam Coc Golden Sun Homestay,Ninh Bình,Ninh Bình,Ninh Bình Province
2669821,Diep Minh 2 Hotel,Ninh Bình,No 16,alley 60
68085657,Trang An ChiDu Homestay,Ninh Bình,Thôn Nội,Ninh Xuân
35744806,Hang Múa Lotus Homestay (Hang Mua Lotus Homestay),Ninh Bình,Thôn Khê Hạ,xã Ninh Xuân
7432280,Tam Coc Cherry Homestay & Hostel,Ninh Bình,Đội 2 - Thôn Văn Lâm - Xã Ninh Hải - Huyện Hoa Lư - Tỉnh Ninh Bình Group 2- Van Lam Hamlet - Ninh Hai Commune-Ninh Binh Province,Động Tam Cốc - Bích Động
6630352,Khu Nghỉ Dưỡng & Spa Bái Đính Garden (Bai Dinh Garden Resort & Spa),Ninh Bình,Hamlet 5,Bai Dinh Pagoda Area
55764155,Tam Cốc Ngô Đồng homestay (Tam coc Ngo Dong homestay ),Ninh Bình,,Ninh Hải
71446888,Ninh Binh Sunshine Homestay,Ninh Bình,Ninh Bình Sunshine Homestay,Ninh Bình
73281605,Tam Coc Mountain Flower Homestay 2,Ninh Bình,Tam Coc - Bich Dong Tam Coc,Ninh Hai
36379153,Tam Cốc Full House homestay (Tam Coc Full House Homestay),Ninh Bình,Team 2,Van Lam
36856418,Hang Mua Mountain View Homestay,Ninh Bình,Thôn Khê Hạ,xã Ninh Xuân
61400827,Victory homestay (Victory Homestay),Ninh Bình,107 Tây Thành,Phúc Thịnh
1150736,Van Hoa Ninh Binh Hotel,Ninh Bình,171 Trần Phú,Ninh Bình
32887044,May Homestay Ninh Binh,Ninh Bình,Hoa Lu DistrictNinh Thang,Động Tam Cốc - Bích Động
75859385,Trang An Green Garden Homestay & Restaurant (Trang An Green Garden Homestay & Restaurant ),Ninh Bình,00 th n Kh thượng,Quận Hoa Lư
78966420,Tam Coc Mountain Light Homestay,Ninh Bình,The Van Homestay,Động Tam Cốc - Bích Động
80003234,Khu nghỉ dưỡng sinh thái Tam Cốc Valley (Tam Cốc Valley Eco Resort),Ninh Bình,Đội 1,Tổ d n phố Văn L m
74612182,Tràng An Sunny River Homestay,Ninh Bình,Th n Nội,Ninh Xu n
31223536,Trang An Homestay,Ninh Bình,Thôn Khê Thượng,xã Ninh Xuân huyện Hoa Lư
77199089,Tam Coc Sueno Hotel,Ninh Bình,Tam Cốc Bích Động,Động Tam Cốc - Bích Động
15242246,Tam Coc Wonderland Lodge,Ninh Bình,Xóm Hang Đùng Thôn Văn Lâm Xã Ninh Hải Huyện Hoa Lư TỈnh Ninh Bình,Động Tam Cốc - Bích Động
64006732,Nam Nhung Tam Coc Homestay,Ninh Bình,,Đam Khê Ngoài
4844502,Yen Binh Homestay,Ninh Bình,Binh Khe Village,Ninh Nhat Commune
65106,Khu nghỉ dưỡng khoáng Cúc Phương (Cuc Phuong Mineral Retreat),Ninh Bình,Thôn Đồng Tâm,Xã Cúc Phương
847534,Chez Loan Hotel,Ninh Bình,Ninh Hai,Tam Coc
44655313,Tam Cốc Cát Lượng homestay (Tam Coc Cat Luong Homestay),Ninh Bình,coi khe,ninh hai
551790,Royal Hotel Ninh Binh,Ninh Bình,Phố Khánh Minh,Phường Ninh Khánh
2690961,Tam Coc Garden homestay (Tam Coc Garden Homestay),Ninh Bình,Thon Dam Khe Trong - Xa Ninh Hai - Huyen Hoa Lu - Tinh Ninh Binh,Động Tam Cốc - Bích Động
15950635,Nhà dân Tam Cốc Văn Lâm (Tam Coc Van Lam Homestay),Ninh Bình,Doi 4 Thon Van Lam Xa Ninh Hai Huyen Hoa Lu,Động Tam Cốc - Bích Động
52211291,Khách sạn Hoàng Hải (Hoàng Hải Hotel),Ninh Bình,28 Trương H&#225;n Si&#234;u,Ninh Bình
40130458,Thom's House,Ninh Bình,Đội 4,Văn Lâm Ninh Hải
69996296,Tam Coc Morning homestay (Tam Coc Morning Homestay),Ninh Bình,,Văn Lâm
37321845,Tuyet's hostel,Ninh Bình,Khê Hạ,Ninh Xuân
71447408,Bao Ky Homestay,Ninh Bình,59 Đường Thượng Nam,Ninh Bình
61380577,Khách sạn CucPhuong Mebi (CucPhuong Mebi Hotel),Ninh Bình,Cuc Phuong Forest Road,Cuc Phuong
9586020,Khách Sạn Cozynibi (Cozynibi Hotel),Ninh Bình,thôn Đam Khê,xã Ninh Hải
3173066,Tam Cốc Nature Lodge (Tamcoc Nature Lodge),Ninh Bình,Tam Cốc Ninh Bình,Động Tam Cốc - Bích Động
5915822,ha lan homestay,Ninh Bình,Khe Thuong Village,Ninh Xuan Commune
63536865,Vedana Resort Ninh Bình (Vedana Resort Ninh Binh ),Ninh Bình,Thôn Đồng Tâm,Xã Nho Quan
1194419,La Belle Vie Tam Coc Homestay,Ninh Bình,Đồi 3,Vân Lâm
182145,Khách sạn Yên Nhi Ninh Bình (Yen Nhi Ninh Binh Hotel),Ninh Bình,Khu Du lịch Tam Cốc - Bích Động,Di sản Văn hóa và Thiên nhiên Thế giới Tràng An. Xã Ninh Hải - huyện Hoa Lư
51889835,Tam Cốc Green Garden Bungalow (Tam Coc Green Garden Bungalow),Ninh Bình,Tam Coc Green Garden Bungalow,Thon Dam Khe Ngoai
1155119,Tam Coc Rice Fields Resort,Ninh Bình,Hải Nham,Ninh Hải
71541161,Hang Múa Peaceful Retreat (Hang Mua Peaceful Retreat),Ninh Bình,Nui Chay,Khe Ha
64315165,Khách sạn Việt Phương Ninh Bình (Viet Phuong Hotel Ninh Binh),Ninh Bình,9 ngõ 333 Lê Thái Tổ Tân Thành,Ninh Bình
51648572,Asahi Villa Tam Cốc (Asahi Villa Tam Coc),Ninh Bình,Tam Coc Rd,Ninh Hải
46595512,Trường Yến Hotel Ninh Bình (Truong Yen Hotel Ninh Binh),Ninh Bình,389 Hải Thượng Lãn Ông,Ninh Bình
64859426,Xuân Bách Family Motel (Xuan Bach Family Motel),Ninh Bình,497b Tràng An,Quận Hoa Lư
6772471,Tam Coc Tropical Garden,Ninh Bình,Đội 3,Thôn Văn Lâm
63324829,Tam Cốc Daisy's Villa (Tam Coc Daisy's Villa),Ninh Bình,Ninh Thắng,Hoa Lư
7083969,Mai Place Homestay,Ninh Bình,Group 4,Van Lam Village
63312351,Tam Cốc LullaBy Homestay,Ninh Bình,,Đội 1
47844302,Lemon Tree Homestay Tam Cốc (Lemon Tree Homestay Tam Coc),Ninh Bình,No. 7,Team 4
64082159,The Hive Hostel - Tam Coc,Ninh Bình,Thôn Hải Nham,Xã Ninh Hải
38023046,Ninh Binh Kong's Homestay,Ninh Bình,Thôn Khê Thượng,ninh Xuân
64206698,Tam Coc Moonlight Sweet Home,Ninh Bình,Văn Lâm,Ninh Hải
3651536,Tam Cốc Palm House (Tam Coc Palm House),Ninh Bình,Tam Cốc,Động Tam Cốc - Bích Động
10564098,Khách Sạn Quốc Tế Tràng An (TRANG AN INTERNATIONAL HOTEL),Ninh Bình,Ngã Tư Cầu Ninh Hòa,Đường 491
63062638,Khách sạn Bình An Nhiên (Bình An Nhiên Hotel),Ninh Bình,90 Lê Hồng Phong,Đông Thành
4984299,Ninh Bình Bamboo Farmstay (Ninh Binh Bamboo Farmstay),Ninh Bình,Xóm 8,xã gia sinh
2264284,Tam Coc Green Fields Homestay,Ninh Bình,Hanh Cung,Ninh Thang
49849335,Biệt thự & Khu nghỉ dưỡng Dinh Gia Home (Dinh Gia Home Villa & Resort),Ninh Bình,Gia Sinh,Gia Viễn District
64237209,Trang An Family Homestay,Ninh Bình,Unnamed,Road
63328464,Tam Cốc Chu Chu Villa (Tam Coc Chu Chu Villa),Ninh Bình,Thôn Tuân Cáo,Ninh Thắng
72813285,Chilling Homestay - Hotel,Ninh Bình,Đam Khê Ngoài- Ninh Hải- Hoa Lư- Ninh Bình Toà nhà,Động Tam Cốc - Bích Động
40354772,Nhà Hang Múa Green Mountain View (Hang Mua Green Mountain View House),Ninh Bình,Khe Thuong,Ninh Xuan
18934033,"Nhà trệt 1000 m² 2 phòng ngủ, 2 phòng tắm riêng ở Quận Hoa Lư (Trang An Memory homestay)",Ninh Bình,479 B,Trang An Memory Homestay
13847673,Sen's Homestay,Ninh Bình,Hoa Lu,Hanh Cung
3011344,Tam Coc Mountain Lake Homestay,Ninh Bình,Tam Coc Lake,Hoa Lu district
51024713,Amy house,Ninh Bình,số 84 ngõ 190 Đường Trần Phú,Ninh Bình
48646807,khách sạn hương hana,Ninh Bình,332 Lê Thái Tổ,Nam Thành
12657305,Tam Coc Marina villa,Ninh Bình,Tam Coc Boat Station,Viet Co Road
67184305,Trang An Pristine View homestay,Ninh Bình,Thon noi,Ninh Xuan
8995234,Tre Xanh Homestay,Ninh Bình,Nguyen Ngoai Village Ninh Nhat Commune,Ninh Bình
61765144,Tam Coc Pomelo Garden,Ninh Bình,Đội 9,thôn Tuân Cáo
5734369,Anh Hương Tam Coc Homestay (Anh Huong Tam Coc Homestay),Ninh Bình,doi 3,ninh hai
5837334,Tràng An Retreat (Trang An Retreat),Ninh Bình,Thôn Tràng An,Xã Trường Yên
68539009,Khách sạn The Sun Ninh Bình (The Sun Hotel - Ninh Binh),Ninh Bình,195 Xuân Thành,Tân Thành
186964,Khách sạn Ninh Bình Legend (Ninh Binh Legend Hotel),Ninh Bình,Số 177 đường L Th i Tổ,Khu Tiền Đồng
5777747,Nhà dân Center Tam Cốc (Center Tam Coc homestay),Ninh Bình,Đội 2,Văn Lâm
63440161,NinhBinh Buffalo Hostel,Ninh Bình,ĐT491C,Động Tam Cốc - Bích Động
44876545,Bungalow Xuan Son Lakeside (Xuan Son Lakeside Bungalow),Ninh Bình,479 B,Thôn Nội
49733371,Trang An Lighthouse Homestay (Trang an Lighthouse Homestay),Ninh Bình,Xuân Áng Nội,Ninh Xuân
34574286,New Nhat Minh HomeStay & Tour,Ninh Bình,No. 6 Alley 256 Ngo Gia Tu Street,Thanh Binh Ward
62097920,Khu nghỉ dưỡng & spa Bai Dinh Riverside (Bai Dinh Riverside Resort & Spa),Ninh Bình,,Gia Sinh
8513519,Tam Cốc Eco Field Homes (Tam Coc Eco Field Homes),Ninh Bình,Khu du lich Tam Coc - Bich Dong Van Lam,Ninh Hai
6843440,Khách sạn và Biệt thự Liberty Hall Tam Cốc (Liberty Hall Tam Coc Hotel & Villa),Ninh Bình,Đội 1,thôn Văn Lâm
38542686,Khách sạn MT Collection (MT Collection Hotel),Ninh Bình,5 Tràng An,Ninh Bình
69326995,Khách sạn New Sky Ninh Bình (New Sky Ninh Binh),Ninh Bình,15B/16- Đường Thành Công- Phố Tân An- P.Tân Thành,Ninh Bình
72233708,Trang An Eco Holiday Retreat,Ninh Bình,Trường Y n,Hoa Lư district
49691564,Khách sạn & Bungalow Tam Cốc Serenity (Tam Coc Serenity Hotel & Bungalow),Ninh Bình,Thon Khe Ngoai,Ninh Thang Commune
67661525,Biệt thự Hoàng Minh bên núi (Hoang Minh Mountainside Villa),Ninh Bình,,Ninh Xuân
63248943,HangmuaSunrise Homestay,Ninh Bình,,Khê Hạ
65814634,Khách sạn Hoa Lư City (Hoa Lu City Hotel),Ninh Bình,255 Lê Thái Tổ,Tân Thành
12779506,Tam Coc The Moon Lady Homestay,Ninh Bình,Tam Coc Road,Động Tam Cốc - Bích Động
72251971,Nhà phố cổ Hoa Lư (Hoa Lư Old Town House),Ninh Bình,,Hoa Lư
6254205,Tam Cốc Paradise homestay (Tam Coc Paradise Homestay),Ninh Bình,Tu De,Van Lam
71331636,Khách sạn Riverside Phố cổ Hoa Lư (Riverside Hotel Hoa Lư Old Town),Ninh Bình,32 Tr ng An,T n Th nh 10
256356,Khách sạn Hoàng Sơn Peace (Hoang Son Peace Hotel),Ninh Bình,Số 98 đường Trịnh Tú,phường Ninh Khánh
52388233,Khách sạn Hoàng Hải 2 (Hoàng Hải 2 Hotel),Ninh Bình,33/50 Truong Han Sieu,Phuc Truc
55391242,Cao Thach homestay (Cao Thach Homestay),Ninh Bình,Hai Nham Village,Tp. Ninh B nh
5962052,Tam Coc Golden Rice,Ninh Bình,Ninh Hải,Hoa Lư District
6881916,KHÁCH SẠN RIO (RIO HOTEL),Ninh Bình,No. 68,Ky Lan Street
2260130,Le Jardin De Tam Coc,Ninh Bình,Van Lam Hamlet,Ninh Hai
66166718,Khách sạn Celina Ninh Bình (CELINA HOTEL Ninh Bình),Ninh Bình,10 Tràng An,Tân Thành
8996930,The Banana Tree Hostel,Ninh Bình,Tam Coc Boat Station Thai Vi Street,Động Tam Cốc - Bích Động
31317942,Khách sạn Diamond (Diamond Hotel),Ninh Bình,Đinh Tất Miễn 45,Ninh Bình
66074136,Khách sạn Tam Cốc Lighthouse (Tam Coc Lighthouse Hotel),Ninh Bình,Dam Khe Ngoai village,Ninh Hai ward
4779429,Tam Coc Friendly Homestay,Ninh Bình,Tam Coc Wharf,Van Lam
4126952,Tam Coc Tropical Homestay,Ninh Bình,Group 3,Van Lam Hamlet
55579950,Khu nghỉ dưỡng Fairy Mountain (Fairy Mountain Retreat),Ninh Bình,Binh Khe Hamlet,Ninh Nhat Commune
31123119,Khách sạn Lotus (Lotus Hotel ),Ninh Bình,đội 3,thôn Hành Cung
76135726,Vũ Hotel (Vu Hotel),Ninh Bình,Thôn Thượng Nam,thành phố Ninh Bình
7021159,Tam Coc Village Bungalow,Ninh Bình,Doi 1,thon Van Lam
28826596,Ninh Bình Peaceful Retreat (Ninh Binh Peaceful Retreat),Ninh Bình,Xã Trường Yên Huyện Hoa Lư Tỉnh Ninh Bình,Thị trấn Thiên Tôn
68215593,Khách sạn & Biệt thự Serena Tam Cốc (Serena Tam Coc Hotel & Villa),Ninh Bình,Ninh Hải,Hoa Lư
69366985,Namistay Ninh Bình Linh Đức,Ninh Bình,39 Nguyễn Tử Mẫn,Nam Bình
12041119,Khách Sạn Elizabeth Tam Cốc (Elizabeth Hotel Tam Coc),Ninh Bình,Doi 4,van lam
18934077,Hang Múa Village Homestay (Hang Mua Village Homestay ),Ninh Bình,Khe Ha,Ninh Xuan
66808139,Tam Cốc Minh Quân homestay (Tam Coc Minh Quan Homestay),Ninh Bình,CoiKhe Village- Ninh Hai,Hoa Lư city - Ninh Binh Province
55486626,Thắng Thủy Tam Cốc Homestay (Thang Thuy Tam Coc Homestay),Ninh Bình,Đội 4,Văn Lâm
78927555,Adumi Retreat Tam Cốc (Adumi Retreat Tam Coc),Ninh Bình,Xóm Hang Đùng,Đội 1
78693429,Foresta Trang An - Ninh Binh Homestay,Ninh Bình,Foresta Ninh Binh Homestay,Quận Hoa Lư
22986320,"Nhà riêng 39 m² 1 phòng ngủ, 1 phòng tắm riêng ở Quận Hoa Lư (Twin Room with Mountain View)",Ninh Bình,Khe Thuong Village,Ninh Xuan Ward
43417,Thuy Anh Hotel,Ninh Bình,02 ( OLD 55A ) Trương H n Si u,Ninh Bình
52247507,Tam Cốc Min House (Tam Coc Min House),Ninh Bình,,Côi Khê
36916565,Tam Coc LiLy Homestay,Ninh Bình,Đường 491C,Động Tam Cốc - Bích Động
11021645,Lodge By Tam Coc lake,Ninh Bình,Đội 3 _ Ao Cá _ Văn Lâm_ Ninh Hải _ Ninh Bình,Động Tam Cốc - Bích Động
446551,Viet Huong Hotel,Ninh Bình,64 Hoàng Hoa Thám - Phường Thanh Bình,Ninh Bình
46189055,Nhà khách Joy Nibi (Joy Nibi Guest House),Ninh Bình,41 Đ. Nam Thành,Tân Thành
7005554,Nhà Dân Áo Dài Tràng An (Trang An Ao Dai Homestay),Ninh Bình,Số 5,ng&#245; 147
6910249,Tam Coc Heart Homestay,Ninh Bình,Đội 1,thôn văn lâm
9377946,Khách Sạn Tam Cốc Sunshine (Tam Coc Sunshine Hotel),Ninh Bình,No. 491C,Ninh Thang
18957631,Tam Coc Scenery Homestay,Ninh Bình,NINH THANG DOI 2 HANH CUNG,Động Tam Cốc - Bích Động
78484687,Si Grand Ninh Binh Hotel,Ninh Bình,272 Đường 30/6,Ninh Bình
48723653,O Zoli Home,Ninh Bình,No. 67,Trần Hưng Đạo Street
2401379,Tam Coc Smile Homestay,Ninh Bình,Van Lam,Ninh Hai
7461888,Wafami Hostel Ninh Bình (Wafami Hostel Ninh Binh),Ninh Bình,30 Phuc Thanh,Ninh Bình
63552037,Tam Coc Thao Nhi Homestay,Ninh Bình,Tuân cáo - Ninh Thắng - Hoa Lư - Ninh Bình,Động Tam Cốc - Bích Động
9776322,Khu Nghỉ Dưỡng và Spa Tam Cốc La Montagne (Tam Coc La Montagne Resort and Spa),Ninh Bình,Dam Khe,Ninh Hai Commune
23009593,Tam Coc Sunrise Homestay,Ninh Bình,Group 2,Van Lam
65949436,"15 m² 1 phòng ngủ, 1 phòng tắm riêng ở Huyện Gia Viễn (NhaBoong-Homestay Riverside Ninh Binh)",Ninh Bình,Thôn Vân Hà,Xã Gia Phương
79107220,One Day Tam Cốc Retreat,Ninh Bình,Doi 2 Thon Hai Nham,Động Tam Cốc - Bích Động
2843177,Tam Cốc Boutique Garden (Tam Coc Boutique Garden),Ninh Bình,Tam Cốc - Văn Lâm - Hoa Lư - Ninh Bình,Động Tam Cốc - Bích Động
4540625,Tam Cốc Friends Bungalow (Tam Coc Friends Bungalow Ninh Binh),Ninh Bình,Đam Kh&#234; Trong,Hoa Lư
5942270,Tam Cốc Hello Homestay (Tam Coc Hello Homestay),Ninh Bình,ninh hai,hoa lu
31183956,Lotus Field homestay (Lotus Field Homestay),Ninh Bình,Khê Thượng,Ninh Xuan
6412221,Palm Homestay (Ninh Binh Palm Homestay),Ninh Bình,Xóm 5,Gia Sinh
67600284,Ninh Binh Mountainside Bungalow,Ninh Bình,Đi Hang Hạnh Thôn khê thượng - xã ninh xuân,Quận Hoa Lư
1622988,Binh Minh Hotel Ninh Binh,Ninh Bình,11 Luong Van Tuy street,Phuc Trung
36117079,Trang An Nature View Homestay,Ninh Bình,Tràng An,Quận Hoa Lư
60822713,Khách sạn và Spa Tam Cốc Nam Hoa (Tam Coc Nam Hoa Hotel and Spa),Ninh Bình,Tam Coc Road,Động Tam Cốc - Bích Động
35687405,Ninh Binh Royal Homestay,Ninh Bình,Ninh Xuan Hoa Lu,Quận Hoa Lư
43020958,Tam Coc Amandavillas,Ninh Bình,Tam Coc - Ninh Hai - Hoa Lu - Ninh Binh,Động Tam Cốc - Bích Động
39068125,Minawa Kenhga Resort & Spa Ninh Bình (Minawa Kenhga Resort & Spa Ninh Binh),Ninh Bình,Thôn Kênh Gà,Huyện Gia Viễn
69127603,Kien Trang 2 Homestay,Ninh Bình,Tràng An đi Hang Múa,Quận Hoa Lư
18709087,Le Clos Du Fil,Ninh Bình,Thôn Văn Lâm,xã Ninh Hải
12184666,Thăng Loan Tam Cốc Hostel (Thang Loan Tam Coc Hostel),Ninh Bình,đội 2,văn lâm
31637107,Trang An Quynh Trang Happy Homestay & Garden,Ninh Bình,Thôn Khê Thượng,xã Ninh Xuân huyện Hoa Lư
4123826,Khách sạn Thập Tam Hoàng gia (Thap Tam Royal Hotel),Ninh Bình,dong thanh,truong yen
8525896,Bái Đính Eco Homestay (Bai Dinh Eco Homestay),Ninh Bình,xom 4,gia sinh
64343900,Tam Coc Green Haven Retreat,Ninh Bình,Hoa Lư,Động Tam Cốc - Bích Động
50197362,Tam Coc Green Mountain Homestay,Ninh Bình,Thôn Đam Khê Trong,Xã Ninh Hải
52244129,The Pineapple House,Ninh Bình,đam khê,ninh hải
37353201,Tam Cốc Việt Hà Homestay (Tam Coc Viet Ha Homestay),Ninh Bình,Thon Coi Khe,Ninh Hai
61791072,Ohayo Tam Coc Homestay,Ninh Bình,Ninh Hải,Hoa Lư
6905328,Amazing Ninh Binh Garden,Ninh Bình,Đường Hang Múa,Thôn Khê Hạ
64096453,BamBoo Villa Homestay,Ninh Bình,thôn hành cung xã ninh thắng hoa lư ninh bình villa 3 tầng,Động Tam Cốc - Bích Động
65481705,Trang An Natura Bungalow,Ninh Bình,Khê thượng ninh xuân hoa lư,Quận Hoa Lư
55356949,Lala Boutique Villas,Ninh Bình,Đông Khê,Gia Trung
41768757,TAM COC MOMENT homestay (TAM COC MOMENT HOMESTAY),Ninh Bình,Xóm Lò Vôi,Thôn Văn Lâm
73329304,Bungalow Tam Cốc ATHLECTIC (Tam Coc ATHLECTIC BUNGALOW),Ninh Bình,,Ninh Hải
11948891,Tam Coc Hung Ha Homestay,Ninh Bình,Thôn Hành Cung_ Xã Ninh Thắng_ Huyện Hoa Lư_Ninh Bình,Động Tam Cốc - Bích Động
5254379,Tuyet's Homestay,Ninh Bình,Khe Ha,Ninh Xuan
18983323,Tam Coc Relax homestay (tam coc relax homestay),Ninh Bình,đường tam cốc Ninh Thắng,Hoa Lư
38670964,Xuân Anh Garden,Ninh Bình,No. 19,Nguyen Binh Khien Street
34157965,Tan Dinh Farmstay,Ninh Bình,Thôn Hải Nham,Xã Ninh Hải
4972035,tam coc valley homestay,Ninh Bình,Thôn Hải Nham,Xã Ninh Hải
79114574,One Day Tam Cốc Retreat (One Day Tam Coc Retreat),Ninh Bình,Thon Hai Nham,Phuong Nam Hoa Lu
72810799,Tony Garden Bungalow,Ninh Bình,Tony Garden Bungalow bungalow,Quận Hoa Lư
1588865,Thuan Thanh Hotel,Ninh Bình,Pho Kim Da,phuong Ninh Khanh
12243828,Victoria Hotel Ninh Binh,Ninh Bình,50 dinh tat mien,Ninh Bình
47207089,Tamcoc Golden Shine homestay (Tamcoc Golden Shine Homestay),Ninh Bình,Ninh Thắng,Hoa Lư
61274398,Trang An River Mountain Ecolodge,Ninh Bình,thon Khe Ha,Ninh Xuan
44884179,Mai Mountain homestay (Mai Mountain Homestay),Ninh Bình,Doi 4,thon Van Lam
73568662,Vivian riverside cottage (Vivian riverside cottage - Ninh Bình),Ninh Bình,479 B,Ninh Xuân
59356218,Khách sạn Phúc Lộc Ninh Bình (Phúc Lộc Hotel Ninh Bình),Ninh Bình,659 Nguyễn Huệ,Nam Bình
9092596,Tam Cốc Thái Dương homestay (Tam Coc Thai Duong Homestay),Ninh Bình,dan-than,doi 4
10714267,Ninh Binh Valle Montana Homestay,Ninh Bình,Khê Thượng,Ninh Xuân
79368319,Khách sạn Minh Trang (Khach san Minh Trang),Ninh Bình,Khách Sạn Minh Trang Số 40 đường 30 Tháng 6,Ninh Bình
67338275,Zen House Ninh Bình (Zen House Ninh Binh),Ninh Bình,18 Tràng An,Ninh Bình
6391836,khách sạn Tam cốc legend (Tam coc legend hotel),Ninh Bình,Ninh Hai Primary School Road,Ninh Hai Commune
6345745,Wild Flower Homestay,Ninh Bình,37 Phố Bình Hòa,Phường Ninh Khánh
7082448,Khách Sạn Tràng An Flower (Trang An Flower Hotel),Ninh Bình,Số 03 Ngõ 50 Đinh tất Miễn,Phố Bắc Thành
37993251,Trang an green river homestay,Ninh Bình,thôn Trường An xã trường yên,Quận Hoa Lư
77148360,Ninh Binh Alisa Hotel,Ninh Bình,53 Lê Hồng Phong,Ninh Bình
16784983,Khách sạn Della Luna Ninh Bình (Della Luna Hotel Ninh Binh),Ninh Bình,Team 4 Tam Coc,Van Lam
67507544,Trang An Cuisine & Homestay,Ninh Bình,247 Lê Thái Tổ,Ninh Bình
37717021,Tam Coc Harbor Hotel & Travel,Ninh Bình,Đội 3 văn lâm,ninh hải
59112148,Peaceful refuge homestay,Ninh Bình,Số nhà 31 ngõ 10 đường Nguyễn minh không,Ninh Bình
78457755,MAY HOMESTAY phố cổ NINH BÌNH (MAY HOMESTAY pho co NINH BINH),Ninh Bình,Ninh Bình,Ninh Bình
16266369,Tam Coc Sky Bungalow,Ninh Bình,Đội 1,Đam Khê Trong
759274,An Phu homestay (An Phu Homestay),Ninh Bình,Thôn Thượng Nam,Xã Ninh Nhất
8996910,Tam Coc Summer Bungalow,Ninh Bình,Group 3,Van Lam
9928485,Khách Sạn Tam Cốc Cosiana (Tam Coc Cosiana Hotel),Ninh Bình,van lam,ninh hai
76891514,Hidden Rock Tam Cốc (Hidden Rock Tam Coc),Ninh Bình,,Hoa Lư
11105767,Tam Cốc Luxury Homestay (Tam Coc Luxury Homestay),Ninh Bình,Đội 1 Thôn Văn Lâm Xã Ninh Hải Huyện Hoa Lư tỉnh Ninh Bình,Động Tam Cốc - Bích Động
78329925,Pho Co Hotel Ninh Binh,Ninh Bình,07 Tràng An 2,Ninh Bình
38701329,Khu nghỉ dưỡng Hoa Lư Garden (Hoa Lu Garden Resort),Ninh Bình,KM 7,Thiên Tôn
893980,Ninh Binh Family Homestay,Ninh Bình,Xom 4,Phuong Tay Hoa Lu
80254367,Tràng An Peaceful Homestay,Ninh Bình,Tràng An,Tân Thành
52499956,La Mai Tam Coc homestay (La Mai Tam Coc Homestay),Ninh Bình,,Ninh Hải
64334295,Trang An Green Bungalow & Restaurant (TRANG AN GREEN BUNGALOW & RESTAURANT),Ninh Bình,Thôn Trường AN,Thôn Trường An
6023308,Tam Coc Family Friendly Homestay,Ninh Bình,Tam Coc Road - hoa lư district,ninh binh
79451946,An house Ninh Binh,Ninh Bình,An House & Restaurant | Banh Mi | Coffee | Food & Drink Số 04 đường Thành công,Ninh Bình
1191933,Van Long Family Homestay,Ninh Bình,Van Long Gia Vien Ninh Binh,Đầm Vân Long
8888574,Nhà Nan - Tam Cốc (Nan House - Tam Coc),Ninh Bình,No 4,Van Lam village
11041731,Tam Coc Three Princess Homestay,Ninh Bình,Đội 2 Văn Lâm - Ninh Hải - Hoa Lư - Ninh Bình Xóm Cộng Hòa - Văn Lâm - Ninh Hải - Hoa Lư - Ninh Bình,Động Tam Cốc - Bích Động
10310487,Tam Cốc Haven Boutique Ninh Bình (Tam Coc Haven Boutique Ninh Binh ),Ninh Bình,Hanh Cung Hamlet,Ninh Thang District
2832845,Tam Coc Green Homestay,Ninh Bình,Văn Lâm Ninh Hải Hoa Lư Ninh Bình,Động Tam Cốc - Bích Động
14695607,Khách sạn Legend Ngọc Anh (Ngoc Anh Legend Hotel),Ninh Bình,30 Luong Van Tuy,Ninh Bình
76366304,Khu du lịch sinh thái Cánh Đồng Vàng (Khu Du Lịch - Sinh Thái Cánh Đồng Vàng),Ninh Bình,,Trường Yên
78324879,Tam Coc My Tho Homestay,Ninh Bình,Thôn Côi Khê,Ninh Hải
9804882,Hang Múa Central Homestay (Hang Mua Central Homestay),Ninh Bình,Bao-Tam,Thon Khe Ha
71447307,Hotel Mountain View,Ninh Bình,94 Phố Tiến Yết 94 Tiến yết thịnh trấn thịnh vượng tỉnh gia viễn,Huyện Gia Viễn
6492218,Trang An NP homestay,Ninh Bình,trang an road,Quận Hoa Lư
70214398,Tam Coc Kamili Bungalow & Homestay,Ninh Bình,Thôn côi khê,xã ninh hải
39637280,Tam Cốc Phương Nhi homestay (Tam Coc Phuong Nhi Homestay),Ninh Bình,Ninh Hải,Hoa Lư
78427564,Madam Seven Tam Coc,Ninh Bình,Đội 3 Văn L m,Động Tam Cốc - Bích Động
78854208,Đức Anh Hotel Ninh Binh (Đuc Anh Hotel Ninh Binh),Ninh Bình,Trần Hưng Đạo,Ninh Bình
5417709,"Nhà mặt đất 19 m² 5 phòng ngủ, 5 phòng tắm riêng ở Động Tam Cốc - Bích Động (Phi Hung's Unique Homestay)",Ninh Bình,Tam Coc Ninh Binh,Phi Hung's Unique Homestay
36114954,D&D Riverside Homestay,Ninh Bình,Chi's Homestay,Quận Hoa Lư
6258655,Cuong Hieu homestay (Cuong Hieu Homestay),Ninh Bình,doi 4,van lam
18230460,Tam Coc Cocoon homestay (Tam Coc Cocoon Homestay),Ninh Bình,477C Tam Coc Bich Dong Caves,Động Tam Cốc - Bích Động
8666033,Khách Sạn Salina Ninh Bình (Salina Hotel Ninh Binh),Ninh Bình,25 Phan Chu Trinh,Khu đô thị mới Phúc Trì
6381563,Sunny Trang An homestay,Ninh Bình,Ninh Nhất,Ninh Bình Thượng Nam
36701415,Binh An Nhien hotel,Ninh Bình,90 Lê Hồng Phong,tầng 8
80089992,Cổ Việt Hotel (Co Viet Hotel),Ninh Bình,Tràng An Số 2,Ninh Bình
31627810,Nhà nghỉ Bolero (Nha nghi Bolero),Ninh Bình,Thôn Hành Cung,xã Ninh Thắng
81047060,Trang an mountain view bungalow,Ninh Bình,Quận Hoa Lư,Ninh Bình
42031269,"Nhà riêng 5000 m² 1 phòng ngủ, 1 phòng tắm riêng ở Động Tam Cốc - Bích Động (Tam Coc Mountain Flower Homestay)",Ninh Bình,Động Tam Cốc - Bích Động,Ninh Bình
66754487,Tam Cốc Newway Homestay (Tam Coc Newway Homestay),Ninh Bình,NEWWAY HOMESTAY,Động Tam Cốc - Bích Động
56784828,Non Nuoc Hotel,Ninh Bình,Zone 4,Dong Thanh
64342647,"Biệt thự 320 m² 4 phòng ngủ, 4 phòng tắm riêng ở Quận Hoa Lư (Tomas Retreat — Villa Ninh Bình)",Ninh Bình,Thị trấn Thiên Tôn,Ninh Bình
45874750,"Căn hộ 100 m² 5 phòng ngủ, 6 phòng tắm riêng ở Động Tam Cốc - Bích Động (Hai Le tam coc happy homestay)",Ninh Bình,,Hoa Lư
77631744,Ham rong de lodge,Ninh Bình,Tràng An đi Hang Múa 1,Quận Hoa Lư
78329712,Tràng An Sunny Homestay,Ninh Bình,Thon Noi,Ninh Xuan
78340128,Chinh Thu Garden Homestay,Ninh Bình,Khe Thuong,Quận Hoa Lư
79351871,Sky Hotel,Ninh Bình,Sky hotel,Ninh Bình
75536205,"Căn hộ m² 3 phòng ngủ, 2 phòng tắm riêng ở Ninh Bình (Riverside Hotel )",Ninh Bình,Ninh Bình,Ninh Bình
78331520,Tam Coc Harbor View Hotel & Travel,Ninh Bình,Van Lam,Ninh Hai
61773594,"Căn hộ 26 m² 1 phòng ngủ, 1 phòng tắm riêng ở Động Tam Cốc - Bích Động (Vi Hotel)",Ninh Bình,Động Tam Cốc - Bích Động,Ninh Bình
76060720,"Nhà riêng m² 1 phòng ngủ, 1 phòng tắm riêng ở [location not yet specified] (Minh Triết Homestay)",Ninh Bình,Ninh Bình,Ninh Bình
46594166,Tam coc happy homestay,Ninh Bình,tam coc happy homestay xóm lò vôi,văn lâm
44258591,"Nhà riêng 16 m² 18 phòng ngủ, 18 phòng tắm riêng ở Đầm Vân Long (Nha Nghi Long An)",Ninh Bình,Đầm Vân Long,Ninh Bình
9372857,Ninh Binh Village 1990 Homestay,Ninh Bình,thon Khe Ha,xa Ninh Xuan
79103072,Hoalu Rosa Hotel,Ninh Bình,Number 322,30/6 street
6595276,Nhà mặt đất studio 70 m² có 1 phòng tắm riêng ở Quận Hoa Lư (Hoang Homestay),Ninh Bình,Quận Hoa Lư,Ninh Bình
1143853,Riverside Homestay (Riverside Homestay Ninh Binh),Ninh Bình,Nguyen Huu An Street,Co Loan Ha 1 Village
7125996,Gia Nguyen Hotel,Ninh Bình,No. 3,Xom
71446872,Sen Villa Tam Cốc (Sen Villa Tam Coc),Ninh Bình,Động Tam Cốc - Bích Động,Ninh Bình
78330782,Sunset Garden,Ninh Bình,co loan ben,Ninh Bình
78342721,Ninh Binh Peaceful Retreat,Ninh Bình,Truong Yen,Hoa Lu
81042417,Tam Coc Anna Villa,Ninh Bình,Tam Coc Anna Villa 5,Động Tam Cốc - Bích Động
71410272,"m² 12 phòng ngủ, 12 phòng tắm riêng ở Quận Hoa Lư (Bamboo Riverside Homestay)",Ninh Bình,Quận Hoa Lư,Ninh Bình
39514528,"Nhà riêng 130 m² 2 phòng ngủ, 1 phòng tắm riêng ở Ninh Bình (One Day 2 bedrooms apartment with sky view)",Ninh Bình,Ninh Bình,Ninh Bình
39574501,"Nhà riêng 130 m² 2 phòng ngủ, 1 phòng tắm riêng ở Ninh Bình (Romantic lake getaway, suitable for family)",Ninh Bình,Ninh Bình,Ninh Bình
80091180,Ninh Binh Mountain Resort,Ninh Bình,Tràng An đi Hang Múa,Quận Hoa Lư
79528877,Cometa Villas Ninh Bình,Ninh Bình,,Gia Minh
25916946,"Nhà riêng 29 m² 1 phòng ngủ, 1 phòng tắm riêng ở Quận Hoa Lư (Twin Room with Garden View)",Ninh Bình,Quận Hoa Lư,Ninh Bình
79458038,Hang Mua Cozy Homestay,Ninh Bình,Đường Thượng Nam,Quận Hoa Lư
16996206,"Nhà riêng 20 m² 1 phòng ngủ, 1 phòng tắm riêng ở Động Tam Cốc - Bích Động (GREEN SPACE HOMESTAY - 102)",Ninh Bình,Động Tam Cốc - Bích Động,Ninh Bình
75242410,Chian homestay Hoa Lư (Chian Homestay Hoa Lu),Ninh Bình,45 Đ. Đinh Điền,Ninh Khánh
74540579,"Căn hộ m² 1 phòng ngủ, 1 phòng tắm riêng ở Động Tam Cốc - Bích Động (Hang Múa Bungalow )",Ninh Bình,Quận Hoa Lư,Ninh Bình
503335,Khách sạn Nhà hàng Tam Cốc Panorama and Vegan (Tam Coc Panorama Hotel Restaurant and Vegan ),Ninh Bình,Tam Coc,Bich Dong
46748971,"Nhà riêng 39 m² 1 phòng ngủ, 1 phòng tắm riêng ở Quận Hoa Lư (Deluxe Room with Mountain View)",Ninh Bình,Quận Hoa Lư,Ninh Bình
73535142,Núi Vàng Tràng An,Ninh Bình,Xom Vang,xa Ninh Tien
5177341,Tam Coc - Thành Homestay (Tam Coc - Thanh Homestay),Ninh Bình,Tam Coc,Van Lam
45032692,Ninh Binh Sona Resort,Ninh Bình,Thon Thuong,Xa Ninh Nhat
78345951,Ali Home,Ninh Bình,Ninh Xuan,5
48886323,Nice homestay in Ninh Binh,Ninh Bình,Quận Hoa Lư,Ninh Bình
4138431,"Nhà mặt đất 530 m² 8 phòng ngủ, 8 phòng tắm riêng ở Động Tam Cốc - Bích Động (Tam Coc Craft Homestay)",Ninh Bình,Group 3,Van Lam
74395911,Tam Cốc Homestay Thanh Thắng (Tam Coc Homestay Thanh Thang),Ninh Bình,6W7P+4HG Hoa Lư,430000 Vũ Lâm
36146716,My Tam Cốc Bungalow (My Tam Coc Bungalow),Ninh Bình,Xóm Bích Động,xã Ninh Hải
71486982,Salina Hotel,Ninh Bình,55 Phan Chu Trinh,Ninh Bình
6952885,Khách Sạn Melbourne Ninh Bình (Melbourne Hotel Ninh Binh),Ninh Bình,đường Nguyễn Hữu An,Phúc Sơn
37653612,Hien Thuc Hotel,Ninh Bình,Xóm 5,Gia Sinh
74718957,Vi Homestay Lake View,Ninh Bình,Ninh Bình,Ninh Bình
75618905,Khách sạn Hoa Lư City (Hoa Lư City Hotel ),Ninh Bình,255 Đ. Lê Thái Tổ,P
78347307,Tam Coc Golden Fields Homestay,Ninh Bình,Hang Ðùng,Van Lâm Hoa Lu
73472749,Sinh thái núi Rocky (Rocky mountain ecology),Ninh Bình,Xóm Vũng Trắng,thôn Khê Hạ
59868443,"The Paradise Apartment - 61 Hung Vuong 2, Ninh Binh City",Ninh Bình,61 Hùng Vương 2,Ninh Bình
16798110,Luna Nature Homestay,Ninh Bình,Quận Hoa Lư,Ninh Bình
78746068,Sol Flow Retreat,Ninh Bình,Thôn Nội,Hoa Lư
78329743,JOY.ur Home,Ninh Bình,744 Tran Hung Dao,Ninh Bình
65686298,Bungalow Tam Cốc Sunny Fields (Tam Coc Sunny Fields Bungalow),Ninh Bình,,Ninh Hải
64393340,Trang An Family Homestay Ninh Binh,Ninh Bình,6WWM+P2,Quận Hoa Lư
74406340,"m² 1 phòng ngủ, 1 phòng tắm riêng ở Quận Hoa Lư (Trang An Rice Field )",Ninh Bình,Quận Hoa Lư,Ninh Bình
18873690,"Nhà riêng 20 m² 1 phòng ngủ, 1 phòng tắm riêng ở Động Tam Cốc - Bích Động (GREEN SPACE HOMESTAY 202)",Ninh Bình,Động Tam Cốc - Bích Động,Ninh Bình
16209810,"KOBI Onsen Huế Resort, Liên Kết Bởi Melia (Kobi Onsen Resort Hue, Affiliated by Melia)",Thừa Thiên Huế,My An Hamlet,Phu Duong Commune
66751260,Khách sạn Elegant (Elegant Hotel),Thừa Thiên Huế,60 Nguyễn Tri Phương,Phú Hội
61200185,Khách sạn Trang Nguyên Huế (TRANG NGUYEN HUE HOTEL),Thừa Thiên Huế,26 Phạm Ngũ L o,Phường Thuận Ho
77572838,Sanh homestay (Sanh Homestay),Thừa Thiên Huế,C16 An Đ ng 9,phường An Cựu
34198470,Khách sạn La Vela Huế (LA VELA HUE HOTEL),Thừa Thiên Huế,17,Đường số 22 Đ ng Nam Thủy An
5663891,Melia Vinpearl Huế (Melia Vinpearl Hue),Thừa Thiên Huế,50A Hung Vuong street,Thành phố Huế
71739043,Khách sạn Hoàn Cầu (Hoàn Cầu Hotel),Thừa Thiên Huế,35 Trần Quang Khải,Ph Hội
63438551,Khách sạn Kly Luxury (Kly Luxury Hotel ),Thừa Thiên Huế,2A/34 Nguyễn Tri Phương,Phường Thuận Ho
70624,Khách sạn TTC Imperial (TTC Imperial Hotel),Thừa Thiên Huế,8 Hung Vuong,Phuong Thuan Hoa
39589147,Khách sạn Shine Huế (Shine Hotel Huế),Thừa Thiên Huế,38 Nguyễn Huệ,Thành phố Huế
67098247,CONIHOUSE - Homestay & Villa,Thừa Thiên Huế,Th nh Phố Huế,Thành phố Huế
5987972,Hue Sweethouse 2 Homestay,Thừa Thiên Huế,17 Lane 33 Nguyen Cong Tru,Thành phố Huế
240057,Khách sạn Amigo (Amigo Hotel),Thừa Thiên Huế,66/3 Đường Lê Lợi,Tp. Huế
5877721,Hue Royal Hotel,Thừa Thiên Huế,Võ Thị Sáu,Thành phố Huế
30664964,Khách sạn Sline - The Manor (Sline Hotel - The Manor),Thừa Thiên Huế,62 Tố Hữu,Thành phố Huế
67290066,LaLa Penthouse Huế (LaLa Penthouse Hue),Thừa Thiên Huế,Shophouse 19 The Manor Crown,62 Tố Hữu
72738354,Glory 2 Hue Homestay,Thừa Thiên Huế,2 kiet 25 Bến Nghé,Thành phố Huế
55642961,Meta Boutique Huế (Meta Boutique Hue),Thừa Thiên Huế,Phạm Ngũ L o,Phường Thuận H a
569020,Eldora Hotel,Thừa Thiên Huế,60 Ben Nghe,Thành phố Huế
41594383,Ngọc Anh homestay (Ngoc Anh homestay),Thừa Thiên Huế,24 Lê Thánh Tôn Nhà số 3 kiệt 24 Lê Thánh Tôn,Phường Thuận Thành
1409886,EMM Hotel Hue,Thừa Thiên Huế,15 Ly Thuong Kiet,Thành phố Huế
52069,Thai Binh 2 Hotel,Thừa Thiên Huế,02 Lương thế vinh,Thành phố Huế
30860006,Khách sạn Đạt Anh (Đạt Anh Hotel),Thừa Thiên Huế,1 Đào Trinh Nhất,Khách sạn Đạt Anh
16077590,Jasmine Mini Hotel,Thừa Thiên Huế,48 Đường Ngô Quyền 44/48 ngô quyền,vĩnh ninh
75699531,Khách sạn TA Hue Boutique (TA Hue Boutique Hotel),Thừa Thiên Huế,125 H ng Vương,Thành phố Huế
68556373,Minh Anh Homestay 3,Thừa Thiên Huế,31 Đường số 6,An Đông
55581557,canary homestay - Chúng tôi rất vui được chào đón bạn ở đây! (canary homestay-We love having you here!),Thừa Thiên Huế,k 20/4 ngô gia tự,canary homestay
545953,Khách sạn Four Seasons Huế (Hue Four Seasons Hotel),Thừa Thiên Huế,No 6/9 Lane 7 Nguyen Cong Tru,Thành phố Huế
28523203,NHÀ NGHỈ TOVO (TOVO HOSTEL),Thừa Thiên Huế,31A Trần Quang Khải,Thành phố Huế
42011778,Nhãn Stay,Thừa Thiên Huế,104/21 Kim Long Street,Kim Long Ward
37795194,Hoa ban Homestay,Thừa Thiên Huế,48/27 ngô quyền 4,Thành phố Huế
65117,KHÁCH SẠN COSIANA HUẾ (COSIANA HUE HOTEL ),Thừa Thiên Huế,8-10 Chu Văn An,Thành phố Huế
60802875,Boom Casa Homestay,Thừa Thiên Huế,60 Trần Huy Liệu,Đại Nội Huế
3004083,Pilgrimage Village Boutique Resort & Spa,Thừa Thiên Huế,130 Minh Mang Road,Thành phố Huế
72580683,UMEE Homestay,Thừa Thiên Huế,Đường số 2/62 Tố Hữu,Xuân Phú
57960371,Minh Anh Homestay,Thừa Thiên Huế,336 Phan Chu Trinh,Phường An Cựu
861642,Nhà Trọ DMZ (DMZ Hostel),Thừa Thiên Huế,1,Pham Ngu Lao
65116,Azerai La Residence Huế (Azerai La Residence Hue),Thừa Thiên Huế,05 Lê Lợi,Phường Vĩnh Ninh
1258378,Flora hotel,Thừa Thiên Huế,85 Võ Thị Sáu St.,
8715171,"Nhà mặt đất 35 m² 1 phòng ngủ, 1 phòng tắm riêng ở Thành phố Huế (TAM HOMESTAY - ONE BEDROOM W/ LIVING ROOM)",Thừa Thiên Huế,Chu Van An,12/35
59373102,MiLa - Homestay in Hue,Thừa Thiên Huế,8 Nguyễn Công Trứ,Thành phố Huế
99006,Park View Hotel,Thừa Thiên Huế,09 Ngô quyền,thành phố
77555616,Ly's Homestay - Nera Garden Hue,Thừa Thiên Huế,,An Đông
239766,Khách sạn Duy Tân 2 (Duy Tan 2 Hotel),Thừa Thiên Huế,46 Đường Trần Quang Khải,Tp. Huế
63840807,Khách sạn Shine Huế 2 (Shine Hue Hotel 2),Thừa Thiên Huế,28 Bà Triệu,tổ 16
74074326,Plumeria homestay (Plumeria Homestay),Thừa Thiên Huế,3/34 Đặng Thái Thân,Thuận Hoà
75484042,Rêu Home (Reu Home),Thừa Thiên Huế,5 kiet 87 Lịch Đợi 2,Thành phố Huế
79452684,Homestay Huế Ơi 5,Thừa Thiên Huế,Tố Hữu,Xuân Phú
35039457,Khách sạn Purple Hue Charming Riverside (Purple Hue Charming Riverside Hotel),Thừa Thiên Huế,5 kiet 27 Nguyễn Sinh Cung,Sông Hương
775115,Hue Happy Homestay,Thừa Thiên Huế,20/26 Vo Thi Sau,Thành phố Huế
41293994,Xuka Homestay,Thừa Thiên Huế,Cầu Ngói Thanh Toàn,xã Thủy Thanh
56636995,Mint Homestay,Thừa Thiên Huế,23 Lê Huân,Đại Nội Huế
46749841,ChocoHouse,Thừa Thiên Huế,20 Nguyễn Tri Phương,Hue
11291347,Hue Crown Boutique Hotel,Thừa Thiên Huế,B12B,Khu do thi The Mannor Crown
44379664,Khách sạn Pisces Huế (Pisces Hotel Hue),Thừa Thiên Huế,6/4 LANE 7 Nguyễn Công Trứ Street,Thành phố Huế
24334527,The Chill Hue Homestay,Thừa Thiên Huế,20 Nguyen Sinh Khiem,Thành phố Huế
42170600,Nhà A-maze (a-maze house),Thừa Thiên Huế,No. 122,Alley Lê Thánh Tôn
52043,Asia Hotel,Thừa Thiên Huế,17 Phạm Ngũ Lão,Thành phố Huế
78398809,Hue Memories Signature,Thừa Thiên Huế,Hue Memories Signature 16/187 Phan Đình Phùng,Thành phố Huế
63971167,Khách sạn The Orchid Premium (THE ORCHID PREMIUM HOTEL ),Thừa Thiên Huế,No. 27,Nguyen Luong Bang Street
75963355,NÉT Garden Coffee & Homestay (NET Garden Coffee & Homestay),Thừa Thiên Huế,26 Võ Nguyên Giáp,Thành phố Huế
42170608,Tràm homestay (Tram Homestay),Thừa Thiên Huế,No. 30,Mai Khac Don
71315809,Căn hộ S Gallery (S Gallery Apartment),Thừa Thiên Huế,Đ. Lê Đức Anh,Thủy Thanh
56296211,Win Hotel,Thừa Thiên Huế,70 Lê Ngô Cát,Thành phố Huế
62537539,L'ame - The Hideaway,Thừa Thiên Huế,30 Pham Thi Lien street,Kim Long ward
76910809,Vả Riverside Retreat,Thừa Thiên Huế,Bến Than,Thủy Bằng
78102721,Khách sạn Galaxy (Galaxy Hotel),Thừa Thiên Huế,6 Lý Tự Trọng,Xuân Phú
42087646,Chi's Homestay & Coffee,Thừa Thiên Huế,6 Lê Thánh Tôn,Đại Nội Huế
60149797,Moja House Hue,Thừa Thiên Huế,160 Bùi Thị Xuân,Sông Hương
66800454,"Châu Giang Homestay, Nera Garden Huế",Thừa Thiên Huế,KĐT Phú/2015 Tố Hữu,Mỹ An
42071332,Rose,Thừa Thiên Huế,Lô B162,My Thuong Urban Area
6877624,Tùng Homestay (Tung Homestay),Thừa Thiên Huế,31 Trần Quang Khải 31B Trần Quang Khải,Thành phố Huế
77255430,Nevara Residence Huế (Nevara Residence Hue),Thừa Thiên Huế,219 Phan Bội Châu,Trường An
7427857,Chi Homestay #4,Thừa Thiên Huế,129 Nguyễn Cư Trinh,Đại Nội Huế
45141946,Under the Sun Homestay,Thừa Thiên Huế,56/31 Nguyễn Công Trứ,Thành phố Huế
38022633,An Nam Huế Homestay & Restaurant,Thừa Thiên Huế,108A Huế,Thành phố Huế
1270314,Amy Hostel Huế (Amy Hostel Hue),Thừa Thiên Huế,05/14 Nguyen Cong Tru,Hue City
38098270,KenPi homestay (KenPi Homestay),Thừa Thiên Huế,25 Xuân Thủy,Thành phố Huế
69791356,Khách sạn & Cà phê Mộc Hương (Mộc Hương Hotel & Coffee),Thừa Thiên Huế,G28,Thành phố Huế
72814363,Stay Hostel,Thừa Thiên Huế,32 Phú Mộng,Đại Nội Huế
56199625,Moon homestay Huế ( Moon Homestay Huế),Thừa Thiên Huế,15/293 Điện Bi&#234;n Phủ,Thành phố Huế
297970,Khách sạn Đồng Lợi (Dong Loi Hotel),Thừa Thiên Huế,19 Phạm Ngũ Lão,TP Huế
62983613,Khách sạn Sala (Sala Hotel),Thừa Thiên Huế,50 Đ. Nguyễn Lương Bằng,Phú Nhuận
28700464,SEA homestay (SEA HOMESTAY),Thừa Thiên Huế,48 Ngô Quyền 48,Thành phố Huế
45879560,SEVEN HOMESTAY(HUE),Thừa Thiên Huế,6/14 Kiệt 7 Nguyễn Công Trứ,Thành phố Huế
63993278,Lá Home - Thiên nhiên nông thôn & Tiện nghi (Lá Home - Rural Nature & Comfort),Thừa Thiên Huế,69 Vạn Xuân,Kim Long
47004687,Le Petit Homestay,Thừa Thiên Huế,Số nhà 44 ngõ 42 Nguyễn Công Trứ,Thành phố Huế
61726016,Trường Ân homestay (TRƯỜNG ÂN HOMESTAY),Thừa Thiên Huế,8/11 Le Huu Trac,Tay Loc
45910643,N.A homestay ( next to Hue Imperial Palace),Thừa Thiên Huế,3 kiet 24 Lê Thánh Tôn,Đại Nội Huế
39521407,Thien An Pine Hill Homestay Hue,Thừa Thiên Huế,Thiên An Pine Hill Homestay,Thành phố Huế
462701,Khách sạn Ngọc Bình (Ngoc Binh Hotel),Thừa Thiên Huế,6A/34 Nguyễn Tri Phương,Thành phố Huế
42229669,Valentino homestay (Valentino Homestay Hue),Thừa Thiên Huế,Nh Số 7,Kiệt 64
55158753,Phương Đông Hue Homestay (Phuong Dong Hue Homestay),Thừa Thiên Huế,Phạm Văn Đồng,Vỹ Dạ
29851030,Jade Scene Hotel,Thừa Thiên Huế,30/42 Nguyen Cong Tru,Thành phố Huế
161611,Khách sạn Boutique Thùy Dương Huế (Thuy Duong Boutique Hotel Hue),Thừa Thiên Huế,41 Hùng Vương,Thành phố Huế
40132057,"Thỏ homestay, căn hộ cao cấp Huế (Tho homestay, can ho cao cap Hue)",Thừa Thiên Huế,Thành phố Huế,Huế
63842964,Tuy Anh Hostel - Trung tâm Huế (Tuy Anh Hostel - Center of Hue),Thừa Thiên Huế,No. 29,Alley 4
62077661,Tovo Hostel Nguyễn Công Trứ (Tovo Hostel Nguyen Cong Tru),Thừa Thiên Huế,No. 14,Group 33
18531925,Leranda homestay (Leranda Homestay),Thừa Thiên Huế,75 Võ Thị Sáu,Thành phố Huế
63734430,Như Ý Riverside Homestay,Thừa Thiên Huế,No. 29,Hàn Mặc Tử
76163847,Yukino Homestay Vườn Ngôn Từ (Yukino Homestay Vuon Ngon Tu),Thừa Thiên Huế,Yukino Homestay - Vườn ngôn từ,Đại Nội Huế
76898920,Royal Homestay và Cà phê (Royal Homestay And Coffee),Thừa Thiên Huế,32 H n Mặc Tử,Thành phố Huế
72317525,Cosy 2 homestay (Cosy 2 Homestay ),Thừa Thiên Huế,7/118 Lê Thánh Tôn,Thuận Thành
239407,Sunny B hotel (Sunny B Hotel),Thừa Thiên Huế,4/34 Đường Nguyễn Tri Phương,Tp. Huế
75417638,Lúa homestay (Lua homestay),Thừa Thiên Huế,8/39 Tôn Thất Cảnh,phường An Đông
32359825,Khách sạn DKD TRIO Huế (DKD TRIO HOTEL HUE),Thừa Thiên Huế,135 Nguyễn Sinh Cung,Sông Hương
32267268,Familia Hotel,Thừa Thiên Huế,5B/28 Võ Thị Sáu,Thành phố Huế
56347165,Melody Riverside Homestay,Thừa Thiên Huế,20 Hải Triều,Thành phố Huế
49293019,Lemi - Homestay in Hue,Thừa Thiên Huế,14 Nguyễn Công Trứ,Thành phố Huế
55665001,1979 Homestay,Thừa Thiên Huế,17/48 Ngo Quyen,Thành phố Huế
72810605,"Viber Homestay, Nera Garden Huế (Viber Homestay, Nera Garden Hue)",Thừa Thiên Huế,Nera Garden Apartment Hue,Thành phố Huế
1293389,Hue Ecolodge,Thừa Thiên Huế,Lương Qu n,Thành phố Huế
78722567,Núi homestay (Núi Homestay),Thừa Thiên Huế,2 kiệt 84 ngự b nh,Thành phố Huế
29383456,Nhà khách Thanh An 2 (Thanh An 2 Guesthouse),Thừa Thiên Huế,Kiệt 16 Hai Bà Trưng 28 kiet 16 Hai Ba Trưng,Thành phố Huế
67796344,Bao Han Nera 2,Thừa Thiên Huế,Thành phố Huế,Huế
73544698,"Châu Giang Homestay, Căn hộ Nera Garden Huế (Châu Giang Homestay, Nera Garden Apartment Huế )",Thừa Thiên Huế,KĐT Phú/2015 Tố Hữu,Mỹ An
49702344,BK48,Thừa Thiên Huế,Đường Ngô Quyền,Thành phố Huế
165383,Khách sạn Lâm Bảo Long (Lam Bao Long Hotel),Thừa Thiên Huế,80 Lê Lợi,Thành phố Huế
41571819,Beer Homestay Huế 2 (Beer Homestay Hue 2),Thừa Thiên Huế,Thành phố Huế,Huế
2634999,Hue Lovely Homestay,Thừa Thiên Huế,Number 6 lane 34 Pham Hong Thai,Thành phố Huế
74453371,"Green home, Huế (Green home, Hue)",Thừa Thiên Huế,Trường Chinh,Thành phố Huế
72182497,Na Garden Homestay,Thừa Thiên Huế,5 Võ Nguyên Giáp,An Đông
35696211,Shine homestay Huế (Shine Homestay Huế),Thừa Thiên Huế,No. 6,Alley 27
63200942,Homestay 5 Sach,Thừa Thiên Huế,426/1 Lê Duẩn,Đại Nội Huế
55209158,Cle homestay,Thừa Thiên Huế,Thôn 1,Quảng Công
38707693,Yo'House Hue Homestay (Yo'House Hue Homestay ),Thừa Thiên Huế,69 Võ Thị Sáu,Thành phố Huế
75894291,Mani House,Thừa Thiên Huế,Đường số 12 N13,Thành phố Huế
28281967,Na Na Homestay,Thừa Thiên Huế,26/1 Kiệt 147 Phan Đ nh Ph ng,Quận Ph Nhuận
79758142,Gao homestay-Hue (Gao Homestay-Hue),Thừa Thiên Huế,51 Đ. Nguyễn Đ nh Tứ,Thành phố Huế
78457728,The Time Huế Homestay (The Time Hue Homestay),Thừa Thiên Huế,42/29 Nguyễn Công Trứ 2,Thành phố Huế
37181183,Khách sạn Metaverse Huế (Metaverse Hue Hotel),Thừa Thiên Huế,36 Nguyễn Tri Phương,Phuong Thuan Hoa
78198329,Tam's House,Thừa Thiên Huế,119A Lê Ngô Cát,Thành phố Huế
33956034,SOLEIL BOUTIQUE,Thừa Thiên Huế,46 Lê Duẩn,Đại Nội Huế
75698417,PuLin homestay (PuLin Homestay),Thừa Thiên Huế,137 Bùi Thị Xuân,Phường Đúc
53491126,Homestay Bối Bối (Homestay Bối Bối ),Thừa Thiên Huế,3/24 Le Thanh Ton,Đại Nội Huế
25971739,New World Hotel,Thừa Thiên Huế,56/28 Nguyễn Công Trứ,Phường Phú Hội
76333392,Share Hostel & Coffee,Thừa Thiên Huế,2 kiệt 57 Nguyễn Công Trứ,Phú Hội
64411013,"100 m² 6 phòng ngủ, 5 phòng tắm riêng ở Sông Hương (NẮNG HOMESTAY HUẾ)",Thừa Thiên Huế,Lô F39 Đường Út Tịch,Phường Thuỷ Xuân
34156264,Khách sạn Pao (Pao Hotel),Thừa Thiên Huế,6/10 Võ Thị Sáu,Thành phố Huế
288754,Jade Hotel Hue,Thừa Thiên Huế,43 Đường hung vuong,Thành phố Huế
1602795,Vu Glamping,Thừa Thiên Huế,89 Huyền Tr&#226;n C&#244;ng Ch&#250;a,Thành phố Huế
75484029,SOMI House,Thừa Thiên Huế,Thành phố Huế,Huế
63774894,Khách sạn Thiên Ân Huế (Thien An Hotel Hue),Thừa Thiên Huế,,Thủy Dương
74495019,Niki Homestay,Thừa Thiên Huế,1 Dương Xuân Hạ,Phường Thuỷ Xuân
46358814,"Căn hộ 66 m² 2 phòng ngủ, 1 phòng tắm riêng ở Sông Hương (Joie Apartment Hue)",Thừa Thiên Huế,Tố Hữu,An Đông
66752535,Gạoo Gạo Homestay (Gaoo Gao Homestay),Thừa Thiên Huế,155a An Dương Vương,Thành phố Huế
61747439,Win House Huế (Win House Hue),Thừa Thiên Huế,Lô M46,KQH Đông Nam Thuỷ An
61860812,Hue Tho Homestay,Thừa Thiên Huế,29 Ong Ich Khiem,Đại Nội Huế
75544192,Tom's Homestay Huế,Thừa Thiên Huế,2/56 Nguyễn C ng Trứ,Thành phố Huế
64899595,Nhà Bơ Homestay (Nha Bo Homestay),Thừa Thiên Huế,Thành phố Huế,Huế
1196103,Rubis Hostel,Thừa Thiên Huế,31 Trần Thanh Mại,tp Huế
38139444,Khách sạn Trường Tiền (TRUONG TIEN HOTEL),Thừa Thiên Huế,59 Bến Nghé,59
78703509,Soleil Urban Villa,Thừa Thiên Huế,LK07 kDT BGI Topaz Downtown Huế,Thành phố Huế
165221,Romance Hotel,Thừa Thiên Huế,16 Nguyễn Thái Học,Tp. Huế
26079603,Tu Uyên homestay (Tu Uyen Homestay),Thừa Thiên Huế,35/1 Nguyễn Sinh Cung,Phường Vĩ Dạ
59539724,Perfume homestay (Perfume Homestay Huế),Thừa Thiên Huế,No. 66,Dao Tan
51976991,Nhà khách AKA (Guest house AKA),Thừa Thiên Huế,No. 166,Phan Chu Trinh
247696,Khách sạn Hồng Thiên 1 (Hong Thien 1 Hotel),Thừa Thiên Huế,35/06Chu Văn An,Tp. Huế
66712862,Motel Thái Bình 2 (Motel Thai Binh 2),Thừa Thiên Huế,40 Hồng Chương,Phường An Đông
75983502,Win House Huế 1 (Win House Hue 1),Thừa Thiên Huế,109 Hàn Mặc Tử,tp Huế
24337561,Sapphire Hotel Hue,Thừa Thiên Huế,Nguyen Thi Hoc 19/7,Thành phố Huế
69127351,Vina Apartment- Căn hộ trung tâm Huế (Vina Apartment- Can ho trung tam Hue),Thừa Thiên Huế,62 Tố Hữu,Thành phố Huế
7423510,Chi Homestay #3,Thừa Thiên Huế,129 Nguyễn Cư Trinh,Đại Nội Huế
239449,DMZ Hotel,Thừa Thiên Huế,21 Đường Đội Cung,Tp. Huế
58958160,"Căn hộ 60 m² 2 phòng ngủ, 2 phòng tắm riêng ở Sông Hương (Căn Hộ Cao Cấp PucPu Homestay)",Thừa Thiên Huế,Tố Hữu,An Đông
48601347,VIET Hostel,Thừa Thiên Huế,64 Lê Duẩn,phường Phú Hoà
80193483,"Biệt thự m² 3 phòng ngủ, 3 phòng tắm riêng ở Thành phố Huế (MsQ villa)",Thừa Thiên Huế,Thành phố Huế,Huế
50160804,Nhà Sibling (Sibling House),Thừa Thiên Huế,2 kiệt 79 Phạm Thị Liên,Phường Kim Long
50938894,"Biệt thự 138 m² 4 phòng ngủ, 4 phòng tắm riêng ở Trung tâm TP. Celestún (DELUXE VILLA 4 phòng ngủ 5 giường lớn trung tâm tp)",Thừa Thiên Huế,Thành phố Huế,Huế
61019121,Gahi homestay (Gahi Homestay),Thừa Thiên Huế,103 Đặng Văn Ngữ,Thành phố Huế
80245520,Rong's 2 homestay Huế (Rong's 2 Homestay Huế),Thừa Thiên Huế,LKV 12 - 16,đường số 14
72813320,Rusty Garage Homestay Huế (Rusty Garage Homestay Hue),Thừa Thiên Huế,Đường Tân Lập,xã phú mỹ
77580459,mt home,Thừa Thiên Huế,27 Đặng Thùy Trâm,Thành phố Huế
62132963,Khách sạn Gaki (Gaki Hotel),Thừa Thiên Huế,21 T n Đức Thắng,Thành phố Huế
78696714,Mộc Truly Huế - homestay (Mộc Truly Huế - Homestay ),Thừa Thiên Huế,66 Lê Duẩn,Phú Thuân
45764475,Kinh Đô Homestay,Thừa Thiên Huế,20 Nguyễn Biểu,Phú Hậu
38858115,Dreamers Farm,Thừa Thiên Huế,THÔN 5,XÃ VINH THANH
76248903,NhiNhi Homestay,Thừa Thiên Huế,Thành phố Huế,Huế
77598029,Ngo Homestay,Thừa Thiên Huế,13/10 Bến Nghé,Thành phố Huế
63082773,"Căn hộ 66 m² 2 phòng ngủ, 2 phòng tắm riêng ở Sông Hương (PucPu Homestay 2 Nera Garden with pool and gym)",Thừa Thiên Huế,Thành phố Huế,Huế
38942591,D & A Homestay Hue,Thừa Thiên Huế,Lô C1-5 KQH Xuân Phú,Phường Xuân Phú
5892329,Soleil Hostel - Nhà Trọ (Soleil House - Hostel),Thừa Thiên Huế,Lô C12B KĐT The Manor Crown,62 Tố Hữu
78733832,DU Home Huế 2 (DU Home Hue 2),Thừa Thiên Huế,7 Kiệt 135 Đặng Văn Ngữ 7a kiệt 135 Đặng Văn Ngữ,Thành phố Huế
78982515,"Nhà riêng m² 3 phòng ngủ, 2 phòng tắm riêng ở Sông Hương (Dreams Homestay with Full Kitchen - Big Lounge)",Thừa Thiên Huế,8/20 Ngô Gia Tự,Vĩnh Ninh
70874983,"Căn hộ m² 2 phòng ngủ, 2 phòng tắm riêng ở Sông Hương (1990 Huế Homestay)",Thừa Thiên Huế,Tố Hữu,P
699556,Khách sạn Huế Harmony (Hue Harmony Hotel),Thừa Thiên Huế,5/25 Hai Ba Trung,Thành phố Huế
78486524,Homie Ở Đây (Homie O Đay),Thừa Thiên Huế,23 Kiệt 81 Nguyễn Huệ,Thành phố Huế
56381877,"Căn hộ 80 m² 3 phòng ngủ, 2 phòng tắm riêng ở Sông Hương (Anna House)",Thừa Thiên Huế,Thành phố Huế,Huế
63998076,LaLa Villa Huế (LaLa Villa Hue),Thừa Thiên Huế,15 Street No. 8,An Dong LaLa Villa Hue
74362090,Lucia Homestay,Thừa Thiên Huế,Lucia Homestay & Coffee 2,Đại Nội Huế
71476058,Van Homestay & Villa,Thừa Thiên Huế,23 Le Minh Street,An Dong Ward
59283060,"An homestay, biển Quảng Công Huế (An homestay, bien Quang Cong Hue)",Thừa Thiên Huế,Bãi biển Thuận An,Huế
76910620,Huong Canh Homestay,Thừa Thiên Huế,Số 20,Kiệt 129 Lê Ngô Cát
65908779,Khách sạn Le Carre Huế (Le Carre Hue Hotel),Thừa Thiên Huế,44 Lê Lợi,tổ 10
75895328,Minh Anh Apartment 2,Thừa Thiên Huế,17 Tố Hữu,Thành phố Huế
68422202,Ha Mai Homestay Hue,Thừa Thiên Huế,82 Đinh Tiên Hoàng,Phú Hậu
47568310,Khách sạn và Căn hộ Amy Huế (Amy Hotel And Apartment Hue),Thừa Thiên Huế,No. 43a,Kiet 42
76165341,Ly's House Hue,Thừa Thiên Huế,2/77 Trần Thái Tông,Thành phố Huế
173590,Ideal Hotel Hue,Thừa Thiên Huế,1/11 Võ Thị Sáu,Thành phố Huế
12165838,Lam Garden Boutique Homestay,Thừa Thiên Huế,16 Nguyễn Sinh Khiêm,Thành phố Huế
5710150,Hue Nino Hotel,Thừa Thiên Huế,14 Nguyen Cong Tru,Phu Hoi Ward
31565013,"Nhà riêng 112 m² 4 phòng ngủ, 3 phòng tắm riêng ở Sông Hương (KenPiC Homestay - NGUYEN CAN 4 Bedrooms, Car Parking)",Thừa Thiên Huế,Thành phố Huế,Huế
66840185,Teky House 2,Thừa Thiên Huế,Q28 Đường 16,An Cựu City
47411993,Nhà Hon Chen (Hon Chen House ),Thừa Thiên Huế,Cư Ch&#225;nh 2,Thủy Bằng
76203985,"m² 3 phòng ngủ, 4 phòng tắm riêng ở Sông Hương (Ana La Vie Hue)",Thừa Thiên Huế,Iris 2-47,Eco garden
69313636,Tesla Home,Thừa Thiên Huế,25 Nguyễn Quang Bích,Tây Lộc
71447605,Căn Hộ Cao Cấp PucPu Apartment Huế (Can Ho Cao Cap PucPu Apartment Hue),Thừa Thiên Huế,Nera Garden Apartment Hue A1802,Thành phố Huế
63059756,"Nhà riêng 250 m² 5 phòng ngủ, 4 phòng tắm riêng ở Thành phố Huế (Nắng Homestay &Villa)",Thừa Thiên Huế,Thành phố Huế,Huế
73517236,Khách sạn Meta Cali Huế (Meta Cali Hotel Huế),Thừa Thiên Huế,Nguyễn Huệ,Thuận Ho
60140491,Velvet Rose Hotel,Thừa Thiên Huế,09 Nguyễn Công Trứ,Tổ 1 Phú Hội Huế
10219628,Chic Studio Homestay,Thừa Thiên Huế,25 Bến Nghé 02,Thành phố Huế
76203897,Scarlet Pavilion,Thừa Thiên Huế,73 Đường Văn Thánh,Long Hồ
55759532,VIGRAZ Apartment Rentals,Thừa Thiên Huế,Nera Garden 1 Building,KĐT Phú Mỹ An
32605950,Biệt thự Golden Star Huế (Golden Star Villa Hue),Thừa Thiên Huế,49 Nguyễn Hoàng,Hương Long
281710,Khách sạn Nhật Lệ (Nhat Le Hotel),Thừa Thiên Huế,6A/34 Nguyen Tri Phuong Street,Thành phố Huế
80247895,Mây Trắng Homestay,Thừa Thiên Huế,41 Minh Mạng,Thành phố Huế
251872,KHÁCH SẠN HỒNG THĂNG (Hong Thang Hotel),Thừa Thiên Huế,1A Phan Văn Trường,Tp. Huế
71357048,MUBEE Homestay,Thừa Thiên Huế,14b Văn Cao,Thành phố Huế
18771852,An Thai Homestay Hue,Thừa Thiên Huế,2/37 Hùng Vương,Phường Phú Hội
35311470,Full House Homestay,Thừa Thiên Huế,43/4 kiet 42 Nguyễn Công Trứ,phường Phú hội
67493500,164'sHomestay,Thừa Thiên Huế,Thành phố Huế,Huế
75386308,An Hạnh Homes (An Hanh Homes),Thừa Thiên Huế,thôn dỗi xã thượng lộ nam đông,Rừng Quốc Gia Bạch Mã
66669140,"Nhà riêng m² 1 phòng ngủ, 1 phòng tắm riêng ở Sông Hương (Zambala House 3)",Thừa Thiên Huế,Thành phố Huế,Huế
6621435,"Nhà mặt đất 20 m² 1 phòng ngủ, 1 phòng tắm riêng ở Đại Nội Huế (Kota's House)",Thừa Thiên Huế,15 kiet 67 Ngo The Lan,Tay Loc
78201964,"Biệt thự m² 1 phòng ngủ, 6 phòng tắm riêng ở Hương Trà (Villa 6pn Huế Kinh Đô)",Thừa Thiên Huế,Đại Nội Huế,Huế
70366943,"Nhà riêng 200 m² 2 phòng ngủ, 2 phòng tắm riêng ở Đại Nội Huế (Log Cabin Hue with a nice garden with BBQ party.)",Thừa Thiên Huế,Phong Sơn,Huế
47340806,Êm Villa 8 Bedrooms with Swimming Pool (Em Villa 8 Bedrooms with Swimming Pool),Thừa Thiên Huế,55 Khải Định,Thành phố Huế
34633418,"Căn hộ 800 m² 3 phòng ngủ, 2 phòng tắm riêng ở Sông Hương (Happiest homestay - Manor Crown Hue)",Thừa Thiên Huế,Thành phố Huế,Huế
72588625,"Nhà riêng 60 m² 1 phòng ngủ, 2 phòng tắm riêng ở Sông Hương (""Your House"" Căn hộ cao cấp The Manor Crown)",Thừa Thiên Huế,Thành phố Huế,Huế
885045,Minh Tâm Guest House (Minh Tam Guest House),Thừa Thiên Huế,7/4 Chu Van An,Thành phố Huế
64211915,"Căn hộ 55 m² 2 phòng ngủ, 2 phòng tắm riêng ở Sông Hương (Tom's House at Nera Garden Hue )",Thừa Thiên Huế,Tố Hữu,An Đông
77600472,Thương Apartment 1 (Thuong Apartment 1),Thừa Thiên Huế,Nera Garden 2,Thành phố Huế
39661901,HueNam Residence,Thừa Thiên Huế,18 Kiệt 33 Nguyễn Hoàng,Đại Nội Huế
70216406,SKY Homestay,Thừa Thiên Huế,8A kiet 120 Phan Bội Châu,tổ 3
80469405,Gau's Homestay - Nera Garden Homestay Huế,Thừa Thiên Huế,Thành phố Huế,Huế
72033008,Căn hộ dịch vụ The Manor Crown - Trung tâm thành phố (Căn hộ dịch vụ The Manor Crown-Trung tâm thành phố),Thừa Thiên Huế,A39 Đ.Số 02,Thành phố Huế
63083000,Khách sạn MAY99 (MAY99 HOTEL),Thừa Thiên Huế,15/177 Trường Chinh,Thành phố Huế
77459815,Giao Homestay,Thừa Thiên Huế,62 Tố Hữu,Thành phố Huế
74649267,DU Home Huế (DU Home Hue),Thừa Thiên Huế,82 Hoàng Diệu,Đại Nội Huế
75842023,"Biệt thự 18 m² 2 phòng ngủ, 1 phòng tắm riêng ở Sông Hương (Thien Ha's homestay)",Thừa Thiên Huế,Thành phố Huế,Huế
62163000,Khách sạn Việt Nam (Viet Nam Hotel),Thừa Thiên Huế,5A Kiệt 57 Nguyễn C ng Trứ,tổ 15
66461349,"20 m² 1 phòng ngủ, 1 phòng tắm riêng ở Sông Hương (Ngói homestay)",Thừa Thiên Huế,Đại Nội Huế,Huế
40353598,Khách sạn Blue Sea Huế (Blue Sea Hue Hotel),Thừa Thiên Huế,Lô CM4-28 Camellia,Khu đô thị Ecogarden
48280190,Tiboley Homestay (TiboleyHomestay),Thừa Thiên Huế,No. 135,20a
2314890,The Hillside Homestay -Triple Room with balcony,Thừa Thiên Huế,8/111 Trần Thái Tông,Thành phố Huế
42108816,"Căn hộ 54 m² 2 phòng ngủ, 2 phòng tắm riêng ở Sông Hương (Huế ơi 4- Homestay & Apartment)",Thừa Thiên Huế,Thành phố Huế,Huế
61863896,Hue Tho Homestay,Thừa Thiên Huế,29 Ong Ich Khiem,Đại Nội Huế
50557298,RuBy Homestay,Thừa Thiên Huế,09 Phạm Bành,RuBy Homestay
75970007,An Nam Apartment,Thừa Thiên Huế,Thành phố Huế,Huế
16143253,Stylish room with garden and pool (Coco-leaf room),Thừa Thiên Huế,Thành phố Huế,Huế
65898506,Homestay Tre Vàng (Homestay Tre Vang),Thừa Thiên Huế,Thôn dỗi,Rừng Quốc Gia Bạch Mã
5685848,Sankofa Village Hill Resort and Spa,Thừa Thiên Huế,8 Ngọc Hồ,phường Hương Hồ
64437128,Dạ Khê Hill (Da Khe Hill),Thừa Thiên Huế,Thôn Dạ Khê xã Thủy Bằng thành phố Huế,Thôn Hải Các
79106647,"Nhà riêng m² 1 phòng ngủ, 1 phòng tắm riêng ở Sông Hương (Tụi mình homestay - Room 2 - balcony room)",Thừa Thiên Huế,Thành phố Huế,Huế
79106646,"Nhà riêng m² 1 phòng ngủ, 1 phòng tắm riêng ở Sông Hương (Tụi mình homestay - Room 3)",Thừa Thiên Huế,Thành phố Huế,Huế
79106645,"Nhà riêng m² 1 phòng ngủ, 1 phòng tắm riêng ở Sông Hương (Tụi mình homestay - Room 4 - balcony room)",Thừa Thiên Huế,Thành phố Huế,Huế
79106648,"Nhà riêng m² 1 phòng ngủ, 1 phòng tắm riêng ở Sông Hương (Tụi mình homestay - Room 1)",Thừa Thiên Huế,Thành phố Huế,Huế
79452585,Homestay Huế Ơi 4,Thừa Thiên Huế,Tố Hữu,Xuân Phú
254909,Khách sạn Phong Nha (Phong Nha Hotel),Thừa Thiên Huế,34/2 (10/10) Đường Nguyễn Tri Phương,
335189,Khách sạn Stay (Stay Hotel),Thừa Thiên Huế,7 Nguyễn Công Trứ,Thành phố Huế
1846026,Khách sạn Vina Carnosa (Vina Carnosa Hotel),Thừa Thiên Huế,11B Nguyễn Công Trứ,Thành phố Huế
2284855,Thủy Biều Homestay (Thuy Bieu Homestay),Thừa Thiên Huế,43 Lương Quán,Phường Thủy Biều
6879356,Pilgrimage Wellness Retreat,Thừa Thiên Huế,Minh Mạng 130,Thành phố Huế
78747336,HÔM Stay - Phố đi bộ,Thừa Thiên Huế,14 Alley 42,Nguyen Cong Tru Street
10548584,Le Home,Thừa Thiên Huế,30a huyền trân công chúa,Thành phố Huế
12213560,Khách sạn Lucky (Lucky Hotel ),Thừa Thiên Huế,09 Ngo The Lan,phuong Tay Loc
14695435,Nhà nghỉ Bon Ami (Bon Ami Hostel),Thừa Thiên Huế,6 Võ Thị Sáu 6/10,Võ Thị Sáu
15277003,Phong Lan Guesthouse,Thừa Thiên Huế,12/66 Lê Lợi,Phú Hội
16361099,"Nhà mặt đất 110 m² 3 phòng ngủ, 4 phòng tắm riêng ở Thành phố Huế (Elegant house Hue ℂity ℂenter w/kitchen & terrace)",Thừa Thiên Huế,Thành phố Huế,Huế
23696833,Biệt thự studio 36 m² có 1 phòng tắm riêng ở Đại Nội Huế (Ciel Homestay),Thừa Thiên Huế,Đại Nội Huế,Huế
31735933,"Nhà riêng 250 m² 3 phòng ngủ, 3 phòng tắm riêng ở Sông Hương (ROYAL HOME )",Thừa Thiên Huế,Thành phố Huế,Huế
31924462,Khách sạn & Căn hộ White House (White House Hotel & Apartment),Thừa Thiên Huế,43A Kiệt 42 Nguyễn Công Trứ,Thành phố Huế
33062311,"Căn hộ 66 m² 2 phòng ngủ, 2 phòng tắm riêng ở Sông Hương (Nick homestay, căn hộ cao cấp, view nghỉ dưỡng)",Thừa Thiên Huế,Thành phố Huế,Huế
33111364,"Biệt thự 25 m² 1 phòng ngủ, 1 phòng tắm riêng ở Đại Nội Huế (Ciel Homestay in Hue )",Thừa Thiên Huế,Đại Nội Huế,Huế
34634345,METTA homestay Huế (METTA HOMESTAY HUE),Thừa Thiên Huế,Kiet 44,hem 2
49702319,Căn hộ Studio-Banana Homestay (Can ho Studio-Banana Homestay),Thừa Thiên Huế,8/24/36 Trần Quang Khải tổ 7 Căn hộ Tầng 2,Thành phố Huế
49912527,"Căn hộ 100 m² 2 phòng ngủ, 2 phòng tắm riêng ở Sông Hương (Thaokao house)",Thừa Thiên Huế,Thành phố Huế,Huế
50472561,"Căn hộ 160 m² 4 phòng ngủ, 5 phòng tắm riêng ở Đại Nội Huế (Ruby Homestay)",Thừa Thiên Huế,Đại Nội Huế,Huế
52101743,La Holly Home,Thừa Thiên Huế,27 Kiệt 42 Nguyễn Công Trứ,Thành phố Huế
52113992,"Nhà riêng 100 m² 4 phòng ngủ, 3 phòng tắm riêng ở Sông Hương (canary homestay)",Thừa Thiên Huế,Thành phố Huế,Huế
52191028,"Biệt thự 2000 m² 1 phòng ngủ, 1 phòng tắm riêng ở Hòa Hiệp Bắc (Very chill valley villa)",Thừa Thiên Huế,Rừng Quốc Gia Bạch Mã,Huế
53524709,Nhà mình homestay (Nhà mình homestay Huế),Thừa Thiên Huế,40/126 Phạm Văn Đồng,Thành phố Huế
54615402,Spatel d Annam Boutique Spa & Hotel,Thừa Thiên Huế,57 Dang Dung,Hue
55140616,Vya homestay Hue city,Thừa Thiên Huế,Sông Hương,Huế
55605819,Teky House,Thừa Thiên Huế,Room H31,No. 8
55682906,Cozy Homestay,Thừa Thiên Huế,Thành phố Huế,Huế
55707965,Cleopatra villa,Thừa Thiên Huế,Sông Hương,Huế
55769451,"Biệt thự 100 m² 4 phòng ngủ, 4 phòng tắm riêng ở Sông Hương (Rose Villa Hue)",Thừa Thiên Huế,Thành phố Huế,Huế
55906210,"Căn hộ 66 m² 2 phòng ngủ, 2 phòng tắm riêng ở Sông Hương (Gin Homestay - Nera Garden Huế)",Thừa Thiên Huế,Tố Hữu,Phú Hội
55948581,"Căn hộ 95 m² 3 phòng ngủ, 2 phòng tắm riêng ở Sông Hương (Anvui homestay (1207 -3BR) Hue city center)",Thừa Thiên Huế,Thành phố Huế,Huế
56319227,Soleil Riverside Villa,Thừa Thiên Huế,Thôn Hạ Lang Quảng Phú,Quảng Điền
56359376,"Nhà riêng 70 m² 2 phòng ngủ, 2 phòng tắm riêng ở Sông Hương (Hạ home huế - Căn hộ mặt đất đường Nguyễn Huệ)",Thừa Thiên Huế,Thành phố Huế,Huế
58890063,"Nhà riêng 1000 m² 3 phòng ngủ, 3 phòng tắm riêng ở Đại Nội Huế (Homestay Hoa Vàng - Kim Long, Huế)",Thừa Thiên Huế,kiet 36 Nguyễn Hoàng,Kim Long
59207560,"Căn hộ 60 m² 2 phòng ngủ, 1 phòng tắm riêng ở Sông Hương (Hoài lộc homestay huế)",Thừa Thiên Huế,Thành phố Huế,Huế
59434277,Khách Sạn Phương Nhi (Khach San Phuong Nhi),Thừa Thiên Huế,CHXG+VFG,Đ. Khởi
59439223,"Căn hộ 90 m² 2 phòng ngủ, 1 phòng tắm riêng ở Sông Hương (Anna homestay)",Thừa Thiên Huế,Thành phố Huế,Huế
59452089,gold Homestay,Thừa Thiên Huế,Thành phố Huế,Huế
59621098,"Nhà riêng 50 m² 1 phòng ngủ, 1 phòng tắm riêng ở Sông Hương (Anvui Homestay (P4 - Twin room) Hue City Center)",Thừa Thiên Huế,Thành phố Huế,Huế
60121884,"Căn hộ 95 m² 2 phòng ngủ, 1 phòng tắm riêng ở Sông Hương (Anvui Homestay (1207 - 2BR) Hue City Center )",Thừa Thiên Huế,Thành phố Huế,Huế
60154378,"Nhà riêng 180 m² 3 phòng ngủ, 3 phòng tắm riêng ở Sông Hương (Nguyên căn 4 Tầng Mây House - Hùng Vương TP Huế)",Thừa Thiên Huế,Thành phố Huế,Huế
60240616,"Nhà riêng 75 m² 3 phòng ngủ, 2 phòng tắm riêng ở Sông Hương (Dorgan Apartment Deluxe - Nera Garden)",Thừa Thiên Huế,Thành phố Huế,Huế
60240620,"Nhà riêng 64 m² 2 phòng ngủ, 2 phòng tắm riêng ở Sông Hương (Dorgan Apartment Brown - Nera Garden)",Thừa Thiên Huế,Thành phố Huế,Huế
60355723,"Nhà riêng 75 m² 3 phòng ngủ, 2 phòng tắm riêng ở Sông Hương (Dorgan Apartment Luxury - Nera Garden)",Thừa Thiên Huế,Thành phố Huế,Huế
61030546,"Căn hộ 70 m² 2 phòng ngủ, 2 phòng tắm riêng ở Sông Hương (SARAH HOMESTAY )",Thừa Thiên Huế,Vu Thang,Xuân Phú 1C
61453540,Neko Homestay 2,Thừa Thiên Huế,32 Hùng Vương,Thành phố Huế
61891645,Ở Homestay (O Homestay),Thừa Thiên Huế,J13 Đường số 3,Thành phố Huế
62051086,Châu Bảo An Homestay,Thừa Thiên Huế,7 Bảo Quốc,Phường Đúc
62071739,"Nhà riêng m² 2 phòng ngủ, 2 phòng tắm riêng ở Sông Hương (Zambala House)",Thừa Thiên Huế,Thành phố Huế,Huế
63082634,"Nhà riêng m² 3 phòng ngủ, 4 phòng tắm riêng ở Sông Hương (Villa Victoria 2)",Thừa Thiên Huế,Thành phố Huế,Huế
63155805,"m² 1 phòng ngủ, 1 phòng tắm riêng ở Sông Hương (Kimi homestay Huế )",Thừa Thiên Huế,Thành phố Huế,Huế
63156759,Sophia Hotel Hue,Thừa Thiên Huế,47 Trần Anh Tông,Thành phố Huế
63161673,Nhà Nấm (Nấm's House),Thừa Thiên Huế,An Đông 12,An Đông
72588631,"Nhà riêng m² 2 phòng ngủ, 1 phòng tắm riêng ở Hương Trà (Brown House- Big happy little alley)",Thừa Thiên Huế,Sông Hương,Huế
72810378,Leranda Village Homestay,Thừa Thiên Huế,Đường Chưa Đặt Tên,Phong Sơn
72810871,B&N HUE l Villa in Hue,Thừa Thiên Huế,34 Kiệt 106 Minh Mạng,Thành phố Huế
72811106,"Bungalow Kim Long, Huế (Bungalow Kim Long, Hue)",Thừa Thiên Huế,Đại Nội Huế,Huế
72813506,Subin Homestay Hue,Thừa Thiên Huế,9/11 Trần Thúc Nhẫn,Thành phố Huế
72814544,"Châu Giang Homestay Huế, Studio có bếp, ban công View An Cựu (Chau Giang Homestay Hue, Studio co bep, ban cong View An Cuu)",Thừa Thiên Huế,Thành phố Huế,Huế
73564067,Villa Iris in Hue with Pool and BBQ,Thừa Thiên Huế,15 Kiệt 82 Quảng Tế,Phường Thuỷ Xuân
73567409,"Châu Giang Nera Garden Apartment- Căn hộ 3 phòng ngủ view đẹp FREE Hồ bơi, Gym (Chau Giang Nera Garden Apartment- Can ho 3 phong ngu view đep FREE Ho boi, Gym)",Thừa Thiên Huế,Thành phố Huế,Huế
73567970,BÃI CẮM TRẠI THÔNG NÀNG VQG BẠCH MÃ by CONNECT TRAVEL (BAI CAM TRAI THONG NANG VQG BACH MA by CONNECT TRAVEL),Thừa Thiên Huế,Bãi Cắm Trại Thông Nàng VQG Bạch Mã by Connect Travel,Rừng Quốc Gia Bạch Mã
73949780,"Nhà riêng 100 m² 4 phòng ngủ, 3 phòng tắm riêng ở Hương Trà (HAPPY ECOGARDEN HUE )",Thừa Thiên Huế,Thành phố Huế,Huế
74132615,"Căn hộ m² 1 phòng ngủ, 2 phòng tắm riêng ở Sông Hương (Littlehome neragraden 1)",Thừa Thiên Huế,Thành phố Huế,Huế
74339285,Nothingness House,Thừa Thiên Huế,Thành phố Huế,Huế
74492110,"Biệt thự 680 m² 8 phòng ngủ, 10 phòng tắm riêng ở Thành phố Huế (Êm Villa 8 Bedrooms)",Thừa Thiên Huế,Thành phố Huế,Huế
74595294,"MiLy Homestay , Căn hộ cao cấp Nera (MiLy Homestay , Can ho cao cap Nera)",Thừa Thiên Huế,Thành phố Huế,Huế
74724232,Sky Homestay Huế (Sky Homestay Hue),Thừa Thiên Huế,Thành phố Huế,Huế
74958328,Live like a local Homestay,Thừa Thiên Huế,Thành phố Huế,Huế
75146719,Dolphin Homestay Nera Garden Hue,Thừa Thiên Huế,Thành phố Huế,Huế
75300196,Homestay Nguyễn hưng (Homestay Nguyen hung),Thừa Thiên Huế,24 Kim Long.phường kim long.Quận Phú Xuân,Đại Nội Huế
75417949,Minh Hầu Lạc Trú Homestay (Minh Hau Lac Tru Homestay),Thừa Thiên Huế,Sông Hương,Huế
75483990,Kim Long Garden,Thừa Thiên Huế,24 Kim Long,Đại Nội Huế
75928887,"63 m² 5 phòng ngủ, 5 phòng tắm riêng ở Sông Hương (Duck's Home Hue)",Thừa Thiên Huế,Thành phố Huế,Huế
75952716,TP HOUSE - Homestay Kim Long Huế (TP HOUSE - Homestay Kim Long Hue),Thừa Thiên Huế,Đại Nội Huế,Huế
75975442,Homestay An Nam,Thừa Thiên Huế,Huế,Thành phố Huế
76045697,"m² 2 phòng ngủ, 1 phòng tắm riêng ở Bãi biển Thuận An (Homestay Nhật Huy)",Thừa Thiên Huế,Bãi biển Thuận An,Huế
76160902,Chau Apartment,Thừa Thiên Huế,Thành phố Huế,Huế
76167089,Cố Đô Homestay (Co Đo Homestay),Thừa Thiên Huế,Tố Hữu,Thành phố Huế
76234023,Một Nhà Thơ Homestay (Mot Nha Tho Homestay),Thừa Thiên Huế,Một Nhà Thơ Homestay,Đại Nội Huế
76593793,NaVilla Hue,Thừa Thiên Huế,Đại Nội Huế,Huế
76593794,NaVilla Hue,Thừa Thiên Huế,Đại Nội Huế,Huế
76593821,"Biệt thự 1000 m² 7 phòng ngủ, 7 phòng tắm riêng ở Đại Nội Huế (NaVilla Hue)",Thừa Thiên Huế,Đại Nội Huế,Huế
76727214,"Căn hộ m² 2 phòng ngủ, 2 phòng tắm riêng ở Sông Hương (Phan's Apartment - Nera garden Hue)",Thừa Thiên Huế,Thành phố Huế,Huế
76727310,"Căn hộ m² 2 phòng ngủ, 2 phòng tắm riêng ở Sông Hương (Phan's Apartment - Nera garden Hue )",Thừa Thiên Huế,Thành phố Huế,Huế
76741631,"Nhà riêng m² 3 phòng ngủ, 2 phòng tắm riêng ở Sông Hương (Sky View Premier|3BR|Pool&Luxury Stay in Center)",Thừa Thiên Huế,Thành phố Huế,Huế
76933990,"Nhà riêng m² 1 phòng ngủ, 2 phòng tắm riêng ở Sông Hương (Khoaistay Homestay, Nera Garden Hue)",Thừa Thiên Huế,Thành phố Huế,Huế
76960049,vila nguyên căn Đức An 2 phòng (vila nguyen can Đuc An 2 phong),Thừa Thiên Huế,Thành phố Huế,Huế
76964432,Wood Villa,Thừa Thiên Huế,Thành phố Huế,Huế
76965475,An Nam Apartment,Thừa Thiên Huế,Nera Garden 2,Thành phố Huế
76968432,Nhà nguyên căn Vành Khuyên và nhà Én (Nha nguyen can Vanh Khuyen va nha En),Thừa Thiên Huế,Thôn Hoa Sen Thôn Làng Đông,Phá Tam Giang
77037588,NGUYÊN CĂN -02 Phòng ngủ - SHARK HOUSE - Hue (NGUYEN CAN -02 Phong ngu - SHARK HOUSE - Hue),Thừa Thiên Huế,Đ. Lê Đức Anh,Thành phố Huế
77252752,Hoài lộc homestay (Hoai loc homestay),Thừa Thiên Huế,Thành phố Huế,Huế
76439229,Shine Homestay,Thừa Thiên Huế,6/27 Nguyễn Sinh Cung,Phường Vỹ Dạ
77414777,Prado Homestay 1,Thừa Thiên Huế,Thành phố Huế,Huế
77626562,Thiên Hà Homestay (Thien Ha Homestay),Thừa Thiên Huế,64 An Ninh,Đại Nội Huế
39040431,Camellia Hue,Thừa Thiên Huế,Ben Nghe Street,Thành phố Huế
77631893,Thương Apartment 2 (Thuong Apartment 2),Thừa Thiên Huế,Nera Garden 2,Thành phố Huế
77638849,Farmstay Hương Tuần,Thừa Thiên Huế,TDP Hải C t,Phường Kim Long
77973690,INDO HOME - NERA GARDEN,Thừa Thiên Huế,Phong A.1208,Nera Garden 1
78053865,The Hue Homestay,Thừa Thiên Huế,Thành phố Huế,Huế
78257483,"Nhà riêng m² 1 phòng ngủ, 1 phòng tắm riêng ở Phá Tam Giang (Temple Stay, An Unique Experience - Twin)",Thừa Thiên Huế,Phá Tam Giang,Huế
78306016,"Nhà riêng m² 1 phòng ngủ, 4 phòng tắm riêng ở [location not yet specified] (HELEN HOUSE)",Thừa Thiên Huế,Sông Hương,Huế
78306856,Lamoon Villa Huế (Lamoon Villa Hue),Thừa Thiên Huế,Thành phố Huế,Huế
78326000,Hue Charm Apartment -Nera Garden,Thừa Thiên Huế,Thành phố Huế,Huế
78327759,Minh Anh Villa,Thừa Thiên Huế,Đường số 12 an cựu city phường an đông tp huế,Thành phố Huế
78329159,Yugen Hue,Thừa Thiên Huế,To Huu,Thành phố Huế
78338144,Pho Thien Duong Homestay,Thừa Thiên Huế,40 Le Thanh Ton,Dong Ba Ward
78338434,MILY HOMESTAY and APARTMENT HUE,Thừa Thiên Huế,Phu My An Urban Area,To Huu
78341347,Ha Mai Homestay hue,Thừa Thiên Huế,85 Ðinh Tiên Hoàng,Đại Nội Huế
78348411,La Peace Home,Thừa Thiên Huế,N07/6 KQH Kim Long gd 5 street,Thành phố Huế
78416331,De Huong Duong residences,Thừa Thiên Huế,37 Hai Ba Trung,Thành phố Huế
78427808,"Biệt thự m² 1 phòng ngủ, 6 phòng tắm riêng ở Sông Hương (Yên Riverside Villa - Homestay Huế)",Thừa Thiên Huế,Thành phố Huế,Huế
78428727,"Nhà riêng m² 1 phòng ngủ, 1 phòng tắm riêng ở Sông Hương (Chillaxy)",Thừa Thiên Huế,Thành phố Huế,Huế
78446695,"Nhà riêng m² 1 phòng ngủ, 4 phòng tắm riêng ở Sông Hương (DELUXE VILLA III 5 phòng ngủ 6 giường lớn)",Thừa Thiên Huế,Thành phố Huế,Huế
78446720,Champagne Homestay,Thừa Thiên Huế,18/7 Kiệt 56 Nguyễn Công Trứ tổ 15,Thành phố Huế
78457207,"Chiuu Home Cozy Apartment with Pool, Gym, Hue",Thừa Thiên Huế,Tòa nhà Nera Garden,đường Tố Hữu
78457381,Yên Riverside Villa - Homestay Huế (Yen Riverside Villa - Homestay Hue),Thừa Thiên Huế,Thành phố Huế,Huế
78504634,Thanh An homestay Huế (Thanh An Homestay Huế),Thừa Thiên Huế,103 Nguyễn Tất Th nh,Thuỷ Dương
78554815,Biệt thự DELUXE VILLA 5 phòng ngủ 6 giườn lớn (Biet thu DELUXE VILLA 5 phong ngu 6 giuon lon),Thừa Thiên Huế,Thành phố Huế,Huế
79259957,Nhật Huy Homestay (Nhat Huy Homestay),Thừa Thiên Huế,Đường Tân An,Bãi biển Thuận An
79299577,Căn hộ cao cấp JULIE's HOUSE (JULIE's HOUSE - A LUXURY APARTMENT IN HUE),Thừa Thiên Huế,11,Đường Số 3
76062856,Ana La Vie Hue,Thừa Thiên Huế,Eco Garden Huế Iris 2-47,Thành phố Huế
79344967,Thẩn Thơ Homestay,Thừa Thiên Huế,40 Trần Th i T ng,P. Thuận H a
79351792,"m² 1 phòng ngủ, 1 phòng tắm riêng ở Sông Hương (Zing homestay)",Thừa Thiên Huế,Thành phố Huế,Huế
79384531,Zing homestay Huế (Zing Homestay Huế),Thừa Thiên Huế,C19 The Manor Crown,Thành phố Huế
79392125,Êm Villa (Em Villa),Thừa Thiên Huế,55 Đường Đại Nam,Thành phố Huế
79392185,Lucky House,Thừa Thiên Huế,Thành phố Huế,Huế
79447404,Núi Homestay Huế (Nui Homestay Hue),Thừa Thiên Huế,Việt Nam,Thành phố Huế
79528057,We homestay - 4 bedrooms entire house,Thừa Thiên Huế,Thành phố Huế,Huế
79556628,Classic homestay,Thừa Thiên Huế,Thành phố Huế,Huế
79565978,Color Homestay,Thừa Thiên Huế,10 Cao Xuân Dục,Thành phố Huế
79571067,Hue Crown Boutique Villa- Hue Ancient Capital,Thừa Thiên Huế,Thành phố Huế,Huế
79781689,Nhà Bên Đồi (Nha Ben Đoi),Thừa Thiên Huế,Thành phố Huế,Huế
79915846,"Căn hộ m² 1 phòng ngủ, 2 phòng tắm riêng ở Sông Hương (Lucky House - Huế)",Thừa Thiên Huế,Thành phố Huế,Huế
79943447,"Nhà riêng m² 3 phòng ngủ, 2 phòng tắm riêng ở Thành phố Huế (Arina Garden Villa - Hue)",Thừa Thiên Huế,Thành phố Huế,Huế
80075012,Kimi Homestay Hue,Thừa Thiên Huế,Đường số 14 Q21,Thành phố Huế
80109591,"Nhà riêng m² 2 phòng ngủ, 2 phòng tắm riêng ở Sông Hương (Two BR House - Hue Center, Spacious Stay & Parking)",Thừa Thiên Huế,Thành phố Huế,Huế
80164863,L'âme The Hideway (L'ame The Hideway),Thừa Thiên Huế,Kiệt 28 Phạm Thị Liên,Đại Nội Huế
80191746,Lamoon Villa,Thừa Thiên Huế,111 Lê Ngô Cát,Thành phố Huế
80194742,"Biệt thự m² 3 phòng ngủ, 3 phòng tắm riêng ở Thành phố Huế (MsQ villa)",Thừa Thiên Huế,Thành phố Huế,Huế
80242441,Rong's Homestay Huế,Thừa Thiên Huế,LKV 13 - 14,Đường số 12
80246594,Sim House,Thừa Thiên Huế,Số 17 Kiệt 37 Duy T n,phường An Cựu
81043242,Dreamy homestay Huế (Dreamy homestay Hue),Thừa Thiên Huế,68a Hoàng Quốc Việt nối dài Lô LK 16-16 khu BGI,Thành phố Huế
81046786,Subin home,Thừa Thiên Huế,Thành phố Huế,Huế
81049397,Homestay Minh Tuấn (Homestay Minh Tuan),Thừa Thiên Huế,Thành phố Huế,Huế
81051031,Winna Homestay,Thừa Thiên Huế,Thành phố Huế,Huế
81051618,Căn hộ tiện nghi Gau's Homestay (Can ho tien nghi Gau's Homestay),Thừa Thiên Huế,Thành phố Huế,Huế
81052440,Lamoon Villa,Thừa Thiên Huế,111 Lê Ngô Cát,Thành phố Huế
862549,The Island Lodge Thoi Son,Tiền Giang,390 Ấp Thới Bình,Xã Thới Sơn
81047992,Celine's Loft,Tiền Giang,khu Vincom PG02-32,Mỹ Tho
37426969,"Nhà trệt 500 m² 6 phòng ngủ, 6 phòng tắm riêng ở Trung Hoa (Khách sạn hải đăng)",Tiền Giang,Trung Hoa,Tân An
71661850,Khách sạn Mỹ Cảng Trà Vinh (Hotel Mỹ Cảng Trà Vinh),Trà Vinh,251 Đường 30 Tháng 4,Long Đức
44689064,Hotel Thuý Nguyễn (Hotel Thuy Nguyen),Trà Vinh,354 Đường Đồng Khởi nối dài,khóm 1 phường 9
47340302,HOTEL VĂN THÁI BÌNH (HOTEL VAN THAI BINH),Trà Vinh,44 Lê Lợi,Trà Vinh
67556051,Bungalow Ven Sông (Bungalow Ven Song),Trà Vinh,309a Truong Van Kinh,Phu Hoa
63298188,Nhà nghỉ Thế Phú (Nha nghi The Phu),Trà Vinh,Hẻm Số 38,Phường 2
72803582,Khách sạn The Rose Trà Vinh (The Rose Hotel Tra Vinh),Trà Vinh,240 Phạm Ngũ Lão,Trà Vinh
29851223,Khách sạn Bích Ngoan (BichNgoan Hotel),Trà Vinh,19/22 Duong 19/5,Khom 2
62559403,Khách sạn Lucky 2 (Lucky Hotel 2),Trà Vinh,16 Võ Nguyên Giáp,Phường 8
626326,Mekong Garden Bungalows,Trà Vinh,Ấp Đon,Nhị Long
63309215,Lucky 3 Hotel,Trà Vinh,104 Nguyễn Thiện Thành,Trà Vinh
67791043,Flamingo Heritage Onsen & Resort,Tuyên Quang,Flamingo Tan Trao,Tuyên Quang
55769472,Khách sạn boutique Lang Can (LANG CAN BOUTIQUE HOTEL),Tuyên Quang,No. 51 Ban Khien,Lang Can Town
47334465,Khu nghỉ dưỡng BanBa Jungle (The BanBa Jungle Lodge),Tuyên Quang,Ban Ba,Trung Hoa
36742778,"Nhà riêng 80 m² 1 phòng ngủ, 2 phòng tắm riêng ở Làng Khiêm (Maila)",Tuyên Quang,Tuyên Quang,Tuyên Quang
31486146,Nhà nghỉ Lam's House (Lam's House Motel),Tuyên Quang,375 Nguyễn Tất Th&#224;nh - thị trấn Na hang - huyện Na Hang - tỉnh Tuy&#234;n Quang,Tuyên Quang
36755916,"Căn hộ 20 m² 1 phòng ngủ, 1 phòng tắm riêng ở Làng Khiêm (Lanla)",Tuyên Quang,Tuyên Quang,Tuyên Quang
37843937,Khách sạn VIN (VIN HOTEL),Vĩnh Long,MG1-03 & MG1-05A Vincom,Pham Thai Buong Street
67707562,Khách sạn RUBY Vĩnh Long (RUBY HOTEL Vinh Long),Vĩnh Long,255 Nguyễn Văn Thiệt,Vĩnh Long
22750715,Van Trang Hotel,Vĩnh Long,3c hung dao vuong,phuong 1
28087503,Khách sạn Phước Thành IV (Phuoc Thanh IV Hotel),Vĩnh Long,116B 118 120 Nguyễn Huệ Phường 2 Thành Phố Vĩnh Long,Vĩnh Long
67574309,Khách sạn Vân Trang Garden 2 (VAN TRANG GARDEN HOTEL 2),Vĩnh Long,27C/7 tổ 7,ấp Tân An
47275728,Khách sạn Phước Hưng 2 (Phước Hưng 2 Hotel),Vĩnh Long,No. 44a,Trưng Nu Vuong
34733523,Khách sạn Mekong Star (Hotel Mekong Star),Vĩnh Long,77a Hùng Vương,Vĩnh Long
5875532,Khách sạn Sài Gòn Vĩnh Long (Sai Gon Vinh Long Hotel),Vĩnh Long,02 Trưng Nữ Vương,Phường 1
46568020,Khách sạn Phước Hưng 3 (Phước Hưng 3 Hotel),Vĩnh Long,No. 40,Trưng Nữ Vương
2305737,Thien Thanh Hotel,Vĩnh Long,2G Hung Vuong,Vĩnh Long
36461240,Paris Hotel & Cafe,Vĩnh Long,A1-A2 Tran Phu,Khom 6
36840539,Bình An Village (Bình An Village ),Vĩnh Long,Đường Phước Hậu 394C/19 Ngươn A,Phước Hậu
27848299,Khách sạn Minh Khuê (Minh Khue Hotel),Vĩnh Long,38 Trung Nu Vuong,Vĩnh Long
5898099,mekong riverside homestay,Vĩnh Long,145a/11 ap binh luong xa an binh huyen long ho tinh vinh longll,An Bình
2822366,Homestay Ngoc Sang,Vĩnh Long,95/8 Binh Luong,An Binh
621919,Thúy An Homestay (Happy Family Guesthouse),Vĩnh Long,53/4 Ấp Phú Mỹ 1,Xã Đồng Phú
64294833,Huỳnh Yên (Huynh Yen),Vĩnh Long,219/17 ấp Long Thuận xã Long Phước huyện Long Hồ tỉnh Vĩnh Long,Thanh Đức
47853496,Sông Mê Home (Song Me Home),Vĩnh Long,52/4 Binh Thuan 2,Hoa Ninh
78731393,Khách Sạn Và Nhà Hàng Ngọc Yến 5 Vĩnh Long (Khach San Va Nha Hang Ngoc Yen 5 Vinh Long),Vĩnh Long,11 Đường Lê Lai,Vĩnh Long
621780,Nam Thanh homestay (Nam Thanh Homestay),Vĩnh Long,172/9 Bình Lương,An Bình
38696787,Khách sạn Phước Thịnh (Phước Thịnh Hotel),Vĩnh Long,Số A241,Đường Phan Văn Đáng
11292064,"Mekong Pottery Homestay, Green-Friendly & Boat Tour",Vĩnh Long,209A/15 Mười Bốn Tháng Chín Street,Thanh Đức Hamlet
64331098,Ngũ Long Hai Hotel (Ngu Long Hai Hotel),Vĩnh Long,36 Trưng Nữ Vương,Vĩnh Long
7096891,Phước Hưng 1 Hotel (Phuoc Hung 1 Hotel),Vĩnh Long,44/62B Nguyễn Văn Thiệt,Phường 3
569385,Phương Thảo homestay (Phuong Thao Homestay),Vĩnh Long,An Thành,An Bình
50602635,Làng Bình An (Bình An Village),Vĩnh Long,394C/19 Phước Ngươn A,Phước Hậu
47983034,Ba Hung homestay,Vĩnh Long,Đường số 1,Hòa Ninh
2504563,Ngoc Phuong Homestay,Vĩnh Long,118C/10,Binh Luong Hamlet
10297198,MEKONG NATURE LODGE,Vĩnh Long,ẤP AN THẠNH,XÃ AN BÌNH
65964664,Nhà Nghỉ Khanh Trần (Nha Nghi Khanh Tran),Vĩnh Long,306 Đường Không Tên 29/2 Phú An - Thị Trấn Long Hồ - Huyện Long Hồ - Tỉnh Vĩnh Long,Thanh Đức
47435073,"Căn hộ 100 m² 6 phòng ngủ, 4 phòng tắm riêng ở An Bình (Lọ Lem home stay)",Vĩnh Long,An Bình,Vĩnh Long
77592148,Nhà nghỉ Minh Hà (NHÀ NGHỈ MINH HÀ),Vĩnh Long,Chanh an,Mang thit
47613935,"Căn hộ 42 m² 1 phòng ngủ, 2 phòng tắm riêng ở Hòa Ninh (Nhà Dừa CocoHome Vinhlong - Unique-Peaceful- VIP 8)",Vĩnh Long,Hòa Ninh,Vĩnh Long
50039527,"Căn hộ 30 m² 1 phòng ngủ, 1 phòng tắm riêng ở Hòa Ninh (Nhà Dừa CocoHome Vinhlong-Unique-Peaceful-VIP 6)",Vĩnh Long,Hòa Ninh,Vĩnh Long
1594540,Ba Linh Homestay,Vĩnh Long,112/8 An Thanh,An Binh
50112821,"Căn hộ 20 m² 1 phòng ngủ, 1 phòng tắm riêng ở Hòa Ninh (Nhà Dừa CocoHome Vinhlong - Unique-peaceful-VIP 4)",Vĩnh Long,Hòa Ninh,Vĩnh Long
50112381,"Căn hộ 20 m² 1 phòng ngủ, 1 phòng tắm riêng ở Hòa Ninh (Nhà Dừa CocoHome Vinhlong- Unique-peaceful - VIP 2)",Vĩnh Long,Hòa Ninh,Vĩnh Long
67878897,Cinderella Home stay,Vĩnh Long,Hòa Ninh,Vĩnh Long
37295304,"Nhà riêng 700 m² 3 phòng ngủ, 1 phòng tắm riêng ở Nguyệt Hạng (HT HOMESTAY )",Vĩnh Long,Nguyệt Hạng,Nguyệt Hạng
343584,Nhà nghỉ Mỹ Hòa Mekong (My Hoa Mekong Homestay),Vĩnh Long,Xa My Hoa,Thi Xa Binh Minh
38107915,"Căn hộ 50 m² 14 phòng ngủ, 15 phòng tắm riêng ở Thanh Đức (Hotel Hoàng Khiêm)",Vĩnh Long,Vĩnh Long,Vĩnh Long
25885170,KHU NGHỈ DƯỠNG RIVERSIDE PARK ECO (RIVERSIDE PARK ECO RESORT),Vĩnh Long,283/20 Binh Hoa 2,Binh Hoa Phuoc
1519974,FLC Luxury Resort Vĩnh Phúc (FLC Luxury Resort Vinh Phuc),Vĩnh Phúc,Khu Trung,13 Highway
45048975,Nhà nghỉ Minh Tâm (Nhà Nghỉ Minh Tâm ( Minh Tam Hotel )),Vĩnh Phúc,Thôn Tiền Phong - Xã Tân Phong -Bình Xuyên-Vĩnh Phúc,Vĩnh Phúc
71116342,"Khách sạn Kim Thanh, Tam Dương - Gần The Golf Panaroma, Tam Đảo (Kim Thanh Hotel, Tam Duong - Near The Golf Panaroma, Tam Dao )",Vĩnh Phúc,Khu 6,Khu Đồng Xuân
35958241,Venus Hotel Tam Dao,Vĩnh Phúc,Khu 1,Tam Ðảo
42017501,An Sunrise Villa Vinh Phuc,Vĩnh Phúc,Thị trấn Phúc Yên,Vĩnh Phúc
42064562,Khách sạn Nam Hồng (Nam Hong Hotel),Vĩnh Phúc,To Dan Pho Cua Dong,Thi tran Huong Canh
28009790,Khách sạn iRest Cosmopolis Vĩnh Yên (iRest Cosmopolis Vinh Yen),Vĩnh Phúc,Ngo Gia Tu,Vĩnh Yên
67173074,Khách sạn Royal Vĩnh Yên (Royal Hotel Vinh Yen),Vĩnh Phúc,,Vĩnh Yên
70221314,"Khách sạn Kim Thanh (Kim Thanh Hotel, Vinh Phuc - Near Heron Lake Golf, Dam Vac)",Vĩnh Phúc,107 Lý Bôn,Đống Đa
59342281,Modena by Fraser Vĩnh Yên,Vĩnh Phúc,99 Ly Bon Street,Vinh Phuc Ward
11046846,Căn Hộ iRest Vĩnh Yên (iRest Apartment Vinh Yen),Vĩnh Phúc,Ngo 3 Ba Trieu Str,Vĩnh Yên
80164614,Royal Hotel & Spa Vinh Yen 2,Vĩnh Phúc,1 Lương Thế Vinh,Vĩnh Yên
36643921,Căn hộ The Sóng Vũng Tàu - Green House (The Sóng Apartment Vũng Tàu - Green House),Vũng Tàu,No. 28,Thi Sach Street
44184739,Căn hộ The Sóng - Mai Villa Vũng Tàu (The Song Apartment - Can Ho The Song - Mai Villa Vung Tau),Vũng Tàu,28 Thi Sach Street,Ward 8
161729,Khách sạn The Imperial Vũng Tàu (The IMPERIAL Vung Tau Hotel ),Vũng Tàu,159 Thùy Vân,Phường Thắng Tam
21585784,Khách sạn Hoài Thu (Hoai Thu Hotel),Vũng Tàu,45/16B Thuy Van Street,Ward 2
47340432,Lakeview Homestay Vu Linh,Yên Bái,Lakeview Homestay Vu Linh,Vũ Linh
22770424,Vu Linh Palm House Homestay - Bungalow,Yên Bái,Xã Vũ linh huyện yên bình tỉnh yên bái,Vũ Linh
48957075,Vụ Tịch Lakeview Homestay (Vu Tich Lakeview Homestay),Yên Bái,thôn ngòi tu,Vũ Linh
26079583,Vũ Linh Farmstay (Vu Linh Farmstay),Yên Bái,Ngoi Tu,Vu Linh
52220986,Vu Linh Homestay,Yên Bái,,Ngòi Tu Village
7430082,Vân Anh Guesthouse (Van Anh Guesthouse),Yên Bái,Đường 70 Tổ 2 ngã ba km9 Thị Trấn Yên Bình,Đà Cay
50164315,Thác Bà Paradise Islands - TRANG CHÍNH THỨC (Thac Ba Paradise Islands - TRANG CHINH THUC),Yên Bái,Hồ Thác Bà,Thôn Hồng Bàng
37315747,Nam Phong Hotel Ham Yen,Yên Bái,km37 tan yen,ham yen
45599118,Khách sạn Hoàng Hà River Town,Yên Bái,56 Ngô Sĩ Liên - tổ 14 - P. Đồng Tâm,Yên Bái
49702238,Khách sạn Vạn Phúc - Yên Bái (Khach san Van Phuc - Yen Bai),Yên Bái,60 Yên Ninh,Yên Bái
65690350,Homestay Giáp Hoài - Suối nước nóng Bản Hốc (Homestay Giáp Hoài - Hot Spring Bản Hốc),Yên Bái,TDP Suối kho ng,Sơn Thịnh
78095409,Khách sạn An Phát Luxury (An Phat Luxury Hotel),Yên Bái,Lê Đồng,Ph.Âu Cơ
51804486,Mường Lò Retreat (Mường Lò Retreat Nghia Lo),Yên Bái,,TT. Nghĩa lộ
61001276,Trần Gia Homestay (Tran Gia Homestay),Yên Bái,51 Nguyễn Quang Bích,Nghĩa Lộ
79107950,Khách sạn Miền Tây - Trung tâm Nghĩa Lộ (Mien Tay Hotel - Nghia Lo Center),Yên Bái,242 Điện Biên,Tân An
78726957,Khách sạn & Nhà hàng Mường Lò (Mường Lò Hotel & Restaurant),Yên Bái,QL32,Tân An
80081142,Nova Hotel 1 Phú Thọ (Nova Hotel 1 Phu Tho),Yên Bái,Hùng Vương,Thanh Thủy
64091114,Hotel Lâm Anh 35 (Hotel Lam Anh 35),Yên Bái,xã Hà Lộc,Thanh Thủy
55133252,Khu Nghỉ Trải Nghiệm Golden Field (Khu Nghi Trai Nghiem Golden Field),Yên Bái,Khu đô thị Golden Field,phường Tân An
32776431,Mountain Breath Retreat - Am Nui Tho,Yên Bái,Đà Cay,Ðá Cay
64693390,Lực Vĩ Homestay & Hot Spring Yên Bái (Luc Vi Homestay & Hot Spring Yen Bai),Yên Bái,Tổ Dân Phố Suối Kháng,Thị trấn Sơn Thịnh
44689079,homestay phô núi suôi giang (homestay pho nui suoi giang),Yên Bái,homestay pho nui suoi giang,Bản Cốc Lúa
8192302,Chuồn Chuồn Resort Nghĩa Lộ - Miễn phí Sauna & Onsen (Chuồn Chuồn Resort Nghia Lo - Free Sauna & Onsen),Yên Bái,Tổ 1,Đồi P Lo
34582322,OMTARA Retreat (OMTARA RETREAT),Yên Bái,Thon Hong Bang,Xa Dai Dong
48806237,Homestay Suối Khoáng Minh Hằng (Homestay Suoi Khoang Minh Hang),Yên Bái,Bể bơi cộng đồng bản Hốc. TT Sơn Thịnh,huyện Văn Chấn
34560575,Nhà Nghỉ Cu Tí (Nha Nghi Cu Ti),Yên Bái,Nghĩa Lợi,Nghĩa Lộ
73223032,"Nhà riêng 20 m² 1 phòng ngủ, 1 phòng tắm riêng ở Yên Bái (Cozy Haven)",Yên Bái,Yên Bái,Yên Bái
75981106,"Nhà riêng 30 m² 1 phòng ngủ, 2 phòng tắm riêng ở Yên Bái (Cozy Haven-Lotus Room & Sunshine Windows)",Yên Bái,Yên Bái,Yên Bái
33221837,Dinh Gia Trang,Yên Bái,81/1 ngô minh loan,hợp minh
76928742,Mely Farm Mường Lò (Mely Farm Muong Lo),Yên Bái,Mely Farm - Ẩm Thực Tây Bắc,Nghĩa Lộ
52086063,Nhà Nghỉ Ngọc Anh (Nha Nghi Ngoc Anh),Yên Bái,Số 41,tổ 6
45891729,Homestay Chinh Bi,Yên Bái,Bản Đoàn Kết xã Sơn A - Thị xã Nghĩa Lộ - Tỉnh Yên Bái 2,Bản Cốc Lúa
48924002,NHÀ NGHỈ DUNG TÀI (NHA NGHI DUNG TAI),Yên Bái,177 Nguyễn Quang Bích,Nghĩa Lộ
49443632,Nậm Thia Homestay,Yên Bái,Nghĩa Lợi,Nghĩa Lộ
60819839,Khách sạn Hương Việt (Huong Viet Hotel),Yên Bái,Thôn Văn Hưng,Bản Cốc Lúa
75629371,Hải Long Homestay,Yên Bái,bản Chao Hạ 2,x Nghĩa Lợi
73223034,"Nhà riêng 30 m² 1 phòng ngủ, 1 phòng tắm riêng ở Yên Bái (Cozy Haven – Sunflower Room & Pebble-Floor Bath)",Yên Bái,56 Phùng Khắc Khoan,Yên Bái
78452685,999 Hotel Lào Cai (999 Hotel Lao Cai),Yên Bái,Thôn Ả Thượng,Xã Nghĩa Phúc
64069198,Green Vietnam Farm Stay,Yên Bái,Thôn đo,Hàm Yên District
62111410,"Căn hộ m² 1 phòng ngủ, 1 phòng tắm riêng ở Yên Bái (Trần Gia - Homestay Nghĩa Lộ)",Yên Bái,Yên Bái,Yên Bái
78966357,Minh Anh BamBoo,Yên Bái,Nghia Lo,Nghĩa Lộ
62119327,"Căn hộ m² 1 phòng ngủ, 15 phòng tắm riêng ở Bản Cốc Lúa (Homstay Huy Hường tắm khoáng nóng)",Yên Bái,Bản Cốc Lúa,Bản Cốc Lúa
61800159,Lực Vĩ Homestay (Lực Vĩ Homestay Yên Bái),Yên Bái,TDP Suối Kh ng,Thị trấn Sơn Thịnh
78367134,Nhà của tớ (Nha cua to),Yên Bái,Thôn ả thượng,xã liên sơn
60721215,Nhà Nghỉ Tân Tiến (Nha Nghi Tan Tien),Yên Bái,Đường Khu 7 4 tầng,Thanh Thủy
58588688,"Nhà riêng 100 m² 10 phòng ngủ, 5 phòng tắm riêng ở Vũ Linh (Vulinh farmstay (nhà của An))",Yên Bái,Vũ Linh,Yên Bình (Yên Bái)
65964546,Happy House Homestay,Yên Bái,Phúc An,yên bình
9762893,"Nhà mặt đất 100 m² 1 phòng ngủ, 2 phòng tắm riêng ở Bản Cốc Lúa (Muong Lo Corner)",Yên Bái,Bản Cốc Lúa,Bản Cốc Lúa
34232476,Xuân nghi homestay (Xuan nghi homestay),Yên Bái,Xã Phúc an huyện yên bình tỉnh yên bái,Vũ Linh
75001654,Nhà Sàn Gái Bản (Nha San Gai Ban),Yên Bái,Cầu Bản Noỏng,Nghĩa Lộ
15321290,Anh Nguyet Hotel,Yên Bái,479 Nguyen Tat Thanh Str,Yên Bái
60813846,Đức Tới Farmstay (Đuc Toi Farmstay),Yên Bái,Thôn Trại Xoan,Xã Nhữ Hán
63067063,homestay phố núi (homestay pho nui),Yên Bái,Bản Cốc Lúa,Bản Cốc Lúa
79522095,Nhà nghỉ Tân Tiến (NHÀ NGHỈ TÂN TIẾN),Yên Bái,,Tx. Phú Thọ
56271876,"Nhà trệt 1000 m² 1 phòng ngủ, 1 phòng tắm riêng ở Ho Tô (Trai Xoan Homestay Village)",Yên Bái,Ho Tô,Ho Tô
62120084,"Căn hộ m² 4 phòng ngủ, 15 phòng tắm riêng ở Bản Cốc Lúa (Homstay Huy Hường tắm khoáng nóng)",Yên Bái,Bản Cốc Lúa,Bản Cốc Lúa
60220597,"Nhà trệt 200 m² 15 phòng ngủ, 15 phòng tắm riêng ở Nghĩa Lộ (Hương Việt hotel)",Yên Bái,Nghĩa Lộ,Văn Chấn
34569816,"Nhà riêng 550 m² 2 phòng ngủ, 1 phòng tắm riêng ở Nghĩa Lộ (Homestay Thủy Vân)",Yên Bái,Nghĩa Lộ,Nghĩa Lộ
73567555,LAYCAM Home 1 pn,Yên Bái,Nghĩa Lộ,Nghĩa Lộ
73282,Khách sạn Mường Thanh Grand Điện Biên Phủ (Mường Thanh Grand Dien Bien Phu Hotel),Điện Biên,Số 514 Đường Võ Nguyên Giáp,Him Lam
70924964,Khách sạn Mường Thanh Luxury Điện Biên,Điện Biên,42 Trần Đăng Ninh,Thanh Bình
55271393,"Nhà riêng 200 m² 4 phòng ngủ, 3 phòng tắm riêng ở Điện Biên Phủ (A Thía homestay)",Điện Biên,Tổ 11,phường Nam Thanh
45929653,Thịnh Vượng HoTel (Thinh Vuong HoTel),Điện Biên,Số 20,Phan Đình Giót
38396643,Frontier Hostel & Tours,Điện Biên,8 Lò Văn Hặc,Frontier Hostel
7464240,Nhà Nghỉ Đức Thắng (Duc Thang Guest House),Điện Biên,12,Lò Văn Hặc
7956476,An loc hotel,Điện Biên,Tổ 11,phường mường thanh
72815399,Mường Thanh Luxury Điện Biên (Muong Thanh Luxury Đien Bien),Điện Biên,Điện Biên Phủ,Điện Biên Phủ
7392620,Khách Sạn Pharma (Pharma Hotel),Điện Biên,Tổ 7 Phường Tân Thanh,Điện Biên Phủ
9885067,Nhà nghỉ Như Ngọc (Nha nghi Nhu Ngoc),Điện Biên,Số 4,Tổ 2
73735238,Khu du lịch khoáng nóng UVA,Điện Biên,,Nong Luống
58992175,Đông Thắm Hotel (Đong Tham Hotel),Điện Biên,09,tổ 5
60760925,Nhà nghỉ Quân An (Nha nghi Quan An),Điện Biên,126 Đường Nguyễn Chí Thanh,Điện Biên Phủ
63453460,Khách sạn Phadin (Phadin hotel),Điện Biên,Số nhà 63,Tổ 1
73796125,Khách sạn Hải Vân (Hải Vân Hotel Điện Biên),Điện Biên,488 Đ. Võ Nguyên Giáp,Phường Him Lam
5205367,Nhà nghỉ Tâm Cường (Nha nghi Tam Cuong),Điện Biên,Số 46,đường Hoàng Văn Thái
62150083,Khách sạn Pha Đin (Khach san Pha Đin),Điện Biên,Số 63,Tổ 1
1682426,Tuan Minh Guest House,Điện Biên,02,Group 4
56915239,Khách sạn Nậm Rốm (Khach san Nam Rom),Điện Biên,36 Trần Đăng Ninh,Điện Biên Phủ
569727,A1 Hotel,Điện Biên,Số 3,Đường HoàngCông Chất
55585166,"Căn hộ 200 m² 1 phòng ngủ, 1 phòng tắm riêng ở Điện Biên Phủ (Homestay Minh Ngoc)",Điện Biên,Số nhà 32,Bản Mớ
74130555,Khu du lịch sinh thái Him Lam - Him Lam Resort (Khu du lịch sinh thái Him Lam - Him Lam Resort ),Điện Biên,Tổ 6,Phường Him Lam
66754194,Minh An,Điện Biên,65 Hoàng Văn Thái tổ 11 phường Mường Thanh Nhà khách 6 tầng 12 phòng,Điện Biên Phủ
31471972,Nhà nghỉ Hương Thảo (HUONG THAO GUEST HOUSE),Điện Biên,1004,vo nguyen giap
52186628,"Nhà trệt 100 m² 2 phòng ngủ, 2 phòng tắm riêng ở Điện Biên Phủ (Green Garden House Điện Biên Phủ )",Điện Biên,Điện Biên Phủ,Điện Biên Phủ
64003785,Muong Thanh Homestay & Apartment (Muong Thanh Homestay & Apartment Dien Bien),Điện Biên,No. 42,Phan Dinh Giot
66679119,Khu sinh thái Ecolodge Kê Nênh Điện Biên (Khu sinh thai Ecolodge Ke Nenh Đien Bien),Điện Biên,Ecolodge Kê Nênh,Điện Biên Phủ
52143875,"Nhà riêng 300 m² 3 phòng ngủ, 3 phòng tắm riêng ở Điện Biên Phủ (Huape farmstay)",Điện Biên,Điện Biên Phủ,Điện Biên Phủ
64724968,"Căn hộ 30 m² 1 phòng ngủ, 1 phòng tắm riêng ở Điện Biên Phủ (Hoa Ban Apartment)",Điện Biên,Điện Biên Phủ,Điện Biên Phủ
896752,Khách sạn Phương Nam (Phuong Nam Hotel),Điện Biên,Số 211,Tổ 3
49702386,"Minh Thủy Hotel - 32 Nguyễn Chí Thanh, DB - by BAY LUXURY (Minh Thuy Hotel - 32 Nguyen Chi Thanh, DB - by BAY LUXURY)",Điện Biên,Điện Biên Phủ,Điện Biên Phủ
52230359,"Hải Vân Hotel - 488 Võ Nguyên Giáp, DB - by BAY LUXURY (Hai Van Hotel - 488 Vo Nguyen Giap, DB - by BAY LUXURY)",Điện Biên,488 Đường Võ Nguyên Giáp,Điện Biên Phủ
66823148,"Nhà riêng m² 2 phòng ngủ, 1 phòng tắm riêng ở Điện Biên Phủ (Viet Cuong Hotel)",Điện Biên,Điện Biên Phủ,Điện Biên Phủ
68857127,AGRI HOTEL DIEN BIEN PHU BY BAY LUXURY,Điện Biên,679 Vo Nguyen Giap,32000
64724966,"Căn hộ 40 m² 1 phòng ngủ, 1 phòng tắm riêng ở Điện Biên Phủ (Plum Flower Apartment)",Điện Biên,Điện Biên Phủ,Điện Biên Phủ
73512602,Ha Linh Hotel Dien Bien - by Bay Luxury,Điện Biên,196 Nguyen Huu Tho,Điện Biên Phủ
965433,Khách sạn Boutique Hồng Kỳ (Hong Ky Boutique Hotel),Điện Biên,Số 60,đường Hoàng Công Chất
55648740,Homestay Minh Ngọc (Homestay Minh Ngoc),Điện Biên,No. 32,Ban Mo Village
71713591,Minh Thuy Hotel Dien Bien Phu -BayLuxury,Điện Biên,32 to 4 D. Nguyen Chi Thanh,Điện Biên Phủ
64208109,An's home homestay,Điện Biên,Bản Giảng- Co Ké xã Thanh Nưa,huyện Điện Biên tỉnh Điện Biên
74641926,Khu văn hóa ẩm thực Làng Thái - Khách sạn Mini Điện Biên Riverside (Khu van hoa am thuc Lang Thai - Khach san Mini Đien Bien Riverside),Điện Biên,Tổ 2,Phường Thanh Bình
56343961,Hưng Hà Hotel DB - by BAY LUXURY (Hung Ha Hotel DB - by BAY LUXURY),Điện Biên,83 Cầu Thanh Bình,Điện Biên Phủ
50217527,Eco Rose Homestay,Điện Biên,77 Sùng Phái Sinh,tổ 6
74537591,Khách sạn Mini Dien Bien Riverside - KVH Làng Thái (Khach san Mini Dien Bien Riverside - KVH Lang Thai),Điện Biên,Phuong Thanh Binh,To 2
64724959,"Nhà riêng 70 m² 2 phòng ngủ, 1 phòng tắm riêng ở Điện Biên Phủ (Căn Hoa Cải)",Điện Biên,Điện Biên Phủ,Điện Biên Phủ
56330896,Ha Linh Hotel DB - by BAY LUXURY,Điện Biên,196 Nguyễn Hữu Thọ,Điện Biên Phủ
55014714,Agri Hotel Điện DB - by BAY LUXURY (Agri Hotel Đien DB - by BAY LUXURY),Điện Biên,679 Đường Võ Nguyên Giáp,Điện Biên Phủ
35305137,Nhà nghỉ Xuân Long - Xuan Long gues - Tỉnh Điện Biên (Nha nghi Xuan Long - Xuan Long gues - Tinh Đien Bien),Điện Biên,Cuối đường đôi thành phố điện phủ,Điện biên Cách cây xăng c4 200m
57923406,Khách sạn Hồng Kỳ Boutique (Hồng Kỳ Boutique Hotel ),Điện Biên,60 Ho&#224;ng C&#244;ng Chất,Điện Biên Phủ
59310326,Đông Thắm Hotel (Đong Tham Hotel),Điện Biên,tổ 5,phường Mường Thanh
55311415,"Căn hộ 100 m² 4 phòng ngủ, 1 phòng tắm riêng ở Điện Biên Phủ (Loan homestay)",Điện Biên,Điện Biên Phủ,Điện Biên Phủ
68033502,A Thia Homestay,Điện Biên,Nam Thanh,Điện Biên Phủ
55481327,"Nhà riêng 150 m² 3 phòng ngủ, 1 phòng tắm riêng ở Điện Biên Phủ (Him Lam homestay)",Điện Biên,Điện Biên Phủ,Điện Biên Phủ
63917102,Pha Đin Hotel,Điện Biên,No. 63 Group 1,Điện Biên Phủ
64724964,"Căn hộ 35 m² 1 phòng ngủ, 1 phòng tắm riêng ở Điện Biên Phủ (Nuc Nac Apartment)",Điện Biên,Điện Biên Phủ,Điện Biên Phủ
78347115,Mini Dien Bien Riverside Hotel - Lang Thai,Điện Biên,To 2,Phuong Thanh Binh
51976907,"Biệt thự 100 m² 2 phòng ngủ, 2 phòng tắm riêng ở Điện Biên Phủ (Green Garden House Dien Bien )",Điện Biên,Điện Biên Phủ,Điện Biên Phủ
72812479,Phương Huyền Beauty (Phuong Huyen Beauty),Điện Biên,Đường Võ Nguyên giáp tổ 2 phường Mường Thanh,Thành phố Điện Biên Phủ Số nhà 970
71713590,Hai Van Hotel Dien Bien - by Bay Luxury,Điện Biên,488 Ð. Vo Nguyen Giap,Điện Biên Phủ
15949242,Canvas Danang Beach Hotel,Đà Nẵng,234 Vo Nguyen Giap Street,Phuoc My Ward
33985059,Golden Lotus Grand Đà Nẵng (Golden Lotus Grand Da Nang),Đà Nẵng,86 Le Quang Dao,My An ward
533079,Khách sạn Moonlight Đà Nẵng (Moonlight Hotel Da Nang),Đà Nẵng,136 – 138 – 140 Phan Châu Trinh,Thành phố Đà Nẵng
4958920,Khách sạn Shann Đà Nẵng (The Shann Hotel Danang),Đà Nẵng,80 Hà Bổng,Phước Mỹ
15854209,Haian Riverfront Hotel Da Nang,Đà Nẵng,182 đường Bạch Đằng,Phường Hải Ch u
1269833,Sekong Da Nang Hotel,Đà Nẵng,160 Võ Nguyên Giáp,Phước Mỹ
6522912,Everland Hotel,Đà Nẵng,L 22 đường An Đồn 6,Quận Sơn Tr
1723237,Khách sạn Delicate (Delicate Hotel),Đà Nẵng,25 Võ Văn Kiệt,quận Sơn Trà
502099,Khách sạn Mường Thanh Grand Đà Nẵng (Muong Thanh Grand Da Nang Hotel),Đà Nẵng,962 Ng Quyền,Phường Sơn Trà
4947690,Melia Vinpearl Riverfront Đà Nẵng (Melia Vinpearl Danang Riverfront),Đà Nẵng,341 Đ. Trần Hưng Đạo,An Hải Bắc
16063401,Golden Lotus Hotel Da Nang - Rooftop Bar Sea View,Đà Nẵng,200 Tran Bach Dang Street,Ngu Hanh Son Ward
861432,Diamond Sea Hotel,Đà Nẵng,232 Võ Nguyên Giáp,Phước Mỹ
802894,Khách sạn Ocean Haven (Ocean Haven Hotel),Đà Nẵng,295-297 Ho Nghinh,Phước Mỹ
6534301,Khách sạn Royal Beach (Royal Beach Hotel),Đà Nẵng,70 Loseby,Son Tra
1195916,Khách Sạn Thành Hoàng Châu (Thanh Hoang Chau Hotel),Đà Nẵng,56 Hoàng Diệu,Quận Hải Châu
2190907,Khách sạn Mường Thanh Luxury Đà Nẵng (Muong Thanh Luxury Da Nang hotel),Đà Nẵng,270 V Nguy n Gi p,Phường Ngũ H nh Sơn
8264400,Rest Hotel & Apartment,Đà Nẵng,No.104,3/2 street
443623,Khách Sạn BrownBean (Brown Bean Hotel - 2/9 Street),Đà Nẵng,380,Duong 2/9
908374,Vanda Hotel,Đà Nẵng,03 Nguyen Van Linh,Phường Phước Ninh
37960522,Khách sạn Mangata Beachfront - Rooftop Bar Sea View (Mangata Beachfront Hotel - Rooftop Bar Sea View),Đà Nẵng,108 Võ Nguyên Giáp,Phước Mỹ
2401246,Khách sạn Dylan Đà Nẵng (Dylan Hotel Danang),Đà Nẵng,93,95 Ha Bong
149036,Khách Sạn Mường Thanh Luxury Sông Hàn (Muong Thanh Luxury Song Han Hotel),Đà Nẵng,115 Nguyễn Văn Linh,Phường Hải Ch u
2191467,Nalod Đà Nẵng (The Nalod Da Nang),Đà Nẵng,192 Vo Nguyen Giap,An Hai Ward
78233501,Khách sạn và Căn hộ Sujet Beach Đà Nẵng by Haviland (Sujet Beach Hotel and Apartment Danang by Haviland),Đà Nẵng,Lô G1 Phạm Văn Đồng,An Hải Bắc
12376453,Khách Sạn Santa Luxury (Santa Luxury Hotel),Đà Nẵng,09 Do Ba,My An Ward
62144042,Khách sạn A Danang Beach (A Danang Beach Hotel),Đà Nẵng,An Thượng 32,Mỹ An
59714076,Khách sạn Ocean Star Đà Nẵng Bay (Ocean Star Da Nang Bay Hotel),Đà Nẵng,10-12 Ton That Dam Street,Xuan Ha Ward
33088453,Khách sạn Gold Time (Gold Time Hotel),Đà Nẵng,55 Đo Ba Gold Time Hotel,Phước Mỹ
782158,Khách sạn Royal Ocean (Royal Ocean Hotel),Đà Nẵng,Số 39,Đ.Võ Văn Kiệt
4965532,Khách sạn Balcona Đà Nẵng (Balcona Hotel Da Nang),Đà Nẵng,288 đường V Nguy n Gi p,Phường Ngũ H nh Sơn
37388682,Khách sạn Merry Land Đà Nẵng (Da Nang Merry Land Hotel),Đà Nẵng,Phạm Văn Đồng,An Hải Bắc
4861708,Khách sạn Tamarind bãi biển Đà Nẵng (Tamarind Danang Beach Hotel),Đà Nẵng,83 Trần Bạch Đằng - phường Mỹ An - quận Ngũ H nh Sơn - th nh phố Đ Nẵng - Việt Nam,Phước Mỹ
308197,Khách sạn Perfect Long Stay Đà Nẵng Beach (Perfect Long Stay Hotel Da Nang Beach),Đà Nẵng,Lô G6-G7 đường Phạm Văn Đồng,An Hải Bắc
1214913,Khách sạn Centre (Centre Hotel),Đà Nẵng,18-20 Phạm Phú Thứ,Hải Châu
10901788,Khách sạn Valencia Đà Nẵng Beach (Valencia Da Nang Beach Hotel),Đà Nẵng,33 - 37 Phan Liem,Phước Mỹ
58826821,Khách sạn Haya Đà Nẵng (Haya Hotel Danang),Đà Nẵng,48 Phan Liem,My An
38797641,Pansy Beach Dana,Đà Nẵng,33 34 Do ba,My An
43727586,Khách sạn Awaken Đà Nẵng (Awaken Danang Hotel),Đà Nẵng,148 Võ Nguyên Giáp,Phước Mỹ
48029813,Khách sạn Sunset Sea (Sunset Sea Hotel),Đà Nẵng,16 Loseby,An Hải Bắc
1165702,Khách sạn Terra Boutique (Terra Boutique Hotel),Đà Nẵng,5 Phan Liêm,Phước Mỹ
1899405,Adaline Hotel & Suite,Đà Nẵng,Số 45-47 Võ Văn Kiệt,Phước Mỹ
1158339,Grand Tourane Hotel,Đà Nẵng,252 Võ Nguyên Giáp,Phường Phước Mỹ
6812114,Stella Maris Đà Nẵng (Stella Maris Beach Danang),Đà Nẵng,03 Võ Văn Kiệt,Phường Phước Mỹ
569140,Khách Sạn Doha Central Bliss Đà Nẵng by Haviland (Doha Central Bliss Danang Hotel by Haviland),Đà Nẵng,193 Nguyen Van Linh,Hải Châu
10003415,Khách sạn và Suite RHM Luxury (RHM Luxury Hotel And Suite),Đà Nẵng,02 An Tu Cong Chua Street,My An Ward
2235797,Khách sạn Bantique (Bantique Hotel),Đà Nẵng,Lo 17-18 Pham Van Dong,quan Son Tra
1637585,Khách sạn MaxHome (MaxHome Hotel),Đà Nẵng,15 An Thượng 26,Quận Ngũ Hành Sơn
35395451,Khách sạn & Căn hộ Cherry (Cherry Hotel & Apartment ),Đà Nẵng,19 Đỗ Bí,Cherry Hotel & Apartment
3002196,Khách sạn Mitisa Đà Nẵng - Gần Cầu Rồng (Mitisa Hotel Danang - Near Dragon Bridge ),Đà Nẵng,67 - 69 Nguyễn Văn Linh,Hải Châu
47008910,Khách sạn Lucia Beach (Lucia Beach Hotel),Đà Nẵng,35 D. Đ&#236;nh Nghệ,Phước Mỹ
74957819,Wyndham Soleil Đà Nẵng - Miễn phí đưa đón sân bay hai chiều (Wyndham Soleil Danang - Free Two Ways Airport Transfer),Đà Nẵng,194 VO NGUYEN GIAP,Phước Mỹ
876521,Khách sạn bãi biển Twilight (Twilight Beach Hotel),Đà Nẵng,66 Ha Bong,Son Tra
2599548,Khách sạn Pavilion Đà Nẵng (Pavilion Hotel Da Nang),Đà Nẵng,35 Võ Văn Kiệt,Quận Sơn Trà
47262040,Khách sạn Crystal (Crystal Hotel),Đà Nẵng,206 Hồ Nghinh,Phước Mỹ
1200571,Khách sạn Star City Riverside by Haviland (Star City Riverside Hotel by Haviland),Đà Nẵng,147-149 đường Trần Hưng Đạo,Quận Sơn Trà
1603126,Khu Nghỉ Dưỡng Risemount Premier Đà Nẵng (Risemount Premier Resort Danang),Đà Nẵng,120 Nguyễn Văn Thoại,Phường Ngũ H nh Sơn
2562701,Khách sạn Pariat River Front Đà Nẵng (Pariat River Front Hotel Da Nang),Đà Nẵng,202 -204 Bạch Đằng,Quận Hải Châu
9085278,Khách Sạn Maximilan Đà Nẵng Beach (Maximilan Danang Beach Hotel),Đà Nẵng,222 Võ Nguyên Giáp,phường Phước Mỹ
64242078,Khách sạn DS Đà Nẵng (DS HOTEL ĐÀ NẴNG),Đà Nẵng,No. 15,Ho Xuan Huong
72310894,Khách sạn AOA Đà Nẵng Beach (AOA Danang Beach Hotel),Đà Nẵng,Lô 42 Trần Bạch Đằng,Bắc Mỹ Phú
42158007,Căn hộ Continent (Continent Apartment),Đà Nẵng,01 An Don 6,Son Tra
6753530,The Memory - Đà Nẵng (The Memory - Danang),Đà Nẵng,202 Ho Nghinh,Phước Mỹ
35444461,Khách sạn Record (Record Hotel),Đà Nẵng,278 Đường 2 Tháng 9,Hải Châu
80186709,Khách sạn & Căn hộ Bullani-Sabi (Bullani-Sabi Hotel & Apartment),Đà Nẵng,305-307 Chính Hữu,Phước Mỹ
30976878,Khách sạn Sea Light Đà Nẵng (SEA LIGHT HOTEL DA NANG),Đà Nẵng,Lot 45 An Thuong 29,Bac My Phu
55717853,Khách sạn Binh Duong Resident (Binh Duong Resident Hotel ),Đà Nẵng,30 Trần Ph,Hải Châu
31072278,Menora Grand Đà Nẵng (Menora Grand Da Nang),Đà Nẵng,69-71-73 Đỗ Bí,Menora grand hotel
2985282,Khách sạn và Spa Central Đà Nẵng (Central Hotel & Spa Danang),Đà Nẵng,23 Ho&#224;ng Diệu,Hải Châu
2225433,Mandila Beach Hotel (Mandila Beach Hotel DaNang),Đà Nẵng,218 Vo Nguyen Giap Street,Son Tra District
31073015,Khách sạn & Căn hộ Anh Phương (Anh Phuong Hotel & Apartment),Đà Nẵng,58 Lý Thánh Tông,Anh Phuong Hotel & Apartment
4139218,Sunflower 2 Hotel,Đà Nẵng,59 Loseby,Da Nang
3361439,San Marino Boutique Đà Nẵng (San Marino Boutique Danang),Đà Nẵng,161-163-165 Võ Văn Kiệt,Phường An Hải Đông
30125137,Khách sạn Bella Merry (Bella Merry Hotel),Đà Nẵng,69 H Bổng,Quận Sơn Tr
305367,Khách sạn Quốc Cường Center Đà Nẵng do Haviland vận hành (Quoc Cuong Center Da Nang Hotel by Haviland),Đà Nẵng,322-324 Hòang Diệu,Hải Châu
66975380,Khách sạn Mata Love (Mata Love hotel),Đà Nẵng,125 Nguyễn Ch Thanh,Hải Châu
300021,Khách Sạn Tarasa Đà Nẵng (Tarasa Hotel Da Nang),Đà Nẵng,191 Đống Đa. quận Hải Châu,phường Thạch Thang
2646007,Khách sạn Platinum Đà Nẵng (Platinum Danang Hotel),Đà Nẵng,81 Lê Quang Đạo,Phước Mỹ
5828738,Khách sạn Hana Đà Nẵng (Hana Hotel Da Nang),Đà Nẵng,261 Nguyen Cong Trứ,Son Tra
6428461,Khách Sạn Cordial (Cordial Hotel),Đà Nẵng,Số 30 đường Loseby,Phường An Hải Bắc
569663,A La Carte Da Nang Beach Hotel,Đà Nẵng,200 Vo Nguyen Giap,An Hai Ward
46307904,Khách sạn Anh Đào Đà Nẵng (Anh Dao Hotel Da Nang),Đà Nẵng,20 Đỗ Bí,Phước Mỹ
302683,Brilliant Hotel Danang,Đà Nẵng,162 Bach Dang,Tp. Da Nang
4435798,Hanami Hotel Danang,Đà Nẵng,61-63 Hoàng Kế Viêm,Phường Mỹ An
50599322,Khách sạn Sea Near Me Đà Nẵng (Sea Near Me Hotel Danang),Đà Nẵng,42 An Thượng 26,Phước Mỹ
937111,Khách sạn Palmier (Palmier Hotel),Đà Nẵng,305 Trần Hưng Đạo,phường An Hải Bắc
4974436,Flower Hotel (FLOWER HOTEL),Đà Nẵng,LÔ 33-34 ĐƯỜNG ĐỖ BÁ,PHƯỜNG MỸ AN
2486094,Khách sạn Dana Marina (Dana Marina Boutique Hotel),Đà Nẵng,47 - 49 Đường Võ Văn Kiệt,Phước Mỹ
1713002,Khách sạn Boutique White Sand (White Sand Boutique Hotel),Đà Nẵng,89 - 91 Vo Van Kiet St,Phuoc My Ward
1155320,Khách sạn HADANA Boutique (Hadana Boutique Hotel),Đà Nẵng,Lô H1-04,H1-05
50202392,Nhà Jim (Jim's House),Đà Nẵng,No. 51,Huynh Thuc Khang
5056641,Biệt thự và Căn hộ Lahome Boutique (Lahome Boutique Villa and Apartment),Đà Nẵng,03 Võ Nghĩa,Phường Phước Mỹ
9755468,Khách Sạn A25 - 137 Nguyễn Du - Đà Nẵng (A25 Hotel - 137 Nguyen Du - Da Nang),Đà Nẵng,137 Nguyen Du,Phuong Hai Chau
78365400,BRIO Urbano Apartment,Đà Nẵng,20 An Thượng 14,Phước Mỹ
37710972,Khách sạn Golden Sun Đà Nẵng (Golden Sun Hotel Da Nang),Đà Nẵng,97 Vo Van Kiet Str,Phước Mỹ
3368028,Khách sạn Ritzy Boutique Đà Nẵng (Ritzy Boutique Hotel Da Nang),Đà Nẵng,23-25 Le Quang Dao,My An Ward
37871722,La Maison de Fleurs,Đà Nẵng,46 Võ Nghĩa,Phước Mỹ
339446,Princess Hotel Danang,Đà Nẵng,Lo E2-20 Phan Boi,Quan Son Tra
338255,Angsana Lang Co,Đà Nẵng,Thon Canh Duong,Xa Chan May - Lang Co
5358951,Sepon Blue Hotel,Đà Nẵng,157-159 Vo Van Kiet,Son Tra District
182167,Khu nghỉ dưỡng Pullman Đà Nẵng (Pullman Danang Beach Resort),Đà Nẵng,101 Đường V Nguy n Gi p,Ngũ H nh Sơn
42158002,Hana Homestay Đà Nẵng (Hana Homestay Danang),Đà Nẵng,No 84,Thach Lam Street
61725997,Căn hộ Seacolor Đà Nẵng (Seacolor Apartment Da Nang),Đà Nẵng,446 Vo Nguyen Giap,Khue My
47603378,Khách sạn MyHotel (MyHotel),Đà Nẵng,34 Trần Văn Thành,Khuê Mỹ
59620000,Khách sạn và Spa Star Near Me Đà Nẵng (Star Near Me Hotel and Spa Danang),Đà Nẵng,40 Loseby,An Hải Bắc
237529,Khu nghỉ dưỡng TIA Wellness - Bao gồm spa (TIA Wellness Resort - Spa Inclusive),Đà Nẵng,109 đường V Nguy n Gi p,Phường Ngũ H nh Sơn
10252091,Khách sạn Sofiana Mỹ Khê & Spa - Rooftop Pool Bar - Miễn phí Craft Beer và 20 phút Spa mỗi phòng (Sofiana My Khe Hotel & Spa - Rooftop Pool Bar - Free Craft Beer and 20 minute Spa per Room),Đà Nẵng,54,56 Tran Bach Dang
77041397,Khách sạn Sandals Stay (Sandals Stay Hotel),Đà Nẵng,119 Đ. 3 Tháng 2,Thuận Phước
2817614,Grandvrio Ocean Resort Danang,Đà Nẵng,Lạc Long Qu n,Phường Điện B n Đ ng
47513791,Khách sạn Thanh Hiền HB (Thanh Hien HB Hotel),Đà Nẵng,52 Hà Bổng,Phước Mỹ
16360226,Khách sạn và Căn hộ Chi House Đà Nẵng (Chi House Da Nang Hotel and Apartment),Đà Nẵng,42 Lam Hoanh,Phước Mỹ
52495000,Khách sạn Hoài Cổ,Đà Nẵng,No. 11,Xuân Hương Street
32355343,Khách sạn SeaForest by Haviland (SeaForest Hotel by Haviland),Đà Nẵng,20 Phước Trường 8,Phước Mỹ
77068255,Khách sạn Natalie Indochine Đà Nẵng by Haviland (Natalie Indochine Hotel Danang by Haviland),Đà Nẵng,Tầng 2-7,29 Yên Bái
64860148,Khách sạn Đá Đỏ (Hotel Đá Đỏ),Đà Nẵng,Số 11 Hồ T ng Mậu,phường H a Minh
56790458,Khách sạn & Căn hộ Quốc Cường Đà Nẵng by Haviland (Quoc Cuong Hotel & Aparttment Danang by Haviland),Đà Nẵng,324 Hoàng Diệu,Bình Hiên
42062279,Khách sạn May (May Hotel),Đà Nẵng,256 Ho Nghinh,Phuoc My Ward
6510802,John Boutique Villa,Đà Nẵng,64 Le Manh Trinh,Phuoc My
59786672,Khách sạn Blue Ocean Beachside Đà Nẵng (Blue Ocean Beachside Hotel Danang ),Đà Nẵng,Lot 41 Tran Bach Dang,Bac My An
6890862,Khách Sạn Gold Boutique (Gold Boutique Hotel),Đà Nẵng,1357 Nguyen Tat Thanh street,Xuân Hà
47129981,Khách sạn Đảo Ngọc Đà Nẵng (Dao Ngoc Hotel Da Nang ),Đà Nẵng,No. 30,An Thuong 04
38703429,Ruby Star Đà Nẵng Central Mỹ Khê Beach (RUBY STAR DA NANG CENTRAL MY KHE BEACH),Đà Nẵng,138 Nguyen Van Thoai Street,My An Beach
74991667,Corgi House Đà Nẵng - Gần cầu Rồng (Corgi House Danang - Steps from Dragon Bridge),Đà Nẵng,20 Trưng Nữ Vương,Bình Hiên
61753257,B&H Villa,Đà Nẵng,Lăng Cô,Đà Nẵng
298973,"Khách sạn Công Đoàn Thanh Bình, Đà Nẵng (Cong Doan Thanh Binh Hotel Danang)",Đà Nẵng,233 Nguyễn Tất Thành,Xuân Hà
7031177,Căn hộ Han (Han Apartment),Đà Nẵng,14 Mai Hắc Đế,An Hải Tây
2275118,Nhà nghỉ Rom Casa Đà Nẵng (Rom Casa Hostel Da Nang),Đà Nẵng,47 An Thượng 4,Ngũ Hành Sơn
4985702,Khách sạn Rosabella (ROSABELLA BOUTIQUE HOTEL),Đà Nẵng,39 Loseby,An Hải Bắc
9762187,Minh Boutique,Đà Nẵng,05 Nguyễn Cao Luyện,An Hải Bắc
280374,Khách sạn Song Thu - Đà Nẵng (Song Thu Hotel),Đà Nẵng,30 Tran Phu,Hải Châu
59068415,Khách sạn Lychee (Lychee Hotel),Đà Nẵng,435 Nguyễn Tất Th nh,Phường Thanh Kh
36703334,Khách sạn & Căn hộ Maison Vy Anh (Maison Vy Anh Hotel & Apartment),Đà Nẵng,121 Cao Bá Quát,Phước Mỹ
7928501,Wings House,Đà Nẵng,K34/30 Thi Sách,Phường Hòa Thuận Tây
11196190,Khách sạn Thành Nhàn (Thanh Nhan Hotel),Đà Nẵng,14 Le Dinh Ly,Thanh Khe
51906520,The Yen Residences Đà Nẵng (Theyenresidencesdanang),Đà Nẵng,12 H&#224; Bổng,Phước Mỹ
5809022,Khách sạn biệt thự Anh (Anh Villa Hotel),Đà Nẵng,59 Hồ Sĩ Phấn,phường Nại Hiên Đông
4891231,The Light House Đà Nẵng (The Light House Da Nang),Đà Nẵng,54 An Thuong 2,My An
9848046,Hadiva Boutique Hotel,Đà Nẵng,137 Trần Ph,Hải Châu
59913728,Corgi House Beachstay Đà Nẵng (Corgi House Beachstay Danang),Đà Nẵng,No. 123,To Hien Thanh
8190193,Căn hộ K House bãi biển Đà Nẵng (K House Apartment Danang Beach),Đà Nẵng,44B Lâm Hoành,Phường Phước Mỹ
443051,Azumaya Hotel Da Nang,Đà Nẵng,31 Nguyen Tat Thanh,Quan Hai Chau
29858225,Khách sạn và Spa Santori (Santori Hotel and Spa),Đà Nẵng,Lo 119-120 Tran Hung Dao,Phước Mỹ
67188500,Khách sạn RHM Asian Beach (RHM Asian Beach Hotel),Đà Nẵng,48a Đ. Đỗ B,Bắc Mỹ An
5943721,Mai's Boutique,Đà Nẵng,104 To Hien Thanh,Phước Mỹ
40683832,Khách sạn Sea Front (Sea Front Hotel),Đà Nẵng,240 V&#245; Nguy&#234;n Gi&#225;p,Phước Mỹ
10780234,Khách sạn và Căn hộ Sharon (Sharon Hotel and Apartment),Đà Nẵng,31 Phan Liem,Bac My An
72584789,CiCi Villa & Apartment,Đà Nẵng,1 An Đồn 5,An Hải Bắc
58687863,Stars Central Đà Nẵng (Stars Central Danang),Đà Nẵng,11 Lê Hồng Phong,StarsHotel
76868006,Fuji House,Đà Nẵng,97/11 Tô Hiến Thành,Phước Mỹ
31052940,Khách sạn Bonny Boutique Đà Nẵng (Bonny Boutique Hotel Da Nang),Đà Nẵng,01-03 đường Khuê Mỹ Đông 10,Phường Khuê Mỹ
67834990,Khách sạn Oday Stay Đà Nẵng (Oday Stay Hotel Da Nang),Đà Nẵng,477 Trần Hưng Đạo,Phước Mỹ
4034722,Khách sạn Hoàng Thịnh (Hotel Hoang Thinh),Đà Nẵng,K211/18 Nguyen Van Thoai street,Son Tra dictrict
33705632,Khách sạn The Sail - Bãi biển Mỹ Khê (The Sail Hotel - My Khe Beach),Đà Nẵng,11 Do Ba Street,My An Ward
11656909,Net Việt Homestay (SPOT ON 806 Net Viet Homestay),Đà Nẵng,33,Dao Cam Moc
21330679,Biệt thự Vernal Home Boutique (Vernal Home Boutique Villa),Đà Nẵng,27 Luu Quang Thuan,Phước Mỹ
51061524,Khách sạn & Căn hộ Taiyo (Taiyo Hotel & Apartment),Đà Nẵng,No. 44-46-48,An Thuong 31
34652609,"Nhà riêng 33 m² 1 phòng ngủ, 1 phòng tắm riêng ở Phước Mỹ (DANATRI*KINGROOM*PrivateBalcony*Bathtub*MyKheBeach)",Đà Nẵng,Phước Mỹ,Đà Nẵng
33046748,LIVIE Đà Nẵng An Thượng (LIVIE Da Nang An Thuong),Đà Nẵng,175 Lê Quang Đạo,Phước Mỹ
64088373,Khách sạn Harbor Sea View Đà Nẵng (Harbor Sea View Hotel Danang),Đà Nẵng,No. 270,Tran Bạch Dang
32360829,Khách sạn New Tourane (New Tourane Hotel),Đà Nẵng,15 Mỹ Khê 2,Phước Mỹ
39921868,Nhà bình Homestay,Đà Nẵng,7 An Nhơn 2,An Hải Bắc
79113346,Khách sạn & Căn hộ IS LAM (IS LAM Hotel & Apartment),Đà Nẵng,415 Đường Trần Hưng Đạo 7 tầng,Phước Mỹ
33907573,Khách sạn & Căn hộ Le Cap (Le Cap Hotel & Apartment ),Đà Nẵng,16 Đặng Vũ Hỷ,Phước Mỹ
78390386,Khách sạn & Căn hộ Sandy (Sandy Hotel & Apartment),Đà Nẵng,Sandy Hotel & Apartment,Phước Mỹ
50014373,"Khách sạn, Văn phòng và Căn hộ Emerald Dream (Emerald Dream Hotel, Office and Apartments)",Đà Nẵng,14 Phuoc Truong 1,Phước Mỹ
254884,Dai A Hotel,Đà Nẵng,51 Yên Bay,Tp. Đà Nẵng
336480,Khách sạn Mayana Da nang (Mayana Hotel Danang),Đà Nẵng,40 Nguyễn Thái Học,Quận Hải Châu
5859599,Khách sạn Jolia bãi biển Đà Nẵng (Jolia Hotel Danang Beach),Đà Nẵng,35-37 An Thượng 29,Phước Mỹ
76887731,SUONG HOUzE,Đà Nẵng,28 Hoàng Kế Viêm,Bắc Mỹ Phú
42154397,Nhà dân Siro House Đà Nẵng (Siro House Da Nang Homestay),Đà Nẵng,K72/8 Nguyễn Văn Thoại,Quận Ngũ Hành Sơn
79887318,Căn hộ Ocean Beach Đà Nẵng (Ocean Apartment Beach Da Nang ),Đà Nẵng,Mỹ Khê 4,Phước Mỹ
33100210,Khách sạn Liberty Đà Nẵng (Liberty Hotel Da Nang),Đà Nẵng,26 Phạm Phú Thứ,8
34389517,Khách sạn Sun City Đà Nẵng (Sun City Hotel Da Nang),Đà Nẵng,426 Đường 2 Tháng 9,Hải Châu
52272641,Căn hộ Laurel Đà Nẵng (Laurel Da Nang Apartment),Đà Nẵng,55 Khuê Mỹ Đông 14 7 tầng và 1 tầng hầm,Hòa Hải
65011393,Fuji Hostel,Đà Nẵng,Room 03A,To Hien Thanh
9753073,Bao Tran Homestay,Đà Nẵng,16 Đường An My 6,Phước Mỹ
1001042,Khách Sạn San San (San San Hotel),Đà Nẵng,54 An Thuong 26,Phường Mỹ An
64001271,Hani Homestay Near Beach Full Furniture Da Nang,Đà Nẵng,15 An Thượng 27,Phước Mỹ
37465735,Phan Văn 2 (Phan Van 2),Đà Nẵng,97 Đường Trần Duy Chiến,Phước Mỹ
59580495,Khách sạn Saha Casa Boutique Đà Nẵng (Saha Casa Boutique Hotel Da Nang),Đà Nẵng,10 Morrison,An Hai Bac
5943447,City Hostel Da Nang,Đà Nẵng,114 Yên Bái,Phường Phước Ninh
76074916,Khách sạn & Căn hộ Blue S (Blue S Hotel & Apartment),Đà Nẵng,47 Đ. Đỗ Bá,Bắc Mỹ Phú
79100092,Samdi Premium - Gần sân bay quốc tế Đà Nẵng (Samdi Premium - Near Da Nang International Airport),Đà Nẵng,333A,Đường Nguyễn Văn Linh
47984700,Khách sạn May Beach do THG vận hành (May Beach Hotel By THG),Đà Nẵng,22 Do Ba,Ngu Hanh Son
42087609,Khách sạn và Căn hộ Tân Phương Nam (Tan Phuong Nam Hotel & Apartment),Đà Nẵng,494A Đ. 2 Th&#225;ng 9,Hải Châu
6496404,Khách Sạn & Spa Sunny Ocean (Sunny Ocean Hotel & Spa),Đà Nẵng,Tran Bach Dang,Phước Mỹ
50210157,Phu My Hai Hotel,Đà Nẵng,79 Nguyễn Tất Thành,Xuân Hà
5798038,Biệt Thự & Căn Hộ Moon Đà Nẵng (DaNang Moon Villa & Apartment),Đà Nẵng,39-41 Hoàng Kế Viêm,Phường Mỹ An
58397773,Khách sạn & Căn hộ Baan Taley Đà Nẵng (Baan Taley Đà Nẵng Hotel & Apartment),Đà Nẵng,8 An Thượng 31,Phước Mỹ
5831386,"Chung cư 45 m² 1 phòng ngủ, 1 phòng tắm riêng ở Phước Mỹ (SEN Boutique Villa Apartment)",Đà Nẵng,An Thuong 34 Street,Lot D8
42983503,Khách sạn Mộc Nhiên Đà Nẵng (MỘC NHIÊN HOTEL DA NANG),Đà Nẵng,Room 6,18 Pham Van Gon
49487316,Le's Apartment & Coffee,Đà Nẵng,Dương Đình Nghệ 252,An Hải Bắc
45083566,Khách sạn Charming Beauty (Charming beauty hotel),Đà Nẵng,Charming Beauty Hotel,53 An Thuong 3
68061035,BOOHOSTEL,Đà Nẵng,38 Thạch Lam,Phước Mỹ
61166540,Khách sạn & Căn hộ Dragon (Dragon Hotel & Apartments Đà Nẵng),Đà Nẵng,K17/2 Ha Thi Than Street,An Hai Ward
62271846,Khách sạn & Căn hộ CEVA Đà Nẵng (CEVA Hotel & Apartment Danang),Đà Nẵng,90/6 Đống Đa,Hải Châu
67248846,Khách sạn & Căn hộ Le's (Le's Hotel & Apartment),Đà Nẵng,120 Phạm Văn Đồng,An Hải
51931977,Khách sạn & Căn hộ Mama (MAMA HOTEL & APARTMENT),Đà Nẵng,5 An Thượng 29,Phước Mỹ
44498829,Khách sạn LUK Inn (LUK Inn Hotel),Đà Nẵng,12 An Thuong 4,Bac My Phu
51970454,Flower Beachstay & Coffee (FLOWER BEACHSTAY & COFFEE),Đà Nẵng,72/27 Nguyen Van Thoai,phuong My An
43377873,Danatri Apt/MyKhe51/AnThuong Walk St/1min to Beach,Đà Nẵng,27 An Thượng 2,Phước Mỹ
4121774,Essenza Hotel & Spa,Đà Nẵng,39 An Thượng 33,Phường Mỹ An
31317944,Khách sạn Minh Trường (Hotel Minh Truong),Đà Nẵng,743 Nguyễn Tất Thành,Xuân Hà
78378539,"Nhà riêng m² 2 phòng ngủ, 2 phòng tắm riêng ở An Hải Bắc (Luxury A La Carte By Beach 15-04)",Đà Nẵng,Phước Mỹ,Đà Nẵng
2639416,Ruby Hotel DaNang,Đà Nẵng,34 an thuong 1 street,Ngu Hanh Son district
55992553,"Căn hộ 35 m² 1 phòng ngủ, 1 phòng tắm riêng ở Điện Dương (Phuong Nam 2 Suburban Apartment Hotel)",Đà Nẵng,Hòa Hải,Đà Nẵng
56852292,Khách sạn & Căn hộ ATP Galaxy Đà Nẵng (ATP Galaxy Hotel & Apartment Danang),Đà Nẵng,No. 89,Tran Phuoc Thanh
63691934,Khách sạn Horizon Front Beach Đà Nẵng (Horizon Front Beach Hotel Danang ),Đà Nẵng,No. 110,Tran Bach Dang
11295725,Khách sạn Euro Star (Euro Star Hotel),Đà Nẵng,Lo 22 Khu B2-1,Duong Tran Hung Dao
58579216,Căn hộ Saluton (Saluton Apartment),Đà Nẵng,No. 283,Nguyen Cong Truc
32313400,Khách sạn TA Boutique (TA Boutique Hotel ),Đà Nẵng,38 Hoàng Kế Viêm,Phước Mỹ
70870703,Khách sạn Dream (Dream Hotel),Đà Nẵng,410 Võ Nguyên Giáp,Phước Mỹ
33189390,Khách sạn & Căn hộ POTA Đà Nẵng (POTA Hotel & Apartment Da Nang),Đà Nẵng,121 Hoàng Văn Thụ,121/7 Hoàng Văn Thụ
11419138,Biệt Thự Mai Boutique (Mai Boutique Villa),Đà Nẵng,Lot I-09 Pham Van Dong,An Hai Bac Ward
8189044,Benzen Boutique Stays,Đà Nẵng,59 Cao Ba Quat,Phước Mỹ
10608734,Khách Sạn Bridges Đà Nẵng (Bridges Danang Hotel),Đà Nẵng,No. 4 Phuoc Truong 11 Street,Phuoc My Ward
46767999,Khách sạn & Spa Bliss Luxury (Bliss Luxury Hotel & Spa),Đà Nẵng,30 An Đồn 6,An Hải Bắc
36142162,Khách sạn Martin Ho By Medii (Martin Ho Hotel By Medii),Đà Nẵng,22 Phước Trường 9,Medii Boutique
6812577,Casa Rosa Apartment Da Nang,Đà Nẵng,68 K 227 Nguyen Van Thoai,Phước Mỹ
161506,Khu nghỉ dưỡng & Spa Sơn Trà Đà Nẵng (Son Tra Resort & Spa Danang),Đà Nẵng,B&#227;i Nam - B&#227;i Con,Phường Thọ Quang
16143218,Dolphin Hotel and Apartment,Đà Nẵng,09 Tân Thuận,Phước Mỹ
72591732,Sunshine Beach House - Trung tâm bãi biển (Sunshine Beach House - Center Of The Beach),Đà Nẵng,2 Loseby,An Hải Bắc
31265626,Biệt thự 7 Seven Sea (7 Seven Sea Villa),Đà Nẵng,98 Loseby,7 Seven Sea Villa
6397130,Biệt thự Boutique Ponte (Ponte Boutique Villa),Đà Nẵng,104 Ho Nghinh,Phước Mỹ
75852436,Hampton Danang Luxury Apartment,Đà Nẵng,14 Đường Lê Lâm 11 căn hộ,Phước Mỹ
1203739,Khách Sạn Green Garden Residence (Green Garden Residence Hotel),Đà Nẵng,217-221,Khu dân cư mới
1603072,Ebisu Onsen Resort,Đà Nẵng,X&amp;#227; H&amp;#242;a Ph&amp;#250;,huyện H&amp;#242;a Vang
60748875,Khách sạn De L'amour Đà Nẵng (De L'amour hotel Da Nang),Đà Nẵng,No. 44,Vo Nguyen Giap
51975952,Khách sạn & Căn hộ AN House Đà Nẵng (AN House Hotel & Apartment Da Nang),Đà Nẵng,No. 40,Lam Hoanh
6498816,Nhà Nghỉ Cảnh Dương (Canh Duong Motel),Đà Nẵng,Thôn Cảnh Dương,xã Lộc Vĩnh
5866683,AVA Hotel & Apartment,Đà Nẵng,Lô 39 trần bạch đằng,phường mỹ an
3355835,Raon Danang Beach Hotel,Đà Nẵng,5-7 An Thượng 32,Phước Mỹ
67884670,"Nhà riêng 1000 m² 9 phòng ngủ, 10 phòng tắm riêng ở Hải Châu (Biệt thự 9pn với không gian ấm cúng, hồ bơi và BBQ)",Đà Nẵng,Phước Mỹ,Đà Nẵng
908594,Căn hộ cao cấp & Vườn Thiền Maha Mangala (Maha Mangala Zen Garden & Luxury Apartments),Đà Nẵng,The Ocean Suites,St
61443725,Nhà Tigon (Tigon’s House),Đà Nẵng,103 Kim Đồng,Hòa Hải
59237813,Căn hộ Q Đà Nẵng (Q-Apartment Da Nang),Đà Nẵng,No. 27,Hung Vuong
10301968,Khách Sạn và Khu Căn Hộ Prana Boutique (Prana Boutique Hotel and Apartments),Đà Nẵng,11 Khue My Dong 2,Ngu Hanh Son Dist
621308,Premier Village Đà Nẵng Resort được quản lý bởi Accor (Premier Village Danang Resort Managed by Accor),Đà Nẵng,101 Vo Nguyen Giap,Ngu Hanh Son
75174180,Arava Retreat Danang Oceanfront,Đà Nẵng,62 Trần Bạch Đằng,Phước Mỹ
6492769,Khách Sạn & Lữ Hành Codi Sea (Codisea Hotel & Travel),Đà Nẵng,217 Hồ Nghinh,Đà Nẵng
7262405,Khách sạn Capital O 215 An Đức Đà Nẵng (Capital O 215 An Duc Hotel Da Nang),Đà Nẵng,117 Minh Mang,Khue My
64523975,Khách sạn Hồng Phúc 5 (Hồng Phúc 5 Hotel),Đà Nẵng,No. 38,Ha Bong
42041477,Khách sạn Valentin (Valentin Hotel),Đà Nẵng,470 Nguyễn Lương Bằng,Hoa Hiep Nam
31187877,Khách sạn Nice (Nice Hotel),Đà Nẵng,16 Vo Van Tan,Thanh Khe
43424,Saigon Tourane Hotel,Đà Nẵng,5 Đống đa,Hải Châu
62083341,Căn hộ Seahorse Signature Đà Nẵng (Seahorse Signature Apartment Da nang),Đà Nẵng,No. 05,Huynh Thuc Khang
51973173,Khách sạn Central Boutique (CENTRAL BOUTIQUE HOTEL),Đà Nẵng,No. 60,2/9 Street
55290781,Tan Hoa homestay (Tan Hoa Homestay),Đà Nẵng,No. 4/52 Dang Thuy Tram,Hoa Thuan Tay
59486484,Khách sạn & Căn hộ Q Chợ Hàn Đà Nẵng (Q Hotel & Apartment Han Market Da Nang ),Đà Nẵng,62 Nguyen Thai Hoc,Hải Châu
42154401,Khách sạn Danang Beach 2 (Danang Beach 2 Hotel),Đà Nẵng,Lô 36,An Thuong 33
44321032,Khách sạn Phương Linh (Phuong Linh Hotel),Đà Nẵng,107-109 Tran Quoc Hoan,Ngu Hanh Son 5
74648607,Sunrise Homestay with 4 Bedrooms,Đà Nẵng,Phước Mỹ,Đà Nẵng
2671030,Khách sạn Boutique Eco Green Đà Nẵng (Eco Green Boutique Hotel Da Nang),Đà Nẵng,1 An Thuong 3,Bac My Phu
5477700,Cani Beach House,Đà Nẵng,06 Le Boi,phuong Man Thai
5100406,Khách sạn và Căn hộ Phương Trần (Phuong Tran Apartment and Hotel),Đà Nẵng,29 Ngô Gia Tự,Hải Châu
71552951,Khách sạn Kiến's Ocean (Kiến's Ocean Hotel),Đà Nẵng,L 34 Trần Bạch Đằng,Phước Mỹ
6853023,Oasis Hotel & Apartment,Đà Nẵng,10 Mỹ Khê 2,Phường Phước Mỹ
8262483,Khách Sạn Nagila Boutique (Nagila Boutique Hotel),Đà Nẵng,Lô 11-12 Khu H1,Đường Phạm Văn Đồng
4641269,Magnolia Hotel Da Nang,Đà Nẵng,06 Lê Lợi,Thạch Thang
47340508,Luxury Apartment with Ocean View - 1 minute to beach,Đà Nẵng,120 Võ Nguyên Giáp,Phước Mỹ
2235566,DaNa Home Hotel,Đà Nẵng,119 Nguyễn Du,Hai Chau
61224349,Chacahouse,Đà Nẵng,No. 118,Ha Ky Ng.
31663577,Căn hộ & Khách sạn LAGOM (LAGOM APARTMENT & HOTEL),Đà Nẵng,08 An Thượng 28,Phước Mỹ
267905,Biệt thự Ocean (Do Khu nghỉ dưỡng Ocean quản lý) (The Ocean Villas (Managed by The Ocean Resort)),Đà Nẵng,The Ocean Villas,Truong Sa street
64258373,ELC Da Nang Hotel,Đà Nẵng,424 Võ Nguyên Giáp,Bắc Mỹ An
15906556,Khách sạn SeaSwan (SeaSwan Hotel),Đà Nẵng,An Thuong 29 - Lot 17,Phước Mỹ
50611228,Khách sạn Golden House (Golden House Hotel ),Đà Nẵng,51 Dương Tự Minh,Phước Mỹ
46600816,Căn hộ May Home Đà Nẵng (May Home Apartment Da Nang),Đà Nẵng,07-09 Lý Văn Tố,An Hải Bắc
3362751,Căn hộ cao cấp sát biển - Hồ bơi tầng thượng (Beachfront Luxury Apartment - Rooftop pool - Da Nang),Đà Nẵng,120 Vo Nguyen Giap st,Son Tra
4965524,Sea Hai Yen Hotel,Đà Nẵng,số 01 vũ đình long,Thọ Quang
16356346,Biệt thự và Căn hộ Sanayen (Sanayen Villa and Residences),Đà Nẵng,15 Do The Chap,Phước Mỹ
61708940,Căn hộ Đà Nẵng FBS Hạng Sang Sát Biển Mỹ Khê (Can ho Đa Nang FBS Hang Sang Sat Bien My Khe),Đà Nẵng,Võ Nguyên Giáp,Dương Đình Nghệ
47646257,Khách sạn Emerald Boutique Đà Nẵng (Emerald Boutique Hotel DaNang),Đà Nẵng,223 Nguyễn Văn Thoại,Phước Mỹ
181788,Khách sạn Gold Coast Đà Nẵng (Gold Coast Da Nang Hotel),Đà Nẵng,27 Hồ Xuân Hương,Phước Mỹ
6558650,Căn Hộ Tropical House Đà Nẵng (Tropical House Apartment Da Nang),Đà Nẵng,01 Ta My Duat,An Hải Bắc
37662620,Khu nghỉ dưỡng Ocean (The Ocean Resort),Đà Nẵng,Trường Sa,The Ocean Villas
45967666,NT House,Đà Nẵng,Đường Tứ Ngân 01,Điện Ngọc
7616490,Biệt Thự Thi Boutique (Thi Boutique Villa),Đà Nẵng,16 Nguyen Cao Luyen,An Hải Bắc
338256,Banyan Tree Lang Co,Đà Nẵng,Thon Canh Duong,Xa Chan May - Lang Co
47862307,Khách sạn Thiên Hân Phát (Thien Han Phat Hotel),Đà Nẵng,580 Nguyễn Hữu Thọ,580
62083469,Căn hộ Seahorse Tropical Đà Nẵng (Seahorse Tropical Apartment Da nang),Đà Nẵng,29 Yên Bái,Hải Châu 1
16359909,The NAVIS,Đà Nẵng,34 An Thượng 28,Phước Mỹ
78381079,TN's House,Đà Nẵng,11 An Thượng 39,Phước Mỹ
42942529,Khách sạn Tabii (Tabii hotel),Đà Nẵng,Lô 27,An Đồn 4
572366,Khách sạn và Biệt thự Montgomerie Links (Montgomerie Links Hotel and Villas),Đà Nẵng,Đường ven biển,Phường Điện B n Đ ng
70823295,Khách sạn Gori (Gori Hotel),Đà Nẵng,8 Gò Lăng 2,Hòa Vang
9168092,Dana Residence,Đà Nẵng,19 Võ Nghĩa,Phước Mỹ
76466232,La Retreat,Đà Nẵng,van thanh street,hoa ninh ward
68669574,Nhà nghỉ LUXURY (LUXURY Motel),Đà Nẵng,76 Đinh Công Trứ,Thọ Quang
58341030,Khách sạn & Căn hộ Hoàng Thịnh Đà Nẵng (Hoàng Thịnh Hotel & Apartment Danang),Đà Nẵng,376-378 2 September Street,Hoa Cuong Bac
1198039,Khách sạn Hoa Phong (Hoa Phong Hotel),Đà Nẵng,369-371 Nguyễn Tất Thành,Phường Thanh Bình
46758549,Căn hộ Louis Mo (Louis Mo Apartment),Đà Nẵng,20 An Thượng 28,Phước Mỹ
1197964,DanaCiti Hotel,Đà Nẵng,80 Đông Kinh Nghĩa Thục,Phường An Hải Bắc
239467,Khách Sạn Ánh Nguyệt Đà Nẵng (Anh Nguyet Hotel Da Nang),Đà Nẵng,8 Phan Đình Phùng,Quận Hải Châu
782655,Night Sky Hotel Da Nang,Đà Nẵng,65 Xuân Diệu,Hải Châu
1161258,Danang Han River Hotel,Đà Nẵng,14 Ly Tu Trong,Hải Châu
9373100,K Hotel Sauna and Massage,Đà Nẵng,50A Phan Ton,Quan Ngu Hanh Son
72706507,Căn hộ Eleva (Eleva Apartment),Đà Nẵng,50 An Thượng 17,Bắc Mỹ Phú
64898392,Kim House Boutique Đà Nẵng (Kim House Boutique Da Nang),Đà Nẵng,28 Ngô Quang Huy,Phước Mỹ
50151569,Căn hộ cao cấp hướng đại dương Đà Nẵng (Da Nang Luxurious Ocean View Suites),Đà Nẵng,120 V&#245; Nguy&#234;n Gi&#225;p,Phước Mỹ
65965130,Golden Bay Apartment Ocean View,Đà Nẵng,Phước Mỹ,Đà Nẵng
2409752,Forever Hotel,Đà Nẵng,1040 Ngo Quyen,Phước Mỹ
34879109,Khu nghỉ dưỡng Ocean Villas (Ocean Villas Resort),Đà Nẵng,The Ocean Villas,Truong Sa street
65513437,"Căn hộ m² 3 phòng ngủ, 2 phòng tắm riêng ở An Hải Bắc (Mường Thanh Bien My Khe Apartment 3 bedrooms)",Đà Nẵng,Phước Mỹ,Đà Nẵng
11295767,Biệt thự & Khu nghỉ dưỡng The Five Quảng Nam-Đà Nẵng (The Five Villas & Resort Quangnam-Danang),Đà Nẵng,LAC LONG QUAN STREET,DIEN BAN DONG WARD
77646441,Khách sạn Boutique Tourane (Tourane Boutique Hotel),Đà Nẵng,116 Hồ Xuân Hương,Khuê Mỹ
5348378,RubyLand Apartments (Muong Thanh Apartment - Sea View),Đà Nẵng,Phước Mỹ,Đà Nẵng
54462504,Villa Đà nẵng Gần Biển - Biệt Thự Gần Biển (Villa Đa nang Gan Bien - Biet Thu Gan Bien),Đà Nẵng,Võ Nguyên Giáp,Vo Van Kiet
75888898,Căn hộ cao cấp Louis (Louis Luxury Apartment),Đà Nẵng,41 Tống Phước Phổ,Hoà Cường Bắc
1985160,"Khu nghỉ dưỡng & spa Marriott Đà Nẵng, Biệt thự Bãi biển Non Nước (Danang Marriott Resort & Spa, Non Nuoc Beach Villas)",Đà Nẵng,Số 23 Trường Sa,Phường Ngũ H nh Sơn
71170803,Biệt thự De Mỹ Khê (Villas De Mykhe),Đà Nẵng,268 Võ Nguyên Giáp,Bắc Mỹ Phú
39783418,Khách sạn & Căn hộ Tashi Ocean Đà Nẵng (Tashi Ocean Hotel & Apartment Da Nang),Đà Nẵng,No. 62,Ho Nghinh
34738710,Căn hộ & Khách sạn SKY (SKY APARTMENT & HOTEL),Đà Nẵng,No. 150,Duong Dinh Nghe
47002988,"Nhà riêng 189 m² 1 phòng ngủ, 1 phòng tắm riêng ở Hòa Ninh (Family Home Villa Ba Na Hills Sun World)",Đà Nẵng,Hòa Ninh,Đà Nẵng
48943635,Khách sạn Lena (HOTEL LENA ),Đà Nẵng,25 Tran Bach Dang,Phuoc My Hotel Lena
9780102,The Nang Suites,Đà Nẵng,74/31 Võ Văn Kiệt,Phước Mỹ
238037,KHÁCH SẠN VĨNH TRUNG PLAZA (VINH TRUNG PLAZA HOTEL),Đà Nẵng,255-257 Hùng Vương,Tp. Đà Nẵng
41406670,Carol Homestay & Apartment Đà Nẵng 4 (Carol Homestay & Apartment Đa Nang 4),Đà Nẵng,81 Hà Đặc,Phước Mỹ
68624873,BOO BEACH Hostel,Đà Nẵng,38 Thạch Lam,Phước Mỹ
28028370,EnjoyHome Đà Nẵng Apartment (EnjoyHome Da Nang Apartment),Đà Nẵng,K227/64 Nguyen Van Thoai,Phuoc My Ward
61733407,Villa GR Gần Trung Tâm Đà Nẵng (Villa GR Gan Trung Tam Đa Nang),Đà Nẵng,Mỹ Đa Đông 12,Nguyễn Đăng Giai
75967150,Căn hộ Soda (Soda Apartment),Đà Nẵng,44 Thạch Lam,Phước Mỹ
37726946,Mercury Beach DaNang,Đà Nẵng,160 Trương Định,Phước Mỹ
4972766,"Chung cư 70 m² 2 phòng ngủ, 2 phòng tắm riêng ở Phước Mỹ (Seaside Apartment at My Khe Da Nang 37)",Đà Nẵng,Room 270,Muong Thanh Apartment
76258670,Căn hộ The Salt Collections Sea View Đà Nẵng (The Salt Collections Apartment Sea View Da Nang),Đà Nẵng,88 Võ Nguyên Giáp,Mân Thái
22666493,Khách sạn Tasmania Đà Nẵng (Tasmania Hotel Danang),Đà Nẵng,26-28 Ha Chuong,Phước Mỹ
62980620,Khách sạn New Era Đà Nẵng (New Era Hotel Da Nang),Đà Nẵng,44 An Thượng 1,Bắc Mỹ An
41607832,Nhà nghỉ Suối Đá OYO 1187 (OYO 1187 Suoi Da Motel),Đà Nẵng,No. 26,26 Suoi Da 1
394469,Khách sạn One Star Đà Nẵng (One Star Hotel Danang),Đà Nẵng,03 Phạm Phú Thứ,Hải Châu
9846077,Kaia Residence Da Nang,Đà Nẵng,132/15 Ly Tu Trong Street,ward Thuan Phuoc
63345539,Khách sạn Sumo (Sumo Hotels),Đà Nẵng,11 An Trung Đông 3,An Hải Bắc
51651397,Me Home,Đà Nẵng,Đường Đào Tấn 04,Hải Châu
7446058,Khu nghỉ dưỡng Point Đà Nẵng (The Point Resort Danang),Đà Nẵng,Truong Sa,Hoa Hai ward
78559224,Nhà BHA (The BHA House),Đà Nẵng,79 Mộc Sơn 5,Hoà Hải
34564137,Biệt thự hồ bơi hạng sang hướng biển (Luxury Ocean Pool Villas),Đà Nẵng,Unnamed,Hòa Hải
8681712,Biệt Thự Ocean Luxury Đà Nẵng (Ocean Luxury Villas Danang),Đà Nẵng,Truong Sa street,Hoa Hai ward
9823954,Căn hộ Seahorse Han Market Đà Nẵng của Haviland (Seahorse Han Market Danang Apartment by Haviland),Đà Nẵng,07 Nguyễn Thái Hoc,Hải Châu
31265492,Biệt thự Ocean Luxury Đà Nẵng (The Ocean Luxury Villa Da Nang),Đà Nẵng,Truong Sa,Hòa Hải
79352175,Sujet Residence Service Da Nang,Đà Nẵng,01 Trần Quốc Toản,Hải Châu
78071005,Mik Stay,Đà Nẵng,Đ. Nguyễn Tri Phương,Thạc Gián
28123735,Khách sạn Yes Đà Nẵng (Yes Hotel Da Nang),Đà Nẵng,61 Loseby,An Hải Bắc
54892269,Lotus Rock Hotel Da Nang (Lotus Rock Hotel),Đà Nẵng,231 Đ Nguyễn Văn Linh,Thạc Gián
34247240,Khu nghỉ dưỡng Danang Ocean Beach (Danang Ocean Beach Resort),Đà Nẵng,The Ocean Villas,Truong Sa street
66669588,55 bước là tới HOUSE - 55 steps to go (55 buoc la toi HOUSE - 55 steps to go),Đà Nẵng,672a/8 Trần Cao Vân,Xuân Hà
49440339,B&H Villa - Villa has swimming pool,Đà Nẵng,Nguyễn Văn,Lăng Cô
46557306,Khách sạn Huy Hoàng Đà Nẵng (Huy Hoàng Hotel Đà Nẵng),Đà Nẵng,855 Nguyễn Tất Thành,Xuân Hà
79939317,"Căn hộ m² 2 phòng ngủ, 2 phòng tắm riêng ở An Hải Bắc (2 bedroom My Khe beach apartment)",Đà Nẵng,Phước Mỹ,Đà Nẵng
64524229,Khách sạn Hồng Phúc 6 (Hồng Phúc 6 Hotel),Đà Nẵng,55 Loseby,Phước Mỹ
284531,Khách sạn Thanh Lan 2 (Thanh Lan 2 Hotel),Đà Nẵng,54 Duong 3 thang 2,Hải Châu
80251968,Rami Xanh Stay,Đà Nẵng,11 Nguyễn Trọng Nghĩa,Mân Thái
37662602,Khu nghỉ dưỡng bãi biển Ocean Villas (Ocean Villas Beach Resort),Đà Nẵng,Truong Sa street,Hoa Hai Ward
73735558,"Biệt thự 200 m² 5 phòng ngủ, 6 phòng tắm riêng ở An Hải Bắc (CaMeo Private Pool Villa 5Bedrooms My Khe Beach )",Đà Nẵng,Phước Mỹ,Đà Nẵng
9084149,Căn hộ và Cà phê Lem (Lem's Apartment & Coffee),Đà Nẵng,25 Phuoc My 1,Phuoc My
28197449,Khách sạn Charming Đà Nẵng (Charming Danang Hotel),Đà Nẵng,203 Nguyen Van Thoai,Phước Mỹ
13565318,Khu nghỉ dưỡng The Ocean Estates Đà Nẵng (The Ocean Estates Resort Danang),Đà Nẵng,07 Truong sa,The Ocean Estates Resort
5925315,Khách Sạn Dreamy Beach Boutique (Dreamy Beach Boutique Hotel),Đà Nẵng,K2/4 Ha Bong,Phuoc My Ward
66533014,Khách sạn & Căn hộ Bullani (Bullani Hotel & Apartment),Đà Nẵng,No. 194,Chinh Huu
3099129,Biệt thự 3 Phòng ngủ Sang trọng với Bữa sáng - Năm Sao (Villa 3 Bedrooms Luxury with BF - The Five Stars),Đà Nẵng,Hòa Hải,Đà Nẵng
1997204,Khách sạn Hồng Phúc 4 Đà Nẵng (Hong Phuc Hotel 4 Da Nang ),Đà Nẵng,14 Ha Chuong st,
73359010,Căn hộ cao cấp trong tòa nhà Sheraton - mặt biển (Luxury Apartment in Sheraton Building- Beach Front),Đà Nẵng,120 Vo Nguyen Giap Street,Phước Mỹ
15850263,Nhà của Elly (Nha cua Elly),Đà Nẵng,K158/65 Ông Ích Đường,Hòa Vang
2061825,Laguna Parkside Residences Lang Co,Đà Nẵng,Cu Du Village,Loc Vinh Commune
79795547,Carol Homestay & Apartment 5,Đà Nẵng,An Thượng 32,Mỹ An
37874664,Hold Amanda Boutique Hotel,Đà Nẵng,Lô A2-A2B,đường 30 Tháng 4 Phường Hoà Cường Bắc
28816029,Bao Ngoc Hotel & Apt,Đà Nẵng,28e Dong Da,Xuân Hà
37890356,R11 Villa Resort Đà Nẵng,Đà Nẵng,107 Võ Nguyên Giáp,Hòa Hải
59217966,Khách sạn Minh Trường 2 Đà Nẵng (Minh Truong 2 Hotel Đa Nang),Đà Nẵng,1001 Nguyễn Tất Thành,Xuân Hà
11879450,Khách sạn & Căn hộ Pegasus (Pegasus Hotel & Apartment),Đà Nẵng,So 35/43 Duong Dinh Nghe (Thua dat so 179,to ban do so 26)
4998337,Orchidees Hotel,Đà Nẵng,09 Dương Đình Nghệ; P. Phước Mỹ; Q. Ngũ Hành Sơn; TP. Đà Nẵng,Phước Mỹ
68400251,Căn Hộ Đà nẵng FB - Ngay Biển Mỹ Khê (Can Ho Đa nang FB - Ngay Bien My Khe),Đà Nẵng,Đường Võ Nguyên Giáp,Phước Trường 1
66074995,"Biệt thự m² 2 phòng ngủ, 2 phòng tắm riêng ở An Hải Bắc (Beachfront Apartment My Khe 2 Bedrooms)",Đà Nẵng,Phước Mỹ,Đà Nẵng
5956356,Emblem Sea 4 Bedroom Villas,Đà Nẵng,Hòa Hải,Đà Nẵng
52528551,Biệt thự The Ocean Đà Nẵng (The Ocean Villa Da Nang),Đà Nẵng,Trường Sa,Hòa Hải
65647552,Khách sạn Phương Anh 7 Đà Nẵng (Phuong Anh 7 Hotel Da Nang),Đà Nẵng,30 -32 Nam Trân,Hoà Minh
4950509,Khách sạn Rose (Rose Hotel),Đà Nẵng,1089 Nguyễn Tất Thành,Xuân Hà
5481632,"Chung cư 150 m² 2 phòng ngủ, 2 phòng tắm riêng ở Hòa Hải (CITILUX Beachfront 2 bedroom flat in 5 star resort)",Đà Nẵng,Hòa Hải,Đà Nẵng
10690962,Khu nghỉ dưỡng The Ocean - Pool Villas With Garden View (The Ocean Resort - Pool Villas With Garden View),Đà Nẵng,Truong Sa street,The Ocean Villa Resort
49648459,Khu nghỉ dưỡng biệt thự Purama Đà Nẵng (Purama Resort Villa Da Nang),Đà Nẵng,107 Võ Nguyên Giáp,St
255225,Khách sạn Phương Đông - Orient Đà Nẵng (Phuong Dong - Orient Hotel Da Nang),Đà Nẵng,97 Phan Chu Trinh,Hải Châu
15849894,MyDungmotel,Đà Nẵng,Phú Xuân 3 03,Hòa Minh
32766640,"Căn hộ 80 m² 2 phòng ngủ, 2 phòng tắm riêng ở Phước Mỹ (Beach Front - Deluxe Apartment in Sheraton)",Đà Nẵng,Phước Mỹ,Đà Nẵng
45151650,Nest House Homestay,Đà Nẵng,101 Bà Huyện Thanh Quan,Phường Mỹ An
2233721,IDC White House Danang,Đà Nẵng,Đường Trường Sa,Phường Hòa Hải
545154,Kara Beachside Guesthouse,Đà Nẵng,354 Võ Nguyên Gíap,Quận Ngũ Hành Sơn
14496642,F.Home Modern & Art 3BR Near My Khe Beach,Đà Nẵng,Phước Mỹ,Đà Nẵng
63199167,"Nhà riêng 300 m² 5 phòng ngủ, 7 phòng tắm riêng ở An Hải Bắc (Biệt thự hồ bơi trung tâm biển Da Nang)",Đà Nẵng,Phước Mỹ,Đà Nẵng
39920822,Rivera Suites,Đà Nẵng,No. 60,Vo Van Kiet
49686997,"Căn hộ 300 m² 5 phòng ngủ, 5 phòng tắm riêng ở Phước Mỹ (Modern & Charming Penthouse Apt* 5BRs in Center)",Đà Nẵng,Hải Châu,Đà Nẵng
78456090,Full House,Đà Nẵng,308 Lưu Văn Lang,Hòa Hải
41592214,Homie Hava Homestay,Đà Nẵng,Lăng Cô - Huế,Lăng Cô
78726280,HT Villa Đà Nẵng by Hometown (Hometown Bamboo Villa Da Nang),Đà Nẵng,13 Ng Cao L ng,Thọ Quang
2653836,Khách sạn & Căn hộ Annie Đà Nẵng (Annie Danang Hotel & Apartment),Đà Nẵng,191-193 Thanh Thuy St.,Thanh Binh
38462721,Motel Minh Thảo (Motel Minh Thao),Đà Nẵng,Trương Định,Phước Mỹ
47850971,Luxury Apartment Ocean View Free Pool,Đà Nẵng,120 Võ Nguyên Giáp,Phước Mỹ
51235229,Khách sạn & Căn hộ Amis - cách bãi biển Mỹ Khê 50m (Amis Hotel & Apartment - 50m to My Khe Beach),Đà Nẵng,216 Trần Bạch Đằng,Phường Mỹ An
71008764,Khách sạn Queen (Queen Hotel),Đà Nẵng,Dũng Sĩ Điện Ngọc,Điện Ngọc
73318393,Purama Villas Đà Nẵng (Purama Villas Danang),Đà Nẵng,107 V Nguy n Gi p,Hòa Hải
32720232,Khách sạn Sơn Trà Green (Sơn Trà Green Hotel),Đà Nẵng,116 Nguyễn Huy Chương,Phước Mỹ
64324170,Sun hotel,Đà Nẵng,08 Phạm Kiệt,Hòa Hải
2627359,Babylon Garden Đà Nẵng (Babylon Garden Da Nang),Đà Nẵng,30/2 Ha Bong,Phuoc My
72816826,Villa Đà nẵng Lavender Luxury (Villa Đa nang Lavender Luxury),Đà Nẵng,Đường Nguyễn Tuấn Thiện,Đường Nước Mặn
67292846,Biệt thự và Khu nghỉ dưỡng Dreamy Beach (Dreamy Beach Villas And Resort),Đà Nẵng,The Ocean Villa,Truong Sa Street
71446663,N&N Modern House-3BRs-Mini Golf-Bida-5mins walk to My Khe Beach,Đà Nẵng,Phước Mỹ,Đà Nẵng
36953351,Mường Thanh Grand Seaview Đà Nẵng Apartment (Muong Thanh Grand Seaview Đa Nang Apartment),Đà Nẵng,51 Trần Bạch Đằng,Phước Mỹ
33945010,Căn hộ H&H (H&H Apartment),Đà Nẵng,97 Dinh Dat,Phuoc My
65721797,"Biệt thự 250 m² 6 phòng ngủ, 6 phòng tắm riêng ở An Hải Bắc (Korea Town Villa 6 Bedrooms Near My Khe Beach)",Đà Nẵng,An Hải Bắc,Đà Nẵng
72812856,Villa Đà Nẵng LN View (Villa Đa Nang LN View),Đà Nẵng,Đường Nguyễn Đình Thi,Đường Đa Phước
45887499,"Biệt thự 350 m² 3 phòng ngủ, 3 phòng tắm riêng ở Hòa Hải (Vila Hya.....tt Regencyy)",Đà Nẵng,Hòa Hải,Đà Nẵng
36867255,MD Tropical Sea Apartment,Đà Nẵng,51 Trần Bạch Đằng,Phước Mỹ
2646633,Khách sạn Blue Summer (Blue Summer Hotel),Đà Nẵng,35 Tôn Thất Đạm,Xuân Hà
69926045,Anthome at Muong Thanh Apartments,Đà Nẵng,51 Trần Bạch Đằng,Bắc Mỹ An
13361127,OYO 962 Nhà Nghỉ Tulip (OYO 962 Tulip Motel),Đà Nẵng,192/64 To Hieu,Hoa Minh Ward
70926469,Căn hộ Sea and Sun (Sea and Sun Apartments),Đà Nẵng,88 Vo Nguyen Giap,Man Thai
4915233,Toan Thang Hotel,Đà Nẵng,172-174 Nguyen Van Thoai,Phước Mỹ
1332521,An Binh Tai Hotel,Đà Nẵng,92 Tran Thanh Mai,Son Tra
34146478,Khách sạn The Gold Summer (The Gold Summer Hotel),Đà Nẵng,47 Phước Trường 11,Gold Summer 2
68570201,Nhà nghỉ Việt Thương (Việt Thương Motel),Đà Nẵng,Th n ph sơn 1,x h a khương
51523503,Kidona's House,Đà Nẵng,1 Phan Bội Châu,Hải Châu
545929,Khách sạn Đại Long (Dai Long Hotel Da Nang),Đà Nẵng,190-192-194 Ha Huy Tap,phuong Hoa Khe
46737711,Romantic APT with SeaView - Beachfont,Đà Nẵng,200 Võ Nguyên Giáp,Phước Mỹ
28139109,Vevy House,Đà Nẵng,k16/15 Hung Vuong St,Hai Chau
60814028,Riverside Suites,Đà Nẵng,16 Lý Thường Kiệt,Hải Châu
42073839,Nhà khách Gia Huy (Gia Huy Guesthouse),Đà Nẵng,1203 Nguyễn Tất Thành,Thanh Khê Đông
16346983,Nhà nghỉ My Little Pig (My Little Pig Home),Đà Nẵng,04 An Nhơn 1,Da Nang
44883289,Khách sạn Carinae Đà Nẵng (Carinae Danang Hotel),Đà Nẵng,Trường Sa,Hòa Hải
51214382,Nhà nghỉ Biển Xanh (Nha nghi Bien Xanh),Đà Nẵng,Thôn Cảnh Dương,xã Lộc Vĩnh
59054207,Khách sạn Phú Mỹ Thành (Phú Mỹ Thành Hotel),Đà Nẵng,Phu My Thanh Hotel,No. 419
31432641,"Căn hộ 250 m² 6 phòng ngủ, 6 phòng tắm riêng ở Hải Châu (AIRPORT HOMESTAY)",Đà Nẵng,Hải Châu,Đà Nẵng
22236203,Biệt thự sang trọng - Khu nghỉ dưỡng The Ocean Đà Nẵng (Luxury Villas - The Ocean Resort Da Nang),Đà Nẵng,Truong Sa,Hoa Hai
8620793,"Nhà mặt đất 220 m² 3 phòng ngủ, 4 phòng tắm riêng ở Xuân Hà (C33 Oc House)",Đà Nẵng,Xuân Hà,Đà Nẵng
31734434,Homestay Da Nang Full House,Đà Nẵng,39 Tôn Đức Thắng,Hòa Minh
10298907,Căn Hộ Olga - Đà Nẵng Việt Nam (Olga Apartment - Danang Vietnam),Đà Nẵng,68 Nguyen Chi Thanh Street,Hai Chau Dist
56709014,ZORO HOME Deluxe Stunning-View Condominium Danang Center,Đà Nẵng,72 Hàm Nghi,Hải Châu
6748495,Khang Homestay,Đà Nẵng,152/4 Trung Nu Vuong,Hải Châu
2232508,Motel Tuan Phuong,Đà Nẵng,1755 Nguyen Tat Thanh,Thanh Khe
51662396,Khách sạn Smeraldo (Smeraldo Hotel),Đà Nẵng,54 Đinh Đạt,Phước Mỹ
6944390,"Chung cư 70 m² 2 phòng ngủ, 2 phòng tắm riêng ở Phước Mỹ (SEA HOME MY KHE BEACH *****MY KHE BEACH DA NANG)",Đà Nẵng,51 Tran Bach Dang,Ngu Hanh Son
55641200,Biệt thự hồ bơi One River Đà Nẵng (One River Pool Villas Da Nang),Đà Nẵng,One River Villas,Song Hao
64221226,"Căn hộ 120 m² 3 phòng ngủ, 2 phòng tắm riêng ở An Hải Bắc (3- Bedrom Monarchy apartment Da Nang)",Đà Nẵng,Phước Mỹ,Đà Nẵng
59347393,Luxurious apartment facing My Khe beach with 2 large beds FP,Đà Nẵng,Phước Mỹ,Đà Nẵng
73993942,Bunk Beach Hostel (Bunk Beach Hostel ),Đà Nẵng,K227/76 Nguyễn Văn Thoại,Hòa Vang
60995785,"Biệt thự 373 m² 3 phòng ngủ, 3 phòng tắm riêng ở Hòa Hải (Elegant Retreat 3 bedroom Ocean Villas)",Đà Nẵng,Hòa Hải,Đà Nẵng
3719934,Emblem Sea 3 bedroom villas,Đà Nẵng,The Ocean Villas,Truong Sa
33492231,Khách sạn Pearl Sea (Pearl Sea Hotel),Đà Nẵng,55-57 Loseby,An Hải Bắc
60505162,ChamEco House Đà Nẵng ([NewOpen]ChamEco House Danang/3min to DragonBridge),Đà Nẵng,Hải Châu,Đà Nẵng
5908605,My Khe Beach Apartment Sea View,Đà Nẵng,Phước Mỹ,Đà Nẵng
10655416,Khách sạn Honey (Honey Hotel),Đà Nẵng,1064 Ngo Quyen,An Hai Tay
255299,Khách Sạn & Căn Hộ Sunny Beach (Sunny Beach Hotel & Apartment),Đà Nẵng,269-271-273 Dương Đình Nghệ,Quận Sơn Trà
77346534,Căn hộ & Khách sạn COCO villa 6 (COCO villa 6 Apartment & Hotel),Đà Nẵng,53a Lương Thế Vinh,Phước Mỹ
22590057,"Nhà riêng 90 m² 1 phòng ngủ, 1 phòng tắm riêng ở Hòa Hải (Lac Lac Booking|One bedroom Garden Front in Resort)",Đà Nẵng,Hòa Hải,Đà Nẵng
33500482,Căn hộ Đức Hạnh (Duc Hanh Apartment),Đà Nẵng,K19A/29 Ha Huy Tap Street,Hải Châu
62970462,"Căn hộ 40 m² 1 phòng ngủ, 1 phòng tắm riêng ở An Hải Bắc (May House Building, Room 202, 1 Bedroom Apartemnt)",Đà Nẵng,Hải Châu,Đà Nẵng
76786853,"Nhà riêng m² 1 phòng ngủ, 4 phòng tắm riêng ở An Hải Bắc (Lagom Boutique - Private House in Central DaNang)",Đà Nẵng,Hải Châu,Đà Nẵng
2601989,Biệt thự nghỉ dưỡng Ocean (Ocean Retreats Villas),Đà Nẵng,Trường Sa,Hòa Hải
6382552,Apartments Sea View,Đà Nẵng,51 Trần Bạch Đằng Muong Thanh Luxury,Phước Mỹ
36907133,Haphan Hostel & Apartment (Haphan Hostel & Apartment ),Đà Nẵng,96 Mai Hắc Đế,Phước Mỹ
5943606,Bac Nam Hotel,Đà Nẵng,36 Trần Bạch Đằng_ P. Phước Mỹ_ Q. Sơn Trà_ TP Đà Nẵng,Phước Mỹ
55897506,"Căn hộ 100 m² 1 phòng ngủ, 1 phòng tắm riêng ở Điện Dương (Khách sạn căn hộ ngoại ô Phương Nam 2)",Đà Nẵng,Hòa Hải,Đà Nẵng
75822938,"Nhà riêng 30 m² 1 phòng ngủ, 1 phòng tắm riêng ở Hòa Hải (Studio villa in FPT urban area)",Đà Nẵng,Hòa Hải,Đà Nẵng
78731889,Dao House Da Nang - Near My Khe Beach,Đà Nẵng,37/15 An Hải Đông 1,Phước Mỹ
63096477,Khách sạn & Căn hộ Dana Boutique (Dana Boutique Hotel & Apartment),Đà Nẵng,231 - 233 Chinh Huu,An Hải Bắc
54313497,Mường Thanh Beach Apartment Đà Nẵng (Muong Thanh Beach Apartment Đa Nang),Đà Nẵng,51 Trần Bạch Đằng,Phước Mỹ
58351211,Red Diamond Hotel DN - by BAY LUXURY,Đà Nẵng,Lê Quý Đôn,Hải Châu
62516220,HSuites Riverside Hotel and Apartment,Đà Nẵng,7-9 Mai Hắc Đế,Phước Mỹ
77036116,Regal Victoria Villa Luxury BT5-8,Đà Nẵng,Hòa Hải,Đà Nẵng
58282030,"Nhà riêng 250 m² 7 phòng ngủ, 8 phòng tắm riêng ở An Hải Bắc (ML9- Pool Villa - 7Bedrooms)",Đà Nẵng,An Hải Bắc,Đà Nẵng
67459902,BRIO Solviera Apartment,Đà Nẵng,21-23 Khuê Mỹ Đông 14,Hòa Hải
46582631,Loka Home & Yoga,Đà Nẵng,55 Cao Bá Quát,Loka Home & Yoga
3121992,Khách Sạn Trang Ngân Đà Nẵng (Trang Ngan Hotel Da Nang),Đà Nẵng,Số 62 An Thượng 26,Phước Mỹ
76178644,Homestay PHƯỢNG HOÀNG (Homestay PHUONG HOANG),Đà Nẵng,Lộc Bình,huyện Phú Lộc
37663254,THE POINT GOLF RESORT,Đà Nẵng,Trường Sa,The Point Villa
32331552,Andy Home (Andy Home ),Đà Nẵng,An Thượng 4,Phước Mỹ
70213667,Leo Hotel & Apartment,Đà Nẵng,120 Trần Bạch Đằng,Phước Mỹ
53936586,Khách sạn Saluton (Saluton Hotel),Đà Nẵng,262 Nguyen Cong Tru,Da Nang
55811084,Căn Hộ Đà Nẵng - Sát Biển Đà Nẵng Ngay Trung Tâm (Can Ho Đa Nang - Sat Bien Đa Nang Ngay Trung Tam),Đà Nẵng,Võ Nguyên Giáp,Truong Sa
71448049,"Ami Foreign Center Da Nang 6 - Gorgeous View, Cozy, 3 Views, Quiet,Airy, Near Sea, Amenities",Đà Nẵng,Phước Mỹ,Đà Nẵng
11414130,Khách sạn Duy Tùng Đà Nẵng (Duy Tung Hotel Da Nang),Đà Nẵng,90 To Hien Thanh,Phuoc My Ward
64206107,DoCo Apartment Sea View With White Sand,Đà Nẵng,Phước Mỹ,Đà Nẵng
75329228,"Căn hộ 78 m² 2 phòng ngủ, 2 phòng tắm riêng ở Hải Châu (Monarchy apartment 2 bed, Dragon Bridge, Danang)",Đà Nẵng,Phước Mỹ,Đà Nẵng
7316049,M.Y Suites Danang Beach,Đà Nẵng,K35/29 D. Đình Nghệ,Phước Mỹ
4930589,Summer Beach,Đà Nẵng,74 Lê Quang Đạo Ngũ Hành Sơn,Phước Mỹ
38856055,Danang Ocean Resort & Spa Non Nuoc Beach Villas,Đà Nẵng,The Ocean Villas,Truong Sa Street
9109810,"Chung cư 61 m² 2 phòng ngủ, 1 phòng tắm riêng ở Phước Mỹ (Can ho 1226 Chung cu Muong Thanh)",Đà Nẵng,51 Tran Bach Dang,My An
7446954,Biệt thự sạch & yên tĩnh – The Point Resort (Clean & Quite Villa - The Point Resort),Đà Nẵng,Duong Truong Sa Phuong Hoa Hai Quan Ngu Hanh son Thanh Pho Da Nang The Point Resort,Hòa Hải
50210227,Luxury Apartment with Ocean View,Đà Nẵng,120 Võ Nguyên Giáp,Phước Mỹ
47947503,"Căn hộ sang trọng một hoặc hai phòng ngủ tại 120 Võ Nguyên Giáp, bãi biển Mỹ Khê (Luxury One or Two Bedroom at 120 Vo Nguyen Giap, My Khe Beach Da Nang)",Đà Nẵng,120 Võ Nguyên Giáp,Altara Suite
30752424,MD Ocean Apartment,Đà Nẵng,51 Trần Bạch Đằng,Phước Mỹ
64470327,"Căn hộ 110 m² 3 phòng ngủ, 2 phòng tắm riêng ở An Hải Bắc (3-bedrooms Monarchy apartment swing pool Da Nang)",Đà Nẵng,Phước Mỹ,Đà Nẵng
4466326,Da Nang Daisy Apartment,Đà Nẵng,51 Tran Bach Dang,Muong Thanh Luxury Da Nang
10928861,"Biệt thự 400 m² 7 phòng ngủ, 7 phòng tắm riêng ở Phước Mỹ (Two MinWalk to Beach,4 Ensuite BR,Ocean Breeze 1)",Đà Nẵng,Phước Mỹ,Đà Nẵng
9789660,"Chung cư 66 m² 2 phòng ngủ, 2 phòng tắm riêng ở Phước Mỹ (Apartment with sea view)",Đà Nẵng,Phước Mỹ,Đà Nẵng
5727513,KUA CASA APARTMENT,Đà Nẵng,61 Le Tan Toan,An Hải Bắc
77570154,"Nhà riêng m² 1 phòng ngủ, 1 phòng tắm riêng ở An Hải Bắc (Studio Apartment - P403 - Ha Bong)",Đà Nẵng,Phước Mỹ,Đà Nẵng
55849651,Căn hộ Mường Thanh Ocean View (Ocean View Muong Thanh Apartment),Đà Nẵng,No. 357,Tran Bach Dang
36764262,Khách sạn Robin (ROBIN HOTEL),Đắk Nông,Room 23,Robin Hotel
37845361,Laca homestay,Đắk Nông,63 Lê Thị Hồng Gấm,Gia Nghĩa
49410915,EVA Village (EVA VILLAGE),Đắk Nông,Vũ Ngọc Nhạ,Gia Nghĩa
34187919,Tà Đùng May Farm,Đắk Nông,Thôn 4,xã Đắk Som
77278074,Suoi Xanh Garden,Đắk Nông,5 Nghia Trung,Gia Nghĩa
16067151,Khách sạn Hòa Yến (Hoa Yen Hotel),Đắk Nông,157-159 Ton Duc Thang - To 7 - Phuong Nghia Thanh,Gia Nghĩa
64523861,Khu nghỉ dưỡng & Glamping Higg Farm (Higg Farm Resort & Glamping),Đắk Nông,Ward 4,Dak Song District
55948196,Khách sạn Hồng Ngọc 1 Tà Đùng (Hồng Ngọc 1 Hotel Ta Dung),Đắk Nông,Dak Som,Dak Glong District
61395116,Khu nghỉ dưỡng Đắk Nông Lodge (Đắk Nông Lodge Resort),Đắk Nông,Nghia Trung Dak Nong Lodge Resort,Đắk Nông Lodge Resort
35486205,Tà Đùng Topview Homestay,Đắk Nông,No. 3,Thon 3
56055601,Nins Farm Gia Nghĩa Đắk Nông (Nins Farm Gia Nghia Đak Nong),Đắk Nông,Tổ 6 Nghĩa Tân Gia Nghĩa Đắk Nông,Gia Nghĩa
71447676,Relax Home,Đắk Nông,Relax Home,Gia Nghĩa
8828968,Hotel Sai Gon Dak Nong,Đắk Nông,161 ton duc thang nghia thanh gia nghia dak nong,Gia Nghĩa
30970975,Phuong Nam Gia Trang Farmstay,Đắk Nông,Phuong Nam Gia Trang thôn Tân Bình Dak Rmoan,Gia Nghĩa
32352480,MeGarden,Đắk Nông,Quốc lộ 14,Gia Nghĩa
60235849,Khách sạn Đức Lộc Phát (Hotel Duc Loc Phat),Đắk Nông,Thon 6,Dak R Lap
37283697,Ly's homestay,Đắk Nông,82 đinh tiên hoàng tổ 3p nghĩa tân tp gia nghĩa tỉnh dak nông,Gia Nghĩa
6508826,Nhà mặt đất studio 77 m² có 1 phòng tắm riêng ở Gia Nghĩa (MeGarden Valley),Đắk Nông,Gia Nghĩa,Gia Nghĩa (Đắk Nông)
33469400,"Nhà riêng 4000 m² 4 phòng ngủ, 3 phòng tắm riêng ở Gia Nghĩa (Bobby Farm)",Đắk Nông,Gia Nghĩa,Gia Nghĩa (Đắk Nông)
64293510,"m² 1 phòng ngủ, 1 phòng tắm riêng ở Gia Nghĩa (Dory le's house)",Đắk Nông,Gia Nghĩa,Gia Nghĩa (Đắk Nông)
75980221,Casa Rosa Homestay,Đắk Nông,Gia Nghĩa,Gia Nghĩa (Đắk Nông)
71446798,Cozy Hill Retreat,Đắk Nông,Gia Nghĩa,Gia Nghĩa (Đắk Nông)
79825726,Nomia Garden Retreats - Khu nghỉ dưỡng hồ Trị An (Nomia Garden Retreats - Khu nghi duong ho Tri An),Đồng Nai,Ấp bến Nôm,Phú Cường
64064247,Meeto Camping Hồ Trị An (Meeto Camping Ho Tri An),Đồng Nai,Tổ 2 Ấp 6 Mã Đà,Tỉnh Đồng Nai
4656903,Hapyson Hotel,Đồng Nai,52 Pham The Hien,Huyện Long Khánh
45903330,Green Ville Hotel Đồng Nai (Green Ville Hotel Đong Nai),Đồng Nai,Bệnh Viện Dầu Giây,Trung Tâm Hành Chính
69125357,Khu nghỉ dưỡng Vịnh Bốn Mùa - 4 Seasons (Vịnh Bốn Mùa - 4 Seasons Resort ),Đồng Nai,Ấp Mít Nài,La Ngà
39634025,Bến Hồ Homestay (Ben Ho Homestay),Đồng Nai,Ấp Dốc Mơ 3,cuối đường Thánh Tâm
60678075,Hotel Quang Vinh 3,Đồng Nai,Khu phố Lập Thành,Thị trấn Dầu Giây
61341933,Khách sạn D&T (Hotel D&T),Đồng Nai,27 QL1A thị trấn dầu gi y,huyện thống nhất
13577982,SPRING GARDEN HOTEL LK,Đồng Nai,226 Nguyen Trai,Huyện Long Khánh
76893193,Làng gia đình Lumiere Long Khánh (Lumiere Family Village Long Khánh),Đồng Nai,Long Khanh Farm,Hang Gon Ward
28915511,Khách sạn The Sky (The Sky Hotel),Đồng Nai,Lô 1 Đường N5,Khu phố Lập Thành
6760504,Motel Hoang Gia,Đồng Nai,119/3 Thích Quảng Đức,Huyện Long Khánh
46299356,Làng Trường Thọ Farmstay (Lang Truong Tho Farmstay),Đồng Nai,Đường Ấp 4,Ấp Nguyễn Thái Học
16332700,Khách Sạn Today (Khach San Today),Đồng Nai,Quốc lộ 20 91/4 Bạch Lâm,Gia Tân 2
7487954,Quốc Thanh Hotel (Quoc Thanh Hotel),Đồng Nai,Nguyễn Thái Học Đối diện Phố đi bộ,Huyện Long Khánh
64522614,Nha Trang Homestay (Nha Trang Homestay Đồng Nai),Đồng Nai,QL20,Ap Phu Dong
44654029,"Nhà riêng 300 m² 3 phòng ngủ, 4 phòng tắm riêng ở Gia Tân 2 (Family Garden House at Tri An Lake, Đồng Nai)",Đồng Nai,,Bến Nôm 2
13507780,KHÁCH SẠN SPRING GARDEN (SPRING GARDEN HOTEL),Đồng Nai,226 Nguyen Trai,Xuan Hoa
60709408,"Nhà riêng 30 m² 4 phòng ngủ, 4 phòng tắm riêng ở Huyện Long Khánh (An Nhien Garden)",Đồng Nai,Huyện Long Khánh,Huyện Long Khánh
68784005,Meeto Camping,Đồng Nai,Tổ 2 Ấp 6,Mã Đà
60570051,"Căn hộ m² 1 phòng ngủ, 1 phòng tắm riêng ở Ấp Nguyễn Thái Học (Hotel Quang Vinh 3)",Đồng Nai,Thống Nhất,Ấp Nguyễn Thái Học
47861336,Nhà Nghỉ A&Em (Nha Nghi A&Em),Đồng Nai,Đường Đồn Điền,Gia Tân 2
61453578,Nhà Nghỉ Vũ Hoàng (Nha Nghi Vu Hoang),Đồng Nai,Ấp Lộc Lâm,Ấp Lộc Lâm
72816260,Camping Hồ Trị An - Meeto (Camping Ho Tri An - Meeto),Đồng Nai,Tỉnh Đồng Nai,Ðông Nãi
71719283,Homestay Tay,Đồng Nai,Trang Bom,Xã Trảng Bôm
78205317,Lumiere Family Village Long Khánh - Đồi Rìu (Lumiere Family Village Long Khanh - Đoi Riu),Đồng Nai,125A Đường số 11,Quốc lộ 56 - Đồi Rìu
78340350,Nha Nghi A&EM,Đồng Nai,QL20 dinh quan,Ấp Lộc Lâm
44690473,Gạo Farmstay (Gao Farmstay),Đồng Nai,Gia Tân 2,Xã Gia Tân
51347147,"Căn hộ 18 m² 1 phòng ngủ, 1 phòng tắm riêng ở Gia Tân 2 (Nhà nghỉ A&Em)",Đồng Nai,Gia Tân 2,Xã Gia Tân
61453571,Bà Hào Glamping (Ba Hao Glamping),Đồng Nai,ấp 1,vĩnh cửu
63183979,"50 m² 4 phòng ngủ, 1 phòng tắm riêng ở Huyện Long Khánh (Eaglekamp)",Đồng Nai,Huyện Long Khánh,Huyện Long Khánh
60561343,"Căn hộ m² 1 phòng ngủ, 1 phòng tắm riêng ở Ấp Lộc Lâm (Nhà Nghỉ Quốc Hưng)",Đồng Nai,Ấp Lộc Lâm,Ấp Lộc Lâm
47819417,"Căn hộ 150 m² 1 phòng ngủ, 1 phòng tắm riêng ở Gia Tân 2 (Nhà nghỉ A&EM)",Đồng Nai,Gia Tân 2,Xã Gia Tân
50629513,"Căn hộ 18 m² 1 phòng ngủ, 1 phòng tắm riêng ở Gia Tân 2 (Nhà nghỉ A&EM)",Đồng Nai,Gia Tân 2,Xã Gia Tân
51248787,"Căn hộ 30 m² 1 phòng ngủ, 1 phòng tắm riêng ở Gia Tân 2 (Nhà nghỉ A&em)",Đồng Nai,Gia Tân 2,Xã Gia Tân
60709417,An Nhien Garden,Đồng Nai,Số 05,Tổ 30B
79325917,"m² 3 phòng ngủ, 4 phòng tắm riêng ở Tỉnh Đồng Nai (Family Garden House at Tri An Lake, Đồng Nai)",Đồng Nai,Tỉnh Đồng Nai,Ðông Nãi
64715528,"300 m² 2 phòng ngủ, 1 phòng tắm riêng ở Tỉnh Đồng Nai (HomeStay Hoang Anh)",Đồng Nai,Tỉnh Đồng Nai,Ðông Nãi
59286905,"Nhà trệt m² 1 phòng ngủ, 1 phòng tắm riêng ở Huyện Long Khánh (Ghé nhà )",Đồng Nai,Huyện Long Khánh,Huyện Long Khánh
60485332,"Căn hộ m² 1 phòng ngủ, 1 phòng tắm riêng ở Sông Bé (Nghiêng Homestay - Nhà nguyên căn)",Đồng Nai,Sông Bé,Sông Bé
287616,Khách Sạn Chương Dương (Chuong Duong Hotel),Tiền Giang,Số 10,Đường 30 Tháng 4
298371,Khách sạn Sông Tiền Annex (Song Tien Annex Hotel),Long An,33 Thiên Hộ Dương,Mỹ Tho
299449,Khách sạn Sông Tiền (Song Tien Hotel),Tiền Giang,Số 101,đường Trưng Trắc
393956,Khách sạn Trung Lương 2 (Trung Luong Hotel 2),Long An,Quốc lộ 50,
625091,Khu Nghỉ Dưỡng Mỹ Khánh (My Khanh Resort),Hậu Giang,335 Lo Vong Cung,My Khanh
724074,Khách sạn Minh Kiều (Minh Kieu Hotel),Tiền Giang,02,Thủ Khoa Huân
810267,Khách sạn Minh Tài (Minh Tai Hotel),Long An,01 Đường Nguyễn Huệ,Mỹ Tho
1120476,Royal Palace Hotel,Yên Bái,176A,Đường Bình Thuận
1159818,Rang Dong Hotel,Tiền Giang,Bờ Kè Sông Tiền,Phường 6
1160655,Khách sạn Mekong Mỹ Tho (Mekong My Tho Hotel ),Long An,1A Tết Mậu Thân,Phường 4
1178512,Khách sạn MK Two (MK Two Hotel ),Tiền Giang,Số 468 khu phố Mỹ Thạnh,phường Mỹ Phong
1622072,Khách sạn Mường Thanh Grand Tuyên Quang (Muong Thanh Grand Tuyen Quang Hotel),Yên Bái,207 đường Bình Thuận,phường Tân Quang
2550938,Mekong Rustic Cần Thơ (Mekong Rustic Can Tho),Hậu Giang,Nhơn Lộc 1,Nguyen Van Cu nối dài street
2736984,Happy Farm Tien Giang Homestay,Long An,35 Bo Xe Hamlet,Thanh Phu Commune
5161316,Khách sạn Cửu Long (Cuu Long Hotel My Tho),Long An,81-83 Đường 30/4,Phường 1
9357768,Thanh Bình Hostel (Thanh Binh Hostel),Cần Thơ,C1,Khu vực Yên Hạ
9401533,Bình Minh EcoLodge (Binh Minh Eco Lodge),Cần Thơ,My Hoa Hamlet,Binh Minh Town
9754877,MEKONG DANIEL HOMESTAY CAN THO,Hậu Giang,AP NHON KHANH,XA NHON NGHIA
10776614,Pài Bjooc homestay (Pai Bjooc homestay),Tuyên Quang,Xã Thái Bình,huyện Yên Sơn
12782164,"Bungalow 72 m² 2 phòng ngủ, 2 phòng tắm riêng ở Ấp Nhơn Lộc (Mekong Daniel Resort(Family Bungalow))",Cần Thơ,Phong Điền,Cần Thơ
13429241,Khách sạn và Quán cà phê TK (TK Hotel and Coffee),Vĩnh Long,Block A11-54,Hoang Hac St.
14695806,Ecolodge Cần Thơ (Can Tho Ecolodge),Hậu Giang,542,Area No.3
15919314,"Bungalow 120 m² 4 phòng ngủ, 4 phòng tắm riêng ở Mỹ Tho (VIP ROOM)",Tiền Giang,Mỹ Tho,Mỹ Tho (Tiền Giang)
22231631,โรงแรมฮั่นฟาด 9 - Hostel Hạnh Phát 9 (โรงแรมฮั่นฟาด 9 - Hostel Hanh Phat 9),Hậu Giang,167-203,ĐT923
28232285,Island Homestay,Long An,18 le chan,Mỹ Tho
29531114,Khu nghỉ dưỡng Mekong Silt Ecolodge (Mekong Silt Ecolodge),Cần Thơ,My Khanh commune,Phong Dien District
32197928,Flower Boutique Lodge (Flower Boutique Lodge ),Cần Thơ,RẠCH MƯƠNG ĐÌNH; ẤP NHƠN PHÚ 1,Nhơn Phú
32355557,Khách sạn Lạc Hồng Mỹ Tho (Khách Sạn Lạc Hồng Mỹ Tho ),Tiền Giang,67 Đường 30/4,Phường 1
32991276,Khu nghỉ dưỡng sinh thái Cantho (Cantho Eco Resort),Cần Thơ,Cantho Eco Resort,Phong Điền
33593281,Khách Sạn Lạc Hồng Mỹ Tho - Lac Hong My Tho Hotel (Khach San Lac Hong My Tho - Lac Hong My Tho Hotel),Long An,69 Đường 30/4,Phường 1
35866068,Mekong Daniel Bungalow,Cần Thơ,QL 61C Cai Rang,Can Tho
35899523,Vamxang Rustic Home,Hậu Giang,002 Nhon Loc 1 Hamlet,Phong Dien District
37355681,Coco Island,Bến Tre,Khu du lịch Cồn Phụng,Coco Island
37391790,"Căn hộ 200 m² 7 phòng ngủ, 7 phòng tắm riêng ở Tuyên Quang (Nhà nghỉ Tuấn Anh (Tuan Anh Hostel))",Tuyên Quang,Tuyên Quang,Tuyên Quang
37648014,Khu nghỉ dưỡng sinh thái Cần Thơ (Cantho Eco Resort),Hậu Giang,Km7+,61C National Highway
38107966,"Căn hộ 500 m² 15 phòng ngủ, 15 phòng tắm riêng ở Khu du lịch Phù Sa Cồn Ấu (Nhà nghỉ Thanh Xuân 2)",Vĩnh Long,Khu du lịch Phù Sa Cồn Ấu,Cần Thơ
38109880,"Căn hộ 500 m² 15 phòng ngủ, 15 phòng tắm riêng ở Khu du lịch Phù Sa Cồn Ấu (Nhà nghỉ Hồng Nhung)",Cần Thơ,Khu du lịch Phù Sa Cồn Ấu,Cần Thơ
38597294,"Căn hộ 150 m² 5 phòng ngủ, 5 phòng tắm riêng ở Ấp Nhơn Lộc (Nhà nghỉ Anh Tuấn)",Cần Thơ,Phong Điền,Cần Thơ
40356842,Gò Chanh Homestay (Go Chanh Homestay),Hậu Giang,Đường tỉnh 925,Cái Răng
41163611,Anh Anh Luxury Hotel,Tuyên Quang,15 Nguyễn Văn Linh,Tuyên Quang
42018029,"Căn hộ 2000 m² 16 phòng ngủ, 16 phòng tắm riêng ở Tuyên Quang (Green Tung Duong House)",Tuyên Quang,Tuyên Quang,Tuyên Quang
43169421,Hotel Hồng Cẩm (Hotel Hong Cam),Long An,7 Nguyễn Thị Thập,Mỹ Tho
45032802,Homestay Songngu Pisces,Cần Thơ,So 113,My Loc
45142363,An Homestay Tuyên Quang (An Homestay Tuyen Quang),Yên Bái,Số nhà 27 - Đường Bình Thuận - Tp Tuyên Quang,Tuyên Quang
46617758,ISLAND HOMESTAY TIỀN GIANG (ISLAND HOMESTAY TIEN GIANG),Long An,18 Lê Chân,Mỹ Tho
46815516,Khách sạn Chương Dương (CHUONG DUONG HOTEL),Tiền Giang,No. 10 Street 30/4,Ward My Tho
47564699,"Nhà riêng 100 m² 3 phòng ngủ, 3 phòng tắm riêng ở Mỹ Tho (TLH/ Nhà nguyên căn 3PN đầy đủ tiện nghi)",Long An,Mỹ Tho,Mỹ Tho (Tiền Giang)
49699457,Cóc Retreat Mỹ Tho City (Coc Retreat My Tho City),Tiền Giang,T. 3 Thiện,Thửa 292
51975308,Khách sạn Mai Lan Mini (Mai Lan Mini Hotel),Hậu Giang,No. 418B,Huynh Thi No Street
55811320,Ánh Dương Motel (Anh Duong Motel),Bình Phước,ÄT750,Bến Cát
55963132,Na Tuệ An-Homestay 81 Võ Văn Kiệt (Na Tue An-Homestay 81 Vo Van Kiet),Tuyên Quang,Tuyên Quang,Tuyên Quang
56231168,"Nhà riêng 60 m² 1 phòng ngủ, 1 phòng tắm riêng ở Mỹ Tho (""TLH"" Premium Riverside Suite 01 overlooking river)",Tiền Giang,Mỹ Tho,Mỹ Tho (Tiền Giang)
56231226,"Căn hộ 60 m² 1 phòng ngủ, 1 phòng tắm riêng ở Mỹ Tho (Căn hộ đầy đủ tiện nghi cạnh bờ kè sông Mỹ Tho)",Long An,Mỹ Tho,Mỹ Tho (Tiền Giang)
56383484,MekongEcoHome,Hậu Giang,08A Đường Phạm Hùng,Cái Răng
59351250,M-Homey! Mini Resort,Tiền Giang,Mỹ Tho,Mỹ Tho (Tiền Giang)
60747804,Peach Peach Home,Long An,Mỹ Tho,Mỹ Tho (Tiền Giang)
60766710,"Nhà trệt 31 m² 1 phòng ngủ, 1 phòng tắm riêng ở Tân Thạch (S'Bungalow Bến Tre)",Bến Tre,Tân Thạch,Bến Tre
60812230,"Khu nghỉ dưỡng Cồn Phụng Mekong - Thiên nhiên, đưa đón thuyền & câu cá miễn phí (Cồn Phụng Resort Mekong - Nature Escape with Free Boat Shuttle & Fishing)",Bến Tre,Unnamed,Tân Thạch
61278973,Onsen Cóc Retreat (Onsen Coc Retreat),Tiền Giang,Đường Ba Thiện,Mỹ Tho
61615461,Khách sạn Central Plaza - Mỹ Tho (CENTRAL PLAZA HOTEL - MY THO),Long An,15b - 19 Ba Mươi Th ng Tư,Mỹ Tho
63294831,"Căn hộ 140 m² 2 phòng ngủ, 1 phòng tắm riêng ở Cái Răng (1988 Homestay Cần Thơ)",Hậu Giang,Cái Răng,Cần Thơ
64899794,Khách sạn Siri 2 (Siri 2 Hotel ),Tiền Giang,No. 7/15,Nguyen Huu Tri
66747312,68b hùng Vương (68b hung Vuong),Long An,Mỹ Tho,Mỹ Tho (Tiền Giang)
67097550,Bách Thảo Ngân,Yên Bái,465 Đ. Lê Duẩn,tổ 1
67395497,Bách Thảo Ngân Hotel Resort (Bach Thao Ngan Hotel Resort),Yên Bái,Việt Nam,Tuyên Quang
69988509,Khách sạn Lam Phương Luxury (Hotel Lam Phuong Luxury),Long An,,Phường 10
70922994,Khách sạn Bamboo Riverside Boutique (Bamboo Riverside Boutique Hotel),Bến Tre,567 Tan An Thượng,Tân Thạch
71170895,Khu nghỉ dưỡng sinh thái Phi Yến Cần Thơ (Phi Yen Eco Resort Can Tho),Cần Thơ,090 ĐT923,Ấp Nhơn Lộc 1; Thị trấn Phong Điền
73610815,"Nhà riêng 120 m² 3 phòng ngủ, 3 phòng tắm riêng ở Mỹ Tho (The Little House Lê Văn Phẩm)",Tiền Giang,Mỹ Tho,Mỹ Tho (Tiền Giang)
74228293,Trung Lương homestay (TRUNG LUONG HOMESTAY),Long An,199/3 Tết Mậu Th n,Phường 4
76933401,Bến Tre Homestay,Bến Tre,ap 6b,xa an khanh
78200408,Khách sạn Long Sơn (LONG SƠN HOTEL),Tiền Giang,Ap Thoi Thanh,xa Thoi Son
78326351,Bình Minh hotel,Cần Thơ,DUONG NGUYEN THI MINH KHAI,KV3
78341954,Phi Yen Eco Resort,Cần Thơ,090 ÐT923 Nhon Loc 1 Hamlet,Phong Điền
78347143,Hotel Lam Phuong Luxury,Tiền Giang,p10,ap long tuong
79827089,Nhà Nghỉ Quỳnh Thoa (Nha Nghi Quynh Thoa),Tiền Giang,273 Lê Văn Phẩm 4 tầng,Mỹ Tho
80540139,"Nhà riêng m² 1 phòng ngủ, 1 phòng tắm riêng ở Mỹ Tho (Chloe's Room)",Tiền Giang,Mỹ Tho,Mỹ Tho (Tiền Giang)
80540140,"Nhà riêng m² 1 phòng ngủ, 1 phòng tắm riêng ở Mỹ Tho (CELINE's LOFT)",Long An,Mỹ Tho,Mỹ Tho (Tiền Giang)
80986701,Khách sạn Thu Trang (Hotel Thu Trang),Yên Bái,ngõ 63 Đ. Phạm Hùng,Lưỡng Vượng
81051270,Hotel Thu Trang,Yên Bái,Hotel thu trang số 11 ngõ 63 đường phạm hùng phường an tường thanh phố tuyên quang,Tuyên Quang
